v -0.26698657870292664 0.20685303211212158 0.1518162488937378
v -0.2439451515674591 0.2116512954235077 0.1761963963508606
v -0.2496236264705658 0.2418777346611023 0.14877234399318695
v -0.2651933431625366 0.23857997357845306 0.11220410466194153
v -0.27207955718040466 0.16710983216762543 0.18228836357593536
v -0.26908066868782043 0.20535458624362946 0.14694227278232574
v 0.24990561604499817 0.2418777346611023 0.14877234399318695
v 0.24422511458396912 0.2116512954235077 0.1761963963508606
v 0.267268568277359 0.20685303211212158 0.1518162488937378
v 0.26547330617904663 0.23857997357845306 0.11220410466194153
v 0.2714526951313019 0.16710983216762543 0.18228836357593536
v 0.26936063170433044 0.20535458624362946 0.14694227278232574
v -0.2283754199743271 0.24636682868003845 0.15486431121826172
v -0.25830918550491333 0.27869153022766113 0.042119842022657394
v 0.22865742444992065 0.24636682868003845 0.15486431121826172
v 0.25858914852142334 0.27869153022766113 0.042119842022657394
v -0.23735372722148895 0.2071559876203537 0.17466934025287628
v -0.22269490361213684 0.23289944231510162 0.1518162488937378
v -0.2529214024543762 0.17602871358394623 0.19447846710681915
v -0.24723677337169647 0.16824589669704437 0.19204047322273254
v 0.23763571679592133 0.2071559876203537 0.17466934025287628
v 0.22207008302211761 0.23289944231510162 0.1518162488937378
v 0.253203421831131 0.17602871358394623 0.19447846710681915
v 0.24661195278167725 0.16824589669704437 0.19204047322273254
v -0.19156157970428467 0.2541477084159851 0.13505719602108002
v -0.1969575583934784 0.2664196193218231 0.13353417813777924
v -0.2418428361415863 0.28108248114585876 0.042119842022657394
v 0.19184358417987823 0.2541477084159851 0.13505719602108002
v 0.19633272290229797 0.2664196193218231 0.13353417813777924
v 0.2421227991580963 0.28108248114585876 0.042119842022657394
v -0.14667218923568726 0.275397926568985 0.13810519874095917
v 0.14604736864566803 0.275397926568985 0.13810519874095917
v -0.14667218923568726 0.29006078839302063 0.13658224046230316
v -0.14667218923568726 0.3167049288749695 0.042119842022657394
v 0.14604736864566803 0.29006078839302063 0.13658224046230316
v 0.14604736864566803 0.3167049288749695 0.042119842022657394
v -0.0003134429280180484 0.28437620401382446 0.13505719602108002
v -0.0003134429280180484 0.2966460585594177 0.13353417813777924
v -0.0003134429280180484 0.3289749026298523 0.042119842022657394
v -0.23496687412261963 0.30233073234558105 -0.06148456409573555
v -0.2496236264705658 0.29005664587020874 -0.06148456409573555
v -0.26908066868782043 0.2541477084159851 0.042119842022657394
v 0.2343420535326004 0.30233073234558105 -0.06148456409573555
v 0.24990561604499817 0.29005664587020874 -0.06148456409573555
v 0.26936063170433044 0.2541477084159851 0.042119842022657394
v -0.23735372722148895 0.29784154891967773 -0.22602304816246033
v -0.2529214024543762 0.28766775131225586 -0.22602304816246033
v -0.272372305393219 0.2664196193218231 -0.06148456409573555
v 0.23763571679592133 0.29784154891967773 -0.22602304816246033
v 0.253203421831131 0.28766775131225586 -0.22602304816246033
v 0.27265429496765137 0.2664196193218231 -0.06148456409573555
v -0.2316732108592987 0.28437620401382446 -0.3753315806388855
v -0.24514062702655792 0.2765892446041107 -0.3753315806388855
v -0.2774653136730194 0.2682168483734131 -0.22602304816246033
v 0.23195521533489227 0.28437620401382446 -0.3753315806388855
v 0.24542059004306793 0.2765892446041107 -0.3753315806388855
v 0.2777452766895294 0.2682168483734131 -0.22602304816246033
v -0.23496687412261963 0.25085189938545227 -0.5063580274581909
v -0.24843430519104004 0.24306906759738922 -0.5063580274581909
v -0.2753671109676361 0.25085189938545227 -0.3753315806388855
v 0.2343420535326004 0.25085189938545227 -0.5063580274581909
v 0.24871426820755005 0.24306906759738922 -0.5063580274581909
v 0.2756470739841461 0.25085189938545227 -0.3753315806388855
v -0.2283754199743271 0.19278983771800995 -0.6312925815582275
v -0.2418428361415863 0.1826161891222 -0.62672358751297
v -0.2744663953781128 0.21403810381889343 -0.5063580274581909
v 0.22865742444992065 0.19278983771800995 -0.6312925815582275
v 0.2421227991580963 0.1826161891222 -0.62672358751297
v 0.2747463583946228 0.21403810381889343 -0.5063580274581909
v -0.2283754199743271 0.12574338912963867 -0.6739547848701477
v -0.26878589391708374 0.11108662188053131 -0.6678566932678223
v -0.27207955718040466 0.14489950239658356 -0.6160606145858765
v 0.22865742444992065 0.12574338912963867 -0.6739547848701477
v 0.26906585693359375 0.11108662188053131 -0.6678566932678223
v 0.2714526951313019 0.14489950239658356 -0.6160606145858765
v -0.2116163671016693 0.1323348879814148 -0.680046796798706
v -0.22508174180984497 0.028173640370368958 -0.7635390758514404
v -0.25860193371772766 0.07756242156028748 -0.7044269442558289
v 0.21189633011817932 0.1323348879814148 -0.680046796798706
v 0.22536374628543854 0.028173640370368958 -0.7635390758514404
v 0.25888392329216003 0.07756242156028748 -0.7044269442558289
v -0.20712721347808838 0.2083534151315689 -0.6328155398368835
v 0.2074071764945984 0.2083534151315689 -0.6328155398368835
v -0.20263805985450745 0.13801543414592743 -0.6830947995185852
v -0.20712721347808838 0.03745075315237045 -0.7684131264686584
v 0.20291802287101746 0.13801543414592743 -0.6830947995185852
v 0.2074071764945984 0.03745075315237045 -0.7684131264686584
v -0.19485527276992798 0.1278456747531891 -0.6891888380050659
v -0.18917064368724823 0.10659344494342804 -0.7074708342552185
v -0.19485527276992798 0.10000603646039963 -0.7150899171829224
v -0.19934439659118652 0.20505981147289276 -0.6343364715576172
v 0.19513726234436035 0.1278456747531891 -0.6891888380050659
v 0.188545823097229 0.10659344494342804 -0.7074708342552185
v 0.19513726234436035 0.10000603646039963 -0.7150899171829224
v 0.1996264010667801 0.20505981147289276 -0.6343364715576172
v -0.19156157970428467 0.2230164110660553 -0.614533543586731
v -0.18917064368724823 0.2185271978378296 -0.62215256690979
v 0.19184358417987823 0.2230164110660553 -0.614533543586731
v 0.188545823097229 0.2185271978378296 -0.62215256690979
v -0.1344022899866104 0.24755828082561493 -0.6069144606590271
v -0.1344022899866104 0.24517135322093964 -0.614533543586731
v 0.13377745449543 0.24755828082561493 -0.6069144606590271
v 0.13377745449543 0.24517135322093964 -0.614533543586731
v -0.0003134429280180484 0.2565365731716156 -0.6069144606590271
v -0.0003134429280180484 0.24966056644916534 -0.614533543586731
v -0.1646287739276886 0.10778886079788208 -0.727277934551239
v -0.16792243719100952 0.10329970717430115 -0.7409909963607788
v 0.16490872204303741 0.10778886079788208 -0.727277934551239
v 0.1672976166009903 0.10329970717430115 -0.7409909963607788
v -0.15803733468055725 0.33346399664878845 -0.06148456409573555
v 0.15831932425498962 0.33346399664878845 -0.06148456409573555
v -0.14667218923568726 0.2888652980327606 -0.5063580274581909
v 0.14604736864566803 0.2888652980327606 -0.5063580274581909
v -0.0003134429280180484 0.30113527178764343 -0.5063580274581909
v -0.12781085073947906 0.11796264350414276 -0.7394680380821228
v -0.12781085073947906 0.11227801442146301 -0.7516580820083618
v -0.14667218923568726 0.06768134236335754 -0.7927911877632141
v 0.12809284031391144 0.11796264350414276 -0.7394680380821228
v 0.12809284031391144 0.11227801442146301 -0.7516580820083618
v 0.14604736864566803 0.06768134236335754 -0.7927911877632141
v -0.0003134429280180484 0.1278456747531891 -0.754702091217041
v -0.0003134429280180484 0.11557576805353165 -0.76689213514328
v -0.07663502544164658 0.08295220881700516 -0.79888516664505
v 0.0769149661064148 0.08295220881700516 -0.79888516664505
v -0.0003134429280180484 0.0865386500954628 -0.8013253211975098
v -0.15803733468055725 0.33585092425346375 -0.22602304816246033
v 0.15831932425498962 0.33585092425346375 -0.22602304816246033
v -0.15803733468055725 0.32238340377807617 -0.3753315806388855
v 0.15831932425498962 0.32238340377807617 -0.3753315806388855
v -0.0003134429280180484 0.3424382507801056 -0.06148456409573555
v -0.0003134429280180484 0.346931517124176 -0.22602304816246033
v -0.0003134429280180484 0.33585092425346375 -0.3753315806388855
v -0.2618996798992157 0.11108662188053131 0.22336417436599731
v 0.26218166947364807 0.11108662188053131 0.22336417436599731
v -0.27662602066993713 0.10695575922727585 0.2204369157552719
v -0.2864415645599365 0.10449519008398056 0.21275846660137177
v -0.2776413559913635 0.16226251423358917 0.1838134080171585
v 0.2760012149810791 0.10695575922727585 0.2204369157552719
v 0.2867235541343689 0.10449519008398056 0.21275846660137177
v 0.27792131900787354 0.16226251423358917 0.1838134080171585
v -0.27087387442588806 0.09551689028739929 0.23713861405849457
v 0.27115383744239807 0.09551689028739929 0.23713861405849457
v -0.27087387442588806 0.07995332032442093 0.2554206848144531
v -0.240651473402977 0.09109124541282654 0.2554206848144531
v -0.2864415645599365 0.08240772783756256 0.22494857013225555
v -0.28973522782325745 0.05631214380264282 0.23713861405849457
v -0.28075695037841797 0.06768134236335754 0.2858907878398895
v 0.27115383744239807 0.07995332032442093 0.2554206848144531
v 0.240931436419487 0.09109124541282654 0.2554206848144531
v 0.2867235541343689 0.08240772783756256 0.22494857013225555
v 0.289110392332077 0.05631214380264282 0.23713861405849457
v 0.28013211488723755 0.06768134236335754 0.2858907878398895
v -0.2439451515674591 0.09881062060594559 0.2279965728521347
v -0.2439451515674591 0.09222321957349777 0.24323058128356934
v 0.24422511458396912 0.09881062060594559 0.2279965728521347
v 0.24422511458396912 0.09222321957349777 0.24323058128356934
v -0.12451717257499695 0.11234145611524582 0.23592062294483185
v -0.12451717257499695 0.1090477854013443 0.26443785429000854
v -0.12451717257499695 0.11347348988056183 0.24627864360809326
v 0.12479916960000992 0.11234145611524582 0.23592062294483185
v 0.12479916960000992 0.1090477854013443 0.26443785429000854
v 0.12479916960000992 0.11347348988056183 0.24627864360809326
v -0.048494454473257065 0.11108662188053131 0.24932871758937836
v -0.055085908621549606 0.11563311517238617 0.27065470814704895
v -0.12451717257499695 0.1090477854013443 0.2752871513366699
v 0.048776451498270035 0.11108662188053131 0.24932871758937836
v 0.05446106567978859 0.11563311517238617 0.27065470814704895
v 0.12479916960000992 0.1090477854013443 0.2752871513366699
v -0.0465804822742939 0.11880398541688919 0.23555220663547516
v 0.046860430389642715 0.11880398541688919 0.23555220663547516
v -0.055085908621549606 0.11563311517238617 0.2858907878398895
v -0.0003134429280180484 0.11880398541688919 0.2889367640018463
v 0.05446106567978859 0.11563311517238617 0.2858907878398895
v -0.0003134429280180484 0.11880398541688919 0.2721163034439087
v -0.0003134429280180484 0.11347348988056183 0.24627864360809326
v -0.0003134429280180484 0.12006492167711258 0.23555220663547516
v -0.2283754199743271 0.09551689028739929 0.3498830795288086
v -0.21371664106845856 0.07756242156028748 0.4717654585838318
v -0.2496236264705658 0.0865386500954628 0.35292699933052063
v -0.23735372722148895 0.09551689028739929 0.3163629174232483
v -0.22508174180984497 0.08983640372753143 0.3498830795288086
v -0.22508174180984497 0.09881062060594559 0.3163629174232483
v -0.22269490361213684 0.09222321957349777 0.3163629174232483
v 0.22865742444992065 0.09551689028739929 0.3498830795288086
v 0.24990561604499817 0.0865386500954628 0.35292699933052063
v 0.21309177577495575 0.07756242156028748 0.4717654585838318
v 0.23763571679592133 0.09551689028739929 0.3163629174232483
v 0.22536374628543854 0.08983640372753143 0.3498830795288086
v 0.22536374628543854 0.09881062060594559 0.3163629174232483
v 0.22207008302211761 0.09222321957349777 0.3163629174232483
v -0.2618996798992157 0.08324699103832245 0.35597705841064453
v -0.2316732108592987 0.05869895592331886 0.4717654585838318
v -0.2193971425294876 0.07097501307725906 0.4717654585838318
v 0.26218166947364807 0.08324699103832245 0.35597705841064453
v 0.23195521533489227 0.05869895592331886 0.4717654585838318
v 0.21967914700508118 0.07097501307725906 0.4717654585838318
v -0.24723677337169647 0.03176618367433548 0.4778614938259125
v -0.26848703622817993 0.07995332032442093 0.3163629174232483
v -0.25621509552001953 0.03745075315237045 0.4169192910194397
v 0.24661195278167725 0.03176618367433548 0.4778614938259125
v 0.2678622007369995 0.07995332032442093 0.3163629174232483
v 0.2555902600288391 0.03745075315237045 0.4169192910194397
v -0.18019236624240875 0.04972272738814354 0.5966998934745789
v -0.21042500436306 0.07097501307725906 0.4717654585838318
v 0.17956753075122833 0.04972272738814354 0.5966998934745789
v 0.21070493757724762 0.07097501307725906 0.4717654585838318
v -0.20712721347808838 0.03415299579501152 0.5875599384307861
v -0.19485527276992798 0.04404224455356598 0.5875599384307861
v 0.2074071764945984 0.03415299579501152 0.5875599384307861
v 0.19513726234436035 0.04404224455356598 0.5875599384307861
v -0.2182057499885559 0.006026755087077618 0.5906079411506653
v 0.21758092939853668 0.006026755087077618 0.5906079411506653
v -0.15803733468055725 0.01619645021855831 0.6576421856880188
v -0.17689870297908783 0.04404224455356598 0.5966998934745789
v 0.15831932425498962 0.01619645021855831 0.6576421856880188
v 0.1771806925535202 0.04404224455356598 0.5966998934745789
v -0.18917064368724823 0.0006328187300823629 0.6576421856880188
v -0.17360706627368927 0.012904792092740536 0.66373610496521
v 0.188545823097229 0.0006328187300823629 0.6576421856880188
v 0.17388701438903809 0.012904792092740536 0.66373610496521
v -0.20144669711589813 -0.010732295922935009 0.651546061038971
v 0.2008218765258789 -0.010732295922935009 0.651546061038971
v -0.12781085073947906 -0.02959362417459488 0.733824610710144
v -0.15565049648284912 0.010515905916690826 0.6576421856880188
v 0.12809284031391144 -0.02959362417459488 0.733824610710144
v 0.1550256460905075 0.010515905916690826 0.6576421856880188
v -0.15803733468055725 -0.05413958430290222 0.727726399898529
v -0.14667218923568726 -0.04186968505382538 0.733824610710144
v 0.15831932425498962 -0.05413958430290222 0.727726399898529
v 0.14604736864566803 -0.04186968505382538 0.733824610710144
v -0.17689870297908783 -0.06311788409948349 0.7094444036483765
v 0.1771806925535202 -0.06311788409948349 0.7094444036483765
v -0.10147576779127121 -0.07777673751115799 0.7734305262565613
v -0.12451717257499695 -0.035278256982564926 0.7307744026184082
v 0.10175571590662003 -0.07777673751115799 0.7734305262565613
v 0.12479916960000992 -0.035278256982564926 0.7307744026184082
v -0.1344022899866104 -0.09005273133516312 0.7612465620040894
v -0.11554092913866043 -0.08436816185712814 0.7673406004905701
v 0.13377745449543 -0.09005273133516312 0.7612465620040894
v 0.11582087725400925 -0.08436816185712814 0.7673406004905701
v -0.14906108379364014 -0.11788833886384964 0.7490565180778503
v 0.14934104681015015 -0.11788833886384964 0.7490565180778503
v -0.06406419724225998 -0.13584287464618683 0.813048779964447
v -0.09908277541399002 -0.08436816185712814 0.7703886032104492
v 0.0643441379070282 -0.13584287464618683 0.813048779964447
v 0.0984579399228096 -0.08436816185712814 0.7703886032104492
v -0.09429068118333817 -0.16936297714710236 0.800858736038208
v -0.07962778210639954 -0.15470626950263977 0.8039088249206543
v 0.09457267820835114 -0.16936297714710236 0.800858736038208
v 0.07900294661521912 -0.15470626950263977 0.8039088249206543
v -0.10088212788105011 -0.18493270874023438 0.8039088249206543
v 0.10025728493928909 -0.18493270874023438 0.8039088249206543
v -0.039522312581539154 -0.2094745934009552 0.8160927295684814
v 0.03980226069688797 -0.2094745934009552 0.8160927295684814
v -0.03054402768611908 -0.15141260623931885 0.8252389430999756
v -0.06077050790190697 -0.14243429899215698 0.8100007772445679
v 0.03082602098584175 -0.15141260623931885 0.8252389430999756
v 0.061052508652210236 -0.14243429899215698 0.8100007772445679
v -0.0003134429280180484 -0.21515922248363495 0.8160927295684814
v -0.0003134429280180484 -0.23072278499603271 0.8100007772445679
v -0.06077050790190697 -0.22413752973079681 0.8100007772445679
v -0.03622454032301903 -0.17595447599887848 0.8100007772445679
v 0.061052508652210236 -0.22413752973079681 0.8100007772445679
v 0.036506537348032 -0.17595447599887848 0.8100007772445679
v -0.0003134429280180484 -0.18493270874023438 0.8221888542175293
v -0.0003134429280180484 -0.10891003906726837 0.7947626113891602
v -0.012587452307343483 -0.10561636835336685 0.7978107333183289
v -0.03054402768611908 -0.1570930778980255 0.8160927295684814
v 0.01196261402219534 -0.10561636835336685 0.7978107333183289
v 0.03082602098584175 -0.1570930778980255 0.8160927295684814
v -0.0003134429280180484 -0.05652853101491928 0.7673406004905701
v -0.00929582491517067 -0.05413958430290222 0.7673406004905701
v -0.014679520390927792 -0.11130093783140182 0.7978107333183289
v 0.00957577582448721 -0.05413958430290222 0.7673406004905701
v 0.014961513690650463 -0.11130093783140182 0.7978107333183289
v -0.0003134429280180484 -0.020615383982658386 0.7368684411048889
v -0.005998051259666681 -0.020615383982658386 0.7368684411048889
v -0.012587452307343483 -0.05982629209756851 0.7673406004905701
v 0.006278001703321934 -0.020615383982658386 0.7368684411048889
v 0.01196261402219534 -0.05982629209756851 0.7673406004905701
v -0.0003134429280180484 0.04074857383966446 0.660690188407898
v -0.00929582491517067 0.03745075315237045 0.6576421856880188
v -0.00929582491517067 -0.02629995346069336 0.7368684411048889
v 0.00957577582448721 0.03745075315237045 0.6576421856880188
v 0.00957577582448721 -0.02629995346069336 0.7368684411048889
v -0.0003134429280180484 0.07097501307725906 0.5966998934745789
v -0.00929582491517067 0.06529044359922409 0.5936519503593445
v -0.012587452307343483 0.03176618367433548 0.6576421856880188
v 0.00957577582448721 0.06529044359922409 0.5936519503593445
v 0.01196261402219534 0.03176618367433548 0.6576421856880188
v -0.0003134429280180484 0.10120151937007904 0.46567144989967346
v -0.012587452307343483 0.10449519008398056 0.46567144989967346
v -0.012587452307343483 0.05869895592331886 0.5936519503593445
v 0.01196261402219534 0.10449519008398056 0.46567144989967346
v 0.01196261402219534 0.05869895592331886 0.5936519503593445
v -0.018274111673235893 0.10778886079788208 0.40777724981307983
v -0.014974295161664486 0.09881062060594559 0.46567144989967346
v -0.039522312581539154 0.11108662188053131 0.35597705841064453
v -0.021565739065408707 0.10120151937007904 0.40777724981307983
v 0.01855405978858471 0.10778886079788208 0.40777724981307983
v 0.015256289392709732 0.09881062060594559 0.46567144989967346
v -0.0003134429280180484 0.11347348988056183 0.35292699933052063
v 0.03980226069688797 0.11108662188053131 0.35597705841064453
v 0.02094089798629284 0.10120151937007904 0.40777724981307983
v -0.0003134429280180484 0.12006492167711258 0.29198476672172546
v -0.07304248213768005 0.11347348988056183 0.3194109797477722
v -0.04281598702073097 0.10449519008398056 0.35292699933052063
v 0.05775474011898041 0.12006492167711258 0.2858907878398895
v -0.057472750544548035 0.12006492167711258 0.2858907878398895
v 0.07332242280244827 0.11347348988056183 0.3194109797477722
v 0.04309593513607979 0.10449519008398056 0.35292699933052063
v -0.12451717257499695 0.11108662188053131 0.30417487025260925
v -0.07633615285158157 0.10778886079788208 0.3163629174232483
v 0.12479916960000992 0.11108662188053131 0.30417487025260925
v 0.07661610096693039 0.10778886079788208 0.3163629174232483
v -0.20144669711589813 0.10120151937007904 0.2950328290462494
v -0.1311086267232895 0.10449519008398056 0.3072228729724884
v 0.2008218765258789 0.10120151937007904 0.2950328290462494
v 0.1313885599374771 0.10449519008398056 0.3072228729724884
v -0.20144669711589813 0.09551689028739929 0.29808083176612854
v 0.2008218765258789 0.09551689028739929 0.29808083176612854
v -0.27087387442588806 0.06768134236335754 0.2554206848144531
v 0.27115383744239807 0.06768134236335754 0.2554206848144531
v -0.2741716504096985 0.05869895592331886 0.30417487025260925
v 0.2744516134262085 0.05869895592331886 0.30417487025260925
v -0.08531239628791809 0.06199677288532257 0.5966998934745789
v -0.10656264424324036 0.09551689028739929 0.46872153878211975
v 0.08559439331293106 0.06199677288532257 0.5966998934745789
v 0.10684259235858917 0.09551689028739929 0.46872153878211975
v -0.07633615285158157 0.03176618367433548 0.66373610496521
v 0.07661610096693039 0.03176618367433548 0.66373610496521
v -0.06735581904649734 -0.020615383982658386 0.7307744026184082
v 0.06673302501440048 -0.020615383982658386 0.7307744026184082
v -0.055085908621549606 -0.06641155481338501 0.7703886032104492
v 0.05446106567978859 -0.06641155481338501 0.7703886032104492
v -0.11315204203128815 0.10778886079788208 0.3742591440677643
v 0.11252719908952713 0.10778886079788208 0.3742591440677643
v -0.3142812252044678 0.07756242156028748 -0.18616525828838348
v -0.3256463408470154 0.08324699103832245 -0.1894589215517044
v -0.3142812252044678 0.08983640372753143 -0.19555090367794037
v -0.32325950264930725 0.07426868379116058 -0.1772688627243042
v -0.31667008996009827 0.0763607770204544 -0.1772688627243042
v -0.32325950264930725 0.09222321957349777 -0.19555090367794037
v -0.3256463408470154 0.06199677288532257 -0.2107890248298645
v -0.3256463408470154 0.05869895592331886 -0.1772688627243042
v 0.31365638971328735 0.07756242156028748 -0.18616525828838348
v 0.31365638971328735 0.08983640372753143 -0.19555090367794037
v 0.32592833042144775 0.08324699103832245 -0.1894589215517044
v 0.32263466715812683 0.07426868379116058 -0.1772688627243042
v 0.3169500529766083 0.0763607770204544 -0.1772688627243042
v 0.32263466715812683 0.09222321957349777 -0.19555090367794037
v 0.32592833042144775 0.05869895592331886 -0.1772688627243042
v -0.3109895884990692 0.10120151937007904 -0.1985989212989807
v 0.3112695515155792 0.10120151937007904 -0.1985989212989807
v -0.32325950264930725 0.10449519008398056 -0.1985989212989807
v 0.32263466715812683 0.10449519008398056 -0.1985989212989807
v 0.32592833042144775 0.06199677288532257 -0.2107890248298645
v -0.30201128125190735 0.15926967561244965 -0.1985989212989807
v 0.30138644576072693 0.15926967561244965 -0.1985989212989807
v -0.3109895884990692 0.1658550649881363 -0.19555090367794037
v -0.32325950264930725 0.09881062060594559 -0.2107890248298645
v 0.3112695515155792 0.1658550649881363 -0.19555090367794037
v 0.32263466715812683 0.09881062060594559 -0.2107890248298645
v -0.28973522782325745 0.2263079434633255 -0.19555090367794037
v 0.289110392332077 0.2263079434633255 -0.19555090367794037
v -0.2921220660209656 0.2296016812324524 -0.19555090367794037
v -0.3109895884990692 0.1625613272190094 -0.20774100720882416
v 0.29240408539772034 0.2296016812324524 -0.19555090367794037
v 0.3112695515155792 0.1625613272190094 -0.20774100720882416
v -0.28314992785453796 0.23857997357845306 -0.19555090367794037
v -0.28973522782325745 0.2418735921382904 -0.19555090367794037
v -0.2921220660209656 0.2296016812324524 -0.20774100720882416
v 0.283429890871048 0.23857997357845306 -0.19555090367794037
v 0.289110392332077 0.2418735921382904 -0.19555090367794037
v 0.29240408539772034 0.2296016812324524 -0.20774100720882416
v -0.28973522782325745 0.24755828082561493 -0.19250287115573883
v -0.2774653136730194 0.26880642771720886 -0.20774100720882416
v -0.28314992785453796 0.24726350605487823 -0.1894589215517044
v 0.289110392332077 0.24755828082561493 -0.19250287115573883
v 0.283429890871048 0.24726350605487823 -0.1894589215517044
v -0.2864415645599365 0.2541477084159851 -0.18031688034534454
v -0.28314992785453796 0.25085189938545227 -0.17422083020210266
v 0.2867235541343689 0.2541477084159851 -0.18031688034534454
v 0.283429890871048 0.25085189938545227 -0.17422083020210266
v 0.2777452766895294 0.26880642771720886 -0.20774100720882416
v -0.28075695037841797 0.2541477084159851 -0.10718459635972977
v -0.2774653136730194 0.25085189938545227 -0.10413656383752823
v 0.28013211488723755 0.2541477084159851 -0.10718459635972977
v 0.2777452766895294 0.25085189938545227 -0.10413656383752823
v -0.2741716504096985 0.26880642771720886 -0.10718459635972977
v 0.2744516134262085 0.26880642771720886 -0.10718459635972977
v -0.2774653136730194 0.25085189938545227 -0.009682376869022846
v -0.2741716504096985 0.24517135322093964 -0.020042411983013153
v 0.2777452766895294 0.25085189938545227 -0.009682376869022846
v 0.2744516134262085 0.24517135322093964 -0.020042411983013153
v -0.27567005157470703 0.26312586665153503 -0.0060263583436608315
v 0.275045245885849 0.26312586665153503 -0.0060263583436608315
v -0.27087387442588806 0.23289944231510162 0.08478004485368729
v -0.27087387442588806 0.2263079434633255 0.08478004485368729
v 0.27115383744239807 0.23289944231510162 0.08478004485368729
v 0.27115383744239807 0.2263079434633255 0.08478004485368729
v -0.26845017075538635 0.24490328133106232 0.08471861481666565
v 0.26782533526420593 0.24490328133106232 0.08471861481666565
v -0.27087387442588806 0.2263079434633255 0.10306206345558167
v -0.27087387442588806 0.22062337398529053 0.10306206345558167
v 0.27115383744239807 0.2263079434633255 0.10306206345558167
v 0.27115383744239807 0.22062337398529053 0.10306206345558167
v -0.27087387442588806 0.2116512954235077 0.12134413421154022
v -0.26848703622817993 0.2116512954235077 0.12134413421154022
v 0.27115383744239807 0.2116512954235077 0.12134413421154022
v 0.2678622007369995 0.2116512954235077 0.12134413421154022
v -0.26933860778808594 0.2208731323480606 0.13315752148628235
v 0.26871374249458313 0.2208731323480606 0.13315752148628235
v -0.2741716504096985 0.19278983771800995 0.13658224046230316
v -0.27087387442588806 0.19278983771800995 0.13658224046230316
v 0.2744516134262085 0.19278983771800995 0.13658224046230316
v 0.27115383744239807 0.19278983771800995 0.13658224046230316
v -0.28075695037841797 0.17812488973140717 0.14877234399318695
v -0.2741716504096985 0.17812488973140717 0.14877234399318695
v 0.28013211488723755 0.17812488973140717 0.14877234399318695
v 0.2744516134262085 0.17812488973140717 0.14877234399318695
v -0.27087387442588806 0.1894962340593338 0.16095829010009766
v 0.27115383744239807 0.1894962340593338 0.16095829010009766
v -0.2864415645599365 0.15358509123325348 0.17009831964969635
v -0.28075695037841797 0.15358509123325348 0.17009831964969635
v 0.2867235541343689 0.15358509123325348 0.17009831964969635
v 0.28013211488723755 0.15358509123325348 0.17009831964969635
v -0.28314992785453796 0.10778886079788208 0.19142839312553406
v 0.283429890871048 0.10778886079788208 0.19142839312553406
v -0.28973522782325745 0.10778886079788208 0.19447846710681915
v -0.2864415645599365 0.08983640372753143 0.18838033080101013
v 0.289110392332077 0.10778886079788208 0.19447846710681915
v 0.2867235541343689 0.08983640372753143 0.18838033080101013
v -0.28973522782325745 0.09551689028739929 0.19447846710681915
v -0.27775803208351135 0.1628561019897461 0.18228836357593536
v 0.289110392332077 0.09551689028739929 0.19447846710681915
v 0.2780400514602661 0.1628561019897461 0.18228836357593536
v -0.2954198718070984 0.07756242156028748 0.17923828959465027
v -0.28973522782325745 0.07995332032442093 0.1761963963508606
v 0.29570186138153076 0.07756242156028748 0.17923828959465027
v 0.289110392332077 0.07995332032442093 0.1761963963508606
v -0.2987135350704193 0.06768134236335754 0.15790821611881256
v -0.28973522782325745 0.07756242156028748 0.15790821611881256
v 0.2989934980869293 0.06768134236335754 0.15790821611881256
v 0.289110392332077 0.07756242156028748 0.15790821611881256
v -0.3142812252044678 0.07097501307725906 0.08478004485368729
v -0.2954198718070984 0.07756242156028748 0.08478004485368729
v 0.31365638971328735 0.07097501307725906 0.08478004485368729
v 0.29570186138153076 0.07756242156028748 0.08478004485368729
v -0.3142812252044678 0.07426868379116058 0.00859969761222601
v -0.3043981194496155 0.07756242156028748 0.00859969761222601
v 0.31365638971328735 0.07426868379116058 0.00859969761222601
v 0.3046780824661255 0.07756242156028748 0.00859969761222601
v -0.3199617266654968 0.07426868379116058 -0.14984680712223053
v -0.3142812252044678 0.0763607770204544 -0.14679670333862305
v 0.3202437460422516 0.07426868379116058 -0.14984680712223053
v 0.31365638971328735 0.0763607770204544 -0.14679670333862305
v -0.30201128125190735 0.05631214380264282 0.15790821611881256
v 0.30138644576072693 0.05631214380264282 0.15790821611881256
v -0.3109895884990692 0.05631214380264282 0.08478004485368729
v 0.3112695515155792 0.05631214380264282 0.08478004485368729
v -0.31667008996009827 0.05631214380264282 0.011647726409137249
v 0.3169500529766083 0.05631214380264282 0.011647726409137249
v -0.3256463408470154 0.05869895592331886 -0.14679670333862305
v -0.32325950264930725 0.05869895592331886 -0.07671860605478287
v 0.32263466715812683 0.05869895592331886 -0.07671860605478287
v 0.32592833042144775 0.05869895592331886 -0.14679670333862305
v -0.3256463408470154 0.03745075315237045 0.011647726409137249
v -0.3199617266654968 0.04074857383966446 0.08782395720481873
v 0.32592833042144775 0.03745075315237045 0.011647726409137249
v 0.3202437460422516 0.04074857383966446 0.08782395720481873
v -0.33553147315979004 0.04074857383966446 -0.0797666385769844
v 0.3349066376686096 0.04074857383966446 -0.0797666385769844
v -0.33791831135749817 0.04074857383966446 -0.14984680712223053
v 0.3381982743740082 0.04074857383966446 -0.14984680712223053
v -0.3109895884990692 0.03745075315237045 0.15790821611881256
v -0.3109895884990692 0.03745075315237045 0.23896458745002747
v 0.3112695515155792 0.03745075315237045 0.15790821611881256
v 0.3112695515155792 0.03745075315237045 0.23896458745002747
v -0.3256463408470154 -0.035278256982564926 0.09087403118610382
v -0.31667008996009827 -0.035278256982564926 0.16400635242462158
v 0.32592833042144775 -0.035278256982564926 0.09087403118610382
v 0.3169500529766083 -0.035278256982564926 0.16400635242462158
v -0.33223778009414673 -0.0328872948884964 0.01469779945909977
v 0.33251774311065674 -0.0328872948884964 0.01469779945909977
v -0.33791831135749817 -0.010732295922935009 -0.08281467109918594
v 0.3381982743740082 -0.010732295922935009 -0.08281467109918594
v -0.3412119746208191 0.0040472825057804585 -0.21383297443389893
v -0.33791831135749817 0.03745075315237045 -0.2107890248298645
v 0.3414919376373291 0.0040472825057804585 -0.21383297443389893
v -0.33791831135749817 -0.12118609994649887 -0.07367058098316193
v -0.3412119746208191 -0.10232269763946533 -0.21383297443389893
v 0.3381982743740082 -0.12118609994649887 -0.07367058098316193
v 0.3414919376373291 -0.10232269763946533 -0.21383297443389893
v -0.33223778009414673 -0.12357290834188461 0.011647726409137249
v 0.33251774311065674 -0.12357290834188461 0.011647726409137249
v -0.32325950264930725 -0.13015824556350708 0.09087403118610382
v 0.32263466715812683 -0.13015824556350708 0.09087403118610382
v -0.3142812252044678 -0.13345599174499512 0.16705025732517242
v -0.3043981194496155 -0.035278256982564926 0.24018257856369019
v 0.31365638971328735 -0.13345599174499512 0.16705025732517242
v 0.3046780824661255 -0.035278256982564926 0.24018257856369019
v -0.3043981194496155 -0.23640742897987366 0.16095829010009766
v -0.3109895884990692 -0.23640742897987366 0.08782395720481873
v -0.30201128125190735 -0.13584287464618683 0.23592062294483185
v -0.3277486264705658 -0.24538572132587433 0.263039767742157
v -0.2954198718070984 -0.23640742897987366 0.23713861405849457
v 0.3046780824661255 -0.23640742897987366 0.16095829010009766
v 0.3112695515155792 -0.23640742897987366 0.08782395720481873
v 0.30138644576072693 -0.13584287464618683 0.23592062294483185
v 0.3280285894870758 -0.24538572132587433 0.263039767742157
v 0.29570186138153076 -0.23640742897987366 0.23713861405849457
v -0.3199617266654968 -0.23640742897987366 0.00859969761222601
v 0.3202437460422516 -0.23640742897987366 0.00859969761222601
v -0.3256463408470154 -0.23640742897987366 -0.07062459737062454
v 0.32592833042144775 -0.23640742897987366 -0.07062459737062454
v -0.3289400041103363 -0.23640742897987366 -0.21383297443389893
v 0.3292219936847687 -0.23640742897987366 -0.21383297443389893
v 0.3381982743740082 0.03745075315237045 -0.2107890248298645
v -0.14667218923568726 -0.23072278499603271 0.7978107333183289
v 0.14604736864566803 -0.23072278499603271 0.7978107333183289
v -0.2529214024543762 0.012904792092740536 0.557087779045105
v -0.2316732108592987 0.007218147628009319 0.5936519503593445
v -0.23286457359790802 0.022787880152463913 0.6058399081230164
v -0.2651933431625366 0.022787880152463913 0.6058399081230164
v -0.2774653136730194 -0.0005626004422083497 0.6058399081230164
v -0.2607041895389557 0.008415641263127327 0.5540397763252258
v -0.2529214024543762 0.007218147628009319 0.5494686961174011
v -0.24514062702655792 0.007218147628009319 0.5540397763252258
v 0.253203421831131 0.012904792092740536 0.557087779045105
v 0.2331465780735016 0.022787880152463913 0.6058399081230164
v 0.26547330617904663 0.022787880152463913 0.6058399081230164
v 0.23195521533489227 0.007218147628009319 0.5936519503593445
v 0.26098620891571045 0.008415641263127327 0.5540397763252258
v 0.2777452766895294 -0.0005626004422083497 0.6058399081230164
v 0.253203421831131 0.007218147628009319 0.5494686961174011
v 0.24542059004306793 0.007218147628009319 0.5540397763252258
v -0.2316732108592987 0.003926550969481468 0.6088899374008179
v -0.2651933431625366 -0.001753993215970695 0.6149819493293762
v -0.23286457359790802 0.0006328187300823629 0.6226010322570801
v -0.2496236264705658 0.0006328187300823629 0.6271700263023376
v 0.24990561604499817 0.0006328187300823629 0.6271700263023376
v 0.23195521533489227 0.003926550969481468 0.6088899374008179
v 0.2331465780735016 0.0006328187300823629 0.6226010322570801
v -0.22508174180984497 -0.03857601433992386 0.7356484532356262
v -0.21371664106845856 -0.05413958430290222 0.7460085153579712
v -0.2283754199743271 -0.04186968505382538 0.7514944672584534
v -0.24723677337169647 -0.0328872948884964 0.7295565009117126
v -0.2496236264705658 -0.03857601433992386 0.7588045001029968
v 0.21309177577495575 -0.05413958430290222 0.7460085153579712
v 0.22536374628543854 -0.03857601433992386 0.7356484532356262
v 0.22865742444992065 -0.04186968505382538 0.7514944672584534
v 0.24661195278167725 -0.0328872948884964 0.7295565009117126
v 0.24990561604499817 -0.03857601433992386 0.7588045001029968
v -0.21042500436306 -0.05413958430290222 0.7514944672584534
v -0.20593585073947906 -0.07209619134664536 0.7527125477790833
v 0.20531103014945984 -0.07209619134664536 0.7527125477790833
v 0.21070493757724762 -0.05413958430290222 0.7514944672584534
v -0.20263805985450745 -0.07209619134664536 0.7307744026184082
v -0.20712721347808838 -0.09214891493320465 0.7514944672584534
v 0.2074071764945984 -0.09214891493320465 0.7514944672584534
v 0.20291802287101746 -0.07209619134664536 0.7307744026184082
v -0.19485527276992798 -0.09663806110620499 0.7393044233322144
v -0.21371664106845856 -0.11669694632291794 0.7588045001029968
v 0.21309177577495575 -0.11669694632291794 0.7588045001029968
v 0.19513726234436035 -0.09663806110620499 0.7393044233322144
v -0.21042500436306 -0.1223774254322052 0.7490565180778503
v -0.2316732108592987 -0.13345599174499512 0.7551485300064087
v 0.23195521533489227 -0.13345599174499512 0.7551485300064087
v 0.21070493757724762 -0.1223774254322052 0.7490565180778503
v -0.2283754199743271 -0.13584287464618683 0.7429645657539368
v -0.2529214024543762 -0.14482110738754272 0.7588045001029968
v 0.253203421831131 -0.14482110738754272 0.7588045001029968
v 0.22865742444992065 -0.13584287464618683 0.7429645657539368
v -0.2496236264705658 -0.1436256319284439 0.7460085153579712
v -0.28075695037841797 -0.13345599174499512 0.7551485300064087
v 0.28013211488723755 -0.13345599174499512 0.7551485300064087
v 0.24990561604499817 -0.1436256319284439 0.7460085153579712
v -0.28075695037841797 -0.13464738428592682 0.7466205358505249
v -0.2921220660209656 -0.11788833886384964 0.7588045001029968
v 0.29240408539772034 -0.11788833886384964 0.7588045001029968
v 0.28013211488723755 -0.13464738428592682 0.7466205358505249
v -0.2987135350704193 -0.11669694632291794 0.7429645657539368
v -0.2987135350704193 -0.09783555567264557 0.7514944672584534
v 0.2989934980869293 -0.09783555567264557 0.7514944672584534
v 0.2989934980869293 -0.11669694632291794 0.7429645657539368
v -0.30649635195732117 -0.09663806110620499 0.7399165630340576
v -0.2954198718070984 -0.07328758388757706 0.7527125477790833
v 0.29570186138153076 -0.07328758388757706 0.7527125477790833
v 0.30587151646614075 -0.09663806110620499 0.7399165630340576
v -0.30320268869400024 -0.07209619134664536 0.7368684411048889
v -0.28314992785453796 -0.05413958430290222 0.7521066069602966
v 0.283429890871048 -0.05413958430290222 0.7521066069602966
v 0.30348265171051025 -0.07209619134664536 0.7368684411048889
v -0.2921220660209656 -0.050847988575696945 0.7344304919242859
v -0.26848703622817993 -0.044256556779146194 0.7514944672584534
v 0.2678622007369995 -0.044256556779146194 0.7514944672584534
v 0.29240408539772034 -0.050847988575696945 0.7344304919242859
v -0.27087387442588806 -0.03857601433992386 0.7295565009117126
v 0.27115383744239807 -0.03857601433992386 0.7295565009117126
v -0.3624642789363861 -0.26754072308540344 0.3285530209541321
v -0.34450972080230713 -0.26992759108543396 0.276750773191452
v -0.35019025206565857 -0.2519771456718445 0.27979472279548645
v -0.35677966475486755 -0.23072278499603271 0.3102668523788452
v -0.3591665029525757 -0.24867939949035645 0.35292699933052063
v 0.3447897136211395 -0.26992759108543396 0.276750773191452
v 0.3627462685108185 -0.26754072308540344 0.3285530209541321
v 0.35047024488449097 -0.2519771456718445 0.27979472279548645
v 0.35944852232933044 -0.24867939949035645 0.35292699933052063
v -0.33553147315979004 -0.2519771456718445 0.2676087021827698
v -0.35019025206565857 -0.2732253670692444 -0.40580371022224426
v -0.34450972080230713 -0.21845288574695587 0.2858907878398895
v 0.3349066376686096 -0.2519771456718445 0.2676087021827698
v 0.3447897136211395 -0.21845288574695587 0.2858907878398895
v 0.35615482926368713 -0.23072278499603271 0.3102668523788452
v 0.35047024488449097 -0.2732253670692444 -0.40580371022224426
v -0.34450972080230713 -0.2429988533258438 -0.3966616690158844
v 0.3447897136211395 -0.2429988533258438 -0.3966616690158844
v -0.32325950264930725 -0.21726155281066895 0.27065470814704895
v -0.2975221276283264 -0.24538572132587433 0.25694164633750916
v 0.32263466715812683 -0.21726155281066895 0.27065470814704895
v 0.2968973219394684 -0.24538572132587433 0.25694164633750916
v -0.36905163526535034 -0.20618091523647308 0.35597705841064453
v 0.3684267997741699 -0.20618091523647308 0.35597705841064453
v -0.3624642789363861 -0.18493270874023438 0.32550495862960815
v 0.3627462685108185 -0.18493270874023438 0.32550495862960815
v -0.3412119746208191 -0.17266079783439636 0.30417487025260925
v 0.3414919376373291 -0.17266079783439636 0.30417487025260925
v -0.32445088028907776 -0.1669761687517166 0.28741374611854553
v -0.30201128125190735 -0.22174455225467682 0.264560729265213
v 0.32473286986351013 -0.1669761687517166 0.28741374611854553
v 0.30138644576072693 -0.22174455225467682 0.264560729265213
v -0.3591665029525757 -0.1570930778980255 0.371209055185318
v 0.35944852232933044 -0.1570930778980255 0.371209055185318
v -0.35348600149154663 -0.13914062082767487 0.34683501720428467
v 0.353767991065979 -0.13914062082767487 0.34683501720428467
v -0.34450972080230713 -0.12686657905578613 0.3285530209541321
v 0.3447897136211395 -0.12686657905578613 0.3285530209541321
v -0.32115718722343445 -0.11339918524026871 0.31331485509872437
v -0.2987135350704193 -0.16487383842468262 0.2828427255153656
v 0.3214391767978668 -0.11339918524026871 0.31331485509872437
v 0.2989934980869293 -0.16487383842468262 0.2828427255153656
v -0.36575794219970703 -0.11130093783140182 0.3955892026424408
v 0.36603793501853943 -0.11130093783140182 0.3955892026424408
v -0.35677966475486755 -0.09334646910429001 0.3804719150066376
v 0.35615482926368713 -0.09334646910429001 0.3804719150066376
v -0.3412119746208191 -0.08107449114322662 0.3651171028614044
v 0.3414919376373291 -0.08107449114322662 0.3651171028614044
v -0.3154725730419159 -0.06430927664041519 0.3590189516544342
v -0.2942243814468384 -0.10561636835336685 0.31331485509872437
v 0.31575459241867065 -0.06430927664041519 0.3590189516544342
v 0.29450637102127075 -0.10561636835336685 0.31331485509872437
v -0.36575794219970703 -0.07777673751115799 0.43215328454971313
v 0.36603793501853943 -0.07777673751115799 0.43215328454971313
v -0.35348600149154663 -0.05982629209756851 0.4199673533439636
v 0.353767991065979 -0.05982629209756851 0.4199673533439636
v -0.34450972080230713 -0.04186968505382538 0.4138692021369934
v 0.3447897136211395 -0.04186968505382538 0.4138692021369934
v -0.3187703788280487 -0.027497507631778717 0.41082119941711426
v -0.2864415645599365 -0.05652853101491928 0.3605460822582245
v 0.3181455135345459 -0.027497507631778717 0.41082119941711426
v 0.2867235541343689 -0.05652853101491928 0.3605460822582245
v -0.36575794219970703 -0.05533713847398758 0.4717654585838318
v 0.36603793501853943 -0.05533713847398758 0.4717654585838318
v -0.34570521116256714 -0.02181287668645382 0.46567144989967346
v -0.3645624816417694 -0.035278256982564926 0.46872153878211975
v 0.34598517417907715 -0.02181287668645382 0.46567144989967346
v 0.363937646150589 -0.035278256982564926 0.46872153878211975
v -0.32325950264930725 -0.009540903382003307 0.46567144989967346
v -0.2741716504096985 -0.0185192059725523 0.41082119941711426
v 0.32263466715812683 -0.009540903382003307 0.46567144989967346
v 0.2744516134262085 -0.0185192059725523 0.41082119941711426
v -0.35677966475486755 -0.04635883867740631 0.5220446586608887
v 0.35615482926368713 -0.04635883867740631 0.5220446586608887
v -0.3591665029525757 -0.027497507631778717 0.5235677361488342
v 0.35944852232933044 -0.027497507631778717 0.5235677361488342
v -0.29990896582603455 -0.001753993215970695 0.46567144989967346
v -0.3424074649810791 -0.010732295922935009 0.5250927805900574
v 0.3426874279975891 -0.010732295922935009 0.5250927805900574
v 0.3001909852027893 -0.001753993215970695 0.46567144989967346
v -0.3121809661388397 -0.0005626004422083497 0.5266157388687134
v -0.2741716504096985 0.008415641263127327 0.5281386971473694
v -0.25860193371772766 0.006026755087077618 0.46567144989967346
v 0.31246089935302734 -0.0005626004422083497 0.5266157388687134
v 0.2744516134262085 0.008415641263127327 0.5281386971473694
v 0.25888392329216003 0.006026755087077618 0.46567144989967346
v -0.3645624816417694 -0.05413958430290222 0.5875599384307861
v 0.363937646150589 -0.05413958430290222 0.5875599384307861
v -0.3624642789363861 -0.035278256982564926 0.5890808701515198
v 0.3627462685108185 -0.035278256982564926 0.5890808701515198
v -0.34450972080230713 -0.017323724925518036 0.5906079411506653
v 0.3447897136211395 -0.017323724925518036 0.5906079411506653
v -0.3154725730419159 -0.001753993215970695 0.5921289920806885
v 0.31575459241867065 -0.001753993215970695 0.5921289920806885
v -0.27297618985176086 0.006026755087077618 0.5784178972244263
v -0.2496236264705658 0.010515905916690826 0.5296637415885925
v -0.28195446729660034 0.006026755087077618 0.5906079411506653
v 0.28223440051078796 0.006026755087077618 0.5906079411506653
v 0.24990561604499817 0.010515905916690826 0.5296637415885925
v 0.27235135436058044 0.006026755087077618 0.5784178972244263
v -0.2864415645599365 -0.001753993215970695 0.6210780739784241
v -0.3154725730419159 -0.014030054211616516 0.6180300712585449
v 0.2867235541343689 -0.001753993215970695 0.6210780739784241
v 0.31575459241867065 -0.014030054211616516 0.6180300712585449
v 0.26547330617904663 -0.001753993215970695 0.6149819493293762
v -0.240651473402977 0.011713461019098759 0.5296637415885925
v 0.240931436419487 0.011713461019098759 0.5296637415885925
v -0.22269490361213684 -0.001753993215970695 0.6210780739784241
v -0.21042500436306 -0.003856271505355835 0.6210780739784241
v -0.2193971425294876 -0.008345422334969044 0.6545940637588501
v 0.22207008302211761 -0.001753993215970695 0.6210780739784241
v 0.21070493757724762 -0.003856271505355835 0.6210780739784241
v 0.21967914700508118 -0.008345422334969044 0.6545940637588501
v 0.24661195278167725 -0.003856271505355835 0.6545940637588501
v -0.24723677337169647 -0.003856271505355835 0.6545940637588501
v 0.2846212387084961 -0.006247231736779213 0.6545940637588501
v -0.31667008996009827 -0.02629995346069336 0.660690188407898
v -0.2852461040019989 -0.006247231736779213 0.6545940637588501
v 0.3169500529766083 -0.02629995346069336 0.660690188407898
v -0.3478013575077057 -0.030789105221629143 0.6119380593299866
v 0.34717652201652527 -0.030789105221629143 0.6119380593299866
v -0.3645624816417694 -0.047554317861795425 0.6088899374008179
v 0.363937646150589 -0.047554317861795425 0.6088899374008179
v -0.36575794219970703 -0.06430927664041519 0.6058399081230164
v 0.36603793501853943 -0.06430927664041519 0.6058399081230164
v -0.33791831135749817 -0.044256556779146194 0.66373610496521
v 0.3381982743740082 -0.044256556779146194 0.66373610496521
v -0.35467734932899475 -0.06760703772306442 0.6667842268943787
v 0.3549593687057495 -0.06760703772306442 0.6667842268943787
v -0.36695340275764465 -0.08885731548070908 0.6576421856880188
v 0.3672354221343994 -0.08885731548070908 0.6576421856880188
v -0.18019236624240875 -0.07987901568412781 0.7271204590797424
v -0.19485527276992798 -0.09783555567264557 0.7393044233322144
v -0.19485527276992798 -0.07209619134664536 0.7307744026184082
v 0.19513726234436035 -0.09783555567264557 0.7393044233322144
v 0.17956753075122833 -0.07987901568412781 0.7271204590797424
v 0.19513726234436035 -0.07209619134664536 0.7307744026184082
v -0.20383355021476746 -0.04965250939130783 0.7368684411048889
v -0.1981489509344101 -0.04186968505382538 0.7003044486045837
v 0.20411555469036102 -0.04965250939130783 0.7368684411048889
v 0.19842888414859772 -0.04186968505382538 0.7003044486045837
v -0.22508174180984497 -0.035278256982564926 0.7319945096969604
v -0.2161034792661667 -0.023008355870842934 0.697256326675415
v 0.22536374628543854 -0.035278256982564926 0.7319945096969604
v 0.21638548374176025 -0.023008355870842934 0.697256326675415
v -0.2496236264705658 -0.030789105221629143 0.7283385396003723
v 0.24990561604499817 -0.030789105221629143 0.7283385396003723
v -0.2741716504096985 -0.03408277407288551 0.7295565009117126
v -0.24723677337169647 -0.017323724925518036 0.695733368396759
v 0.2744516134262085 -0.03408277407288551 0.7295565009117126
v 0.24661195278167725 -0.017323724925518036 0.695733368396759
v -0.2921220660209656 -0.050847988575696945 0.7307744026184082
v -0.2774653136730194 -0.023008355870842934 0.695733368396759
v 0.29240408539772034 -0.050847988575696945 0.7307744026184082
v 0.2777452766895294 -0.023008355870842934 0.695733368396759
v -0.3076918125152588 -0.07328758388757706 0.733824610710144
v 0.3079717457294464 -0.07328758388757706 0.733824610710144
v -0.31667008996009827 -0.03976740688085556 0.6990842819213867
v 0.3169500529766083 -0.03976740688085556 0.6990842819213867
v -0.3109895884990692 -0.0999317318201065 0.7368684411048889
v -0.33553147315979004 -0.13135573267936707 0.733824610710144
v -0.3199617266654968 -0.06311788409948349 0.7094444036483765
v 0.3112695515155792 -0.0999317318201065 0.7368684411048889
v 0.3202437460422516 -0.06311788409948349 0.7094444036483765
v -0.30201128125190735 -0.1223774254322052 0.7478384971618652
v 0.30138644576072693 -0.1223774254322052 0.7478384971618652
v 0.3349066376686096 -0.13135573267936707 0.733824610710144
v -0.28075695037841797 -0.13794514536857605 0.7502765655517578
v 0.28013211488723755 -0.13794514536857605 0.7502765655517578
v -0.28314992785453796 -0.13914062082767487 0.7551485300064087
v -0.2496236264705658 -0.14482110738754272 0.7490565180778503
v 0.283429890871048 -0.13914062082767487 0.7551485300064087
v 0.24990561604499817 -0.14482110738754272 0.7490565180778503
v -0.30201128125190735 -0.1403319537639618 0.7600286602973938
v -0.2529214024543762 -0.14482110738754272 0.7600286602973938
v 0.30138644576072693 -0.1403319537639618 0.7600286602973938
v 0.253203421831131 -0.14482110738754272 0.7600286602973938
v -0.32325950264930725 -0.15141260623931885 0.7563685178756714
v 0.32263466715812683 -0.15141260623931885 0.7563685178756714
v -0.25621509552001953 -0.14811478555202484 0.7685565948486328
v 0.2555902600288391 -0.14811478555202484 0.7685565948486328
v -0.2283754199743271 -0.13914062082767487 0.7466205358505249
v 0.22865742444992065 -0.13914062082767487 0.7466205358505249
v -0.22508174180984497 -0.13914062082767487 0.7575864195823669
v 0.22536374628543854 -0.13914062082767487 0.7575864195823669
v -0.21042500436306 -0.12118609994649887 0.7490565180778503
v 0.21070493757724762 -0.12118609994649887 0.7490565180778503
v -0.20144669711589813 -0.12118609994649887 0.7551485300064087
v -0.1981489509344101 -0.12118609994649887 0.7527125477790833
v 0.2008218765258789 -0.12118609994649887 0.7551485300064087
v 0.19842888414859772 -0.12118609994649887 0.7527125477790833
v -0.22508174180984497 -0.14811478555202484 0.7709945440292358
v 0.22536374628543854 -0.14811478555202484 0.7709945440292358
v -0.18917064368724823 -0.02959362417459488 0.6734882593154907
v 0.188545823097229 -0.02959362417459488 0.6734882593154907
v -0.33223778009414673 -0.09663806110620499 0.7201073169708252
v 0.33251774311065674 -0.09663806110620499 0.7201073169708252
v -0.36575794219970703 -0.11459466814994812 0.6759242415428162
v 0.36603793501853943 -0.11459466814994812 0.6759242415428162
v -0.3591665029525757 -0.15470626950263977 0.7063964009284973
v 0.35944852232933044 -0.15470626950263977 0.7063964009284973
v -0.35348600149154663 -0.17595447599887848 0.7246783971786499
v 0.353767991065979 -0.17595447599887848 0.7246783971786499
v -0.3478013575077057 -0.18493270874023438 0.7368684411048889
v 0.34717652201652527 -0.18493270874023438 0.7368684411048889
v -0.33553147315979004 -0.2004963457584381 0.7429645657539368
v -0.3076918125152588 -0.21186554431915283 0.7734305262565613
v 0.3349066376686096 -0.2004963457584381 0.7429645657539368
v 0.3079717457294464 -0.21186554431915283 0.7734305262565613
v -0.25621509552001953 -0.22623778879642487 0.7856205701828003
v 0.2555902600288391 -0.22623778879642487 0.7856205701828003
v -0.2864415645599365 0.03176618367433548 0.3407430648803711
v -0.2651933431625366 0.02517475187778473 0.43215328454971313
v -0.2496236264705658 0.019494209438562393 0.4809054732322693
v 0.2867235541343689 0.03176618367433548 0.3407430648803711
v 0.26547330617904663 0.02517475187778473 0.43215328454971313
v 0.24990561604499817 0.019494209438562393 0.4809054732322693
v -0.2987135350704193 -0.035278256982564926 0.3102668523788452
v 0.2989934980869293 -0.035278256982564926 0.3102668523788452
v -0.2954198718070984 0.03176618367433548 0.29808083176612854
v 0.29570186138153076 0.03176618367433548 0.29808083176612854
v -0.2741716504096985 0.04972272738814354 -0.7044269442558289
v -0.28973522782325745 0.03745075315237045 -0.6434826254844666
v -0.2388521283864975 -0.0014592105289921165 -0.7684131264686584
v -0.2774653136730194 0.01440322957932949 -0.7074708342552185
v 0.2744516134262085 0.04972272738814354 -0.7044269442558289
v 0.289110392332077 0.03745075315237045 -0.6434826254844666
v 0.23913413286209106 -0.0014592105289921165 -0.7684131264686584
v 0.2777452766895294 0.01440322957932949 -0.7074708342552185
v -0.28314992785453796 0.07995332032442093 -0.6404346227645874
v -0.26848703622817993 0.12903712689876556 -0.6404346227645874
v 0.283429890871048 0.07995332032442093 -0.6404346227645874
v 0.2678622007369995 0.12903712689876556 -0.6404346227645874
v -0.31667008996009827 0.03745075315237045 -0.5581602454185486
v -0.3076918125152588 0.04972272738814354 -0.5581602454185486
v -0.2954198718070984 0.02517475187778473 -0.6434826254844666
v 0.3169500529766083 0.03745075315237045 -0.5581602454185486
v 0.3079717457294464 0.04972272738814354 -0.5581602454185486
v 0.29570186138153076 0.02517475187778473 -0.6434826254844666
v -0.31667008996009827 0.03745075315237045 -0.5276901721954346
v -0.3199617266654968 0.0006328187300823629 -0.5459722280502319
v 0.3169500529766083 0.03745075315237045 -0.5276901721954346
v 0.3202437460422516 0.0006328187300823629 -0.5459722280502319
v -0.3109895884990692 0.0530184730887413 -0.5276901721954346
v -0.3289400041103363 0.04404224455356598 -0.42713379859924316
v 0.3112695515155792 0.0530184730887413 -0.5276901721954346
v 0.3292219936847687 0.04404224455356598 -0.42713379859924316
v -0.32325950264930725 0.05869895592331886 -0.3966616690158844
v -0.30201128125190735 0.06768134236335754 -0.5276901721954346
v -0.3199617266654968 0.06768134236335754 -0.3966616690158844
v -0.3289400041103363 0.05869895592331886 -0.25040116906166077
v -0.33223778009414673 0.04642905667424202 -0.3966616690158844
v -0.33791831135749817 0.04642905667424202 -0.25040116906166077
v 0.30138644576072693 0.06768134236335754 -0.5276901721954346
v 0.32263466715812683 0.05869895592331886 -0.3966616690158844
v 0.3202437460422516 0.06768134236335754 -0.3966616690158844
v 0.3292219936847687 0.05869895592331886 -0.25040116906166077
v 0.33251774311065674 0.04642905667424202 -0.3966616690158844
v 0.3381982743740082 0.04642905667424202 -0.25040116906166077
v -0.3109895884990692 0.07097501307725906 -0.3966616690158844
v -0.3256463408470154 0.06768134236335754 -0.25040116906166077
v -0.3199617266654968 0.07097501307725906 -0.25040116906166077
v 0.3112695515155792 0.07097501307725906 -0.3966616690158844
v 0.32592833042144775 0.06768134236335754 -0.25040116906166077
v 0.3202437460422516 0.07097501307725906 -0.25040116906166077
v -0.2987135350704193 0.08983640372753143 -0.5581602454185486
v 0.2989934980869293 0.08983640372753143 -0.5581602454185486
v -0.28314992785453796 0.14699360728263855 -0.5612103343009949
v -0.2864415645599365 0.1167650893330574 -0.5703503489494324
v 0.2867235541343689 0.1167650893330574 -0.5703503489494324
v 0.283429890871048 0.14699360728263855 -0.5612103343009949
v -0.2741716504096985 0.1853099763393402 -0.5551122426986694
v -0.28075695037841797 0.16824187338352203 -0.5459722280502319
v 0.28013211488723755 0.16824187338352203 -0.5459722280502319
v 0.2744516134262085 0.1853099763393402 -0.5551122426986694
v -0.2774653136730194 0.20176607370376587 -0.49417412281036377
v 0.2777452766895294 0.20176607370376587 -0.49417412281036377
v -0.2774653136730194 0.2263079434633255 -0.42713379859924316
v -0.2741716504096985 0.23857997357845306 -0.42713379859924316
v 0.2777452766895294 0.2263079434633255 -0.42713379859924316
v 0.2744516134262085 0.23857997357845306 -0.42713379859924316
v -0.2774653136730194 0.25803491473197937 -0.32353344559669495
v -0.28075695037841797 0.2418735921382904 -0.32353344559669495
v 0.28013211488723755 0.2418735921382904 -0.32353344559669495
v 0.2777452766895294 0.25803491473197937 -0.32353344559669495
v -0.2864415645599365 0.24755828082561493 -0.23821108043193817
v 0.2867235541343689 0.24755828082561493 -0.23821108043193817
v -0.2864415645599365 0.23857997357845306 -0.22907108068466187
v 0.2867235541343689 0.23857997357845306 -0.22907108068466187
v -0.3256463408470154 -0.23640742897987366 -0.39056968688964844
v -0.3289400041103363 -0.2094745934009552 -0.39483776688575745
v -0.33553147315979004 -0.13914062082767487 -0.40580371022224426
v 0.32592833042144775 -0.23640742897987366 -0.39056968688964844
v 0.3349066376686096 -0.13914062082767487 -0.40580371022224426
v 0.3292219936847687 -0.2094745934009552 -0.39483776688575745
v -0.33553147315979004 -0.09993582218885422 -0.4301818311214447
v -0.33553147315979004 -0.005051751621067524 -0.42713379859924316
v -0.33553147315979004 -0.05652853101491928 -0.46065396070480347
v 0.3349066376686096 -0.09993582218885422 -0.4301818311214447
v 0.3349066376686096 -0.005051751621067524 -0.42713379859924316
v 0.3349066376686096 -0.05652853101491928 -0.46065396070480347
v -0.32325950264930725 0.07995332032442093 -0.23516304790973663
v 0.32263466715812683 0.07995332032442093 -0.23516304790973663
v -0.32325950264930725 0.09551689028739929 -0.22602304816246033
v 0.32263466715812683 0.09551689028739929 -0.22602304816246033
v -0.3109895884990692 0.1625613272190094 -0.22602304816246033
v 0.3112695515155792 0.1625613272190094 -0.22602304816246033
v -0.2921220660209656 0.2263079434633255 -0.22602304816246033
v 0.29240408539772034 0.2263079434633255 -0.22602304816246033
v -0.05567954480648041 -0.06191831827163696 -0.9390517473220825
v -0.055085908621549606 -0.05054911971092224 -0.9390517473220825
v -0.07304248213768005 -0.06191831827163696 -0.9268636703491211
v -0.023952582851052284 -0.05054911971092224 -0.9512417912483215
v -0.018274111673235893 -0.06191831827163696 -0.9609959125518799
v 0.05596153810620308 -0.06191831827163696 -0.9390517473220825
v 0.07332242280244827 -0.06191831827163696 -0.9268636703491211
v 0.05446106567978859 -0.05054911971092224 -0.9390517473220825
v 0.024234576150774956 -0.05054911971092224 -0.9512417912483215
v 0.01855405978858471 -0.06191831827163696 -0.9609959125518799
v -0.06435896456241608 -0.05054911971092224 -0.9268636703491211
v -0.08171985298395157 -0.05982629209756851 -0.932959794998169
v 0.06463891267776489 -0.05054911971092224 -0.9268636703491211
v 0.08200184255838394 -0.05982629209756851 -0.932959794998169
v -0.03054402768611908 -0.04246333986520767 -0.932959794998169
v -0.07304248213768005 -0.047554317861795425 -0.9268636703491211
v 0.03082602098584175 -0.04246333986520767 -0.932959794998169
v 0.07332242280244827 -0.047554317861795425 -0.9268636703491211
v -0.0003134429280180484 -0.06191831827163696 -0.9634318351745605
v -0.0003134429280180484 -0.05054911971092224 -0.957339882850647
v -0.0003134429280180484 -0.04036923497915268 -0.945149838924408
v -0.03054402768611908 -0.038277145475149155 -0.9268636703491211
v 0.03082602098584175 -0.038277145475149155 -0.9268636703491211
v -0.0003134429280180484 -0.035278256982564926 -0.9268636703491211
v -0.07304248213768005 -0.13345599174499512 -0.9756219983100891
v -0.0003134429280180484 -0.13345599174499512 -0.9756219983100891
v -0.07304248213768005 -0.06641155481338501 -0.9512417912483215
v -0.0003134429280180484 -0.06641155481338501 -0.9512417912483215
v 0.07332242280244827 -0.13345599174499512 -0.9756219983100891
v 0.07332242280244827 -0.06641155481338501 -0.9512417912483215
v -0.04340963065624237 -0.20050042867660522 -0.9902480244636536
v -0.0003134429280180484 -0.20050042867660522 -0.9902480244636536
v -0.0003134429280180484 -0.16936707496643066 -0.9853739738464355
v 0.043689578771591187 -0.20050042867660522 -0.9902480244636536
v -0.0449080616235733 -0.21845288574695587 -0.9902480244636536
v 0.04518800228834152 -0.21845288574695587 -0.9902480244636536
v -0.0003134429280180484 -0.21845288574695587 -0.9902480244636536
v -0.04340963065624237 -0.16936707496643066 -0.9853739738464355
v -0.0003134429280180484 -0.1687754988670349 -0.9841498732566833
v 0.043689578771591187 -0.16936707496643066 -0.9853739738464355
v -0.04281598702073097 -0.1687754988670349 -0.9841498732566833
v -0.0003134429280180484 -0.1651829481124878 -0.9731839299201965
v 0.04309593513607979 -0.1687754988670349 -0.9841498732566833
v -0.039815038442611694 -0.1651829481124878 -0.9731839299201965
v 0.040097031742334366 -0.1651829481124878 -0.9731839299201965
v -0.0003134429280180484 -0.1636825054883957 -0.9719659686088562
v -0.08022141456604004 -0.1882263869047165 -0.987809956073761
v -0.08171985298395157 -0.21186554431915283 -0.987809956073761
v 0.0805034190416336 -0.1882263869047165 -0.987809956073761
v 0.08200184255838394 -0.21186554431915283 -0.987809956073761
v -0.08022141456604004 -0.1636825054883957 -0.982931911945343
v 0.0805034190416336 -0.1636825054883957 -0.982931911945343
v -0.07962778210639954 -0.16218405961990356 -0.9817139506340027
v 0.07900294661521912 -0.16218405961990356 -0.9817139506340027
v -0.07513454556465149 -0.1570930778980255 -0.9707479476928711
v -0.03922344371676445 -0.1636825054883957 -0.9719659686088562
v 0.07541654258966446 -0.1570930778980255 -0.9707479476928711
v 0.03859860450029373 -0.1636825054883957 -0.9719659686088562
v -0.11194838583469391 -0.17595447599887848 -0.9634318351745605
v -0.11494728922843933 -0.19391101598739624 -0.9695237874984741
v 0.11222834140062332 -0.17595447599887848 -0.9634318351745605
v 0.11432244628667831 -0.19391101598739624 -0.9695237874984741
v -0.10626787692308426 -0.152910977602005 -0.957339882850647
v 0.10564302653074265 -0.152910977602005 -0.957339882850647
v -0.10476739704608917 -0.15141260623931885 -0.957339882850647
v 0.10504938662052155 -0.15141260623931885 -0.957339882850647
v -0.09967643022537231 -0.14782005548477173 -0.9524597525596619
v -0.07304248213768005 -0.15650351345539093 -0.9695237874984741
v 0.09995841979980469 -0.14782005548477173 -0.9524597525596619
v 0.07332242280244827 -0.15650351345539093 -0.9695237874984741
v -0.1344022899866104 -0.15141260623931885 -0.9488058090209961
v -0.14667218923568726 -0.16936707496643066 -0.945149838924408
v 0.13377745449543 -0.15141260623931885 -0.9488058090209961
v 0.14604736864566803 -0.16936707496643066 -0.945149838924408
v -0.1191314235329628 -0.13914062082767487 -0.9488058090209961
v 0.11941342055797577 -0.13914062082767487 -0.9488058090209961
v -0.11703935265541077 -0.13914062082767487 -0.9488058090209961
v 0.11731930077075958 -0.13914062082767487 -0.9488058090209961
v -0.11194838583469391 -0.13914062082767487 -0.945149838924408
v -0.09758435189723969 -0.1463216245174408 -0.9512417912483215
v 0.11222834140062332 -0.13914062082767487 -0.945149838924408
v 0.0978643074631691 -0.1463216245174408 -0.9512417912483215
v -0.15803733468055725 -0.12118609994649887 -0.9207716584205627
v -0.17330820858478546 -0.14064107835292816 -0.9085856676101685
v 0.15831932425498962 -0.12118609994649887 -0.9207716584205627
v 0.17268335819244385 -0.14064107835292816 -0.9085856676101685
v -0.14008690416812897 -0.11100206524133682 -0.9207716584205627
v 0.14036685228347778 -0.11100206524133682 -0.9207716584205627
v -0.10986041277647018 -0.13914062082767487 -0.945149838924408
v 0.110140360891819 -0.13914062082767487 -0.945149838924408
v -0.09099699556827545 -0.11459466814994812 -0.945149838924408
v -0.11554092913866043 -0.0777808204293251 -0.9353976845741272
v 0.09127900004386902 -0.11459466814994812 -0.945149838924408
v 0.11582087725400925 -0.0777808204293251 -0.9353976845741272
v -0.07962778210639954 -0.06641155481338501 -0.9390517473220825
v 0.07900294661521912 -0.06641155481338501 -0.9390517473220825
v -0.0003134429280180484 -0.06641155481338501 -0.9390517473220825
v -0.18917064368724823 -0.08436816185712814 -0.8744534850120544
v -0.20144669711589813 -0.10023060441017151 -0.8659235239028931
v 0.188545823097229 -0.08436816185712814 -0.8744534850120544
v 0.2008218765258789 -0.10023060441017151 -0.8659235239028931
v -0.1646287739276886 -0.07419029623270035 -0.8866435885429382
v 0.16490872204303741 -0.07419029623270035 -0.8866435885429382
v -0.14008690416812897 -0.0454622283577919 -0.9110216498374939
v 0.14036685228347778 -0.0454622283577919 -0.9110216498374939
v -0.22508174180984497 -0.035278256982564926 -0.8049812912940979
v -0.22269490361213684 -0.05982629209756851 -0.8141212463378906
v -0.18408378958702087 -0.12686657905578613 -0.8902995586395264
v -0.20921927690505981 -0.08436816185712814 -0.8415454030036926
v 0.22536374628543854 -0.035278256982564926 -0.8049812912940979
v 0.22207008302211761 -0.05982629209756851 -0.8141212463378906
v 0.18436577916145325 -0.12686657905578613 -0.8902995586395264
v 0.20950128138065338 -0.08436816185712814 -0.8415454030036926
v -0.21371664106845856 -0.01941581629216671 -0.8171713352203369
v 0.21309177577495575 -0.01941581629216671 -0.8171713352203369
v -0.19276317954063416 -0.010732295922935009 -0.8232632875442505
v 0.19304314255714417 -0.010732295922935009 -0.8232632875442505
v -0.14876632392406464 0.017995771020650864 -0.8354533910751343
v 0.14904625713825226 0.017995771020650864 -0.8354533910751343
v -0.07962778210639954 0.02517475187778473 -0.8561714887619019
v 0.07900294661521912 0.02517475187778473 -0.8561714887619019
v -0.0003134429280180484 0.03176618367433548 -0.8781094551086426
v -0.25621509552001953 -0.0017580805579200387 -0.7562230229377747
v 0.2555902600288391 -0.0017580805579200387 -0.7562230229377747
v -0.17689870297908783 -0.2576577067375183 -0.9780579209327698
v -0.1825833022594452 -0.15141260623931885 -0.914677619934082
v 0.1771806925535202 -0.2576577067375183 -0.9780579209327698
v 0.18286530673503876 -0.15141260623931885 -0.914677619934082
v -0.09099699556827545 -0.26095545291900635 -0.9902480244636536
v -0.08531239628791809 -0.2429988533258438 -0.982931911945343
v 0.09127900004386902 -0.26095545291900635 -0.9902480244636536
v 0.08559439331293106 -0.2429988533258438 -0.982931911945343
v -0.07304248213768005 -0.23999996483325958 -0.9817139506340027
v 0.07332242280244827 -0.23999996483325958 -0.9817139506340027
v -0.06077050790190697 -0.2429988533258438 -0.987809956073761
v 0.061052508652210236 -0.2429988533258438 -0.987809956073761
v -0.055085908621549606 -0.26095545291900635 -1.0
v 0.05446106567978859 -0.26095545291900635 -1.0
v -0.0003134429280180484 -0.26095545291900635 -1.0
v -0.23496687412261963 -0.08765976130962372 -0.842763364315033
v -0.2283754199743271 -0.09005273133516312 -0.8659235239028931
v -0.2774653136730194 -0.06311788409948349 -0.8202152848243713
v 0.2343420535326004 -0.08765976130962372 -0.842763364315033
v 0.22865742444992065 -0.09005273133516312 -0.8659235239028931
v 0.2777452766895294 -0.06311788409948349 -0.8202152848243713
v -0.2316732108592987 -0.13015824556350708 -0.8842076063156128
v 0.23195521533489227 -0.13015824556350708 -0.8842076063156128
v -0.25621509552001953 -0.1570930778980255 -0.8994395732879639
v 0.2555902600288391 -0.1570930778980255 -0.8994395732879639
v -0.25860193371772766 -0.24867939949035645 -0.957339882850647
v 0.25888392329216003 -0.24867939949035645 -0.957339882850647
v -0.3076918125152588 -0.2429988533258438 -0.9177257418632507
v -0.2774653136730194 -0.15141260623931885 -0.8872556686401367
v 0.3079717457294464 -0.2429988533258438 -0.9177257418632507
v 0.2777452766895294 -0.15141260623931885 -0.8872556686401367
v -0.35019025206565857 -0.21845288574695587 -0.8567834496498108
v -0.2864415645599365 -0.13914062082767487 -0.8781136274337769
v 0.35047024488449097 -0.21845288574695587 -0.8567834496498108
v 0.3202437460422516 -0.16039083898067474 -0.8842076063156128
v 0.2867235541343689 -0.13914062082767487 -0.8781136274337769
v -0.3199617266654968 -0.16039083898067474 -0.8842076063156128
v -0.3591665029525757 -0.20288725197315216 -0.8171713352203369
v 0.35944852232933044 -0.20288725197315216 -0.8171713352203369
v -0.3256463408470154 -0.14482110738754272 -0.8476373553276062
v -0.2921220660209656 -0.11130093783140182 -0.8567834496498108
v 0.32592833042144775 -0.14482110738754272 -0.8476373553276062
v 0.35047024488449097 -0.17266079783439636 -0.8293552994728088
v 0.29240408539772034 -0.11130093783140182 -0.8567834496498108
v -0.3256463408470154 -0.11459466814994812 -0.8324053287506104
v -0.2921220660209656 -0.10561636835336685 -0.8476373553276062
v 0.32592833042144775 -0.11459466814994812 -0.8324053287506104
v 0.29240408539772034 -0.10561636835336685 -0.8476373553276062
v -0.35019025206565857 -0.17266079783439636 -0.8293552994728088
v -0.36575794219970703 -0.14482110738754272 -0.7775530815124512
v 0.36603793501853943 -0.14482110738754272 -0.7775530815124512
v -0.33553147315979004 -0.10232269763946533 -0.8202152848243713
v -0.3591665029525757 -0.13015824556350708 -0.7927911877632141
v 0.35944852232933044 -0.13015824556350708 -0.7927911877632141
v -0.28973522782325745 -0.08107449114322662 -0.8232632875442505
v 0.3349066376686096 -0.10232269763946533 -0.8202152848243713
v 0.289110392332077 -0.08107449114322662 -0.8232632875442505
v -0.36695340275764465 -0.09993582218885422 -0.7440390586853027
v 0.3672354221343994 -0.09993582218885422 -0.7440390586853027
v -0.34450972080230713 -0.050847988575696945 -0.7623211741447449
v -0.3624642789363861 -0.07538986206054688 -0.7562230229377747
v 0.3447897136211395 -0.050847988575696945 -0.7623211741447449
v 0.3627462685108185 -0.07538986206054688 -0.7562230229377747
v -0.3076918125152588 -0.023008355870842934 -0.7592710852622986
v 0.3079717457294464 -0.023008355870842934 -0.7592710852622986
v -0.36905163526535034 -0.06311788409948349 -0.6709067225456238
v 0.3684267997741699 -0.06311788409948349 -0.6709067225456238
v -0.34450972080230713 -0.0017580805579200387 -0.65871661901474
v -0.3624642789363861 -0.02629995346069336 -0.6678566932678223
v 0.3447897136211395 -0.0017580805579200387 -0.65871661901474
v 0.3627462685108185 -0.02629995346069336 -0.6678566932678223
v 0.3181455135345459 0.01619645021855831 -0.6526246666908264
v -0.36905163526535034 -0.06311788409948349 -0.5794923901557922
v 0.3684267997741699 -0.06311788409948349 -0.5794923901557922
v -0.36575794219970703 -0.035278256982564926 -0.5733983516693115
v 0.36603793501853943 -0.035278256982564926 -0.5733983516693115
v -0.3187703788280487 0.01619645021855831 -0.6526246666908264
v -0.35467734932899475 -0.020615383982658386 -0.5612103343009949
v 0.3549593687057495 -0.020615383982658386 -0.5612103343009949
v -0.33791831135749817 -0.008345422334969044 -0.5490202903747559
v 0.3381982743740082 -0.008345422334969044 -0.5490202903747559
v -0.36905163526535034 -0.09663806110620499 -0.509408175945282
v 0.3684267997741699 -0.09663806110620499 -0.509408175945282
v -0.36695340275764465 -0.08107449114322662 -0.4972180426120758
v 0.3672354221343994 -0.08107449114322662 -0.4972180426120758
v -0.3591665029525757 -0.068804532289505 -0.47893601655960083
v 0.35944852232933044 -0.068804532289505 -0.47893601655960083
v -0.3478013575077057 -0.05652853101491928 -0.46979397535324097
v 0.34717652201652527 -0.05652853101491928 -0.46979397535324097
v -0.36695340275764465 -0.1636825054883957 -0.4636979103088379
v 0.3672354221343994 -0.1636825054883957 -0.4636979103088379
v -0.36575794219970703 -0.15919335186481476 -0.44846388697624207
v 0.36603793501853943 -0.15919335186481476 -0.44846388697624207
v -0.3591665029525757 -0.15470626950263977 -0.4301818311214447
v 0.35944852232933044 -0.15470626950263977 -0.4301818311214447
v -0.3478013575077057 -0.14811886847019196 -0.4210418164730072
v 0.34717652201652527 -0.14811886847019196 -0.4210418164730072
v -0.3624642789363861 -0.22413752973079681 -0.4454158544540405
v 0.3627462685108185 -0.22413752973079681 -0.4454158544540405
v -0.3591665029525757 -0.2217506468296051 -0.4210418164730072
v 0.35944852232933044 -0.2217506468296051 -0.4210418164730072
v -0.35677966475486755 -0.21845288574695587 -0.4088517427444458
v 0.35615482926368713 -0.21845288574695587 -0.4088517427444458
v -0.34450972080230713 -0.21515922248363495 -0.3997117578983307
v -0.3289400041103363 -0.23640742897987366 -0.39056968688964844
v 0.3447897136211395 -0.21515922248363495 -0.3997117578983307
v 0.3292219936847687 -0.23640742897987366 -0.39056968688964844
v -0.3624642789363861 -0.24867939949035645 -0.4454158544540405
v 0.3627462685108185 -0.24867939949035645 -0.4454158544540405
v -0.3624642789363861 -0.2732253670692444 -0.42713379859924316
v 0.3627462685108185 -0.2732253670692444 -0.42713379859924316
v -0.35019025206565857 -0.24867939949035645 -0.40275976061820984
v 0.35047024488449097 -0.24867939949035645 -0.40275976061820984
v -0.3591665029525757 -0.2732253670692444 -0.42713379859924316
v 0.35944852232933044 -0.2732253670692444 -0.42713379859924316
f 1 2 3
f 1 3 4
f 1 5 2
f 1 6 5
f 1 4 6
f 7 8 9
f 10 7 9
f 11 9 8
f 12 9 11
f 10 9 12
f 2 13 3
f 3 13 14
f 4 3 14
f 7 15 8
f 16 15 7
f 7 10 16
f 17 18 2
f 17 2 19
f 17 19 20
f 2 18 13
f 2 5 19
f 21 8 22
f 23 8 21
f 24 23 21
f 22 8 15
f 11 8 23
f 13 18 25
f 13 25 26
f 13 26 27
f 14 13 27
f 22 15 28
f 28 15 29
f 30 29 15
f 15 16 30
f 26 25 31
f 28 29 32
f 26 31 33
f 26 33 34
f 26 34 27
f 32 29 35
f 35 29 36
f 36 29 30
f 33 31 37
f 32 35 37
f 33 37 38
f 37 35 38
f 34 33 38
f 38 35 36
f 34 38 39
f 38 36 39
f 40 41 14
f 14 41 42
f 14 27 40
f 4 14 42
f 16 44 43
f 45 44 16
f 30 16 43
f 16 10 45
f 46 47 41
f 41 47 48
f 41 40 46
f 42 41 48
f 44 50 49
f 51 50 44
f 43 44 49
f 44 45 51
f 52 53 47
f 47 53 54
f 47 46 52
f 48 47 54
f 50 56 55
f 57 56 50
f 49 50 55
f 50 51 57
f 58 59 53
f 53 59 60
f 53 52 58
f 54 53 60
f 56 62 61
f 63 62 56
f 55 56 61
f 56 57 63
f 64 65 59
f 66 59 65
f 59 58 64
f 60 59 66
f 62 68 67
f 68 62 69
f 61 62 67
f 62 63 69
f 65 64 70
f 65 70 71
f 72 65 71
f 66 65 72
f 67 68 73
f 74 73 68
f 75 74 68
f 75 68 69
f 70 64 76
f 70 76 77
f 71 70 78
f 78 70 77
f 67 73 79
f 79 73 80
f 73 74 81
f 73 81 80
f 76 64 82
f 82 64 58
f 67 79 83
f 61 67 83
f 76 82 84
f 76 84 85
f 77 76 85
f 83 79 86
f 86 79 87
f 79 80 87
f 84 82 88
f 84 88 89
f 84 89 90
f 85 84 90
f 88 82 91
f 83 86 92
f 93 92 86
f 94 93 86
f 86 87 94
f 83 92 95
f 91 82 96
f 82 58 96
f 91 96 97
f 83 95 98
f 61 83 98
f 98 95 99
f 100 101 97
f 97 96 100
f 99 103 102
f 98 99 102
f 104 105 101
f 101 100 104
f 103 105 104
f 102 103 104
f 90 89 106
f 90 106 107
f 85 90 107
f 93 94 108
f 108 94 109
f 94 87 109
f 110 40 27
f 27 34 110
f 30 43 111
f 36 30 111
f 112 100 96
f 58 112 96
f 98 102 113
f 98 113 61
f 114 104 100
f 100 112 114
f 102 104 114
f 113 102 114
f 107 106 115
f 107 115 116
f 107 116 117
f 85 107 117
f 108 109 118
f 118 109 119
f 120 119 109
f 109 87 120
f 116 115 121
f 116 121 122
f 116 122 123
f 117 116 123
f 118 119 121
f 121 119 122
f 124 122 119
f 119 120 124
f 123 122 125
f 122 124 125
f 126 46 40
f 40 110 126
f 43 49 127
f 111 43 127
f 128 52 46
f 46 126 128
f 49 55 129
f 127 49 129
f 112 58 52
f 52 128 112
f 55 61 113
f 129 55 113
f 110 34 39
f 36 111 39
f 110 39 130
f 39 111 130
f 126 110 130
f 130 111 127
f 126 130 131
f 130 127 131
f 128 126 131
f 131 127 129
f 128 131 132
f 131 129 132
f 112 128 132
f 112 132 114
f 132 129 113
f 132 113 114
f 20 19 133
f 24 134 23
f 135 19 5
f 136 135 5
f 137 5 6
f 5 137 136
f 11 23 138
f 11 138 139
f 12 11 140
f 140 11 139
f 19 135 133
f 138 23 134
f 133 135 141
f 141 135 136
f 138 134 142
f 139 138 142
f 143 144 141
f 145 143 141
f 143 145 146
f 143 146 147
f 148 142 149
f 142 148 150
f 151 150 148
f 152 151 148
f 153 133 141
f 154 153 141
f 141 144 154
f 141 136 145
f 142 134 155
f 142 155 156
f 149 142 156
f 139 142 150
f 157 153 154
f 158 159 154
f 158 154 144
f 154 159 157
f 156 155 160
f 156 162 161
f 149 156 161
f 162 156 160
f 163 159 158
f 164 163 158
f 164 158 165
f 158 144 165
f 161 162 166
f 161 166 167
f 168 161 167
f 149 161 168
f 169 157 159
f 159 163 169
f 162 160 170
f 166 162 170
f 171 172 164
f 171 164 165
f 173 167 172
f 168 167 173
f 164 172 174
f 172 167 174
f 163 164 174
f 174 167 166
f 163 174 175
f 174 166 175
f 169 163 175
f 169 175 176
f 175 166 170
f 175 170 176
f 177 179 178
f 180 179 177
f 178 181 177
f 182 180 177
f 182 177 183
f 183 177 181
f 184 186 185
f 184 185 187
f 188 186 184
f 184 187 189
f 190 184 189
f 184 190 188
f 191 192 179
f 191 179 180
f 178 179 193
f 179 192 193
f 185 195 194
f 187 185 194
f 185 186 196
f 195 185 196
f 197 192 191
f 191 180 198
f 199 191 198
f 191 199 197
f 194 195 200
f 187 194 201
f 201 194 202
f 202 194 200
f 178 193 203
f 178 203 204
f 178 204 181
f 196 186 205
f 206 205 186
f 188 206 186
f 193 192 207
f 203 193 208
f 193 207 208
f 195 196 209
f 196 205 210
f 209 196 210
f 211 207 192
f 192 197 211
f 195 209 212
f 200 195 212
f 203 208 213
f 203 213 214
f 204 203 214
f 210 205 215
f 216 215 205
f 205 206 216
f 208 207 217
f 213 208 218
f 208 217 218
f 209 210 219
f 210 215 220
f 219 210 220
f 221 217 207
f 207 211 221
f 209 219 222
f 212 209 222
f 213 218 223
f 213 223 224
f 214 213 224
f 220 215 225
f 226 225 215
f 215 216 226
f 218 217 227
f 223 218 228
f 218 227 228
f 219 220 229
f 220 225 230
f 229 220 230
f 231 227 217
f 217 221 231
f 219 229 232
f 222 219 232
f 223 228 233
f 223 233 234
f 224 223 234
f 230 225 235
f 236 235 225
f 225 226 236
f 228 227 237
f 233 228 238
f 228 237 238
f 229 230 239
f 230 235 240
f 239 230 240
f 241 237 227
f 227 231 241
f 229 239 242
f 232 229 242
f 233 238 243
f 233 243 244
f 234 233 244
f 240 235 245
f 246 245 235
f 235 236 246
f 238 237 247
f 238 247 248
f 243 238 248
f 239 240 249
f 249 240 250
f 240 245 250
f 251 247 237
f 237 241 251
f 239 249 252
f 242 239 252
f 253 248 247
f 253 247 251
f 249 250 254
f 252 249 254
f 248 253 243
f 254 250 245
f 243 253 255
f 256 243 255
f 244 243 256
f 254 245 257
f 245 258 257
f 245 246 258
f 253 260 259
f 261 260 253
f 262 253 259
f 255 253 262
f 253 251 261
f 254 259 260
f 263 254 260
f 259 254 264
f 254 257 264
f 252 254 263
f 262 259 265
f 265 255 262
f 259 264 265
f 265 264 257
f 255 265 266
f 255 266 267
f 255 267 268
f 255 268 256
f 266 265 257
f 266 257 269
f 270 269 257
f 258 270 257
f 267 266 271
f 267 271 272
f 267 272 273
f 268 267 273
f 271 266 269
f 271 269 274
f 275 274 269
f 269 270 275
f 272 271 276
f 272 276 277
f 272 277 278
f 273 272 278
f 276 271 274
f 276 274 279
f 280 279 274
f 274 275 280
f 277 276 281
f 277 281 282
f 277 282 283
f 278 277 283
f 281 276 279
f 281 279 284
f 285 284 279
f 279 280 285
f 282 281 286
f 282 286 287
f 282 287 288
f 283 282 288
f 286 281 284
f 286 284 289
f 290 289 284
f 284 285 290
f 287 286 291
f 287 291 292
f 287 292 293
f 288 287 293
f 291 286 289
f 291 289 294
f 295 294 289
f 289 290 295
f 292 291 296
f 292 296 297
f 293 292 297
f 296 291 298
f 296 298 299
f 297 296 299
f 291 294 300
f 301 300 294
f 294 295 301
f 291 300 302
f 298 291 302
f 302 300 303
f 304 303 300
f 300 301 304
f 298 302 305
f 298 305 306
f 298 306 307
f 299 298 307
f 305 302 303
f 305 303 308
f 306 305 309
f 308 303 310
f 311 310 303
f 303 304 311
f 306 309 165
f 306 165 312
f 306 312 313
f 307 306 313
f 308 310 168
f 168 310 314
f 315 314 310
f 310 311 315
f 312 165 144
f 312 144 316
f 312 316 317
f 313 312 317
f 168 314 149
f 149 314 318
f 319 318 314
f 314 315 319
f 316 144 182
f 316 182 320
f 317 316 320
f 189 149 318
f 321 189 318
f 318 319 321
f 182 144 180
f 320 182 183
f 187 149 189
f 189 321 190
f 180 144 322
f 180 322 198
f 149 187 323
f 323 187 201
f 198 322 147
f 199 198 324
f 198 147 324
f 323 201 152
f 201 202 325
f 152 201 325
f 204 214 326
f 204 326 327
f 181 204 327
f 328 216 206
f 329 328 206
f 329 206 188
f 214 224 330
f 326 214 330
f 331 226 216
f 216 328 331
f 224 234 332
f 330 224 332
f 333 236 226
f 226 331 333
f 234 244 334
f 332 234 334
f 335 246 236
f 236 333 335
f 268 273 256
f 270 258 275
f 256 273 244
f 244 273 334
f 334 273 278
f 275 258 246
f 275 246 335
f 275 335 280
f 334 278 283
f 334 283 332
f 285 280 335
f 285 335 333
f 332 283 288
f 332 288 330
f 290 285 333
f 290 333 331
f 330 288 293
f 330 293 326
f 295 290 331
f 295 331 328
f 326 293 297
f 326 297 327
f 301 295 328
f 301 328 329
f 327 297 299
f 327 299 336
f 181 327 336
f 336 299 307
f 304 301 329
f 304 329 311
f 311 329 337
f 329 188 337
f 336 307 313
f 336 313 317
f 315 311 337
f 315 337 319
f 181 336 183
f 183 336 320
f 320 336 317
f 188 190 337
f 337 190 319
f 319 190 321
f 338 340 339
f 338 339 341
f 338 341 342
f 339 340 343
f 339 343 344
f 339 345 341
f 339 344 345
f 346 348 347
f 349 348 346
f 350 349 346
f 347 348 351
f 352 351 348
f 352 348 349
f 343 340 353
f 347 351 354
f 343 353 355
f 344 343 355
f 354 351 356
f 356 351 357
f 351 352 357
f 355 353 358
f 354 356 359
f 355 358 360
f 355 360 361
f 344 355 361
f 359 356 362
f 362 356 363
f 356 357 363
f 360 358 364
f 359 362 365
f 360 364 366
f 360 366 367
f 361 360 367
f 365 362 368
f 368 362 369
f 362 363 369
f 366 364 370
f 366 370 371
f 366 371 372
f 367 366 372
f 365 368 373
f 373 368 374
f 375 374 368
f 368 369 375
f 376 371 370
f 371 376 377
f 372 371 377
f 378 376 370
f 373 374 379
f 373 379 380
f 374 375 379
f 381 376 378
f 382 381 378
f 380 379 383
f 380 383 384
f 377 376 381
f 385 383 379
f 379 375 385
f 386 381 382
f 387 386 382
f 384 383 388
f 384 388 389
f 381 386 390
f 381 390 377
f 388 383 391
f 391 383 385
f 392 386 387
f 393 392 387
f 389 388 394
f 389 394 395
f 396 390 386
f 386 392 396
f 390 396 48
f 42 48 396
f 388 391 51
f 388 51 397
f 394 388 397
f 51 45 397
f 398 392 393
f 399 398 393
f 395 394 400
f 395 400 401
f 402 396 392
f 392 398 402
f 396 402 42
f 4 42 402
f 394 397 45
f 394 45 403
f 400 394 403
f 45 10 403
f 404 398 399
f 405 404 399
f 401 400 406
f 401 406 407
f 4 402 398
f 398 404 4
f 400 403 10
f 406 400 10
f 408 404 405
f 409 408 405
f 407 406 410
f 407 410 411
f 4 404 408
f 4 408 412
f 6 4 412
f 410 406 10
f 413 410 10
f 10 12 413
f 414 408 409
f 415 414 409
f 411 410 416
f 411 416 417
f 412 408 414
f 412 414 6
f 416 410 413
f 12 416 413
f 418 414 415
f 419 418 415
f 417 416 420
f 417 420 421
f 6 414 418
f 6 418 422
f 137 6 422
f 420 416 12
f 423 420 12
f 12 140 423
f 424 418 419
f 425 424 419
f 421 420 426
f 421 426 427
f 422 418 424
f 422 424 137
f 426 420 423
f 140 426 423
f 424 425 428
f 429 427 426
f 424 428 430
f 430 428 431
f 429 426 432
f 433 429 432
f 430 136 424
f 430 431 434
f 434 136 430
f 424 136 137
f 137 136 435
f 432 426 139
f 433 432 436
f 432 139 436
f 426 437 140
f 140 139 426
f 139 437 426
f 140 437 139
f 431 438 434
f 438 431 439
f 436 440 433
f 433 440 441
f 145 136 434
f 145 434 438
f 145 438 146
f 440 139 150
f 151 440 150
f 139 440 436
f 439 443 442
f 438 439 442
f 444 445 441
f 441 440 444
f 443 447 446
f 442 443 446
f 448 449 445
f 445 444 448
f 447 451 450
f 446 447 450
f 452 453 449
f 449 448 452
f 451 455 454
f 450 451 454
f 456 457 453
f 453 452 456
f 455 342 341
f 454 455 341
f 349 350 457
f 457 456 349
f 438 442 458
f 146 438 458
f 459 444 440
f 440 151 459
f 442 446 460
f 458 442 460
f 461 448 444
f 444 459 461
f 446 450 462
f 460 446 462
f 463 452 448
f 448 461 463
f 450 454 464
f 462 450 465
f 465 450 464
f 466 456 452
f 452 463 466
f 454 341 345
f 464 454 345
f 352 349 456
f 456 466 467
f 456 467 352
f 460 462 468
f 458 460 469
f 469 460 468
f 470 463 461
f 471 461 459
f 461 471 470
f 462 465 472
f 468 462 472
f 473 466 463
f 463 470 473
f 472 465 474
f 474 465 464
f 466 473 475
f 466 475 467
f 458 469 476
f 458 476 477
f 146 458 477
f 471 459 478
f 479 478 459
f 459 151 479
f 476 469 480
f 476 480 481
f 477 476 481
f 482 471 478
f 483 482 478
f 483 478 479
f 469 468 484
f 480 469 484
f 485 470 471
f 471 482 485
f 468 472 486
f 484 468 486
f 487 473 470
f 470 485 487
f 486 472 488
f 472 474 489
f 488 472 489
f 473 487 490
f 473 490 475
f 484 486 491
f 486 492 491
f 486 488 492
f 493 487 485
f 494 487 493
f 494 490 487
f 480 484 495
f 484 491 495
f 496 485 482
f 493 485 496
f 481 480 497
f 480 495 497
f 498 482 483
f 496 482 498
f 481 497 499
f 500 481 499
f 477 481 500
f 498 483 501
f 501 483 502
f 483 479 502
f 503 499 504
f 505 499 503
f 503 504 506
f 506 507 503
f 507 505 503
f 504 499 497
f 500 499 505
f 508 509 501
f 508 501 510
f 511 509 508
f 512 511 508
f 508 510 512
f 501 509 498
f 501 502 510
f 504 497 513
f 506 504 513
f 513 497 495
f 498 509 514
f 509 511 514
f 498 514 496
f 513 495 515
f 506 513 515
f 515 495 491
f 496 514 516
f 514 511 516
f 496 516 493
f 515 491 517
f 506 515 517
f 517 491 492
f 493 516 518
f 516 511 518
f 493 518 494
f 489 474 464
f 464 345 344
f 489 464 344
f 467 475 519
f 475 490 519
f 467 519 352
f 352 519 357
f 261 251 520
f 521 252 263
f 520 251 241
f 252 521 242
f 522 524 523
f 524 522 525
f 526 522 527
f 528 527 522
f 522 526 525
f 522 529 528
f 522 523 529
f 522 525 523
f 530 531 532
f 530 533 531
f 534 530 535
f 530 534 536
f 532 535 530
f 537 530 536
f 537 533 530
f 533 532 530
f 523 524 525
f 523 524 538
f 524 525 539
f 538 524 540
f 540 524 541
f 541 524 539
f 531 532 533
f 542 532 531
f 531 533 543
f 531 543 544
f 531 544 542
f 545 547 546
f 548 549 547
f 548 547 545
f 550 552 551
f 552 554 553
f 552 553 551
f 555 546 556
f 545 546 555
f 557 550 558
f 550 551 558
f 559 556 560
f 555 556 559
f 561 557 562
f 557 558 562
f 563 560 564
f 559 560 563
f 565 561 566
f 561 562 566
f 567 564 568
f 563 564 567
f 569 565 570
f 565 566 570
f 571 568 572
f 567 568 571
f 573 569 574
f 569 570 574
f 575 572 576
f 571 572 575
f 577 573 578
f 573 574 578
f 579 576 580
f 575 576 579
f 581 577 582
f 577 578 582
f 583 580 584
f 579 580 583
f 585 581 586
f 581 582 586
f 587 584 588
f 583 584 587
f 589 585 590
f 585 586 590
f 591 588 592
f 587 588 591
f 593 589 594
f 589 590 594
f 595 592 596
f 591 592 595
f 597 593 598
f 593 594 598
f 599 596 549
f 595 596 599
f 549 548 599
f 554 597 600
f 553 554 600
f 597 598 600
f 601 603 602
f 603 601 604
f 604 601 605
f 606 608 607
f 607 608 609
f 602 603 610
f 602 610 611
f 612 610 603
f 603 604 612
f 613 608 606
f 608 613 614
f 609 608 615
f 615 608 614
f 616 613 606
f 610 612 506
f 617 610 506
f 610 617 611
f 614 613 511
f 511 613 618
f 618 613 616
f 506 612 619
f 506 619 620
f 506 620 507
f 517 617 506
f 614 511 621
f 621 511 622
f 512 622 511
f 511 618 518
f 604 605 623
f 609 615 624
f 612 604 625
f 604 623 625
f 615 614 626
f 624 615 626
f 619 612 627
f 612 625 627
f 614 621 628
f 626 614 628
f 619 627 629
f 619 629 630
f 620 619 630
f 628 621 631
f 631 621 632
f 621 622 632
f 625 623 633
f 624 626 634
f 627 625 635
f 625 633 635
f 626 628 636
f 634 626 636
f 629 627 637
f 627 635 637
f 628 631 638
f 636 628 638
f 629 637 639
f 629 639 640
f 630 629 640
f 638 631 641
f 641 631 642
f 631 632 642
f 635 633 643
f 634 636 644
f 637 635 645
f 635 643 645
f 636 638 646
f 644 636 646
f 639 637 647
f 637 645 647
f 638 641 648
f 646 638 648
f 639 647 649
f 639 649 650
f 640 639 650
f 648 641 651
f 651 641 652
f 641 642 652
f 645 643 653
f 644 646 654
f 647 645 655
f 645 653 655
f 646 648 656
f 654 646 656
f 649 647 657
f 647 655 657
f 648 651 658
f 656 648 658
f 649 657 659
f 649 659 660
f 650 649 660
f 658 651 661
f 661 651 662
f 651 652 662
f 655 653 663
f 654 656 664
f 657 655 665
f 655 663 666
f 665 655 666
f 656 658 667
f 664 656 668
f 656 667 668
f 659 657 665
f 667 658 661
f 659 665 669
f 659 669 670
f 660 659 670
f 667 661 671
f 671 661 672
f 661 662 672
f 666 663 673
f 664 668 674
f 665 666 675
f 666 673 675
f 668 667 676
f 674 668 676
f 669 665 675
f 676 667 671
f 669 678 677
f 670 669 677
f 669 675 678
f 671 680 679
f 671 672 680
f 676 671 679
f 677 678 681
f 677 681 682
f 677 682 683
f 670 677 683
f 679 680 684
f 685 684 680
f 686 685 680
f 680 672 686
f 675 673 687
f 674 676 688
f 678 675 689
f 675 687 689
f 676 679 690
f 688 676 690
f 681 678 691
f 678 689 691
f 679 684 692
f 690 679 692
f 682 681 693
f 681 691 693
f 684 685 694
f 692 684 694
f 526 527 695
f 696 695 527
f 528 696 527
f 696 682 697
f 682 693 697
f 683 682 696
f 534 698 685
f 534 685 699
f 694 685 698
f 685 686 699
f 698 534 700
f 534 535 700
f 534 535 698
f 534 699 536
f 695 697 526
f 695 696 697
f 526 697 539
f 526 539 525
f 539 697 701
f 702 701 697
f 697 693 702
f 698 700 535
f 535 703 698
f 698 703 704
f 694 698 704
f 532 705 535
f 703 535 705
f 696 528 706
f 683 696 706
f 706 528 529
f 536 699 707
f 707 699 686
f 536 707 537
f 706 529 523
f 706 523 211
f 683 706 211
f 537 707 533
f 533 707 212
f 707 686 212
f 211 523 525
f 523 538 211
f 533 532 212
f 542 705 532
f 543 533 212
f 708 709 538
f 538 709 211
f 710 709 708
f 710 221 709
f 221 211 709
f 540 708 538
f 711 543 712
f 712 543 212
f 543 711 544
f 712 713 711
f 712 222 713
f 212 222 712
f 708 540 541
f 708 541 710
f 544 711 542
f 542 711 714
f 714 711 713
f 539 701 541
f 541 701 715
f 710 541 715
f 703 705 542
f 703 542 716
f 716 542 714
f 701 702 717
f 715 701 718
f 701 717 718
f 704 703 719
f 719 703 716
f 693 691 720
f 693 720 702
f 692 694 721
f 721 694 704
f 691 689 722
f 691 722 720
f 690 692 723
f 723 692 721
f 689 687 724
f 689 724 722
f 688 690 725
f 725 690 723
f 702 720 726
f 702 726 717
f 721 704 727
f 727 704 719
f 726 720 722
f 721 727 723
f 722 724 728
f 726 722 728
f 729 725 723
f 723 727 729
f 728 724 730
f 725 729 731
f 732 734 733
f 231 734 732
f 231 732 733
f 735 737 736
f 736 737 232
f 735 736 232
f 555 559 734
f 559 733 734
f 559 563 733
f 737 562 558
f 735 562 737
f 566 562 735
f 555 734 738
f 739 738 734
f 231 733 734
f 734 231 739
f 737 558 740
f 737 740 741
f 735 737 232
f 232 737 741
f 545 555 738
f 742 545 738
f 743 742 738
f 738 739 743
f 740 558 551
f 740 551 744
f 740 744 745
f 741 740 745
f 548 545 742
f 744 551 553
f 548 742 746
f 746 742 743
f 744 553 747
f 745 744 747
f 599 548 746
f 747 553 600
f 599 746 748
f 748 746 749
f 746 743 749
f 747 600 750
f 751 747 750
f 745 747 751
f 748 752 599
f 752 748 753
f 748 749 753
f 599 752 595
f 750 600 754
f 755 750 754
f 751 750 755
f 754 600 598
f 595 752 756
f 595 756 591
f 754 598 757
f 757 598 594
f 756 752 758
f 752 753 758
f 759 754 757
f 755 754 759
f 587 591 756
f 757 594 590
f 587 756 760
f 761 760 756
f 756 758 762
f 761 756 762
f 757 590 763
f 764 757 763
f 759 757 764
f 587 760 583
f 590 586 763
f 583 760 765
f 765 760 761
f 763 586 766
f 763 766 767
f 764 763 767
f 583 765 579
f 766 586 582
f 579 765 768
f 579 768 575
f 766 582 769
f 769 582 578
f 768 765 770
f 768 770 771
f 575 768 771
f 766 769 772
f 772 769 773
f 769 578 773
f 770 765 774
f 770 774 775
f 771 770 775
f 766 772 776
f 776 772 777
f 772 773 777
f 774 765 778
f 765 761 778
f 766 776 779
f 767 766 779
f 775 774 780
f 780 774 778
f 776 777 781
f 776 781 779
f 575 771 782
f 575 782 571
f 783 773 578
f 574 783 578
f 771 775 784
f 782 771 784
f 785 777 773
f 773 783 785
f 784 775 780
f 781 777 785
f 563 567 733
f 566 735 570
f 571 782 567
f 567 782 786
f 733 567 786
f 783 574 570
f 783 570 787
f 570 735 787
f 786 782 784
f 785 783 787
f 786 784 788
f 786 788 789
f 786 789 733
f 785 787 790
f 790 787 791
f 791 787 735
f 788 784 792
f 784 780 792
f 788 792 789
f 785 790 793
f 781 785 793
f 793 790 791
f 231 733 241
f 733 789 241
f 735 232 242
f 242 791 735
f 231 221 794
f 794 739 231
f 222 232 795
f 222 232 741
f 232 741 795
f 743 794 221
f 710 743 221
f 794 743 739
f 741 222 795
f 222 741 745
f 222 745 713
f 749 743 710
f 715 749 710
f 713 745 751
f 713 751 714
f 753 749 715
f 718 753 715
f 714 751 755
f 714 755 716
f 758 753 718
f 717 758 718
f 716 755 759
f 716 759 719
f 758 717 726
f 719 759 727
f 758 726 762
f 727 759 764
f 762 726 728
f 727 764 729
f 762 728 796
f 761 762 796
f 729 764 797
f 764 767 797
f 730 798 728
f 731 729 799
f 796 728 798
f 800 796 798
f 729 797 799
f 799 797 801
f 796 800 761
f 767 801 797
f 761 800 802
f 801 767 803
f 778 761 802
f 767 779 803
f 778 802 804
f 803 779 805
f 778 804 806
f 778 806 807
f 805 779 808
f 808 779 809
f 780 778 807
f 780 807 810
f 809 779 781
f 809 781 811
f 792 780 810
f 792 810 520
f 789 792 520
f 811 781 793
f 811 793 521
f 793 791 521
f 241 789 520
f 521 791 242
f 670 812 660
f 813 812 670
f 814 813 670
f 683 814 670
f 672 662 815
f 672 815 816
f 672 816 817
f 672 817 686
f 660 812 818
f 660 818 650
f 815 662 819
f 652 819 662
f 197 199 813
f 813 814 197
f 197 814 211
f 816 202 200
f 817 816 200
f 212 817 200
f 812 813 199
f 812 199 324
f 202 816 815
f 202 815 325
f 812 324 820
f 818 812 820
f 820 324 147
f 325 815 821
f 815 819 821
f 325 821 152
f 620 630 507
f 507 630 505
f 505 630 640
f 622 512 632
f 632 512 642
f 642 512 510
f 505 640 650
f 642 510 652
f 505 650 818
f 505 818 500
f 819 652 510
f 819 510 502
f 500 818 820
f 500 820 477
f 821 819 502
f 821 502 479
f 477 820 147
f 477 147 146
f 152 821 479
f 152 479 151
f 814 683 211
f 686 817 212
f 822 823 78
f 824 822 78
f 825 823 822
f 825 822 824
f 826 81 827
f 81 826 828
f 829 826 827
f 828 826 829
f 78 830 71
f 78 823 830
f 78 77 824
f 71 830 831
f 72 71 831
f 81 74 832
f 827 81 832
f 80 81 828
f 832 74 833
f 74 75 833
f 834 835 823
f 836 834 823
f 830 823 835
f 823 825 836
f 827 838 837
f 827 837 839
f 838 827 832
f 829 827 839
f 835 834 840
f 841 840 834
f 834 836 841
f 837 838 842
f 843 837 842
f 839 837 843
f 835 840 844
f 844 840 845
f 841 845 840
f 842 838 846
f 842 846 847
f 847 843 842
f 848 850 849
f 850 848 851
f 848 849 844
f 844 845 848
f 848 845 852
f 848 852 853
f 848 853 851
f 854 856 855
f 855 856 857
f 846 854 855
f 846 855 858
f 858 855 859
f 859 855 857
f 849 850 860
f 860 850 861
f 850 851 861
f 860 861 862
f 863 856 854
f 856 863 864
f 857 856 864
f 864 863 865
f 835 844 849
f 835 849 866
f 830 835 866
f 854 846 838
f 847 846 858
f 854 838 867
f 838 832 867
f 831 830 866
f 866 869 868
f 831 866 868
f 867 832 833
f 867 833 870
f 870 833 871
f 831 868 72
f 72 868 872
f 66 72 872
f 872 868 873
f 871 833 75
f 871 75 874
f 874 75 875
f 75 69 875
f 75 874 69
f 872 873 66
f 66 873 876
f 69 874 875
f 69 877 874
f 66 876 878
f 60 879 66
f 66 879 878
f 60 66 878
f 877 69 880
f 880 881 69
f 69 881 63
f 69 63 880
f 879 60 878
f 878 882 60
f 54 60 882
f 882 878 883
f 880 63 881
f 63 880 884
f 884 63 885
f 63 57 885
f 63 57 884
f 882 883 54
f 54 883 377
f 377 883 886
f 884 885 57
f 57 887 884
f 887 57 385
f 377 886 888
f 887 385 889
f 517 492 890
f 517 890 617
f 492 892 891
f 890 492 891
f 518 893 494
f 618 893 518
f 893 894 895
f 896 492 897
f 892 492 896
f 896 897 898
f 896 898 892
f 897 492 488
f 899 900 494
f 899 494 894
f 901 900 899
f 901 899 894
f 494 900 490
f 494 893 894
f 897 488 845
f 897 845 841
f 898 897 841
f 845 488 852
f 490 900 847
f 900 901 847
f 490 847 858
f 847 901 843
f 853 852 488
f 489 853 488
f 490 858 859
f 490 859 519
f 853 489 344
f 519 859 357
f 851 853 344
f 859 857 357
f 862 861 902
f 903 864 865
f 861 851 344
f 861 344 902
f 357 857 864
f 357 864 903
f 902 344 904
f 904 344 361
f 357 903 905
f 357 905 363
f 904 361 906
f 906 361 367
f 363 905 907
f 363 907 369
f 906 367 908
f 908 367 372
f 369 907 909
f 369 909 375
f 908 372 888
f 888 372 377
f 375 909 889
f 375 889 385
f 910 912 911
f 910 911 913
f 910 913 914
f 915 917 916
f 918 917 915
f 919 918 915
f 911 912 920
f 920 912 921
f 916 917 922
f 916 922 923
f 913 911 920
f 922 917 918
f 913 920 924
f 924 920 925
f 920 921 925
f 922 918 926
f 922 926 927
f 923 922 927
f 914 913 928
f 918 919 928
f 928 913 929
f 918 928 929
f 929 913 924
f 926 918 929
f 929 924 930
f 926 929 930
f 930 924 931
f 924 925 931
f 926 930 932
f 927 926 932
f 930 931 933
f 932 930 933
f 934 936 935
f 935 936 937
f 938 935 939
f 939 935 937
f 940 942 941
f 941 942 943
f 944 940 941
f 941 943 945
f 944 941 946
f 941 945 946
f 947 948 942
f 942 948 949
f 942 940 947
f 943 942 949
f 950 951 948
f 948 951 952
f 948 947 950
f 949 948 952
f 951 950 953
f 952 951 954
f 951 953 955
f 954 951 955
f 947 940 956
f 957 956 940
f 940 944 957
f 943 949 958
f 943 958 959
f 945 943 959
f 950 947 960
f 947 956 960
f 949 952 961
f 958 949 961
f 953 950 962
f 950 960 962
f 952 954 963
f 961 952 963
f 953 962 964
f 953 964 965
f 955 953 965
f 963 954 966
f 966 954 967
f 954 955 967
f 960 956 968
f 969 968 956
f 956 957 969
f 958 961 970
f 958 970 971
f 959 958 971
f 962 960 972
f 960 968 972
f 961 963 973
f 970 961 973
f 964 962 974
f 962 972 974
f 963 966 975
f 973 963 975
f 964 974 976
f 964 976 977
f 965 964 977
f 975 966 978
f 978 966 979
f 966 967 979
f 972 968 980
f 981 980 968
f 968 969 981
f 970 973 982
f 970 982 983
f 971 970 983
f 974 972 984
f 972 980 984
f 973 975 985
f 982 973 985
f 976 974 986
f 974 984 986
f 975 978 987
f 985 975 987
f 976 986 988
f 976 988 989
f 977 976 989
f 987 978 990
f 990 978 991
f 978 979 991
f 984 980 992
f 993 992 980
f 980 981 993
f 982 985 994
f 982 994 995
f 983 982 995
f 986 984 996
f 984 992 996
f 985 987 997
f 994 985 997
f 988 986 996
f 987 990 997
f 989 988 998
f 998 988 996
f 990 991 999
f 990 999 997
f 989 998 1000
f 1001 1000 998
f 998 996 1001
f 999 991 1002
f 999 1002 1003
f 997 999 1003
f 977 989 1000
f 991 979 1002
f 977 1000 1004
f 1000 1001 1004
f 1002 979 1005
f 1003 1002 1005
f 965 977 1004
f 979 967 1005
f 955 965 1004
f 1005 967 955
f 955 1004 1006
f 1005 955 1006
f 925 1006 1004
f 1004 1001 921
f 921 925 1004
f 1005 1006 927
f 1003 1005 923
f 1005 927 923
f 1006 925 931
f 927 1006 932
f 1006 931 933
f 1006 933 932
f 996 992 1007
f 1008 1007 992
f 992 993 1008
f 994 997 1009
f 994 1009 1010
f 995 994 1010
f 1001 996 1011
f 996 1007 1011
f 997 1003 1012
f 1009 997 1012
f 1001 1013 921
f 1001 1011 1013
f 923 1014 1003
f 1012 1003 1014
f 925 921 1013
f 923 927 1014
f 1007 1008 1015
f 1016 1015 1008
f 1008 993 1017
f 1018 1008 1017
f 1018 1016 1008
f 1010 1009 1019
f 1010 1019 1020
f 1021 995 1010
f 1010 1022 1021
f 1010 1020 1022
f 1011 1007 1023
f 1007 1015 1023
f 1009 1012 1024
f 1019 1009 1024
f 1013 1011 1025
f 1011 1023 1025
f 1012 1014 1026
f 1024 1012 1026
f 925 1013 1027
f 1013 1025 1027
f 1014 927 1028
f 1026 1014 1028
f 931 925 1029
f 925 1027 1029
f 927 932 1030
f 1028 927 1030
f 933 931 1029
f 1030 932 933
f 933 1029 1031
f 1030 933 1031
f 1023 1015 824
f 1032 824 1015
f 1015 1016 1032
f 1023 824 77
f 824 1032 825
f 1019 1024 828
f 1019 828 1033
f 1020 1019 1033
f 828 1024 80
f 1033 828 829
f 1025 1023 77
f 1025 77 85
f 80 1024 1026
f 80 1026 87
f 1027 1025 85
f 1027 85 117
f 87 1026 1028
f 87 1028 120
f 1029 1027 117
f 1029 117 123
f 120 1028 1030
f 120 1030 124
f 1031 1029 123
f 1031 123 125
f 124 1030 1031
f 124 1031 125
f 993 981 1034
f 1017 993 1035
f 1035 993 1034
f 1036 983 995
f 995 1021 1037
f 995 1037 1036
f 1038 1034 1039
f 1034 981 969
f 1040 1041 1036
f 1041 971 983
f 1036 1041 983
f 1039 969 1042
f 1039 1034 969
f 1042 969 957
f 971 1041 1043
f 971 1043 959
f 1042 957 1044
f 1044 957 944
f 959 1043 1045
f 959 1045 945
f 1044 944 1046
f 945 1045 1047
f 1046 944 1048
f 1048 944 946
f 945 1047 946
f 946 1047 1048
f 825 1032 836
f 1033 829 839
f 1049 1018 1050
f 1051 1018 1049
f 1050 1018 1017
f 1018 1051 1016
f 1052 1053 1022
f 1052 1022 1054
f 1022 1053 1021
f 1054 1022 1020
f 1050 1017 1055
f 1021 1053 1056
f 1055 1017 1035
f 1055 1035 1057
f 1037 1021 1056
f 1058 1037 1056
f 1057 1035 1034
f 1037 1058 1036
f 1057 1034 1059
f 1036 1058 1060
f 1057 1059 1061
f 1057 1061 1062
f 1060 1058 1063
f 1063 1058 1064
f 1062 1061 1065
f 1062 1065 1066
f 1063 1064 1067
f 1067 1064 1068
f 1068 1064 1069
f 1066 1065 1070
f 1070 1065 1071
f 1067 1068 1072
f 1066 1070 1073
f 1070 1071 1073
f 1066 1073 1074
f 1068 1069 1075
f 1072 1068 1076
f 1076 1068 1075
f 1075 1069 1077
f 1074 1073 1078
f 1074 1078 1079
f 1075 1077 1080
f 1080 1077 1081
f 1073 1071 1082
f 1082 1071 1083
f 1072 1076 1084
f 1078 1073 1082
f 1078 1082 1085
f 1082 1083 1086
f 1085 1082 1086
f 1076 1075 1080
f 1076 1080 1087
f 1084 1076 1087
f 1079 1078 1085
f 1079 1085 1088
f 1080 1081 1089
f 1087 1080 1089
f 1089 1081 1090
f 1086 1083 1091
f 1084 1087 1092
f 1093 1085 1086
f 1086 1091 1094
f 1086 1094 1093
f 1085 1093 1088
f 1087 1089 1090
f 1087 1090 1095
f 1092 1087 1096
f 1096 1087 1095
f 1088 1093 1051
f 1095 1090 1054
f 1016 1051 1097
f 1051 1093 1097
f 1016 1097 1032
f 1054 1020 1098
f 1095 1054 1098
f 1098 1020 1033
f 1094 1091 1099
f 1092 1096 1100
f 1101 1093 1094
f 1094 1099 1102
f 1094 1102 1101
f 1093 1101 1097
f 1096 1095 1098
f 1096 1098 1103
f 1100 1096 1104
f 1104 1096 1103
f 1032 1097 1101
f 1032 1101 836
f 1098 1033 839
f 1103 1098 1105
f 1105 1098 839
f 1102 1099 1106
f 1100 1104 1107
f 1101 1102 1108
f 1102 1106 1108
f 1104 1103 1109
f 1107 1104 1109
f 836 1101 1110
f 1110 1101 1111
f 1101 1108 1111
f 1103 1105 1112
f 1109 1103 1112
f 836 1110 1113
f 1110 1111 1113
f 836 1113 841
f 1105 839 1114
f 1112 1105 1114
f 1114 839 843
f 1108 1106 1115
f 1107 1109 1116
f 1111 1108 1117
f 1108 1115 1117
f 1109 1112 1118
f 1116 1109 1118
f 1113 1111 1119
f 1111 1117 1119
f 1112 1114 1120
f 1118 1112 1120
f 841 1113 1121
f 1113 1119 1121
f 841 1121 898
f 1114 843 1122
f 1120 1114 1122
f 1122 843 901
f 1117 1115 1123
f 1116 1118 1124
f 1119 1117 1125
f 1117 1123 1125
f 1118 1120 1126
f 1124 1118 1126
f 1121 1119 1127
f 1119 1125 1127
f 1120 1122 1128
f 1126 1120 1128
f 898 1121 1129
f 1121 1127 1129
f 898 1129 892
f 1122 901 1130
f 1128 1122 1130
f 1130 901 894
f 1125 1123 1131
f 1124 1126 1132
f 1127 1125 1133
f 1125 1131 1133
f 1126 1128 1134
f 1132 1126 1134
f 1129 1127 1135
f 1127 1133 1135
f 1128 1130 1136
f 1134 1128 1136
f 892 1129 1137
f 1129 1135 1137
f 892 1137 1138
f 1130 894 1139
f 1136 1130 1139
f 1139 894 1140
f 893 1140 894
f 1133 1131 1141
f 1132 1134 1142
f 1135 1133 1143
f 1133 1141 1143
f 1134 1136 1144
f 1142 1134 1144
f 1137 1135 1145
f 1135 1143 1145
f 1136 1139 1146
f 1144 1136 1146
f 1138 1137 617
f 1137 1145 617
f 1138 617 890
f 1139 1140 618
f 1146 1139 618
f 618 1140 893
f 1141 1147 1143
f 1148 1142 1144
f 1145 1143 1147
f 611 1145 1147
f 1148 1144 1146
f 1148 1146 616
f 617 1145 611
f 616 1146 618
