v -0.9166663289070129 0.11945945769548416 -0.20009870827198029
v -0.9166660308837891 0.12268318235874176 -0.16537444293498993
v -0.8832833170890808 0.121762216091156 -0.18230438232421875
v -0.8877731561660767 0.12438356131315231 -0.15137775242328644
v -0.9166666865348816 0.1256943941116333 -0.13062897324562073
v -0.8904081583023071 0.12636739015579224 -0.12723873555660248
v -0.8527662754058838 0.1249149888753891 -0.16627070307731628
v -0.8625118136405945 0.12636739015579224 -0.14210334420204163
v -0.8710310459136963 0.127182275056839 -0.12674632668495178
v -0.9166663289070129 0.12845763564109802 -0.09586221724748611
v -0.8849890232086182 0.12913063168525696 -0.09460458904504776
v -0.8546026945114136 0.130405992269516 -0.09914971143007278
v -0.8222193717956543 0.12906001508235931 -0.15041066706180573
v -0.8386445045471191 0.12966205179691315 -0.12406814098358154
v -0.9166666865348816 0.13100837171077728 -0.06107773259282112
v -0.9166663289070129 0.13334625959396362 -0.026271307840943336
v -0.9166666865348816 0.13547198474407196 0.00854998268187046
v -0.9166663289070129 0.13734939694404602 0.043384745717048645
v -0.9166666865348816 0.13901428878307343 0.0782315656542778
v -0.9166663289070129 0.14046703279018402 0.11308758705854416
v -0.9166666865348816 0.14167144894599915 0.1479514092206955
v -0.9166663289070129 0.14269883930683136 0.1828201860189438
v -0.9166666865348816 0.14347824454307556 0.21769249439239502
v -0.9166663289070129 0.14400933682918549 0.25256550312042236
v -0.9166666865348816 0.14436374604701996 0.2874378263950348
v -0.9166663289070129 0.14447015523910522 0.32230663299560547
v -0.8838182091712952 0.13192933797836304 -0.0569329597055912
v -0.8530152440071106 0.13391315937042236 -0.052409082651138306
v -0.8116275072097778 0.13628652691841125 -0.07501419633626938
v -0.8035649657249451 0.13511759042739868 -0.10373026132583618
v -0.818500816822052 0.13752642273902893 -0.04577738791704178
v -0.791774570941925 0.13423208892345428 -0.13471707701683044
v -0.8830558657646179 0.13398411870002747 -0.02630956843495369
v -0.8825057148933411 0.13610950112342834 0.008509947918355465
v -0.8821897506713867 0.13802237808704376 0.043347202241420746
v -0.8820115327835083 0.13968762755393982 0.07819685339927673
v -0.8819112777709961 0.14114001393318176 0.11305676400661469
v -0.8818556666374207 0.14237990975379944 0.1479244828224182
v -0.8818252086639404 0.1433718204498291 0.1827971488237381
v -0.8818092346191406 0.1441512405872345 0.2176733762025833
v -0.8818011283874512 0.14471814036369324 0.2525506615638733
v -0.8821603655815125 0.1450367271900177 0.2874293327331543
v -0.8834313750267029 0.1451076716184616 0.3223094344139099
v -0.8530652523040771 0.13582605123519897 -0.023627139627933502
v -0.821210503578186 0.13887274265289307 -0.020436357706785202
v -0.7875333428382874 0.14046703279018402 -0.06139302998781204
v -0.7769003510475159 0.1401481032371521 -0.0883307158946991
v -0.7945109009742737 0.1409984678030014 -0.03910320624709129
v -0.761387825012207 0.14036060869693756 -0.11931401491165161
v -0.7946287989616394 0.14237990975379944 -0.01700538955628872
v -0.8499048948287964 0.1379517763853073 0.008013652637600899
v -0.8485870361328125 0.1399710774421692 0.04300958663225174
v -0.8478445410728455 0.14167144894599915 0.07796800136566162
v -0.847437858581543 0.14315931499004364 0.11289805918931961
v -0.8472182750701904 0.14439921081066132 0.14781147241592407
v -0.8471006155014038 0.14542660117149353 0.18271638453006744
v -0.8470392823219299 0.14620600640773773 0.21761633455753326
v -0.8476383686065674 0.14670197665691376 0.25269660353660583
v -0.850212037563324 0.14684352278709412 0.2882342040538788
v -0.8502630591392517 0.14694994688034058 0.3223094344139099
v -0.8190321326255798 0.1409275084733963 0.009782801382243633
v -0.7924260497093201 0.14447015523910522 0.012688420712947845
v -0.7802081108093262 0.1433718204498291 -0.03522765636444092
v -0.7667966485023499 0.14461171627044678 -0.04974508658051491
v -0.7480734586715698 0.14617054164409637 -0.07599551230669022
v -0.7311743497848511 0.14751651883125305 -0.10426165163516998
v -0.7741535305976868 0.14542660117149353 -0.017809545621275902
v -0.7691524624824524 0.1481543630361557 0.014131295494735241
v -0.8167145848274231 0.14294680953025818 0.04196524620056152
v -0.8146726489067078 0.1448597013950348 0.07728179544210434
v -0.8134989738464355 0.14648912847042084 0.11246196180582047
v -0.8128787279129028 0.14779996871948242 0.14753231406211853
v -0.8125612735748291 0.14882735908031464 0.18253536522388458
v -0.8130916357040405 0.14953581988811493 0.21781295537948608
v -0.816145658493042 0.14978379011154175 0.2542429268360138
v -0.8171945810317993 0.14996083080768585 0.28862956166267395
v -0.8171953558921814 0.1500672549009323 0.3223094344139099
v -0.7886358499526978 0.14670197665691376 0.04378754273056984
v -0.7640200257301331 0.1507047563791275 0.04506605491042137
v -0.7462713718414307 0.14992569386959076 -0.02608143910765648
v -0.7200892567634583 0.1531848907470703 -0.06048967316746712
v -0.7009537816047668 0.15569980442523956 -0.0894678607583046
v -0.7408431172370911 0.15357442200183868 0.016832157969474792
v -0.7391749024391174 0.15552277863025665 0.047158289700746536
v -0.7835707068443298 0.1490398645401001 0.07713690400123596
v -0.7831373810768127 0.1504216492176056 0.10892294347286224
v -0.7793373465538025 0.15237000584602356 0.14692902565002441
v -0.7784556150436401 0.15353894233703613 0.18251410126686096
v -0.7790160179138184 0.15428288280963898 0.2194156050682068
v -0.7840776443481445 0.15403491258621216 0.25512146949768066
v -0.7842689156532288 0.15431836247444153 0.2888336181640625
v -0.7842724919319153 0.154424786567688 0.3223094344139099
v -0.7515398859977722 0.15998639166355133 0.3223094344139099
v -0.760500431060791 0.15265345573425293 0.07263608276844025
v -0.7387027144432068 0.15672719478607178 0.06966173648834229
v -0.6995643973350525 0.16133271157741547 -0.011874319054186344
v -0.6849774718284607 0.16310402750968933 -0.04372269660234451
v -0.7094956040382385 0.16083674132823944 0.022253332659602165
v -0.6707959175109863 0.16491049528121948 -0.07506732642650604
v -0.7166271805763245 0.16058877110481262 0.049476902931928635
v -0.7218418717384338 0.16016341745853424 0.06574650853872299
v -0.7562015652656555 0.15481431782245636 0.10486316680908203
v -0.7490877509117126 0.15750660002231598 0.1424214392900467
v -0.7454515695571899 0.1593843549489975 0.18218818306922913
v -0.7486774921417236 0.15963232517242432 0.22130237519741058
v -0.7513779997825623 0.15963232517242432 0.2554895579814911
v -0.7515335083007812 0.15988031029701233 0.288946270942688
v -0.7191699743270874 0.16675275564193726 0.3223094344139099
v -0.719160795211792 0.16668181121349335 0.28905928134918213
v -0.7314616441726685 0.1593843549489975 0.0962681844830513
v -0.7090839743614197 0.16395404934883118 0.08364355564117432
v -0.6697667837142944 0.17029540240764618 0.0028117401525378227
v -0.6554690003395081 0.17259782552719116 -0.029606645926833153
v -0.6804341673851013 0.1690555214881897 0.034944940358400345
v -0.6416717767715454 0.17486511170864105 -0.061520565301179886
v -0.6927229762077332 0.16710716485977173 0.06275338679552078
v -0.7217026352882385 0.1629621386528015 0.13439223170280457
v -0.7159399390220642 0.16561928391456604 0.17813937366008759
v -0.7178369164466858 0.16618585586547852 0.22251039743423462
v -0.719040036201477 0.16639836132526398 0.2557605504989624
v -0.6869567632675171 0.1747944951057434 0.3223094344139099
v -0.6869446635246277 0.17468807101249695 0.2890840768814087
v -0.6868685483932495 0.17440462112426758 0.2558448612689972
v -0.6843841671943665 0.17174780368804932 0.12005545943975449
v -0.6638343930244446 0.17610499262809753 0.08236964046955109
v -0.6387516260147095 0.18074598908424377 0.01700361631810665
v -0.6252027750015259 0.1834382712841034 -0.01589231565594673
v -0.6494020223617554 0.17901013791561127 0.049627114087343216
v -0.6119903922080994 0.18609508872032166 -0.04812613129615784
v -0.6834779977798462 0.17369616031646729 0.173518106341362
v -0.6859846711158752 0.17408603429794312 0.21929727494716644
v -0.6550569534301758 0.18400517106056213 0.3223094344139099
v -0.6550424695014954 0.18389876186847687 0.28908830881118774
v -0.6549698710441589 0.1836153119802475 0.2558629512786865
v -0.6548348665237427 0.18315482139587402 0.22284233570098877
v -0.6504952311515808 0.18357983231544495 0.18014022707939148
v -0.6413851976394653 0.1852450668811798 0.13823306560516357
v -0.6318783164024353 0.18715795874595642 0.10347588360309601
v -0.6209254860877991 0.18931880593299866 0.06486865878105164
v -0.607589066028595 0.19243645668029785 0.030540831387043
v -0.5947954654693604 0.1954476684331894 -0.0027224645018577576
v -0.5823146104812622 0.19845888018608093 -0.03521701321005821
v -0.6235185861587524 0.19438479840755463 0.3223094344139099
v -0.6235015988349915 0.19431385397911072 0.2890869081020355
v -0.6233680248260498 0.19403040409088135 0.25586116313934326
v -0.6231285333633423 0.19364087283611298 0.22273464500904083
v -0.6201850771903992 0.1938178986310959 0.18332818150520325
v -0.592678427696228 0.20586276054382324 0.3223094344139099
v -0.6134885549545288 0.19527029991149902 0.1492079496383667
v -0.6032955050468445 0.198139950633049 0.1217537671327591
v -0.5893728733062744 0.20178869366645813 0.0784880518913269
v -0.5765976905822754 0.20533134043216705 0.043429382145404816
v -0.5645207166671753 0.20866148173809052 0.009775706566870213
v -0.5528273582458496 0.21188519895076752 -0.023000456392765045
v -0.5926585793495178 0.20575635135173798 0.2892006039619446
v -0.5925310850143433 0.20550836622714996 0.25606876611709595
v -0.5922926068305969 0.2051188349723816 0.22297516465187073
v -0.5923482775688171 0.20430395007133484 0.18604567646980286
v -0.5918817520141602 0.20370157063007355 0.15750251710414886
v -0.5620168447494507 0.21858061850070953 0.3223094344139099
v -0.5619919896125793 0.21850967407226562 0.28917086124420166
v -0.5714641213417053 0.21160174906253815 0.14249904453754425
v -0.5572308301925659 0.21588799357414246 0.09181979298591614
v -0.5459193587303162 0.21939517557621002 0.05576036125421524
v -0.5346717238426208 0.22293782234191895 0.02161106839776039
v -0.5237960815429688 0.22633856534957886 -0.011551253497600555
v -0.5619246959686279 0.21822622418403625 0.2560383081436157
v -0.5618007183074951 0.21776573359966278 0.2229638248682022
v -0.5645774006843567 0.215817391872406 0.1874028444290161
v -0.5318483114242554 0.23243194818496704 0.3223094344139099
v -0.5318235158920288 0.23236100375652313 0.28913968801498413
v -0.5317562222480774 0.23207755386829376 0.2559748888015747
v -0.5296129584312439 0.23062515258789062 0.142759770154953
v -0.524575412273407 0.2316880077123642 0.10396512597799301
v -0.5315153002738953 0.23101502656936646 0.1897253394126892
v -0.5149396657943726 0.2349826842546463 0.06718230247497559
v -0.5047335028648376 0.23856046795845032 0.03260861337184906
v -0.49481433629989624 0.24203217029571533 -0.0008491534972563386
v -0.5316463708877563 0.23165254294872284 0.22285225987434387
v -0.5021651387214661 0.24745255708694458 0.3223094344139099
v -0.502136766910553 0.24738161265850067 0.2890946865081787
v -0.5020517706871033 0.24713362753391266 0.255883127450943
v -0.5019100904464722 0.24670863151550293 0.22268962860107422
v -0.4958876967430115 0.2480545938014984 0.14704521000385284
v -0.49013811349868774 0.2501448392868042 0.11629395186901093
v -0.5017329454421997 0.24610625207424164 0.18948659300804138
v -0.48405200242996216 0.2519516348838806 0.07755386829376221
v -0.47502198815345764 0.2554584741592407 0.042642224580049515
v -0.46616557240486145 0.25882411003112793 0.008927271701395512
v -0.473123162984848 0.2635357081890106 0.3223094344139099
v -0.4730948209762573 0.2634647488594055 0.2890907824039459
v -0.47299209237098694 0.2632167637348175 0.2558654248714447
v -0.472818523645401 0.2628272473812103 0.22263577580451965
v -0.4701084494590759 0.2636772394180298 0.18754631280899048
v -0.4659636318683624 0.2653070092201233 0.1579180657863617
v -0.46056830883026123 0.2676803767681122 0.1307731419801712
v -0.4531324803829193 0.27047908306121826 0.08653498440980911
v -0.44549471139907837 0.2736673355102539 0.051494747400283813
v -0.4378073215484619 0.27682045102119446 0.017657577991485596
v -0.44464802742004395 0.28075262904167175 0.3223094344139099
v -0.4446161389350891 0.2806462049484253 0.2890663743019104
v -0.4444921612739563 0.280433714389801 0.255820095539093
v -0.44427961111068726 0.28007930517196655 0.22255925834178925
v -0.4457072615623474 0.2784498929977417 0.1871080994606018
v -0.44681960344314575 0.2771390378475189 0.16428793966770172
v -0.43144840002059937 0.2865270972251892 0.1486535370349884
v -0.4226805567741394 0.29052987694740295 0.09729694575071335
v -0.41620826721191406 0.2932576537132263 0.05894016474485397
v -0.4098139703273773 0.29598575830459595 0.025239020586013794
v -0.41694870591163635 0.2989260256290436 0.3223094344139099
v -0.41692036390304565 0.2988550662994385 0.2891010642051697
v -0.4167822003364563 0.2986425757408142 0.25587958097457886
v -0.4165377616882324 0.2983236312866211 0.22263190150260925
v -0.4223582148551941 0.2936120629310608 0.1865806132555008
v -0.3918814957141876 0.31376925110816956 0.14038623869419098
v -0.39181065559387207 0.3123168647289276 0.09884611517190933
v -0.39156267046928406 0.31525713205337524 0.18536268174648285
v -0.3872902989387512 0.3142297565937042 0.06469753384590149
v -0.3822811245918274 0.31635546684265137 0.03147463500499725
v -0.3898976743221283 0.3181619346141815 0.3223094344139099
v -0.38986578583717346 0.31809133291244507 0.289101779460907
v -0.3897276222705841 0.3179139494895935 0.2558891475200653
v -0.38948318362236023 0.31759536266326904 0.22265951335430145
v -0.36591804027557373 0.3337494432926178 0.14459802210330963
v -0.3638668954372406 0.3339264690876007 0.10288995504379272
v -0.3648127317428589 0.33580389618873596 0.18673504889011383
v -0.3593501150608063 0.3361228108406067 0.06886253505945206
v -0.36323630809783936 0.33782318234443665 0.22273248434066772
v -0.3554072380065918 0.3377877175807953 0.036174215376377106
v -0.36364370584487915 0.33835461735725403 0.3223094344139099
v -0.3636082708835602 0.3382836580276489 0.28912729024887085
v -0.36347365379333496 0.338106632232666 0.2559366226196289
v -0.33810532093048096 0.35957470536231995 0.3223094344139099
v -0.3133676052093506 0.3817508816719055 0.3223094344139099
v -0.2894339859485626 0.40484869480133057 0.3223094344139099
v -0.26636481285095215 0.42890262603759766 0.3223094344139099
v -0.24241705238819122 0.45586133003234863 0.3223094344139099
v -0.3394089937210083 0.3558198809623718 0.149407759308815
v -0.33735430240631104 0.35624489188194275 0.10986526310443878
v -0.3374358117580414 0.3585827648639679 0.18959428369998932
v -0.3350835144519806 0.3567408323287964 0.07335096597671509
v -0.3377404510974884 0.3590077757835388 0.22273144125938416
v -0.33125048875808716 0.3585118353366852 0.03983120247721672
v -0.3379494547843933 0.35932672023773193 0.2559242248535156
v -0.338069885969162 0.35950374603271484 0.28911736607551575
v -0.3133321702480316 0.38168060779571533 0.289101779460907
v -0.28939858078956604 0.4048135578632355 0.2890684902667999
v -0.2663293778896332 0.42883166670799255 0.28902703523635864
v -0.24241705238819122 0.45579105615615845 0.28900012373924255
v -0.31277599930763245 0.3798028528690338 0.15330706536769867
v -0.3130629062652588 0.3782440423965454 0.11520355939865112
v -0.3121276795864105 0.3813616633415222 0.1897575855255127
v -0.311784029006958 0.3779960572719574 0.07850008457899094
v -0.3130097985267639 0.3811846375465393 0.22268255054950714
v -0.3078234791755676 0.38012176752090454 0.04364195093512535
v -0.3132188022136688 0.3815028965473175 0.25589340925216675
v -0.28929585218429565 0.40460070967674255 0.255872517824173
v -0.26560670137405396 0.4293276369571686 0.2559826970100403
v -0.24241705238819122 0.4555072784423828 0.25568971037864685
v -0.2876414656639099 0.4042817950248718 0.15701469779014587
v -0.2879709303379059 0.4048135578632355 0.1898808628320694
v -0.28754228353500366 0.40318378806114197 0.12015677243471146
v -0.28686919808387756 0.4024398624897003 0.08329743146896362
v -0.28854838013648987 0.40488383173942566 0.22264324128627777
v -0.2851651906967163 0.40258175134658813 0.04760076105594635
v -0.2651072144508362 0.4293985664844513 0.22282426059246063
v -0.24241705238819122 0.4550113081932068 0.2223810851573944
v -0.2646501958370209 0.42837151885032654 0.15649926662445068
v -0.26480963826179504 0.4290445148944855 0.18966016173362732
v -0.26456165313720703 0.42741474509239197 0.12334544211626053
v -0.2637433111667633 0.42691877484321594 0.08672486990690231
v -0.26336777210235596 0.42578497529029846 0.051689598709344864
v -0.24241705238819122 0.45433831214904785 0.18907493352890015
v -0.24241705238819122 0.4534883201122284 0.15577302873134613
v -0.24241705238819122 0.45242545008659363 0.12247715890407562
v -0.24241705238819122 0.45118555426597595 0.08918943256139755
v -0.24241705238819122 0.44973281025886536 0.05591091513633728
v 0.27466660737991333 0.1564437448978424 -0.08824215829372406
v 0.24800172448158264 0.14326541125774384 -0.11291965842247009
v 0.2408953160047531 0.1564437448978424 -0.08824215829372406
v 0.2329953908920288 0.14758746325969696 -0.1041092798113823
v 0.2223181277513504 0.13242529332637787 -0.13978293538093567
v 0.1979168951511383 0.12438356131315231 -0.168661966919899
v 0.1745004802942276 0.11945945769548416 -0.20009870827198029
v 0.2205716371536255 0.3377877175807953 0.036174215376377106
v 0.20225651562213898 0.1434427797794342 -0.11244494467973709
v 0.2071240246295929 0.1564437448978424 -0.08824215829372406
v 0.1533159762620926 0.12753666937351227 -0.15575285255908966
v 0.13930155336856842 0.11945945769548416 -0.20009870827198029
v 0.2060825377702713 0.3079948127269745 0.02913123369216919
v 0.1845719963312149 0.3377877175807953 0.036174215376377106
v 0.18453305959701538 0.31759536266326904 0.03179525211453438
v 0.17335274815559387 0.1564437448978424 -0.08824215829372406
v 0.1893332600593567 0.2802921533584595 0.01915997825562954
v 0.16134698688983917 0.14698508381843567 -0.10530314594507217
v 0.13146184384822845 0.13798724114894867 -0.12464200705289841
v 0.10410261154174805 0.11945945769548416 -0.20009870827198029
v 0.09949726611375809 0.1256943941116333 -0.16292299330234528
v 0.09068693220615387 0.13412566483020782 -0.1350075751543045
v 0.15824724733829498 0.3028227388858795 0.027522562071681023
v 0.14857599139213562 0.3377877175807953 0.036174215376377106
v 0.13958145678043365 0.1564437448978424 -0.08824215829372406
v 0.14282645285129547 0.14985474944114685 -0.09979799389839172
v 0.1710961014032364 0.2546084523200989 0.006619997788220644
v 0.1358865201473236 0.2647755742073059 0.011991593055427074
v 0.1178017407655716 0.14673709869384766 -0.10575307160615921
v 0.08587609976530075 0.14358432590961456 -0.11220051348209381
v 0.06890366971492767 0.11945945769548416 -0.20009870827198029
v 0.06722094863653183 0.12608394026756287 -0.16136425733566284
v 0.06765313446521759 0.13398411870002747 -0.1354149729013443
v 0.0690489411354065 0.14036060869693756 -0.11931046843528748
v 0.1125764474272728 0.3377877175807953 0.036174215376377106
v 0.10601920634508133 0.3037082254886627 0.027812685817480087
v 0.09648968279361725 0.27083349227905273 0.014937943778932095
v 0.10581016540527344 0.1564437448978424 -0.08824215829372406
v 0.1519060581922531 0.23094408214092255 -0.008244612254202366
v 0.11877591162919998 0.24029631912708282 -0.0019682454876601696
v 0.08738170564174652 0.2479836493730545 0.0027964948676526546
v 0.1320924311876297 0.20933446288108826 -0.025225549936294556
v 0.07203887403011322 0.1564437448978424 -0.0882457047700882
v 0.052239444106817245 0.14539112150669098 -0.10847728699445724
v 0.0337047316133976 0.11945945769548416 -0.20009870827198029
v 0.03446995094418526 0.12696976959705353 -0.15790319442749023
v 0.041207943111658096 0.13646389544010162 -0.12878328561782837
v 0.07657690346240997 0.3377877175807953 0.036174215376377106
v 0.07339920848608017 0.3043815493583679 0.02802206575870514
v 0.06880806386470795 0.27359673380851746 0.016220003366470337
v 0.06517335027456284 0.2515262961387634 0.004867128562182188
v 0.10389010608196259 0.22205232083797455 -0.014805085957050323
v 0.07887247949838638 0.23129847645759583 -0.008000877685844898
v 0.06431251764297485 0.23866689205169678 -0.0030104778707027435
v 0.11216554790735245 0.1897086799144745 -0.04417262226343155
v 0.08435283601284027 0.20217856764793396 -0.03166840970516205
v 0.09216771274805069 0.17217281460762024 -0.06501000374555588
v 0.04620290547609329 0.16841766238212585 -0.07010775059461594
v 0.06456049531698227 0.18386328220367432 -0.05067678168416023
v 0.02521323971450329 0.15428288280963898 -0.09185554087162018
v 0.006898128893226385 0.14213193953037262 -0.11535341292619705
v -0.0014942061388865113 0.11945945769548416 -0.20009870827198029
v -0.009436615742743015 0.12948502600193024 -0.14904320240020752
v 0.04058090224862099 0.3377877175807953 0.036174215376377106
v 0.04058090224862099 0.30289366841316223 0.02755053900182247
v 0.04058799520134926 0.2745177149772644 0.016642985865473747
v 0.03940477594733238 0.2478775680065155 0.0027359360828995705
v 0.044605232775211334 0.22910180687904358 -0.009562082588672638
v 0.060631778091192245 0.2147190421819687 -0.02064998261630535
v 0.03988654538989067 0.1958017349243164 -0.03788100928068161
v 0.017571935430169106 0.17808882892131805 -0.0575103797018528
v -0.002110605128109455 0.16321010887622833 -0.07757194340229034
v -0.020595736801624298 0.14914628863334656 -0.1011228933930397
v -0.036611638963222504 0.13816428184509277 -0.12453576177358627
v -0.03669314458966255 0.11945945769548416 -0.20009870827198029
v -0.041737768799066544 0.12608394026756287 -0.16141033172607422
v -0.05045603960752487 0.13164588809013367 -0.14217062294483185
v 0.004581269342452288 0.3377877175807953 0.036174215376377106
v 0.004581269342452288 0.302929162979126 0.02756187878549099
v 0.004528142977505922 0.26962873339653015 0.014368653297424316
v 0.007836917415261269 0.24203217029571533 -0.0008686429937370121
v 0.00984202977269888 0.21588799357414246 -0.019684631377458572
v -0.014066788367927074 0.18885833024978638 -0.045083072036504745
v -0.03136160597205162 0.17139340937137604 -0.06607277691364288
v -0.04952080175280571 0.15651468932628632 -0.08808628469705582
v -0.06604330241680145 0.14298228919506073 -0.11352191120386124
v -0.0721931904554367 0.13242529332637787 -0.13986089825630188
v -0.07189208269119263 0.11945945769548416 -0.20009870827198029
v -0.0718991756439209 0.1255173683166504 -0.16369526088237762
v -0.03141827881336212 0.3377877175807953 0.036174215376377106
v -0.03141827881336212 0.3029997646808624 0.027582064270973206
v -0.031506795436143875 0.26984158158302307 0.014468549750745296
v -0.03390161320567131 0.24263454973697662 -0.00047186456504277885
v -0.03831564635038376 0.21911205351352692 -0.017088625580072403
v -0.047579456120729446 0.1987774670124054 -0.034919414669275284
v -0.060651540756225586 0.18386328220367432 -0.05064844340085983
v -0.107091024518013 0.11945945769548416 -0.20009870827198029
v -0.06741783022880554 0.3377877175807953 0.036174215376377106
v -0.10341382771730423 0.3377877175807953 0.036174215376377106
v -0.13941337168216705 0.3377877175807953 0.036174215376377106
v -0.17541292309761047 0.3377877175807953 0.036174215376377106
v -0.21140897274017334 0.3377877175807953 0.036174215376377106
v -0.07858750224113464 0.16639836132526398 -0.07294535636901855
v -0.09474513679742813 0.14776448905467987 -0.10376565158367157
v -0.1047494113445282 0.13348816335201263 -0.13673633337020874
v -0.10709457099437714 0.12533999979496002 -0.1644250452518463
v -0.06741783022880554 0.3031061887741089 0.02761785499751568
v -0.06757720559835434 0.27023112773895264 0.01465134508907795
v -0.07110211253166199 0.24174904823303223 -0.0010425701038911939
v -0.07025539129972458 0.21900562942028046 -0.017165865749120712
v -0.06676950305700302 0.20366643369197845 -0.030284343287348747
v -0.08279258012771606 0.19339288771152496 -0.04030057415366173
v -0.1094822958111763 0.172987699508667 -0.06394013017416
v -0.14228996634483337 0.11945945769548416 -0.20009870827198029
v -0.14228996634483337 0.12526938319206238 -0.16483598947525024
v -0.10341382771730423 0.30331867933273315 0.027681982144713402
v -0.13940982520580292 0.3036730885505676 0.02779463306069374
v -0.17540591955184937 0.30427512526512146 0.027989104390144348
v -0.21138417720794678 0.3052670359611511 0.028298022225499153
v -0.24740855395793915 0.3377877175807953 0.036174215376377106
v -0.24515901505947113 0.3062589466571808 0.028603391721844673
v -0.1362498700618744 0.1553102731704712 -0.09014452248811722
v -0.1430409848690033 0.13444459438323975 -0.134086474776268
v -0.10369018465280533 0.27093958854675293 0.014980807900428772
v -0.10468919575214386 0.24043820798397064 -0.0018740077503025532
v -0.10442347824573517 0.20883850753307343 -0.025633646175265312
v -0.1357468217611313 0.17886823415756226 -0.05652556195855141
v -0.14879408478736877 0.1665402501821518 -0.07272926717996597
v -0.17748889327049255 0.11945945769548416 -0.20009870827198029
v -0.17748889327049255 0.12519843876361847 -0.16506624221801758
v -0.17973490059375763 0.1344800740480423 -0.13403689861297607
v -0.13986684381961823 0.2721085250377655 0.015538759529590607
v -0.17454855144023895 0.27363187074661255 0.016238417476415634
v -0.2125426083803177 0.2755450904369354 0.017090758308768272
v -0.2447587102651596 0.27657246589660645 0.017550228163599968
v -0.28340810537338257 0.3377877175807953 0.036174215376377106
v -0.2778179347515106 0.3072863519191742 0.028909817337989807
v -0.2747146785259247 0.2795482277870178 0.018854966387152672
v -0.1740809679031372 0.15272407233715057 -0.09457270801067352
v -0.1713390201330185 0.16675275564193726 -0.07244940102100372
v -0.1445961743593216 0.24284705519676208 -0.00034080163459293544
v -0.15072833001613617 0.21362105011940002 -0.021563241258263588
v -0.1657133847475052 0.1836153119802475 -0.05096019059419632
v -0.21268783509731293 0.11945945769548416 -0.20009870827198029
v -0.21268783509731293 0.1251629739999771 -0.16519376635551453
v -0.2132652997970581 0.13472804427146912 -0.1333850771188736
v -0.2115188091993332 0.15205107629299164 -0.09580200165510178
v -0.18128298223018646 0.24660220742225647 0.0019753403030335903
v -0.21775370836257935 0.24986140429973602 0.003904269076883793
v -0.2504409849643707 0.2555294334888458 0.007114899344742298
v -0.2766418159008026 0.2620123624801636 0.010589449666440487
v -0.31940409541130066 0.3377877175807953 0.036174215376377106
v -0.30624350905418396 0.30218520760536194 0.027317088097333908
v -0.29611173272132874 0.27752891182899475 0.017979228869080544
v -0.29142847657203674 0.2651651203632355 0.012192104943096638
v -0.21014073491096497 0.166646346449852 -0.07258044183254242
v -0.20895041525363922 0.18641401827335358 -0.04777185991406441
v -0.1917264610528946 0.21960800886154175 -0.01670462265610695
v -0.2478867769241333 0.11945945769548416 -0.20009870827198029
v -0.2478867769241333 0.1251629739999771 -0.1652681827545166
v -0.24794699251651764 0.13494054973125458 -0.13277576863765717
v -0.24736247956752777 0.15003177523612976 -0.09948979318141937
v -0.2479434460401535 0.16622133553028107 -0.07320748269557953
v -0.2274603396654129 0.22516962885856628 -0.012441498227417469
v -0.25999173521995544 0.23477017879486084 -0.005603990983217955
v -0.28413790464401245 0.24582278728485107 0.00150206102989614
v -0.3019321858882904 0.2567693293094635 0.007812064606696367
v -0.3336062729358673 0.29616278409957886 0.025293225422501564
v -0.3156171143054962 0.27055004239082336 0.014806162565946579
v -0.25235041975975037 0.18892927467823029 -0.0450015664100647
v -0.2830857038497925 0.11945945769548416 -0.20009870827198029
v -0.2830857038497925 0.1251629739999771 -0.16530711948871613
v -0.2831175923347473 0.13511759042739868 -0.13231875002384186
v -0.2827208340167999 0.14996083080768585 -0.09959609061479568
v -0.2808220088481903 0.1658317893743515 -0.07376011461019516
v -0.27909326553344727 0.17964765429496765 -0.055611561983823776
v -0.27947938442230225 0.20890945196151733 -0.02556280419230461
v -0.3009933829307556 0.22513414919376373 -0.012481870129704475
v -0.32100537419319153 0.24189060926437378 -0.000955068098846823
v -0.33831077814102173 0.2594970762729645 0.009265581145882607
v -0.3602428138256073 0.28422433137893677 0.020793797448277473
v -0.2978228032588959 0.1890353560447693 -0.0449271984398365
v -0.31828466057777405 0.11945945769548416 -0.20009870827198029
v -0.31828466057777405 0.12512749433517456 -0.16533194482326508
v -0.3183023929595947 0.13522399961948395 -0.13204243779182434
v -0.31806856393814087 0.14996083080768585 -0.09959959238767624
v -0.31188324093818665 0.17118090391159058 -0.06635614484548569
v -0.32415828108787537 0.20274512469768524 -0.031153682619333267
v -0.34649765491485596 0.22084790468215942 -0.01573253609240055
v -0.36795854568481445 0.24461837112903595 0.0007658957038074732
v -0.38932377099990845 0.26969969272613525 0.014404422603547573
v -0.3514325022697449 0.17837227880954742 -0.05715256184339523
v -0.353483647108078 0.11945945769548416 -0.20009870827198029
v -0.353483647108078 0.12512749433517456 -0.1653425544500351
v -0.35349422693252563 0.1352594792842865 -0.13188301026821136
v -0.3533596396446228 0.14996083080768585 -0.09959959238767624
v -0.3764854967594147 0.20455192029476166 -0.02950248308479786
v -0.3971599042415619 0.2269764244556427 -0.011104178614914417
v -0.4178556203842163 0.25113677978515625 0.004653863608837128
v -0.39598023891448975 0.1683470606803894 -0.07017152011394501
v -0.4103807806968689 0.18949617445468903 -0.04440641030669212
v -0.38861170411109924 0.14996083080768585 -0.09960668534040451
v -0.3886825740337372 0.11945945769548416 -0.20009870827198029
v -0.3886825740337372 0.12512749433517456 -0.16534964740276337
v -0.38868963718414307 0.1352946162223816 -0.13179445266723633
v -0.4265384078025818 0.2108578085899353 -0.023897098377346992
v -0.4466070830821991 0.2339552938938141 -0.006158754229545593
v -0.4258015751838684 0.16317464411258698 -0.07761797308921814
v -0.4376656115055084 0.1770969182252884 -0.058700695633888245
v -0.42272308468818665 0.14889830350875854 -0.10158701241016388
v -0.45635268092155457 0.1962270736694336 -0.03745946288108826
v -0.4238850474357605 0.13533009588718414 -0.1317448765039444
v -0.42388150095939636 0.11945945769548416 -0.20009870827198029
v -0.42388150095939636 0.12512749433517456 -0.1653531938791275
v -0.4758048951625824 0.2180846631526947 -0.017899876460433006
v -0.4484633505344391 0.1596674621105194 -0.08300622552633286
v -0.4638558030128479 0.16852408647537231 -0.06995187699794769
v -0.4543440341949463 0.14868579804897308 -0.10200146585702896
v -0.4842539131641388 0.18485519289970398 -0.04953959211707115
v -0.45908400416374207 0.13533009588718414 -0.13171298801898956
v -0.5052258968353271 0.20348906517028809 -0.030450118705630302
v -0.45908045768737793 0.12512749433517456 -0.16535674035549164
v -0.45908045768737793 0.11945945769548416 -0.20009870827198029
v -0.489107221364975 0.15431836247444153 -0.09178826957941055
v -0.5162681341171265 0.1739441454410553 -0.06270023435354233
v -0.4942793846130371 0.13533009588718414 -0.13169880211353302
v -0.5351428985595703 0.1901336908340454 -0.043736886233091354
v -0.4942793846130371 0.12512749433517456 -0.16535674035549164
v -0.4942793846130371 0.11945945769548416 -0.20009870827198029
v -0.5330492258071899 0.13508211076259613 -0.13243213295936584
v -0.536078155040741 0.14790639281272888 -0.10345745086669922
v -0.549752414226532 0.1623600870370865 -0.07885081321001053
v -0.5650198459625244 0.1780182123184204 -0.05755641311407089
v -0.5294783115386963 0.12512749433517456 -0.16536028683185577
v -0.5294783115386963 0.11945945769548416 -0.20009870827198029
v -0.5646772384643555 0.12512749433517456 -0.16535674035549164
v -0.5621089339256287 0.13508211076259613 -0.13239669799804688
v -0.5662381649017334 0.14393873512744904 -0.11149555444717407
v -0.5787826776504517 0.15484978258609772 -0.09092384576797485
v -0.5950295925140381 0.16714230179786682 -0.07187193632125854
v -0.5646772384643555 0.11945945769548416 -0.20009870827198029
v -0.5998762249946594 0.11945945769548416 -0.20009870827198029
v -0.5944936275482178 0.125092014670372 -0.1655799299478531
v -0.5901355743408203 0.13412566483020782 -0.1349969357252121
v -0.5852376222610474 0.14149442315101624 -0.1167987585067749
v -0.6009311676025391 0.14776448905467987 -0.10375150293111801
v -0.62128746509552 0.15952590107917786 -0.08325065672397614
v -0.6350752115249634 0.11945945769548416 -0.20009870827198029
v -0.6307635307312012 0.12477343529462814 -0.1668800413608551
v -0.6246181726455688 0.13742034137248993 -0.12636370956897736
v -0.6528145670890808 0.1508466601371765 -0.09796649217605591
v -0.6702741384506226 0.11945945769548416 -0.20009870827198029
v -0.6685460209846497 0.12448997795581818 -0.16815891861915588
v -0.6717895865440369 0.13277968764305115 -0.13883709907531738
v -0.684160590171814 0.14280492067337036 -0.11387614160776138
v -0.7054730653762817 0.11945945769548416 -0.20009870827198029
v -0.7023102641105652 0.12466701120138168 -0.1674114316701889
v -0.6959917545318604 0.13093742728233337 -0.1443280577659607
v -0.7126155495643616 0.13656997680664062 -0.12847153842449188
v -0.7406716346740723 0.11945945769548416 -0.20009870827198029
v -0.7383888363838196 0.12757180631160736 -0.15566429495811462
v -0.7758706212043762 0.11945945769548416 -0.20009870827198029
v -0.7837201952934265 0.12477343529462814 -0.16697923839092255
v -0.8110695481300354 0.11945945769548416 -0.20009870827198029
v -0.8145794868469238 0.12307305634021759 -0.17509880661964417
v -0.8462684750556946 0.11945945769548416 -0.20009870827198029
v -0.8460618853569031 0.121762216091156 -0.18236814439296722
v -0.8814674019813538 0.11945945769548416 -0.20009870827198029
v -0.8702172636985779 0.12062840908765793 -0.1898961067199707
v -0.11116147041320801 -0.8512392044067383 -0.46626946330070496
v -0.14513106644153595 -0.8578991293907166 -0.4650968909263611
v -0.18052130937576294 -0.8578991293907166 -0.4650968909263611
v -0.2159115970134735 -0.8578991293907166 -0.4650968909263611
v -0.2513017952442169 -0.8578991293907166 -0.4650968909263611
v -0.2866920530796051 -0.8578991293907166 -0.4650968909263611
v -0.3220822811126709 -0.8578991293907166 -0.4650968909263611
v -0.3574725389480591 -0.8578991293907166 -0.4650968909263611
v -0.39133593440055847 -0.8512392044067383 -0.4662659168243408
v -0.4199953079223633 -0.8324282765388489 -0.46958523988723755
v -0.08245246112346649 -0.8322864174842834 -0.4696100950241089
v -0.1043030396103859 -0.812873125076294 -0.4730357527732849
v -0.1258312314748764 -0.8198519945144653 -0.4718029499053955
v -0.15133416652679443 -0.826263964176178 -0.4706728458404541
v -0.18315701186656952 -0.8281416893005371 -0.470339834690094
v -0.21700622141361237 -0.8279646635055542 -0.4703717529773712
v -0.25283220410346985 -0.8267247676849365 -0.470587819814682
v -0.2867203950881958 -0.8254848718643188 -0.47081103920936584
v -0.3181677460670471 -0.8232176303863525 -0.471211314201355
v -0.3472026586532593 -0.8200290203094482 -0.4717710316181183
v -0.4392845630645752 -0.8040878176689148 -0.4745802879333496
v -0.3771727681159973 -0.8136880397796631 -0.4728904664516449
v -0.40152791142463684 -0.8028479218482971 -0.47479644417762756
v -0.41937536001205444 -0.7929993867874146 -0.47653937339782715
v 0.21213673055171967 -0.046757813543081284 -0.6081209182739258
v 0.21213673055171967 -0.33455589413642883 -0.5573700666427612
v 0.21213673055171967 -0.29859864711761475 -0.5637148022651672
v 0.21213673055171967 -0.08271470665931702 -0.6017761826515198
v 0.21213673055171967 -0.26260629296302795 -0.5700560212135315
v 0.21213673055171967 -0.11870741844177246 -0.5954314470291138
v 0.21213673055171967 -0.22664938867092133 -0.5764007568359375
v 0.21213673055171967 -0.15469978749752045 -0.5890902280807495
v 0.21213673055171967 -0.19065667688846588 -0.5827454924583435
v -0.06330489367246628 -0.8040168285369873 -0.47459447383880615
v -0.09936821460723877 -0.7926804423332214 -0.4765925109386444
v -0.12983427941799164 -0.7960460782051086 -0.4760008454322815
v -0.15672238171100616 -0.79608154296875 -0.4759937524795532
v -0.1871955394744873 -0.7960460782051086 -0.4760008454322815
v -0.21855080127716064 -0.7946291565895081 -0.4762488305568695
v -0.2514328956604004 -0.7935308218002319 -0.47644367814064026
v -0.28492429852485657 -0.7954791784286499 -0.4761000871658325
v -0.3135305345058441 -0.7969315648078918 -0.4758414626121521
v -0.33804866671562195 -0.7896692156791687 -0.47712385654449463
v -0.446036696434021 -0.7706813216209412 -0.4804750978946686
v -0.3696306347846985 -0.7819112539291382 -0.4784948229789734
v -0.4195808172225952 -0.7699373364448547 -0.4806026518344879
v -0.39570748805999756 -0.7739759683609009 -0.4798906445503235
v 0.17759676277637482 -0.046757813543081284 -0.6081209182739258
v 0.17788012325763702 -0.33455589413642883 -0.5573700666427612
v 0.17684927582740784 -0.08275018632411957 -0.6017761826515198
v 0.17787303030490875 -0.29944899678230286 -0.5635660290718079
v 0.17616556584835052 -0.26260629296302795 -0.5700560212135315
v 0.1763213872909546 -0.11870741844177246 -0.5954314470291138
v 0.17572982609272003 -0.22664938867092133 -0.5764007568359375
v 0.1760096400976181 -0.15469978749752045 -0.5890902280807495
v 0.1758289784193039 -0.19065667688846588 -0.5827454924583435
v -0.05656690523028374 -0.7706813216209412 -0.4804750978946686
v -0.0969628393650055 -0.7641628980636597 -0.48162293434143066
v -0.1340429037809372 -0.7650132775306702 -0.48146700859069824
v -0.161664217710495 -0.7655092477798462 -0.48138558864593506
v -0.19033074378967285 -0.7694059014320374 -0.4806983470916748
v -0.22077196836471558 -0.7663592100143433 -0.48123323917388916
v -0.2884562611579895 -0.770539402961731 -0.4804999530315399
v -0.25345924496650696 -0.7623206377029419 -0.4819488823413849
v -0.3112030625343323 -0.7788645625114441 -0.47902625799179077
v -0.32985466718673706 -0.7669616341590881 -0.4811234474182129
v -0.446036696434021 -0.7337321639060974 -0.4869863986968994
v -0.36159610748291016 -0.7528268098831177 -0.48362094163894653
v -0.41783788800239563 -0.7378062009811401 -0.48626720905303955
v -0.3903723359107971 -0.7437931895256042 -0.4852115213871002
v 0.1430567055940628 -0.046757813543081284 -0.6081209182739258
v 0.14362351596355438 -0.33455589413642883 -0.5573700666427612
v 0.14306025207042694 -0.08133325725793839 -0.6020206212997437
v 0.14361996948719025 -0.300015926361084 -0.5634597539901733
v 0.14139525592327118 -0.11831754446029663 -0.5955023169517517
v 0.14309918880462646 -0.2644485533237457 -0.5697336196899414
v 0.14015181362628937 -0.22679094970226288 -0.5763723850250244
v 0.14035367965698242 -0.15445180237293243 -0.5891291499137878
v 0.13976211845874786 -0.19051511585712433 -0.5827702283859253
v 0.040853627026081085 -0.6328399777412415 -0.5047770738601685
v 0.040853627026081085 -0.5997169613838196 -0.5106223821640015
v -0.09600276499986649 -0.7301188707351685 -0.48762398958206177
v -0.05656690523028374 -0.7301188707351685 -0.48762398958206177
v -0.13305799663066864 -0.7293394804000854 -0.48776572942733765
v -0.1627766638994217 -0.7300834059715271 -0.48763108253479004
v -0.1906176656484604 -0.7331300973892212 -0.4870961904525757
v -0.22348204255104065 -0.7338385581970215 -0.48696866631507874
v -0.2552659511566162 -0.7311462759971619 -0.4874468743801117
v -0.30444034934043884 -0.739861011505127 -0.48590588569641113
v -0.446036696434021 -0.6968188285827637 -0.49349406361579895
v -0.3515670895576477 -0.7186763882637024 -0.4896397590637207
v -0.4154537320137024 -0.701530396938324 -0.49266862869262695
v -0.38504791259765625 -0.7081193923950195 -0.49150314927101135
v 0.1085166484117508 -0.046757813543081284 -0.6081209182739258
v 0.10936691612005234 -0.33455589413642883 -0.5573700666427612
v 0.1085166484117508 -0.08104980736970901 -0.602070152759552
v 0.10936691612005234 -0.3003699779510498 -0.5633995532989502
v 0.10848835110664368 -0.1162276342511177 -0.5958707332611084
v 0.1090763732790947 -0.26565298438072205 -0.5695245862007141
v 0.10598373413085938 -0.15370787680149078 -0.5892602801322937
v 0.10757084935903549 -0.2296251356601715 -0.5758764147758484
v 0.10500246286392212 -0.19044417142868042 -0.5827844142913818
v 0.07511022686958313 -0.33455589413642883 -0.5573700666427612
v 0.040853627026081085 -0.5665584206581116 -0.516464114189148
v 0.00834351684898138 -0.6380120515823364 -0.5038666725158691
v 0.008184137754142284 -0.6031531691551208 -0.5100094676017761
v 0.00719222379848361 -0.5665584206581116 -0.516464114189148
v -0.024131204932928085 -0.6433966755867004 -0.5029137134552002
v -0.05656690523028374 -0.6895564794540405 -0.4947764575481415
v -0.12980952858924866 -0.6924613118171692 -0.4942663013935089
v -0.09487976878881454 -0.6895919442176819 -0.4947693347930908
v -0.16392439603805542 -0.6969603896141052 -0.49347278475761414
v -0.1910250186920166 -0.7006445527076721 -0.49282100796699524
v -0.21930178999900818 -0.6962873935699463 -0.4935932159423828
v -0.2537568509578705 -0.6939491629600525 -0.4940042197704315
v -0.2967919409275055 -0.6838529706001282 -0.49577900767326355
v -0.446036696434021 -0.6599051356315613 -0.500005304813385
v -0.34085437655448914 -0.6743943095207214 -0.4974510967731476
v -0.41202452778816223 -0.6598342061042786 -0.500015914440155
v -0.3795710802078247 -0.6669549345970154 -0.4987618327140808
v 0.039436619728803635 0.061396658420562744 -0.6271905303001404
v 0.039436619728803635 0.0253333430737257 -0.6208351254463196
v 0.039436619728803635 -0.010694499127566814 -0.6144762635231018
v 0.07397667318582535 -0.046757813543081284 -0.6081209182739258
v 0.040853627026081085 -0.5334002375602722 -0.5223093032836914
v 0.07397667318582535 -0.08129778504371643 -0.6020312309265137
v 0.07511022686958313 -0.3005824685096741 -0.5633640885353088
v 0.07431317120790482 -0.11636918783187866 -0.5958423018455505
v 0.07495085150003433 -0.2663259506225586 -0.569404125213623
v 0.07499333471059799 -0.1521490514278412 -0.5895401835441589
v 0.0744088664650917 -0.23146706819534302 -0.5755470395088196
v 0.0724426880478859 -0.19444730877876282 -0.5820795297622681
v 0.040853627026081085 -0.5002772212028503 -0.5281510353088379
v 0.040853627026081085 -0.46711868047714233 -0.5339962244033813
v 0.040853627026081085 -0.43399563431739807 -0.5398379564285278
v 0.040853627026081085 -0.4008725881576538 -0.5456831455230713
v 0.040853627026081085 -0.36771440505981445 -0.5515248775482178
v 0.040853627026081085 -0.30068889260292053 -0.5633428692817688
v 0.040853627026081085 -0.33455589413642883 -0.5573700666427612
v 0.0071851289831101894 -0.5334002375602722 -0.5223093032836914
v -0.027145884931087494 -0.6079357266426086 -0.5091663599014282
v -0.027698514983057976 -0.5702781081199646 -0.5158051252365112
v -0.026483453810214996 -0.5334354043006897 -0.5223057866096497
v -0.062103938311338425 -0.6138162612915039 -0.5081284642219543
v -0.05656690523028374 -0.6489940881729126 -0.5019253492355347
v -0.09557412564754486 -0.6551581025123596 -0.5008448958396912
v -0.16913549602031708 -0.6714540719985962 -0.49796831607818604
v -0.1333095282316208 -0.6610034704208374 -0.499813973903656
v -0.19040507078170776 -0.6816211938858032 -0.4961757957935333
v -0.21146564185619354 -0.6693992614746094 -0.4983260929584503
v -0.2502603232860565 -0.6568939089775085 -0.5005402565002441
v -0.2947939336299896 -0.645805835723877 -0.5024921298027039
v -0.446036696434021 -0.6229914426803589 -0.5065165758132935
v -0.33899804949760437 -0.6351072788238525 -0.5043804049491882
v -0.41058269143104553 -0.6229563355445862 -0.5065200328826904
v -0.37635087966918945 -0.6269239783287048 -0.5058186650276184
v 0.005289815831929445 0.061396658420562744 -0.6271905303001404
v 0.039436619728803635 -0.046757813543081284 -0.6081209182739258
v 0.005296910647302866 0.027246562764048576 -0.6211646199226379
v 0.004025090951472521 -0.010694499127566814 -0.6144762635231018
v 0.0034901972394436598 -0.046757813543081284 -0.6081209182739258
v -0.02885698713362217 0.061396658420562744 -0.6271905303001404
v -0.0630037933588028 0.061396658420562744 -0.6271905303001404
v 0.039436619728803635 -0.0816873237490654 -0.6019603610038757
v 0.007170939352363348 -0.5002772212028503 -0.5281510353088379
v 0.03999989107251167 -0.11750265955924988 -0.5956474542617798
v 0.04077921807765961 -0.26668035984039307 -0.5693404078483582
v 0.04092094302177429 -0.1529284566640854 -0.5893984436988831
v 0.04052067920565605 -0.23242349922657013 -0.5753804445266724
v 0.03968459740281105 -0.19713959097862244 -0.5816047787666321
v 0.007149654906243086 -0.46711868047714233 -0.5339962244033813
v 0.007107171230018139 -0.43399563431739807 -0.5398379564285278
v 0.007032760418951511 -0.4008725881576538 -0.5456831455230713
v 0.006905223708599806 -0.36771440505981445 -0.5515248775482178
v 0.00669972924515605 -0.33455589413642883 -0.5573700666427612
v 0.006405719090253115 -0.2668219208717346 -0.5693156123161316
v 0.006497866474092007 -0.3007243871688843 -0.5633392930030823
v -0.026515381410717964 -0.5002772212028503 -0.5281474590301514
v -0.0631277784705162 -0.5728288292884827 -0.5153623223304749
v -0.06198349595069885 -0.5329394340515137 -0.5223942995071411
v -0.060162678360939026 -0.5003477931022644 -0.5281403660774231
v -0.09867031127214432 -0.5752731561660767 -0.5149301290512085
v -0.096413753926754 -0.6199096441268921 -0.5070550441741943
v -0.13744373619556427 -0.6255776882171631 -0.506056010723114
v -0.18831144273281097 -0.6384725570678711 -0.5037851929664612
v -0.24737666547298431 -0.6153041124343872 -0.5078698396682739
v -0.29337337613105774 -0.605243444442749 -0.5096410512924194
v -0.446036696434021 -0.5860426425933838 -0.5130277872085571
v -0.3371027708053589 -0.5961388349533081 -0.5112493634223938
v -0.4097006022930145 -0.5860426425933838 -0.5130277872085571
v -0.3747744560241699 -0.5898332595825195 -0.5123582482337952
v -0.02885698713362217 0.02777799405157566 -0.6212602853775024
v 0.0033166292123496532 -0.0823606476187706 -0.6018399596214294
v -0.030947068706154823 -0.04069990664720535 -0.6091872453689575
v -0.02912270277738571 -0.006832925137132406 -0.6151635646820068
v -0.03312220424413681 -0.08161671459674835 -0.6019745469093323
v -0.0630037933588028 0.02777799405157566 -0.6212602853775024
v -0.09715059399604797 0.061396658420562744 -0.6271905303001404
v -0.09715059399604797 0.02777799405157566 -0.6212602853775024
v 0.003277607960626483 -0.11817598342895508 -0.5955305695533752
v -0.026572054252028465 -0.4671541452407837 -0.5339891314506531
v 0.003993249032646418 -0.15268048644065857 -0.5894409418106079
v 0.0062781828455626965 -0.23281337320804596 -0.575313150882721
v 0.004202290903776884 -0.19274693727493286 -0.5823734998703003
v -0.02668185345828533 -0.4340665936470032 -0.5398308634757996
v -0.026880253106355667 -0.4009435474872589 -0.545665442943573
v -0.027227390557527542 -0.36789143085479736 -0.5514965057373047
v -0.04137999191880226 -0.23143158853054047 -0.5755575895309448
v -0.027716252952814102 -0.3347683846950531 -0.5573346018791199
v -0.034142494201660156 -0.26668035984039307 -0.5693404078483582
v -0.027914652600884438 -0.30086591839790344 -0.5633109211921692
v -0.06025119498372078 -0.4672602415084839 -0.5339749455451965
v -0.09632869809865952 -0.527306854724884 -0.5233862400054932
v -0.09416420757770538 -0.4965575337409973 -0.5288028120994568
v -0.0938524603843689 -0.46736666560173035 -0.53395015001297
v -0.13185712695121765 -0.5186631083488464 -0.5249095559120178
v -0.13896344602108002 -0.5726163387298584 -0.5153942108154297
v -0.1868731528520584 -0.5687196254730225 -0.5160815119743347
v -0.24403247237205505 -0.5634411573410034 -0.5170167088508606
v -0.29164811968803406 -0.5563558340072632 -0.5182636976242065
v -0.446036696434021 -0.5491290092468262 -0.5195354223251343
v -0.3359089493751526 -0.5516442656517029 -0.5190926194190979
v -0.40919047594070435 -0.5482434630393982 -0.5196949243545532
v -0.3741828501224518 -0.5501563549041748 -0.5193583369255066
v -0.0630037933588028 -0.005841010715812445 -0.6153300404548645
v -0.034330252557992935 -0.11916790157556534 -0.595349907875061
v -0.06414097547531128 -0.07463783770799637 -0.6032038331031799
v -0.06349620223045349 -0.03949548676609993 -0.6094032526016235
v -0.06831404566764832 -0.11123258620500565 -0.5967493057250977
v -0.13129739463329315 0.061396658420562744 -0.6271905303001404
v -0.09715059399604797 -0.005841010715812445 -0.6153300404548645
v -0.13129739463329315 0.02777799405157566 -0.6212602853775024
v -0.13129739463329315 -0.005841010715812445 -0.6153300404548645
v -0.03704382851719856 -0.1493503451347351 -0.5900290012359619
v -0.06043895334005356 -0.43420812487602234 -0.5398024916648865
v -0.05124600976705551 -0.19618315994739532 -0.5817713141441345
v -0.06080382689833641 -0.4012269973754883 -0.5456158518791199
v -0.06941229850053787 -0.2107432782649994 -0.5792064666748047
v -0.06142377108335495 -0.3683164417743683 -0.5514220595359802
v -0.06681907922029495 -0.23139645159244537 -0.5755611062049866
v -0.06218544393777847 -0.3351227939128876 -0.5572744011878967
v -0.06247235834598541 -0.2670344114303589 -0.5692801475524902
v -0.06238029897212982 -0.30100783705711365 -0.5632861852645874
v -0.0941464751958847 -0.4344916045665741 -0.5397529006004333
v -0.125774547457695 -0.49018070101737976 -0.5299293398857117
v -0.12478610128164291 -0.46517032384872437 -0.5343433618545532
v -0.12090349942445755 -0.4303823709487915 -0.540475606918335
v -0.1450531929731369 -0.48419374227523804 -0.5309885740280151
v -0.1674882471561432 -0.5033239126205444 -0.5276125073432922
v -0.24005061388015747 -0.5104798078536987 -0.526354968547821
v -0.2927994430065155 -0.5091689825057983 -0.5265851616859436
v -0.4477371573448181 -0.5149788856506348 -0.525557816028595
v -0.33821162581443787 -0.5105152726173401 -0.5263442993164062
v -0.4114719033241272 -0.511471688747406 -0.5261777639389038
v -0.3761454224586487 -0.5105503797531128 -0.5263407826423645
v -0.16544419527053833 0.061396658420562744 -0.6271905303001404
v -0.1995910108089447 0.061396658420562744 -0.6271905303001404
v -0.23373422026634216 0.061396658420562744 -0.6271905303001404
v -0.09715059399604797 -0.03949548676609993 -0.6094032526016235
v -0.07063445448875427 -0.14276133477687836 -0.5911909341812134
v -0.09795120358467102 -0.10673349350690842 -0.5975463390350342
v -0.09715059399604797 -0.07311449199914932 -0.6034730672836304
v -0.101695716381073 -0.1411670446395874 -0.5914708375930786
v -0.16544419527053833 0.02777799405157566 -0.6212602853775024
v -0.13129739463329315 -0.03949548676609993 -0.6094032526016235
v -0.16544419527053833 -0.005841010715812445 -0.6153300404548645
v -0.16544419527053833 -0.03949548676609993 -0.6094032526016235
v -0.08043324202299118 -0.18095004558563232 -0.5844565033912659
v -0.09137976914644241 -0.40168747305870056 -0.5455378890037537
v -0.08689486980438232 -0.20404785871505737 -0.5803825855255127
v -0.0957583338022232 -0.3689894378185272 -0.5512980818748474
v -0.09134075045585632 -0.2293771505355835 -0.575918972492218
v -0.0967431515455246 -0.33558326959609985 -0.557189404964447
v -0.09693800657987595 -0.267105370759964 -0.5692660808563232
v -0.0968671441078186 -0.3011493980884552 -0.5632613301277161
v -0.11676928400993347 -0.401793897151947 -0.5455201864242554
v -0.14877288043498993 -0.4613442122936249 -0.5350129008293152
v -0.14558099210262299 -0.4242180585861206 -0.5415631532669067
v -0.13527214527130127 -0.4026084244251251 -0.5453749895095825
v -0.18267524242401123 -0.46116718649864197 -0.5350483655929565
v -0.24855634570121765 -0.46485140919685364 -0.5343965291976929
v -0.29967203736305237 -0.4669771194458008 -0.5340210199356079
v -0.45284906029701233 -0.48111191391944885 -0.5315305590629578
v -0.34474411606788635 -0.46832311153411865 -0.5337836742401123
v -0.41712936758995056 -0.4741330146789551 -0.5327599048614502
v -0.3813742697238922 -0.4704488217830658 -0.5334116816520691
v -0.1995910108089447 0.02777799405157566 -0.6212602853775024
v -0.23373422026634216 0.02777799405157566 -0.6212602853775024
v -0.26788103580474854 0.061396658420562744 -0.6271905303001404
v -0.26788103580474854 0.02777799405157566 -0.6212602853775024
v -0.13129739463329315 -0.07311449199914932 -0.6034730672836304
v -0.10774990171194077 -0.1706058830022812 -0.5862845182418823
v -0.13130803406238556 -0.1401045173406601 -0.5916585922241211
v -0.13129739463329315 -0.10673349350690842 -0.5975463390350342
v -0.13437938690185547 -0.16582335531711578 -0.5871276259422302
v -0.1995910108089447 -0.005841010715812445 -0.6153300404548645
v -0.16544419527053833 -0.07311449199914932 -0.6034730672836304
v -0.1995910108089447 -0.03949548676609993 -0.6094032526016235
v -0.1995910108089447 -0.07311449199914932 -0.6034730672836304
v -0.11130311340093613 -0.1955101639032364 -0.5818881988525391
v -0.1250908374786377 -0.37217801809310913 -0.5507419109344482
v -0.12015246599912643 -0.22586998343467712 -0.5765354037284851
v -0.13364610075950623 -0.3361853063106537 -0.5570830702781677
v -0.13024172186851501 -0.261933296918869 -0.5701764822006226
v -0.13523313403129578 -0.3013264238834381 -0.5632330775260925
v -0.14958412945270538 -0.3801839351654053 -0.5493248701095581
v -0.1796073615550995 -0.40848931670188904 -0.5443369150161743
v -0.25387728214263916 -0.4145468771457672 -0.5432671308517456
v -0.3081033527851105 -0.42131325602531433 -0.542076826095581
v -0.4612874686717987 -0.4479888677597046 -0.5373722314834595
v -0.3548687696456909 -0.42627283930778503 -0.5411982536315918
v -0.4288162887096405 -0.44054949283599854 -0.5386865735054016
v -0.3906451463699341 -0.430948942899704 -0.5403763651847839
v -0.3020278215408325 0.061396658420562744 -0.6271905303001404
v -0.23373422026634216 -0.005841010715812445 -0.6153300404548645
v -0.26788103580474854 -0.005841010715812445 -0.6153300404548645
v -0.3020278215408325 0.02777799405157566 -0.6212602853775024
v -0.3020278215408325 -0.005841010715812445 -0.6153300404548645
v -0.16544419527053833 -0.10669802129268646 -0.5975498557090759
v -0.14092253148555756 -0.1930658519268036 -0.5823239684104919
v -0.1650225669145584 -0.16515035927295685 -0.5872445702552795
v -0.16546185314655304 -0.13989168405532837 -0.5916939973831177
v -0.1687670797109604 -0.1883542686700821 -0.5831528306007385
v -0.23373422026634216 -0.03949548676609993 -0.6094032526016235
v -0.1995910108089447 -0.10669802129268646 -0.5975534319877625
v -0.23373422026634216 -0.07311449199914932 -0.6034730672836304
v -0.2337377667427063 -0.10662707686424255 -0.5975605249404907
v -0.14823435246944427 -0.22158339619636536 -0.5772935152053833
v -0.16417592763900757 -0.3414638042449951 -0.5561513900756836
v -0.156991645693779 -0.2531476318836212 -0.5717281103134155
v -0.16543355584144592 -0.29622527956962585 -0.5641363859176636
v -0.2095562219619751 -0.3510288894176483 -0.5544687509536743
v -0.2680014669895172 -0.36434879899024963 -0.5521164536476135
v -0.32075029611587524 -0.37504732608795166 -0.5502318143844604
v -0.4729389548301697 -0.4157867729663849 -0.5430474877357483
v -0.36810025572776794 -0.3840455114841461 -0.5486447215080261
v -0.4413144588470459 -0.4053010642528534 -0.54489666223526
v -0.4038766324520111 -0.3922997713088989 -0.5471923351287842
v -0.3361746370792389 0.061396658420562744 -0.6271905303001404
v -0.3361746370792389 0.02777799405157566 -0.6212602853775024
v -0.26788103580474854 -0.03949548676609993 -0.6094032526016235
v -0.3020278215408325 -0.03949548676609993 -0.6094032526016235
v -0.3361746370792389 -0.005841010715812445 -0.6153300404548645
v -0.3361746370792389 -0.03949548676609993 -0.6094032526016235
v -0.19966186583042145 -0.1362074762582779 -0.5923457741737366
v -0.1742403507232666 -0.2124791294336319 -0.5788982510566711
v -0.19710057973861694 -0.18399673700332642 -0.583925187587738
v -0.19815625250339508 -0.16174960136413574 -0.5878397226333618
v -0.19556304812431335 -0.20255964994430542 -0.5806483030319214
v -0.26788103580474854 -0.07311449199914932 -0.6034730672836304
v -0.23345790803432465 -0.13351517915725708 -0.5928205847740173
v -0.26788458228111267 -0.10655612498521805 -0.5975746512413025
v -0.26907843351364136 -0.13103540241718292 -0.5932562947273254
v -0.18853113055229187 -0.23805640637874603 -0.5743885636329651
v -0.21545103192329407 -0.28340134024620056 -0.5663930177688599
v -0.28552302718162537 -0.31514260172843933 -0.5607993006706238
v -0.337694376707077 -0.32948988676071167 -0.5582698583602905
v -0.4877645969390869 -0.38489586114883423 -0.5484994649887085
v -0.3847113251686096 -0.3439790606498718 -0.5557122230529785
v -0.4572772979736328 -0.3714340925216675 -0.5508729815483093
v -0.4209836721420288 -0.35499656200408936 -0.5537673234939575
v -0.3703214228153229 0.061396658420562744 -0.6271905303001404
v -0.3703214228153229 0.02777799405157566 -0.6212602853775024
v -0.3703214228153229 -0.005841010715812445 -0.6153300404548645
v -0.3020278215408325 -0.07311449199914932 -0.6034730672836304
v -0.3361746370792389 -0.07311449199914932 -0.6034730672836304
v -0.3703214228153229 -0.03949548676609993 -0.6094032526016235
v -0.37316614389419556 -0.0671275332570076 -0.6045252084732056
v -0.2313111126422882 -0.15976577997207642 -0.5881903767585754
v -0.21295000612735748 -0.21442748606204987 -0.578554630279541
v -0.2258591204881668 -0.1878228336572647 -0.5832485556602478
v -0.3018825948238373 -0.10056916624307632 -0.5986303091049194
v -0.27381131052970886 -0.15615218877792358 -0.5888316035270691
v -0.3014291226863861 -0.12444605678319931 -0.5944217443466187
v -0.3003734350204468 -0.1442846804857254 -0.5909217000007629
v -0.25308728218078613 -0.23398232460021973 -0.575107753276825
v -0.3119824528694153 -0.25927647948265076 -0.5706440210342407
v -0.36039870977401733 -0.2828344404697418 -0.5664921998977661
v -0.5055907964706421 -0.35552796721458435 -0.5536715984344482
v -0.40492165088653564 -0.30352309346199036 -0.562843382358551
v -0.47657716274261475 -0.3391965329647064 -0.5565517544746399
v -0.4418281614780426 -0.31932276487350464 -0.5600588917732239
v -0.40446823835372925 0.061396658420562744 -0.6271905303001404
v -0.40446823835372925 0.02777799405157566 -0.6212602853775024
v -0.40446823835372925 -0.005841010715812445 -0.6153300404548645
v -0.4045851230621338 -0.03581128269433975 -0.6100480556488037
v -0.33675915002822876 -0.09989617764949799 -0.5987508296966553
v -0.3795214593410492 -0.09270480275154114 -0.6000190377235413
v -0.4038447439670563 -0.060255080461502075 -0.6057402491569519
v -0.404142290353775 -0.07945551723241806 -0.6023536324501038
v -0.28276336193084717 -0.18902724981307983 -0.583035945892334
v -0.333670049905777 -0.12869717180728912 -0.5936743021011353
v -0.32166075706481934 -0.15778161585330963 -0.5885411500930786
v -0.34079766273498535 -0.2124791294336319 -0.5788982510566711
v -0.38776856660842896 -0.24103213846683502 -0.573860764503479
v -0.526247501373291 -0.3280729651451111 -0.5585178136825562
v -0.4306265413761139 -0.26607799530029297 -0.5694467425346375
v -0.49899452924728394 -0.30901408195495605 -0.5618761777877808
v -0.466225802898407 -0.28584566712379456 -0.5659608244895935
v -0.43861502408981323 0.02777799405157566 -0.6212602853775024
v -0.43861502408981323 0.061396658420562744 -0.6271905303001404
v -0.43861502408981323 -0.005876484327018261 -0.6153300404548645
v -0.4361564815044403 -0.037015702575445175 -0.6098390221595764
v -0.43231987953186035 -0.0657457485795021 -0.6047731637954712
v -0.39104899764060974 -0.12635928392410278 -0.5940852761268616
v -0.42619478702545166 -0.09107537567615509 -0.6003024578094482
v -0.3647489547729492 -0.1742546260356903 -0.5856397151947021
v -0.415691077709198 -0.2023826241493225 -0.5806766152381897
v -0.5494796633720398 -0.30274367332458496 -0.5629815459251404
v -0.4589989483356476 -0.23150253295898438 -0.5755470395088196
v -0.5242459177970886 -0.2812046706676483 -0.5667827129364014
v -0.4938294589519501 -0.25506049394607544 -0.5713915228843689
v -0.4727618396282196 0.061396658420562744 -0.6271905303001404
v -0.4727618396282196 -0.005876484327018261 -0.6153300404548645
v -0.4727618396282196 0.02777799405157566 -0.6212602853775024
v -0.47275829315185547 -0.03949548676609993 -0.6094032526016235
v -0.4694318175315857 -0.06964278966188431 -0.6040824055671692
v -0.4661230444908142 -0.09932927787303925 -0.598846435546875
v -0.4624316990375519 -0.14718948304653168 -0.5904116034507751
v -0.575177788734436 -0.27975228428840637 -0.5670341849327087
v -0.4960046112537384 -0.1940222978591919 -0.5821502804756165
v -0.5524660348892212 -0.25583991408348083 -0.5712534189224243
v -0.5258188843727112 -0.22647202014923096 -0.5764290690422058
v -0.506908655166626 0.061396658420562744 -0.6271905303001404
v -0.506908655166626 0.02777799405157566 -0.6212602853775024
v -0.5069015622138977 -0.039460014551877975 -0.6094032526016235
v -0.5069050788879395 -0.005876484327018261 -0.6153300404548645
v -0.5046874284744263 -0.06928839534521103 -0.6041426062583923
v -0.5045422315597534 -0.0969204381108284 -0.5992751121520996
v -0.5144932866096497 -0.1305394470691681 -0.5933483839035034
v -0.6029592752456665 -0.25938254594802856 -0.5706263780593872
v -0.5331342220306396 -0.1675591915845871 -0.5868158340454102
v -0.5826791524887085 -0.233415424823761 -0.5752033591270447
v -0.5588851571083069 -0.20163868367671967 -0.5808076858520508
v -0.54105544090271 0.061396658420562744 -0.6271905303001404
v -0.5752012133598328 0.061396658420562744 -0.6271905303001404
v -0.54105544090271 0.02777799405157566 -0.6212602853775024
v -0.5410519242286682 -0.005876484327018261 -0.6153300404548645
v -0.5351995825767517 -0.06967826932668686 -0.6040753126144409
v -0.5410412549972534 -0.039460014551877975 -0.6094032526016235
v -0.5275299549102783 -0.09245682507753372 -0.6000615358352661
v -0.5448601245880127 -0.11332249641418457 -0.5963844060897827
v -0.6327143907546997 -0.24177607893943787 -0.5737332105636597
v -0.5694083571434021 -0.1473665088415146 -0.5903797149658203
v -0.6149551272392273 -0.21393153071403503 -0.5786396861076355
v -0.5937479138374329 -0.17999359965324402 -0.5846230983734131
v -0.5752012133598328 0.027742519974708557 -0.6212602853775024
v -0.6093476414680481 0.027742519974708557 -0.6212567687034607
v -0.6093476414680481 0.061396658420562744 -0.6271905303001404
v -0.5751929879188538 -0.005876484327018261 -0.615326464176178
v -0.5751739144325256 -0.039460014551877975 -0.6094032526016235
v -0.5730547308921814 -0.08459245413541794 -0.6014502048492432
v -0.6641050577163696 -0.22707439959049225 -0.5763263702392578
v -0.6065472364425659 -0.12919312715530396 -0.5935857892036438
v -0.6490346193313599 -0.1976000815629959 -0.5815197825431824
v -0.6304892897605896 -0.16157223284244537 -0.5878715515136719
v -0.6148499250411987 -0.0050970748998224735 -0.6154682040214539
v -0.6536116003990173 -0.0049909912049770355 -0.6154823303222656
v -0.646804928779602 0.02855706587433815 -0.6214019656181335
v -0.6434944272041321 0.061396658420562744 -0.6271905303001404
v -0.6202969551086426 -0.03722820803523064 -0.6098001003265381
v -0.6294205188751221 -0.07417735457420349 -0.6032888889312744
v -0.6967707276344299 -0.21545487642288208 -0.5783703923225403
v -0.6445770263671875 -0.11183462291955948 -0.5966429114341736
v -0.6840925812721252 -0.18438661098480225 -0.5838507413864136
v -0.6668250560760498 -0.14538268744945526 -0.590726912021637
v -0.6604371070861816 -0.03425246477127075 -0.6103243231773376
v -0.6906049251556396 -0.03180815279483795 -0.610756516456604
v -0.685966968536377 -0.00552242249250412 -0.6153866648674011
v -0.6807618737220764 0.029088497161865234 -0.6214905381202698
v -0.6776408553123474 0.061396658420562744 -0.6271905303001404
v -0.7303606271743774 -0.20712968707084656 -0.5798441767692566
v -0.6681743860244751 -0.06464774906635284 -0.6049680709838867
v -0.682765543460846 -0.09638900309801102 -0.5993672609329224
v -0.7208902835845947 -0.1750340312719345 -0.5855016112327576
v -0.703963577747345 -0.1296539455652237 -0.5935007333755493
v -0.6954869031906128 -0.05504719167947769 -0.6066578030586243
v -0.7121837139129639 -0.04760783538222313 -0.6079685091972351
v -0.7122871279716492 -0.030284807085990906 -0.6110222339630127
v -0.7117040157318115 -0.006195410620421171 -0.6152697801589966
v -0.7117872834205627 0.027636097744107246 -0.6212390065193176
v -0.7117872834205627 0.061396658420562744 -0.6271905303001404
v -0.7646672129631042 -0.2020285576581955 -0.5807403922080994
v -0.7583603858947754 -0.16575239598751068 -0.5871382355690002
v -0.7103412747383118 -0.07867610454559326 -0.6024881601333618
v -0.7455005049705505 -0.11151570081710815 -0.596699595451355
v -0.7285818457603455 -0.05710196867585182 -0.6062929034233093
v -0.7364050149917603 -0.03276459127664566 -0.6105829477310181
v -0.7411201596260071 -0.005947432015091181 -0.615315854549408
v -0.7459337711334229 0.027530014514923096 -0.6212177276611328
v -0.7459341287612915 0.061396658420562744 -0.6271905303001404
v -0.8002933859825134 -0.20025724172592163 -0.5810521245002747
v -0.7993492484092712 -0.16408750414848328 -0.587432324886322
v -0.8001081347465515 -0.1210453063249588 -0.5950204133987427
v -0.765997052192688 -0.07169757038354874 -0.6037210822105408
v -0.804273784160614 -0.08345864713191986 -0.6016486287117004
v -0.774674654006958 -0.03853904828429222 -0.6095698475837708
v -0.7798091769218445 -0.007116377353668213 -0.6151103377342224
v -0.7800801396369934 0.027352645993232727 -0.6211858987808228
v -0.7800805568695068 0.061396658420562744 -0.6271905303001404
v -0.8390844464302063 -0.20025724172592163 -0.5810521245002747
v -0.8390802145004272 -0.16288307309150696 -0.5876448750495911
v -0.8395340442657471 -0.12529641389846802 -0.5942695140838623
v -0.8400452136993408 -0.088028684258461 -0.6008444428443909
v -0.8100050091743469 -0.045128047466278076 -0.608404278755188
v -0.8415869474411011 -0.05026498809456825 -0.6075044870376587
v -0.8137328028678894 -0.008179238997399807 -0.614919126033783
v -0.8142256140708923 0.02699858322739601 -0.6211292147636414
v -0.8142270445823669 0.061396658420562744 -0.6271905303001404
v -0.8778756260871887 -0.20025724172592163 -0.5810521245002747
v -0.8781887292861938 -0.16288307309150696 -0.5876448750495911
v -0.8784105181694031 -0.12550891935825348 -0.5942339897155762
v -0.8785415887832642 -0.08809962868690491 -0.6008267402648926
v -0.8786159753799438 -0.05072547122836113 -0.6074159145355225
v -0.8469638228416443 -0.010234015062451363 -0.614557683467865
v -0.879501223564148 -0.013351315632462502 -0.6140086054801941
v -0.8483677506446838 0.026431679725646973 -0.6210228800773621
v -0.8483734130859375 0.061396658420562744 -0.6271905303001404
v -0.9166666865348816 -0.20025724172592163 -0.5810521245002747
v -0.9166666865348816 -0.16288307309150696 -0.5876448750495911
v -0.9166666865348816 -0.12550891935825348 -0.5942339897155762
v -0.9166666865348816 -0.08809962868690491 -0.6008267402648926
v -0.9166666865348816 -0.05072547122836113 -0.6074159145355225
v -0.9166666865348816 -0.013351315632462502 -0.6140086054801941
v -0.8824968338012695 0.02543976530432701 -0.6208457946777344
v -0.9166666865348816 0.024022841826081276 -0.620597779750824
v -0.8825202584266663 0.061396658420562744 -0.6271905303001404
v -0.9166666865348816 0.061396658420562744 -0.6271905303001404
v -0.9166666865348816 -0.19451825320720673 -0.5479539036750793
v -0.9166666865348816 -0.15870290994644165 -0.5540046691894531
v -0.9166666865348816 -0.11874255537986755 -0.5577172040939331
v -0.9166666865348816 -0.08108527958393097 -0.5636581778526306
v -0.9166666865348816 -0.04353409260511398 -0.5706475973129272
v -0.9166666865348816 -0.005947432015091181 -0.5780019760131836
v -0.9166666865348816 0.03178112581372261 -0.5857141613960266
v -0.9166666865348816 0.06752551347017288 -0.5917755365371704
v -0.9166666865348816 -0.18902724981307983 -0.5148096680641174
v -0.9166666865348816 -0.15427477657794952 -0.5204706788063049
v -0.9166666865348816 -0.1168651431798935 -0.5246155261993408
v -0.9166666865348816 -0.07665713876485825 -0.5302197933197021
v -0.9166666865348816 -0.03531532734632492 -0.5355761647224426
v -0.9166666865348816 0.0023777566384524107 -0.5445282459259033
v -0.9166666865348816 0.03805119916796684 -0.550571858882904
v -0.9166666865348816 0.07340605556964874 -0.5563250780105591
v -0.9166666865348816 -0.18371328711509705 -0.4816264808177948
v -0.9166666865348816 -0.14956317842006683 -0.48696157336235046
v -0.9166666865348816 -0.11406643688678741 -0.4914110004901886
v -0.9166666865348816 -0.07428343594074249 -0.49463480710983276
v -0.9166666865348816 -0.029895272105932236 -0.5014187693595886
v -0.9166666865348816 0.008541746996343136 -0.5098323822021484
v -0.9166666865348816 0.04368409514427185 -0.5153233408927917
v -0.9166666865348816 0.07907408475875854 -0.5208461880683899
v -0.9166666865348816 -0.17861215770244598 -0.4483971893787384
v -0.9166666865348816 -0.14481611549854279 -0.45345956087112427
v -0.9166666865348816 -0.11034675687551498 -0.4581286609172821
v -0.9166666865348816 -0.06985529512166977 -0.460523396730423
v -0.9166666865348816 -0.024333320558071136 -0.46721526980400085
v -0.9166666865348816 0.013890855014324188 -0.47478222846984863
v -0.9166666865348816 0.04906867817044258 -0.48004645109176636
v -0.9166666865348816 0.08449447900056839 -0.4853355288505554
v -0.9166666865348816 -0.17375865578651428 -0.4151324927806854
v -0.9166666865348816 -0.1401396542787552 -0.4199467897415161
v -0.9166666865348816 -0.10609564185142517 -0.42465493083000183
v -0.9166666865348816 -0.06429334729909897 -0.4274677336215973
v -0.9166666865348816 -0.019727811217308044 -0.43283823132514954
v -0.9166666865348816 0.019027795642614365 -0.43970373272895813
v -0.9166666865348816 0.05424075573682785 -0.4447377324104309
v -0.9166666865348816 0.08966656029224396 -0.4497929811477661
v -0.9166666865348816 -0.16908253729343414 -0.38182881474494934
v -0.9166666865348816 -0.13553448021411896 -0.38641291856765747
v -0.9166666865348816 -0.101702980697155 -0.3909474015235901
v -0.9166666865348816 -0.059652701020240784 -0.39427027106285095
v -0.9166666865348816 -0.015264197252690792 -0.3985922634601593
v -0.9166666865348816 0.02395189367234707 -0.40458622574806213
v -0.9166666865348816 0.05920032784342766 -0.40939706563949585
v -0.9166666865348816 0.09462612867355347 -0.41421499848365784
v -0.9166666865348816 -0.16465440392494202 -0.3484897315502167
v -0.9166666865348816 -0.13114182651042938 -0.35285064578056335
v -0.9166666865348816 -0.09738092124462128 -0.35719379782676697
v -0.9166666865348816 -0.055366117507219315 -0.36063364148139954
v -0.9166666865348816 -0.010871529579162598 -0.3644241690635681
v -0.9166666865348816 0.02866348624229431 -0.36943337321281433
v -0.9166666865348816 0.06391192227602005 -0.37402811646461487
v -0.9166666865348816 0.09937319159507751 -0.3786086142063141
v -0.9166666865348816 -0.1604032963514328 -0.3151223063468933
v -0.9166666865348816 -0.12689070403575897 -0.31926000118255615
v -0.9166666865348816 -0.09316528588533401 -0.3234012722969055
v -0.9166666865348816 -0.0511150099337101 -0.32674190402030945
v -0.9166666865348816 -0.006443389225751162 -0.33019590377807617
v -0.9166666865348816 0.033198047429323196 -0.33424150943756104
v -0.9166666865348816 0.06841100752353668 -0.3386272192001343
v -0.9166666865348816 0.10383681207895279 -0.3429704010486603
v -0.9166666865348816 -0.1564001590013504 -0.2817194163799286
v -0.9166666865348816 -0.12288758158683777 -0.28564104437828064
v -0.9166666865348816 -0.08912667632102966 -0.2895732820034027
v -0.9166666865348816 -0.04689937084913254 -0.2927970290184021
v -0.9166666865348816 -0.0018024056917056441 -0.2957763373851776
v -0.9166666865348816 0.037590716034173965 -0.2990000545978546
v -0.9166666865348816 0.0727330669760704 -0.303197979927063
v -0.9166666865348816 0.108087919652462 -0.30730026960372925
v -0.9166666865348816 -0.15260954201221466 -0.2482917755842209
v -0.9166666865348816 -0.11906147748231888 -0.25199374556541443
v -0.9166666865348816 -0.08530091494321823 -0.25571343302726746
v -0.9166666865348816 -0.04271921142935753 -0.258894681930542
v -0.9166666865348816 0.002979797078296542 -0.2611725628376007
v -0.9166666865348816 0.04191277176141739 -0.26370900869369507
v -0.9166666865348816 0.07687775045633316 -0.26774752140045166
v -0.9166666865348816 0.11212652176618576 -0.27159827947616577
v -0.9166666865348816 -0.14903175830841064 -0.2148357778787613
v -0.9166666865348816 -0.11544822156429291 -0.21832166612148285
v -0.9166666865348816 -0.0816873237490654 -0.2218252420425415
v -0.9166666865348816 -0.03878702595829964 -0.2251729667186737
v -0.9166666865348816 0.007726863957941532 -0.2267742156982422
v -0.9166666865348816 0.04623449221253395 -0.22838963568210602
v -0.9166666865348816 0.08091636002063751 -0.2322758287191391
v -0.9166666865348816 0.11591681092977524 -0.23586446046829224
v -0.9166666865348816 -0.14566613733768463 -0.18135850131511688
v -0.9166666865348816 -0.11208260804414749 -0.18462474644184113
v -0.9166666865348816 -0.0782865658402443 -0.18791227042675018
v -0.9166666865348816 -0.035244379192590714 -0.19159652292728424
v -0.9166666865348816 0.011942500248551369 -0.19299228489398956
v -0.9166666865348816 0.05045012757182121 -0.19327925145626068
v -0.9166666865348816 0.0848485454916954 -0.1967722326517105
v -0.9166666865348816 -0.14251336455345154 -0.1478564739227295
v -0.9166666865348816 -0.10889435559511185 -0.15090662240982056
v -0.9166666865348816 -0.07506284862756729 -0.1539744734764099
v -0.9166666865348816 -0.032233163714408875 -0.15786775946617126
v -0.9166666865348816 0.014989190734922886 -0.15894468128681183
v -0.9166666865348816 0.053603239357471466 -0.15919621288776398
v -0.9166666865348816 0.08803679049015045 -0.16227470338344574
v -0.9166666865348816 -0.1395730972290039 -0.11433316022157669
v -0.9166666865348816 -0.10595408827066422 -0.11716721951961517
v -0.9166666865348816 -0.07212258130311966 -0.12001897394657135
v -0.9166666865348816 -0.029328366741538048 -0.12400791794061661
v -0.9166666865348816 0.017929458990693092 -0.12484040856361389
v -0.9166666865348816 0.05657898262143135 -0.12488999217748642
v -0.9166666865348816 0.09101253002882004 -0.12774883210659027
v -0.9166666865348816 -0.13684532046318054 -0.08079566061496735
v -0.9166666865348816 -0.10322632640600204 -0.08341008424758911
v -0.9166666865348816 -0.06935933977365494 -0.08604219555854797
v -0.9166666865348816 -0.02652965486049652 -0.08997446298599243
v -0.9166666865348816 0.02065722458064556 -0.09070775657892227
v -0.9166666865348816 0.05930674821138382 -0.09056606888771057
v -0.9166666865348816 0.09377577155828476 -0.0932052806019783
v -0.9166666865348816 -0.13436554372310638 -0.047240469604730606
v -0.9166666865348816 -0.10071106255054474 -0.04963524639606476
v -0.9166666865348816 -0.06680860370397568 -0.05204775929450989
v -0.9166666865348816 -0.023908311501145363 -0.05570721626281738
v -0.9166666865348816 0.023137010633945465 -0.05655744671821594
v -0.9166666865348816 0.06182200834155083 -0.056217361241579056
v -0.9166666865348816 0.09629102796316147 -0.058636926114559174
v -0.9166666865348816 -0.1320982575416565 -0.013670410960912704
v -0.9166666865348816 -0.09840831160545349 -0.015850147232413292
v -0.9166666865348816 -0.06450585275888443 -0.018042638897895813
v -0.9166666865348816 -0.021570082753896713 -0.0211806520819664
v -0.9166666865348816 0.025404291227459908 -0.022396093234419823
v -0.9166666865348816 0.06412476301193237 -0.021856216713786125
v -0.9166666865348816 0.09862925857305527 -0.02405366860330105
v -0.9166666865348816 -0.1300080120563507 0.019910290837287903
v -0.9166666865348816 -0.09631839394569397 0.017948780208826065
v -0.9166666865348816 -0.06241593882441521 0.01597626879811287
v -0.9166666865348816 -0.019515305757522583 0.013054011389613152
v -0.9166666865348816 0.027423594146966934 0.011767706833779812
v -0.9166666865348816 0.06617920100688934 0.012520131655037403
v -0.9166666865348816 0.10071916878223419 0.010546923615038395
v -0.9166666865348816 -0.1281660795211792 0.05350019782781601
v -0.9166666865348816 -0.0944761261343956 0.05175689235329628
v -0.9166666865348816 -0.06057366728782654 0.050004743039608
v -0.9166666865348816 -0.01781493052840233 0.047167155891656876
v -0.9166666865348816 0.029194917529821396 0.045919809490442276
v -0.9166666865348816 0.06798599660396576 0.046906065195798874
v -0.9166666865348816 0.10256144404411316 0.045160990208387375
v -0.9166666865348816 -0.1265363097190857 0.0870978981256485
v -0.9166666865348816 -0.09284669905900955 0.08557212352752686
v -0.9166666865348816 -0.05890876427292824 0.08403994888067245
v -0.9166666865348816 -0.01636253297328949 0.08124487102031708
v -0.9166666865348816 0.030824346467852592 0.0798816829919815
v -0.9166666865348816 0.06958029419183731 0.08129694312810898
v -0.9166666865348816 0.1041908711194992 0.07978711277246475
v -0.9166666865348816 -0.1251193881034851 0.12070056051015854
v -0.9166666865348816 -0.09142943471670151 0.11939264833927155
v -0.9166666865348816 -0.05749184265732765 0.11808083951473236
v -0.9166666865348816 -0.015229061245918274 0.1153346449136734
v -0.9166666865348816 0.03195815533399582 0.1136278286576271
v -0.9166666865348816 0.07085531949996948 0.11568570882081985
v -0.9166666865348816 0.10560813546180725 0.1144234910607338
v -0.9166666865348816 -0.12395010143518448 0.15430641174316406
v -0.9166666865348816 -0.09022501856088638 0.15321707725524902
v -0.9166666865348816 -0.05628708377480507 0.15212489664554596
v -0.9166666865348816 -0.01494560856372118 0.14995189011096954
v -0.9166666865348816 0.03224160894751549 0.14722765982151031
v -0.9166666865348816 0.07181210070848465 0.15005958080291748
v -0.9166666865348816 0.10674160718917847 0.14906801283359528
v -0.9166666865348816 -0.12295819073915482 0.18791332840919495
v -0.9166666865348816 -0.08923310041427612 0.18704186379909515
v -0.9166666865348816 -0.05529516935348511 0.18617038428783417
v -0.9166666865348816 -0.014839187264442444 0.18411463499069214
v -0.9166666865348816 0.0308952946215868 0.18101274967193604
v -0.9166666865348816 0.07230805605649948 0.18439696729183197
v -0.9166666865348816 0.10755649209022522 0.1837182193994522
v -0.9166666865348816 -0.12221425026655197 0.22151915729045868
v -0.9166666865348816 -0.08848916739225388 0.22086557745933533
v -0.9166666865348816 -0.05455123633146286 0.2202141135931015
v -0.9166666865348816 -0.01685849018394947 0.21766982972621918
v -0.9166666865348816 0.026644183322787285 0.2159038484096527
v -0.9166666865348816 0.07202460616827011 0.21837833523750305
v -0.9166666865348816 0.10805244743824005 0.21837124228477478
v -0.9166666865348816 -0.12164768576622009 0.2551218569278717
v -0.9166666865348816 -0.08795773237943649 0.2546861171722412
v -0.9166666865348816 -0.05285085737705231 0.2537575960159302
v -0.9166666865348816 -0.0144496513530612 0.25161436200141907
v -0.9166666865348816 0.02650262601673603 0.25117790699005127
v -0.9166666865348816 0.07053673267364502 0.25179606676101685
v -0.9166666865348816 0.108087919652462 0.2530228793621063
v -0.9166666865348816 -0.12132875621318817 0.28871917724609375
v -0.9166666865348816 -0.08664689213037491 0.2885105311870575
v -0.9166666865348816 -0.04760783538222313 0.28636375069618225
v -0.9166666865348816 -0.008887700736522675 0.2850494384765625
v -0.9166666865348816 0.029549317434430122 0.2844199240207672
v -0.9166666865348816 0.0678795799612999 0.2848057150840759
v -0.9166666865348816 0.10759196430444717 0.28765925765037537
v -0.9166666865348816 -0.12122233957052231 0.3223094344139099
v -0.9166666865348816 -0.08328161388635635 0.3223094344139099
v -0.9166666865348816 -0.045305415987968445 0.3223094344139099
v -0.9166666865348816 -0.007364355958998203 0.3223094344139099
v -0.9166666865348816 0.03061184100806713 0.3223094344139099
v -0.9166666865348816 0.0685529038310051 0.3223094344139099
v -0.9166666865348816 0.106529101729393 0.3223094344139099
v 0.7936490178108215 0.997732400894165 0.1525365561246872
v 0.7936490178108215 0.9985472559928894 0.18648602068424225
v 0.7936490178108215 0.9991851449012756 0.22043834626674652
v 0.7936490178108215 0.9996459484100342 0.2543927729129791
v 0.7936490178108215 0.9998939037322998 0.28835004568099976
v 0.7936490178108215 1.0 0.3223094344139099
v 0.7936490178108215 0.9619883298873901 0.14623714983463287
v 0.7936490178108215 0.9615633487701416 0.1872696578502655
v 0.7936490178108215 0.9632633328437805 0.22103561460971832
v 0.7936490178108215 0.9645390510559082 0.25477537512779236
v 0.7936490178108215 0.9650701284408569 0.2880382835865021
v 0.7936490178108215 0.9650701284408569 0.3223094344139099
v 0.7936490178108215 0.9262787103652954 0.13993775844573975
v 0.7936490178108215 0.9262787103652954 0.18452556431293488
v 0.7936490178108215 0.9282983541488647 0.2195739597082138
v 0.7936490178108215 0.9303531646728516 0.2541901469230652
v 0.7936490178108215 0.9301761388778687 0.28777119517326355
v 0.7936490178108215 0.9301761388778687 0.3223094344139099
v 0.7936490178108215 0.8908887505531311 0.14617621898651123
v 0.7936490178108215 0.8948563933372498 0.18614628911018372
v 0.7936490178108215 0.8971240520477295 0.22071361541748047
v 0.7936490178108215 0.8953881859779358 0.25348302721977234
v 0.7936490178108215 0.8952462673187256 0.2876075208187103
v 0.7936490178108215 0.8952462673187256 0.3223094344139099
v 0.7936490178108215 0.855498731136322 0.15241503715515137
v 0.7936490178108215 0.8617333769798279 0.18779322504997253
v 0.7936490178108215 0.8610252141952515 0.22334891557693481
v 0.7936490178108215 0.8604224920272827 0.2530359625816345
v 0.7936490178108215 0.8603515625 0.28751400113105774
v 0.7936490178108215 0.8603515625 0.3223094344139099
v 0.7936490178108215 0.8201438784599304 0.15865349769592285
v 0.7936490178108215 0.8263785243034363 0.1940302848815918
v 0.7936490178108215 0.8270872831344604 0.2254709005355835
v 0.7936490178108215 0.8254575133323669 0.2527833878993988
v 0.7936490178108215 0.8254224061965942 0.28746122121810913
v 0.7936490178108215 0.8254224061965942 0.3223094344139099
v 0.7936490178108215 0.7847532629966736 0.16489195823669434
v 0.7936490178108215 0.7909885048866272 0.20026661455631256
v 0.7936490178108215 0.791838526725769 0.22872227430343628
v 0.7936490178108215 0.7908114790916443 0.255935937166214
v 0.7936490178108215 0.7904925346374512 0.2874314785003662
v 0.7936490178108215 0.7904925346374512 0.3223094344139099
v 0.7936490178108215 0.7493632435798645 0.17113041877746582
v 0.7936490178108215 0.7549606561660767 0.20151466131210327
v 0.7936490178108215 0.7580073475837708 0.22670868039131165
v 0.7936490178108215 0.7563066482543945 0.2542574405670166
v 0.7936490178108215 0.7555985450744629 0.28741517663002014
v 0.7936490178108215 0.7555985450744629 0.3223094344139099
v 0.7936490178108215 0.7139732837677002 0.1773688793182373
v 0.7936490178108215 0.7210227251052856 0.20584189891815186
v 0.7936490178108215 0.7246363162994385 0.23017331957817078
v 0.7936490178108215 0.7245653867721558 0.25614282488822937
v 0.7936490178108215 0.7206686735153198 0.28740596771240234
v 0.7936490178108215 0.7206686735153198 0.3223094344139099
v 0.7936490178108215 0.6879706382751465 0.21199674904346466
v 0.7936490178108215 0.6786183714866638 0.1836073249578476
v 0.7936490178108215 0.6919382810592651 0.23457175493240356
v 0.7936490178108215 0.690556526184082 0.2577982544898987
v 0.7936490178108215 0.6857739686965942 0.2874009907245636
v 0.7936490178108215 0.6857739686965942 0.3223094344139099
v 0.7936490178108215 0.661436915397644 0.22078974545001984
v 0.7936490178108215 0.6726669073104858 0.23626618087291718
v 0.7936490178108215 0.643227756023407 0.18984581530094147
v 0.7936490178108215 0.6650147438049316 0.2549787163734436
v 0.7936490178108215 0.6577523946762085 0.28706976771354675
v 0.7936490178108215 0.6508448123931885 0.3223094344139099
v 0.7936490178108215 0.6078377366065979 0.19608424603939056
v 0.7936490178108215 0.6338754892349243 0.2389223873615265
v 0.7936490178108215 0.6219015717506409 0.28695568442344666
v 0.7936490178108215 0.6159501075744629 0.3223094344139099
v 0.7936490178108215 0.5724828839302063 0.20232272148132324
v 0.7936490178108215 0.5798513293266296 0.244998961687088
v 0.7936490178108215 0.5810202360153198 0.2873956859111786
v 0.7936490178108215 0.5810202360153198 0.3223094344139099
v 0.7936490178108215 0.537092924118042 0.20856118202209473
v 0.7936490178108215 0.544673502445221 0.2480427324771881
v 0.7936490178108215 0.5460910797119141 0.28739461302757263
v 0.7936490178108215 0.5460910797119141 0.3223094344139099
v 0.7936490178108215 0.5017022490501404 0.21480000019073486
v 0.7936490178108215 0.5078307390213013 0.2495773583650589
v 0.7936490178108215 0.5111963748931885 0.287394255399704
v 0.7936490178108215 0.5111963748931885 0.3223094344139099
v 0.7936490178108215 0.4663122296333313 0.22103844583034515
v 0.7936490178108215 0.47236981987953186 0.25533831119537354
v 0.7936490178108215 0.4762665331363678 0.287394255399704
v 0.7936490178108215 0.4762665331363678 0.3223094344139099
v 0.7936490178108215 0.4309573769569397 0.22727692127227783
v 0.7936490178108215 0.43683794140815735 0.26070278882980347
v 0.7936490178108215 0.44137248396873474 0.287394255399704
v 0.7936490178108215 0.44137248396873474 0.3223094344139099
v 0.7936490178108215 0.395567387342453 0.23351538181304932
v 0.7936490178108215 0.40112900733947754 0.2620716392993927
v 0.7936490178108215 0.40442368388175964 0.2898921072483063
v 0.7936490178108215 0.40644264221191406 0.3223094344139099
v 0.7936490178108215 0.3601767420768738 0.2397538274526596
v 0.7936490178108215 0.3665890395641327 0.26577964425086975
v 0.7936490178108215 0.36942288279533386 0.2918323874473572
v 0.7936490178108215 0.3715128004550934 0.3223094344139099
v 0.7936490178108215 0.34657371044158936 0.2704586684703827
v 0.7936490178108215 0.3247867524623871 0.2459922879934311
v 0.7936490178108215 0.3386380672454834 0.2934548854827881
v 0.7936490178108215 0.3366187810897827 0.3223094344139099
v 0.7936490178108215 0.2894318997859955 0.25223076343536377
v 0.7936490178108215 0.3016892671585083 0.3223094344139099
v 0.7936490178108215 0.266794890165329 0.3223094344139099
v 0.7936490178108215 0.2318650484085083 0.3223094344139099
v 0.7936490178108215 0.25404155254364014 0.25846922397613525
v 0.7936490178108215 0.22520509362220764 0.29514080286026
v 0.7936490178108215 0.19236549735069275 0.11556384712457657
v 0.7936490178108215 0.1969355344772339 0.3223094344139099
v 0.7936490178108215 0.20642967522144318 0.29241055250167847
v 0.7936490178108215 0.19895483553409576 0.1528497189283371
v 0.7936490178108215 0.21865123510360718 0.26470768451690674
v 0.7936490178108215 0.20550836622714996 0.19013594090938568
v 0.7936490178108215 0.21209770441055298 0.22742179036140442
v 0.7936490178108215 0.15630218386650085 0.1219206228852272
v 0.7936490178108215 0.16204117238521576 0.3223094344139099
v 0.7936490178108215 0.16267868876457214 0.1578957438468933
v 0.7936490178108215 0.1651584655046463 0.2884194850921631
v 0.7936490178108215 0.17100387811660767 0.2583310604095459
v 0.7936490178108215 0.1653003692626953 0.19318856298923492
v 0.7936490178108215 0.16816969215869904 0.22472518682479858
v 0.7936490178108215 0.12650927901268005 0.16359254717826843
v 0.7936490178108215 0.12027434259653091 0.12827706336975098
v 0.7936490178108215 0.1271113157272339 0.3223094344139099
v 0.7936490178108215 0.1271113157272339 0.287394255399704
v 0.7936490178108215 0.05424075573682785 -0.0354437492787838
v 0.7936490178108215 0.12902453541755676 0.1932707577943802
v 0.7936490178108215 0.12817418575286865 0.2576979994773865
v 0.7936490178108215 0.12852858006954193 0.22045110166072845
v 0.7936490178108215 0.10404931753873825 0.18960559368133545
v 0.7936490178108215 0.060227714478969574 -0.0014272915432229638
v 0.7936490178108215 0.0966809019446373 0.16870304942131042
v 0.7936490178108215 0.0662146732211113 0.03258806839585304
v 0.7936490178108215 0.08421102911233902 0.1346338391304016
v 0.7936490178108215 0.07220163196325302 0.06660309433937073
v 0.7936490178108215 0.0782240703701973 0.10061845183372498
v 0.7936490178108215 0.09221728891134262 0.287394255399704
v 0.7936490178108215 0.09221728891134262 0.3223094344139099
v 0.7936490178108215 0.018248386681079865 -0.0290986318141222
v 0.7936490178108215 0.08768273144960403 0.25527772307395935
v 0.7936490178108215 0.024979282170534134 0.004792739171534777
v 0.7936490178108215 0.08803679049015045 0.2093500941991806
v 0.7936490178108215 0.06894244253635406 0.17527273297309875
v 0.7936490178108215 0.03149767220020294 0.03871174901723862
v 0.7936490178108215 0.05378027260303497 0.1426609307527542
v 0.7936490178108215 0.03780322149395943 0.07267151772975922
v 0.7936490178108215 0.04396754875779152 0.10665570944547653
v 0.7936490178108215 0.04690781980752945 0.2538447380065918
v 0.7936490178108215 0.05381574481725693 0.2889547646045685
v 0.7936490178108215 0.05728744715452194 0.3223094344139099
v 0.7936490178108215 -0.01774398237466812 -0.0227549709379673
v 0.7936490178108215 -0.011438434943556786 0.012803182937204838
v 0.7936490178108215 0.04201885685324669 0.21997320652008057
v 0.7936490178108215 -0.003999076783657074 0.04555599391460419
v 0.7936490178108215 0.033977460116147995 0.18434596061706543
v 0.7936490178108215 0.021543055772781372 0.14988386631011963
v 0.7936490178108215 0.002979797078296542 0.07906655222177505
v 0.7936490178108215 0.009533661417663097 0.11286758631467819
v 0.7936490178108215 0.01024212408810854 0.2230580747127533
v 0.7936490178108215 0.014847633428871632 0.25305405259132385
v 0.7936490178108215 0.01899232156574726 0.28813254833221436
v 0.7936490178108215 0.022357599809765816 0.3223094344139099
v 0.7936490178108215 -0.053701214492321014 -0.01641092821955681
v 0.7936490178108215 -0.047359853982925415 0.019591808319091797
v 0.7936490178108215 -0.041018832474946976 0.054361388087272644
v 0.7936490178108215 0.007301854435354471 0.19231779873371124
v 0.7936490178108215 -0.03280006721615791 0.08676524460315704
v 0.7936490178108215 -0.008604248985648155 0.16144007444381714
v 0.7936490178108215 -0.025325234979391098 0.11954780668020248
v 0.7936490178108215 -0.089693583548069 -0.010067267343401909
v 0.7936490178108215 -0.1256508231163025 -0.0037232262548059225
v 0.7936490178108215 -0.16164319217205048 0.0026204350870102644
v 0.7936490178108215 -0.19763556122779846 0.008964117616415024
v 0.7936490178108215 -0.23359279334545135 0.015308137983083725
v 0.7936490178108215 -0.013067862950265408 0.19977489113807678
v 0.7936490178108215 -0.014414177276194096 0.22340983152389526
v 0.7936490178108215 -0.012536432594060898 0.25231683254241943
v 0.7936490178108215 -0.012536432594060898 0.287394255399704
v 0.7936490178108215 -0.012536432594060898 0.3223094344139099
v 0.7936490178108215 -0.08331708610057831 0.02593335695564747
v 0.7936490178108215 -0.07729465514421463 0.06055310368537903
v 0.7936490178108215 -0.07148472964763641 0.09072194248437881
v 0.7936490178108215 -0.039637044072151184 0.18101629614830017
v 0.7936490178108215 -0.061211518943309784 0.12686745822429657
v 0.7936490178108215 -0.11934493482112885 0.03215091675519943
v 0.7936490178108215 -0.15923434495925903 0.03799615055322647
v 0.7936490178108215 -0.19345539808273315 0.04300817474722862
v 0.7936490178108215 -0.227641299366951 0.049044352024793625
v 0.7936490178108215 -0.048245687037706375 0.2191651314496994
v 0.7936490178108215 -0.047466278076171875 0.25238803029060364
v 0.7936490178108215 -0.047466278076171875 0.287394255399704
v 0.7936490178108215 -0.047466278076171875 0.3223094344139099
v 0.7936490178108215 -0.11831754446029663 0.06551799178123474
v 0.7936490178108215 -0.1129329651594162 0.09873097389936447
v 0.7936490178108215 -0.10577705502510071 0.13239246606826782
v 0.7936490178108215 -0.09079191833734512 0.2157178670167923
v 0.7936490178108215 -0.09773532301187515 0.17634613811969757
v 0.7936490178108215 -0.15441633760929108 0.0712137296795845
v 0.7936490178108215 -0.18803533911705017 0.07684287428855896
v 0.7936490178108215 -0.22168982028961182 0.08278056979179382
v 0.7936490178108215 -0.08675331622362137 0.2506606876850128
v 0.7936490178108215 -0.0823606476187706 0.287394255399704
v 0.7936490178108215 -0.0823606476187706 0.3223094344139099
v 0.7936490178108215 -0.14867734909057617 0.10476221144199371
v 0.7936490178108215 -0.12384402006864548 0.2486286610364914
v 0.7936490178108215 -0.14304478466510773 0.1386018693447113
v 0.7936490178108215 -0.13110634684562683 0.21495410799980164
v 0.7936490178108215 -0.13875821232795715 0.17548422515392303
v 0.7936490178108215 -0.18211932480335236 0.1105879545211792
v 0.7936490178108215 -0.21573832631111145 0.11651678383350372
v 0.7936490178108215 -0.11729015409946442 0.287394255399704
v 0.7936490178108215 -0.11729015409946442 0.3223094344139099
v 0.7936490178108215 -0.15218453109264374 0.287394255399704
v 0.7936490178108215 -0.1581360101699829 0.2502168118953705
v 0.7936490178108215 -0.17627392709255219 0.1443393975496292
v 0.7936490178108215 -0.1651858389377594 0.21478724479675293
v 0.7936490178108215 -0.17046433687210083 0.17810148000717163
v 0.7936490178108215 -0.20978650450706482 0.15025301277637482
v 0.7936490178108215 -0.15218453109264374 0.3223094344139099
v 0.7936490178108215 -0.18711437284946442 0.3223094344139099
v 0.7936490178108215 -0.18711437284946442 0.287394255399704
v 0.7936490178108215 -0.19278240203857422 0.2524110674858093
v 0.7936490178108215 -0.19798995554447174 0.21720576286315918
v 0.7936490178108215 -0.203870490193367 0.18398888409137726
v 0.7936490178108215 -0.22204387187957764 0.3223094344139099
v 0.7936490178108215 -0.22204387187957764 0.287394255399704
v 0.7936490178108215 -0.22335471212863922 0.25503504276275635
v 0.7936490178108215 -0.231113001704216 0.22310447692871094
v 0.7936490178108215 -0.23699353635311127 0.1898326724767685
v 0.7936490178108215 -0.25693824887275696 0.3223094344139099
v 0.7936490178108215 -0.25693824887275696 0.287394255399704
v 0.7936490178108215 -0.2592410147190094 0.26011791825294495
v 0.7936490178108215 -0.26423606276512146 0.22905172407627106
v 0.7936490178108215 -0.2701165974140167 0.19567616283893585
v 0.7936490178108215 -0.29186776280403137 0.3223094344139099
v 0.7936490178108215 -0.29151368141174316 0.29068636894226074
v 0.7936490178108215 -0.2933204770088196 0.26312875747680664
v 0.7936490178108215 -0.29735875129699707 0.23508046567440033
v 0.7936490178108215 -0.30327510833740234 0.20151998102664948
v 0.7936490178108215 -0.32679760456085205 0.3223094344139099
v 0.7936490178108215 -0.3271165192127228 0.2921469807624817
v 0.7936490178108215 -0.32764795422554016 0.26354748010635376
v 0.7936490178108215 -0.3313676416873932 0.23751883208751678
v 0.7936490178108215 -0.3364332914352417 0.20736344158649445
v 0.7936490178108215 -0.36169198155403137 0.3223094344139099
v 0.7936490178108215 -0.3607710003852844 0.29210978746414185
v 0.7936490178108215 -0.36101898550987244 0.2671275734901428
v 0.7936490178108215 -0.36459675431251526 0.24304133653640747
v 0.7936490178108215 -0.36955633759498596 0.21320690214633942
v 0.7936490178108215 -0.39453157782554626 0.29508623480796814
v 0.7936490178108215 -0.3966214656829834 0.3223094344139099
v 0.7936490178108215 -0.3931146562099457 0.27181583642959595
v 0.7936490178108215 -0.397046834230423 0.2501108646392822
v 0.7936490178108215 -0.4026793837547302 0.2190503478050232
v 0.7936490178108215 -0.42060479521751404 0.29188480973243713
v 0.7936490178108215 -0.41128769516944885 0.2730086147785187
v 0.7936490178108215 -0.4315158426761627 0.3223094344139099
v 0.7936490178108215 -0.4226950407028198 0.25596001744270325
v 0.7936490178108215 -0.43583789467811584 0.2248941957950592
v 0.7936490178108215 -0.4664456844329834 0.3223094344139099
v 0.7936490178108215 -0.45142507553100586 0.27670741081237793
v 0.7936490178108215 -0.4689609408378601 0.23073765635490417
v 0.7936490178108215 -0.5013397336006165 0.3223094344139099
v 0.7936490178108215 -0.5015525817871094 0.2794436812400818
v 0.7936490178108215 -0.5021191239356995 0.23658111691474915
v 0.7580745816230774 -0.5014815926551819 0.3223094344139099
v 0.7604871392250061 -0.5016941428184509 0.277231365442276
v 0.7592082023620605 -0.5022610425949097 0.2358027994632721
v 0.7224965691566467 -0.5018711686134338 0.3223094344139099
v 0.7226560711860657 -0.5020836591720581 0.27604565024375916
v 0.7245159149169922 -0.5026860237121582 0.2334466427564621
v 0.6869150400161743 -0.5025444626808167 0.3223094344139099
v 0.670952320098877 -0.5031819939613342 0.2733823359012604
v 0.6899724006652832 -0.5033590197563171 0.2295147329568863
v 0.6513264179229736 -0.503465473651886 0.3223094344139099
v 0.6394837498664856 -0.5039259195327759 0.2890312969684601
v 0.6556484699249268 -0.5043509602546692 0.2240159660577774
v 0.6300639510154724 -0.5044218897819519 0.2696697413921356
v 0.6417472958564758 -0.504244863986969 0.25241318345069885
v 0.6157413125038147 -0.5046343803405762 0.3223094344139099
v 0.6128329634666443 -0.5048468708992004 0.2917884588241577
v 0.6113768219947815 -0.5050948858261108 0.2679140567779541
v 0.6216184496879578 -0.5055908560752869 0.21696166694164276
v 0.6141862273216248 -0.5053077340126038 0.24536773562431335
v 0.5801562070846558 -0.5060867667198181 0.3223094344139099
v 0.5785514116287231 -0.5062641501426697 0.2894124686717987
v 0.5795965790748596 -0.506476640701294 0.26375824213027954
v 0.5831993222236633 -0.5067246556282043 0.23603200912475586
v 0.5879570841789246 -0.5070787072181702 0.20836704969406128
v 0.5445783734321594 -0.5077875256538391 0.3223094344139099
v 0.5445817708969116 -0.5079290866851807 0.2865592837333679
v 0.5462964773178101 -0.5081415772438049 0.2576856017112732
v 0.5501472353935242 -0.508460521697998 0.22706224024295807
v 0.5547348260879517 -0.5088855028152466 0.1982509046792984
v 0.5090108513832092 -0.5097713470458984 0.3223094344139099
v 0.509014368057251 -0.50991290807724 0.2866159677505493
v 0.510006308555603 -0.5102317929267883 0.2520844340324402
v 0.5159826278686523 -0.5105152726173401 0.21637147665023804
v 0.5218704342842102 -0.5109402537345886 0.18657635152339935
v 0.4734506607055664 -0.5120031237602234 0.3223094344139099
v 0.4734577536582947 -0.5121446847915649 0.2866460680961609
v 0.4754805266857147 -0.5124990940093994 0.24417567253112793
v 0.48221495747566223 -0.5128886103630066 0.20397746562957764
v 0.48973938822746277 -0.5132430195808411 0.17347736656665802
v 0.4379080533981323 -0.5144829154014587 0.3223094344139099
v 0.43412816524505615 -0.514907956123352 0.28550925850868225
v 0.42409202456474304 -0.5163958072662354 0.2324036955833435
v 0.44263383746147156 -0.5159353017807007 0.1908150464296341
v 0.4582565724849701 -0.5157934427261353 0.15893088281154633
v 0.4023796319961548 -0.5172461867332458 0.3223094344139099
v 0.39851823449134827 -0.5177066326141357 0.2860427796840668
v 0.3916917145252228 -0.5187340378761292 0.2469785362482071
v 0.3828105330467224 -0.5199030041694641 0.22267156839370728
v 0.39593929052352905 -0.5192300081253052 0.20464204251766205
v 0.41043901443481445 -0.5188755989074707 0.1741068810224533
v 0.42748939990997314 -0.5186276435852051 0.1429680734872818
v 0.36687248945236206 -0.5202925205230713 0.3223094344139099
v 0.3313901722431183 -0.5235517024993896 0.3223094344139099
v 0.36688312888145447 -0.5203989148139954 0.2866719365119934
v 0.3669150471687317 -0.5207884907722473 0.25149601697921753
v 0.363368958234787 -0.5216743350028992 0.21971671283245087
v 0.3727177381515503 -0.5215678811073303 0.19030067324638367
v 0.38484036922454834 -0.521532416343689 0.15770374238491058
v 0.39750510454177856 -0.5216743350028992 0.1256229728460312
v 0.3314043879508972 -0.5236936211585999 0.28667372465133667
v 0.2959326207637787 -0.5270943641662598 0.3223094344139099
v 0.29594680666923523 -0.5272359251976013 0.28667476773262024
v 0.32509148120880127 -0.5246855020523071 0.25104787945747375
v 0.31529632210731506 -0.5265629291534424 0.20600450038909912
v 0.3347591757774353 -0.5257835388183594 0.16603903472423553
v 0.35211068391799927 -0.525252103805542 0.13564594089984894
v 0.3683639168739319 -0.5249689817428589 0.10693274438381195
v 0.28956660628318787 -0.5282987952232361 0.25120872259140015
v 0.2605069875717163 -0.5309204459190369 0.3223094344139099
v 0.2605211138725281 -0.5310620069503784 0.2866758406162262
v 0.2605636715888977 -0.5314515829086304 0.251124769449234
v 0.22510965168476105 -0.5349941849708557 0.3223094344139099
v 0.18974770605564117 -0.5393162369728088 0.3223094344139099
v 0.154424786567688 -0.5439214110374451 0.3223094344139099
v 0.1191408708691597 -0.5487748980522156 0.3223094344139099
v 0.08390291035175323 -0.5538760423660278 0.3223094344139099
v 0.04871106892824173 -0.5592254996299744 0.3223094344139099
v 0.013565256260335445 -0.564858078956604 0.3223094344139099
v -0.02152388170361519 -0.5707740783691406 0.3223094344139099
v -0.056559812277555466 -0.5769029259681702 0.3223094344139099
v 0.28295624256134033 -0.5296096205711365 0.21738359332084656
v 0.2745284140110016 -0.5310620069503784 0.19570307433605194
v 0.2882700264453888 -0.5301055908203125 0.17767459154129028
v 0.30429312586784363 -0.5295386910438538 0.14430184662342072
v 0.32262587547302246 -0.5289011597633362 0.1151493564248085
v 0.3401332199573517 -0.5285112857818604 0.0869370624423027
v 0.25905805826187134 -0.5321603417396545 0.2205839455127716
v 0.22512376308441162 -0.5351006388664246 0.28667759895324707
v 0.22516988217830658 -0.5355256199836731 0.2510925233364105
v 0.2232072502374649 -0.5363405346870422 0.21902167797088623
v 0.18976543843746185 -0.5394577980041504 0.286679744720459
v 0.15444251894950867 -0.5440278649330139 0.28668326139450073
v 0.11916207522153854 -0.5488809943199158 0.2866878807544708
v 0.08392419666051865 -0.554017961025238 0.2866935431957245
v 0.04873235151171684 -0.5593670606613159 0.28669992089271545
v 0.013593635521829128 -0.5649999380111694 0.2867070138454437
v -0.02149905078113079 -0.5708804726600647 0.28663864731788635
v -0.05656690523028374 -0.5770444869995117 0.2863771915435791
v 0.25620630383491516 -0.5331168174743652 0.19328102469444275
v 0.2642585039138794 -0.5331522822380066 0.16308417916297913
v 0.2806571125984192 -0.5327269434928894 0.12661416828632355
v 0.29635417461395264 -0.532478928565979 0.09443914890289307
v 0.312869668006897 -0.5322664380073547 0.06567846983671188
v 0.2224208265542984 -0.5371553897857666 0.18969133496284485
v 0.18981146812438965 -0.5398476719856262 0.2510772943496704
v 0.18564186990261078 -0.5409811735153198 0.21770206093788147
v 0.18195411562919617 -0.54215008020401 0.18929529190063477
v 0.1544920951128006 -0.5444173812866211 0.25107303261756897
v 0.11921519786119461 -0.5492708683013916 0.2510758638381958
v 0.08398087322711945 -0.5544074773788452 0.2510829567909241
v 0.04879257455468178 -0.5597569346427917 0.25109395384788513
v 0.013689246028661728 -0.5653895139694214 0.2509532868862152
v -0.021321935579180717 -0.5712700486183167 0.2503531873226166
v -0.05656690523028374 -0.5774343609809875 0.2504527270793915
v -0.05656690523028374 -0.5781073570251465 0.21453218162059784
v 0.21893848478794098 -0.5389973521232605 0.14563314616680145
v 0.24531644582748413 -0.5378638505935669 0.09879828989505768
v 0.2630292773246765 -0.5372969508171082 0.06969042867422104
v 0.28662988543510437 -0.536198616027832 0.04320302605628967
v 0.17560938000679016 -0.5439214110374451 0.1586155891418457
v 0.15458069741725922 -0.5450907349586487 0.21569731831550598
v 0.15481802821159363 -0.5456927418708801 0.18981675803661346
v 0.15621021389961243 -0.5461532473564148 0.16818688809871674
v 0.11930380016565323 -0.5499438643455505 0.21559564769268036
v 0.0840693861246109 -0.5550453066825867 0.21554815769195557
v 0.048959046602249146 -0.5603944659233093 0.21553152799606323
v 0.014167466200888157 -0.5659564137458801 0.21533527970314026
v -0.02124752476811409 -0.5719433426856995 0.2143862247467041
v -0.05656690523028374 -0.5790637731552124 0.17861798405647278
v -0.021208588033914566 -0.572864294052124 0.1784256249666214
v 0.18401582539081573 -0.5451258420944214 0.10221650451421738
v 0.21083307266235352 -0.5432839393615723 0.07150246202945709
v 0.15491364896297455 -0.5477475523948669 0.12875139713287354
v 0.2367008775472641 -0.5416541695594788 0.04494383931159973
v 0.261474072933197 -0.5403791069984436 0.019557811319828033
v 0.13395936787128448 -0.5496249198913574 0.15476056933403015
v 0.1248089075088501 -0.5499438643455505 0.18490605056285858
v 0.084232397377491 -0.5559308528900146 0.18084412813186646
v 0.049203477799892426 -0.5612802505493164 0.1800367832183838
v 0.014404886402189732 -0.566912829875946 0.17826974391937256
v -0.05656690523028374 -0.5803036689758301 0.1427123099565506
v -0.021187303587794304 -0.5741041898727417 0.14247317612171173
v 0.014397792518138885 -0.5681527256965637 0.14225921034812927
v 0.1566176563501358 -0.5502628087997437 0.07055729627609253
v 0.18454724550247192 -0.5480664372444153 0.044364266097545624
v 0.1253899186849594 -0.5531321167945862 0.09819251298904419
v 0.21156635880470276 -0.5462241768836975 0.019026782363653183
v 0.08872438967227936 -0.5569936633110046 0.13112811744213104
v 0.23745191097259521 -0.5447363257408142 -0.005206156522035599
v 0.041250426322221756 -0.5639016032218933 0.14006920158863068
v -0.05656690523028374 -0.5817915201187134 0.10681654512882233
v -0.021176662296056747 -0.5755921006202698 0.10653100162744522
v 0.009431125596165657 -0.5703490376472473 0.10886591672897339
v 0.030204737558960915 -0.5668773651123047 0.11104529350996017
v 0.1308029592037201 -0.5554348826408386 0.04065307229757309
v 0.1595756560564041 -0.553026020526886 0.016048189252614975
v 0.09877107292413712 -0.5589775443077087 0.058416567742824554
v 0.18766826391220093 -0.5510067343711853 -0.008005481213331223
v 0.050089139491319656 -0.5651769638061523 0.08051510155200958
v 0.21462005376815796 -0.549306333065033 -0.03103642910718918
v -0.05656690523028374 -0.5835628509521484 0.07093317061662674
v -0.021169567480683327 -0.5773634314537048 0.07060088217258453
v 0.015701454132795334 -0.5709869265556335 0.07413388043642044
v 0.10638052970170975 -0.5611029267311096 0.005451305769383907
v 0.13598930835723877 -0.5582335591316223 -0.013392321765422821
v 0.07643517851829529 -0.5644330382347107 0.022150248289108276
v 0.16506311297416687 -0.555966317653656 -0.03609558194875717
v 0.045395199209451675 -0.5685067772865295 0.03385595977306366
v 0.19302108883857727 -0.554017961025238 -0.057878803461790085
v 0.01434812881052494 -0.5734667181968689 0.03430480882525444
v -0.05656690523028374 -0.5855821967124939 0.03506432846188545
v -0.021166104823350906 -0.5794181823730469 0.03468562290072441
v 0.08463620394468307 -0.566310465335846 -0.023312922567129135
v 0.11385882645845413 -0.563582718372345 -0.04390690475702286
v 0.060192495584487915 -0.5687902569770813 -0.006173619534820318
v 0.14380063116550446 -0.5610674023628235 -0.06518357247114182
v 0.0413212887942791 -0.5705970525741577 0.010923156514763832
v 0.17270441353321075 -0.5589420199394226 -0.08567022532224655
v 0.01614428497850895 -0.5751315951347351 0.0036601757165044546
v -0.02120504155755043 -0.5817205905914307 -0.0011020941892638803
v -0.05656690523028374 -0.5878849029541016 -0.0006780347903259099
v 0.06563391536474228 -0.5718724131584167 -0.058647528290748596
v 0.09327652305364609 -0.5691091418266296 -0.07544638961553574
v 0.029577696695923805 -0.5755921006202698 -0.03339260444045067
v 0.12392333149909973 -0.5663813948631287 -0.0952068418264389
v 0.15371276438236237 -0.5640080571174622 -0.11436150223016739
v -0.02119085192680359 -0.5843068361282349 -0.03698119893670082
v -0.05656690523028374 -0.5904707908630371 -0.03651357814669609
v 0.050319381058216095 -0.5768674612045288 -0.08998864889144897
v 0.07435928285121918 -0.5747417211532593 -0.10797068476676941
v 0.016742946580052376 -0.5815081000328064 -0.08134829252958298
v 0.1054735854268074 -0.5718369483947754 -0.12609799206256866
v -0.02096770517528057 -0.587424099445343 -0.07645958662033081
v 0.1360849142074585 -0.5692155957221985 -0.1438816785812378
v -0.05656690523028374 -0.5933404564857483 -0.07232541590929031
v 0.04250096157193184 -0.579807698726654 -0.10913620889186859
v 0.05887819081544876 -0.5790637731552124 -0.1288328617811203
v 0.016271820291876793 -0.5842358469963074 -0.1113751158118248
v 0.08879871666431427 -0.5771154165267944 -0.15520372986793518
v -0.01906529627740383 -0.590151846408844 -0.11112713813781738
v 0.11986352503299713 -0.574529230594635 -0.17417417466640472
v -0.05656690523028374 -0.5964577794075012 -0.10811596363782883
v 0.02960953861474991 -0.5859362483024597 -0.15168599784374237
v 0.06999128311872482 -0.5828189253807068 -0.18316875398159027
v -0.019136158749461174 -0.5938364267349243 -0.14981906116008759
v 0.1050768718123436 -0.5800202488899231 -0.20517165958881378
v -0.05656690523028374 -0.5998585224151611 -0.1438816785812378
v 0.0180076714605093 -0.5922775864601135 -0.19455456733703613
v 0.054559849202632904 -0.5887704491615295 -0.21558326482772827
v -0.017899813130497932 -0.5974851250648499 -0.18694515526294708
v 0.09176035225391388 -0.5855821967124939 -0.23681029677391052
v -0.05656690523028374 -0.6035075783729553 -0.17962265014648438
v 0.008938631042838097 -0.5964932441711426 -0.2188105285167694
v -0.016833489760756493 -0.6009568572044373 -0.21977055072784424
v 0.028617624193429947 -0.5967057347297668 -0.24806858599185944
v 0.0798892229795456 -0.5912857055664062 -0.2691751718521118
v -0.05656690523028374 -0.6074397563934326 -0.21533173322677612
v -0.0157919954508543 -0.6046765446662903 -0.25271645188331604
v -0.0565633587539196 -0.6116554141044617 -0.2510124444961548
v 0.06960157305002213 -0.5970601439476013 -0.30188724398612976
v 0.02951747551560402 -0.6024092435836792 -0.2945718765258789
v -0.017350731417536736 -0.6095300316810608 -0.2890312969684601
v -0.0565633587539196 -0.6161190271377563 -0.28665775060653687
v 0.060858555138111115 -0.6029052138328552 -0.3350350260734558
v 0.02343836799263954 -0.6080066561698914 -0.32872217893600464
v -0.021159010007977486 -0.6147021055221558 -0.3231143355369568
v -0.05656690523028374 -0.620866060256958 -0.3222711980342865
v 0.05367773398756981 -0.6088212132453918 -0.36854419112205505
v 0.019527385011315346 -0.6132497191429138 -0.3612819015979767
v -0.021159010007977486 -0.6197326183319092 -0.3587348163127899
v -0.05656690523028374 -0.6258965730667114 -0.35784563422203064
v 0.04807693138718605 -0.6147730350494385 -0.4023437798023224
v 0.013908930122852325 -0.6194491386413574 -0.39668282866477966
v -0.021159010007977486 -0.6250462532043457 -0.3943164050579071
v -0.05656690523028374 -0.6311751008033752 -0.3933846950531006
v 0.04407033696770668 -0.6207596659660339 -0.43636658787727356
v 0.010153776966035366 -0.6256486177444458 -0.4323175251483917
v -0.02177540771663189 -0.6306791305541992 -0.4298482835292816
v -0.05656690523028374 -0.6367366909980774 -0.42887765169143677
v 0.04165778309106827 -0.6268175840377808 -0.47053468227386475
v 0.008400189690291882 -0.6320605874061584 -0.4694860875606537
v -0.024035509675741196 -0.6372326612472534 -0.4672578275203705
v -0.05656690523028374 -0.6425466537475586 -0.46433165669441223
v 0.04026205837726593 0.06741909682750702 -0.5924521088600159
v 0.04024786874651909 0.03185173496603966 -0.5864368677139282
v 0.04029744863510132 -0.005026465281844139 -0.578930139541626
v 0.04029390215873718 -0.04048740118741989 -0.5727022886276245
v 0.04273474961519241 0.07319355010986328 -0.5577101111412048
v 0.042692266404628754 0.03794511407613754 -0.5519888997077942
v 0.042855191975831985 0.0010314423125237226 -0.5437064170837402
v 0.04285164549946785 -0.034287936985492706 -0.5375068783760071
v 0.04685477539896965 0.07872002571821213 -0.5231063961982727
v 0.04675198718905449 0.043648622930049896 -0.517654299736023
v 0.04711339622735977 0.007230906747281551 -0.5086491107940674
v 0.047109849750995636 -0.028123946860432625 -0.5024496912956238
v 0.0526043139398098 0.08399852365255356 -0.4886974096298218
v 0.052434295415878296 0.04903320595622063 -0.4834473133087158
v 0.053047146648168564 0.013394897803664207 -0.47388947010040283
v 0.05304005369544029 -0.021995091810822487 -0.46768292784690857
v 0.05996934697031975 0.08899357169866562 -0.4545719027519226
v 0.059710726141929626 0.05406372249126434 -0.4495237171649933
v 0.060670800507068634 0.019488278776407242 -0.4393600821495056
v 0.060663703829050064 -0.015902049839496613 -0.43314996361732483
v 0.06894269585609436 0.0937402993440628 -0.4207793176174164
v 0.06857781857252121 0.05881078913807869 -0.41591182351112366
v 0.06996645033359528 0.025510713458061218 -0.4051743447780609
v 0.06995580345392227 -0.009879615157842636 -0.3989642262458801
v 0.07949597388505936 0.09820424765348434 -0.38740837574005127
v 0.08008754253387451 0.06486869603395462 -0.3797670304775238
v 0.08088114112615585 0.03146219998598099 -0.3715376853942871
v 0.08087049424648285 -0.0039281295612454414 -0.3653239905834198
v 0.09172133356332779 0.1024550199508667 -0.3542499542236328
v 0.09234482795000076 0.06862351298332214 -0.34667593240737915
v 0.09342179447412491 0.0373072624206543 -0.33840757608413696
v 0.0934111550450325 0.001917273155413568 -0.3321903645992279
v 0.10537797957658768 0.10638754069805145 -0.32195234298706055
v 0.10462339967489243 0.07135127484798431 -0.31748872995376587
v 0.10619986802339554 0.04162932187318802 -0.30867835879325867
v 0.10757430642843246 0.007656254339963198 -0.29961293935775757
v 0.12052950263023376 0.11003627628087997 -0.29029950499534607
v 0.11963682621717453 0.07503581792116165 -0.2859315574169159
v 0.12178713083267212 0.04651794582605362 -0.27658623456954956
v 0.12326081097126007 0.013253340497612953 -0.26780420541763306
v 0.13715124130249023 0.11343702673912048 -0.25936228036880493
v 0.13751967251300812 0.08077479898929596 -0.2529395818710327
v 0.13875600695610046 0.05133596062660217 -0.24553917348384857
v 0.14048121869564056 0.018744343891739845 -0.23674653470516205
v 0.15520064532756805 0.11659014225006104 -0.22920797765254974
v 0.15557615458965302 0.08435258269309998 -0.22291991114616394
v 0.15708522498607635 0.055764101445674896 -0.21545572578907013
v 0.1591683030128479 0.02405831404030323 -0.20654968917369843
v 0.17523741722106934 0.08814321458339691 -0.193498894572258
v 0.17696616053581238 0.05973175913095474 -0.1859886199235916
v 0.1793006807565689 0.0292303916066885 -0.17725975811481476
v 0.1983419954776764 0.09232337027788162 -0.16241638362407684
v 0.20047463476657867 0.06274297088384628 -0.15443144738674164
v 0.200807586312294 0.03422543779015541 -0.1489652842283249
v 0.22239600121974945 0.09831033647060394 -0.1336507499217987
v 0.22360405325889587 0.06823397427797318 -0.12693053483963013
v 0.22372448444366455 0.039043113589286804 -0.12164147943258286
v 0.24834531545639038 0.1064581498503685 -0.10606127232313156
v 0.24933722615242004 0.0766652524471283 -0.09975546598434448
v 0.24788129329681396 0.043648622930049896 -0.09547960758209229
v 0.2752581834793091 0.11510226875543594 -0.08038826286792755
v 0.2755061388015747 0.08169576525688171 -0.07426317036151886
v 0.27335938811302185 0.04807676374912262 -0.0703982561826706
v 0.301186203956604 0.16058877110481262 -0.06462739408016205
v 0.30068671703338623 0.12215175479650497 -0.058282654732465744
v 0.2998719811439514 0.08750569820404053 -0.05289439857006073
v 0.2998507022857666 0.05225692689418793 -0.046694934368133545
v 0.32881471514701843 0.16452094912528992 -0.04227380454540253
v 0.3297145664691925 0.12916609644889832 -0.03531976044178009
v 0.32744017243385315 0.09147335588932037 -0.03048945777118206
v 0.3274189829826355 0.05618910863995552 -0.024281462654471397
v 0.35748469829559326 0.16824063658714294 -0.02123449742794037
v 0.35770082473754883 0.1331692337989807 -0.014894361607730389
v 0.3560854196548462 0.09526364505290985 -0.009373269975185394
v 0.3560676872730255 0.05990878865122795 -0.003158200765028596
v 0.38722100853919983 0.17171233892440796 -0.001505587249994278
v 0.387199729681015 0.13660545647144318 0.004672297276556492
v 0.3857118487358093 0.09877081960439682 0.010373692959547043
v 0.3856942057609558 0.06341595947742462 0.016598349437117577
v 0.4178004264831543 0.17493605613708496 0.01676803082227707
v 0.4177827537059784 0.13979370892047882 0.022955123335123062
v 0.41636577248573303 0.10203000903129578 0.028785131871700287
v 0.41634446382522583 0.06663968414068222 0.03501154109835625
v 0.44920533895492554 0.17791180312633514 0.03358141705393791
v 0.4491840600967407 0.1427343189716339 0.03977416828274727
v 0.4478733241558075 0.10504122823476791 0.045738428831100464
v 0.44785556197166443 0.06965090334415436 0.051966968923807144
v 0.4811486303806305 0.18060408532619476 0.048807356506586075
v 0.4811308979988098 0.14549721777439117 0.05498773232102394
v 0.48016735911369324 0.10776899009943008 0.061196062713861465
v 0.48014962673187256 0.07237866520881653 0.06742709875106812
v 0.5140449404716492 0.18304839730262756 0.06263790279626846
v 0.5140271782875061 0.14787091314792633 0.06882677227258682
v 0.513194739818573 0.11021330207586288 0.07513358443975449
v 0.5131769776344299 0.07482331246137619 0.08136530965566635
v 0.547568142414093 0.18520960211753845 0.07491643726825714
v 0.5475470423698425 0.15003177523612976 0.08111309260129929
v 0.5468313097953796 0.11240963637828827 0.08749501407146454
v 0.5468137264251709 0.07698417454957962 0.09372959285974503
v 0.5816442370414734 0.18708699941635132 0.08561640232801437
v 0.5816265344619751 0.15187405049800873 0.09181837737560272
v 0.581045389175415 0.11432285606861115 0.09827080368995667
v 0.5810276865959167 0.07889705896377563 0.10450819134712219
v 0.6161913275718689 0.18868130445480347 0.09471122175455093
v 0.6161700487136841 0.15346799790859222 0.10091569274663925
v 0.6157413125038147 0.11595228314399719 0.10742903500795364
v 0.6157273054122925 0.08052682131528854 0.11367033421993256
v 0.6511422991752625 0.18999214470386505 0.10218463838100433
v 0.6511245369911194 0.1547788381576538 0.10839156061410904
v 0.6508233547210693 0.11729860305786133 0.11494282633066177
v 0.6508091688156128 0.08183732628822327 0.12119155377149582
v 0.6864048838615417 0.19105465710163116 0.10801640152931213
v 0.6863871812820435 0.15580622851848602 0.11422475427389145
v 0.6862527132034302 0.11839659512042999 0.12080330401659012
v 0.6862420439720154 0.08290018886327744 0.12706336379051208
v 0.7217491269111633 0.19176311790943146 0.11218104511499405
v 0.7217349410057068 0.15662111341953278 0.11837947368621826
v 0.7218731045722961 0.1192469522356987 0.12497856467962265
v 0.7218624353408813 0.08360864967107773 0.1312616765499115
v 0.7574084997177124 0.1922239512205124 0.11470582336187363
v 0.7573944926261902 0.15683361887931824 0.12094110250473022
v 0.7577593922615051 0.11988446861505508 0.12747997045516968
v 0.757731020450592 0.0840691328048706 0.13379105925559998
v -0.39167600870132446 -0.7821238040924072 0.3223094344139099
v -0.3574725389480591 -0.7889962196350098 0.3223094344139099
v -0.35067081451416016 -0.7566880583763123 0.3223094344139099
v -0.37718337774276733 -0.7500990629196167 0.3223094344139099
v -0.39922526478767395 -0.7431908249855042 0.3223094344139099
v -0.42020076513290405 -0.7629584670066833 0.3223094344139099
v -0.3220822811126709 -0.7889962196350098 0.3223094344139099
v -0.31966981291770935 -0.7586364150047302 0.3223094344139099
v -0.3164602518081665 -0.7278161644935608 0.3223094344139099
v -0.3431641161441803 -0.7265052795410156 0.3223094344139099
v -0.37270206212997437 -0.7251593470573425 0.3223094344139099
v -0.40463829040527344 -0.722644031047821 0.3223094344139099
v -0.4393129050731659 -0.7342635989189148 0.3223094344139099
v -0.2866920530796051 -0.7889962196350098 0.3223094344139099
v -0.2851368486881256 -0.7585658431053162 0.3223094344139099
v -0.2825685143470764 -0.7265052795410156 0.3223094344139099
v -0.2805952727794647 -0.6975627541542053 0.3223094344139099
v -0.311964750289917 -0.6991567015647888 0.3223094344139099
v -0.3405922055244446 -0.696854293346405 0.3223094344139099
v -0.37231236696243286 -0.6955434679985046 0.3223094344139099
v -0.40856343507766724 -0.6967478394508362 0.3223094344139099
v -0.446036696434021 -0.7004320621490479 0.3223094344139099
v -0.8793205618858337 0.1103551983833313 0.3223094344139099
v -0.8778756260871887 -0.12122233957052231 0.3223094344139099
v -0.879754900932312 0.07252056151628494 0.3223094344139099
v -0.877874493598938 -0.08296269178390503 0.3223094344139099
v -0.8783584833145142 -0.045305415987968445 0.3223094344139099
v -0.8781543970108032 0.03061184100806713 0.3223094344139099
v -0.8783686757087708 -0.007364355958998203 0.3223094344139099
v -0.8449467420578003 0.11350797116756439 0.3223094344139099
v -0.2513017952442169 -0.7889962196350098 0.3223094344139099
v -0.24955180287361145 -0.757254958152771 0.3223094344139099
v -0.25085902214050293 -0.7234234809875488 0.3223094344139099
v -0.24978914856910706 -0.6957914233207703 0.3223094344139099
v -0.24960492551326752 -0.6726939678192139 0.3223094344139099
v -0.27778249979019165 -0.6696827411651611 0.3223094344139099
v -0.3081245720386505 -0.6673799753189087 0.3223094344139099
v -0.3364403545856476 -0.6642978191375732 0.3223094344139099
v -0.3707678020000458 -0.662916362285614 0.3223094344139099
v -0.4085776209831238 -0.6629518270492554 0.3223094344139099
v -0.446036696434021 -0.6629518270492554 0.3223094344139099
v -0.446036696434021 -0.6254361271858215 0.3223094344139099
v -0.446036696434021 -0.5879555344581604 0.3223094344139099
v -0.446036696434021 -0.5504752993583679 0.3223094344139099
v -0.8390844464302063 -0.12122233957052231 0.3223094344139099
v -0.8415281772613525 0.07705511897802353 0.3223094344139099
v -0.8390840888023376 -0.08275018632411957 0.3223094344139099
v -0.8410218954086304 0.03769713640213013 0.3223094344139099
v -0.8392541408538818 -0.0446675643324852 0.3223094344139099
v -0.8383309841156006 -0.007151850964874029 0.3223094344139099
v -0.8106600046157837 0.11683811992406845 0.3223094344139099
v -0.8066087365150452 0.08204983174800873 0.3223094344139099
v -0.2159115970134735 -0.7889962196350098 0.3223094344139099
v -0.21588322520256042 -0.7560505867004395 0.3223094344139099
v -0.2169707864522934 -0.7222896814346313 0.3223094344139099
v -0.21643944084644318 -0.6899815201759338 0.3223094344139099
v -0.21978715062141418 -0.6645457744598389 0.3223094344139099
v -0.22828929126262665 -0.6391810178756714 0.3223094344139099
v -0.2505720555782318 -0.6534577012062073 0.3223094344139099
v -0.2726882994174957 -0.6422986388206482 0.3223094344139099
v -0.30095091462135315 -0.6319190263748169 0.3223094344139099
v -0.33070844411849976 -0.6257195472717285 0.3223094344139099
v -0.3705517053604126 -0.6254006624221802 0.3223094344139099
v -0.40860241651535034 -0.6254361271858215 0.3223094344139099
v -0.4086519777774811 -0.5879555344581604 0.3223094344139099
v -0.4087476432323456 -0.5504752993583679 0.3223094344139099
v -0.446036696434021 -0.5129595994949341 0.3223094344139099
v -0.40896373987197876 -0.5129595994949341 0.3223094344139099
v -0.8002933859825134 -0.12122233957052231 0.3223094344139099
v -0.7993447184562683 -0.08260862529277802 0.3223094344139099
v -0.8013880848884583 0.04439255967736244 0.3223094344139099
v -0.7980116605758667 -0.043852683156728745 0.3223094344139099
v -0.7995288968086243 0.0003229802823625505 0.3223094344139099
v -0.7711650133132935 0.08686784654855728 0.3223094344139099
v -0.7765181660652161 0.12147876620292664 0.3223094344139099
v -0.7605922222137451 0.05122953653335571 0.3223094344139099
v -0.7425715327262878 0.1273593008518219 0.3223094344139099
v -0.18052130937576294 -0.7889962196350098 0.3223094344139099
v -0.18051421642303467 -0.755023181438446 0.3223094344139099
v -0.18133611977100372 -0.7206247448921204 0.3223094344139099
v -0.1820835918188095 -0.687430739402771 0.3223094344139099
v -0.18462005257606506 -0.6580632328987122 0.3223094344139099
v -0.7655659914016724 -0.12292305380105972 0.3223094344139099
v -0.7311757802963257 -0.1280241757631302 0.3223094344139099
v -0.69745272397995 -0.13649092614650726 0.3223094344139099
v -0.18843898177146912 -0.6273490190505981 0.3223094344139099
v -0.446036696434021 -0.47547900676727295 0.3223094344139099
v -0.6645925641059875 -0.14825233817100525 0.3223094344139099
v -0.4477158784866333 -0.4410099685192108 0.3223094344139099
v -0.633171021938324 -0.16313105821609497 0.3223094344139099
v -0.4527888298034668 -0.40664705634117126 0.3223094344139099
v -0.6033592820167542 -0.18102099001407623 0.3223094344139099
v -0.4612095057964325 -0.3729219436645508 0.3223094344139099
v -0.5754438638687134 -0.20170962810516357 0.3223094344139099
v -0.4729495942592621 -0.34004688262939453 0.3223094344139099
v -0.5496957898139954 -0.22509056329727173 0.3223094344139099
v -0.4878000319004059 -0.3086242079734802 0.3223094344139099
v -0.5263572931289673 -0.2508448660373688 0.3223094344139099
v -0.50566166639328 -0.27879583835601807 0.3223094344139099
v -0.19249169528484344 -0.592136025428772 0.3223094344139099
v -0.24483662843704224 -0.6070853471755981 0.3223094344139099
v -0.2907128632068634 -0.5946864485740662 0.3223094344139099
v -0.32863956689834595 -0.5884869694709778 0.3223094344139099
v -0.37018680572509766 -0.5878849029541016 0.3223094344139099
v -0.3696022927761078 -0.550298273563385 0.3223094344139099
v -0.36889731884002686 -0.5124636292457581 0.3223094344139099
v -0.4097006022930145 -0.47459352016448975 0.3223094344139099
v -0.37105122208595276 -0.46878358721733093 0.3223094344139099
v -0.7618926763534546 -0.0855843722820282 0.3223094344139099
v -0.7089709639549255 0.13444459438323975 0.3223094344139099
v -0.7555542588233948 -0.04392362758517265 0.3223094344139099
v -0.7456651926040649 0.013324287720024586 0.3223094344139099
v -0.7291061878204346 0.05725197121500969 0.3223094344139099
v -0.735954999923706 0.09296122938394547 0.3223094344139099
v -0.7228379845619202 0.03574878349900246 0.3223094344139099
v -0.7010653614997864 0.10029416531324387 0.3223094344139099
v -0.14513106644153595 -0.7889962196350098 0.3223094344139099
v -0.14780570566654205 -0.754420816898346 0.3223094344139099
v -0.14910581707954407 -0.720589280128479 0.3223094344139099
v -0.15189389884471893 -0.6898754239082336 0.3223094344139099
v -0.15458263456821442 -0.6564334630966187 0.3223094344139099
v -0.15788431465625763 -0.6244087219238281 0.3223094344139099
v -0.7239691019058228 -0.09167741239070892 0.3223094344139099
v -0.6867930889129639 -0.10124249756336212 0.3223094344139099
v -0.6505593657493591 -0.11431441456079483 0.3223094344139099
v -0.1636197566986084 -0.5866801738739014 0.3223094344139099
v -0.41137978434562683 -0.43743187189102173 0.3223094344139099
v -0.6194995641708374 -0.1322043389081955 0.3223094344139099
v -0.4198642373085022 -0.39697587490081787 0.3223094344139099
v -0.5868119597434998 -0.15140511095523834 0.3223094344139099
v -0.4296487867832184 -0.36034566164016724 0.3223094344139099
v -0.5561326146125793 -0.17379413545131683 0.3223094344139099
v -0.44278109073638916 -0.32453033328056335 0.3223094344139099
v -0.527799129486084 -0.19919437170028687 0.3223094344139099
v -0.4593106806278229 -0.2902737855911255 0.3223094344139099
v -0.5020659565925598 -0.2272159606218338 0.3223094344139099
v -0.47911012172698975 -0.25771766901016235 0.3223094344139099
v -0.16552206873893738 -0.5489519238471985 0.3223094344139099
v -0.19154579937458038 -0.5522820949554443 0.3223094344139099
v -0.2277154177427292 -0.5513256788253784 0.3223094344139099
v -0.28452757000923157 -0.5487394332885742 0.3223094344139099
v -0.3260747790336609 -0.5484560132026672 0.3223094344139099
v -0.3239704966545105 -0.5059452652931213 0.3223094344139099
v -0.32380399107933044 -0.4613087475299835 0.3223094344139099
v -0.37431392073631287 -0.42861104011535645 0.3223094344139099
v -0.33088555932044983 -0.4176645278930664 0.3223094344139099
v -0.6755404472351074 0.14287586510181427 0.3223094344139099
v -0.7163561582565308 -0.05309883877635002 0.3223094344139099
v -0.6663368940353394 0.10904435813426971 0.3223094344139099
v -0.705161988735199 -0.007045429665595293 0.3223094344139099
v -0.6960342526435852 0.030363863334059715 0.3223094344139099
v -0.6978576183319092 0.06415989995002747 0.3223094344139099
v -0.6567822098731995 0.07390201091766357 0.3223094344139099
v -0.6424528956413269 0.15254703164100647 0.3223094344139099
v -0.11144838482141495 -0.7823362946510315 0.3223094344139099
v -0.1221504881978035 -0.7502051591873169 0.3223094344139099
v -0.12221425026655197 -0.7206247448921204 0.3223094344139099
v -0.12365254759788513 -0.6927801966667175 0.3223094344139099
v -0.18707863986492157 -0.5293616652488708 0.3223094344139099
v -0.12687981128692627 -0.6568939089775085 0.3223094344139099
v -0.12932412326335907 -0.6205116510391235 0.3223094344139099
v -0.1321192979812622 -0.5813665390014648 0.3223094344139099
v -0.6784191727638245 -0.06638360023498535 0.3223094344139099
v -0.6391615271568298 -0.08228970319032669 0.3223094344139099
v -0.6061012148857117 -0.09982523322105408 0.3223094344139099
v -0.13137181103229523 -0.5456927418708801 0.3223094344139099
v -0.3851010203361511 -0.38585230708122253 0.3223094344139099
v -0.5723345279693604 -0.1227102130651474 0.3223094344139099
v -0.39864423871040344 -0.34691932797431946 0.3223094344139099
v -0.5399041175842285 -0.14733104407787323 0.3223094344139099
v -0.41424572467803955 -0.3094745874404907 0.3223094344139099
v -0.5095868110656738 -0.1746090203523636 0.3223094344139099
v -0.4326847791671753 -0.2730213701725006 0.3223094344139099
v -0.48147302865982056 -0.2045438140630722 0.3223094344139099
v -0.4559558928012848 -0.23724152147769928 0.3223094344139099
v -0.16519267857074738 -0.5239061117172241 0.3223094344139099
v -0.1294127255678177 -0.516360342502594 0.3223094344139099
v -0.21117162704467773 -0.5085665583610535 0.3223094344139099
v -0.2783776819705963 -0.5030404329299927 0.3223094344139099
v -0.2795892357826233 -0.4526295065879822 0.3223094344139099
v -0.28663182258605957 -0.40377771854400635 0.3223094344139099
v -0.34459176659584045 -0.36877691745758057 0.3223094344139099
v -0.30322879552841187 -0.3504619896411896 0.3223094344139099
v -0.6319916844367981 0.11906992644071579 0.3223094344139099
v -0.6662812829017639 -0.0261401180177927 0.3223094344139099
v -0.6211351752281189 0.08431711047887802 0.3223094344139099
v -0.6426030993461609 0.027919551357626915 0.3223094344139099
v -0.6024867296218872 0.05346134677529335 0.3223094344139099
v -0.6097578406333923 0.1634226143360138 0.3223094344139099
v -0.5980521440505981 0.13037051260471344 0.3223094344139099
v -0.5774942636489868 0.1755029559135437 0.3223094344139099
v -0.5456961989402771 0.18882285058498383 0.3223094344139099
v -0.5144224166870117 0.20331203937530518 0.3223094344139099
v -0.48365169763565063 0.219041109085083 0.3223094344139099
v -0.10150440782308578 -0.7445725798606873 0.3223094344139099
v -0.08289528638124466 -0.7634544372558594 0.3223094344139099
v -0.09540410339832306 -0.7229275107383728 0.3223094344139099
v -0.08912312984466553 -0.6963934898376465 0.3223094344139099
v -0.08928605914115906 -0.6580632328987122 0.3223094344139099
v -0.1674492359161377 -0.4928378462791443 0.3223094344139099
v -0.09125223755836487 -0.6178903579711914 0.3223094344139099
v -0.09369299560785294 -0.579028308391571 0.3223094344139099
v -0.09593190252780914 -0.5413355827331543 0.3223094344139099
v -0.6238873600959778 -0.04009786620736122 0.3223094344139099
v -0.5911182761192322 -0.0625220239162445 0.3223094344139099
v -0.5553638935089111 -0.08817023783922195 0.3223094344139099
v -0.09455036371946335 -0.5095939636230469 0.3223094344139099
v -0.36083799600601196 -0.3257347345352173 0.3223094344139099
v -0.5209265947341919 -0.11555430293083191 0.3223094344139099
v -0.3792558014392853 -0.2862706780433655 0.3223094344139099
v -0.4887494444847107 -0.14566613733768463 0.3223094344139099
v -0.40102487802505493 -0.24779851734638214 0.3223094344139099
v -0.4570470154285431 -0.17662832140922546 0.3223094344139099
v -0.4271194338798523 -0.21084937453269958 0.3223094344139099
v -0.12673808634281158 -0.48164334893226624 0.3223094344139099
v -0.09242480993270874 -0.47303467988967896 0.3223094344139099
v -0.1687670797109604 -0.4362984001636505 0.3223094344139099
v -0.22878529131412506 -0.44465872645378113 0.3223094344139099
v -0.23765939474105835 -0.38776519894599915 0.3223094344139099
v -0.2591733932495117 -0.326301634311676 0.3223094344139099
v -0.32235509157180786 -0.30345213413238525 0.3223094344139099
v -0.278802752494812 -0.27489912509918213 0.3223094344139099
v -0.5859071612358093 0.0960075780749321 0.3223094344139099
v -0.6041527986526489 -0.0001729768846416846 0.3223094344139099
v -0.5773454904556274 0.06656907498836517 0.3223094344139099
v -0.5821513533592224 0.030753737315535545 0.3223094344139099
v -0.5693067312240601 0.04807676374912262 0.3223094344139099
v -0.5645564198493958 0.14291134476661682 0.3223094344139099
v -0.5581057667732239 0.10691897571086884 0.3223094344139099
v -0.5315436720848083 0.15669171512126923 0.3223094344139099
v -0.49905121326446533 0.17174780368804932 0.3223094344139099
v -0.46711495518684387 0.18807892501354218 0.3223094344139099
v -0.4358695447444916 0.20554384589195251 0.3223094344139099
v -0.45355406403541565 0.23583270609378815 0.3223094344139099
v -0.0635741576552391 -0.7349720597267151 0.3223094344139099
v -0.05656690523028374 -0.7004320621490479 0.3223094344139099
v -0.05656690523028374 -0.6592676043510437 0.3223094344139099
v -0.05656690523028374 -0.6180673837661743 0.3223094344139099
v -0.12214693427085876 -0.43357062339782715 0.3223094344139099
v -0.06078963726758957 -0.5404852032661438 0.3223094344139099
v -0.06376191973686218 -0.5040323734283447 0.3223094344139099
v -0.573367178440094 -0.021180547773838043 0.3223094344139099
v -0.5377395749092102 -0.047643307596445084 0.3223094344139099
v -0.5009252429008484 -0.07793217152357101 0.3223094344139099
v -0.06486008316278458 -0.467331200838089 0.3223094344139099
v -0.3409925103187561 -0.2605515122413635 0.3223094344139099
v -0.4641817510128021 -0.10871732234954834 0.3223094344139099
v -0.3654787540435791 -0.22055600583553314 0.3223094344139099
v -0.4285010099411011 -0.14230085909366608 0.3223094344139099
v -0.39515483379364014 -0.1802770495414734 0.3223094344139099
v -0.08927896618843079 -0.43236619234085083 0.3223094344139099
v -0.06164700165390968 -0.4312678575515747 0.3223094344139099
v -0.11147668212652206 -0.3840809762477875 0.3223094344139099
v -0.1615827977657318 -0.36449068784713745 0.3223094344139099
v -0.20150752365589142 -0.29300156235694885 0.3223094344139099
v -0.2263125479221344 -0.2389773726463318 0.3223094344139099
v -0.29834356904029846 -0.23100657761096954 0.3223094344139099
v -0.24947740137577057 -0.19540375471115112 0.3223094344139099
v -0.5519487857818604 0.07464594393968582 0.3223094344139099
v -0.5575814843177795 0.01605205237865448 0.3223094344139099
v -0.5477225184440613 0.045986514538526535 0.3223094344139099
v -0.5168491005897522 0.123321034014225 0.3223094344139099
v -0.5084319710731506 0.08800165355205536 0.3223094344139099
v -0.4830813407897949 0.13897916674613953 0.3223094344139099
v -0.44992998242378235 0.15598325431346893 0.3223094344139099
v -0.417490690946579 0.1741211712360382 0.3223094344139099
v -0.38574931025505066 0.19356992840766907 0.3223094344139099
v -0.40527594089508057 0.22424866259098053 0.3223094344139099
v -0.42406925559043884 0.25382906198501587 0.3223094344139099
v -0.08279258012771606 -0.3940710723400116 0.3223094344139099
v -0.027535589411854744 -0.5358090996742249 0.3223094344139099
v -0.03148559480905533 -0.5013397336006165 0.3223094344139099
v -0.0331045500934124 -0.467083215713501 0.3223094344139099
v -0.5190986394882202 -0.0038926557172089815 0.3223094344139099
v -0.47500428557395935 -0.0294344499707222 0.3223094344139099
v -0.4328193962574005 -0.06046758592128754 0.3223094344139099
v -0.0348864309489727 -0.4296739101409912 0.3223094344139099
v -0.3204704225063324 -0.18498864769935608 0.3223094344139099
v -0.39250853657722473 -0.09713294357061386 0.3223094344139099
v -0.3547837436199188 -0.13911260664463043 0.3223094344139099
v -0.05963124707341194 -0.39952659606933594 0.3223094344139099
v -0.03708639740943909 -0.39910125732421875 0.3223094344139099
v -0.07008891552686691 -0.3704066872596741 0.3223094344139099
v -0.08907000720500946 -0.35067448019981384 0.3223094344139099
v -0.11918183416128159 -0.3159220218658447 0.3223094344139099
v -0.15636815130710602 -0.2603035271167755 0.3223094344139099
v -0.18649408221244812 -0.20851147174835205 0.3223094344139099
v -0.20981834828853607 -0.16642571985721588 0.3223094344139099
v -0.27206480503082275 -0.1497047394514084 0.3223094344139099
v -0.23207278549671173 -0.12448153644800186 0.3223094344139099
v -0.49822935461997986 0.044144582003355026 0.3223094344139099
v -0.46648088097572327 0.104970283806324 0.3223094344139099
v -0.4501815140247345 0.0735124722123146 0.3223094344139099
v -0.39532485604286194 0.27281731367111206 0.3223094344139099
v -0.4320613145828247 0.1226477101445198 0.3223094344139099
v -0.39838212728500366 0.14152956008911133 0.3223094344139099
v -0.365439772605896 0.16172224283218384 0.3223094344139099
v -0.33338308334350586 0.18294231593608856 0.3223094344139099
v -0.3548475205898285 0.21404606103897095 0.3223094344139099
v -0.3754723072052002 0.24398085474967957 0.3223094344139099
v -0.36735278367996216 0.2928326427936554 0.3223094344139099
v -0.34011393785476685 0.3139817714691162 0.3223094344139099
v -0.3136899471282959 0.3361228108406067 0.3223094344139099
v -0.05780325084924698 -0.3817782402038574 0.3223094344139099
v 0.007826275192201138 -0.5298931002616882 0.3223094344139099
v 0.0022007254883646965 -0.4957781136035919 0.3223094344139099
v -0.0013489325065165758 -0.46283209323883057 0.3223094344139099
v -0.001866174046881497 -0.43041786551475525 0.3223094344139099
v -0.45036572217941284 0.012473930604755878 0.3223094344139099
v -0.40547433495521545 -0.017318973317742348 0.3223094344139099
v -0.3558039963245392 -0.051079533994197845 0.3223094344139099
v -0.003226508852094412 -0.3947795331478119 0.3223094344139099
v -0.29951968789100647 -0.08285660296678543 0.3223094344139099
v -0.010967055335640907 -0.36417174339294434 0.3223094344139099
v -0.04113192856311798 -0.3757203221321106 0.3223094344139099
v -0.05019741877913475 -0.3554215729236603 0.3223094344139099
v -0.06374417990446091 -0.3291003406047821 0.3223094344139099
v -0.08737663924694061 -0.2868375778198242 0.3223094344139099
v -0.12295109033584595 -0.22941263020038605 0.3223094344139099
v -0.15337467193603516 -0.179639533162117 0.3223094344139099
v -0.1779104471206665 -0.14102548360824585 0.3223094344139099
v -0.2004058063030243 -0.10471419245004654 0.3223094344139099
v -0.25165608525276184 -0.07495642453432083 0.3223094344139099
v -0.22080031037330627 -0.0663481205701828 0.3223094344139099
v -0.4234493374824524 0.04634091258049011 0.3223094344139099
v -0.4183657169342041 0.09604305028915405 0.3223094344139099
v -0.4059455096721649 0.07198912650346756 0.3223094344139099
v -0.3464339077472687 0.2647755742073059 0.3223094344139099
v -0.38240864872932434 0.10915078222751617 0.3223094344139099
v -0.34429773688316345 0.12859919667243958 0.3223094344139099
v -0.31098341941833496 0.15049225091934204 0.3223094344139099
v -0.2783068120479584 0.17405055463314056 0.3223094344139099
v -0.30204200744628906 0.2054729014635086 0.3223094344139099
v -0.324700266122818 0.2356911450624466 0.3223094344139099
v -0.3181784152984619 0.2867750823497772 0.3223094344139099
v -0.2908156216144562 0.309872567653656 0.3223094344139099
v -0.2881409823894501 0.35925576090812683 0.3223094344139099
v -0.2644199728965759 0.33403289318084717 0.3223094344139099
v 0.043212972581386566 -0.5241186022758484 0.3223094344139099
v 0.037718504667282104 -0.48947224020957947 0.3223094344139099
v 0.03206457570195198 -0.45627856254577637 0.3223094344139099
v 0.029113581404089928 -0.424749493598938 0.3223094344139099
v 0.027253741398453712 -0.3924413025379181 0.3223094344139099
v -0.3864578306674957 0.02306639961898327 0.3223094344139099
v -0.33562198281288147 -0.009206627495586872 0.3223094344139099
v -0.2883641719818115 -0.03032028116285801 0.3223094344139099
v 0.022694433107972145 -0.3591412305831909 0.3223094344139099
v -0.2513195276260376 -0.03793666884303093 0.3223094344139099
v 0.012835510075092316 -0.32357388734817505 0.3223094344139099
v -0.021006641909480095 -0.33777961134910583 0.3223094344139099
v -0.032098446041345596 -0.30880123376846313 0.3223094344139099
v -0.052099741995334625 -0.257965624332428 0.3223094344139099
v -0.08055368065834045 -0.18165883421897888 0.3223094344139099
v -0.11727587878704071 -0.14318634569644928 0.3223094344139099
v -0.14479458332061768 -0.11183462291955948 0.3223094344139099
v -0.17445647716522217 -0.08275018632411957 0.3223094344139099
v -0.19869115948677063 -0.05533064529299736 0.3223094344139099
v -0.22434286773204803 -0.0406644344329834 0.3223094344139099
v -0.20765385031700134 -0.04069990664720535 0.3223094344139099
v -0.3687768876552582 0.06947387009859085 0.3223094344139099
v -0.29538199305534363 0.258647084236145 0.3223094344139099
v -0.31864601373672485 0.09675151109695435 0.3223094344139099
v -0.2826712727546692 0.12123078107833862 0.3223094344139099
v -0.249576598405838 0.1471979320049286 0.3223094344139099
v -0.2173321545124054 0.17497152090072632 0.3223094344139099
v -0.2465866655111313 0.19959235191345215 0.3223094344139099
v -0.2715865671634674 0.2295977622270584 0.3223094344139099
v -0.2670627236366272 0.28287801146507263 0.3223094344139099
v -0.239862859249115 0.30834922194480896 0.3223094344139099
v -0.23907995223999023 0.35929158329963684 0.3223094344139099
v -0.26350951194763184 0.3833096921443939 0.3223094344139099
v -0.21395255625247955 0.3351663649082184 0.3223094344139099
v 0.07865633815526962 -0.5186276435852051 0.3223094344139099
v 0.07338147610425949 -0.4835916757583618 0.3223094344139099
v 0.06792594492435455 -0.449299693107605 0.3223094344139099
v 0.06206652149558067 -0.41699153184890747 0.3223094344139099
v 0.05997644364833832 -0.3857104182243347 0.3223094344139099
v 0.0539434514939785 -0.3532252311706543 0.3223094344139099
v -0.3155320882797241 0.029371948912739754 0.3223094344139099
v -0.274165540933609 0.0019524090457707644 0.3223094344139099
v -0.24408914148807526 -0.012430349364876747 0.3223094344139099
v 0.048339102417230606 -0.3138672411441803 0.3223094344139099
v -0.21926641464233398 -0.020294716581702232 0.3223094344139099
v 0.04385774955153465 -0.27514711022377014 0.3223094344139099
v 0.0032280292361974716 -0.2900612950325012 0.3223094344139099
v -0.01216438040137291 -0.2382689118385315 0.3223094344139099
v -0.03207006677985191 -0.1795685887336731 0.3223094344139099
v -0.03937133029103279 -0.1409900188446045 0.3223094344139099
v -0.06538087129592896 -0.130468487739563 0.3223094344139099
v -0.09232202172279358 -0.11133866757154465 0.3223094344139099
v -0.12437164783477783 -0.08473401516675949 0.3223094344139099
v -0.15371116995811462 -0.06089259311556816 0.3223094344139099
v -0.18225006759166718 -0.040133003145456314 0.3223094344139099
v -0.20003382861614227 -0.02730906382203102 0.3223094344139099
v -0.2856576442718506 0.059058770537376404 0.3223094344139099
v -0.23982392251491547 0.4083555340766907 0.3223094344139099
v -0.24227891862392426 0.2552105188369751 0.3223094344139099
v -0.25433072447776794 0.09005609154701233 0.3223094344139099
v -0.2199111431837082 0.11740468442440033 0.3223094344139099
v -0.18744707107543945 0.14751651883125305 0.3223094344139099
v -0.15565605461597443 0.1773448884487152 0.3223094344139099
v -0.18651537597179413 0.20093867182731628 0.3223094344139099
v -0.21620206534862518 0.2270473688840866 0.3223094344139099
v -0.21432803571224213 0.28241753578186035 0.3223094344139099
v -0.18810594081878662 0.31139591336250305 0.3223094344139099
v -0.18959736824035645 0.36304640769958496 0.3223094344139099
v -0.21489840745925903 0.38557732105255127 0.3223094344139099
v -0.16405193507671356 0.34129488468170166 0.3223094344139099
v -0.21721526980400085 0.4340040683746338 0.3223094344139099
v 0.11414937674999237 -0.5134555697441101 0.3223094344139099
v 0.10911893844604492 -0.4781006872653961 0.3223094344139099
v 0.10395032912492752 -0.44306474924087524 0.3223094344139099
v 0.09841684252023697 -0.4090558886528015 0.3223094344139099
v 0.09214650839567184 -0.3770311772823334 0.3223094344139099
v 0.08539433032274246 -0.34525445103645325 0.3223094344139099
v 0.08303853869438171 -0.30589646100997925 0.3223094344139099
v -0.2560240924358368 0.035323433578014374 0.3223094344139099
v -0.2303227335214615 0.019311247393488884 0.3223094344139099
v -0.2074590027332306 0.0055660041980445385 0.3223094344139099
v 0.0808456614613533 -0.2639525830745697 0.3223094344139099
v -0.18872234225273132 -0.006124462932348251 0.3223094344139099
v 0.08106889575719833 -0.22094587981700897 0.3223094344139099
v 0.040510039776563644 -0.21254974603652954 0.3223094344139099
v 0.0032599554397165775 -0.16242259740829468 0.3223094344139099
v -0.021307745948433876 -0.1258987933397293 0.3223094344139099
v -0.04857846349477768 -0.10606016963720322 0.3223094344139099
v -0.07626363635063171 -0.08597390353679657 0.3223094344139099
v -0.1055251955986023 -0.06195545569062233 0.3223094344139099
v -0.13502062857151031 -0.03804308921098709 0.3223094344139099
v -0.16722607612609863 -0.01870076172053814 0.3223094344139099
v -0.22948315739631653 0.06809242069721222 0.3223094344139099
v -0.1920417696237564 0.4121110141277313 0.3223094344139099
v -0.18766312301158905 0.2567693293094635 0.3223094344139099
v -0.19486522674560547 0.09448423236608505 0.3223094344139099
v -0.1592765748500824 0.1249859407544136 0.3223094344139099
v -0.12870417535305023 0.15729409456253052 0.3223094344139099
v -0.10691745579242706 0.19417230784893036 0.3223094344139099
v -0.13434045016765594 0.21404606103897095 0.3223094344139099
v -0.15897901356220245 0.2336008995771408 0.3223094344139099
v -0.16167131066322327 0.2887234389781952 0.3223094344139099
v -0.13890323042869568 0.3205001652240753 0.3223094344139099
v -0.1424635350704193 0.36889180541038513 0.3223094344139099
v -0.16689659655094147 0.3905368745326996 0.3223094344139099
v -0.11910387873649597 0.34660884737968445 0.3223094344139099
v -0.1701345145702362 0.4377588927745819 0.3223094344139099
v -0.1953718215227127 0.45947492122650146 0.3223094344139099
v -0.22085697948932648 0.481190949678421 0.3223094344139099
v 0.14968834817409515 -0.5085314512252808 0.3223094344139099
v 0.14491653442382812 -0.47303467988967896 0.3223094344139099
v 0.14003847539424896 -0.4375382959842682 0.3223094344139099
v 0.1349087953567505 -0.4024313986301422 0.3223094344139099
v 0.1291911005973816 -0.36824551224708557 0.3223094344139099
v 0.12212371081113815 -0.33448493480682373 0.3223094344139099
v 0.1165972352027893 -0.297819584608078 0.3223094344139099
v 0.11069177836179733 -0.25693824887275696 0.3223094344139099
v -0.2075369656085968 0.04828926920890808 0.3223094344139099
v -0.19059282541275024 0.02756515145301819 0.3223094344139099
v -0.18001116812229156 0.007939368486404419 0.3223094344139099
v 0.10829704254865646 -0.22370877861976624 0.3223094344139099
v -0.15739545226097107 0.0062035187147557735 0.3223094344139099
v 0.10814822465181351 -0.2028430998325348 0.3223094344139099
v 0.09028659015893936 -0.19218002259731293 0.3223094344139099
v 0.0656728520989418 -0.17372319102287292 0.3223094344139099
v 0.030527042225003242 -0.13309016823768616 0.3223094344139099
v 0.0022290199995040894 -0.09932927787303925 0.3223094344139099
v -0.022299660369753838 -0.07399998605251312 0.3223094344139099
v -0.052195437252521515 -0.0517883338034153 0.3223094344139099
v -0.08205219358205795 -0.03014324977993965 0.3223094344139099
v -0.11701016873121262 -0.012182370759546757 0.3223094344139099
v -0.1716223806142807 0.07103268802165985 0.3223094344139099
v -0.14542162418365479 0.41600772738456726 0.3223094344139099
v -0.13513751327991486 0.26821181178092957 0.3223094344139099
v -0.13426604866981506 0.10305739939212799 0.3223094344139099
v -0.1036369726061821 0.13720783591270447 0.3223094344139099
v -0.08127988129854202 0.17539653182029724 0.3223094344139099
v -0.06280539184808731 0.20795267820358276 0.3223094344139099
v -0.08629967272281647 0.22779130935668945 0.3223094344139099
v -0.11043164134025574 0.2485150843858719 0.3223094344139099
v -0.1152566596865654 0.2954188585281372 0.3223094344139099
v -0.09544658660888672 0.32081907987594604 0.3223094344139099
v -0.09880848973989487 0.37105265259742737 0.3223094344139099
v -0.1215447261929512 0.3938666880130768 0.3223094344139099
v -0.07672766596078873 0.3445540964603424 0.3223094344139099
v -0.12393591552972794 0.4409116804599762 0.3223094344139099
v -0.14845049381256104 0.46284055709838867 0.3223094344139099
v -0.1736699789762497 0.48466265201568604 0.3223094344139099
v -0.1992933601140976 0.5064847469329834 0.3223094344139099
v 0.1852734535932541 -0.5038904547691345 0.3223094344139099
v 0.18076026439666748 -0.46825215220451355 0.3223094344139099
v 0.17616911232471466 -0.4325077533721924 0.3223094344139099
v 0.17141494154930115 -0.39679884910583496 0.3223094344139099
v 0.16628526151180267 -0.3613375723361969 0.3223094344139099
v 0.16027000546455383 -0.32566413283348083 0.3223094344139099
v 0.15266764163970947 -0.28836092352867126 0.3223094344139099
v 0.1435137242078781 -0.24935699999332428 0.3223094344139099
v 0.13583339750766754 -0.2191745489835739 0.3223094344139099
v -0.1503245234489441 0.03911406174302101 0.3223094344139099
v 0.12737728655338287 -0.19327835738658905 0.3223094344139099
v -0.09573713690042496 0.01743350364267826 0.3223094344139099
v 0.1119706928730011 -0.17042885720729828 0.3223094344139099
v 0.09004215896129608 -0.1435052752494812 0.3223094344139099
v 0.055948562920093536 -0.103261798620224 0.3223094344139099
v 0.027395468205213547 -0.0719100758433342 0.3223094344139099
v -0.00014451341121457517 -0.04732438176870346 0.3223094344139099
v -0.03085855394601822 -0.024439403787255287 0.3223094344139099
v -0.062160614877939224 -0.002156805479899049 0.3223094344139099
v -0.1059715673327446 0.07946395874023438 0.3223094344139099
v -0.10049475729465485 0.4184875190258026 0.3223094344139099
v -0.09209533035755157 0.27317139506340027 0.3223094344139099
v -0.07681626826524734 0.11673169583082199 0.3223094344139099
v -0.042290400713682175 0.19133812189102173 0.3223094344139099
v -0.05408357083797455 0.15970294177532196 0.3223094344139099
v -0.02427293173968792 0.1820564866065979 0.3223094344139099
v -0.011229139752686024 0.19148001074790955 0.3223094344139099
v -0.029119156301021576 0.20777565240859985 0.3223094344139099
v -0.048890210688114166 0.22896024584770203 0.3223094344139099
v -0.07030496746301651 0.25095972418785095 0.3223094344139099
v -0.07447811961174011 0.2971901595592499 0.3223094344139099
v -0.056396882981061935 0.32014575600624084 0.3223094344139099
v -0.05765451490879059 0.3684667944908142 0.3223094344139099
v -0.07835371792316437 0.3953194320201874 0.3223094344139099
v -0.037660226225852966 0.34331420063972473 0.3223094344139099
v -0.07954048365354538 0.44303739070892334 0.3223094344139099
v -0.10239353030920029 0.46571019291877747 0.3223094344139099
v -0.12666012346744537 0.4877093434333801 0.3223094344139099
v -0.15186551213264465 0.5097442865371704 0.3223094344139099
v -0.1777297854423523 0.5317785739898682 0.3223094344139099
v 0.22089393436908722 -0.49949780106544495 0.3223094344139099
v 0.2166464626789093 -0.46382400393486023 0.3223094344139099
v 0.21233512461185455 -0.42790257930755615 0.3223094344139099
v 0.20791754126548767 -0.391874760389328 0.3223094344139099
v 0.20328035950660706 -0.355740487575531 0.3223094344139099
v 0.19815422594547272 -0.31911027431488037 0.3223094344139099
v 0.19223104417324066 -0.28088608384132385 0.3223094344139099
v 0.18163882195949554 -0.24365349113941193 0.3223094344139099
v 0.17196758091449738 -0.20897196233272552 0.3223094344139099
v 0.1612265408039093 -0.17620296776294708 0.3223094344139099
v -0.06909345835447311 0.051831915974617004 0.3223094344139099
v 0.14378289878368378 -0.1450992375612259 0.3223094344139099
v -0.03870881721377373 0.0307892095297575 0.3223094344139099
v 0.12010795623064041 -0.11070115119218826 0.3223094344139099
v 0.08494440466165543 -0.0671275332570076 0.3223094344139099
v 0.055006228387355804 -0.03708665072917938 0.3223094344139099
v 0.022481927648186684 -0.014414177276194096 0.3223094344139099
v -0.008054996840655804 0.007691390346735716 0.3223094344139099
v -0.046888645738363266 0.09303183853626251 0.3223094344139099
v -0.05813628062605858 0.4194084703922272 0.3223094344139099
v -0.0542784258723259 0.27370283007621765 0.3223094344139099
v -0.020184747874736786 0.15109463036060333 0.3223094344139099
v 0.004857626743614674 0.16703622043132782 0.3223094344139099
v 0.024855460971593857 0.18481972813606262 0.3223094344139099
v 0.0035681549925357103 0.20501241087913513 0.3223094344139099
v -0.01441037654876709 0.22640950977802277 0.3223094344139099
v -0.0339369997382164 0.24996748566627502 0.3223094344139099
v -0.03807476535439491 0.29733172059059143 0.3223094344139099
v -0.019561253488063812 0.3199332654476166 0.3223094344139099
v -0.017120487987995148 0.3700607419013977 0.3223094344139099
v -0.038081858307123184 0.39478763937950134 0.3223094344139099
v 0.0021369571331888437 0.34685683250427246 0.3223094344139099
v -0.03835813328623772 0.443321168422699 0.3223094344139099
v -0.05890859663486481 0.46748119592666626 0.3223094344139099
v -0.08094330132007599 0.4905790090560913 0.3223094344139099
v -0.10467854887247086 0.5126132965087891 0.3223094344139099
v -0.129993736743927 0.5346482396125793 0.3223094344139099
v -0.15616975724697113 0.5571082234382629 0.3223094344139099
v 0.25655344128608704 -0.4953882396221161 0.3223094344139099
v 0.2525680363178253 -0.4596438407897949 0.3223094344139099
v 0.24853307008743286 -0.42365148663520813 0.3223094344139099
v 0.24442723393440247 -0.3874462842941284 0.3223094344139099
v 0.2401903122663498 -0.35099342465400696 0.3223094344139099
v 0.23570187389850616 -0.31397366523742676 0.3223094344139099
v 0.23087693750858307 -0.2756075859069824 0.3223094344139099
v 0.22549572587013245 -0.23536410927772522 0.3223094344139099
v 0.21677044034004211 -0.20117820799350739 0.3223094344139099
v 0.20547670125961304 -0.15732112526893616 0.3223094344139099
v 0.19188745319843292 -0.12040778994560242 0.3223094344139099
v -0.016387110576033592 0.06504572927951813 0.3223094344139099
v 0.17158496379852295 -0.06769444048404694 0.3223094344139099
v 0.013838066719472408 0.03734273836016655 0.3223094344139099
v 0.11552744358778 -0.03450044244527817 0.3223094344139099
v 0.0775085985660553 -0.008710670284926891 0.3223094344139099
v 0.04344329610466957 0.015343590639531612 0.3223094344139099
v 0.012746910564601421 0.11138258874416351 0.3223094344139099
v -0.019118422642350197 0.4181334376335144 0.3223094344139099
v -0.01807338185608387 0.27249839901924133 0.3223094344139099
v 0.032347943633794785 0.13926227390766144 0.3223094344139099
v 0.0476660281419754 0.160978302359581 0.3223094344139099
v 0.06385195255279541 0.18311934173107147 0.3223094344139099
v 0.04099535197019577 0.20575635135173798 0.3223094344139099
v 0.02121720276772976 0.22747237980365753 0.3223094344139099
v 0.0024167776573449373 0.2479836493730545 0.3223094344139099
v 0.0007553380564786494 0.29556041955947876 0.3223094344139099
v 0.022977884858846664 0.3240073323249817 0.3223094344139099
v 0.019966667518019676 0.36945870518684387 0.3223094344139099
v 0.0012335582869127393 0.392803817987442 0.3223094344139099
v 0.04027624800801277 0.3462899327278137 0.3223094344139099
v -0.00035347085213288665 0.4409474730491638 0.3223094344139099
v -0.01883860118687153 0.4667372405529022 0.3223094344139099
v -0.03863094374537468 0.49153512716293335 0.3223094344139099
v -0.05987567827105522 0.5153768658638 0.3223094344139099
v -0.08270753175020218 0.5382969975471497 0.3223094344139099
v -0.10756569355726242 0.5606508851051331 0.3223094344139099
v -0.13333790004253387 0.5835358500480652 0.3223094344139099
v 0.2922447919845581 -0.49156248569488525 0.3223094344139099
v 0.28852155804634094 -0.455747127532959 0.3223094344139099
v 0.2847629487514496 -0.4196838140487671 0.3223094344139099
v 0.2809511125087738 -0.3834080100059509 0.3223094344139099
v 0.27705779671669006 -0.34681326150894165 0.3223094344139099
v 0.27303701639175415 -0.309687077999115 0.3223094344139099
v 0.2688993215560913 -0.27149802446365356 0.3223094344139099
v 0.26489976048469543 -0.2317505180835724 0.3223094344139099
v 0.25712379813194275 -0.19458919763565063 0.3223094344139099
v 0.24501533806324005 -0.1505551040172577 0.3223094344139099
v 0.23544679582118988 -0.10620206594467163 0.3223094344139099
v 0.22616888582706451 -0.06227404624223709 0.3223094344139099
v 0.22475889325141907 -0.021995091810822487 0.3223094344139099
v 0.18585801124572754 -0.016716932877898216 0.3223094344139099
v 0.0398227758705616 0.08268768340349197 0.3223094344139099
v 0.13682885468006134 0.0020588303450495005 0.3223094344139099
v 0.06649120151996613 0.05735839158296585 0.3223094344139099
v 0.10096394270658493 0.03022230602800846 0.3223094344139099
v 0.05941671505570412 0.11786550283432007 0.3223094344139099
v 0.019715141505002975 0.41420093178749084 0.3223094344139099
v 0.021404961124062538 0.27125850319862366 0.3223094344139099
v 0.07352674752473831 0.14082109928131104 0.3223094344139099
v 0.08834178000688553 0.16625680029392242 0.3223094344139099
v 0.1023065373301506 0.19165703654289246 0.3223094344139099
v 0.08192618191242218 0.20745672285556793 0.3223094344139099
v 0.059437915682792664 0.23119205236434937 0.3223094344139099
v 0.039769649505615234 0.25159725546836853 0.3223094344139099
v 0.04318467527627945 0.3004493713378906 0.3223094344139099
v 0.05995870381593704 0.3222005367279053 0.3223094344139099
v 0.05681648850440979 0.3680059611797333 0.3223094344139099
v 0.03733944147825241 0.3914929926395416 0.3223094344139099
v 0.077016182243824 0.3417557179927826 0.3223094344139099
v 0.038717515766620636 0.4354209899902344 0.3223094344139099
v 0.019056258723139763 0.4630175828933716 0.3223094344139099
v 0.001315063564106822 0.4893032908439636 0.3223094344139099
v -0.017754539847373962 0.5146329402923584 0.3223094344139099
v -0.038294363766908646 0.5390767455101013 0.3223094344139099
v -0.06044604629278183 0.5626347064971924 0.3223094344139099
v -0.08469490706920624 0.5856615900993347 0.3223094344139099
v -0.10982587933540344 0.6092546582221985 0.3223094344139099
v 0.32796451449394226 -0.4879843592643738 0.3223094344139099
v 0.3245069086551666 -0.45213353633880615 0.3223094344139099
v 0.32102110981941223 -0.4160347580909729 0.3223094344139099
v 0.31749266386032104 -0.37968799471855164 0.3223094344139099
v 0.31391116976737976 -0.3430226147174835 0.3223094344139099
v 0.3102623522281647 -0.30589646100997925 0.3223094344139099
v 0.30658161640167236 -0.2679908573627472 0.3223094344139099
v 0.303085058927536 -0.22891667485237122 0.3223094344139099
v 0.30026161670684814 -0.18962928652763367 0.3223094344139099
v 0.2905302345752716 -0.14722494781017303 0.3223094344139099
v 0.28021782636642456 -0.10294286906719208 0.3223094344139099
v 0.2697601616382599 -0.05901484936475754 0.3223094344139099
v 0.22525839507579803 0.010313071310520172 0.3223094344139099
v 0.19831369817256927 0.01566217839717865 0.3223094344139099
v 0.22679592669010162 0.02961992658674717 0.3223094344139099
v 0.2596496343612671 -0.017283499240875244 0.3223094344139099
v 0.25111210346221924 0.014032750390470028 0.3223094344139099
v 0.24360179901123047 0.03833465278148651 0.3223094344139099
v 0.15634484589099884 0.03606737032532692 0.3223094344139099
v 0.08710188418626785 0.0951220840215683 0.3223094344139099
v 0.12124514579772949 0.06539978832006454 0.3223094344139099
v 0.10160863399505615 0.12668631970882416 0.3223094344139099
v 0.055328618735075 0.41239413619041443 0.3223094344139099
v 0.06086210533976555 0.2777414321899414 0.3223094344139099
v 0.1121867448091507 0.15796709060668945 0.3223094344139099
v 0.11979266256093979 0.18418221175670624 0.3223094344139099
v 0.123806431889534 0.19906093180179596 0.3223094344139099
v 0.11431939154863358 0.2090510129928589 0.3223094344139099
v 0.09793152660131454 0.2316880077123642 0.3223094344139099
v 0.07837652415037155 0.25609633326530457 0.3223094344139099
v 0.07753342390060425 0.2985006868839264 0.3223094344139099
v 0.09459437429904938 0.31918931007385254 0.3223094344139099
v 0.09447747468948364 0.3619835376739502 0.3223094344139099
v 0.07416088134050369 0.38812804222106934 0.3223094344139099
v 0.11205211281776428 0.33980700373649597 0.3223094344139099
v 0.073905810713768 0.4330121576786041 0.3223094344139099
v 0.05813780426979065 0.45635730028152466 0.3223094344139099
v 0.03905755653977394 0.4845565855503082 0.3223094344139099
v 0.022074487060308456 0.5113382339477539 0.3223094344139099
v 0.00373817584477365 0.5371989607810974 0.3223094344139099
v -0.016082458198070526 0.5622448325157166 0.3223094344139099
v -0.03752914443612099 0.5864055156707764 0.3223094344139099
v -0.0611155740916729 0.6100344061851501 0.3223094344139099
v -0.0855734720826149 0.6343714594841003 0.3223094344139099
v 0.3637090027332306 -0.4846545457839966 0.3223094344139099
v 0.3605206608772278 -0.44880375266075134 0.3223094344139099
v 0.35730403661727905 -0.41266947984695435 0.3223094344139099
v 0.3540554940700531 -0.376251757144928 0.3223094344139099
v 0.35076799988746643 -0.3395509421825409 0.3223094344139099
v 0.34744155406951904 -0.3024602234363556 0.3223094344139099
v 0.3441150486469269 -0.2647671401500702 0.3223094344139099
v 0.34093382954597473 -0.2262595146894455 0.3223094344139099
v 0.3382415175437927 -0.1875039041042328 0.3223094344139099
v 0.33293119072914124 -0.14396576583385468 0.3223094344139099
v 0.3235398530960083 -0.09752281755208969 0.3223094344139099
v 0.3108574450016022 -0.053311340510845184 0.3223094344139099
v 0.29845136404037476 -0.010694499127566814 0.3223094344139099
v 0.2104150652885437 0.041204310953617096 0.3223094344139099
v 0.17749041318893433 0.06635656952857971 0.3223094344139099
v 0.22894267737865448 0.05969628319144249 0.3223094344139099
v 0.25405946373939514 0.07957004755735397 0.3223094344139099
v 0.2878095507621765 0.023349514231085777 0.3223094344139099
v 0.2753361165523529 0.05572862550616264 0.3223094344139099
v 0.14497321844100952 0.10872543603181839 0.3223094344139099
v 0.14248278737068176 0.15428288280963898 0.3223094344139099
v 0.09206146001815796 0.4083555340766907 0.3223094344139099
v 0.09422240406274796 0.2756156921386719 0.3223094344139099
v 0.1404387354850769 0.18329638242721558 0.3223094344139099
v 0.13786324858665466 0.20341844856739044 0.3223094344139099
v 0.12811413407325745 0.22272531688213348 0.3223094344139099
v 0.11179357767105103 0.24908198416233063 0.3223094344139099
v 0.11275356262922287 0.2968357801437378 0.3223094344139099
v 0.13028572499752045 0.31667405366897583 0.3223094344139099
v 0.12915916740894318 0.3597875237464905 0.3223094344139099
v 0.11195295304059982 0.38221168518066406 0.3223094344139099
v 0.14682240784168243 0.3367958068847656 0.3223094344139099
v 0.11046508699655533 0.4279106855392456 0.3223094344139099
v 0.09305691719055176 0.45306330919265747 0.3223094344139099
v 0.07803639769554138 0.47672733664512634 0.3223094344139099
v 0.05966469645500183 0.5054928660392761 0.3223094344139099
v 0.0434362031519413 0.5327353477478027 0.3223094344139099
v 0.02582963928580284 0.559162974357605 0.3223094344139099
v 0.006721013691276312 0.5847399234771729 0.3223094344139099
v -0.014010114595293999 0.6095384359359741 0.3223094344139099
v -0.03681713342666626 0.6338754892349243 0.3223094344139099
v -0.06053464859724045 0.6588152647018433 0.3223094344139099
v 0.3994782865047455 -0.4816078543663025 0.3223094344139099
v 0.39655569195747375 -0.4457215666770935 0.3223094344139099
v 0.3936082422733307 -0.40955182909965515 0.3223094344139099
v 0.39063602685928345 -0.37313446402549744 0.3223094344139099
v 0.3876354694366455 -0.3363981544971466 0.3223094344139099
v 0.38460659980773926 -0.2993074357509613 0.3223094344139099
v 0.3815848231315613 -0.2617914080619812 0.3223094344139099
v 0.37866219878196716 -0.22367364168167114 0.3223094344139099
v 0.3760513365268707 -0.18534304201602936 0.3223094344139099
v 0.3779996931552887 -0.1449221968650818 0.3223094344139099
v 0.3876532018184662 -0.0824667289853096 0.3223094344139099
v 0.3630855083465576 -0.037901196628808975 0.3223094344139099
v 0.34689947962760925 -0.00045642926124855876 0.3223094344139099
v 0.3345785140991211 0.033198047429323196 0.3223094344139099
v 0.20307841897010803 0.08722224086523056 0.3223094344139099
v 0.18365450203418732 0.12186829745769501 0.3223094344139099
v 0.22780904173851013 0.1057496890425682 0.3223094344139099
v 0.25442788004875183 0.13076038658618927 0.3223094344139099
v 0.277908056974411 0.11187854409217834 0.3223094344139099
v 0.31833937764167786 0.08569890260696411 0.3223094344139099
v 0.1740647554397583 0.15747113525867462 0.3223094344139099
v 0.16768108308315277 0.18567007780075073 0.3223094344139099
v 0.129449725151062 0.4022979438304901 0.3223094344139099
v 0.13077111542224884 0.2749072313308716 0.3223094344139099
v 0.16200940310955048 0.21117639541625977 0.3223094344139099
v 0.15405280888080597 0.2469211369752884 0.3223094344139099
v 0.14753450453281403 0.2987135052680969 0.3223094344139099
v 0.16273213922977448 0.3207836151123047 0.3223094344139099
v 0.16408893465995789 0.35780370235443115 0.3223094344139099
v 0.1464681774377823 0.3800859749317169 0.3223094344139099
v 0.1784752458333969 0.3429601192474365 0.3223094344139099
v 0.14541959762573242 0.420010507106781 0.3223094344139099
v 0.12955951690673828 0.446792870759964 0.3223094344139099
v 0.11288110166788101 0.4724765717983246 0.3223094344139099
v 0.09851599484682083 0.4965305030345917 0.3223094344139099
v 0.08094135671854019 0.5258271098136902 0.3223094344139099
v 0.06547445803880692 0.5534946322441101 0.3223094344139099
v 0.04859417304396629 0.5803830623626709 0.3223094344139099
v 0.030190547928214073 0.60649174451828 0.3223094344139099
v 0.010153776966035366 0.631891667842865 0.3223094344139099
v -0.011909306980669498 0.6569374799728394 0.3223094344139099
v -0.03491126373410225 0.6825150847434998 0.3223094344139099
v 0.4352724254131317 -0.47884461283683777 0.3223094344139099
v 0.4326119124889374 -0.4429228603839874 0.3223094344139099
v 0.4299372732639313 -0.406717985868454 0.3223094344139099
v 0.427237868309021 -0.37026479840278625 0.3223094344139099
v 0.42451712489128113 -0.3335284888744354 0.3223094344139099
v 0.4217752516269684 -0.29647326469421387 0.3223094344139099
v 0.4190368354320526 -0.25902849435806274 0.3223094344139099
v 0.4163586497306824 -0.22112290561199188 0.3223094344139099
v 0.4201279282569885 -0.18442174792289734 0.3223094344139099
v 0.42424795031547546 -0.14697697758674622 0.3223094344139099
v 0.4343690276145935 -0.10195095837116241 0.3223094344139099
v 0.4435584247112274 -0.06259296834468842 0.3223094344139099
v 0.4166668653488159 -0.05054844170808792 0.3223094344139099
v 0.3992161452770233 -0.025077257305383682 0.3223094344139099
v 0.38677462935447693 0.009533661417663097 0.3223094344139099
v 0.380458265542984 0.047439251095056534 0.3223094344139099
v 0.3735538125038147 0.0872928574681282 0.3223094344139099
v 0.21058154106140137 0.13320469856262207 0.3223094344139099
v 0.20370900630950928 0.1616867631673813 0.3223094344139099
v 0.23917365074157715 0.14804793894290924 0.3223094344139099
v 0.2526637315750122 0.15683361887931824 0.3223094344139099
v 0.2656330466270447 0.15017366409301758 0.3223094344139099
v 0.2919047474861145 0.1416359692811966 0.3223094344139099
v 0.3356093764305115 0.1323188692331314 0.3223094344139099
v 0.3728807270526886 0.1264738142490387 0.3223094344139099
v 0.19750244915485382 0.18853940069675446 0.3223094344139099
v 0.19471082091331482 0.21787215769290924 0.3223094344139099
v 0.1606277972459793 0.3974802792072296 0.3223094344139099
v 0.1677696704864502 0.2825590968132019 0.3223094344139099
v 0.1910230666399002 0.24766506254673004 0.3223094344139099
v 0.18738126754760742 0.2745886445045471 0.3223094344139099
v 0.1833958774805069 0.30795934796333313 0.3223094344139099
v 0.1947852373123169 0.33382004499435425 0.3223094344139099
v 0.19051647186279297 0.35794493556022644 0.3223094344139099
v 0.17790494859218597 0.37417030334472656 0.3223094344139099
v 0.19924184679985046 0.34841564297676086 0.3223094344139099
v 0.17775258421897888 0.4154408276081085 0.3223094344139099
v 0.16485761106014252 0.4393535256385803 0.3223094344139099
v 0.14927035570144653 0.4651784300804138 0.3223094344139099
v 0.13333941996097565 0.49135807156562805 0.3223094344139099
v 0.11959071457386017 0.5158370137214661 0.3223094344139099
v 0.10283442586660385 0.5455241799354553 0.3223094344139099
v 0.08815047144889832 0.5736518502235413 0.3223094344139099
v 0.07202114164829254 0.6009653210639954 0.3223094344139099
v 0.054340165108442307 0.6275699734687805 0.3223094344139099
v 0.035001300275325775 0.6535016298294067 0.3223094344139099
v 0.013561708852648735 0.6791143417358398 0.3223094344139099
v -0.008731616660952568 0.7053642868995667 0.3223094344139099
v 0.4710771441459656 -0.47632935643196106 0.3223094344139099
v 0.4686894118785858 -0.4404076039791107 0.3223094344139099
v 0.4662804901599884 -0.40420272946357727 0.3223094344139099
v 0.46385738253593445 -0.36771440505981445 0.3223094344139099
v 0.4614129662513733 -0.330942302942276 0.3223094344139099
v 0.45895448327064514 -0.29388704895973206 0.3223094344139099
v 0.4564923346042633 -0.2564777731895447 0.3223094344139099
v 0.4580759108066559 -0.21924516558647156 0.3223094344139099
v 0.46293631196022034 -0.18360719084739685 0.3223094344139099
v 0.4678923487663269 -0.1476854383945465 0.3223094344139099
v 0.47449925541877747 -0.11247247457504272 0.3223094344139099
v 0.4775954484939575 -0.0712016150355339 0.3223094344139099
v 0.42959722876548767 -0.03659069165587425 0.3223094344139099
v 0.4477280378341675 -0.03967252001166344 0.3223094344139099
v 0.4794057011604309 -0.04339220002293587 0.3223094344139099
v 0.4236527383327484 -0.01742539368569851 0.3223094344139099
v 0.41634801030158997 0.016122661530971527 0.3223094344139099
v 0.4130038619041443 0.05356776714324951 0.3223094344139099
v 0.4110412299633026 0.09203992038965225 0.3223094344139099
v 0.4103859066963196 0.12700523436069489 0.3223094344139099
v 0.23278990387916565 0.16799265146255493 0.3223094344139099
v 0.2301400899887085 0.19346383213996887 0.3223094344139099
v 0.25203314423561096 0.17050790786743164 0.3223094344139099
v 0.2709469199180603 0.17036601901054382 0.3223094344139099
v 0.2991882860660553 0.17047244310379028 0.3223094344139099
v 0.34401944279670715 0.1705433875322342 0.3223094344139099
v 0.3771246671676636 0.16643384099006653 0.3223094344139099
v 0.41001036763191223 0.16197021305561066 0.3223094344139099
v 0.2294670194387436 0.22300876677036285 0.3223094344139099
v 0.22072745859622955 0.25340405106544495 0.3223094344139099
v 0.19315564632415771 0.38851723074913025 0.3223094344139099
v 0.2080911099910736 0.2918761968612671 0.3223094344139099
v 0.2149389088153839 0.3287898600101471 0.3223094344139099
v 0.2125972956418991 0.35160356760025024 0.3223094344139099
v 0.2041730284690857 0.3683249056339264 0.3223094344139099
v 0.20960736274719238 0.40311282873153687 0.3223094344139099
v 0.19504386186599731 0.43017831444740295 0.3223094344139099
v 0.1833391934633255 0.4551883339881897 0.3223094344139099
v 0.1695409119129181 0.4829268157482147 0.3223094344139099
v 0.154378741979599 0.5096733570098877 0.3223094344139099
v 0.14134915173053741 0.5344002842903137 0.3223094344139099
v 0.12527301907539368 0.5646185278892517 0.3223094344139099
v 0.11138258874416351 0.5931360721588135 0.3223094344139099
v 0.09601137787103653 0.6209096908569336 0.3223094344139099
v 0.07906023412942886 0.64801025390625 0.3223094344139099
v 0.06042991578578949 0.6744737029075623 0.3223094344139099
v 0.03973417729139328 0.7007236480712891 0.3223094344139099
v 0.018191881477832794 0.7275762557983398 0.3223094344139099
v 0.5068994760513306 -0.47406208515167236 0.3223094344139099
v 0.5047774910926819 -0.43810519576072693 0.3223094344139099
v 0.5026379227638245 -0.40189996361732483 0.3223094344139099
v 0.5004875063896179 -0.365411639213562 0.3223094344139099
v 0.4983230233192444 -0.3286398649215698 0.3223094344139099
v 0.4961443245410919 -0.29158464074134827 0.3223094344139099
v 0.4977668523788452 -0.25530847907066345 0.3223094344139099
v 0.5006292462348938 -0.21896204352378845 0.3223094344139099
v 0.5068889856338501 -0.1844572126865387 0.3223094344139099
v 0.5128687024116516 -0.14981116354465485 0.3223094344139099
v 0.5141972899436951 -0.11675872653722763 0.3223094344139099
v 0.5140449404716492 -0.07722371071577072 0.3223094344139099
v 0.5145337581634521 -0.04739532992243767 0.3223094344139099
v 0.448758989572525 -0.013811798766255379 0.3223094344139099
v 0.47995123267173767 -0.01260737981647253 0.3223094344139099
v 0.5144841074943542 -0.012536432594060898 0.3223094344139099
v 0.4448515474796295 0.022145096212625504 0.3223094344139099
v 0.4447062611579895 0.05714588984847069 0.3223094344139099
v 0.44460001587867737 0.09211087226867676 0.3223094344139099
v 0.44453978538513184 0.12707585096359253 0.3223094344139099
v 0.44451141357421875 0.1620056927204132 0.3223094344139099
v 0.2537619173526764 0.1963331550359726 0.3223094344139099
v 0.2550407350063324 0.22651593387126923 0.3223094344139099
v 0.2758179008960724 0.1980690062046051 0.3223094344139099
v 0.3032834827899933 0.20008830726146698 0.3223094344139099
v 0.3444763720035553 0.203560009598732 0.3223094344139099
v 0.3766535520553589 0.20175321400165558 0.3223094344139099
v 0.4444972276687622 0.1969355344772339 0.3223094344139099
v 0.4098048806190491 0.19690006971359253 0.3223094344139099
v 0.2521323263645172 0.2582572102546692 0.3223094344139099
v 0.24862876534461975 0.29293906688690186 0.3223094344139099
v 0.2207699418067932 0.38047584891319275 0.3223094344139099
v 0.24047377705574036 0.3298524022102356 0.3223094344139099
v 0.2325844019651413 0.3585827648639679 0.3223094344139099
v 0.24396666884422302 0.3968072831630707 0.3223094344139099
v 0.23017548024654388 0.42040038108825684 0.3223094344139099
v 0.21677754819393158 0.4455881118774414 0.3223094344139099
v 0.20433959364891052 0.47173264622688293 0.3223094344139099
v 0.1904420703649521 0.5004271864891052 0.3223094344139099
v 0.17601318657398224 0.5274217128753662 0.3223094344139099
v 0.16326704621315002 0.5527864694595337 0.3223094344139099
v 0.14825360476970673 0.5830750465393066 0.3223094344139099
v 0.13518160581588745 0.6119824051856995 0.3223094344139099
v 0.12059327214956284 0.6401458978652954 0.3223094344139099
v 0.10438606142997742 0.6677073240280151 0.3223094344139099
v 0.08646775037050247 0.6946660876274109 0.3223094344139099
v 0.0664522647857666 0.721483588218689 0.3223094344139099
v 0.04565027356147766 0.7489733695983887 0.3223094344139099
v 0.07367201894521713 0.7695555686950684 0.3223094344139099
v 0.5427361130714417 -0.47207826375961304 0.3223094344139099
v 0.5408762693405151 -0.4361213445663452 0.3223094344139099
v 0.5390093326568604 -0.39988067746162415 0.3223094344139099
v 0.5371317267417908 -0.36339235305786133 0.3223094344139099
v 0.5352401733398438 -0.32662057876586914 0.3223094344139099
v 0.537036120891571 -0.2910177409648895 0.3223094344139099
v 0.5400118827819824 -0.2554149031639099 0.3223094344139099
v 0.5448474884033203 -0.2190326601266861 0.3223094344139099
v 0.5474831461906433 -0.1860160380601883 0.3223094344139099
v 0.5486168265342712 -0.15172404050827026 0.3223094344139099
v 0.5490630865097046 -0.11707764863967896 0.3223094344139099
v 0.5492225885391235 -0.08228970319032669 0.3223094344139099
v 0.5492686629295349 -0.04743080213665962 0.3223094344139099
v 0.5492722392082214 -0.012536432594060898 0.3223094344139099
v 0.47974228858947754 0.022322464734315872 0.3223094344139099
v 0.5144275426864624 0.022357599809765816 0.3223094344139099
v 0.5492651462554932 0.02239307388663292 0.3223094344139099
v 0.47960054874420166 0.05725197121500969 0.3223094344139099
v 0.4795154929161072 0.09218181669712067 0.3223094344139099
v 0.4794694781303406 0.1271113157272339 0.3223094344139099
v 0.4794410765171051 0.1620056927204132 0.3223094344139099
v 0.4794269800186157 0.1969355344772339 0.3223094344139099
v 0.27862006425857544 0.22938525676727295 0.3223094344139099
v 0.27990609407424927 0.2624022364616394 0.3223094344139099
v 0.30593326687812805 0.23207755386829376 0.3223094344139099
v 0.3445720672607422 0.2363996058702469 0.3223094344139099
v 0.4794163405895233 0.2318650484085083 0.3223094344139099
v 0.3775923252105713 0.23703712224960327 0.3223094344139099
v 0.44449013471603394 0.2318650484085083 0.3223094344139099
v 0.40969154238700867 0.2318650484085083 0.3223094344139099
v 0.27990254759788513 0.29704827070236206 0.3223094344139099
v 0.27585336565971375 0.3319426476955414 0.3223094344139099
v 0.265817254781723 0.37562236189842224 0.3223094344139099
v 0.27489331364631653 0.3963816165924072 0.3223094344139099
v 0.2641097903251648 0.4118981659412384 0.3223094344139099
v 0.24797335267066956 0.43372029066085815 0.3223094344139099
v 0.2350323498249054 0.4586600363254547 0.3223094344139099
v 0.2229699045419693 0.4859735071659088 0.3223094344139099
v 0.21027334034442902 0.5139950513839722 0.3223094344139099
v 0.19763344526290894 0.5425125956535339 0.3223094344139099
v 0.18564896285533905 0.5695781111717224 0.3223094344139099
v 0.17169484496116638 0.6008943319320679 0.3223094344139099
v 0.15947295725345612 0.6301558017730713 0.3223094344139099
v 0.1456994116306305 0.6587442755699158 0.3223094344139099
v 0.1302821785211563 0.6867307424545288 0.3223094344139099
v 0.11311134696006775 0.7141144871711731 0.3223094344139099
v 0.09372289478778839 0.7414279580116272 0.3223094344139099
v 0.12171272188425064 0.7608763575553894 0.3223094344139099
v 0.10249429941177368 0.7895006537437439 0.3223094344139099
v 0.5785762667655945 -0.4703778624534607 0.3223094344139099
v 0.5769857168197632 -0.4343855082988739 0.3223094344139099
v 0.5753880143165588 -0.39814481139183044 0.3223094344139099
v 0.573783278465271 -0.3616564869880676 0.3223094344139099
v 0.5722918510437012 -0.32499080896377563 0.3223094344139099
v 0.57691490650177 -0.28821903467178345 0.3223094344139099
v 0.5805671811103821 -0.25520241260528564 0.3223094344139099
v 0.5825510025024414 -0.22119386494159698 0.3223094344139099
v 0.5834898948669434 -0.1867244988679886 0.3223094344139099
v 0.5839006900787354 -0.15200749039649963 0.3223094344139099
v 0.5840743780136108 -0.11721954494714737 0.3223094344139099
v 0.5841416120529175 -0.08232517540454865 0.3223094344139099
v 0.5841628909111023 -0.04743080213665962 0.3223094344139099
v 0.584166407585144 -0.012536432594060898 0.3223094344139099
v 0.584166407585144 0.02239307388663292 0.3223094344139099
v 0.5143885016441345 0.05728744715452194 0.3223094344139099
v 0.5492580533027649 0.05728744715452194 0.3223094344139099
v 0.5841628909111023 0.05728744715452194 0.3223094344139099
v 0.5143636465072632 0.09218181669712067 0.3223094344139099
v 0.5143461227416992 0.1271113157272339 0.3223094344139099
v 0.514339029788971 0.16204117238521576 0.3223094344139099
v 0.5143319368362427 0.1969355344772339 0.3223094344139099
v 0.5143283605575562 0.2318650484085083 0.3223094344139099
v 0.5143283605575562 0.266794890165329 0.3223094344139099
v 0.3082890808582306 0.2657320201396942 0.3223094344139099
v 0.3098761737346649 0.3010868728160858 0.3223094344139099
v 0.34460392594337463 0.2701956331729889 0.3223094344139099
v 0.4794127941131592 0.266794890165329 0.3223094344139099
v 0.37619298696517944 0.271541953086853 0.3223094344139099
v 0.44449013471603394 0.266794890165329 0.3223094344139099
v 0.40963485836982727 0.266794890165329 0.3223094344139099
v 0.30902591347694397 0.3360167145729065 0.3223094344139099
v 0.2999286651611328 0.3744533956050873 0.3223094344139099
v 0.29581218957901 0.3993931710720062 0.3223094344139099
v 0.28936120867729187 0.42397886514663696 0.3223094344139099
v 0.2806358337402344 0.4519294798374176 0.3223094344139099
v 0.26227113604545593 0.47566449642181396 0.3223094344139099
v 0.24380728602409363 0.5007461309432983 0.3223094344139099
v 0.23192551732063293 0.5279176831245422 0.3223094344139099
v 0.2196434885263443 0.5578521490097046 0.3223094344139099
v 0.20837101340293884 0.5857676267623901 0.3223094344139099
v 0.1955752819776535 0.6180757880210876 0.3223094344139099
v 0.18420712649822235 0.6476913690567017 0.3223094344139099
v 0.17125201225280762 0.676669716835022 0.3223094344139099
v 0.15662474930286407 0.7050811648368835 0.3223094344139099
v 0.14024034142494202 0.7329966425895691 0.3223094344139099
v 0.1678830236196518 0.750993013381958 0.3223094344139099
v 0.1501702070236206 0.7794044613838196 0.3223094344139099
v 0.13176658749580383 0.8085598349571228 0.3223094344139099
v 0.6144270896911621 -0.46892547607421875 0.3223094344139099
v 0.6131021976470947 -0.4329327642917633 0.3223094344139099
v 0.611773669719696 -0.3966924250125885 0.3223094344139099
v 0.6105727553367615 -0.36041659116744995 0.3223094344139099
v 0.6137574911117554 -0.3245657980442047 0.3223094344139099
v 0.6163330674171448 -0.29073429107666016 0.3223094344139099
v 0.6177712678909302 -0.2563713490962982 0.3223094344139099
v 0.6184797286987305 -0.22176042199134827 0.3223094344139099
v 0.6188163757324219 -0.1869724690914154 0.3223094344139099
v 0.6189685463905334 -0.1521490514278412 0.3223094344139099
v 0.6190324425697327 -0.11725468188524246 0.3223094344139099
v 0.6190608143806458 -0.0823606476187706 0.3223094344139099
v 0.6190714240074158 -0.04743080213665962 0.3223094344139099
v 0.6190750002861023 -0.012536432594060898 0.3223094344139099
v 0.6190750002861023 0.02239307388663292 0.3223094344139099
v 0.6190750002861023 0.05728744715452194 0.3223094344139099
v 0.5492509603500366 0.09221728891134262 0.3223094344139099
v 0.5841628909111023 0.09221728891134262 0.3223094344139099
v 0.6190750002861023 0.09221728891134262 0.3223094344139099
v 0.5492473840713501 0.1271113157272339 0.3223094344139099
v 0.5492473840713501 0.16204117238521576 0.3223094344139099
v 0.5492438673973083 0.1969355344772339 0.3223094344139099
v 0.5492438673973083 0.2318650484085083 0.3223094344139099
v 0.5492438673973083 0.266794890165329 0.3223094344139099
v 0.4794163405895233 0.3016892671585083 0.3223094344139099
v 0.5143283605575562 0.3016892671585083 0.3223094344139099
v 0.5492438673973083 0.3016892671585083 0.3223094344139099
v 0.34594306349754333 0.30505454540252686 0.3223094344139099
v 0.3416919410228729 0.3446250259876251 0.3223094344139099
v 0.3775569498538971 0.3091992139816284 0.3223094344139099
v 0.44660860300064087 0.3078177869319916 0.3223094344139099
v 0.41268855333328247 0.3129543662071228 0.3223094344139099
v 0.3356200158596039 0.3767561614513397 0.3223094344139099
v 0.3294488489627838 0.4039277136325836 0.3223094344139099
v 0.3257185220718384 0.43230336904525757 0.3223094344139099
v 0.3232458233833313 0.47215765714645386 0.3223094344139099
v 0.29531267285346985 0.4990454316139221 0.3223094344139099
v 0.27425214648246765 0.522001326084137 0.3223094344139099
v 0.257903128862381 0.5457363128662109 0.3223094344139099
v 0.24401633441448212 0.5755647420883179 0.3223094344139099
v 0.2329174280166626 0.6020281314849854 0.3223094344139099
v 0.21997998654842377 0.6345133781433105 0.3223094344139099
v 0.2094762772321701 0.6644477844238281 0.3223094344139099
v 0.19734297692775726 0.693780243396759 0.3223094344139099
v 0.1835022121667862 0.7225815653800964 0.3223094344139099
v 0.21093231439590454 0.7393022179603577 0.3223094344139099
v 0.19607479870319366 0.7681035399436951 0.3223094344139099
v 0.17906689643859863 0.7970109581947327 0.3223094344139099
v 0.16146032512187958 0.8267332315444946 0.3223094344139099
v 0.6502779126167297 -0.46772104501724243 0.3223094344139099
v 0.6492221355438232 -0.43176382780075073 0.3223094344139099
v 0.6482727527618408 -0.3957359790802002 0.3223094344139099
v 0.6503380537033081 -0.36048755049705505 0.3223094344139099
v 0.6520350575447083 -0.3261246085166931 0.3223094344139099
v 0.6530056595802307 -0.29151368141174316 0.3223094344139099
v 0.653508722782135 -0.25676122307777405 0.3223094344139099
v 0.6537602543830872 -0.22193779051303864 0.3223094344139099
v 0.6538806557655334 -0.18707889318466187 0.3223094344139099
v 0.6539407968521118 -0.15218453109264374 0.3223094344139099
v 0.6539656519889832 -0.11729015409946442 0.3223094344139099
v 0.6539798378944397 -0.0823606476187706 0.3223094344139099
v 0.6539833545684814 -0.047466278076171875 0.3223094344139099
v 0.653986930847168 -0.012536432594060898 0.3223094344139099
v 0.653986930847168 0.02239307388663292 0.3223094344139099
v 0.653986930847168 0.05728744715452194 0.3223094344139099
v 0.653986930847168 0.09221728891134262 0.3223094344139099
v 0.5841593146324158 0.1271113157272339 0.3223094344139099
v 0.6190750002861023 0.1271113157272339 0.3223094344139099
v 0.653986930847168 0.1271113157272339 0.3223094344139099
v 0.5841593146324158 0.16204117238521576 0.3223094344139099
v 0.5841593146324158 0.1969355344772339 0.3223094344139099
v 0.5841593146324158 0.2318650484085083 0.3223094344139099
v 0.5841593146324158 0.266794890165329 0.3223094344139099
v 0.5841593146324158 0.3016892671585083 0.3223094344139099
v 0.45146191120147705 0.3541191518306732 0.3223094344139099
v 0.4805428981781006 0.3474946916103363 0.3223094344139099
v 0.5141866207122803 0.3418617844581604 0.3223094344139099
v 0.5492438673973083 0.3366187810897827 0.3223094344139099
v 0.5841593146324158 0.3366187810897827 0.3223094344139099
v 0.37488576769828796 0.35309144854545593 0.3223094344139099
v 0.37139996886253357 0.38359346985816956 0.3223094344139099
v 0.419242262840271 0.36595118045806885 0.3223094344139099
v 0.3640916049480438 0.4104103147983551 0.3223094344139099
v 0.35526353120803833 0.43818390369415283 0.3223094344139099
v 0.3517138659954071 0.4692528545856476 0.3223094344139099
v 0.35171031951904297 0.4870363473892212 0.3223094344139099
v 0.33775967359542847 0.49649468064308167 0.3223094344139099
v 0.31813743710517883 0.5157667398452759 0.3223094344139099
v 0.2985115647315979 0.5377300977706909 0.3223094344139099
v 0.28402602672576904 0.5652563571929932 0.3223094344139099
v 0.26995500922203064 0.5945178270339966 0.3223094344139099
v 0.25977715849876404 0.6194217801094055 0.3223094344139099
v 0.2478635460138321 0.6504900455474854 0.3223094344139099
v 0.23523783683776855 0.6804603338241577 0.3223094344139099
v 0.2239653766155243 0.710111677646637 0.3223094344139099
v 0.25099512934684753 0.7258052825927734 0.3223094344139099
v 0.23882289230823517 0.7553505301475525 0.3223094344139099
v 0.22476598620414734 0.7845052480697632 0.3223094344139099
v 0.20848791301250458 0.8138377070426941 0.3223094344139099
v 0.19169969856739044 0.8440917134284973 0.3223094344139099
v 0.6861287355422974 -0.46683523058891296 0.3223094344139099
v 0.6854023337364197 -0.43105536699295044 0.3223094344139099
v 0.6866246461868286 -0.3960549235343933 0.3223094344139099
v 0.6876412630081177 -0.36137303709983826 0.3223094344139099
v 0.6882365345954895 -0.32662057876586914 0.3223094344139099
v 0.68855881690979 -0.2917616665363312 0.3223094344139099
v 0.6887254118919373 -0.2569027841091156 0.3223094344139099
v 0.6888139247894287 -0.22200840711593628 0.3223094344139099
v 0.6888564825057983 -0.18711437284946442 0.3223094344139099
v 0.6888811588287354 -0.15218453109264374 0.3223094344139099
v 0.6888917684555054 -0.11729015409946442 0.3223094344139099
v 0.6888988614082336 -0.0823606476187706 0.3223094344139099
v 0.6889024376869202 -0.047466278076171875 0.3223094344139099
v 0.6889024376869202 -0.012536432594060898 0.3223094344139099
v 0.6889024376869202 0.02239307388663292 0.3223094344139099
v 0.6889024376869202 0.05728744715452194 0.3223094344139099
v 0.6889024376869202 0.09221728891134262 0.3223094344139099
v 0.6889024376869202 0.1271113157272339 0.3223094344139099
v 0.6190714240074158 0.16204117238521576 0.3223094344139099
v 0.653986930847168 0.16204117238521576 0.3223094344139099
v 0.6889024376869202 0.16204117238521576 0.3223094344139099
v 0.6190714240074158 0.1969355344772339 0.3223094344139099
v 0.6190714240074158 0.2318650484085083 0.3223094344139099
v 0.6190714240074158 0.266794890165329 0.3223094344139099
v 0.6190714240074158 0.3016892671585083 0.3223094344139099
v 0.6190714240074158 0.3366187810897827 0.3223094344139099
v 0.43670710921287537 0.3857543468475342 0.3223094344139099
v 0.4547884166240692 0.38189277052879333 0.3223094344139099
v 0.47998669743537903 0.3776420056819916 0.3223094344139099
v 0.5143248438835144 0.3715128004550934 0.3223094344139099
v 0.5492402911186218 0.3715128004550934 0.3223094344139099
v 0.584155797958374 0.3715128004550934 0.3223094344139099
v 0.6190714240074158 0.3715128004550934 0.3223094344139099
v 0.40488070249557495 0.392839640378952 0.3223094344139099
v 0.3948836028575897 0.4199753701686859 0.3223094344139099
v 0.43028804659843445 0.40477773547172546 0.3223094344139099
v 0.38508835434913635 0.4487767219543457 0.3223094344139099
v 0.373142808675766 0.47538137435913086 0.3223094344139099
v 0.36406323313713074 0.4933067858219147 0.3223094344139099
v 0.35278019309043884 0.5074766874313354 0.3223094344139099
v 0.33592820167541504 0.5281298756599426 0.3223094344139099
v 0.3198661804199219 0.5514756441116333 0.3223094344139099
v 0.3064327836036682 0.5788952112197876 0.3223094344139099
v 0.29357683658599854 0.6088647842407227 0.3223094344139099
v 0.28405439853668213 0.6341944336891174 0.3223094344139099
v 0.272987425327301 0.6646248698234558 0.3223094344139099
v 0.2613678276538849 0.6958349943161011 0.3223094344139099
v 0.2878130078315735 0.7105367183685303 0.3223094344139099
v 0.27836498618125916 0.740790069103241 0.3223094344139099
v 0.2670890688896179 0.7706542611122131 0.3223094344139099
v 0.25390008091926575 0.8001988530158997 0.3223094344139099
v 0.23846866190433502 0.8299569487571716 0.3223094344139099
v 0.22254836559295654 0.8606353402137756 0.3223094344139099
v 0.7219793200492859 -0.4662683308124542 0.3223094344139099
v 0.7225886583328247 -0.43137428164482117 0.3223094344139099
v 0.7231130003929138 -0.3965153992176056 0.3223094344139099
v 0.7234283685684204 -0.3616564869880676 0.3223094344139099
v 0.7236089706420898 -0.3267621397972107 0.3223094344139099
v 0.7237045764923096 -0.2918326258659363 0.3223094344139099
v 0.7237577438354492 -0.25693824887275696 0.3223094344139099
v 0.7237861752510071 -0.22204387187957764 0.3223094344139099
v 0.7238003611564636 -0.18711437284946442 0.3223094344139099
v 0.7238074541091919 -0.15218453109264374 0.3223094344139099
v 0.7238145470619202 -0.11729015409946442 0.3223094344139099
v 0.7238145470619202 -0.0823606476187706 0.3223094344139099
v 0.7238180637359619 -0.047466278076171875 0.3223094344139099
v 0.7238180637359619 -0.012536432594060898 0.3223094344139099
v 0.7238180637359619 0.02239307388663292 0.3223094344139099
v 0.7238180637359619 0.05728744715452194 0.3223094344139099
v 0.7238180637359619 0.09221728891134262 0.3223094344139099
v 0.7238180637359619 0.1271113157272339 0.3223094344139099
v 0.7238180637359619 0.16204117238521576 0.3223094344139099
v 0.653986930847168 0.1969355344772339 0.3223094344139099
v 0.6889024376869202 0.1969355344772339 0.3223094344139099
v 0.7238180637359619 0.1969355344772339 0.3223094344139099
v 0.653986930847168 0.2318650484085083 0.3223094344139099
v 0.653986930847168 0.266794890165329 0.3223094344139099
v 0.653986930847168 0.3016892671585083 0.3223094344139099
v 0.653986930847168 0.3366187810897827 0.3223094344139099
v 0.653986930847168 0.3715128004550934 0.3223094344139099
v 0.4540763199329376 0.406867653131485 0.3223094344139099
v 0.47940924763679504 0.40644264221191406 0.3223094344139099
v 0.5143248438835144 0.40644264221191406 0.3223094344139099
v 0.5492438673973083 0.40644264221191406 0.3223094344139099
v 0.5841593146324158 0.40644264221191406 0.3223094344139099
v 0.6190714240074158 0.40644264221191406 0.3223094344139099
v 0.653986930847168 0.40644264221191406 0.3223094344139099
v 0.4241381585597992 0.43322432041168213 0.3223094344139099
v 0.4145200252532959 0.46230876445770264 0.3223094344139099
v 0.451238751411438 0.44034543633461 0.3223094344139099
v 0.3984721899032593 0.48682352900505066 0.3223094344139099
v 0.3855666518211365 0.5046070218086243 0.3223094344139099
v 0.37318184971809387 0.5201594233512878 0.3223094344139099
v 0.35608187317848206 0.5399267673492432 0.3223094344139099
v 0.34192928671836853 0.564547598361969 0.3223094344139099
v 0.3291619122028351 0.5933840274810791 0.3223094344139099
v 0.3174324333667755 0.62271648645401 0.3223094344139099
v 0.30862563848495483 0.6482582688331604 0.3223094344139099
v 0.2985506057739258 0.6785116195678711 0.3223094344139099
v 0.32443615794181824 0.6919382810592651 0.3223094344139099
v 0.31459131836891174 0.7244234681129456 0.3223094344139099
v 0.3060891926288605 0.7549958229064941 0.3223094344139099
v 0.29572004079818726 0.7851431369781494 0.3223094344139099
v 0.28342026472091675 0.815077543258667 0.3223094344139099
v 0.26890286803245544 0.8452606797218323 0.3223094344139099
v 0.2538681626319885 0.8763289451599121 0.3223094344139099
v 0.7582588791847229 -0.4664456844329834 0.3223094344139099
v 0.7584536671638489 -0.4315158426761627 0.3223094344139099
v 0.7585740685462952 -0.3966214656829834 0.3223094344139099
v 0.7586450576782227 -0.36169198155403137 0.3223094344139099
v 0.7586839199066162 -0.32679760456085205 0.3223094344139099
v 0.758705198764801 -0.29186776280403137 0.3223094344139099
v 0.7587193846702576 -0.25693824887275696 0.3223094344139099
v 0.7587264776229858 -0.22204387187957764 0.3223094344139099
v 0.7587299942970276 -0.18711437284946442 0.3223094344139099
v 0.7587299942970276 -0.15218453109264374 0.3223094344139099
v 0.7587335705757141 -0.11729015409946442 0.3223094344139099
v 0.7587335705757141 -0.0823606476187706 0.3223094344139099
v 0.7587335705757141 -0.047466278076171875 0.3223094344139099
v 0.7587335705757141 -0.012536432594060898 0.3223094344139099
v 0.7587335705757141 0.02239307388663292 0.3223094344139099
v 0.7587335705757141 0.05728744715452194 0.3223094344139099
v 0.7587335705757141 0.09221728891134262 0.3223094344139099
v 0.7587335705757141 0.1271113157272339 0.3223094344139099
v 0.7587335705757141 0.16204117238521576 0.3223094344139099
v 0.7587335705757141 0.1969355344772339 0.3223094344139099
v 0.6889024376869202 0.2318650484085083 0.3223094344139099
v 0.7238180637359619 0.2318650484085083 0.3223094344139099
v 0.7587335705757141 0.2318650484085083 0.3223094344139099
v 0.6889024376869202 0.266794890165329 0.3223094344139099
v 0.6889024376869202 0.3016892671585083 0.3223094344139099
v 0.6889024376869202 0.3366187810897827 0.3223094344139099
v 0.6889024376869202 0.3715128004550934 0.3223094344139099
v 0.6889024376869202 0.40644264221191406 0.3223094344139099
v 0.4794127941131592 0.44137248396873474 0.3223094344139099
v 0.5143283605575562 0.44137248396873474 0.3223094344139099
v 0.5492438673973083 0.44137248396873474 0.3223094344139099
v 0.5841593146324158 0.44137248396873474 0.3223094344139099
v 0.6190714240074158 0.44137248396873474 0.3223094344139099
v 0.653986930847168 0.44137248396873474 0.3223094344139099
v 0.6889024376869202 0.44137248396873474 0.3223094344139099
v 0.4259873330593109 0.5025529265403748 0.3223094344139099
v 0.44678571820259094 0.4806240499019623 0.3223094344139099
v 0.45738863945007324 0.5017022490501404 0.3223094344139099
v 0.44753673672676086 0.5159789323806763 0.3223094344139099
v 0.4763520061969757 0.47814425826072693 0.3223094344139099
v 0.4101308286190033 0.5199823975563049 0.3223094344139099
v 0.3949013352394104 0.5362780094146729 0.3223094344139099
v 0.37815558910369873 0.5549473762512207 0.3223094344139099
v 0.3632555305957794 0.5796391367912292 0.3223094344139099
v 0.35093098878860474 0.607164740562439 0.3223094344139099
v 0.34155020117759705 0.6357883810997009 0.3223094344139099
v 0.3335157334804535 0.6615430116653442 0.3223094344139099
v 0.358752965927124 0.6741189956665039 0.3223094344139099
v 0.3507467806339264 0.7042311429977417 0.3223094344139099
v 0.3417274057865143 0.737566351890564 0.3223094344139099
v 0.3341781795024872 0.7683514952659607 0.3223094344139099
v 0.32473015785217285 0.7988177537918091 0.3223094344139099
v 0.31331950426101685 0.8290711045265198 0.3223094344139099
v 0.2997373640537262 0.8596434593200684 0.3223094344139099
v 0.2855953872203827 0.8911367058753967 0.3223094344139099
v 0.7238180637359619 0.266794890165329 0.3223094344139099
v 0.7587335705757141 0.266794890165329 0.3223094344139099
v 0.7238180637359619 0.3016892671585083 0.3223094344139099
v 0.7238180637359619 0.3366187810897827 0.3223094344139099
v 0.7238180637359619 0.3715128004550934 0.3223094344139099
v 0.7238180637359619 0.40644264221191406 0.3223094344139099
v 0.7238180637359619 0.44137248396873474 0.3223094344139099
v 0.5084831118583679 0.47697532176971436 0.3223094344139099
v 0.5492402911186218 0.4762665331363678 0.3223094344139099
v 0.584155797958374 0.4762665331363678 0.3223094344139099
v 0.6190714240074158 0.4762665331363678 0.3223094344139099
v 0.653986930847168 0.4762665331363678 0.3223094344139099
v 0.6889024376869202 0.4762665331363678 0.3223094344139099
v 0.7238180637359619 0.4762665331363678 0.3223094344139099
v 0.4348154067993164 0.5359590649604797 0.3223094344139099
v 0.4742477238178253 0.5027651190757751 0.3223094344139099
v 0.4678143858909607 0.5250831842422485 0.3223094344139099
v 0.45145127177238464 0.5526087880134583 0.3223094344139099
v 0.5033286213874817 0.5054576992988586 0.3223094344139099
v 0.4186754524707794 0.5542743802070618 0.3223094344139099
v 0.40342122316360474 0.5730849504470825 0.3223094344139099
v 0.3898921012878418 0.5978125333786011 0.3223094344139099
v 0.3769652843475342 0.62271648645401 0.3223094344139099
v 0.3660329580307007 0.6481170058250427 0.3223094344139099
v 0.3932575583457947 0.6623221039772034 0.3223094344139099
v 0.38377413153648376 0.6864117980003357 0.3223094344139099
v 0.3774045705795288 0.7161692380905151 0.3223094344139099
v 0.37097832560539246 0.7473442554473877 0.3223094344139099
v 0.36263203620910645 0.7808923125267029 0.3223094344139099
v 0.3541192412376404 0.8116416931152344 0.3223094344139099
v 0.34359434247016907 0.8422139883041382 0.3223094344139099
v 0.33091896772384644 0.8731403946876526 0.3223094344139099
v 0.31767332553863525 0.9049884080886841 0.3223094344139099
v 0.7587335705757141 0.3016892671585083 0.3223094344139099
v 0.7587335705757141 0.3366187810897827 0.3223094344139099
v 0.7587335705757141 0.3715128004550934 0.3223094344139099
v 0.7587335705757141 0.40644264221191406 0.3223094344139099
v 0.7587335705757141 0.44137248396873474 0.3223094344139099
v 0.7587335705757141 0.4762665331363678 0.3223094344139099
v 0.5464770793914795 0.5085395574569702 0.3223094344139099
v 0.5841593146324158 0.5111963748931885 0.3223094344139099
v 0.6190750002861023 0.5111963748931885 0.3223094344139099
v 0.653986930847168 0.5111963748931885 0.3223094344139099
v 0.6889024376869202 0.5111963748931885 0.3223094344139099
v 0.7238180637359619 0.5111963748931885 0.3223094344139099
v 0.7587335705757141 0.5111963748931885 0.3223094344139099
v 0.438651978969574 0.5717037916183472 0.3223094344139099
v 0.4521420896053314 0.583393931388855 0.3223094344139099
v 0.47267836332321167 0.5750336050987244 0.3223094344139099
v 0.4953826665878296 0.5346482396125793 0.3223094344139099
v 0.5417406558990479 0.5439653396606445 0.3223094344139099
v 0.42725199460983276 0.5899832844734192 0.3223094344139099
v 0.4165782630443573 0.6151710152626038 0.3223094344139099
v 0.40284019708633423 0.638374924659729 0.3223094344139099
v 0.4327394366264343 0.656122624874115 0.3223094344139099
v 0.42021653056144714 0.6757135987281799 0.3223094344139099
v 0.4110483229160309 0.6984567046165466 0.3223094344139099
v 0.40510037541389465 0.7278600335121155 0.3223094344139099
v 0.39853596687316895 0.7584674954414368 0.3223094344139099
v 0.3914012610912323 0.7926182746887207 0.3223094344139099
v 0.3838697671890259 0.8235797882080078 0.3223094344139099
v 0.37424108386039734 0.854435920715332 0.3223094344139099
v 0.36239469051361084 0.8856812119483948 0.3223094344139099
v 0.35004177689552307 0.9179183840751648 0.3223094344139099
v 0.5841593146324158 0.5460910797119141 0.3223094344139099
v 0.6190714240074158 0.5460910797119141 0.3223094344139099
v 0.653986930847168 0.5460910797119141 0.3223094344139099
v 0.6889024376869202 0.5460910797119141 0.3223094344139099
v 0.7238180637359619 0.5460910797119141 0.3223094344139099
v 0.7587335705757141 0.5460910797119141 0.3223094344139099
v 0.4501582384109497 0.6001504063606262 0.3223094344139099
v 0.47216111421585083 0.6085465550422668 0.3223094344139099
v 0.5061379671096802 0.6245942115783691 0.3223094344139099
v 0.5315699577331543 0.5954739451408386 0.3223094344139099
v 0.5839964747428894 0.5859095454216003 0.3223094344139099
v 0.44992801547050476 0.6377370953559875 0.3223094344139099
v 0.4585825204849243 0.6566895246505737 0.3223094344139099
v 0.4515434205532074 0.6694073677062988 0.3223094344139099
v 0.44354432821273804 0.6872618198394775 0.3223094344139099
v 0.4372774660587311 0.7102887034416199 0.3223094344139099
v 0.4322470426559448 0.7381690740585327 0.3223094344139099
v 0.42670291662216187 0.7691305875778198 0.3223094344139099
v 0.42038655281066895 0.8036354184150696 0.3223094344139099
v 0.41390007734298706 0.8347746133804321 0.3223094344139099
v 0.405227929353714 0.8658429384231567 0.3223094344139099
v 0.39426010847091675 0.8973720073699951 0.3223094344139099
v 0.3828211724758148 0.9299632906913757 0.3223094344139099
v 0.6190714240074158 0.5810202360153198 0.3223094344139099
v 0.653986930847168 0.5810202360153198 0.3223094344139099
v 0.6889024376869202 0.5810202360153198 0.3223094344139099
v 0.7238180637359619 0.5810202360153198 0.3223094344139099
v 0.7587335705757141 0.5810202360153198 0.3223094344139099
v 0.4716191291809082 0.6397560238838196 0.3223094344139099
v 0.495743989944458 0.6449284553527832 0.3223094344139099
v 0.5107113718986511 0.6515529155731201 0.3223094344139099
v 0.5245451331138611 0.6430507302284241 0.3223094344139099
v 0.5496619343757629 0.6319625973701477 0.3223094344139099
v 0.5856578350067139 0.6233894228935242 0.3223094344139099
v 0.6198331117630005 0.6193508505821228 0.3223094344139099
v 0.47068387269973755 0.6577523946762085 0.3223094344139099
v 0.46761253476142883 0.675004780292511 0.3223094344139099
v 0.46447378396987915 0.6943829655647278 0.3223094344139099
v 0.46079301834106445 0.719109833240509 0.3223094344139099
v 0.4577004015445709 0.7470604777336121 0.3223094344139099
v 0.4539133906364441 0.7786247134208679 0.3223094344139099
v 0.44952765107154846 0.8138377070426941 0.3223094344139099
v 0.44413235783576965 0.8451897501945496 0.3223094344139099
v 0.4364733099937439 0.876505970954895 0.3223094344139099
v 0.4265648126602173 0.9082830548286438 0.3223094344139099
v 0.4160645604133606 0.9410871863365173 0.3223094344139099
v 0.653986930847168 0.6159501075744629 0.3223094344139099
v 0.6889024376869202 0.6159501075744629 0.3223094344139099
v 0.7238180637359619 0.6159501075744629 0.3223094344139099
v 0.7587335705757141 0.6159501075744629 0.3223094344139099
v 0.49224045872688293 0.6627119779586792 0.3223094344139099
v 0.5114446878433228 0.6654046177864075 0.3223094344139099
v 0.5309996604919434 0.6632078886032104 0.3223094344139099
v 0.5571614503860474 0.6586382389068604 0.3223094344139099
v 0.5876736044883728 0.6538907885551453 0.3223094344139099
v 0.6190714240074158 0.6508448123931885 0.3223094344139099
v 0.653986930847168 0.6508448123931885 0.3223094344139099
v 0.49077022075653076 0.6809914112091064 0.3223094344139099
v 0.48903438448905945 0.7009716033935547 0.3223094344139099
v 0.48658642172813416 0.7274701595306396 0.3223094344139099
v 0.4846663773059845 0.7559167742729187 0.3223094344139099
v 0.48194923996925354 0.7876938581466675 0.3223094344139099
v 0.47883889079093933 0.8231905698776245 0.3223094344139099
v 0.4745842218399048 0.8546480536460876 0.3223094344139099
v 0.4679596722126007 0.8861420154571533 0.3223094344139099
v 0.4590146839618683 0.9181663990020752 0.3223094344139099
v 0.44944268465042114 0.9512543082237244 0.3223094344139099
v 0.6889024376869202 0.6508448123931885 0.3223094344139099
v 0.7238180637359619 0.6508448123931885 0.3223094344139099
v 0.7587335705757141 0.6508448123931885 0.3223094344139099
v 0.5123975872993469 0.6840029954910278 0.3223094344139099
v 0.5335466861724854 0.6859158873558044 0.3223094344139099
v 0.560427725315094 0.6883956789970398 0.3223094344139099
v 0.5897566080093384 0.6909815073013306 0.3223094344139099
v 0.6190714240074158 0.6857739686965942 0.3223094344139099
v 0.653986930847168 0.6857739686965942 0.3223094344139099
v 0.6889024376869202 0.6857739686965942 0.3223094344139099
v 0.5119228959083557 0.7058602571487427 0.3223094344139099
v 0.5112568140029907 0.7335635423660278 0.3223094344139099
v 0.5109097361564636 0.7634980082511902 0.3223094344139099
v 0.509772539138794 0.7959831953048706 0.3223094344139099
v 0.5082704424858093 0.831727921962738 0.3223094344139099
v 0.5052204132080078 0.8633273243904114 0.3223094344139099
v 0.49968335032463074 0.89496248960495 0.3223094344139099
v 0.4917444884777069 0.9271294474601746 0.3223094344139099
v 0.48311829566955566 0.9604646563529968 0.3223094344139099
v 0.7238180637359619 0.6857739686965942 0.3223094344139099
v 0.7587335705757141 0.6857739686965942 0.3223094344139099
v 0.5347406268119812 0.7104657292366028 0.3223094344139099
v 0.5618022680282593 0.715886116027832 0.3223094344139099
v 0.592140793800354 0.7220497727394104 0.3223094344139099
v 0.6190714240074158 0.7206686735153198 0.3223094344139099
v 0.653986930847168 0.7206686735153198 0.3223094344139099
v 0.6889024376869202 0.7206686735153198 0.3223094344139099
v 0.7238180637359619 0.7206686735153198 0.3223094344139099
v 0.5360264778137207 0.739231288433075 0.3223094344139099
v 0.5367245078086853 0.7696623802185059 0.3223094344139099
v 0.5371707677841187 0.8030333518981934 0.3223094344139099
v 0.5377445816993713 0.8394504189491272 0.3223094344139099
v 0.5359840989112854 0.8711214065551758 0.3223094344139099
v 0.5315983295440674 0.9028626680374146 0.3223094344139099
v 0.524711549282074 0.9351708292961121 0.3223094344139099
v 0.517027735710144 0.9687547087669373 0.3223094344139099
v 0.7587335705757141 0.7206686735153198 0.3223094344139099
v 0.5633007287979126 0.7457496523857117 0.3223094344139099
v 0.5936073660850525 0.751453161239624 0.3223094344139099
v 0.6190714240074158 0.7555985450744629 0.3223094344139099
v 0.653986930847168 0.7555985450744629 0.3223094344139099
v 0.6889024376869202 0.7555985450744629 0.3223094344139099
v 0.7238180637359619 0.7555985450744629 0.3223094344139099
v 0.7587335705757141 0.7555985450744629 0.3223094344139099
v 0.5645442008972168 0.7758969664573669 0.3223094344139099
v 0.5661028623580933 0.8098700046539307 0.3223094344139099
v 0.5671976208686829 0.8464296460151672 0.3223094344139099
v 0.5668256878852844 0.8780648112297058 0.3223094344139099
v 0.5636762976646423 0.9098418951034546 0.3223094344139099
v 0.5577920079231262 0.9422561526298523 0.3223094344139099
v 0.5510575771331787 0.9760521650314331 0.3223094344139099
v 0.5942521095275879 0.7809633016586304 0.3223094344139099
v 0.6213881969451904 0.7851431369781494 0.3223094344139099
v 0.653986930847168 0.7904925346374512 0.3223094344139099
v 0.6889024376869202 0.7904925346374512 0.3223094344139099
v 0.7238180637359619 0.7904925346374512 0.3223094344139099
v 0.7587335705757141 0.7904925346374512 0.3223094344139099
v 0.5954920053482056 0.8155384063720703 0.3223094344139099
v 0.5965265035629272 0.8527000546455383 0.3223094344139099
v 0.5960341095924377 0.8828824758529663 0.3223094344139099
v 0.5958888530731201 0.916005551815033 0.3223094344139099
v 0.5911524295806885 0.9484197497367859 0.3223094344139099
v 0.585378110408783 0.9823576807975769 0.3223094344139099
v 0.6235809922218323 0.8203560709953308 0.3223094344139099
v 0.653986930847168 0.8254224061965942 0.3223094344139099
v 0.6889024376869202 0.8254224061965942 0.3223094344139099
v 0.7238180637359619 0.8254224061965942 0.3223094344139099
v 0.7587335705757141 0.8254224061965942 0.3223094344139099
v 0.625720739364624 0.8578717708587646 0.3223094344139099
v 0.6254444122314453 0.8884447813034058 0.3223094344139099
v 0.6249202489852905 0.9208590388298035 0.3223094344139099
v 0.6246862411499023 0.9536982774734497 0.3223094344139099
v 0.6198613047599792 0.9877423048019409 0.3223094344139099
v 0.6549433469772339 0.8606705069541931 0.3223094344139099
v 0.6889024376869202 0.8603515625 0.3223094344139099
v 0.7238180637359619 0.8603515625 0.3223094344139099
v 0.7587335705757141 0.8603515625 0.3223094344139099
v 0.6568102836608887 0.8912786245346069 0.3223094344139099
v 0.6571292281150818 0.9251098036766052 0.3223094344139099
v 0.6583513617515564 0.9580557942390442 0.3223094344139099
v 0.654482901096344 0.9921707510948181 0.3223094344139099
v 0.6895791292190552 0.895458459854126 0.3223094344139099
v 0.7238180637359619 0.8952462673187256 0.3223094344139099
v 0.7587335705757141 0.8952462673187256 0.3223094344139099
v 0.6924060583114624 0.9285105466842651 0.3223094344139099
v 0.6919668316841125 0.9614214301109314 0.3223094344139099
v 0.6890689730644226 0.995571494102478 0.3223094344139099
v 0.724236011505127 0.9301761388778687 0.3223094344139099
v 0.7587335705757141 0.9301761388778687 0.3223094344139099
v 0.725727379322052 0.9638653993606567 0.3223094344139099
v 0.7238817811012268 0.9980512857437134 0.3223094344139099
v 0.7587370872497559 0.9650701284408569 0.3223094344139099
v 0.7587512731552124 0.999504029750824 0.3223094344139099
v -0.31708019971847534 0.35139140486717224 0.038572896271944046
v -0.2930828630924225 0.36092066764831543 0.04024958238005638
v -0.25502505898475647 0.37753522396087646 0.04318317770957947
v -0.2311304360628128 0.41072922945022583 0.04903478920459747
v -0.2099636197090149 0.37204456329345703 0.04221641272306442
v -0.20280763506889343 0.3989323377609253 0.046955667436122894
v -0.21573799848556519 0.4324452579021454 0.052865028381347656
v -0.19099317491054535 0.4187355041503906 0.05044616013765335
v -0.18052485585212708 0.372965544462204 0.04237369820475578
v -0.18515503406524658 0.39333558082580566 0.04596835374832153
v -0.1705029308795929 0.4065845310688019 0.0483025498688221
v -0.2208605259656906 0.47527462244033813 0.06041281297802925
v -0.19623973965644836 0.4552592933177948 0.05688370019197464
v -0.17331929504871368 0.43991976976394653 0.0541817806661129
v -0.15197531878948212 0.42706069350242615 0.05191595479846001
v -0.1488826721906662 0.38540026545524597 0.04456513375043869
v -0.1052028015255928 0.37863391637802124 0.04337695240974426
v -0.13269667327404022 0.41547662019729614 0.04987013339996338
v -0.19934657216072083 0.5007461309432983 0.06490478664636612
v -0.1742687225341797 0.48019903898239136 0.06128356605768204
v -0.15308767557144165 0.4615297019481659 0.057991113513708115
v -0.1371602863073349 0.44342726469039917 0.05479748174548149
v -0.12639449536800385 0.43031954765319824 0.05248843505978584
v -0.10703080147504807 0.41104814410209656 0.0490897074341774
v -0.07057423144578934 0.3736385107040405 0.04249735176563263
v -0.07299734652042389 0.40785956382751465 0.048525381833314896
v -0.10931218415498734 0.4327283799648285 0.05291036143898964
v -0.17773333191871643 0.5263230800628662 0.06941588968038559
v -0.15502901375293732 0.5036509037017822 0.06542092561721802
v -0.13548819720745087 0.48023417592048645 0.061288170516490936
v -0.1166028082370758 0.45610931515693665 0.05703779682517052
v -0.0755232498049736 0.4326222836971283 0.05289123207330704
v -0.03367483243346214 0.3736385107040405 0.04249735176563263
v -0.03630698844790459 0.40793052315711975 0.048541661351919174
v -0.04041637107729912 0.43492504954338074 0.05330109968781471
v -0.15616975724697113 0.5518296957015991 0.07391636818647385
v -0.07877171784639359 0.47198060154914856 0.05983290076255798
v -0.13057465851306915 0.5307515263557434 0.07019595056772232
v -0.10897214710712433 0.5081855058670044 0.06622049957513809
v -0.04114611819386482 0.46245068311691284 0.05815441906452179
v 0.0017968312604352832 0.372965544462204 0.042376529425382614
v -0.007027692627161741 0.4114380180835724 0.049159497022628784
v -0.01672014221549034 0.43995556235313416 0.05419064685702324
v -0.023621058091521263 0.458376944065094 0.057437047362327576
v -0.13430143892765045 0.5774073004722595 0.07842498272657394
v -0.10890837758779526 0.5557622313499451 0.07460823655128479
v 0.04352116957306862 0.3754804730415344 0.042816173285245895
v 0.0796341523528099 0.3764723837375641 0.042996495962142944
v -0.08413518220186234 0.5345063805580139 0.07086089253425598
v -0.056194938719272614 0.5095314383506775 0.06645218282938004
v -0.029951607808470726 0.48692959547042847 0.06247280165553093
v -0.011912854388356209 0.47226372361183167 0.05988425388932228
v 0.03639001399278641 0.4197274148464203 0.05062257871031761
v 0.008081348612904549 0.45267343521118164 0.05642849579453468
v -0.11173884570598602 0.602382242679596 0.08282947540283203
v -0.08694799989461899 0.5800641179084778 0.07889367640018463
v -0.06270623207092285 0.5582420229911804 0.07504608482122421
v 0.08343178778886795 0.40601763129234314 0.04820016026496887
v 0.10963964462280273 0.37689805030822754 0.04306662082672119
v 0.10438960790634155 0.3992161452770233 0.047005604952573776
v -0.038684066385030746 0.5379429459571838 0.07146597653627396
v -0.01451308187097311 0.5149518847465515 0.06740902364253998
v 0.004786763805896044 0.49812445044517517 0.06444248557090759
v 0.029995696619153023 0.47527462244033813 0.06041422486305237
v 0.09975943714380264 0.43315404653549194 0.052987243980169296
v 0.06296992301940918 0.45104366540908813 0.056144725531339645
v -0.08849608898162842 0.6267550587654114 0.08712589740753174
v -0.0643392950296402 0.6037991642951965 0.0830763727426529
v -0.04075649753212929 0.581375002861023 0.07912463694810867
v -0.017180709168314934 0.5605798959732056 0.07545844465494156
v 0.12198907881975174 0.4154056906700134 0.04985560476779938
v 0.145986407995224 0.3892260491847992 0.04524000361561775
v 0.1994401514530182 0.3781379461288452 0.04328734055161476
v 0.23473124206066132 0.37045061588287354 0.04193053022027016
v 0.001470979186706245 0.5442133545875549 0.07257159799337387
v 0.02057597227394581 0.528944730758667 0.06988103687763214
v 0.048169080168008804 0.5058118104934692 0.06579679995775223
v 0.08182694017887115 0.4826436936855316 0.061717189848423004
v 0.11651581525802612 0.46099862456321716 0.05789793282747269
v 0.1450582593679428 0.44831588864326477 0.05565869063138962
v -0.06457316875457764 0.6505258679389954 0.0913139134645462
v -0.041061148047447205 0.6268969774246216 0.08715245872735977
v -0.018137149512767792 0.603905200958252 0.0830962210893631
v -0.00021529203513637185 0.5778674483299255 0.07850399613380432
v 0.010897712782025337 0.5625637769699097 0.07580490410327911
v 0.1787976324558258 0.4323391914367676 0.052843403071165085
v 0.21688733994960785 0.41607868671417236 0.049974989145994186
v 0.24888020753860474 0.40173104405403137 0.04745056852698326
v 0.03427155315876007 0.5638387799263 0.0760316401720047
v 0.0684998631477356 0.5419456958770752 0.07217129319906235
v 0.10077972710132599 0.5203364491462708 0.06836197525262833
v 0.1336688995361328 0.4998251795768738 0.06474253535270691
v 0.16638804972171783 0.4804118871688843 0.061322905123233795
v 0.19912485778331757 0.4629466235637665 0.0582408681511879
v -0.04002311825752258 0.6735878586769104 0.09538503736257553
v -0.017177162691950798 0.6493920683860779 0.0911148190498352
v 0.00099622190464288 0.6212285757064819 0.08615344762802124
v 0.01791197620332241 0.5938448309898376 0.08132139593362808
v 0.2317625880241394 0.44771385192871094 0.055554889142513275
v 0.2635394036769867 0.4328702688217163 0.05293905735015869
v 0.06707221269607544 0.5983787178993225 0.0821191743016243
v 0.09137064963579178 0.5777262449264526 0.07847848534584045
v 0.04779001697897911 0.6223975419998169 0.08635501563549042
v 0.11770612746477127 0.555443286895752 0.07455120235681534
v 0.14985491335391998 0.5337272882461548 0.07072450965642929
v 0.18223394453525543 0.5134281516075134 0.06714510172605515
v 0.21474049985408783 0.4952196478843689 0.06392987072467804
v 0.24717628955841064 0.4791361689567566 0.061097223311662674
v -0.014842566102743149 0.696012020111084 0.09933818876743317
v 0.007323223166167736 0.6712141633033752 0.09496274590492249
v 0.028904538601636887 0.6470541954040527 0.09070281684398651
v 0.27872639894485474 0.46376150846481323 0.05838468298316002
v 0.08924509584903717 0.6250901818275452 0.08682901412248611
v 0.10960425436496735 0.6090776324272156 0.0840066522359848
v 0.07178734987974167 0.6440075039863586 0.09016859531402588
v 0.13544368743896484 0.589877188205719 0.08062420785427094
v 0.053337693214416504 0.6676715612411499 0.09433747828006744
v 0.16695132851600647 0.5677361488342285 0.07671569287776947
v 0.19886986911296844 0.5465160608291626 0.07297758013010025
v 0.23097608983516693 0.5273149609565735 0.06958947330713272
v 0.26314616203308105 0.5103463530540466 0.06659635901451111
v 0.2944483160972595 0.49436962604522705 0.06378036737442017
v 0.010947291739284992 0.7177639007568359 0.10317123681306839
v 0.03241525962948799 0.6923633217811584 0.09869270771741867
v 0.10167240351438522 0.638870894908905 0.08925922214984894
v 0.12204575538635254 0.6330606341362 0.08823542296886444
v 0.0947502851486206 0.6577523946762085 0.09258993715047836
v 0.15487471222877502 0.6188548803329468 0.08573046326637268
v 0.07813563942909241 0.6875807642936707 0.097852423787117
v 0.18488028645515442 0.6014254093170166 0.08266153931617737
v 0.05790755897760391 0.7127684950828552 0.10229161381721497
v 0.21626384556293488 0.5794262886047363 0.07877784222364426
v 0.24793796241283417 0.5591981410980225 0.0752108246088028
v 0.27980685234069824 0.5413085222244263 0.07206041365861893
v 0.3108043372631073 0.5247291326522827 0.06913779675960541
v 0.03719417005777359 0.7387001514434814 0.10686082392930984
v 0.06415314227342606 0.7589992880821228 0.11044342070817947
v 0.12750127911567688 0.6661836504936218 0.09407463669776917
v 0.17326059937477112 0.6488960981369019 0.09102661907672882
v 0.10537797957658768 0.7059670090675354 0.10109033435583115
v 0.2037266492843628 0.6347964406013489 0.08854115009307861
v 0.08414734154939651 0.7325358390808105 0.10577502846717834
v 0.23443013429641724 0.6121243238449097 0.0845426470041275
v 0.2655799090862274 0.590833306312561 0.08079177886247635
v 0.29704853892326355 0.5719869136810303 0.07746531069278717
v 0.3277342617511749 0.5547345280647278 0.07442543655633926
v 0.09166465699672699 0.7785896062850952 0.11389634758234024
v 0.11343728005886078 0.753684937953949 0.10950463265180588
v 0.1355251967906952 0.7291350960731506 0.10517527163028717
v 0.1623920202255249 0.7043020725250244 0.10079630464315414
v 0.1964644193649292 0.6835070252418518 0.09713399410247803
v 0.22370320558547974 0.6674944758415222 0.094309501349926
v 0.25349974632263184 0.6445034146308899 0.0902564525604248
v 0.284050852060318 0.622220516204834 0.0863252654671669
v 0.3149881362915039 0.6023112535476685 0.08281353116035461
v 0.34533020853996277 0.5843507051467896 0.07964754104614258
v 0.11971469968557358 0.7974001169204712 0.1172168031334877
v 0.14088156819343567 0.7718232274055481 0.11270145326852798
v 0.16163744032382965 0.7479814291000366 0.10849782824516296
v 0.14827844500541687 0.8154674172401428 0.12040228396654129
v 0.17733459174633026 0.8327549695968628 0.12345030158758163
v 0.18159979581832886 0.7286749482154846 0.1050976887345314
v 0.21119794249534607 0.7123786211013794 0.10222040861845016
v 0.2449231892824173 0.6954451203346252 0.09923474490642548
v 0.2735258638858795 0.6765277981758118 0.09590012580156326
v 0.3033897280693054 0.6532887816429138 0.0918024405837059
v 0.33379554748535156 0.6323524713516235 0.08811213076114655
v 0.36369481682777405 0.6136831641197205 0.08481720834970474
v 0.16600899398326874 0.7874458432197571 0.11545898765325546
v 0.18203553557395935 0.7647379040718079 0.1114555224776268
v 0.19282624125480652 0.7474503517150879 0.10840855538845062
v 0.19427864253520966 0.8042374849319458 0.11842339485883713
v 0.20671303570270538 0.8491573929786682 0.12634316086769104
v 0.22282108664512634 0.8202499747276306 0.12124647200107574
v 0.2235509157180786 0.7475564479827881 0.10842804610729218
v 0.26726973056793213 0.7235734462738037 0.10419539362192154
v 0.29466789960861206 0.7079859375953674 0.1014452874660492
v 0.32355403900146484 0.6839671730995178 0.09721370786428452
v 0.35333991050720215 0.6619328856468201 0.09332998096942902
v 0.3827715814113617 0.6424486637115479 0.08989369124174118
v 0.21078702807426453 0.7765347957611084 0.11353571712970734
v 0.24303151667118073 0.7963379621505737 0.11702939867973328
v 0.2366902381181717 0.8648509979248047 0.1291085034608841
v 0.25199413299560547 0.8355185985565186 0.12393386662006378
v 0.26777634024620056 0.8112166523933411 0.11965125054121017
v 0.26356062293052673 0.7739131450653076 0.11307059228420258
v 0.2908242344856262 0.7518078684806824 0.10917411744594574
v 0.31738996505737305 0.7348034381866455 0.10617639124393463
v 0.3446747660636902 0.7142212390899658 0.10254951566457748
v 0.3736742436885834 0.6910524368286133 0.09845998138189316
v 0.40260639786720276 0.6706472635269165 0.09486676007509232
v 0.2839197814464569 0.7933263778686523 0.116496242582798
v 0.2670997083187103 0.879729688167572 0.13172893226146698
v 0.28158169984817505 0.8499364852905273 0.12647990882396698
v 0.29020074009895325 0.8246784806251526 0.12202583998441696
v 0.29648879170417786 0.8085950016975403 0.11919108778238297
v 0.306106835603714 0.7790497541427612 0.1139785498380661
v 0.33809980750083923 0.7649859189987183 0.11149732768535614
v 0.36696818470954895 0.7439076900482178 0.10778189450502396
v 0.3949260711669922 0.7196409702301025 0.10350388288497925
v 0.42324185371398926 0.6982086896896362 0.09972113370895386
v 0.3159445524215698 0.8061861395835876 0.11876172572374344
v 0.2979128956794739 0.8937584161758423 0.13420234620571136
v 0.30611392855644226 0.8606705069541931 0.12837126851081848
v 0.3121717572212219 0.8325779438018799 0.12341700494289398
v 0.3291088044643402 0.9069364070892334 0.13652627170085907
v 0.35675495862960815 0.802714467048645 0.11815451085567474
v 0.39070335030555725 0.7726732492446899 0.11285128444433212
v 0.4174036979675293 0.747769296169281 0.10846170037984848
v 0.44484445452690125 0.7250964641571045 0.10446710139513016
v 0.3494643270969391 0.8454025983810425 0.12567928433418274
v 0.3419009745121002 0.8763999342918396 0.1311429738998413
v 0.3606659471988678 0.91922926902771 0.13869893550872803
v 0.3725937306880951 0.888373851776123 0.13325542211532593
v 0.38418859243392944 0.8583325743675232 0.1279614120721817
v 0.39865994453430176 0.8274062275886536 0.12250657379627228
v 0.4210454225540161 0.799490749835968 0.11757956445217133
v 0.4410361647605896 0.7751178741455078 0.11328277736902237
v 0.46740347146987915 0.7512052059173584 0.10906711965799332
v 0.39255964756011963 0.9307072162628174 0.14071889221668243
v 0.4036089777946472 0.8994970321655273 0.1352197676897049
v 0.41758081316947937 0.8705896139144897 0.13011954724788666
v 0.429533451795578 0.8485195636749268 0.12622839212417603
v 0.44632166624069214 0.8268744349479675 0.12241338938474655
v 0.4659971296787262 0.8014745712280273 0.1179320365190506
v 0.4911068081855774 0.7764638662338257 0.113522969186306
v 0.4247438907623291 0.9412642121315002 0.14258264005184174
v 0.434907466173172 0.9098060727119446 0.13703356683254242
v 0.44207412004470825 0.8810047507286072 0.13195884227752686
v 0.4467644989490509 0.8622292876243591 0.128645122051239
v 0.4694262444972992 0.8558176755905151 0.12751504778862
v 0.49228647351264954 0.8266623020172119 0.12237265706062317
v 0.5158621668815613 0.8005887269973755 0.11777405440807343
v 0.4572291970252991 0.9509705305099487 0.14429228007793427
v 0.4632338881492615 0.918769121170044 0.138615682721138
v 0.46822184324264526 0.887381911277771 0.1330825537443161
v 0.5052558779716492 0.8698105812072754 0.12997925281524658
v 0.5186041593551636 0.8474215269088745 0.12603320181369781
v 0.49964088201522827 0.8945374488830566 0.13434194028377533
v 0.5417406558990479 0.8233675956726074 0.12179272621870041
v 0.4899802505970001 0.9597564935684204 0.14584392309188843
v 0.49512404203414917 0.9270936250686646 0.14008373022079468
v 0.5265784859657288 0.8790209293365479 0.13160741329193115
v 0.5451770424842834 0.8657368421554565 0.12926684319972992
v 0.5289342403411865 0.9009497761726379 0.1354716420173645
v 0.5688944458961487 0.8446937799453735 0.12555351853370667
v 0.5272374153137207 0.9346039295196533 0.14141006767749786
v 0.5229650735855103 0.9676560163497925 0.14723651111125946
v 0.5665847659111023 0.8955293893814087 0.1345197707414627
v 0.5975645184516907 0.8644259572029114 0.1290312558412552
v 0.5627092123031616 0.9422561526298523 0.14275622367858887
v 0.556162416934967 0.9746352434158325 0.1484682708978653
v 0.6274142265319824 0.8819615244865417 0.13212569057941437
v 0.6093435287475586 0.9203630685806274 0.13889624178409576
v 0.5968345999717712 0.9512543082237244 0.14434543251991272
v 0.5895441174507141 0.9807286262512207 0.14953847229480743
v 0.6585674285888672 0.8970882296562195 0.1347939521074295
v 0.6465617418289185 0.9472508430480957 0.14363549649715424
v 0.6216184496879578 0.9626964330673218 0.14636150002479553
v 0.6231843829154968 0.985900342464447 0.15044961869716644
v 0.6910492777824402 0.9094520211219788 0.13697440922260284
v 0.6906347274780273 0.9541590809822083 0.14485237002372742
v 0.6568564176559448 0.9901160001754761 0.1511949747800827
v 0.6906382441520691 0.9934106469154358 0.1517770141363144
v 0.7246292233467102 0.9186981320381165 0.13860009610652924
v 0.7249374985694885 0.9595437049865723 0.14580567181110382
v 0.7244981527328491 0.995784342288971 0.15219469368457794
v 0.7588504552841187 0.9243307113647461 0.13959838449954987
v 0.7593994736671448 0.9637241959571838 0.1465393453836441
v 0.758414626121521 0.9972012639045715 0.1524476408958435
v 0.7584075331687927 0.8907826542854309 0.14549817144870758
v 0.7616065740585327 0.8551798462867737 0.1519003063440323
v 0.7296950817108154 0.8842993974685669 0.1450415402650833
v 0.7332448363304138 0.8520621657371521 0.15097640454769135
v 0.7613692879676819 0.8205330967903137 0.15799564123153687
v 0.7337052822113037 0.8230838179588318 0.15611737966537476
v 0.70134037733078 0.8784546852111816 0.14358200132846832
v 0.707564651966095 0.8470316529273987 0.1497485488653183
v 0.7100551128387451 0.8229777216911316 0.1542235165834427
v 0.7579046487808228 0.7846119999885559 0.1641969084739685
v 0.7289937138557434 0.7898547053337097 0.16164803504943848
v 0.7033277153968811 0.795275092124939 0.15845263004302979
v 0.6711719632148743 0.8667287230491638 0.141987144947052
v 0.6844955682754517 0.8411862850189209 0.148236945271492
v 0.6926149725914001 0.8236156105995178 0.15229813754558563
v 0.6783313751220703 0.8082760572433472 0.1532563865184784
v 0.7578301429748535 0.7492571473121643 0.17043253779411316
v 0.725323498249054 0.7532599568367004 0.1678241491317749
v 0.6969406008720398 0.7571566700935364 0.16449767351150513
v 0.6589110493659973 0.773169219493866 0.15670011937618256
v 0.6450632214546204 0.8531250357627869 0.14037562906742096
v 0.6618160009384155 0.8288231492042542 0.14732365310192108
v 0.6355443000793457 0.8090558052062988 0.14648301899433136
v 0.7577840685844421 0.7138664722442627 0.17666922509670258
v 0.7222344279289246 0.7142563462257385 0.17445476353168488
v 0.6887961626052856 0.7191808223724365 0.17027169466018677
v 0.6578305959701538 0.7254512310028076 0.16495181620121002
v 0.6229009032249451 0.758113443851471 0.15309840440750122
v 0.6061550974845886 0.7891107797622681 0.14420123398303986
v 0.6278179287910461 0.7239633202552795 0.16006378829479218
v 0.613707959651947 0.8357307314872742 0.1375674307346344
v 0.5867030024528503 0.8170262575149536 0.13487152755260468
v 0.7577593922615051 0.6784765124320984 0.1829066276550293
v 0.7218872904777527 0.6783704161643982 0.18076017498970032
v 0.6856645345687866 0.6795035600662231 0.17688992619514465
v 0.6530728936195374 0.6846759915351868 0.17138972878456116
v 0.6251043677330017 0.6887145638465881 0.16575811803340912
v 0.5939369201660156 0.7444036602973938 0.14936700463294983
v 0.5803617835044861 0.7694143652915955 0.1417292356491089
v 0.6001009345054626 0.7213058471679688 0.1548314243555069
v 0.5607466697692871 0.7966210842132568 0.13187241554260254
v 0.5968949198722839 0.6944890022277832 0.15884655714035034
v 0.7577452063560486 0.6431216597557068 0.18914473056793213
v 0.7218129634857178 0.642731785774231 0.18703371286392212
v 0.6852889657020569 0.6431925892829895 0.18324919044971466
v 0.6498739719390869 0.6483291983604431 0.17728492617607117
v 0.615759015083313 0.6518366932868958 0.1704123318195343
v 0.5850520730018616 0.6581422686576843 0.16249223053455353
v 0.5819913744926453 0.7188618779182434 0.15104299783706665
v 0.5720615983009338 0.7325006723403931 0.14615638554096222
v 0.5573987364768982 0.7521970868110657 0.13878890872001648
v 0.5358672142028809 0.7747631669044495 0.12861500680446625
v 0.5738576054573059 0.7018222808837891 0.15202641487121582
v 0.558684766292572 0.6727020740509033 0.1531561315059662
v 0.7577381134033203 0.6077316403388977 0.19538317620754242
v 0.7577345371246338 0.5723410248756409 0.20162129402160645
v 0.7577345371246338 0.5369510054588318 0.20785975456237793
v 0.757731020450592 0.5015961527824402 0.21409821510314941
v 0.757731020450592 0.4662061631679535 0.2203366607427597
v 0.757731020450592 0.4308154881000519 0.2265751212835312
v 0.757731020450592 0.3954254984855652 0.23281358182430267
v 0.757731020450592 0.3600706458091736 0.23905205726623535
v 0.7577274441719055 0.3246803283691406 0.24529051780700684
v 0.7577274441719055 0.2892899811267853 0.25152894854545593
v 0.7582659721374512 0.25393548607826233 0.25778937339782715
v 0.7601504921913147 0.21854515373706818 0.2640976309776306
v 0.7218235731124878 0.6073417663574219 0.19327430427074432
v 0.6853741407394409 0.607164740562439 0.1896112859249115
v 0.6484569311141968 0.6080857515335083 0.18414722383022308
v 0.6107074022293091 0.6124074459075928 0.176321342587471
v 0.568150520324707 0.6142500638961792 0.16599546372890472
v 0.5385701060295105 0.6440784335136414 0.15246711671352386
v 0.5550819635391235 0.7145043611526489 0.14480382204055786
v 0.5341064929962158 0.7297019958496094 0.13602712750434875
v 0.5118981003761292 0.7515950798988342 0.12510433793067932
v 0.535247266292572 0.6861989498138428 0.14403970539569855
v 0.5140023231506348 0.662074089050293 0.1415829360485077
v 0.7218411564826965 0.5719869136810303 0.19951452314853668
v 0.7218518257141113 0.536596953868866 0.20575404167175293
v 0.7218589186668396 0.5012062788009644 0.2119932323694229
v 0.7218624353408813 0.46581628918647766 0.21823203563690186
v 0.7218660116195679 0.43046143651008606 0.22447049617767334
v 0.7218660116195679 0.39507144689559937 0.23070931434631348
v 0.7218660116195679 0.35968077182769775 0.23694775998592377
v 0.7224364280700684 0.3243262469768524 0.24323156476020813
v 0.7245052456855774 0.2867750823497772 0.2500123977661133
v 0.7256211638450623 0.25237664580345154 0.25616690516471863
v 0.7267760634422302 0.21822622418403625 0.26227322220802307
v 0.6935964226722717 0.21769478917121887 0.2592482268810272
v 0.6604804992675781 0.21695086359977722 0.2550130784511566
v 0.6275240182876587 0.21599441766738892 0.24957452714443207
v 0.6855831146240234 0.5713490843772888 0.19595034420490265
v 0.6488572359085083 0.5715970396995544 0.19064605236053467
v 0.610980212688446 0.5743957757949829 0.18308408558368683
v 0.5747290849685669 0.573013961315155 0.1749546080827713
v 0.5373054146766663 0.5923921465873718 0.161203071475029
v 0.5154726505279541 0.6166231036186218 0.1500801295042038
v 0.5481669902801514 0.5674172639846802 0.16879162192344666
v 0.49341657757759094 0.6371350288391113 0.13891609013080597
v 0.511749267578125 0.7060021162033081 0.13308925926685333
v 0.4889706075191498 0.7273283004760742 0.12141332775354385
v 0.49023178219795227 0.6813461780548096 0.12998102605342865
v 0.4694262444972992 0.6558395028114319 0.12667438387870789
v 0.6857991218566895 0.5359590649604797 0.20221608877182007
v 0.6859373450279236 0.5006042122840881 0.20847013592720032
v 0.6860151886940002 0.46521425247192383 0.2147178053855896
v 0.6860613226890564 0.4298235774040222 0.22096121311187744
v 0.686086118221283 0.3944687247276306 0.22720251977443695
v 0.6867273449897766 0.3587956130504608 0.233566015958786
v 0.6896960139274597 0.3202521800994873 0.24071775376796722
v 0.691679835319519 0.28450778126716614 0.24724778532981873
v 0.6928489804267883 0.2510303556919098 0.2532850205898285
v 0.6600446701049805 0.24993234872817993 0.24913276731967926
v 0.6273113489151001 0.2488340139389038 0.24374204874038696
v 0.5948507785797119 0.21482546627521515 0.2429552525281906
v 0.5947480797767639 0.24762959778308868 0.23714755475521088
v 0.6493567824363708 0.5354982614517212 0.1970924735069275
v 0.6118834614753723 0.5370219349861145 0.18986067175865173
v 0.5743677020072937 0.5389699935913086 0.18086716532707214
v 0.5467215180397034 0.5401396155357361 0.17317943274974823
v 0.5316373705863953 0.5632016062736511 0.1646280437707901
v 0.5199362635612488 0.5763444900512695 0.15863721072673798
v 0.49851787090301514 0.5948367714881897 0.14817777276039124
v 0.4735179841518402 0.6115223169326782 0.13606609404087067
v 0.5257708430290222 0.5451343059539795 0.16599510610103607
v 0.4493151605129242 0.6296247243881226 0.12318319082260132
v 0.46703505516052246 0.7021405696868896 0.1175728291273117
v 0.4459001123905182 0.6760676503181458 0.11355981230735779
v 0.42548784613609314 0.649215042591095 0.10937781631946564
v 0.6497570872306824 0.4996832609176636 0.20347583293914795
v 0.6500794291496277 0.46425747871398926 0.2097713053226471
v 0.650285005569458 0.4289384186267853 0.21603740751743317
v 0.650398313999176 0.39326465129852295 0.2223459929227829
v 0.6515779495239258 0.3570949137210846 0.22891004383563995
v 0.657302737236023 0.3168865740299225 0.2369077205657959
v 0.6590492129325867 0.2828070819377899 0.24318373203277588
v 0.6265531778335571 0.2814256250858307 0.2378511130809784
v 0.5942062139511108 0.280185729265213 0.23128248751163483
v 0.5624115467071533 0.21344368159770966 0.23514601588249207
v 0.562404453754425 0.24628327786922455 0.22935780882835388
v 0.5620466470718384 0.2788749039173126 0.22351223230361938
v 0.612808108329773 0.5002143383026123 0.1965426653623581
v 0.576117753982544 0.5044658184051514 0.1873961091041565
v 0.539951741695404 0.5092483758926392 0.17664973437786102
v 0.5128616094589233 0.5178917646408081 0.16663207113742828
v 0.505603015422821 0.555443286895752 0.15756946802139282
v 0.47952258586883545 0.5692943334579468 0.14579114317893982
v 0.4543420374393463 0.5852717161178589 0.13308502733707428
v 0.4299798309803009 0.6028072237968445 0.11957544833421707
v 0.4875323176383972 0.5298305749893188 0.15571387112140656
v 0.4059116244316101 0.621724545955658 0.1050916537642479
v 0.613605260848999 0.46390339732170105 0.20310810208320618
v 0.6141826510429382 0.4279816448688507 0.20956584811210632
v 0.6154438257217407 0.39198893308639526 0.21616671979427338
v 0.6207966804504395 0.3506116569042206 0.22453565895557404
v 0.6251078844070435 0.31447771191596985 0.23175010085105896
v 0.5930725336074829 0.31267091631889343 0.2252941131591797
v 0.5584722757339478 0.30944719910621643 0.2171511948108673
v 0.530354917049408 0.21188519895076752 0.22618438303470612
v 0.5303620100021362 0.24468931555747986 0.22040078043937683
v 0.5270425081253052 0.27646604180336 0.21376484632492065
v 0.5221680402755737 0.3068258762359619 0.20687635242938995
v 0.5778287649154663 0.4679419994354248 0.19426017999649048
v 0.5357891321182251 0.4729725420475006 0.18180346488952637
v 0.49984273314476013 0.48816949129104614 0.16744650900363922
v 0.47012415528297424 0.5043590664863586 0.1536506861448288
v 0.46119338274002075 0.5432565808296204 0.14327272772789001
v 0.43584272265434265 0.5584190487861633 0.12998740375041962
v 0.41133877635002136 0.5754234790802002 0.11584654450416565
v 0.3870368003845215 0.5937029719352722 0.10068435221910477
v 0.4435407817363739 0.5167586803436279 0.14064911007881165
v 0.5782362222671509 0.42766273021698 0.20146647095680237
v 0.5848608613014221 0.3830617070198059 0.21094636619091034
v 0.5898523926734924 0.3462189733982086 0.21863019466400146
v 0.55399090051651 0.3414722681045532 0.2102711796760559
v 0.5171659588813782 0.33552077412605286 0.20019860565662384
v 0.4985426068305969 0.2100784033536911 0.21603068709373474
v 0.4985532760620117 0.24295347929000854 0.21023963391780853
v 0.4985036849975586 0.275686651468277 0.20445144176483154
v 0.49405062198638916 0.30487751960754395 0.19773012399673462
v 0.4898279011249542 0.3313402831554413 0.19154764711856842
v 0.524449348449707 0.42854854464530945 0.1861409991979599
v 0.48082271218299866 0.4577748775482178 0.16594479978084564
v 0.45194366574287415 0.4759482741355896 0.1513756513595581
v 0.4264974892139435 0.49001210927963257 0.1378997266292572
v 0.41804492473602295 0.5309995412826538 0.1268196403980255
v 0.39345595240592957 0.5475431084632874 0.11206661909818649
v 0.3689555525779724 0.5651854276657104 0.0962214320898056
v 0.4008067846298218 0.5030840039253235 0.12353816628456116
v 0.5442878007888794 0.37555140256881714 0.20150578022003174
v 0.5086424350738525 0.3649592697620392 0.19219344854354858
v 0.4834654927253723 0.35341036319732666 0.1853315234184265
v 0.4671802520751953 0.20809458196163177 0.20474405586719513
v 0.4671908915042877 0.24096964299678802 0.19895124435424805
v 0.4672086238861084 0.273738294839859 0.1931765228509903
v 0.4670740067958832 0.3030352294445038 0.18796151876449585
v 0.465093731880188 0.32492831349372864 0.18332146108150482
v 0.4652743935585022 0.34249964356422424 0.18029221892356873
v 0.48767760396003723 0.4006330668926239 0.17855031788349152
v 0.4568537473678589 0.43212634325027466 0.16111309826374054
v 0.4349925220012665 0.4501936435699463 0.14869321882724762
v 0.4100988805294037 0.4631594717502594 0.1350529044866562
v 0.38430193066596985 0.474743515253067 0.12025278806686401
v 0.37606897950172424 0.5190607309341431 0.10815350711345673
v 0.3514305055141449 0.5362070798873901 0.09163664281368256
v 0.3593587279319763 0.4901539981365204 0.10420601069927216
v 0.4623836874961853 0.3795900046825409 0.17260199785232544
v 0.4370153844356537 0.3575199246406555 0.16591717302799225
v 0.4362855553627014 0.2058982402086258 0.1923365741968155
v 0.4362961947917938 0.23877297341823578 0.18654485046863556
v 0.43631038069725037 0.2716125547885895 0.18076300621032715
v 0.4362075924873352 0.3043105900287628 0.17495141923427582
v 0.4363706111907959 0.328683465719223 0.17072230577468872
v 0.434907466173172 0.4057696461677551 0.1564967781305313
v 0.4130215048789978 0.4215342104434967 0.14377647638320923
v 0.3921876847743988 0.433898001909256 0.1314699798822403
v 0.36860835552215576 0.4459070563316345 0.1170697957277298
v 0.34347036480903625 0.46085670590400696 0.10034462809562683
v 0.33452531695365906 0.5067685842514038 0.08697780966758728
v 0.3183358311653137 0.47704628109931946 0.08231580257415771
v 0.41621339321136475 0.3846914768218994 0.15176178514957428
v 0.40164634585380554 0.3715486228466034 0.1471405178308487
v 0.4051039218902588 0.3301003873348236 0.15612445771694183
v 0.4049975872039795 0.352666437625885 0.1520994007587433
v 0.40585142374038696 0.20352454483509064 0.17880645394325256
v 0.4058619737625122 0.2363996058702469 0.17301435768604279
v 0.4058797061443329 0.269239217042923 0.16722969710826874
v 0.40587615966796875 0.30200785398483276 0.161451056599617
v 0.39669740200042725 0.39662957191467285 0.14029130339622498
v 0.3750346004962921 0.406655490398407 0.12742577493190765
v 0.35362330079078674 0.4165388345718384 0.11397536098957062
v 0.328262060880661 0.4309925138950348 0.09656079858541489
v 0.30269181728363037 0.4468989670276642 0.07760878652334213
v 0.38686323165893555 0.3766142725944519 0.1388700306415558
v 0.38105693459510803 0.35496917366981506 0.13969863951206207
v 0.37599819898605347 0.29949259757995605 0.1468287706375122
v 0.37872952222824097 0.3287189304828644 0.14311331510543823
v 0.37594500184059143 0.20093867182731628 0.16418060660362244
v 0.37595564126968384 0.23381340503692627 0.1583881676197052
v 0.3759733736515045 0.2666884660720825 0.15260030329227448
v 0.3644813001155853 0.38316845893859863 0.12589149177074432
v 0.3414970934391022 0.3911389112472534 0.11148563027381897
v 0.3138367533683777 0.4007039964199066 0.09294454753398895
v 0.28759342432022095 0.4163976013660431 0.0728822872042656
v 0.3568364679813385 0.3575199246406555 0.1261841058731079
v 0.3512285649776459 0.3262746036052704 0.1285349428653717
v 0.34663739800453186 0.2639252245426178 0.13690002262592316
v 0.34910300374031067 0.2952418327331543 0.13279664516448975
v 0.3466090261936188 0.19817543029785156 0.1484788954257965
v 0.3466196656227112 0.231050506234169 0.14268644154071808
v 0.3318825960159302 0.3615585267543793 0.1109960526227951
v 0.30206477642059326 0.3697066903114319 0.0908108577132225
v 0.2730972170829773 0.38554149866104126 0.06819335371255875
v 0.3254457116127014 0.32535332441329956 0.1134701818227768
v 0.32107070088386536 0.29145118594169617 0.11674776673316956
v 0.3178575336933136 0.22810989618301392 0.12590990960597992
v 0.3178752660751343 0.2610204219818115 0.12011992931365967
v 0.31784698367118835 0.19519968330860138 0.13170412182807922
v 0.28534388542175293 0.32212957739830017 0.08796193450689316
v 0.2551364302635193 0.35185155272483826 0.06099272519350052
v 0.2912564277648926 0.28773149847984314 0.09806214272975922
v 0.28978273272514343 0.2578676640987396 0.10232739895582199
v 0.28976500034332275 0.19208204746246338 0.11391548067331314
v 0.28977563977241516 0.22495712339878082 0.108122318983078
v 0.27259063720703125 0.28039824962615967 0.08637309074401855
v 0.25748512148857117 0.2966587543487549 0.07248339802026749
v 0.23705165088176727 0.31890586018562317 0.05285651609301567
v 0.2670217454433441 0.25715920329093933 0.08646095544099808
v 0.26237738132476807 0.22166244685649872 0.08932795375585556
v 0.2623668313026428 0.18875224888324738 0.09512003511190414
v 0.24007342755794525 0.26055994629859924 0.06552614271640778
v 0.22115610539913177 0.2883690297603607 0.04537319764494896
v 0.23923388123512268 0.22102493047714233 0.07183580845594406
v 0.2357160598039627 0.18528054654598236 0.075362429022789
v 0.21824058890342712 0.24752317368984222 0.050151050090789795
v 0.20347867906093597 0.26133936643600464 0.03511038050055504
v 0.21443229913711548 0.21925361454486847 0.05193616449832916
v 0.20980221033096313 0.18163147568702698 0.054634176194667816
v 0.1857587695121765 0.22591355443000793 0.02548486739397049
v 0.18464286625385284 0.17780570685863495 0.03294409438967705
v 0.16034796833992004 0.17380258440971375 0.010387524031102657
v 0.15646173059940338 0.2042684704065323 0.0011350341374054551
v 0.13691745698451996 0.1696930229663849 -0.013031333684921265
v 0.13524538278579712 0.19016917049884796 -0.01843409612774849
v 0.1144256442785263 0.16544191539287567 -0.03723272681236267
v 0.11719952523708344 0.1795060932636261 -0.03653482347726822
v 0.0928053930401802 0.16101378202438354 -0.06229283660650253
v 0.09959650784730911 0.16955147683620453 -0.055469878017902374
v -0.15616975724697113 0.5570021271705627 0.29125142097473145
v -0.15616975724697113 0.5567541718482971 0.26019373536109924
v -0.15616975724697113 0.5563642978668213 0.22913816571235657
v -0.15616975724697113 0.5557973980903625 0.19808509945869446
v -0.15616975724697113 0.5550534129142761 0.16703592240810394
v -0.15616975724697113 0.5541324615478516 0.13599063456058502
v -0.15616975724697113 0.5530695915222168 0.1049506664276123
v -0.1777297854423523 0.5317076444625854 0.29068389534950256
v -0.17773333191871643 0.5314596891403198 0.2590608298778534
v -0.17773333191871643 0.5309995412826538 0.2274402230978012
v -0.17773333191871643 0.5304326415061951 0.19582387804985046
v -0.17773333191871643 0.5296535491943359 0.16421213746070862
v -0.17773333191871643 0.5286967754364014 0.1326064169406891
v -0.17773333191871643 0.5275987386703491 0.10100743919610977
v -0.1992933601140976 0.506378710269928 0.2901192009449005
v -0.1992933601140976 0.5061306953430176 0.25793179869651794
v -0.19929690659046173 0.505669891834259 0.22574760019779205
v -0.19929690659046173 0.5050678253173828 0.19356831908226013
v -0.19929690659046173 0.5042529702186584 0.16139402985572815
v -0.19929690659046173 0.5032610297203064 0.1292264610528946
v -0.19929690659046173 0.5021272301673889 0.09706632047891617
v -0.22085697948932648 0.4810848832130432 0.2895573675632477
v -0.22085697948932648 0.4808010756969452 0.2568073868751526
v -0.22085697948932648 0.4803409278392792 0.22406096756458282
v -0.22085697948932648 0.4797030985355377 0.19131843745708466
v -0.22085697948932648 0.4788530766963959 0.15858158469200134
v -0.22085697948932648 0.4778611660003662 0.12585073709487915
v -0.2208605259656906 0.47665640711784363 0.09312769770622253
v -0.05656690523028374 -0.764694333076477 -0.4459315836429596
v -0.05656690523028374 -0.7240964770317078 -0.4527793824672699
v -0.05656690523028374 -0.6834985613822937 -0.4596448242664337
v -0.05656690523028374 -0.759026288986206 -0.411345511674881
v -0.05656690523028374 -0.718357503414154 -0.41789209842681885
v -0.05656690523028374 -0.6777241230010986 -0.42446717619895935
v -0.05656690523028374 -0.7535707950592041 -0.3767133355140686
v -0.05656690523028374 -0.7129019498825073 -0.38295888900756836
v -0.05656690523028374 -0.6721979975700378 -0.38924694061279297
v -0.05656690523028374 -0.7484338283538818 -0.34204578399658203
v -0.05656690523028374 -0.7076589465141296 -0.3479902148246765
v -0.05656690523028374 -0.666919469833374 -0.35398778319358826
v -0.05656690523028374 -0.7435097098350525 -0.3073357045650482
v -0.05656690523028374 -0.7027348279953003 -0.3129790425300598
v -0.05656690523028374 -0.661924421787262 -0.31868964433670044
v -0.05656690523028374 -0.7388690710067749 -0.27259376645088196
v -0.05656690523028374 -0.69802325963974 -0.27793243527412415
v -0.05656690523028374 -0.6572128534317017 -0.28335607051849365
v -0.05656690523028374 -0.652749240398407 -0.24798712134361267
v -0.05656690523028374 -0.693630576133728 -0.24285393953323364
v -0.05656690523028374 -0.7344760894775391 -0.2378128618001938
v -0.05656690523028374 -0.6485690474510193 -0.21258622407913208
v -0.05656690523028374 -0.6894855499267578 -0.20774000883102417
v -0.05656690523028374 -0.7303668856620789 -0.20300358533859253
v -0.05656690523028374 -0.7265052795410156 -0.16807740926742554
v -0.05656690523028374 -0.6855888366699219 -0.1727394312620163
v -0.05656690523028374 -0.6446720361709595 -0.1773199737071991
v -0.05656690523028374 -0.7229275107383728 -0.13320796191692352
v -0.05656690523028374 -0.681975245475769 -0.13755112886428833
v -0.05656690523028374 -0.6410232782363892 -0.1418447196483612
v -0.05656690523028374 -0.719597339630127 -0.09831012040376663
v -0.05656690523028374 -0.6786099672317505 -0.10233800113201141
v -0.05656690523028374 -0.6376225352287292 -0.10634113103151321
v -0.05656690523028374 -0.7165507078170776 -0.06339104473590851
v -0.05656690523028374 -0.675527811050415 -0.06710012257099152
v -0.05656690523028374 -0.6345403790473938 -0.07081270962953568
v -0.05656690523028374 -0.7137523293495178 -0.028450706973671913
v -0.05656690523028374 -0.6727294325828552 -0.03184058517217636
v -0.05656690523028374 -0.6316710710525513 -0.035263046622276306
v -0.05656690523028374 -0.7112370729446411 0.006510894745588303
v -0.05656690523028374 -0.6701787114143372 0.003438063431531191
v -0.05656690523028374 -0.6291203498840332 0.00030501114088110626
v -0.05656690523028374 -0.70896977186203 0.041490890085697174
v -0.05656690523028374 -0.6678759455680847 0.0386773943901062
v -0.05656690523028374 -0.6268175840377808 0.03578028455376625
v -0.05656690523028374 -0.7069504857063293 0.07648684829473495
v -0.05656690523028374 -0.6658921241760254 0.07384799420833588
v -0.05656690523028374 -0.624762773513794 0.07130727171897888
v -0.05656690523028374 -0.705250084400177 0.11149732768535614
v -0.05656690523028374 -0.6641207933425903 0.10916737467050552
v -0.05656690523028374 -0.623026967048645 0.10691749304533005
v -0.05656690523028374 -0.7037622332572937 0.1465194970369339
v -0.05656690523028374 -0.6626328825950623 0.14449812471866608
v -0.05656690523028374 -0.6215035915374756 0.14253941178321838
v -0.05656690523028374 -0.7025578022003174 0.18155229091644287
v -0.05656690523028374 -0.6614285111427307 0.1798384040594101
v -0.05656690523028374 -0.6202991604804993 0.17817091941833496
v -0.05656690523028374 -0.7016364932060242 0.21659289300441742
v -0.05656690523028374 -0.66047203540802 0.21518683433532715
v -0.05656690523028374 -0.6193427443504333 0.21381020545959473
v -0.05656690523028374 -0.7009634971618652 0.2516395151615143
v -0.05656690523028374 -0.6597990393638611 0.25054094195365906
v -0.05656690523028374 -0.6186342835426331 0.24945585429668427
v -0.05656690523028374 -0.7005739808082581 0.28668999671936035
v -0.05656690523028374 -0.6594091653823853 0.28589895367622375
v -0.05656690523028374 -0.6182092428207397 0.2851054072380066
v -0.14513106644153595 -0.8520540595054626 -0.4311874210834503
v -0.11135978251695633 -0.8454293012619019 -0.43229976296424866
v -0.08278903365135193 -0.8267247676849365 -0.43544909358024597
v -0.06359536200761795 -0.798809289932251 -0.4401571452617645
v -0.14513106644153595 -0.8464566469192505 -0.3972354829311371
v -0.11136332899332047 -0.8398321866989136 -0.39829468727111816
v -0.08279258012771606 -0.8211273550987244 -0.40130582451820374
v -0.06359536200761795 -0.79314124584198 -0.405801385641098
v -0.14513106644153595 -0.8411075472831726 -0.36324095726013184
v -0.11137042939662933 -0.8345181941986084 -0.3642506003379822
v -0.0827961340546608 -0.8157427906990051 -0.36712008714675903
v -0.06359536200761795 -0.7877563238143921 -0.3714030385017395
v -0.14513106644153595 -0.8360415697097778 -0.32920753955841064
v -0.11137397587299347 -0.8294171094894409 -0.3301675617694855
v -0.08279968053102493 -0.8106768131256104 -0.3328917920589447
v -0.06359180808067322 -0.7826197147369385 -0.33696573972702026
v -0.14513106644153595 -0.8312235474586487 -0.29513514041900635
v -0.1113775223493576 -0.8245990872383118 -0.29604554176330566
v -0.0828031376004219 -0.8058236241340637 -0.2986280918121338
v -0.06359180808067322 -0.7777307629585266 -0.3024894893169403
v -0.14513106644153595 -0.8266893029212952 -0.26103082299232483
v -0.11138106882572174 -0.8200644850730896 -0.26188814640045166
v -0.08280669152736664 -0.801253616809845 -0.2643289566040039
v -0.06359180808067322 -0.7731255888938904 -0.2679778039455414
v -0.14513106644153595 -0.822367250919342 -0.22689111530780792
v -0.11138816177845001 -0.8157427906990051 -0.22769881784915924
v -0.08281023800373077 -0.7969315648078918 -0.22999440133571625
v -0.06358826160430908 -0.7687684297561646 -0.23343071341514587
v -0.14513106644153595 -0.8183286786079407 -0.19271951913833618
v -0.11139170825481415 -0.811704158782959 -0.19347764551639557
v -0.08281378448009491 -0.792857825756073 -0.19562794268131256
v -0.06358826160430908 -0.764694333076477 -0.19885171949863434
v -0.14513106644153595 -0.8145735263824463 -0.1585160493850708
v -0.11139525473117828 -0.8079135417938232 -0.15922455489635468
v -0.08281733095645905 -0.7890672087669373 -0.16123317182064056
v -0.06358826160430908 -0.7608682513237 -0.1642443835735321
v -0.14513106644153595 -0.8110312223434448 -0.12428777664899826
v -0.11139880865812302 -0.8044064044952393 -0.12494666129350662
v -0.08282087743282318 -0.7855245471000671 -0.1268135905265808
v -0.06358826160430908 -0.7572904229164124 -0.12960867583751678
v -0.14513106644153595 -0.8077719807624817 -0.09003467857837677
v -0.11140235513448715 -0.8011471629142761 -0.09064047783613205
v -0.08282442390918732 -0.7822653651237488 -0.09236214309930801
v -0.06358471512794495 -0.7539957761764526 -0.09494467079639435
v -0.14513106644153595 -0.8047962784767151 -0.05575324594974518
v -0.11140944808721542 -0.7981359958648682 -0.05631297081708908
v -0.08282797038555145 -0.779254138469696 -0.05788944289088249
v -0.06358471512794495 -0.7509490847587585 -0.06025943160057068
v -0.14513106644153595 -0.802033007144928 -0.021454835310578346
v -0.111412912607193 -0.7954081892967224 -0.02196037955582142
v -0.08283151686191559 -0.7764908671379089 -0.023396877571940422
v -0.06358471512794495 -0.7481858730316162 -0.025549691170454025
v -0.14513106644153595 -0.7995532155036926 0.012865177355706692
v -0.11141645908355713 -0.7929283976554871 0.012410331517457962
v -0.08283507078886032 -0.7740110754966736 0.011117291636765003
v -0.06358125060796738 -0.7456706166267395 0.009178797714412212
v -0.14513106644153595 -0.797356903553009 0.04720292612910271
v -0.11142000555992126 -0.7906966209411621 0.046798717230558395
v -0.08284216374158859 -0.7717792987823486 0.045649513602256775
v -0.06358125060796738 -0.7434387803077698 0.0439256988465786
v -0.14513106644153595 -0.7954081892967224 0.08155661821365356
v -0.1114235520362854 -0.7887482643127441 0.08120272308588028
v -0.08284571021795273 -0.7698309421539307 0.08019734174013138
v -0.06358125060796738 -0.7414549589157104 0.07868856191635132
v -0.14513106644153595 -0.7937078475952148 0.11592411994934082
v -0.11143064498901367 -0.7870478630065918 0.11562088131904602
v -0.08284925669431686 -0.7681305408477783 0.11475897580385208
v -0.06358125060796738 -0.7397190928459167 0.11346521973609924
v -0.14513106644153595 -0.7922554612159729 0.1503036618232727
v -0.11143419146537781 -0.7855954766273499 0.15005072951316833
v -0.082852803170681 -0.7666781544685364 0.14933264255523682
v -0.06357770413160324 -0.7382667064666748 0.14825429022312164
v -0.14513106644153595 -0.7910864949226379 0.18469278514385223
v -0.11143774539232254 -0.7844265103340149 0.1844908595085144
v -0.08285634964704514 -0.7655092477798462 0.18391624093055725
v -0.06357770413160324 -0.7370622754096985 0.1830529123544693
v -0.14513106644153595 -0.7901655435562134 0.2190900593996048
v -0.11144129186868668 -0.7835052609443665 0.21893839538097382
v -0.082863450050354 -0.764587938785553 0.21850764751434326
v -0.06357770413160324 -0.7361413240432739 0.21786005795001984
v -0.14513106644153595 -0.7895276546478271 0.2534933090209961
v -0.11144483834505081 -0.7828677296638489 0.2533923387527466
v -0.08286690711975098 -0.7639504075050354 0.2531050443649292
v -0.0635741576552391 -0.7355034947395325 0.2526732087135315
v -0.14513106644153595 -0.78913813829422 0.28790050745010376
v -0.11145193129777908 -0.782477855682373 0.2878498435020447
v -0.08287045359611511 -0.7635605335235596 0.2877063751220703
v -0.0635741576552391 -0.7350784540176392 0.28749027848243713
v -0.3574725389480591 -0.8520540595054626 -0.4311874210834503
v -0.3220822811126709 -0.8520540595054626 -0.4311874210834503
v -0.2866920530796051 -0.8520540595054626 -0.4311874210834503
v -0.2513017952442169 -0.8520540595054626 -0.4311874210834503
v -0.2159115970134735 -0.8520540595054626 -0.4311874210834503
v -0.18052130937576294 -0.8520540595054626 -0.4311874210834503
v -0.3574725389480591 -0.8464566469192505 -0.3972354829311371
v -0.3220822811126709 -0.8464566469192505 -0.3972354829311371
v -0.2866920530796051 -0.8464566469192505 -0.3972354829311371
v -0.2513017952442169 -0.8464566469192505 -0.3972354829311371
v -0.2159115970134735 -0.8464566469192505 -0.3972354829311371
v -0.18052130937576294 -0.8464566469192505 -0.3972354829311371
v -0.3574725389480591 -0.8411075472831726 -0.36324095726013184
v -0.3220822811126709 -0.8411075472831726 -0.36324095726013184
v -0.2866920530796051 -0.8411075472831726 -0.36324095726013184
v -0.2513017952442169 -0.8411075472831726 -0.36324095726013184
v -0.2159115970134735 -0.8411075472831726 -0.36324095726013184
v -0.18052130937576294 -0.8411075472831726 -0.36324095726013184
v -0.3574725389480591 -0.8360415697097778 -0.32920753955841064
v -0.3220822811126709 -0.8360415697097778 -0.32920753955841064
v -0.2866920530796051 -0.8360415697097778 -0.32920753955841064
v -0.2513017952442169 -0.8360415697097778 -0.32920753955841064
v -0.2159115970134735 -0.8360415697097778 -0.32920753955841064
v -0.18052130937576294 -0.8360415697097778 -0.32920753955841064
v -0.3574725389480591 -0.8312235474586487 -0.29513514041900635
v -0.3220822811126709 -0.8312235474586487 -0.29513514041900635
v -0.2866920530796051 -0.8312235474586487 -0.29513514041900635
v -0.2513017952442169 -0.8312235474586487 -0.29513514041900635
v -0.2159115970134735 -0.8312235474586487 -0.29513514041900635
v -0.18052130937576294 -0.8312235474586487 -0.29513514041900635
v -0.3574725389480591 -0.8266893029212952 -0.26103082299232483
v -0.3220822811126709 -0.8266893029212952 -0.26103082299232483
v -0.2866920530796051 -0.8266893029212952 -0.26103082299232483
v -0.2513017952442169 -0.8266893029212952 -0.26103082299232483
v -0.2159115970134735 -0.8266893029212952 -0.26103082299232483
v -0.18052130937576294 -0.8266893029212952 -0.26103082299232483
v -0.3574725389480591 -0.822367250919342 -0.22689111530780792
v -0.3220822811126709 -0.822367250919342 -0.22689111530780792
v -0.2866920530796051 -0.822367250919342 -0.22689111530780792
v -0.2513017952442169 -0.822367250919342 -0.22689111530780792
v -0.2159115970134735 -0.822367250919342 -0.22689111530780792
v -0.18052130937576294 -0.822367250919342 -0.22689111530780792
v -0.3574725389480591 -0.8183286786079407 -0.19271951913833618
v -0.3220822811126709 -0.8183286786079407 -0.19271951913833618
v -0.2866920530796051 -0.8183286786079407 -0.19271951913833618
v -0.2513017952442169 -0.8183286786079407 -0.19271951913833618
v -0.2159115970134735 -0.8183286786079407 -0.19271951913833618
v -0.18052130937576294 -0.8183286786079407 -0.19271951913833618
v -0.3574725389480591 -0.8145735263824463 -0.1585160493850708
v -0.3220822811126709 -0.8145735263824463 -0.1585160493850708
v -0.2866920530796051 -0.8145735263824463 -0.1585160493850708
v -0.2513017952442169 -0.8145735263824463 -0.1585160493850708
v -0.2159115970134735 -0.8145735263824463 -0.1585160493850708
v -0.18052130937576294 -0.8145735263824463 -0.1585160493850708
v -0.3574725389480591 -0.8110312223434448 -0.12428777664899826
v -0.3220822811126709 -0.8110312223434448 -0.12428777664899826
v -0.2866920530796051 -0.8110312223434448 -0.12428777664899826
v -0.2513017952442169 -0.8110312223434448 -0.12428777664899826
v -0.2159115970134735 -0.8110312223434448 -0.12428777664899826
v -0.18052130937576294 -0.8110312223434448 -0.12428777664899826
v -0.3574725389480591 -0.8077719807624817 -0.09003467857837677
v -0.3220822811126709 -0.8077719807624817 -0.09003467857837677
v -0.2866920530796051 -0.8077719807624817 -0.09003467857837677
v -0.2513017952442169 -0.8077719807624817 -0.09003467857837677
v -0.2159115970134735 -0.8077719807624817 -0.09003467857837677
v -0.18052130937576294 -0.8077719807624817 -0.09003467857837677
v -0.3574725389480591 -0.8047962784767151 -0.05575324594974518
v -0.3220822811126709 -0.8047962784767151 -0.05575324594974518
v -0.2866920530796051 -0.8047962784767151 -0.05575324594974518
v -0.2513017952442169 -0.8047962784767151 -0.05575324594974518
v -0.2159115970134735 -0.8047962784767151 -0.05575324594974518
v -0.18052130937576294 -0.8047962784767151 -0.05575324594974518
v -0.3574725389480591 -0.802033007144928 -0.021454835310578346
v -0.3220822811126709 -0.802033007144928 -0.021454835310578346
v -0.2866920530796051 -0.802033007144928 -0.021454835310578346
v -0.2513017952442169 -0.802033007144928 -0.021454835310578346
v -0.2159115970134735 -0.802033007144928 -0.021454835310578346
v -0.18052130937576294 -0.802033007144928 -0.021454835310578346
v -0.3574725389480591 -0.7995532155036926 0.012865177355706692
v -0.3220822811126709 -0.7995532155036926 0.012865177355706692
v -0.2866920530796051 -0.7995532155036926 0.012865177355706692
v -0.2513017952442169 -0.7995532155036926 0.012865177355706692
v -0.2159115970134735 -0.7995532155036926 0.012865177355706692
v -0.18052130937576294 -0.7995532155036926 0.012865177355706692
v -0.3574725389480591 -0.797356903553009 0.04720292612910271
v -0.3220822811126709 -0.797356903553009 0.04720328375697136
v -0.2866920530796051 -0.797356903553009 0.04720292612910271
v -0.2513017952442169 -0.797356903553009 0.04720328375697136
v -0.2159115970134735 -0.797356903553009 0.04720292612910271
v -0.18052130937576294 -0.797356903553009 0.04720292612910271
v -0.3574725389480591 -0.7954081892967224 0.08155661821365356
v -0.3220822811126709 -0.7954081892967224 0.08155661821365356
v -0.2866920530796051 -0.7954081892967224 0.08155661821365356
v -0.2513017952442169 -0.7954081892967224 0.08155661821365356
v -0.2159115970134735 -0.7954081892967224 0.08155661821365356
v -0.18052130937576294 -0.7954081892967224 0.08155661821365356
v -0.3574725389480591 -0.7937078475952148 0.11592411994934082
v -0.3220822811126709 -0.7937078475952148 0.11592411994934082
v -0.2866920530796051 -0.7937078475952148 0.11592411994934082
v -0.2513017952442169 -0.7937078475952148 0.11592411994934082
v -0.2159115970134735 -0.7937078475952148 0.11592411994934082
v -0.18052130937576294 -0.7937078475952148 0.11592411994934082
v -0.3574725389480591 -0.7922554612159729 0.1503036618232727
v -0.3220822811126709 -0.7922554612159729 0.1503036618232727
v -0.2866920530796051 -0.7922554612159729 0.1503036618232727
v -0.2513017952442169 -0.7922554612159729 0.1503036618232727
v -0.2159115970134735 -0.7922554612159729 0.1503036618232727
v -0.18052130937576294 -0.7922554612159729 0.1503036618232727
v -0.3574725389480591 -0.7910864949226379 0.18469278514385223
v -0.3220822811126709 -0.7910864949226379 0.18469278514385223
v -0.2866920530796051 -0.7910864949226379 0.18469278514385223
v -0.2513017952442169 -0.7910864949226379 0.18469278514385223
v -0.2159115970134735 -0.7910864949226379 0.18469278514385223
v -0.18052130937576294 -0.7910864949226379 0.18469278514385223
v -0.3574725389480591 -0.7901655435562134 0.2190900593996048
v -0.3220822811126709 -0.7901655435562134 0.2190900593996048
v -0.2866920530796051 -0.7901655435562134 0.2190900593996048
v -0.2513017952442169 -0.7901655435562134 0.2190900593996048
v -0.2159115970134735 -0.7901655435562134 0.2190900593996048
v -0.18052130937576294 -0.7901655435562134 0.2190900593996048
v -0.3574725389480591 -0.7895276546478271 0.2534933090209961
v -0.3220822811126709 -0.7895276546478271 0.2534933090209961
v -0.2866920530796051 -0.7895276546478271 0.2534933090209961
v -0.2513017952442169 -0.7895276546478271 0.2534933090209961
v -0.2159115970134735 -0.7895276546478271 0.2534933090209961
v -0.18052130937576294 -0.7895276546478271 0.2534933090209961
v -0.3574725389480591 -0.78913813829422 0.28790050745010376
v -0.3220822811126709 -0.78913813829422 0.28790050745010376
v -0.2866920530796051 -0.78913813829422 0.28790050745010376
v -0.2513017952442169 -0.78913813829422 0.28790050745010376
v -0.2159115970134735 -0.78913813829422 0.28790050745010376
v -0.18052130937576294 -0.78913813829422 0.28790050745010376
v -0.446036696434021 -0.764694333076477 -0.4459032118320465
v -0.43932709097862244 -0.7980653643608093 -0.4402846693992615
v -0.4202149510383606 -0.8263348937034607 -0.4355164170265198
v -0.3916972875595093 -0.8452522158622742 -0.43232807517051697
v -0.446036696434021 -0.7589908242225647 -0.4112888276576996
v -0.43932709097862244 -0.7923973202705383 -0.4059218168258667
v -0.42021849751472473 -0.8207023739814758 -0.4013696014881134
v -0.3916972875595093 -0.8396551609039307 -0.3983265459537506
v -0.446036696434021 -0.7535707950592041 -0.37663188576698303
v -0.4393235445022583 -0.7870123982429504 -0.3715163767337799
v -0.42021849751472473 -0.8153529167175293 -0.36718031764030457
v -0.3917008340358734 -0.8343057036399841 -0.364282488822937
v -0.446036696434021 -0.7483983635902405 -0.3419324457645416
v -0.4393235445022583 -0.7818757891654968 -0.3370720446109772
v -0.42021849751472473 -0.810251772403717 -0.33295199275016785
v -0.3917008340358734 -0.8292397260665894 -0.33019590377807617
v -0.446036696434021 -0.7435097098350525 -0.30719757080078125
v -0.4393235445022583 -0.776986837387085 -0.30258870124816895
v -0.4202220141887665 -0.8053982853889465 -0.2986847460269928
v -0.39170435070991516 -0.8244220614433289 -0.29607388377189636
v -0.446036696434021 -0.7388336062431335 -0.27242374420166016
v -0.43931999802589417 -0.7723816633224487 -0.26806992292404175
v -0.4202220141887665 -0.8008285760879517 -0.26438209414482117
v -0.39170435070991516 -0.8198519945144653 -0.26191648840904236
v -0.446036696434021 -0.7344760894775391 -0.2376144528388977
v -0.43931999802589417 -0.7680596113204956 -0.2335192710161209
v -0.4202220141887665 -0.7965065240859985 -0.2300475686788559
v -0.3917078971862793 -0.8155303001403809 -0.2277236133813858
v -0.446036696434021 -0.7303314208984375 -0.20277689397335052
v -0.43931999802589417 -0.7639504075050354 -0.1989331841468811
v -0.4202220141887665 -0.7924324870109558 -0.19567757844924927
v -0.3917078971862793 -0.8114916682243347 -0.193498894572258
v -0.446036696434021 -0.7265052795410156 -0.16790738701820374
v -0.43931999802589417 -0.7601597905158997 -0.1643187552690506
v -0.4202255606651306 -0.788642168045044 -0.16128279268741608
v -0.39171144366264343 -0.807701051235199 -0.1592457890510559
v -0.446036696434021 -0.7228920459747314 -0.13300955295562744
v -0.43931645154953003 -0.7565816640853882 -0.12967954576015472
v -0.4202255606651306 -0.7850995063781738 -0.12685611844062805
v -0.39171144366264343 -0.8041938543319702 -0.12496794760227203
v -0.446036696434021 -0.719597339630127 -0.09808693081140518
v -0.43931645154953003 -0.7532873153686523 -0.09500844031572342
v -0.4202255606651306 -0.7818403244018555 -0.09240467101335526
v -0.39171499013900757 -0.8009346723556519 -0.09065817296504974
v -0.446036696434021 -0.7165155410766602 -0.06313952058553696
v -0.43931645154953003 -0.7502406239509583 -0.06031610444188118
v -0.4202255606651306 -0.7787936329841614 -0.0579284243285656
v -0.39171499013900757 -0.7979234457015991 -0.056330710649490356
v -0.446036696434021 -0.7137523293495178 -0.028169071301817894
v -0.43931645154953003 -0.7474774122238159 -0.025603197515010834
v -0.42022910714149475 -0.7760658860206604 -0.02343125268816948
v -0.39171499013900757 -0.7951956987380981 -0.0219770185649395
v -0.446036696434021 -0.711201548576355 0.006821564864367247
v -0.4393129050731659 -0.7449621558189392 0.00913133006542921
v -0.42022910714149475 -0.7735506296157837 0.011086104437708855
v -0.3917185366153717 -0.7926804423332214 0.012395086698234081
v -0.446036696434021 -0.7089343070983887 0.0418299175798893
v -0.4393129050731659 -0.7427303194999695 0.0438835509121418
v -0.42022910714149475 -0.771318793296814 0.045621175318956375
v -0.3917185366153717 -0.7904841303825378 0.04678526520729065
v -0.446036696434021 -0.7069504857063293 0.07685457170009613
v -0.4393129050731659 -0.7407464981079102 0.07865171879529953
v -0.42022910714149475 -0.769370436668396 0.08017218858003616
v -0.39172208309173584 -0.7885003089904785 0.08119102567434311
v -0.446036696434021 -0.7052146196365356 0.11189339309930801
v -0.4393129050731659 -0.7390460968017578 0.11343404650688171
v -0.42022910714149475 -0.7676346302032471 0.11473735421895981
v -0.39172208309173584 -0.7867999076843262 0.11561059951782227
v -0.446036696434021 -0.7037622332572937 0.14694423973560333
v -0.43930938839912415 -0.7375937104225159 0.14822842180728912
v -0.4202326536178589 -0.7662177085876465 0.14931458234786987
v -0.3917256295681 -0.7853829860687256 0.15004222095012665
v -0.446036696434021 -0.7025578022003174 0.18200504779815674
v -0.43930938839912415 -0.7363892793655396 0.18303273618221283
v -0.4202326536178589 -0.7650132775306702 0.1839013695716858
v -0.3917256295681 -0.7842137217521667 0.18448378145694733
v -0.446036696434021 -0.7016364932060242 0.2170739620923996
v -0.43930938839912415 -0.7354679703712463 0.21784484386444092
v -0.4202326536178589 -0.764091968536377 0.21849629282951355
v -0.3917291760444641 -0.7832927107810974 0.21893310546875
v -0.446036696434021 -0.7009634971618652 0.2521492540836334
v -0.43930584192276 -0.7348304986953735 0.25266292691230774
v -0.4202326536178589 -0.7634544372558594 0.25309762358665466
v -0.3917291760444641 -0.7826197147369385 0.25338882207870483
v -0.446036696434021 -0.7005739808082581 0.2872284948825836
v -0.43930584192276 -0.7344406247138977 0.2874853014945984
v -0.4202326536178589 -0.7630645632743835 0.2877024710178375
v -0.39173272252082825 -0.7822298407554626 0.2878480553627014
v -0.446036696434021 -0.47562089562416077 0.28552839159965515
v -0.446036696434021 -0.4760459065437317 0.24874982237815857
v -0.446036696434021 -0.4767189025878906 0.21197515726089478
v -0.446036696434021 -0.4777108132839203 0.1752072125673294
v -0.446036696434021 -0.47895070910453796 0.13844741880893707
v -0.446036696434021 -0.48050951957702637 0.10169822722673416
v -0.446036696434021 -0.4823163151741028 0.06496181339025497
v -0.446036696434021 -0.48440656065940857 0.028240270912647247
v -0.446036696434021 -0.48677992820739746 -0.008464612998068333
v -0.446036696434021 -0.4894367456436157 -0.04515034705400467
v -0.446036696434021 -0.49234187602996826 -0.08181591331958771
v -0.446036696434021 -0.49556562304496765 -0.11845669150352478
v -0.446036696434021 -0.4990372955799103 -0.15507268905639648
v -0.446036696434021 -0.502792477607727 -0.1916602998971939
v -0.446036696434021 -0.5068307518959045 -0.2282833307981491
v -0.446036696434021 -0.5111528038978577 -0.2648107707500458
v -0.446036696434021 -0.5157582759857178 -0.3013027310371399
v -0.446036696434021 -0.5206114649772644 -0.33776283264160156
v -0.446036696434021 -0.5257835388183594 -0.3741804361343384
v -0.446036696434021 -0.53120356798172 -0.4105589985847473
v -0.446036696434021 -0.5368719696998596 -0.4468986690044403
v -0.446036696434021 -0.542858898639679 -0.48318877816200256
v -0.446036696434021 -0.5131011605262756 0.285808265209198
v -0.446036696434021 -0.5135264992713928 0.24930919706821442
v -0.446036696434021 -0.5141994953155518 0.21281437575817108
v -0.446036696434021 -0.515191376209259 0.17632558941841125
v -0.446036696434021 -0.5164312720298767 0.13984565436840057
v -0.446036696434021 -0.5179546475410461 0.10337598621845245
v -0.446036696434021 -0.5197610855102539 0.06691908091306686
v -0.446036696434021 -0.521815836429596 0.030476704239845276
v -0.446036696434021 -0.5241895914077759 -0.005949036683887243
v -0.446036696434021 -0.526810884475708 -0.042355265468358994
v -0.446036696434021 -0.5297157168388367 -0.07874096930027008
v -0.446036696434021 -0.5329042673110962 -0.11511607468128204
v -0.446036696434021 -0.5363405346870422 -0.1514698565006256
v -0.446036696434021 -0.5400956869125366 -0.18780243396759033
v -0.446036696434021 -0.5440987944602966 -0.2241385579109192
v -0.446036696434021 -0.5483850240707397 -0.26038607954978943
v -0.446036696434021 -0.5529550909996033 -0.2966017425060272
v -0.446036696434021 -0.5577731132507324 -0.33278197050094604
v -0.446036696434021 -0.562909722328186 -0.36892324686050415
v -0.446036696434021 -0.5682588219642639 -0.40502551198005676
v -0.446036696434021 -0.5739271640777588 -0.4410889148712158
v -0.446036696434021 -0.5798431634902954 -0.4771025776863098
v -0.446036696434021 -0.5506168603897095 0.28608742356300354
v -0.446036696434021 -0.5510067343711853 0.2498674988746643
v -0.446036696434021 -0.5517151951789856 0.2136518359184265
v -0.446036696434021 -0.5526716113090515 0.17744219303131104
v -0.446036696434021 -0.5539115071296692 0.14124107360839844
v -0.446036696434021 -0.5553994178771973 0.10505056381225586
v -0.446036696434021 -0.5572062134742737 0.06887245923280716
v -0.446036696434021 -0.5592609643936157 0.03270886838436127
v -0.446036696434021 -0.5615988373756409 -0.0034377044066786766
v -0.446036696434021 -0.5641850829124451 -0.03956728056073189
v -0.446036696434021 -0.567089855670929 -0.07567312568426132
v -0.446036696434021 -0.5702430009841919 -0.1117825135588646
v -0.446036696434021 -0.5736792087554932 -0.1478741616010666
v -0.446036696434021 -0.5773988962173462 -0.18393748998641968
v -0.446036696434021 -0.5813665390014648 -0.21998310089111328
v -0.446036696434021 -0.5856176614761353 -0.25595787167549133
v -0.446036696434021 -0.590151846408844 -0.29189369082450867
v -0.446036696434021 -0.5949344038963318 -0.3277975916862488
v -0.446036696434021 -0.6000003814697266 -0.3636625409126282
v -0.446036696434021 -0.6053495407104492 -0.3994884788990021
v -0.446036696434021 -0.6109824180603027 -0.43527552485466003
v -0.446036696434021 -0.616862952709198 -0.47101643681526184
v -0.446036696434021 -0.5880974531173706 0.28636622428894043
v -0.446036696434021 -0.5884869694709778 0.25042474269866943
v -0.446036696434021 -0.5891954302787781 0.21448788046836853
v -0.446036696434021 -0.5901167392730713 0.17855703830718994
v -0.446036696434021 -0.591356635093689 0.14263437688350677
v -0.446036696434021 -0.5928444862365723 0.10672230273485184
v -0.446036696434021 -0.5946509838104248 0.07082229852676392
v -0.446036696434021 -0.5966702699661255 0.03493750840425491
v -0.446036696434021 -0.5990085005760193 -0.0009313344489783049
v -0.446036696434021 -0.6015943884849548 -0.036782801151275635
v -0.446036696434021 -0.6044639945030212 -0.07261233031749725
v -0.446036696434021 -0.6075813174247742 -0.10845604538917542
v -0.446036696434021 -0.6109824180603027 -0.14427493512630463
v -0.446036696434021 -0.6146666407585144 -0.18006548285484314
v -0.446036696434021 -0.6186342835426331 -0.21582414209842682
v -0.446036696434021 -0.6228498816490173 -0.25151902437210083
v -0.446036696434021 -0.6273490190505981 -0.2871820628643036
v -0.446036696434021 -0.6320960521697998 -0.3228096663951874
v -0.446036696434021 -0.6371265649795532 -0.3583982586860657
v -0.446036696434021 -0.6424401998519897 -0.39394789934158325
v -0.446036696434021 -0.6480021476745605 -0.4294586777687073
v -0.446036696434021 -0.6538472175598145 -0.464923232793808
v -0.446036696434021 -0.6255776882171631 0.28664430975914
v -0.446036696434021 -0.6260026693344116 0.25098130106925964
v -0.446036696434021 -0.6266760230064392 0.21532216668128967
v -0.446036696434021 -0.6275969743728638 0.17966940999031067
v -0.446036696434021 -0.6288368701934814 0.14402517676353455
v -0.446036696434021 -0.6303247213363647 0.10839086025953293
v -0.446036696434021 -0.6320605874061584 0.0727689191699028
v -0.446036696434021 -0.6341153383255005 0.03716152533888817
v -0.446036696434021 -0.6364181041717529 0.0015704325633123517
v -0.446036696434021 -0.6389685273170471 -0.0340019091963768
v -0.446036696434021 -0.6418027281761169 -0.0695551186800003
v -0.446036696434021 -0.6449199914932251 -0.10514017194509506
v -0.446036696434021 -0.6483210921287537 -0.14067919552326202
v -0.446036696434021 -0.651969850063324 -0.17618992924690247
v -0.446036696434021 -0.6559020280838013 -0.21166163682937622
v -0.446036696434021 -0.6600821614265442 -0.24708020687103271
v -0.446036696434021 -0.6645457744598389 -0.28246691823005676
v -0.446036696434021 -0.6692577004432678 -0.3178146183490753
v -0.446036696434021 -0.674252450466156 -0.3531304895877838
v -0.446036696434021 -0.679530918598175 -0.38840386271476746
v -0.446036696434021 -0.6850574016571045 -0.42363816499710083
v -0.446036696434021 -0.6908318400382996 -0.4588300287723541
v -0.446036696434021 -0.6630933880805969 0.28692203760147095
v -0.446036696434021 -0.6634832620620728 0.2515367567539215
v -0.446036696434021 -0.6641562581062317 0.21615538001060486
v -0.446036696434021 -0.6650772094726562 0.18078002333641052
v -0.446036696434021 -0.6662816405296326 0.14541314542293549
v -0.446036696434021 -0.6677694916725159 0.11005620658397675
v -0.446036696434021 -0.6695057153701782 0.07471168041229248
v -0.446036696434021 -0.6715246438980103 0.03938129544258118
v -0.446036696434021 -0.6738274097442627 0.004067575093358755
v -0.446036696434021 -0.6763781309127808 -0.031228430569171906
v -0.446036696434021 -0.6791768670082092 -0.06650497019290924
v -0.446036696434021 -0.6822941303253174 -0.1018349900841713
v -0.446036696434021 -0.6856243014335632 -0.1370835155248642
v -0.446036696434021 -0.6892730593681335 -0.1723036915063858
v -0.446036696434021 -0.693134605884552 -0.20748847723007202
v -0.446036696434021 -0.6973147988319397 -0.24263429641723633
v -0.446036696434021 -0.7017428874969482 -0.27774468064308167
v -0.446036696434021 -0.706419050693512 -0.31281962990760803
v -0.446036696434021 -0.7113785743713379 -0.34785914421081543
v -0.446036696434021 -0.716586172580719 -0.3828597366809845
v -0.446036696434021 -0.7220771312713623 -0.41781777143478394
v -0.446036696434021 -0.7278516292572021 -0.45273324847221375
v -0.8002933859825134 -0.12136423587799072 0.2828332185745239
v -0.8002933859825134 -0.1218247190117836 0.24335910379886627
v -0.8002933859825134 -0.12256865203380585 0.20388925075531006
v -0.8002933859825134 -0.12363151460886002 0.16442681849002838
v -0.8002933859825134 -0.1249774917960167 0.1249728873372078
v -0.8002933859825134 -0.1266072541475296 0.08553067594766617
v -0.8002933859825134 -0.12855561077594757 0.04610190913081169
v -0.8002933859825134 -0.1307874172925949 0.006689425092190504
v -0.8002933859825134 -0.13333815336227417 -0.03270534425973892
v -0.8002933859825134 -0.1362074762582779 -0.07208094000816345
v -0.8002933859825134 -0.1393251121044159 -0.111431784927845
v -0.8002933859825134 -0.14276133477687836 -0.1507578045129776
v -0.8002933859825134 -0.14651648700237274 -0.19005551934242249
v -0.8002933859825134 -0.1505551040172577 -0.22932487726211548
v -0.8002933859825134 -0.15487681329250336 -0.2685658633708954
v -0.8002933859825134 -0.1595177948474884 -0.3077678978443146
v -0.8002933859825134 -0.16444189846515656 -0.34693455696105957
v -0.8002933859825134 -0.16968491673469543 -0.38606569170951843
v -0.8002933859825134 -0.17521105706691742 -0.4251544177532196
v -0.8002933859825134 -0.18102099001407623 -0.464197039604187
v -0.8002933859825134 -0.1871495097875595 -0.5031971335411072
v -0.8002933859825134 -0.19356180727481842 -0.5421512722969055
v -0.7655702233314514 -0.12306460738182068 0.28284597396850586
v -0.7655702233314514 -0.12352509051561356 0.2433849573135376
v -0.7655702233314514 -0.1242690309882164 0.20392821729183197
v -0.7655702233314514 -0.12533189356327057 0.16447854042053223
v -0.7655702233314514 -0.1266781985759735 0.12503772974014282
v -0.7655702233314514 -0.12830764055252075 0.08560825139284134
v -0.7655702233314514 -0.13025598227977753 0.04619260132312775
v -0.7655702233314514 -0.13252326846122742 0.0067928689531981945
v -0.7655702233314514 -0.13503852486610413 -0.0325884073972702
v -0.7655702233314514 -0.13790784776210785 -0.07194989919662476
v -0.7655702233314514 -0.14102548360824585 -0.1112901046872139
v -0.7655702233314514 -0.1444617211818695 -0.15060192346572876
v -0.7655702233314514 -0.1482168734073639 -0.18988901376724243
v -0.7655702233314514 -0.15225547552108765 -0.22914420068264008
v -0.7655702233314514 -0.1565771996974945 -0.26837101578712463
v -0.7655702233314514 -0.16121818125247955 -0.3075624406337738
v -0.7655702233314514 -0.1661422699689865 -0.34671491384506226
v -0.7655702233314514 -0.17134982347488403 -0.38583192229270935
v -0.7655702233314514 -0.17687630653381348 -0.424906462430954
v -0.7655702233314514 -0.1827213615179062 -0.4639384150505066
v -0.7655702233314514 -0.18881474435329437 -0.5029278993606567
v -0.7655702233314514 -0.19522671401500702 -0.5418677926063538
v -0.7311814427375793 -0.1281660795211792 0.2828845679759979
v -0.7311810851097107 -0.12862655520439148 0.2434621900320053
v -0.7311814427375793 -0.12937049567699432 0.2040444016456604
v -0.7311814427375793 -0.13043302297592163 0.1646333485841751
v -0.7311814427375793 -0.13177932798862457 0.12523114681243896
v -0.7311814427375793 -0.13340876996517181 0.08584064990282059
v -0.7311814427375793 -0.13535745441913605 0.04646359384059906
v -0.7311814427375793 -0.1375892609357834 0.0071021453477442265
v -0.7311814427375793 -0.1401396542787552 -0.03224126994609833
v -0.7311814427375793 -0.14297384023666382 -0.07156374305486679
v -0.7311814427375793 -0.1461266130208969 -0.11086142063140869
v -0.7311814427375793 -0.14956317842006683 -0.15013785660266876
v -0.7311814427375793 -0.15328286588191986 -0.18938596546649933
v -0.7311814427375793 -0.15732112526893616 -0.228605717420578
v -0.7311814427375793 -0.16164319217205048 -0.2677900493144989
v -0.7311814427375793 -0.16628383100032806 -0.30694249272346497
v -0.7311814427375793 -0.17120826244354248 -0.34605953097343445
v -0.7311814427375793 -0.17641581594944 -0.38513755798339844
v -0.7311814427375793 -0.181941956281662 -0.42417314648628235
v -0.7311814427375793 -0.1877518892288208 -0.4631696343421936
v -0.7311814427375793 -0.19384527206420898 -0.5021166205406189
v -0.7311814427375793 -0.20025724172592163 -0.5410211682319641
v -0.6974579691886902 -0.13663248717784882 0.28294870257377625
v -0.6974579691886902 -0.137057825922966 0.24359044432640076
v -0.6974579691886902 -0.13780176639556885 0.20423676073551178
v -0.6974579691886902 -0.1388646364212036 0.16488948464393616
v -0.6974579691886902 -0.1402105987071991 0.1255517452955246
v -0.6974579691886902 -0.1418403685092926 0.0862250104546547
v -0.6974579691886902 -0.14378872513771057 0.04691208526492119
v -0.6974579691886902 -0.1460205316543579 0.007614741567522287
v -0.6974579691886902 -0.14857126772403717 -0.0316641665995121
v -0.6974583268165588 -0.15140511095523834 -0.07092255353927612
v -0.6974579691886902 -0.15452276170253754 -0.11016000807285309
v -0.6974583268165588 -0.157958984375 -0.14936913549900055
v -0.6974579691886902 -0.16167865693569183 -0.18855346739292145
v -0.6974583268165588 -0.1657172590494156 -0.22770945727825165
v -0.6974579691886902 -0.17003898322582245 -0.2668300271034241
v -0.6974579691886902 -0.17464450001716614 -0.3059222400188446
v -0.6974579691886902 -0.1795685887336731 -0.3449719548225403
v -0.6974583268165588 -0.18477614223957062 -0.383986234664917
v -0.6974583268165588 -0.19030262529850006 -0.422961562871933
v -0.6974583268165588 -0.19611221551895142 -0.4618908166885376
v -0.6974579691886902 -0.2022055834531784 -0.5007776021957397
v -0.6974579691886902 -0.2085820883512497 -0.5396146774291992
v -0.6647253632545471 -0.14832328259944916 0.28303760290145874
v -0.6647253632545471 -0.14878377318382263 0.24376827478408813
v -0.6647253632545471 -0.14952771365642548 0.2045031487941742
v -0.6647253632545471 -0.1505902260541916 0.1652451455593109
v -0.6647253632545471 -0.15190106630325317 0.12599599361419678
v -0.6647253632545471 -0.15356597304344177 0.08675817400217056
v -0.6647253632545471 -0.15547919273376465 0.047533802688121796
v -0.6647253632545471 -0.157710999250412 0.00832537841051817
v -0.6647253632545471 -0.16026173532009125 -0.03086497262120247
v -0.6647253632545471 -0.16309557855129242 -0.07003334164619446
v -0.6647253632545471 -0.16621321439743042 -0.10918224602937698
v -0.6647250056266785 -0.16961397230625153 -0.14830635488033295
v -0.6647253632545471 -0.17333365976810455 -0.1874021291732788
v -0.6647253632545471 -0.1773722618818283 -0.22646601498126984
v -0.6647253632545471 -0.18169397115707397 -0.2655015289783478
v -0.6647250056266785 -0.18629948794841766 -0.30450165271759033
v -0.6647253632545471 -0.19118811190128326 -0.3434663414955139
v -0.6647253632545471 -0.1963956654071808 -0.38239210844039917
v -0.6647253632545471 -0.20188666880130768 -0.42127883434295654
v -0.6647253632545471 -0.20766112208366394 -0.4601230323314667
v -0.6647253632545471 -0.21375416219234467 -0.49891775846481323
v -0.6647253632545471 -0.22013099491596222 -0.5376698970794678
v -0.633297860622406 -0.16320200264453888 0.2831506133079529
v -0.633297860622406 -0.16366249322891235 0.24399393796920776
v -0.633297860622406 -0.16437095403671265 0.2048414796590805
v -0.633297860622406 -0.16543380916118622 0.16569611430168152
v -0.6332982182502747 -0.1667797863483429 0.12655961513519287
v -0.633297860622406 -0.1684095561504364 0.08743445575237274
v -0.633297860622406 -0.17032243311405182 0.048323094844818115
v -0.633297860622406 -0.17255423963069916 0.009226961061358452
v -0.633297860622406 -0.17506949603557587 -0.02985071763396263
v -0.633297860622406 -0.1779036819934845 -0.06890679895877838
v -0.633297860622406 -0.18102099001407623 -0.10794235020875931
v -0.633297860622406 -0.18442174792289734 -0.14695312082767487
v -0.633297860622406 -0.18814142048358917 -0.18593549728393555
v -0.633297860622406 -0.19214455783367157 -0.22488954663276672
v -0.633297860622406 -0.19643113017082214 -0.26381176710128784
v -0.633297860622406 -0.20103664696216583 -0.30270203948020935
v -0.633297860622406 -0.20592527091503143 -0.34155339002609253
v -0.633297860622406 -0.21113282442092896 -0.38036930561065674
v -0.633297860622406 -0.2165883481502533 -0.41914263367652893
v -0.633297860622406 -0.22236280143260956 -0.4578735828399658
v -0.633297860622406 -0.22845584154129028 -0.4965619444847107
v -0.633297860622406 -0.23479720950126648 -0.5352006554603577
v -0.6034790277481079 -0.18105646967887878 0.2832859456539154
v -0.6034790277481079 -0.18151694536209106 0.24426494538784027
v -0.6034790277481079 -0.1822608858346939 0.20524851977825165
v -0.6034790277481079 -0.18328827619552612 0.16623848676681519
v -0.6034790277481079 -0.18463458120822906 0.12723766267299652
v -0.6034790277481079 -0.1862640082836151 0.08824817836284637
v -0.6034790277481079 -0.18817690014839172 0.04927178844809532
v -0.6034790277481079 -0.19040870666503906 0.010311360470950603
v -0.6034790277481079 -0.19292396306991577 -0.02863101102411747
v -0.6034790277481079 -0.19572266936302185 -0.0675535574555397
v -0.6034790277481079 -0.1988399773836136 -0.10645447671413422
v -0.6034790277481079 -0.20224106311798096 -0.14532706141471863
v -0.6034790277481079 -0.20592527091503143 -0.18417486548423767
v -0.6034790277481079 -0.20992839336395264 -0.22299428284168243
v -0.6034790277481079 -0.2142149806022644 -0.26178184151649475
v -0.6034790277481079 -0.21878467500209808 -0.3005375564098358
v -0.6034790277481079 -0.22363817691802979 -0.3392542600631714
v -0.6034790277481079 -0.22881025075912476 -0.377935528755188
v -0.6034790277481079 -0.2342657744884491 -0.4165743291378021
v -0.6034790277481079 -0.24004022777080536 -0.45517057180404663
v -0.6034790277481079 -0.24609780311584473 -0.4937243163585663
v -0.6034790277481079 -0.2524391710758209 -0.5322284698486328
v -0.5755550861358643 -0.20178058743476868 0.28344324231147766
v -0.5755550861358643 -0.2022055834531784 0.24457916617393494
v -0.5755550861358643 -0.20294952392578125 0.2057196944952011
v -0.5755550861358643 -0.20397691428661346 0.1668669432401657
v -0.5755550861358643 -0.20532289147377014 0.1280234009027481
v -0.5755550861358643 -0.20695266127586365 0.08919084817171097
v -0.5755550861358643 -0.20886553823947906 0.05037141218781471
v -0.5755550861358643 -0.21106186509132385 0.011567892506718636
v -0.5755550861358643 -0.21357713639736176 -0.027217887341976166
v -0.5755550861358643 -0.21637584269046783 -0.06598418205976486
v -0.5755550861358643 -0.21945801377296448 -0.10472572594881058
v -0.5755550861358643 -0.2228587567806244 -0.1434459388256073
v -0.5755550861358643 -0.22654296457767487 -0.1821378618478775
v -0.5755550861358643 -0.2305106222629547 -0.22079789638519287
v -0.5755550861358643 -0.23476172983646393 -0.25942960381507874
v -0.5755550861358643 -0.23933176696300507 -0.2980293929576874
v -0.5755550861358643 -0.2441849261522293 -0.3365902304649353
v -0.5755550861358643 -0.24935699999332428 -0.37511566281318665
v -0.5755550861358643 -0.2547774016857147 -0.41359859704971313
v -0.5755550861358643 -0.26051637530326843 -0.45204246044158936
v -0.5755550861358643 -0.26653847098350525 -0.4904368221759796
v -0.5755550861358643 -0.2728443443775177 -0.5287886261940002
v -0.5497949719429016 -0.22512604296207428 0.2836203873157501
v -0.5497949719429016 -0.22558651864528656 0.24493376910686493
v -0.5497949719429016 -0.22629499435424805 0.20625141263008118
v -0.5497949719429016 -0.22732236981391907 0.16757544875144958
v -0.5497949719429016 -0.22863321006298065 0.12890903651714325
v -0.5497949719429016 -0.2302626371383667 0.09025327116250992
v -0.5497949719429016 -0.2321755290031433 0.05161094292998314
v -0.5497949719429016 -0.23437219858169556 0.012984225526452065
v -0.5497949719429016 -0.2368519902229309 -0.025624439120292664
v -0.5497949719429016 -0.23965035378932953 -0.06421289592981339
v -0.5497949719429016 -0.24273252487182617 -0.10278083384037018
v -0.5497949719429016 -0.24609780311584473 -0.14132042229175568
v -0.5497949719429016 -0.24978233873844147 -0.17983874678611755
v -0.5497949719429016 -0.25371453166007996 -0.21832521259784698
v -0.5497949719429016 -0.257965624332428 -0.2567797601222992
v -0.5497949719429016 -0.26250019669532776 -0.2952024042606354
v -0.5497949719429016 -0.267353355884552 -0.3335861265659332
v -0.5497949719429016 -0.2724548280239105 -0.37193799018859863
v -0.5497949719429016 -0.2778748571872711 -0.4102436900138855
v -0.5497949719429016 -0.28357836604118347 -0.4485105276107788
v -0.5497949719429016 -0.2895653247833252 -0.48673486709594727
v -0.5497949719429016 -0.29587090015411377 -0.5249095559120178
v -0.52644944190979 -0.25088033080101013 0.2838159203529358
v -0.52644944190979 -0.2513408362865448 0.24532450735569
v -0.52644944190979 -0.25204962491989136 0.2068376988172531
v -0.52644944190979 -0.2530766725540161 0.16835729777812958
v -0.52644944190979 -0.2543875277042389 0.12988609075546265
v -0.52644944190979 -0.25598180294036865 0.09142550826072693
v -0.52644944190979 -0.25789469480514526 0.05297873169183731
v -0.52644944190979 -0.26009103655815125 0.014547204598784447
v -0.52644944190979 -0.2625707983970642 -0.023866629227995872
v -0.52644944190979 -0.26533403992652893 -0.062260951846838
v -0.52644944190979 -0.2684161961078644 -0.10063048452138901
v -0.52644944190979 -0.2717460095882416 -0.1389787793159485
v -0.52644944190979 -0.27539509534835815 -0.177302286028862
v -0.52644944190979 -0.27932727336883545 -0.2155938595533371
v -0.52644944190979 -0.28357836604118347 -0.25385358929634094
v -0.52644944190979 -0.2880774736404419 -0.29208144545555115
v -0.52644944190979 -0.2928951382637024 -0.3302738666534424
v -0.52644944190979 -0.2979966104030609 -0.3684273064136505
v -0.52644944190979 -0.30338120460510254 -0.4065453112125397
v -0.52644944190979 -0.30904921889305115 -0.44461727142333984
v -0.52644944190979 -0.3150010406970978 -0.4826467037200928
v -0.52644944190979 -0.3212711215019226 -0.5206301808357239
v -0.5057395696640015 -0.27879583835601807 0.28402775526046753
v -0.5057395696640015 -0.27925631403923035 0.24574822187423706
v -0.5057395696640015 -0.27996477484703064 0.2074732631444931
v -0.5057395696640015 -0.28099218010902405 0.16920466721057892
v -0.5057395696640015 -0.28230300545692444 0.1309453248977661
v -0.5057395696640015 -0.2838973104953766 0.09269656240940094
v -0.5057395696640015 -0.28577470779418945 0.05446130409836769
v -0.5057395696640015 -0.28797104954719543 0.016241246834397316
v -0.5057395696640015 -0.29041534662246704 -0.02196107618510723
v -0.5057395696640015 -0.29317858815193176 -0.06014249473810196
v -0.5057395696640015 -0.29622527956962585 -0.09830302745103836
v -0.5057395696640015 -0.2995554208755493 -0.1364387720823288
v -0.5057395696640015 -0.30320414900779724 -0.17454968392848969
v -0.5057395696640015 -0.3071008622646332 -0.21263229846954346
v -0.5057395696640015 -0.31131651997566223 -0.2506830096244812
v -0.5057395696640015 -0.31581559777259827 -0.2886982858181
v -0.5057395696640015 -0.32059812545776367 -0.3266816735267639
v -0.5057395696640015 -0.32566413283348083 -0.36462610960006714
v -0.5057395696640015 -0.3310132324695587 -0.40253153443336487
v -0.5057395696640015 -0.3366461396217346 -0.4403945505619049
v -0.5057395696640015 -0.342597633600235 -0.4782150089740753
v -0.5057395696640015 -0.348797082901001 -0.515989363193512
v -0.4878673255443573 -0.3086242079734802 0.28425413370132446
v -0.4878673255443573 -0.30904921889305115 0.24620094895362854
v -0.4878673255443573 -0.3097931742668152 0.20815201103687286
v -0.4878673255443573 -0.31078508496284485 0.1701098084449768
v -0.4878673255443573 -0.31209591031074524 0.1320764422416687
v -0.4878673255443573 -0.3136902153491974 0.0940537303686142
v -0.4878673255443573 -0.31556761264801025 0.05604447051882744
v -0.4878673255443573 -0.31772881746292114 0.018050450831651688
v -0.4878673255443573 -0.32017311453819275 -0.01992623135447502
v -0.4878673255443573 -0.3229008913040161 -0.05788234993815422
v -0.4878673255443573 -0.3259475827217102 -0.09581615030765533
v -0.4878673255443573 -0.3292773962020874 -0.13372869789600372
v -0.4878673255443573 -0.3328554928302765 -0.1716129183769226
v -0.4878673255443573 -0.3367522060871124 -0.2094687670469284
v -0.4878673255443573 -0.34093236923217773 -0.2472963035106659
v -0.4878673255443573 -0.3453959822654724 -0.2850884199142456
v -0.4878673255443573 -0.35014307498931885 -0.32284507155418396
v -0.4878673255443573 -0.3552090525627136 -0.36056631803512573
v -0.4878673255443573 -0.3605230152606964 -0.3982485830783844
v -0.4878673255443573 -0.3661201000213623 -0.4358883798122406
v -0.4878673255443573 -0.3720361292362213 -0.4734821319580078
v -0.4878673255443573 -0.37820011377334595 -0.511033296585083
v -0.47300273180007935 -0.34004688262939453 0.284492552280426
v -0.47300273180007935 -0.34047189354896545 0.24667777121067047
v -0.47300273180007935 -0.3412158191204071 0.20886725187301636
v -0.47300273180007935 -0.34220775961875916 0.17106345295906067
v -0.47300273180007935 -0.3434831202030182 0.1332685351371765
v -0.47300273180007935 -0.34507739543914795 0.09548421204090118
v -0.47300273180007935 -0.3469548225402832 0.05771302431821823
v -0.47300273180007935 -0.34908053278923035 0.019957059994339943
v -0.47300273180007935 -0.35152485966682434 -0.017781546339392662
v -0.47300273180007935 -0.3542526066303253 -0.05550176277756691
v -0.47300273180007935 -0.35726383328437805 -0.09319818019866943
v -0.47300273180007935 -0.3605581521987915 -0.13086985051631927
v -0.47300273180007935 -0.364136278629303 -0.16851669549942017
v -0.47300273180007935 -0.36799752712249756 -0.20613524317741394
v -0.47300273180007935 -0.3721425533294678 -0.24372540414333344
v -0.47300273180007935 -0.37660616636276245 -0.28128013014793396
v -0.47300273180007935 -0.38131776452064514 -0.31880298256874084
v -0.47300273180007935 -0.3863128125667572 -0.3562869131565094
v -0.47300273180007935 -0.39162677526474 -0.39373183250427246
v -0.47300273180007935 -0.3971883952617645 -0.43113428354263306
v -0.47300273180007935 -0.40306925773620605 -0.46849772334098816
v -0.47300273180007935 -0.40919777750968933 -0.5058115720748901
v -0.46129101514816284 -0.37278005480766296 0.2847408950328827
v -0.46129101514816284 -0.37320539355278015 0.2471744567155838
v -0.46129101514816284 -0.37391385436058044 0.20961259305477142
v -0.46129101514816284 -0.3749057948589325 0.1720571517944336
v -0.46129101514816284 -0.3762162923812866 0.13451020419597626
v -0.46129101514816284 -0.377775102853775 0.096974216401577
v -0.46129101514816284 -0.3796173632144928 0.05945100635290146
v -0.46129101514816284 -0.3817782402038574 0.021943021565675735
v -0.46129101514816284 -0.38418707251548767 -0.015547607094049454
v -0.46129101514816284 -0.38687971234321594 -0.05301838740706444
v -0.46129101514816284 -0.3898905813694 -0.09046687185764313
v -0.46129101514816284 -0.3931497633457184 -0.12789411842823029
v -0.46129101514816284 -0.39672788977622986 -0.16529297828674316
v -0.46129101514816284 -0.40055400133132935 -0.20266704261302948
v -0.46129101514816284 -0.4046986997127533 -0.24000923335552216
v -0.46129101514816284 -0.40909135341644287 -0.27731603384017944
v -0.46129101514816284 -0.41376781463623047 -0.3145909011363983
v -0.46129101514816284 -0.4187625050544739 -0.3518303334712982
v -0.46129101514816284 -0.42400553822517395 -0.38902735710144043
v -0.46129101514816284 -0.42956748604774475 -0.42618528008461
v -0.46129101514816284 -0.43537741899490356 -0.4633007347583771
v -0.46129101514816284 -0.4414704740047455 -0.5003701448440552
v -0.45284196734428406 -0.4065054953098297 0.2849966585636139
v -0.45284196734428406 -0.40693050622940063 0.24768635630607605
v -0.45284196734428406 -0.4076389670372009 0.21038027107715607
v -0.45284196734428406 -0.4086308777332306 0.17308059334754944
v -0.45284196734428406 -0.4099062383174896 0.1357894092798233
v -0.45284196734428406 -0.411465048789978 0.09850885719060898
v -0.45284196734428406 -0.41330698132514954 0.06124142184853554
v -0.45284196734428406 -0.41543272137641907 0.023988844826817513
v -0.45284196734428406 -0.4178415536880493 -0.01324637234210968
v -0.45284196734428406 -0.42053383588790894 -0.05046423524618149
v -0.45284196734428406 -0.42347410321235657 -0.08765760064125061
v -0.45284196734428406 -0.4267333149909973 -0.12482622265815735
v -0.45284196734428406 -0.43027594685554504 -0.16197359561920166
v -0.45284196734428406 -0.43410205841064453 -0.19908905029296875
v -0.45284196734428406 -0.4381757974624634 -0.23617620766162872
v -0.45284196734428406 -0.4425688087940216 -0.2732314467430115
v -0.45284196734428406 -0.4472094476222992 -0.3102547824382782
v -0.45284196734428406 -0.4521690309047699 -0.3472391963005066
v -0.45284196734428406 -0.4573765695095062 -0.3841846287250519
v -0.45284196734428406 -0.46290305256843567 -0.4210875332355499
v -0.45284196734428406 -0.46867749094963074 -0.45795145630836487
v -0.45284196734428406 -0.4747350811958313 -0.4947693347930908
v -0.44774067401885986 -0.44090357422828674 0.2852577567100525
v -0.44774067401885986 -0.44132891297340393 0.248208150267601
v -0.44774067401885986 -0.44200190901756287 0.21116285026073456
v -0.44774067401885986 -0.44299381971359253 0.17412424087524414
v -0.44774067401885986 -0.44426918029785156 0.13709379732608795
v -0.44774067401885986 -0.44582799077033997 0.10007397085428238
v -0.44774067401885986 -0.4476344585418701 0.06306726485490799
v -0.44774067401885986 -0.44976016879081726 0.026075420901179314
v -0.44774067401885986 -0.45213353633880615 -0.010899760760366917
v -0.44774067401885986 -0.45479071140289307 -0.04785686731338501
v -0.44774067401885986 -0.45776644349098206 -0.08478815108537674
v -0.44774067401885986 -0.46099016070365906 -0.12170170247554779
v -0.44774067401885986 -0.46449732780456543 -0.15858690440654755
v -0.44774067401885986 -0.4682876169681549 -0.19544373452663422
v -0.44774067401885986 -0.4723617136478424 -0.23227228224277496
v -0.44774067401885986 -0.47668376564979553 -0.2690689265727997
v -0.44774067401885986 -0.4813244044780731 -0.3058301508426666
v -0.44774067401885986 -0.4862484931945801 -0.3425559401512146
v -0.44774067401885986 -0.49142059683799744 -0.37924274802207947
v -0.44774067401885986 -0.4968761205673218 -0.415890634059906
v -0.44774067401885986 -0.5026150941848755 -0.4524923861026764
v -0.44774067401885986 -0.508637547492981 -0.48905518651008606
v -0.8849776983261108 -0.19441182911396027 -0.5472277402877808
v -0.8555910587310791 -0.1941283792257309 -0.5455980896949768
v -0.8326886892318726 -0.1930658519268036 -0.5393738150596619
v -0.8898242712020874 -0.18906272947788239 -0.5150364637374878
v -0.8656919598579407 -0.18920427560806274 -0.5159008502960205
v -0.8486809730529785 -0.18934617936611176 -0.5169281363487244
v -0.8262635469436646 -0.18909819424152374 -0.5152242183685303
v -0.8477056622505188 -0.18605150282382965 -0.4964769184589386
v -0.8687592148780823 -0.18466971814632416 -0.4877905547618866
v -0.8920213580131531 -0.18403220176696777 -0.4835323691368103
v -0.8243849873542786 -0.18399673700332642 -0.483504056930542
v -0.8471746444702148 -0.18155242502689362 -0.4676368832588196
v -0.8696873188018799 -0.17999359965324402 -0.4573881924152374
v -0.8928875923156738 -0.17910811305046082 -0.4514862895011902
v -0.8238181471824646 -0.17864762246608734 -0.4485849440097809
v -0.8469557166099548 -0.17662832140922546 -0.4350062608718872
v -0.8699731826782227 -0.17517592012882233 -0.42504453659057617
v -0.893208920955658 -0.17429009079933167 -0.418721079826355
v -0.8236438035964966 -0.17333365976810455 -0.41226300597190857
v -0.8468766808509827 -0.1717042177915573 -0.40059736371040344
v -0.8700649738311768 -0.17042885720729828 -0.3915177583694458
v -0.8933250904083252 -0.16957850754261017 -0.38544222712516785
v -0.8235899806022644 -0.16819705069065094 -0.37529632449150085
v -0.8468508124351501 -0.16688621044158936 -0.3653417229652405
v -0.8700968027114868 -0.16582335531711578 -0.35736382007598877
v -0.8933672904968262 -0.16507941484451294 -0.3518516421318054
v -0.8235737085342407 -0.16330808401107788 -0.3380214273929596
v -0.8468430638313293 -0.16224557161331177 -0.32968226075172424
v -0.8701085448265076 -0.16139520704746246 -0.32288050651550293
v -0.8933824896812439 -0.16079282760620117 -0.31809094548225403
v -0.8235687017440796 -0.15863196551799774 -0.3005906641483307
v -0.8468412756919861 -0.15785256028175354 -0.29382437467575073
v -0.8701127767562866 -0.1571795642375946 -0.2882341742515564
v -0.8933881521224976 -0.15671908855438232 -0.28423818945884705
v -0.8235669732093811 -0.15427477657794952 -0.2630749046802521
v -0.8468406200408936 -0.15367239713668823 -0.2578602433204651
v -0.8701148629188538 -0.1531764417886734 -0.2534993290901184
v -0.8933902382850647 -0.15282204747200012 -0.2503252327442169
v -0.8235666155815125 -0.15016523003578186 -0.22550244629383087
v -0.8468406200408936 -0.14974021911621094 -0.2218358963727951
v -0.8701156377792358 -0.14942128956317902 -0.21871133148670197
v -0.8933905959129333 -0.149173304438591 -0.21637676656246185
v -0.8235666155815125 -0.14630398154258728 -0.18789099156856537
v -0.8933905959129333 -0.1457725614309311 -0.18240003287792206
v -0.8468406200408936 -0.14609114825725555 -0.18577253818511963
v -0.8701156377792358 -0.14591410756111145 -0.18388789892196655
v -0.8933905959129333 -0.1425488293170929 -0.14839491248130798
v -0.8701156377792358 -0.14261944591999054 -0.14903613924980164
v -0.8468406200408936 -0.14269039034843445 -0.1496773362159729
v -0.8235666155815125 -0.142725870013237 -0.15025125443935394
v -0.8933916687965393 -0.1395730972290039 -0.1144004762172699
v -0.8701159954071045 -0.1395730972290039 -0.11417019367218018
v -0.8468406200408936 -0.1395021378993988 -0.11356089264154434
v -0.8235666155815125 -0.1394311934709549 -0.11258666962385178
v -0.8933913111686707 -0.13680985569953918 -0.08034223318099976
v -0.8701156377792358 -0.13673891127109528 -0.07927235960960388
v -0.8468406200408936 -0.13659735023975372 -0.07741961628198624
v -0.8235666155815125 -0.13641998171806335 -0.0748937577009201
v -0.8933905959129333 -0.13429459929466248 -0.04628043994307518
v -0.8701156377792358 -0.13415269553661346 -0.04436038061976433
v -0.8468406200408936 -0.133940190076828 -0.0412570983171463
v -0.8235666155815125 -0.13365674018859863 -0.03718314692378044
v -0.8933905959129333 -0.13199183344841003 -0.012205195613205433
v -0.8701156377792358 -0.13181480765342712 -0.009431716986000538
v -0.8468406200408936 -0.13153135776519775 -0.005078619811683893
v -0.8235666155815125 -0.13117694854736328 0.0005501602427102625
v -0.8933905959129333 -0.1299019306898117 0.021883497014641762
v -0.8701156377792358 -0.1296890825033188 0.025512147694826126
v -0.8468406200408936 -0.12937049567699432 0.031115779653191566
v -0.8235666155815125 -0.1289806216955185 0.03829869255423546
v -0.8933905959129333 -0.12805965542793274 0.055985305458307266
v -0.8701156377792358 -0.12781167030334473 0.06046948581933975
v -0.8468406200408936 -0.127492755651474 0.06732470542192459
v -0.8235687017440796 -0.12706774473190308 0.07606033980846405
v -0.8933892250061035 -0.12639474868774414 0.09009844809770584
v -0.8701092004776001 -0.12618224322795868 0.09543851763010025
v -0.8468412756919861 -0.1258278489112854 0.10352831333875656
v -0.8235772848129272 -0.12540283799171448 0.11380743235349655
v -0.8933548331260681 -0.12501296401023865 0.12422151863574982
v -0.8700599670410156 -0.12476498633623123 0.13036078214645386
v -0.8468371033668518 -0.12444605678319931 0.13958740234375
v -0.8236105442047119 -0.12402105331420898 0.151411771774292
v -0.8931968212127686 -0.12380854785442352 0.15825921297073364
v -0.8698973655700684 -0.12359604239463806 0.164912149310112
v -0.8468547463417053 -0.1233125850558281 0.17500562965869904
v -0.8927983045578003 -0.12285210192203522 0.19185054302215576
v -0.8237543702125549 -0.12295819073915482 0.18849287927150726
v -0.8695257902145386 -0.1227102130651474 0.19830898940563202
v -0.8470169901847839 -0.12246222794055939 0.2086394727230072
v -0.8918892741203308 -0.12214364111423492 0.22455373406410217
v -0.8242999315261841 -0.12214364111423492 0.22418780624866486
v -0.8685668110847473 -0.12203722447156906 0.2294818013906479
v -0.8475387692451477 -0.12189566344022751 0.23823833465576172
v -0.8897152543067932 -0.12164768576622009 0.2564091980457306
v -0.8655446171760559 -0.12161221355199814 0.25792577862739563
v -0.8261898756027222 -0.12164768576622009 0.2566320300102234
v -0.8485481142997742 -0.12161221355199814 0.2590484321117401
v -0.8326267004013062 -0.12139970809221268 0.28127235174179077
v -0.8849295973777771 -0.12132875621318817 0.28866109251976013
v -0.8555297255516052 -0.12132875621318817 0.28746935725212097
v 0.10495287925004959 0.11329547315835953 -0.26070138812065125
v 0.12173755466938019 0.11648371815681458 -0.23018570244312286
v 0.08926638215780258 0.10985924303531647 -0.2917838394641876
v 0.07484814524650574 0.10621017217636108 -0.3234650492668152
v 0.061779607087373734 0.10227799415588379 -0.3557271957397461
v 0.0501103401184082 0.09806235134601593 -0.3885561227798462
v 0.03987235575914383 0.09359873831272125 -0.42182081937789917
v 0.0310407355427742 0.08888714760541916 -0.4554787576198578
v 0.023558810353279114 0.0838920995593071 -0.4894697368144989
v 0.01735934615135193 0.07861360162496567 -0.5237192511558533
v 0.012364299967885017 0.07312259823083878 -0.5581458806991577
v 0.008435663767158985 0.06738361716270447 -0.5926681756973267
v 0.057177815586328506 0.10978829860687256 -0.29259154200553894
v 0.07203532755374908 0.11322452127933502 -0.26137444376945496
v 0.043432656675577164 0.10610409080982208 -0.32431524991989136
v 0.08778560161590576 0.11644824594259262 -0.23059310019016266
v 0.030916746705770493 0.10217190533876419 -0.35655611753463745
v 0.019686847925186157 0.09795626997947693 -0.38930007815361023
v 0.009742872789502144 0.09349232167005539 -0.4224868714809418
v 0.0010210535256192088 0.0887807235121727 -0.4560526907444
v -0.006595504004508257 0.08382115513086319 -0.4899408519268036
v -0.013230704702436924 0.07857812941074371 -0.5240769982337952
v -0.019029907882213593 0.07308712601661682 -0.5583832859992981
v -0.024148941040039062 0.06734848022460938 -0.5927815437316895
v 0.024469302967190742 0.10971734672784805 -0.29309460520744324
v 0.011336996220052242 0.10603314638137817 -0.3248608112335205
v 0.038597073405981064 0.11318904906511307 -0.2617747485637665
v -0.0006652177544310689 0.10210096091032028 -0.357101708650589
v 0.05351126194000244 0.11641277372837067 -0.23081983625888824
v -0.01148775964975357 0.09788532555103302 -0.3898066580295563
v -0.021159010007977486 0.0934571847319603 -0.42294028401374817
v -0.029788680374622345 0.0887455865740776 -0.4564494788646698
v -0.03753623738884926 0.08375054597854614 -0.49027034640312195
v -0.04457533359527588 0.07854299247264862 -0.5243285298347473
v -0.05106179788708687 0.07305198907852173 -0.5585533380508423
v -0.05714436620473862 0.06734848022460938 -0.5928665995597839
v -0.008632458746433258 0.1096818745136261 -0.29340633749961853
v -0.021201493218541145 0.10599766671657562 -0.3252114951610565
v 0.004854079335927963 0.11315357685089111 -0.262015700340271
v -0.03272194042801857 0.10206548869609833 -0.35745948553085327
v -0.043161872774362564 0.09784985333681107 -0.39014679193496704
v 0.019056258723139763 0.11641277372837067 -0.23095092177391052
v -0.05257796496152878 0.09338623285293579 -0.42325201630592346
v -0.06112266704440117 0.0886746421456337 -0.4567221999168396
v -0.06899776309728622 0.08371507376432419 -0.490493506193161
v -0.0764017328619957 0.07850752025842667 -0.5245056748390198
v -0.08349040150642395 0.07301651686429977 -0.5586737394332886
v -0.09037721157073975 0.06731300801038742 -0.5929268002510071
v -0.04197510704398155 0.1096818745136261 -0.29360827803611755
v -0.05401625484228134 0.10596219450235367 -0.3254382312297821
v -0.02906949259340763 0.11315357685089111 -0.26216447353363037
v -0.06508322805166245 0.10203000903129578 -0.35769686102867126
v -0.07515829056501389 0.09781437367200851 -0.3903770446777344
v -0.01549089141190052 0.11641277372837067 -0.2310323864221573
v -0.08433358371257782 0.09338623285293579 -0.4234645962715149
v -0.0928003266453743 0.0886746421456337 -0.4569099545478821
v -0.10079231858253479 0.08367959409952164 -0.4906529486179352
v -0.10852931439876556 0.07847204804420471 -0.5246296525001526
v -0.11615997552871704 0.07301651686429977 -0.55876225233078
v -0.12374460697174072 0.06731300801038742 -0.5929728150367737
v -0.0754559338092804 0.109646737575531 -0.2937428951263428
v -0.08700112253427505 0.10596219450235367 -0.32559409737586975
v -0.0976359099149704 0.10199453681707382 -0.3578597903251648
v -0.06309585273265839 0.11311843991279602 -0.2622636556625366
v -0.10736028850078583 0.09781437367200851 -0.3905399739742279
v -0.05009463056921959 0.11641277372837067 -0.23108550906181335
v -0.11630170047283173 0.09335076063871384 -0.423616886138916
v -0.12468694150447845 0.08863916993141174 -0.4570481479167938
v -0.1327923685312271 0.08367959409952164 -0.4907698631286621
v -0.14084456861019135 0.07847204804420471 -0.5247218012809753
v -0.14897829294204712 0.07301651686429977 -0.5588225722312927
v -0.15719705820083618 0.06731300801038742 -0.5930047631263733
v -0.10901817679405212 0.109646737575531 -0.2938385307788849
v -0.12008160352706909 0.10592672228813171 -0.32570746541023254
v -0.13029484450817108 0.10199453681707382 -0.3579837679862976
v -0.09717534482479095 0.11311843991279602 -0.2623344957828522
v -0.13967908918857574 0.09777890145778656 -0.3906604051589966
v -0.08473029732704163 0.11637729406356812 -0.23112449049949646
v -0.14839380979537964 0.09335076063871384 -0.4237303137779236
v -0.15670464932918549 0.08863916993141174 -0.4571473002433777
v -0.16491632163524628 0.08367959409952164 -0.49085837602615356
v -0.1732732653617859 0.07843657582998276 -0.5247890949249268
v -0.18187810480594635 0.07298104465007782 -0.5588721632957458
v -0.1906956136226654 0.06731300801038742 -0.5930296182632446
v -0.14262299239635468 0.109646737575531 -0.2939164936542511
v -0.15321876108646393 0.10592672228813171 -0.3257995545864105
v -0.13129030168056488 0.11311843991279602 -0.26239120960235596
v -0.16301754117012024 0.10195906460285187 -0.3580794334411621
v -0.11937660723924637 0.11637729406356812 -0.23115283250808716
v -0.1720687597990036 0.09777890145778656 -0.39075610041618347
v -0.1805567890405655 0.09331528842449188 -0.42382240295410156
v -0.1887967586517334 0.08860369771718979 -0.45723235607147217
v -0.19711467623710632 0.08364412188529968 -0.4909292161464691
v -0.20576563477516174 0.07843657582998276 -0.5248457789421082
v -0.21483108401298523 0.07298104465007782 -0.5589110851287842
v -0.22422243654727936 0.06731300801038742 -0.5930507779121399
v -0.1762525588274002 0.10961126536130905 -0.2939838171005249
v -0.186387836933136 0.10592672228813171 -0.32587751746177673
v -0.16541936993598938 0.11311843991279602 -0.2624407708644867
v -0.19577917456626892 0.10195906460285187 -0.35816094279289246
v -0.15403355658054352 0.11637729406356812 -0.23118115961551666
v -0.20449389517307281 0.09777890145778656 -0.39083752036094666
v -0.21276579797267914 0.09331528842449188 -0.4239003360271454
v -0.22093139588832855 0.08860369771718979 -0.4573032259941101
v -0.22935207188129425 0.08364412188529968 -0.49098944664001465
v -0.23829352855682373 0.07843657582998276 -0.5248917937278748
v -0.2478124052286148 0.07298104465007782 -0.5589430332183838
v -0.20989276468753815 0.10961126536130905 -0.29404401779174805
v -0.219571053981781 0.10589158535003662 -0.32594484090805054
v -0.1995590776205063 0.11311843991279602 -0.2624868154525757
v -0.22855500876903534 0.10195906460285187 -0.35823529958724976
v -0.25776347517967224 0.06731300801038742 -0.593068540096283
v -0.1886940449476242 0.11637729406356812 -0.2312024086713791
v -0.2369437962770462 0.0977434292435646 -0.39091193675994873
v -0.24499604105949402 0.09331528842449188 -0.4239712059497833
v -0.25308728218078613 0.08860369771718979 -0.4573669731616974
v -0.26161423325538635 0.08364412188529968 -0.4910425841808319
v -0.27084261178970337 0.07843657582998276 -0.5249342918395996
v -0.28080788254737854 0.07298104465007782 -0.5589748620986938
v -0.24354006350040436 0.10961126536130905 -0.29410070180892944
v -0.25276488065719604 0.10589158535003662 -0.32601216435432434
v -0.23369883000850677 0.11311843991279602 -0.2625293433666229
v -0.2613449692726135 0.10195906460285187 -0.3583061695098877
v -0.2233545035123825 0.11637729406356812 -0.23122723400592804
v -0.2694043219089508 0.0977434292435646 -0.39098280668258667
v -0.29131513833999634 0.06731300801038742 -0.5930827260017395
v -0.2772369384765625 0.09327981621026993 -0.42403852939605713
v -0.28525733947753906 0.08860369771718979 -0.4574272036552429
v -0.2938905656337738 0.08364412188529968 -0.4910956919193268
v -0.3034023344516754 0.07843657582998276 -0.5249768495559692
v -0.31381040811538696 0.07298104465007782 -0.5590032339096069
v -0.27719444036483765 0.10961126536130905 -0.29415738582611084
v -0.28595876693725586 0.10589158535003662 -0.3260759115219116
v -0.26784560084342957 0.11308296769857407 -0.26257187128067017
v -0.2941385507583618 0.10192392766475677 -0.3583734929561615
v -0.25801852345466614 0.11637729406356812 -0.2312520295381546
v -0.3018719553947449 0.0977434292435646 -0.3910536468029022
v -0.30948492884635925 0.09327981621026993 -0.4241023063659668
v -0.3248738646507263 0.06731300801038742 -0.5930968523025513
v -0.3174344599246979 0.08856821805238724 -0.4574838876724243
v -0.3261704444885254 0.08360864967107773 -0.49114537239074707
v -0.3359691798686981 0.07843657582998276 -0.5250158309936523
v -0.3468236029148102 0.07298104465007782 -0.5590279698371887
v -0.310845285654068 0.10961126536130905 -0.2942104935646057
v -0.3019888401031494 0.11308296769857407 -0.2626107931137085
v -0.31915968656539917 0.10589158535003662 -0.3261396884918213
v -0.32693561911582947 0.10192392766475677 -0.3584407866001129
v -0.29268255829811096 0.11637729406356812 -0.23127326369285583
v -0.3343431353569031 0.0977434292435646 -0.391120970249176
v -0.3417400121688843 0.09327981621026993 -0.4241660535335541
v -0.3496151268482208 0.08856821805238724 -0.45754408836364746
v -0.3584325611591339 0.06731300801038742 -0.5931110382080078
v -0.3584538400173187 0.08360864967107773 -0.4911949336528778
v -0.36853596568107605 0.0784010961651802 -0.5250547528266907
v -0.3798332214355469 0.07298104465007782 -0.5590563416481018
v -0.3444996476173401 0.10961126536130905 -0.2942671775817871
v -0.3361356556415558 0.11308296769857407 -0.26265332102775574
v -0.35235708951950073 0.10589158535003662 -0.3262034058570862
v -0.3273465633392334 0.11637729406356812 -0.23129451274871826
v -0.3597327172756195 0.10192392766475677 -0.3585081100463867
v -0.3668142855167389 0.09770829230546951 -0.3911847472190857
v -0.3739915192127228 0.09327981621026993 -0.42422983050346375
v -0.3817993402481079 0.08856821805238724 -0.45760077238082886
v -0.3919948637485504 0.06727753579616547 -0.5931252241134644
v -0.3907407820224762 0.08360864967107773 -0.4912409782409668
v -0.40110987424850464 0.0784010961651802 -0.5250937938690186
v -0.37815403938293457 0.1095757931470871 -0.29432034492492676
v -0.37027889490127563 0.11308296769857407 -0.262695848941803
v -0.38555800914764404 0.10585611313581467 -0.32626718282699585
v -0.36201056838035583 0.11637729406356812 -0.2313193380832672
v -0.4128464162349701 0.07298104465007782 -0.5590811371803284
v -0.39252978563308716 0.10192392766475677 -0.3585718870162964
v -0.3992854654788971 0.09770829230546951 -0.3912520706653595
v -0.4062466025352478 0.09324434399604797 -0.4242936074733734
v -0.41398000717163086 0.08856821805238724 -0.45765745639801025
v -0.4255535900592804 0.06727753579616547 -0.5931394100189209
v -0.42302417755126953 0.08360864967107773 -0.4912905693054199
v -0.4336802661418915 0.0784010961651802 -0.5251291394233704
v -0.404425710439682 0.11308296769857407 -0.2627348005771637
v -0.41180843114852905 0.1095757931470871 -0.29437702894210815
v -0.41875892877578735 0.10585611313581467 -0.3263274133205414
v -0.39667460322380066 0.11637729406356812 -0.23134058713912964
v -0.4253268539905548 0.10188845545053482 -0.3586391508579254
v -0.4317566156387329 0.09770829230546951 -0.3913193643093109
v -0.44586312770843506 0.07294557243585587 -0.5591059327125549
v -0.4385016858577728 0.09324434399604797 -0.42435380816459656
v -0.44616425037384033 0.08853274583816528 -0.4577105641365051
v -0.4553146958351135 0.08360864967107773 -0.4913366734981537
v -0.4591158926486969 0.06727753579616547 -0.5931500196456909
v -0.46625059843063354 0.0784010961651802 -0.5251681804656982
v -0.4385725259780884 0.11308296769857407 -0.26277732849121094
v -0.44546282291412354 0.1095757931470871 -0.294430136680603
v -0.43134215474128723 0.11637729406356812 -0.23136182129383087
v -0.45195987820625305 0.10585611313581467 -0.32639116048812866
v -0.4581274688243866 0.10188845545053482 -0.3587064743041992
v -0.46423134207725525 0.09770829230546951 -0.3913831412792206
v -0.4788762927055359 0.07294557243585587 -0.5591342449188232
v -0.47075673937797546 0.09324434399604797 -0.4244175851345062
v -0.4783484637737274 0.08853274583816528 -0.4577672481536865
v -0.4876016676425934 0.08357317745685577 -0.4913862347602844
v -0.49267813563346863 0.06727753579616547 -0.5931641459465027
v -0.49882450699806213 0.0784010961651802 -0.5252035856246948
v -0.47271931171417236 0.11308296769857407 -0.26281630992889404
v -0.47911718487739563 0.1095757931470871 -0.2944833040237427
v -0.46600615978240967 0.11637729406356812 -0.23138666152954102
v -0.48516082763671875 0.10585611313581467 -0.32645493745803833
v -0.490924596786499 0.10188845545053482 -0.3587702512741089
v -0.49670249223709106 0.09767282009124756 -0.3914504647254944
v -0.5030118227005005 0.09324434399604797 -0.4244813621044159
v -0.5118930339813232 0.07294557243585587 -0.5591590404510498
v -0.5105326771736145 0.08853274583816528 -0.4578239321708679
v -0.5198885798454285 0.08357317745685577 -0.4914322793483734
v -0.5262404084205627 0.06727753579616547 -0.5931783318519592
v -0.5313984155654907 0.0784010961651802 -0.5252425074577332
v -0.5068660974502563 0.11308296769857407 -0.2628587782382965
v -0.5006701350212097 0.11634215712547302 -0.23140789568424225
v -0.5127715468406677 0.1095757931470871 -0.2945399880409241
v -0.5183582305908203 0.10582064092159271 -0.32651516795158386
v -0.5237252116203308 0.10188845545053482 -0.3588375449180603
v -0.5291736721992493 0.09767282009124756 -0.3915177583694458
v -0.5352668762207031 0.09320920705795288 -0.42454156279563904
v -0.5449061989784241 0.07294557243585587 -0.5591838955879211
v -0.5427168607711792 0.08853274583816528 -0.4578806757926941
v -0.5521755218505859 0.08357317745685577 -0.49148187041282654
v -0.559806227684021 0.06727753579616547 -0.593189001083374
v -0.5639697909355164 0.07836562395095825 -0.525281548500061
v -0.5410093665122986 0.11304748803377151 -0.26290130615234375
v -0.5353342294692993 0.11634215712547302 -0.23142914474010468
v -0.5464259386062622 0.10954032093286514 -0.29459312558174133
v -0.5515591502189636 0.10582064092159271 -0.32657891511917114
v -0.5565222501754761 0.10185298323631287 -0.3589048683643341
v -0.5616483688354492 0.09767282009124756 -0.39158153533935547
v -0.5675230026245117 0.09320920705795288 -0.4246053397655487
v -0.5779215097427368 0.07294557243585587 -0.5592086315155029
v -0.57490074634552 0.08853274583816528 -0.4579373598098755
v -0.5844628214836121 0.08357317745685577 -0.4915314316749573
v -0.5933667421340942 0.06727753579616547 -0.5932031869888306
v -0.5965419411659241 0.07836562395095825 -0.5253168940544128
v -0.5699978470802307 0.11634215712547302 -0.23145392537117004
v -0.575157642364502 0.11304748803377151 -0.262943834066391
v -0.5800818204879761 0.10954032093286514 -0.29464977979660034
v -0.5847607851028442 0.10582064092159271 -0.32664623856544495
v -0.589321494102478 0.10185298323631287 -0.35897573828697205
v -0.5941202640533447 0.09767282009124756 -0.39165231585502625
v -0.599778413772583 0.09320920705795288 -0.42467257380485535
v -0.6070846319198608 0.08849760890007019 -0.45800110697746277
v -0.610935389995575 0.07294557243585587 -0.559237003326416
v -0.6167498230934143 0.08357317745685577 -0.4915846586227417
v -0.6269282698631287 0.06727753579616547 -0.5932172536849976
v -0.6291105151176453 0.07836562395095825 -0.5253595113754272
v -0.6046618819236755 0.11634215712547302 -0.2314787656068802
v -0.6093037128448486 0.11304748803377151 -0.2629898488521576
v -0.6137365102767944 0.10954032093286514 -0.29471355676651
v -0.6179613471031189 0.10582064092159271 -0.32672420144081116
v -0.6221203207969666 0.10185298323631287 -0.3590642809867859
v -0.6265931725502014 0.0976373478770256 -0.39174801111221313
v -0.6320342421531677 0.09320920705795288 -0.42476826906204224
v -0.6392667293548584 0.08849760890007019 -0.45809319615364075
v -0.6439428925514221 0.07294557243585587 -0.5592617988586426
v -0.6490265130996704 0.08353770524263382 -0.49166253209114075
v -0.6604835391044617 0.06727753579616547 -0.5932279229164124
v -0.6393262147903442 0.11634215712547302 -0.23151063919067383
v -0.643450140953064 0.11304748803377151 -0.2630571722984314
v -0.6473916172981262 0.10954032093286514 -0.2948163151741028
v -0.6616564393043518 0.07836562395095825 -0.5254161357879639
v -0.6511622667312622 0.10578516125679016 -0.3268517255783081
v -0.6549195647239685 0.10181751102209091 -0.3592166304588318
v -0.6590660810470581 0.0976373478770256 -0.39191803336143494
v -0.6642864346504211 0.09317372739315033 -0.4249524772167206
v -0.6714310646057129 0.08846213668584824 -0.4582667350769043
v -0.6769188642501831 0.07294557243585587 -0.5592901706695557
v -0.6812542676925659 0.08353770524263382 -0.49180424213409424
v -0.6739909052848816 0.11634215712547302 -0.23157437145709991
v -0.677596926689148 0.11304748803377151 -0.26318827271461487
v -0.6810474395751953 0.10950484126806259 -0.2950146496295929
v -0.6843639612197876 0.10578516125679016 -0.3271138668060303
v -0.687719464302063 0.10178203135728836 -0.35953545570373535
v -0.6940138936042786 0.06727753579616547 -0.5932385325431824
v -0.6941162943840027 0.0783301517367363 -0.525497555732727
v -0.6915362477302551 0.0975663959980011 -0.3922864496707916
v -0.6965166926383972 0.09310278296470642 -0.42533862590789795
v -0.7035221457481384 0.08842666447162628 -0.4586281478404999
v -0.7097904086112976 0.07294557243585587 -0.5593185424804688
v -0.7133255004882812 0.08346708863973618 -0.4920770525932312
v -0.7086556553840637 0.11634215712547302 -0.2317054569721222
v -0.711744487285614 0.11301201581954956 -0.2634574770927429
v -0.7147035002708435 0.10946936905384064 -0.2954255938529968
v -0.7175663113594055 0.10571421682834625 -0.32766300439834595
v -0.7205172181129456 0.10171108692884445 -0.3602014482021332
v -0.7263306379318237 0.0783301517367363 -0.5256322026252747
v -0.7239861488342285 0.0974603146314621 -0.39304104447364807
v -0.7274681329727173 0.06727753579616547 -0.5932314395904541
v -0.7286690473556519 0.09299635887145996 -0.4261215031147003
v -0.7354170083999634 0.08832024037837982 -0.45933660864830017
v -0.7423837780952454 0.07294557243585587 -0.5593185424804688
v -0.7450211644172668 0.08339614421129227 -0.49257656931877136
v -0.7433211207389832 0.11630668491125107 -0.23195698857307434
v -0.7458922863006592 0.11294107139110565 -0.26397472620010376
v -0.7483607530593872 0.10936328768730164 -0.2962014377117157
v -0.75076824426651 0.1055726632475853 -0.3286796808242798
v -0.753302276134491 0.1015695258975029 -0.36143428087234497
v -0.7579834461212158 0.0782950147986412 -0.5258270502090454
v -0.7563775777816772 0.09728294610977173 -0.3944191038608551
v -0.7607268691062927 0.06727753579616547 -0.5931854248046875
v -0.7606485486030579 0.09281933307647705 -0.42753151059150696
v -0.7669202089309692 0.08814321458339691 -0.4605942368507385
v -0.7743415832519531 0.07294557243585587 -0.559226393699646
v -0.7759952545166016 0.0832897201180458 -0.4934515953063965
v -0.7779868841171265 0.11627121269702911 -0.2323891669511795
v -0.7800412178039551 0.1128704622387886 -0.2648391127586365
v -0.7820187211036682 0.10922139137983322 -0.2974802851676941
v -0.7839654088020325 0.10539563000202179 -0.33034467697143555
v -0.7860568761825562 0.10128607600927353 -0.36342519521713257
v -0.7885370254516602 0.07825954258441925 -0.5260963439941406
v -0.7886624336242676 0.09699949622154236 -0.3966367244720459
v -0.7923491597175598 0.09250040352344513 -0.4298093616962433
v -0.7935327291488647 0.06731300801038742 -0.5930012464523315
v -0.7978182435035706 0.08782428503036499 -0.46267369389533997
v -0.8049823045730591 0.07301651686429977 -0.558850884437561
v -0.8058275580406189 0.08304174244403839 -0.4949429929256439
v -0.8126530051231384 0.1162002682685852 -0.2330339550971985
v -0.8141915798187256 0.11272856593132019 -0.2661037743091583
v -0.8171999454498291 0.07818859070539474 -0.5264859199523926
v -0.8156766295433044 0.10900888592004776 -0.2993330955505371
v -0.8171530961990356 0.10507670044898987 -0.33273589611053467
v -0.8187678456306458 0.10093201696872711 -0.3662734031677246
v -0.8208126425743103 0.09657448530197144 -0.39982861280441284
v -0.823718249797821 0.09203992038965225 -0.4331747889518738
v -0.8253400325775146 0.06741909682750702 -0.5924095511436462
v -0.8280001878738403 0.08736380189657211 -0.46592578291893005
v -0.8330344557762146 0.07319355010986328 -0.5577738881111145
v -0.8342148065567017 0.08265221118927002 -0.4975361227989197
v -0.8430677056312561 0.07804703712463379 -0.5273609757423401
v -0.8473212718963623 0.1160941794514656 -0.2338699847459793
v -0.8483443856239319 0.11255153268575668 -0.2677333950996399
v -0.8493359684944153 0.10876090824604034 -0.30170658230781555
v -0.8503314256668091 0.10472230613231659 -0.335782527923584
v -0.8514314293861389 0.10047119110822678 -0.36990806460380554
v -0.85284024477005 0.0960075780749321 -0.403984010219574
v -0.8548130989074707 0.09136693179607391 -0.4377553164958954
v -0.8549062609672546 0.06773801892995834 -0.5906099677085876
v -0.8561493754386902 0.07358342409133911 -0.5552587509155273
v -0.857618510723114 0.08665534108877182 -0.4707791209220886
v -0.8614087104797363 0.08194375038146973 -0.5022265315055847
v -0.8659899830818176 0.07758621871471405 -0.5303686261177063
v -0.8702714443206787 0.0742918848991394 -0.5509331822395325
v -0.8819921016693115 0.1160232350230217 -0.2348371148109436
v -0.882502555847168 0.11233902722597122 -0.26961445808410645
v -0.8790935277938843 0.0686589851975441 -0.5850693583488464
v -0.8829998970031738 0.10844197869300842 -0.3044343888759613
v -0.8835058212280273 0.10429729521274567 -0.33928969502449036
v -0.8840726017951965 0.09994009882211685 -0.3741414546966553
v -0.8847963809967041 0.09537006169557571 -0.4089188277721405
v -0.8857896327972412 0.09058752655982971 -0.443465918302536
v -0.8871326446533203 0.08566342294216156 -0.47748517990112305
v -0.888748824596405 0.08070385456085205 -0.5104062557220459
v -0.8889588713645935 0.07163473218679428 -0.567211389541626
v -0.8900907635688782 0.0758858397603035 -0.541092038154602
v 0.04165778309106827 -0.32853344082832336 -0.5231311321258545
v 0.044066790491342545 -0.3225110173225403 -0.4889666736125946
v 0.048073384910821915 -0.31652405858039856 -0.45494741201400757
v 0.05367064103484154 -0.3105725646018982 -0.4211442172527313
v 0.06084791570901871 -0.3046565651893616 -0.38763508200645447
v 0.06959093362092972 -0.29881149530410767 -0.3544872999191284
v 0.07987858355045319 -0.2930370271205902 -0.32177168130874634
v 0.09168948978185654 -0.28733351826667786 -0.28955912590026855
v 0.10499536991119385 -0.28177157044410706 -0.25792044401168823
v 0.11977492272853851 -0.2763160467147827 -0.22691591084003448
v 0.13598930835723877 -0.27096694707870483 -0.196619912981987
v 0.1536099761724472 -0.26575905084609985 -0.16709613800048828
v 0.17259462177753448 -0.26069340109825134 -0.1384013593196869
v 0.19290420413017273 -0.2558044493198395 -0.11060284078121185
v 0.21449607610702515 -0.2510577142238617 -0.08375371247529984
v 0.2373279184103012 -0.24648767709732056 -0.05792132765054703
v 0.26134300231933594 -0.24213014543056488 -0.033148132264614105
v 0.28649523854255676 -0.23798544704914093 -0.009499032981693745
v 0.3127279281616211 -0.23401780426502228 0.012982810847461224
v 0.33998802304267883 -0.2302626371383667 0.034247417002916336
v 0.36821871995925903 -0.22671999037265778 0.05424945428967476
v 0.39735275506973267 -0.22342567145824432 0.07294641435146332
v 0.4273335039615631 -0.22037898004055023 0.09029790759086609
v 0.45810064673423767 -0.2175447940826416 0.10626743733882904
v 0.4895799160003662 -0.2149944007396698 0.12082066386938095
v 0.5217074155807495 -0.21269163489341736 0.13392674922943115
v 0.5544159412384033 -0.21063686907291412 0.1455576866865158
v 0.5876381397247314 -0.2088300585746765 0.1556883603334427
v 0.6212961673736572 -0.20734219253063202 0.1642971634864807
v 0.6553224325180054 -0.20606683194637299 0.17136600613594055
v 0.6896463632583618 -0.20511038601398468 0.1768796443939209
v 0.7241900563240051 -0.2044019252061844 0.18082642555236816
v 0.7588824033737183 -0.20397691428661346 0.18319816887378693
v 0.04165778309106827 -0.36169198155403137 -0.5172858834266663
v 0.044066790491342545 -0.3556695282459259 -0.48312145471572876
v 0.048073384910821915 -0.3496471047401428 -0.4491021931171417
v 0.05367064103484154 -0.34369561076164246 -0.4153025150299072
v 0.06084791570901871 -0.33777961134910583 -0.38179340958595276
v 0.06959093362092972 -0.33193421363830566 -0.3486455976963043
v 0.07987858355045319 -0.3261600732803345 -0.31593000888824463
v 0.09168948978185654 -0.3204917013645172 -0.28371745347976685
v 0.10499536991119385 -0.3148946166038513 -0.2520752251148224
v 0.11977492272853851 -0.309439092874527 -0.22107422351837158
v 0.13598930835723877 -0.30408966541290283 -0.19077818095684052
v 0.1536099761724472 -0.2988820970058441 -0.16125090420246124
v 0.17259462177753448 -0.29385191202163696 -0.13255612552165985
v 0.19290420413017273 -0.28892749547958374 -0.10475760698318481
v 0.21449607610702515 -0.28421589732170105 -0.07791202515363693
v 0.2373279184103012 -0.2796461880207062 -0.05207609385251999
v 0.26134300231933594 -0.2752886712551117 -0.027306444942951202
v 0.28649523854255676 -0.2711085081100464 -0.0036555726546794176
v 0.3127279281616211 -0.26714083552360535 0.01882627047598362
v 0.33998802304267883 -0.26338568329811096 0.04009087756276131
v 0.36821871995925903 -0.2598785161972046 0.06009291484951973
v 0.39735275506973267 -0.2565838396549225 0.07878987491130829
v 0.4273335039615631 -0.2535020112991333 0.09614136815071106
v 0.45810064673423767 -0.2507033050060272 0.11211089789867401
v 0.4895799160003662 -0.2481171041727066 0.12666411697864532
v 0.5217074155807495 -0.24581468105316162 0.13977020978927612
v 0.5544159412384033 -0.2437599152326584 0.15140116214752197
v 0.5876381397247314 -0.24198858439922333 0.16153183579444885
v 0.6212961673736572 -0.24046523869037628 0.17014062404632568
v 0.6553224325180054 -0.2392253428697586 0.17720945179462433
v 0.6896463632583618 -0.23823343217372894 0.18272347748279572
v 0.7241900563240051 -0.2375604510307312 0.1866702288389206
v 0.7588824033737183 -0.23713544011116028 0.1890416294336319
v 0.04165778309106827 -0.39481502771377563 -0.5114442110061646
v 0.044066790491342545 -0.38879257440567017 -0.47727975249290466
v 0.048073384910821915 -0.38280561566352844 -0.4432604908943176
v 0.05367064103484154 -0.3768186569213867 -0.4094572961330414
v 0.06084791570901871 -0.37093812227249146 -0.3759481608867645
v 0.06959093362092972 -0.3650927245616913 -0.3428003787994385
v 0.07987858355045319 -0.35931825637817383 -0.3100847601890564
v 0.09168948978185654 -0.3536502420902252 -0.2778722047805786
v 0.10499536991119385 -0.3480531573295593 -0.2462335228919983
v 0.11977492272853851 -0.342597633600235 -0.21522898972034454
v 0.13598930835723877 -0.33724817633628845 -0.18493294715881348
v 0.1536099761724472 -0.3320406377315521 -0.15540921688079834
v 0.17259462177753448 -0.32697463035583496 -0.12671443819999695
v 0.19290420413017273 -0.32208600640296936 -0.09891588240861893
v 0.21449607610702515 -0.3173389434814453 -0.0720667913556099
v 0.2373279184103012 -0.31280437111854553 -0.04623086005449295
v 0.26134300231933594 -0.30841171741485596 -0.02146264724433422
v 0.28649523854255676 -0.30423155426979065 0.0021882462315261364
v 0.3127279281616211 -0.30029937624931335 0.02466973103582859
v 0.33998802304267883 -0.29654422402381897 0.04593433812260628
v 0.36821871995925903 -0.29300156235694885 0.06593673676252365
v 0.39735275506973267 -0.28970688581466675 0.08463333547115326
v 0.4273335039615631 -0.28666019439697266 0.10198518633842468
v 0.45810064673423767 -0.2838263511657715 0.11795471608638763
v 0.4895799160003662 -0.2812756299972534 0.13250793516635895
v 0.5217074155807495 -0.278972864151001 0.14561402797698975
v 0.5544159412384033 -0.2769184410572052 0.15724462270736694
v 0.5876381397247314 -0.2751116454601288 0.16737529635429382
v 0.6212961673736572 -0.27358829975128174 0.1759844422340393
v 0.6553224325180054 -0.27234840393066406 0.18305328488349915
v 0.6896463632583618 -0.27139195799827576 0.18856693804264069
v 0.7241900563240051 -0.27068349719047546 0.19251368939876556
v 0.7588824033737183 -0.2702581584453583 0.19488510489463806
v 0.04165778309106827 -0.427973210811615 -0.5055989623069763
v 0.044066790491342545 -0.42191562056541443 -0.4714345335960388
v 0.048073384910821915 -0.4159286618232727 -0.4374152719974518
v 0.05367064103484154 -0.4099771976470947 -0.4036155939102173
v 0.06084791570901871 -0.4040611684322357 -0.3701029419898987
v 0.06959093362092972 -0.39821577072143555 -0.33695513010025024
v 0.07987858355045319 -0.3924413025379181 -0.3042430877685547
v 0.09168948978185654 -0.3867732882499695 -0.2720305323600769
v 0.10499536991119385 -0.3812113404273987 -0.24038828909397125
v 0.11977492272853851 -0.3757203221321106 -0.20938730239868164
v 0.13598930835723877 -0.3703712224960327 -0.17909125983715057
v 0.1536099761724472 -0.3651636838912964 -0.1495639830827713
v 0.17259462177753448 -0.3601331412792206 -0.12086915969848633
v 0.19290420413017273 -0.3552090525627136 -0.09307064861059189
v 0.21449607610702515 -0.35049745440483093 -0.06622510403394699
v 0.2373279184103012 -0.3459274172782898 -0.04038917273283005
v 0.26134300231933594 -0.3415702283382416 -0.015619167126715183
v 0.28649523854255676 -0.33739006519317627 0.00803170632570982
v 0.3127279281616211 -0.33342206478118896 0.030513549223542213
v 0.33998802304267883 -0.32966727018356323 0.0517781563103199
v 0.36821871995925903 -0.3261600732803345 0.07178018987178802
v 0.39735275506973267 -0.32286542654037476 0.09047715365886688
v 0.4273335039615631 -0.3197832405567169 0.10782864689826965
v 0.45810064673423767 -0.3169848918914795 0.1237981766462326
v 0.4895799160003662 -0.3143986761569977 0.13835139572620392
v 0.5217074155807495 -0.31209591031074524 0.15145748853683472
v 0.5544159412384033 -0.3100411295890808 0.16308844089508057
v 0.5876381397247314 -0.3082701563835144 0.17321911454200745
v 0.6212961673736572 -0.30674681067466736 0.18182788789272308
v 0.6553224325180054 -0.3055069148540497 0.18889673054218292
v 0.6896463632583618 -0.30451500415802 0.19441039860248566
v 0.7241900563240051 -0.3038416802883148 0.19835716485977173
v 0.7588824033737183 -0.3034166693687439 0.2007289081811905
v 0.04165778309106827 -0.46109625697135925 -0.4997572898864746
v 0.044066790491342545 -0.4550738036632538 -0.4655928313732147
v 0.048073384910821915 -0.4490872025489807 -0.4315735697746277
v 0.05367064103484154 -0.443100243806839 -0.39777037501335144
v 0.06084791570901871 -0.4372193515300751 -0.3642612397670746
v 0.06959093362092972 -0.43137428164482117 -0.33111345767974854
v 0.07987858355045319 -0.4255998432636261 -0.29839783906936646
v 0.09168948978185654 -0.41989633440971375 -0.2661852538585663
v 0.10499536991119385 -0.41433438658714294 -0.23454661667346954
v 0.11977492272853851 -0.4088788628578186 -0.2035420686006546
v 0.13598930835723877 -0.40352973341941833 -0.17324602603912354
v 0.1536099761724472 -0.398322194814682 -0.14371874928474426
v 0.17259462177753448 -0.39325618743896484 -0.11502747982740402
v 0.19290420413017273 -0.38836756348609924 -0.08722541481256485
v 0.21449607610702515 -0.3836205005645752 -0.06037987023591995
v 0.2373279184103012 -0.37905046343803406 -0.034543897956609726
v 0.26134300231933594 -0.37469327449798584 -0.009775706566870213
v 0.28649523854255676 -0.3705482482910156 0.013875165954232216
v 0.3127279281616211 -0.366580605506897 0.036357007920742035
v 0.33998802304267883 -0.3628254532814026 0.05762161687016487
v 0.36821871995925903 -0.35928311944007874 0.077623650431633
v 0.39735275506973267 -0.355988472700119 0.09632061421871185
v 0.4273335039615631 -0.3529417812824249 0.11367210745811462
v 0.45810064673423767 -0.3501075804233551 0.12964163720607758
v 0.4895799160003662 -0.3475571870803833 0.14419521391391754
v 0.5217074155807495 -0.34525445103645325 0.1573009490966797
v 0.5544159412384033 -0.3431996703147888 0.16893190145492554
v 0.5876381397247314 -0.3413928747177124 0.1790625900030136
v 0.6212961673736572 -0.3399049937725067 0.18767137825489044
v 0.6553224325180054 -0.33862996101379395 0.19474022090435028
v 0.6896463632583618 -0.3376731872558594 0.20025421679019928
v 0.7241900563240051 -0.3369647264480591 0.20420098304748535
v 0.7588824033737183 -0.33653971552848816 0.20657236874103546
v 0.04165778309106827 -0.4942547678947449 -0.49391207098960876
v 0.044066790491342545 -0.4882323443889618 -0.4597476124763489
v 0.048073384910821915 -0.4822098910808563 -0.4257282614707947
v 0.05367064103484154 -0.47625842690467834 -0.39192867279052734
v 0.06084791570901871 -0.47034239768981934 -0.35841602087020874
v 0.06959093362092972 -0.46449732780456543 -0.3252682089805603
v 0.07987858355045319 -0.45872288942337036 -0.29255610704421997
v 0.09168948978185654 -0.45305484533309937 -0.2603435516357422
v 0.10499536991119385 -0.44749289751052856 -0.2287013828754425
v 0.11977492272853851 -0.44200190901756287 -0.1977003812789917
v 0.13598930835723877 -0.4366527795791626 -0.16740433871746063
v 0.1536099761724472 -0.43144491314888 -0.13787706196308136
v 0.17259462177753448 -0.42641472816467285 -0.10918224602937698
v 0.19290420413017273 -0.42149028182029724 -0.08138372749090195
v 0.21449607610702515 -0.41677868366241455 -0.05453818663954735
v 0.2373279184103012 -0.41220900416374207 -0.02870151586830616
v 0.26134300231933594 -0.4078514575958252 -0.003931887913495302
v 0.28649523854255676 -0.4036712944507599 0.019718986004590988
v 0.3127279281616211 -0.39970365166664124 0.042200468480587006
v 0.33998802304267883 -0.39594849944114685 0.06346543878316879
v 0.36821871995925903 -0.3924413025379181 0.08346746861934662
v 0.39735275506973267 -0.3891466557979584 0.10216407477855682
v 0.4273335039615631 -0.3860648274421692 0.11951592564582825
v 0.45810064673423767 -0.3832661211490631 0.1354854553937912
v 0.4895799160003662 -0.38068023324012756 0.1500386744737625
v 0.5217074155807495 -0.3783774971961975 0.1631447672843933
v 0.5544159412384033 -0.3763227164745331 0.1747753620147705
v 0.5876381397247314 -0.374551385641098 0.18490605056285858
v 0.6212961673736572 -0.373028039932251 0.19351519644260406
v 0.6553224325180054 -0.3717881441116333 0.20058400928974152
v 0.6896463632583618 -0.37079623341560364 0.20609767735004425
v 0.7241900563240051 -0.3701232373714447 0.21004444360733032
v 0.7588824033737183 -0.3696982264518738 0.21241582930088043
v 0.04165778309106827 -0.5273778438568115 -0.48807036876678467
v 0.044066790491342545 -0.521355390548706 -0.45390230417251587
v 0.048073384910821915 -0.5153684020042419 -0.41988301277160645
v 0.05367064103484154 -0.5093814730644226 -0.3860834538936615
v 0.06084791570901871 -0.5035009384155273 -0.35257428884506226
v 0.06959093362092972 -0.4976555109024048 -0.3194264769554138
v 0.07987858355045319 -0.491881400346756 -0.2867108881473541
v 0.09168948978185654 -0.4862130284309387 -0.25449833273887634
v 0.10499536991119385 -0.4806159436702728 -0.2228596955537796
v 0.11977492272853851 -0.4751604199409485 -0.19185514748096466
v 0.13598930835723877 -0.46981096267700195 -0.1615591049194336
v 0.1536099761724472 -0.4646034240722656 -0.13203182816505432
v 0.17259462177753448 -0.4595377743244171 -0.10334055870771408
v 0.19290420413017273 -0.45464879274368286 -0.07553849369287491
v 0.21449607610702515 -0.4499017298221588 -0.04869295284152031
v 0.2373279184103012 -0.44533205032348633 -0.02285805530846119
v 0.26134300231933594 -0.44097450375556946 0.0019115719478577375
v 0.28649523854255676 -0.43679434061050415 0.02556244470179081
v 0.3127279281616211 -0.43286216259002686 0.04804428666830063
v 0.33998802304267883 -0.42910701036453247 0.06930889934301376
v 0.36821871995925903 -0.42556434869766235 0.08931092917919159
v 0.39735275506973267 -0.42226970195770264 0.10800755769014359
v 0.4273335039615631 -0.4192233383655548 0.12535938620567322
v 0.45810064673423767 -0.4163891673088074 0.14132893085479736
v 0.4895799160003662 -0.4138384163379669 0.15588214993476868
v 0.5217074155807495 -0.41153568029403687 0.16898822784423828
v 0.5544159412384033 -0.4094812273979187 0.18061882257461548
v 0.5876381397247314 -0.4076744318008423 0.1907498687505722
v 0.6212961673736572 -0.4061865508556366 0.19935865700244904
v 0.6553224325180054 -0.40491119027137756 0.2064274698495865
v 0.6896463632583618 -0.40395474433898926 0.21194113790988922
v 0.7241900563240051 -0.40324628353118896 0.2158879041671753
v 0.7588824033737183 -0.40282127261161804 0.21825967729091644
v 0.04165778309106827 -0.5605363249778748 -0.4822251498699188
v 0.044066790491342545 -0.5544784069061279 -0.4480606019496918
v 0.048073384910821915 -0.5484914779663086 -0.41404134035110474
v 0.05367064103484154 -0.5425399541854858 -0.3802417516708374
v 0.06084791570901871 -0.5366239547729492 -0.346729040145874
v 0.06959093362092972 -0.5307785868644714 -0.313581258058548
v 0.07987858355045319 -0.5250040888786316 -0.2808656394481659
v 0.09168948978185654 -0.5193361043930054 -0.2486530989408493
v 0.10499536991119385 -0.5137389898300171 -0.21701446175575256
v 0.11977492272853851 -0.5082834362983704 -0.18601346015930176
v 0.13598930835723877 -0.5029340386390686 -0.1557174175977707
v 0.1536099761724472 -0.4977264702320099 -0.12619009613990784
v 0.17259462177753448 -0.49269595742225647 -0.09749532490968704
v 0.19290420413017273 -0.4877718389034271 -0.069696806371212
v 0.21449607610702515 -0.4830602705478668 -0.042851224541664124
v 0.2373279184103012 -0.4784902334213257 -0.017014237120747566
v 0.26134300231933594 -0.4741330146789551 0.007755031809210777
v 0.28649523854255676 -0.46995288133621216 0.03140592575073242
v 0.3127279281616211 -0.4659852087497711 0.0538877472281456
v 0.33998802304267883 -0.46223005652427673 0.07515235245227814
v 0.36821871995925903 -0.45872288942337036 0.09515441209077835
v 0.39735275506973267 -0.45542821288108826 0.11385137587785721
v 0.4273335039615631 -0.4523460566997528 0.13120286166667938
v 0.45810064673423767 -0.449547678232193 0.14717239141464233
v 0.4895799160003662 -0.4469614624977112 0.16172561049461365
v 0.5217074155807495 -0.44465872645378113 0.17483168840408325
v 0.5544159412384033 -0.44260427355766296 0.1864626407623291
v 0.5876381397247314 -0.4408329427242279 0.19659332931041718
v 0.6212961673736572 -0.43930959701538086 0.205202117562294
v 0.6553224325180054 -0.4380697011947632 0.21227093040943146
v 0.6896463632583618 -0.4370777904987335 0.21778461337089539
v 0.7241900563240051 -0.436404824256897 0.22173172235488892
v 0.7588824033737183 -0.4359794557094574 0.22410312294960022
v 0.04165778309106827 -0.5936590433120728 -0.4763834476470947
v 0.044066790491342545 -0.5876369476318359 -0.4422153830528259
v 0.048073384910821915 -0.5816500186920166 -0.4081960916519165
v 0.05367064103484154 -0.5756630301475525 -0.37439653277397156
v 0.06084791570901871 -0.5697821378707886 -0.3408873677253723
v 0.06959093362092972 -0.5639370679855347 -0.3077395558357239
v 0.07987858355045319 -0.5581626296043396 -0.2750239670276642
v 0.09168948978185654 -0.5524591207504272 -0.2428114116191864
v 0.10499536991119385 -0.5468971729278564 -0.21116922795772552
v 0.11977492272853851 -0.5414416193962097 -0.18016822636127472
v 0.13598930835723877 -0.5360925197601318 -0.14987218379974365
v 0.1536099761724472 -0.5308849811553955 -0.1203448697924614
v 0.17259462177753448 -0.5258190035820007 -0.09165363758802414
v 0.19290420413017273 -0.5209303498268127 -0.06385157257318497
v 0.21449607610702515 -0.5161833167076111 -0.037005990743637085
v 0.2373279184103012 -0.5116487145423889 -0.011170776560902596
v 0.26134300231933594 -0.5072560906410217 0.013598850928246975
v 0.28649523854255676 -0.5031110644340515 0.037249743938446045
v 0.3127279281616211 -0.4991433918476105 0.05973156914114952
v 0.33998802304267883 -0.4953882396221161 0.08099617809057236
v 0.36821871995925903 -0.4918459355831146 0.10099787265062332
v 0.39735275506973267 -0.4885512590408325 0.11969483643770218
v 0.4273335039615631 -0.4855045676231384 0.137046679854393
v 0.45810064673423767 -0.48267072439193726 0.15301620960235596
v 0.4895799160003662 -0.4801200032234192 0.16756942868232727
v 0.5217074155807495 -0.47781723737716675 0.18067550659179688
v 0.5544159412384033 -0.4757624566555023 0.19230610132217407
v 0.5876381397247314 -0.47395598888397217 0.20243677496910095
v 0.6212961673736572 -0.4724326431751251 0.21104557812213898
v 0.6553224325180054 -0.47119274735450745 0.21811477839946747
v 0.6896463632583618 -0.47023633122444153 0.22362841665744781
v 0.7241900563240051 -0.4695275127887726 0.2275751829147339
v 0.7588824033737183 -0.46910250186920166 0.2299465835094452
v 0.7667786478996277 -0.23369887471199036 0.014698812738060951
v 0.7651561498641968 -0.22774738073349 0.0483967661857605
v 0.7635443210601807 -0.22183136641979218 0.08209580183029175
v 0.7619431018829346 -0.215879887342453 0.11579516530036926
v 0.7603595852851868 -0.20992839336395264 0.14949525892734528
v 0.7399615049362183 -0.23401780426502228 0.012864121235907078
v 0.7367129325866699 -0.22810178995132446 0.046448368579149246
v 0.7334927916526794 -0.22218577563762665 0.08003509044647217
v 0.7303043603897095 -0.21626941859722137 0.11362463980913162
v 0.7271409630775452 -0.21035340428352356 0.1472170203924179
v 0.7132399678230286 -0.23454922437667847 0.009820006787776947
v 0.7083759903907776 -0.2286686897277832 0.04321151599287987
v 0.7035579681396484 -0.22278781235218048 0.07660941779613495
v 0.6987862586975098 -0.21690727770328522 0.11001405864953995
v 0.6940569281578064 -0.2109912633895874 0.14342506229877472
v 0.68670254945755 -0.23532864451408386 0.005538089666515589
v 0.6798796057701111 -0.2294832319021225 0.03859663009643555
v 0.6732762455940247 -0.22363817691802979 0.07169942557811737
v 0.6669172644615173 -0.21779276430606842 0.10484971106052399
v 0.6608169674873352 -0.2119477093219757 0.13804815709590912
v 0.6604059934616089 -0.23628507554531097 7.580408419016749e-05
v 0.6520561575889587 -0.2305106222629547 0.03278893977403641
v 0.643883466720581 -0.22473616898059845 0.06554704904556274
v 0.6358985304832458 -0.21896204352378845 0.09835334867238998
v 0.6281014084815979 -0.21315212547779083 0.1312081664800644
v 0.6344496607780457 -0.23745402693748474 -0.006559059023857117
v 0.6244844198226929 -0.2317505180835724 0.025707338005304337
v 0.6147282719612122 -0.22604700922966003 0.05803999677300453
v 0.6051844954490662 -0.22034350037574768 0.09043819457292557
v 0.5958462357521057 -0.21463999152183533 0.12290050089359283
v 0.6087730526924133 -0.23883581161499023 -0.014373615384101868
v 0.5972456336021423 -0.23323838412761688 0.01737913116812706
v 0.5859519243240356 -0.22760583460330963 0.04921794310212135
v 0.5748920440673828 -0.22197292745113373 0.08114178478717804
v 0.5640624165534973 -0.21634036302566528 0.11314958333969116
v 0.5328205227851868 -0.2183241993188858 0.10197030007839203
v 0.5451770424842834 -0.22385068237781525 0.07049602270126343
v 0.5577460527420044 -0.22941263020038605 0.03911171853542328
v 0.5705240368843079 -0.23490329086780548 0.007815971039235592
v 0.5835040807723999 -0.24042977392673492 -0.023392992094159126
v 0.501986026763916 -0.22055600583553314 0.08931270241737366
v 0.5157630443572998 -0.22601152956485748 0.05841764435172081
v 0.5298057198524475 -0.23143158853054047 0.02764866128563881
v 0.5441106557846069 -0.23681651055812836 -0.002994176698848605
v 0.5586776733398438 -0.2422010898590088 -0.033509500324726105
v 0.47189903259277344 -0.22300031781196594 0.075314961373806
v 0.4871214032173157 -0.22834976017475128 0.04507880657911301
v 0.5026059746742249 -0.2336633950471878 0.014982222579419613
v 0.5183490514755249 -0.23894189298152924 -0.01497229840606451
v 0.5343545079231262 -0.2441849261522293 -0.04478192701935768
v 0.442470908164978 -0.2257280796766281 0.059953343123197556
v 0.45908910036087036 -0.23093563318252563 0.03043774515390396
v 0.4759800434112549 -0.23610804975032806 0.0010857931338250637
v 0.49314022064208984 -0.24124464392662048 -0.02809998206794262
v 0.5105767846107483 -0.2463812530040741 -0.057117171585559845
v 0.4138009250164032 -0.2286686897277832 0.04326394200325012
v 0.4317971169948578 -0.2337343394756317 0.014538695104420185
v 0.4500661790370941 -0.23876486718654633 -0.014001647010445595
v 0.46860799193382263 -0.2437599152326584 -0.04235881194472313
v 0.4874083399772644 -0.2487194836139679 -0.07053284347057343
v 0.38600239157676697 -0.2318214625120163 0.02531127817928791
v 0.4053341746330261 -0.23674556612968445 -0.00255738478153944
v 0.42492812871932983 -0.24163419008255005 -0.030231913551688194
v 0.4447842240333557 -0.246452197432518 -0.05770878121256828
v 0.4648953080177307 -0.25127020478248596 -0.08499005436897278
v 0.3590505123138428 -0.2352222204208374 0.006109872367233038
v 0.3796966075897217 -0.23996928334236145 -0.02083277702331543
v 0.4005800187587738 -0.24468088150024414 -0.04757700487971306
v 0.4217114746570587 -0.24935699999332428 -0.07411438971757889
v 0.44308021664619446 -0.2539979815483093 -0.1004498228430748
v 0.33301979303359985 -0.23880033195018768 -0.014322600327432156
v 0.3549022078514099 -0.2434055060148239 -0.04029702767729759
v 0.377032607793808 -0.2479400783777237 -0.06605149805545807
v 0.3994038999080658 -0.2524391710758209 -0.0915827751159668
v 0.42201969027519226 -0.2569027841091156 -0.11688736081123352
v 0.3079737722873688 -0.2426261007785797 -0.03591842204332352
v 0.3310607075691223 -0.24701911211013794 -0.06086518615484238
v 0.3543849587440491 -0.25137630105018616 -0.08557457476854324
v 0.37795010209083557 -0.2556983530521393 -0.11004311591386795
v 0.4017525911331177 -0.25998494029045105 -0.13427072763442993
v 0.28400129079818726 -0.2466292381286621 -0.05859794840216637
v 0.30825722217559814 -0.2508448660373688 -0.08245004713535309
v 0.33273279666900635 -0.254989892244339 -0.10605771839618683
v 0.35742446780204773 -0.2590990960597992 -0.12942446768283844
v 0.38232165575027466 -0.26320865750312805 -0.15256096422672272
v 0.2611304819583893 -0.2508097290992737 -0.08233315497636795
v 0.2864987850189209 -0.2548125386238098 -0.10503392666578293
v 0.31206196546554565 -0.25878050923347473 -0.12749731540679932
v 0.337819904088974 -0.26267722249031067 -0.1497269570827484
v 0.36377274990081787 -0.2665739357471466 -0.1717156320810318
v 0.2393755167722702 -0.2551669180393219 -0.10710631310939789
v 0.2657959759235382 -0.25895756483078003 -0.12861321866512299
v 0.2923971712589264 -0.2627127170562744 -0.14987927675247192
v 0.3191789388656616 -0.26643237471580505 -0.17090792953968048
v 0.3461379110813141 -0.270081102848053 -0.1916886270046234
v 0.21880030632019043 -0.25973695516586304 -0.13286787271499634
v 0.24620211124420166 -0.26331475377082825 -0.15314197540283203
v 0.2737809419631958 -0.2668219208717346 -0.17316456139087677
v 0.3015298843383789 -0.270329087972641 -0.19293206930160522
v 0.32945239543914795 -0.27376532554626465 -0.2124374508857727
v 0.19948627054691315 -0.26441308856010437 -0.1595008671283722
v 0.22783032059669495 -0.2677783668041229 -0.17847485840320587
v 0.25632673501968384 -0.27107301354408264 -0.197207972407341
v 0.2849718928337097 -0.2743322253227234 -0.21569660305976868
v 0.3137587904930115 -0.2775559425354004 -0.23394790291786194
v 0.18144042789936066 -0.2692662179470062 -0.18696638941764832
v 0.2106630504131317 -0.2723838686943054 -0.2046048492193222
v 0.24000965058803558 -0.2754305601119995 -0.22201655805110931
v 0.2694873511791229 -0.27847692370414734 -0.239190936088562
v 0.2990925908088684 -0.28145265579223633 -0.2561279237270355
v 0.16471952199935913 -0.2742612659931183 -0.21522898972034454
v 0.19475339353084564 -0.2770954668521881 -0.2314787656068802
v 0.22489352524280548 -0.2799293100833893 -0.24751949310302734
v 0.2551399767398834 -0.28272801637649536 -0.2633441388607025
v 0.2854926884174347 -0.2854912579059601 -0.27894559502601624
v 0.14930929243564606 -0.2793627381324768 -0.24422845244407654
v 0.18009419739246368 -0.2819840908050537 -0.25906118750572205
v 0.21096770465373993 -0.2845348119735718 -0.27369195222854614
v 0.24192970991134644 -0.28708556294441223 -0.28811728954315186
v 0.27295905351638794 -0.28960081934928894 -0.30238673090934753
v 0.13529850542545319 -0.2846057713031769 -0.2739151418209076
v 0.16675293445587158 -0.286943644285202 -0.28730958700180054
v 0.19828885793685913 -0.2892818748950958 -0.3005092144012451
v 0.22989211976528168 -0.29158464074134827 -0.3135245740413666
v 0.26156967878341675 -0.29385191202163696 -0.32636284828186035
v 0.25129276514053345 -0.29813817143440247 -0.3508172035217285
v 0.21906602382659912 -0.29615435004234314 -0.3393782377243042
v 0.18689240515232086 -0.294099897146225 -0.3277834355831146
v 0.1547684520483017 -0.2920096516609192 -0.31603625416755676
v 0.1226939931511879 -0.2899194061756134 -0.3041367828845978
v 0.24219897389411926 -0.3025311827659607 -0.3756435215473175
v 0.20947982370853424 -0.30075985193252563 -0.3656676113605499
v 0.1767960637807846 -0.2989885210990906 -0.355550080537796
v 0.1441548615694046 -0.29718172550201416 -0.34530138969421387
v 0.11154559999704361 -0.29533979296684265 -0.3349323272705078
v 0.23428131639957428 -0.30699479579925537 -0.40093740820884705
v 0.20113706588745117 -0.3054714500904083 -0.39239269495010376
v 0.1680176556110382 -0.3039481043815613 -0.38375598192214966
v 0.1349194347858429 -0.30242475867271423 -0.37502357363700867
v 0.10184250771999359 -0.30086591839790344 -0.36619898676872253
v 0.22748318314552307 -0.3115290105342865 -0.4266989827156067
v 0.1939988136291504 -0.31025397777557373 -0.4195571839809418
v 0.16052508354187012 -0.30901408195495605 -0.41237279772758484
v 0.12705489993095398 -0.307738721370697 -0.4051494896411896
v 0.09359890967607498 -0.306463360786438 -0.3978766202926636
v 0.22196026146411896 -0.31609904766082764 -0.4525774419307709
v 0.18817833065986633 -0.315107136964798 -0.44695889949798584
v 0.15440358221530914 -0.3141152262687683 -0.4413120448589325
v 0.12062874436378479 -0.31312331557273865 -0.4356333017349243
v 0.08686446398496628 -0.31209591031074524 -0.4299226999282837
v 0.21765610575675964 -0.32070454955101013 -0.4786577522754669
v 0.18365450203418732 -0.3199606239795685 -0.4745129644870758
v 0.14965295791625977 -0.3192518353462219 -0.4703823924064636
v 0.11564788967370987 -0.3185078799724579 -0.46626946330070496
v 0.08164272457361221 -0.3177994191646576 -0.4621741771697998
v 0.21457402408123016 -0.3253451883792877 -0.5049542784690857
v 0.18041658401489258 -0.32488471269607544 -0.5023505091667175
v 0.14625567197799683 -0.32442423701286316 -0.4997750222682953
v 0.11209113150835037 -0.3239634037017822 -0.4972243905067444
v 0.07792659848928452 -0.3235383927822113 -0.49469858407974243
v 0.21273547410964966 -0.3299858570098877 -0.5313569903373718
v 0.17848943173885345 -0.3298088312149048 -0.5303155183792114
v 0.14424701035022736 -0.3296317756175995 -0.5293093919754028
v 0.10999750345945358 -0.3294544219970703 -0.5283423066139221
v 0.07575146108865738 -0.3292773962020874 -0.527410626411438
v 0.7594242691993713 0.07808217406272888 0.099819615483284
v 0.7610787153244019 0.07209521532058716 0.06584320962429047
v 0.7627224922180176 0.0661085918545723 0.03186609223484993
v 0.7643520832061768 0.06008615717291832 -0.0021117243450134993
v 0.7659710645675659 0.054099198430776596 -0.03609203174710274
v 0.7252172827720642 0.07765716314315796 0.09741491824388504
v 0.7285332083702087 0.07167020440101624 0.06355506926774979
v 0.7318277359008789 0.06571871787309647 0.029693450778722763
v 0.7351011037826538 0.05973175913095474 -0.004170301370322704
v 0.7383567690849304 0.05378027260303497 -0.038036882877349854
v 0.6912440061569214 0.07694870233535767 0.09340792149305344
v 0.6961930990219116 0.0709972158074379 0.05974290519952774
v 0.7011137008666992 0.06508120149374008 0.0260743647813797
v 0.7060024738311768 0.05912971496582031 -0.007598440628498793
v 0.7108664512634277 0.053213365375995636 -0.041274793446063995
v 0.6575719714164734 0.0759567841887474 0.08783368021249771
v 0.6642037034034729 0.07007624953985214 0.05444888770580292
v 0.6707467436790466 0.06419537216424942 0.021048512309789658
v 0.6772048473358154 0.058279357850551605 -0.01236639078706503
v 0.6835850477218628 0.05239881947636604 -0.045795124024152756
v 0.6241443753242493 0.07471689581871033 0.08067735284566879
v 0.6323879361152649 0.06887149065732956 0.04764115437865257
v 0.6405322551727295 0.0630619004368782 0.014583691954612732
v 0.6485809087753296 0.057216499000787735 -0.01849326118826866
v 0.6565481424331665 0.05137143284082413 -0.051587190479040146
v 0.591056764125824 0.07315807789564133 0.071943499147892
v 0.6009228825569153 0.06741909682750702 0.03933277353644371
v 0.6106577515602112 0.06164463981986046 0.006689087022095919
v 0.6202652454376221 0.05590599402785301 -0.025986842811107635
v 0.6297380924224854 0.05013154074549675 -0.058693598955869675
v 0.603360116481781 0.04867914319038391 -0.06697259098291397
v 0.5924029350280762 0.05434717610478401 -0.03472815081477165
v 0.5812934041023254 0.06001520901918411 -0.002524423645809293
v 0.5700139403343201 0.06571871787309647 0.029628267511725426
v 0.5585288405418396 0.07135127484798431 0.06171930208802223
v 0.5774461627006531 0.0469784289598465 -0.07651270925998688
v 0.5649833679199219 0.05257585272192955 -0.04479966312646866
v 0.552329421043396 0.058172937482595444 -0.013148228637874126
v 0.539480447769165 0.06373488903045654 0.018435869365930557
v 0.5264367461204529 0.06929683685302734 0.04995231330394745
v 0.5519964694976807 0.045101020485162735 -0.08724669367074966
v 0.5380848050117493 0.05059202387928963 -0.056128762662410736
v 0.5239287614822388 0.056047551333904266 -0.025107579305768013
v 0.5095493793487549 0.061503082513809204 0.005823632702231407
v 0.4949646592140198 0.06695861369371414 0.036674078553915024
v 0.5270779728889465 0.04301077127456665 -0.09916035085916519
v 0.5117456912994385 0.04836021736264229 -0.06870134174823761
v 0.49616554379463196 0.053709324449300766 -0.03835572302341461
v 0.4803338348865509 0.059058770537376404 -0.008118849247694016
v 0.46424707770347595 0.06433726847171783 0.021997224539518356
v 0.5027831792831421 0.04067287966609001 -0.11223239451646805
v 0.48600196838378906 0.04591590538620949 -0.08252796530723572
v 0.4689728617668152 0.05112345516681671 -0.052951112389564514
v 0.45169222354888916 0.056331004947423935 -0.02349535934627056
v 0.4341599941253662 0.061503082513809204 0.00583212124183774
v 0.47915416955947876 0.03819309547543526 -0.12642748653888702
v 0.46100208163261414 0.04329422488808632 -0.09752011299133301
v 0.44257715344429016 0.04836021736264229 -0.06875801831483841
v 0.4238901734352112 0.053390733897686005 -0.04014824703335762
v 0.40493738651275635 0.05842091515660286 -0.011685864068567753
v 0.4562302529811859 0.03550080209970474 -0.1417100876569748
v 0.43674612045288086 0.040424901992082596 -0.1136600449681282
v 0.4169785976409912 0.04534899815917015 -0.085780069231987
v 0.3969312012195587 0.05023762211203575 -0.05807720124721527
v 0.3766075074672699 0.05509111285209656 -0.030549319460988045
v 0.43408212065696716 0.0325956717133522 -0.15804842114448547
v 0.4132801294326782 0.037378210574388504 -0.1309300810098648
v 0.39219123125076294 0.04212527722120285 -0.1040065735578537
v 0.3708224892616272 0.04683687165379524 -0.07727434486150742
v 0.3491738736629486 0.051548462361097336 -0.050740547478199005
v 0.41274169087409973 0.029549317434430122 -0.1754140704870224
v 0.3906431198120117 0.034154489636421204 -0.14930535852909088
v 0.36827540397644043 0.03872452676296234 -0.12340211868286133
v 0.34564194083213806 0.043258748948574066 -0.09770432114601135
v 0.3227356970310211 0.047757837921381 -0.0722084790468216
v 0.3922550082206726 0.026325257495045662 -0.19375750422477722
v 0.36893782019615173 0.030718263238668442 -0.16870445013046265
v 0.3453513979911804 0.03511092811822891 -0.14387108385562897
v 0.3215028941631317 0.039432987570762634 -0.11926084756851196
v 0.29738864302635193 0.043754708021879196 -0.09487736225128174
v 0.37267524003982544 0.022924505174160004 -0.213043212890625
v 0.348213791847229 0.027140140533447266 -0.18907421827316284
v 0.32347607612609863 0.03132030367851257 -0.16535674035549164
v 0.2984655499458313 0.03546532988548279 -0.141890749335289
v 0.2731822729110718 0.039539068937301636 -0.11868342757225037
v 0.3540554940700531 0.019346721470355988 -0.23321816325187683
v 0.32845339179039 0.02338498830795288 -0.21043233573436737
v 0.30259621143341064 0.027352645993232727 -0.1879051774740219
v 0.27648040652275085 0.031249694526195526 -0.16564369201660156
v 0.2501130998134613 0.035146404057741165 -0.14364789426326752
v 0.33643126487731934 0.01566217839717865 -0.2542468011379242
v 0.3097415566444397 0.019452804699540138 -0.23270800709724426
v 0.2828109562397003 0.023207956925034523 -0.2114313542842865
v 0.255650132894516 0.02689216285943985 -0.19042040407657623
v 0.22825542092323303 0.030576366931200027 -0.16967158019542694
v 0.31985199451446533 0.011800942942500114 -0.27608320116996765
v 0.29215627908706665 0.01537872664630413 -0.2558019757270813
v 0.26423731446266174 0.0188859011977911 -0.23580420017242432
v 0.23609158396720886 0.02239307388663292 -0.21608276665210724
v 0.20772624015808105 0.025794165208935738 -0.19664469361305237
v 0.30434268712997437 0.007797811646014452 -0.29867061972618103
v 0.27567270398139954 0.011163090355694294 -0.27975329756736755
v 0.2468007653951645 0.014422286301851273 -0.26110169291496277
v 0.2177339792251587 0.017681481316685677 -0.24272285401821136
v 0.18847596645355225 0.020869730040431023 -0.22460968792438507
v 0.28993502259254456 0.0037237328942865133 -0.32195234298706055
v 0.260400652885437 0.00680589722469449 -0.30436351895332336
v 0.23067143559455872 0.009852588176727295 -0.28707224130630493
v 0.2007509171962738 0.012863804586231709 -0.27007853984832764
v 0.17063908278942108 0.015804074704647064 -0.2533859610557556
v 0.27668583393096924 -0.0005273767746984959 -0.34588944911956787
v 0.2463083565235138 0.0023422827944159508 -0.32974952459335327
v 0.21575725078582764 0.005140994675457478 -0.3138965368270874
v 0.18504321575164795 0.007868759334087372 -0.29833051562309265
v 0.15416616201400757 0.010561049915850163 -0.28305143117904663
v 0.2645915448665619 -0.004849096294492483 -0.37040403485298157
v 0.23344886302947998 -0.0022632270120084286 -0.35574138164520264
v 0.2021644562482834 0.0002875064965337515 -0.341347873210907
v 0.17074187099933624 0.0027672923170030117 -0.32723429799079895
v 0.13917046785354614 0.005211604293435812 -0.31341123580932617
v 0.25370877981185913 -0.009242100641131401 -0.39547479152679443
v 0.2218504548072815 -0.006939346436411142 -0.3823779225349426
v 0.18987879157066345 -0.004672065377235413 -0.3695219159126282
v 0.15780086815357208 -0.002440257929265499 -0.35690686106681824
v 0.1256237030029297 -0.0002793982275761664 -0.34451496601104736
v 0.24400924146175385 -0.01377632562071085 -0.4210485816001892
v 0.21156281232833862 -0.011721886694431305 -0.4094359874725342
v 0.17902086675167084 -0.009702584706246853 -0.39807501435279846
v 0.14637966454029083 -0.007754229474812746 -0.3869655728340149
v 0.11364277452230453 -0.005841010715812445 -0.3761075735092163
v 0.10319574922323227 -0.011509044095873833 -0.40825986862182617
v 0.13641086220741272 -0.013138811103999615 -0.41760164499282837
v 0.1695515513420105 -0.014839187264442444 -0.42717719078063965
v 0.20261429250240326 -0.016575036570429802 -0.4369830787181854
v 0.23559916019439697 -0.018346361815929413 -0.4470226466655731
v 0.0942932665348053 -0.017283499240875244 -0.44093653559684753
v 0.12791217863559723 -0.018665287643671036 -0.4487585127353668
v 0.1614816039800644 -0.02008221112191677 -0.4567682445049286
v 0.19500137865543365 -0.021499134600162506 -0.4649551510810852
v 0.2284715622663498 -0.02298700623214245 -0.47332265973091125
v 0.08705222606658936 -0.023057954385876656 -0.47366634011268616
v 0.12101481854915619 -0.024120816960930824 -0.4798835515975952
v 0.15491364896297455 -0.025289760902523994 -0.48641249537467957
v 0.1887735277414322 -0.026458706706762314 -0.4931221008300781
v 0.2226014882326126 -0.02769860066473484 -0.4999698996543884
v 0.08130623400211334 -0.02897396683692932 -0.5072037577629089
v 0.11549197137355804 -0.02982432395219803 -0.5120606422424316
v 0.1496671587228775 -0.030674342066049576 -0.5169600248336792
v 0.18383871018886566 -0.031560175120830536 -0.5218983292579651
v 0.21800324320793152 -0.03244566544890404 -0.5268827676773071
v 0.07723578810691833 -0.03485484421253204 -0.5407412648200989
v 0.11161646246910095 -0.035456884652376175 -0.5440075397491455
v 0.14599350094795227 -0.036023788154125214 -0.5472950339317322
v 0.18037055432796478 -0.036625828593969345 -0.5506108999252319
v 0.21474404633045197 -0.037192732095718384 -0.5539479851722717
v 0.0747879296541214 -0.04080633074045181 -0.5744275450706482
v 0.10928896069526672 -0.04108978062868118 -0.576092541217804
v 0.1437864452600479 -0.041408371180295944 -0.577764630317688
v 0.17828401923179626 -0.041691821068525314 -0.5794473886489868
v 0.21278150379657745 -0.04197527468204498 -0.5811371803283691
v 0.7665910124778748 0.018141964450478554 -0.02971893735229969
v 0.7670337557792664 -0.017850404605269432 -0.023354729637503624
v 0.7671931982040405 -0.053807299584150314 -0.017004312947392464
v 0.7671364545822144 -0.08980000764131546 -0.010662762448191643
v 0.7670337557792664 -0.1257569044828415 -0.004323345143347979
v 0.7669523358345032 -0.16174960136413574 0.002016789745539427
v 0.7668354511260986 -0.19770650565624237 0.008355150930583477
v 0.740382969379425 -0.018169330433011055 -0.025162139907479286
v 0.74075847864151 -0.05412622541189194 -0.018784821033477783
v 0.7395114898681641 0.01782337576150894 -0.031585510820150375
v 0.7407196164131165 -0.09011859446763992 -0.01244432758539915
v 0.7405565977096558 -0.1260758340358734 -0.006115172058343887
v 0.7403441071510315 -0.1620681881904602 0.00020935862266924232
v 0.7401314377784729 -0.19806089997291565 0.006533910520374775
v 0.714302659034729 -0.05465765669941902 -0.021767299622297287
v 0.7137110829353333 -0.01870076172053814 -0.02819138951599598
v 0.7143061757087708 -0.09061454981565475 -0.015422920696437359
v 0.7124747633934021 0.017256472259759903 -0.03470686823129654
v 0.7140724062919617 -0.1266072541475296 -0.009110763669013977
v 0.7137925028800964 -0.1625996232032776 -0.0028053633868694305
v 0.7134950160980225 -0.19859199225902557 0.003497925354167819
v 0.6878113746643066 -0.05540159344673157 -0.025975503027439117
v 0.6878856420516968 -0.0913584902882576 -0.019618729129433632
v 0.6870319247245789 -0.019444696605205536 -0.03246086835861206
v 0.6876341700553894 -0.12735119462013245 -0.013320403173565865
v 0.6855192184448242 0.016477061435580254 -0.039085470139980316
v 0.6873295903205872 -0.16334356367588043 -0.007032338064163923
v 0.6870284080505371 -0.19933593273162842 -0.0007439357577823102
v 0.6613484025001526 -0.056358031928539276 -0.03142894059419632
v 0.6615008115768433 -0.09231526404619217 -0.02505018748342991
v 0.6604308485984802 -0.020401136949658394 -0.03798375651240349
v 0.6612880825996399 -0.12830764055252075 -0.018755048513412476
v 0.6610223650932312 -0.16430000960826874 -0.012472664006054401
v 0.6587162613868713 0.015485147945582867 -0.044728800654411316
v 0.6607000827789307 -0.200292706489563 -0.006203392054885626
v 0.6350447535514832 -0.057526979595422745 -0.038121894001960754
v 0.6352643966674805 -0.09348420798778534 -0.03171836957335472
v 0.6340104937553406 -0.021605556830763817 -0.04475713521242142
v 0.6351015567779541 -0.12947657704353333 -0.025420043617486954
v 0.6321435570716858 0.014280728995800018 -0.05162971466779709
v 0.6348677277565002 -0.16546928882598877 -0.0191415436565876
v 0.6346339583396912 -0.20146165788173676 -0.01286234799772501
v 0.6090565323829651 -0.05894424021244049 -0.04602891206741333
v 0.6079477071762085 -0.023022480309009552 -0.05274207144975662
v 0.6093364357948303 -0.09490113705396652 -0.03959206864237785
v 0.6092053651809692 -0.13085836172103882 -0.033293407410383224
v 0.6059532165527344 0.012828330509364605 -0.05974928289651871
v 0.6090139746665955 -0.1668507307767868 -0.02701207622885704
v 0.608822762966156 -0.2028430998325348 -0.020731445401906967
v 0.5835358500480652 -0.060538195073604584 -0.0551014170050621
v 0.5823456048965454 -0.024616774171590805 -0.06189962849020958
v 0.5838547945022583 -0.09649542719125748 -0.04863623529672623
v 0.583762526512146 -0.13248778879642487 -0.04232693091034889
v 0.5802129507064819 0.011198564432561398 -0.06906621903181076
v 0.5836209654808044 -0.16844503581523895 -0.036035358905792236
v 0.5834863781929016 -0.20443740487098694 -0.029744084924459457
v 0.5585536956787109 -0.062344990670681 -0.06530046463012695
v 0.5572643280029297 -0.026458706706762314 -0.07220492511987686
v 0.5589114427566528 -0.09826675057411194 -0.058799851685762405
v 0.5588513612747192 -0.13425911962985992 -0.05247994512319565
v 0.5549721717834473 0.009356630966067314 -0.0795593187212944
v 0.5587096214294434 -0.1702514886856079 -0.046198975294828415
v 0.5586140155792236 -0.20624420046806335 -0.03989672288298607
v 0.5341171622276306 -0.06432881951332092 -0.07661191374063492
v 0.5345244407653809 -0.10025057941675186 -0.0700652226805687
v 0.5327107310295105 -0.02847800962626934 -0.08364741504192352
v 0.534478485584259 -0.13624295592308044 -0.06374527513980865
v 0.5343862771987915 -0.17223531007766724 -0.057446613907814026
v 0.5302451252937317 0.007301854435354471 -0.09121789783239365
v 0.5342622399330139 -0.20822802186012268 -0.05116564407944679
v 0.5102083683013916 -0.06652515381574631 -0.08904631435871124
v 0.510683000087738 -0.10244691371917725 -0.08243940770626068
v 0.5086991786956787 -0.030674342066049576 -0.096220001578331
v 0.5106794834136963 -0.13843928277492523 -0.07609821856021881
v 0.510551929473877 -0.17439651489257812 -0.06982434540987015
v 0.5061060786247253 0.0050345733761787415 -0.10401012748479843
v 0.5104172825813293 -0.2103888839483261 -0.06355401128530502
v 0.4868485927581787 -0.06889885663986206 -0.10260017216205597
v 0.48738357424736023 -0.10482028126716614 -0.09592949599027634
v 0.48526158928871155 -0.03308352082967758 -0.10991912335157394
v 0.48740124702453613 -0.1408129781484604 -0.08957415819168091
v 0.4873303771018982 -0.17676988244056702 -0.08327194303274155
v 0.48258695006370544 0.002590261399745941 -0.11791820824146271
v 0.48723477125167847 -0.212762251496315 -0.07698743045330048
v 0.4640982449054718 -0.07148472964763641 -0.11725223064422607
v 0.4646899104118347 -0.10740648210048676 -0.11050719022750854
v 0.4624580144882202 -0.03570486232638359 -0.12470932304859161
v 0.46475714445114136 -0.14336338639259338 -0.10411638021469116
v 0.4646792709827423 -0.17935608327388763 -0.09782831370830536
v 0.45974090695381165 -6.655556353507563e-05 -0.13291744887828827
v 0.464629590511322 -0.21534845232963562 -0.09151545912027359
v 0.4420422613620758 -0.07424796372652054 -0.13295288383960724
v 0.44267284870147705 -0.11013425141572952 -0.12613697350025177
v 0.4403807520866394 -0.03850357607007027 -0.1405446082353592
v 0.4428003132343292 -0.1461266130208969 -0.11970013380050659
v 0.4428003132343292 -0.1820838451385498 -0.11335539817810059
v 0.437723845243454 -0.00286526745185256 -0.1488979607820511
v 0.44280385971069336 -0.2180762141942978 -0.10700710862874985
v 0.42078325152397156 -0.07718823105096817 -0.1496313065290451
v 0.4214209318161011 -0.11307451874017715 -0.14276222884655
v 0.4193556010723114 -0.0414438433945179 -0.15715570747852325
v 0.42155203223228455 -0.14903175830841064 -0.13631123304367065
v 0.41696086525917053 -0.005805536638945341 -0.16549137234687805
v 0.42159104347229004 -0.18502412736415863 -0.12993460893630981
v 0.42166537046432495 -0.22098101675510406 -0.1235332041978836
v 0.3999353051185608 -0.04438411444425583 -0.17397935688495636
v 0.400611937046051 -0.08027039468288422 -0.1670217216014862
v 0.39846864342689514 -0.008639722131192684 -0.1816560924053192
v 0.40102994441986084 -0.1161566823720932 -0.16030147671699524
v 0.4011858403682709 -0.15211357176303864 -0.15381860733032227
v 0.40127792954444885 -0.18810628354549408 -0.1473923921585083
v 0.40136295557022095 -0.22406317293643951 -0.14096970856189728
v 0.38518404960632324 -0.010871529579162598 -0.19416487216949463
v 0.3825271427631378 -0.04728924483060837 -0.19042040407657623
v 0.38166624307632446 -0.0834231749176979 -0.1849258989095688
v 0.3816024661064148 -0.11941587924957275 -0.17864492535591125
v 0.3817088007926941 -0.1553727686405182 -0.17219743132591248
v 0.3818150758743286 -0.19133000075817108 -0.1657499521970749
v 0.3819177746772766 -0.2272869050502777 -0.1593025028705597
v 0.3681088387966156 -0.013918220065534115 -0.21147386729717255
v 0.36489221453666687 -0.050477493554353714 -0.2085583508014679
v 0.3633972406387329 -0.08675331622362137 -0.20382902026176453
v 0.36305364966392517 -0.12278115749359131 -0.19785979390144348
v 0.36313506960868835 -0.1587735265493393 -0.19142650067806244
v 0.36324140429496765 -0.1947307586669922 -0.18496838212013245
v 0.36334413290023804 -0.23068764805793762 -0.17851029336452484
v 0.3505164682865143 -0.01735444739460945 -0.23094382882118225
v 0.34742382168769836 -0.05394919589161873 -0.2282160222530365
v 0.34579068422317505 -0.09026049077510834 -0.2238055318593979
v 0.3453478515148163 -0.12635928392410278 -0.21798864006996155
v 0.34542226791381836 -0.16231617331504822 -0.2115553319454193
v 0.34554269909858704 -0.1982734054327011 -0.2050689160823822
v 0.3456737995147705 -0.2341948300600052 -0.19856829941272736
v 0.33344489336013794 -0.021003177389502525 -0.2516961395740509
v 0.3305860161781311 -0.057633399963378906 -0.24902506172657013
v 0.32899537682533264 -0.09398017078638077 -0.24475274980068207
v 0.3285525441169739 -0.13004347681999207 -0.2389889806509018
v 0.32864823937416077 -0.1660003811120987 -0.23252379894256592
v 0.3288005292415619 -0.2019576132297516 -0.2259771227836609
v 0.3289564251899719 -0.23787936568260193 -0.21943047642707825
v 0.3172517716884613 -0.024829277768731117 -0.2733731269836426
v 0.3146550953388214 -0.0614595003426075 -0.270712673664093
v 0.313174307346344 -0.09780626744031906 -0.2664969861507416
v 0.3127562403678894 -0.13386958837509155 -0.26075804233551025
v 0.31283774971961975 -0.169826477766037 -0.25429287552833557
v 0.31303614377975464 -0.20578370988368988 -0.24766473472118378
v 0.3132345378398895 -0.24170513451099396 -0.2410365790128708
v 0.30209314823150635 -0.028796935454010963 -0.29580822587013245
v 0.2997727394104004 -0.06539168208837509 -0.29310524463653564
v 0.298437237739563 -0.10173845291137695 -0.28889310359954834
v 0.29805463552474976 -0.1378372460603714 -0.28315770626068115
v 0.2981502413749695 -0.17379413545131683 -0.27666065096855164
v 0.29833799600601196 -0.20971590280532837 -0.2700183093547821
v 0.2985506057739258 -0.24563731253147125 -0.2633334994316101
v 0.28801852464675903 -0.03287101536989212 -0.3189234733581543
v 0.2859886586666107 -0.06946542114019394 -0.3161248564720154
v 0.28481608629226685 -0.1058121919631958 -0.3118595778942108
v 0.2844794988632202 -0.1418755054473877 -0.3061135709285736
v 0.2845751941204071 -0.1778327375650406 -0.29960229992866516
v 0.28475940227508545 -0.21375416219234467 -0.29293161630630493
v 0.2849436104297638 -0.249675914645195 -0.2862609922885895
v 0.27505984902381897 -0.03705117478966713 -0.3426763713359833
v 0.2733169198036194 -0.07361044734716415 -0.33974310755729675
v 0.2723143696784973 -0.10995721817016602 -0.3353857696056366
v 0.2720344662666321 -0.1460205316543579 -0.32959720492362976
v 0.2721194922924042 -0.18197743594646454 -0.3230895400047302
v 0.27228596806526184 -0.21789918839931488 -0.3164082169532776
v 0.2724524438381195 -0.25382059812545776 -0.30973759293556213
v 0.2632454037666321 -0.0413377583026886 -0.367010235786438
v 0.26177164912223816 -0.07789703458547592 -0.3639281988143921
v 0.26092854142189026 -0.11420832574367523 -0.3594645857810974
v 0.26070886850357056 -0.15027163922786713 -0.35361936688423157
v 0.26080456376075745 -0.1861930638551712 -0.3470585346221924
v 0.2609497308731079 -0.22211483120918274 -0.34038785099983215
v 0.26110920310020447 -0.2580362558364868 -0.333688884973526
v 0.2526140809059143 -0.04573042690753937 -0.39185425639152527
v 0.2513706386089325 -0.08225422352552414 -0.3886447250843048
v 0.2506728172302246 -0.11853004992008209 -0.38408541679382324
v 0.2505062520503998 -0.154593363404274 -0.3781728744506836
v 0.25060194730758667 -0.19051511585712433 -0.3715801537036896
v 0.2507365942001343 -0.22643688321113586 -0.36489179730415344
v 0.25087112188339233 -0.26235830783843994 -0.3582034111022949
v 0.2431696057319641 -0.050194039940834045 -0.41720137000083923
v 0.2421458512544632 -0.08668236434459686 -0.4138394892215729
v 0.24157902598381042 -0.12295819073915482 -0.4091774523258209
v 0.24144795536994934 -0.1590215116739273 -0.4032188057899475
v 0.24154001474380493 -0.19494326412677765 -0.3965977728366852
v 0.24167464673519135 -0.23082955181598663 -0.38986334204673767
v 0.24179863929748535 -0.2667509615421295 -0.383150190114975
v 0.23496147990226746 -0.05472860485315323 -0.44289907813072205
v 0.234150230884552 -0.09118145704269409 -0.4393565356731415
v 0.23369330167770386 -0.12745727598667145 -0.43461307883262634
v 0.2335905134677887 -0.16348545253276825 -0.4286261200904846
v 0.23366136848926544 -0.19940687716007233 -0.42202630639076233
v 0.2337818145751953 -0.23532864451408386 -0.41527068614959717
v 0.23389869928359985 -0.27121493220329285 -0.4085184931755066
v 0.22800743579864502 -0.059298302978277206 -0.46888741850852966
v 0.22739459574222565 -0.09571601450443268 -0.46511098742485046
v 0.22704391181468964 -0.13195636868476868 -0.46025413274765015
v 0.2269624024629593 -0.16801968216896057 -0.45425304770469666
v 0.2270190715789795 -0.2039414346218109 -0.44767099618911743
v 0.22711467742919922 -0.23986320197582245 -0.4409152567386627
v 0.22721748054027557 -0.275749146938324 -0.4341418743133545
v 0.22231458127498627 -0.06390380859375 -0.4950988292694092
v 0.2218823879957199 -0.10028605163097382 -0.491024911403656
v 0.22163085639476776 -0.13652640581130981 -0.48601922392845154
v 0.22157064080238342 -0.17255423963069916 -0.480007529258728
v 0.22160957753658295 -0.2084760069847107 -0.473460853099823
v 0.22167688608169556 -0.24439741671085358 -0.4667441248893738
v 0.2217477560043335 -0.2803191840648651 -0.4600309729576111
v 0.21788634359836578 -0.06857992708683014 -0.5214590430259705
v 0.21761709451675415 -0.10489122569561005 -0.5169954299926758
v 0.21745416522026062 -0.1410609632730484 -0.5118126273155212
v 0.2174115926027298 -0.17708881199359894 -0.5057796239852905
v 0.2174328714609146 -0.21304570138454437 -0.4992719888687134
v 0.21747180819511414 -0.24896745383739471 -0.4926474392414093
v 0.21751083433628082 -0.28488922119140625 -0.48603343963623047
v 0.2147122025489807 -0.07325605303049088 -0.5479574799537659
v 0.21458111703395844 -0.10946126282215118 -0.5429978966712952
v 0.21449607610702515 -0.14559519290924072 -0.5375423431396484
v 0.21447132527828217 -0.18162336945533752 -0.5314951539039612
v 0.21447841823101044 -0.21758025884628296 -0.525061845779419
v 0.214492529630661 -0.25353750586509705 -0.5185577273368835
v 0.21450316905975342 -0.2894943952560425 -0.5121031999588013
v 0.21278859674930573 -0.07796764373779297 -0.5746577978134155
v 0.21275313198566437 -0.11406643688678741 -0.5691030621528625
v 0.2127283811569214 -0.1501297503709793 -0.5632542371749878
v 0.21272128820419312 -0.18615759909152985 -0.5571114420890808
v 0.21272128820419312 -0.22211483120918274 -0.5507631897926331
v 0.21272128820419312 -0.25810718536376953 -0.5443795323371887
v 0.21271774172782898 -0.294099897146225 -0.5381304025650024
v 0.756466269493103 0.21298320591449738 0.23243558406829834
v 0.7515279650688171 0.20759861171245575 0.20191213488578796
v 0.7441346049308777 0.20256809890270233 0.1733856201171875
v 0.720424234867096 0.21365618705749512 0.23630090057849884
v 0.7315018773078918 0.19835245609283447 0.149407759308815
v 0.7118548154830933 0.20933446288108826 0.21174736320972443
v 0.6864048838615417 0.2140815407037735 0.23876331746578217
v 0.6996612548828125 0.20540228486061096 0.18940404057502747
v 0.7057402729988098 0.19629769027233124 0.1379195749759674
v 0.6754266023635864 0.21068044006824493 0.21950840950012207
v 0.6559000015258789 0.21432951092720032 0.2400939017534256
v 0.6823203563690186 0.20210760831832886 0.1707201898097992
v 0.6598392724990845 0.20759861171245575 0.20185934007167816
v 0.643051028251648 0.21184973418712616 0.22605542838573456
v 0.633301854133606 0.21443559229373932 0.24075177311897278
v 0.6752564907073975 0.194916233420372 0.12993106245994568
v 0.6582946181297302 0.1997339129447937 0.15741005539894104
v 0.6394801735877991 0.20487084984779358 0.18645696341991425
v 0.6160141229629517 0.21305415034294128 0.23292304575443268
v 0.6240381002426147 0.20944054424762726 0.212409108877182
v 0.5919069647789001 0.21128281950950623 0.22292912006378174
v 0.6006004214286804 0.20717361569404602 0.19960236549377441
v 0.63020920753479 0.1978919804096222 0.14683301746845245
v 0.6148025989532471 0.20260357856750488 0.17354395985603333
v 0.6428632140159607 0.19356992840766907 0.12245944142341614
v 0.5645867586135864 0.20944054424762726 0.21230636537075043
v 0.5741835832595825 0.20508335530757904 0.18763203918933868
v 0.5872130990028381 0.2005842626094818 0.16208162903785706
v 0.5997963547706604 0.19615612924098969 0.13713878393173218
v 0.6096305251121521 0.1921529918909073 0.11442915350198746
v 0.535647451877594 0.20749220252037048 0.2013612687587738
v 0.5458111763000488 0.2030285894870758 0.17611658573150635
v 0.5575227737426758 0.19863592088222504 0.15120773017406464
v 0.567927360534668 0.19445575773715973 0.12738537788391113
v 0.5058687329292297 0.20550836622714996 0.19001655280590057
v 0.5760363340377808 0.19055870175361633 0.10537081956863403
v 0.515922486782074 0.20104475319385529 0.16469888389110565
v 0.5263020992279053 0.19672302901744843 0.14030511677265167
v 0.53534996509552 0.19261348247528076 0.11697237193584442
v 0.47545215487480164 0.20341844856739044 0.17820702493190765
v 0.48497456312179565 0.19895483553409576 0.1529623568058014
v 0.5425696969032288 0.18875224888324738 0.095021553337574
v 0.494465172290802 0.19470372796058655 0.1287684142589569
v 0.44474875926971436 0.2011866420507431 0.1655997633934021
v 0.5028397440910339 0.19059418141841888 0.105428546667099
v 0.45386382937431335 0.19672302901744843 0.14035189151763916
v 0.5096026062965393 0.1866619884967804 0.08324075490236282
v 0.462900847196579 0.1924719214439392 0.11608531326055527
v 0.4142933189868927 0.1987774670124054 0.1519722044467926
v 0.47085389494895935 0.18829143047332764 0.09252582490444183
v 0.42317453026771545 0.19431385397911072 0.12659256160259247
v 0.38436925411224365 0.19619160890579224 0.13722769916057587
v 0.4318715035915375 0.18999214470386505 0.10210634768009186
v 0.47718098759651184 0.1843237727880478 0.06998021900653839
v 0.39308398962020874 0.19165703654289246 0.1116316020488739
v 0.43948808312416077 0.1857765018939972 0.0782652199268341
v 0.3550722301006317 0.19339288771152496 0.12136904895305634
v 0.4015081524848938 0.18729950487613678 0.08688463270664215
v 0.4454147219657898 0.18173789978027344 0.055287063121795654
v 0.36365941166877747 0.18882285058498383 0.09551610052585602
v 0.40878814458847046 0.18304839730262756 0.06267933547496796
v 0.3264128863811493 0.19038167595863342 0.10440793633460999
v 0.3718073070049286 0.1843947172164917 0.07042800635099411
v 0.33485832810401917 0.1857765018939972 0.07823971658945084
v 0.4143393635749817 0.1789037138223648 0.039181504398584366
v 0.298380583524704 0.18722890317440033 0.08636033535003662
v 0.378761351108551 0.18007265031337738 0.04576961696147919
v 0.34279364347457886 0.18127740919589996 0.052761223167181015
v 0.3067516088485718 0.18255244195461273 0.05984565243124962
v 0.2710709273815155 0.18386328220367432 0.06726980954408646
v 0.3841283619403839 0.17582188546657562 0.02177262119948864
v 0.34959542751312256 0.17688441276550293 0.027674170210957527
v 0.3146055042743683 0.17798274755477905 0.03397994861006737
v 0.27947744727134705 0.17911621928215027 0.04041182994842529
v 0.24456895887851715 0.1803206354379654 0.047183796763420105
v 0.35479941964149475 0.17252720892429352 0.003100450150668621
v 0.3214036524295807 0.17348365485668182 0.008505006320774555
v 0.2873879373073578 0.17451104521751404 0.01420604344457388
v 0.25313133001327515 0.17553843557834625 0.020037826150655746
v 0.2189207524061203 0.17660096287727356 0.02619161829352379
v 0.3265722692012787 0.1690555214881897 -0.016642628237605095
v 0.2943703532218933 0.1699410080909729 -0.011546291410923004
v 0.2613005042076111 0.17086197435855865 -0.006365283392369747
v 0.22779493033885956 0.17178328335285187 -0.0011545235756784678
v 0.19417592883110046 0.17273971438407898 0.0043364581651985645
v 0.17041948437690735 0.16877205669879913 -0.018242452293634415
v 0.23654860258102417 0.16714230179786682 -0.0274300966411829
v 0.2036133110523224 0.16795718669891357 -0.02294023707509041
v 0.2688107192516327 0.16632774472236633 -0.03209244832396507
v 0.29975855350494385 0.16544191539287567 -0.0371122844517231
v 0.1477895826101303 0.16469798982143402 -0.041338562965393066
v 0.18082047998905182 0.16406047344207764 -0.04496258869767189
v 0.21350060403347015 0.16345809400081635 -0.04847681522369385
v 0.2452562302350998 0.16274963319301605 -0.052458662539720535
v 0.27493587136268616 0.1618286669254303 -0.05764501169323921
v 0.12632516026496887 0.16058877110481262 -0.0647372305393219
v 0.15955445170402527 0.1601988971233368 -0.06682026386260986
v 0.19247546792030334 0.15984483063220978 -0.06885366886854172
v 0.22447197139263153 0.1593843549489975 -0.07153540104627609
v 0.2536945939064026 0.1585339903831482 -0.0764206051826477
v 0.7600018382072449 0.999008059501648 0.24097566306591034
v 0.7584429979324341 0.9992560744285583 0.26846206188201904
v 0.760235607624054 0.9985830783843994 0.2117438167333603
v 0.7600018382072449 0.9979803562164307 0.18204082548618317
v 0.7530087828636169 0.9992560744285583 0.2911139726638794
v 0.7354730367660522 0.9985830783843994 0.3000344932079315
v 0.7268468737602234 0.9978391528129578 0.2538242042064667
v 0.7274348735809326 0.9975553750991821 0.2298332154750824
v 0.7271090149879456 0.9970952272415161 0.20411242544651031
v 0.7245088219642639 0.9978742599487305 0.2736569046974182
v 0.7264183163642883 0.9965283274650574 0.17800937592983246
v 0.7200946807861328 0.9976972341537476 0.28548622131347656
v 0.7097858190536499 0.9971303343772888 0.3016325533390045
v 0.7000083923339844 0.9963512420654297 0.2831166386604309
v 0.697323203086853 0.9959965348243713 0.2651841342449188
v 0.6962142586708069 0.9956775903701782 0.24462449550628662
v 0.695165753364563 0.9952884316444397 0.2219906896352768
v 0.6940107941627502 0.9947924613952637 0.19847974181175232
v 0.6928418874740601 0.9941897392272949 0.1749361902475357
v 0.6795288920402527 0.994721531867981 0.3014129102230072
v 0.6720718145370483 0.9939066171646118 0.28103217482566833
v 0.6675833463668823 0.9932687878608704 0.26065993309020996
v 0.6646713018417358 0.9927376508712769 0.23936380445957184
v 0.6625315546989441 0.9921707510948181 0.21732299029827118
v 0.6608205437660217 0.9915687441825867 0.19508737325668335
v 0.6593220233917236 0.9909308552742004 0.17301009595394135
v 0.6470080614089966 0.9912497997283936 0.3009771704673767
v 0.640649139881134 0.9903639554977417 0.27972283959388733
v 0.6357816457748413 0.9895849227905273 0.25839588046073914
v 0.632224977016449 0.9888761043548584 0.2368074655532837
v 0.6296671032905579 0.9882031083106995 0.2150936722755432
v 0.6276974678039551 0.9875301122665405 0.1934383064508438
v 0.6258873343467712 0.9867861866950989 0.17187507450580597
v 0.6135165691375732 0.9868212938308716 0.300683856010437
v 0.6078166365623474 0.9858294129371643 0.2790614366531372
v 0.6031014919281006 0.984944224357605 0.25742024183273315
v 0.5995199680328369 0.9841293692588806 0.23575888574123383
v 0.5968594551086426 0.983349621295929 0.21412478387355804
v 0.594663143157959 0.9826056957244873 0.1925402730703354
v 0.5925623774528503 0.9817556738853455 0.1709965169429779
v 0.5797702074050903 0.9813657999038696 0.300505667924881
v 0.5746582746505737 0.9803387522697449 0.2787128686904907
v 0.5703080296516418 0.9793819785118103 0.2569288909435272
v 0.5668609738349915 0.9784610271453857 0.23515839874744415
v 0.5641049742698669 0.9776110053062439 0.21341167390346527
v 0.56168532371521 0.976760983467102 0.19170351326465607
v 0.5593543648719788 0.9758042097091675 0.17005595564842224
v 0.546087384223938 0.9749892950057983 0.30035334825515747
v 0.5415423512458801 0.9739264249801636 0.2784042954444885
v 0.5375640392303467 0.9729345440864563 0.2564673125743866
v 0.5342482328414917 0.9719426035881042 0.23454482853412628
v 0.5314247012138367 0.9709864854812622 0.2126450538635254
v 0.5288315415382385 0.9700297117233276 0.1907881200313568
v 0.5262845754623413 0.9689668416976929 0.1689910590648651
v 0.5125393271446228 0.9676918387413025 0.300182580947876
v 0.5085184574127197 0.9666289687156677 0.27805784344673157
v 0.5048874616622925 0.965566098690033 0.2559475898742676
v 0.5017025470733643 0.9645032286643982 0.23385687172412872
v 0.4988296329975128 0.9634761810302734 0.21177925169467926
v 0.4960983097553253 0.9623775482177734 0.18975722789764404
v 0.49339884519577026 0.9612085819244385 0.16780713200569153
v 0.4791470766067505 0.9594017863273621 0.30000191926956177
v 0.4756222665309906 0.9583747386932373 0.2776741683483124
v 0.47231346368789673 0.9572767615318298 0.2553730010986328
v 0.46925976872444153 0.9561780691146851 0.2331083118915558
v 0.4663584530353546 0.9550449252128601 0.2108149528503418
v 0.4635207951068878 0.9538050293922424 0.18860092759132385
v 0.4606832265853882 0.9525293111801147 0.16644856333732605
v 0.44600993394851685 0.9502266049385071 0.29977554082870483
v 0.4428960084915161 0.9491994976997375 0.27724871039390564
v 0.4398847818374634 0.9481015205383301 0.2547261118888855
v 0.4369586110115051 0.9469318985939026 0.2322198748588562
v 0.43406084179878235 0.9456920027732849 0.20974864065647125
v 0.4311453104019165 0.944381833076477 0.18731923401355743
v 0.42820850014686584 0.9429290890693665 0.16495253145694733
v 0.41308528184890747 0.9400952458381653 0.299541711807251
v 0.41038236021995544 0.939103364944458 0.27677613496780396
v 0.4076615869998932 0.9380046725273132 0.25401973724365234
v 0.40488070249557495 0.9368005990982056 0.23128779232501984
v 0.4019971191883087 0.9354897737503052 0.20858420431613922
v 0.3990248143672943 0.9340370297431946 0.18591919541358948
v 0.396010160446167 0.9324789047241211 0.16331835091114044
v 0.3804298937320709 0.9290774464607239 0.29928064346313477
v 0.37812721729278564 0.9281213283538818 0.2762628197669983
v 0.37570056319236755 0.9270584583282471 0.2532598674297333
v 0.37306493520736694 0.9258185625076294 0.23027780652046204
v 0.3702060878276825 0.9244016408920288 0.20732128620147705
v 0.3671877980232239 0.9228428602218628 0.18440121412277222
v 0.3641093373298645 0.9211421608924866 0.16154955327510834
v 0.3480898141860962 0.9171393513679504 0.2990061044692993
v 0.3461768329143524 0.9162535071372986 0.27571478486061096
v 0.34403708577156067 0.9152264595031738 0.25244012475013733
v 0.3415467441082001 0.9139507412910461 0.2291852980852127
v 0.33871620893478394 0.9124277234077454 0.20595738291740417
v 0.3356660306453705 0.9107628464698792 0.18276596069335938
v 0.3325343728065491 0.9089560508728027 0.15964257717132568
v 0.31269246339797974 0.9025086164474487 0.25156262516975403
v 0.3145558536052704 0.9035356640815735 0.27512848377227783
v 0.31035086512565613 0.9011977910995483 0.22801588475704193
v 0.316093385219574 0.9042795896530151 0.29871276021003723
v 0.30755576491355896 0.8996389508247375 0.20449571311473846
v 0.3044843375682831 0.8978321552276611 0.18101665377616882
v 0.30131375789642334 0.8958841562271118 0.15760383009910583
v 0.2816915214061737 0.8889407515525818 0.250623494386673
v 0.2794986367225647 0.8876298666000366 0.22676712274551392
v 0.2832821011543274 0.889896810054779 0.27450287342071533
v 0.27675312757492065 0.8859643340110779 0.2029387503862381
v 0.28445467352867126 0.890569806098938 0.29840031266212463
v 0.27367115020751953 0.8840514421463013 0.1791515052318573
v 0.2704686224460602 0.8819615244865417 0.15543365478515625
v 0.24901129305362701 0.8732113242149353 0.2254432737827301
v 0.2510518729686737 0.8745573163032532 0.24962803721427917
v 0.24632255733013153 0.8714754581451416 0.2012847512960434
v 0.2523767352104187 0.8754431009292603 0.2738382816314697
v 0.24324047565460205 0.8694207072257996 0.17717120051383972
v 0.2531950771808624 0.8759748935699463 0.2980676591396332
v 0.24002385139465332 0.8672246932983398 0.15313205122947693
v 0.21888890862464905 0.8579427599906921 0.22404396533966064
v 0.22077348828315735 0.8592894077301025 0.24857906997203827
v 0.21626384556293488 0.856135904788971 0.19953754544258118
v 0.22184690833091736 0.8600684404373169 0.2731386125087738
v 0.21319951117038727 0.8539750576019287 0.17507541179656982
v 0.20998287200927734 0.8516371846199036 0.15067492425441742
v 0.22233931720256805 0.8604934811592102 0.2977169454097748
v 0.18911711871623993 0.8418241143226624 0.22257733345031738
v 0.1865735650062561 0.8399463891983032 0.1977042704820633
v 0.19085296988487244 0.8431707620620728 0.24747873842716217
v 0.183548241853714 0.8377145528793335 0.1728726476430893
v 0.1916961520910263 0.8438789248466492 0.2724042534828186
v 0.1803528219461441 0.8352347612380981 0.1481030285358429
v 0.1918945461511612 0.8441268801689148 0.29734960198402405
v 0.159671351313591 0.8248196840286255 0.22104765474796295
v 0.15723049640655518 0.8229067921638489 0.1957959085702896
v 0.1612619310617447 0.8261305093765259 0.24633023142814636
v 0.1542937010526657 0.8205689191818237 0.1705845147371292
v 0.15117977559566498 0.8180181980133057 0.14543263614177704
v 0.16190670430660248 0.8267683982849121 0.2716379761695862
v 0.16186776757240295 0.8269102573394775 0.2969662845134735
v 0.13050539791584015 0.8068943023681641 0.21945564448833466
v 0.1281956434249878 0.80494624376297 0.19380781054496765
v 0.13196489214897156 0.8082051277160645 0.2451353371143341
v 0.12540410459041595 0.8025725483894348 0.16819822788238525
v 0.12246375530958176 0.7999866604804993 0.1426488757133484
v 0.13245730102062225 0.8087720274925232 0.2708416283130646
v 0.13225899636745453 0.8088078498840332 0.29656845331192017
v 0.10159098356962204 0.7880127429962158 0.2178051471710205
v 0.09944414347410202 0.7860289216041565 0.19174319505691528
v 0.10293712466955185 0.789287805557251 0.24389685690402985
v 0.09685810655355453 0.7836910486221313 0.165719136595726
v 0.1033480316400528 0.7898547053337097 0.270015150308609
v 0.09414444863796234 0.7811045050621033 0.1397496610879898
v 0.10307885706424713 0.7898195385932922 0.2961553931236267
v 0.07295992970466614 0.7681035399436951 0.21609552204608917
v 0.07419981807470322 0.7694143652915955 0.24261339008808136
v 0.0710114911198616 0.7661906480789185 0.1896066814661026
v 0.07458952814340591 0.7699812650680542 0.26915961503982544
v 0.06869471073150635 0.763887882232666 0.1631525456905365
v 0.0662786141037941 0.7614080905914307 0.13674591481685638
v 0.07434509694576263 0.7699812650680542 0.2957260310649872
v 0.04583803191781044 0.7485483884811401 0.24128457903862
v 0.04470793902873993 0.747273325920105 0.21432457864284515
v 0.04625248163938522 0.7491862177848816 0.26827219128608704
v 0.04299692064523697 0.7454665303230286 0.1873968094587326
v 0.040998902171850204 0.7432698607444763 0.16050519049167633
v 0.04610374569892883 0.7492571473121643 0.29528534412384033
v 0.03892292454838753 0.7408968210220337 0.13363942503929138
v 0.01799348182976246 0.7268681526184082 0.2399093508720398
v 0.018429217860102654 0.7275053262710571 0.26735538244247437
v 0.01698383130133152 0.7256282567977905 0.21249130368232727
v 0.018411481752991676 0.7276830077171326 0.2948254942893982
v 0.015527800656855106 0.7238923907279968 0.18511149287223816
v 0.013866361230611801 0.7218727469444275 0.1577809602022171
v 0.012134058400988579 0.7196409702301025 0.13042668998241425
v -0.008770638145506382 0.7050811648368835 0.2664080858230591
v -0.009220563806593418 0.7043723464012146 0.23848487436771393
v -0.008667848072946072 0.7053642868995667 0.2943522334098816
v -0.010099045932292938 0.7031682729721069 0.21058930456638336
v -0.011307097040116787 0.7015743255615234 0.18272946774959564
v -0.012667432427406311 0.6996966004371643 0.15491005778312683
v -0.014052598737180233 0.697676956653595 0.12706902623176575
v -0.03508483245968819 0.6822671294212341 0.29386335611343384
v -0.03527968376874924 0.6819130778312683 0.2654300034046173
v -0.03572243079543114 0.6811691522598267 0.23701472580432892
v -0.03646991401910782 0.6800353527069092 0.20862458646297455
v -0.03744417428970337 0.6785474419593811 0.18027624487876892
v -0.03852105885744095 0.6768467426300049 0.1519063264131546
v -0.039590928703546524 0.675004780292511 0.12356472760438919
v -0.060807373374700546 0.6584963202476501 0.2933627963066101
v -0.06105535104870796 0.6580713391304016 0.26442673802375793
v -0.061469804495573044 0.6573273539543152 0.23550274968147278
v -0.06208628788590431 0.6562293767929077 0.20658938586711884
v -0.06283723562955856 0.6548827290534973 0.1776958554983139
v -0.06364502012729645 0.6533597111701965 0.14881932735443115
v -0.06445618718862534 0.6516590118408203 0.11999879032373428
v -0.08580726385116577 0.6340525150299072 0.292850524187088
v -0.08606233447790146 0.6335565447807312 0.2634008228778839
v -0.08642011135816574 0.6328484416007996 0.23396597802639008
v -0.08690197020769119 0.6318565607070923 0.20451484620571136
v -0.08743331581354141 0.6306517720222473 0.17507684230804443
v -0.08801432698965073 0.6292699575424194 0.1456763595342636
v -0.08859879523515701 0.6277469992637634 0.11631274968385696
v -0.11006676405668259 0.6089357137680054 0.2923283576965332
v -0.11028999835252762 0.6084756255149841 0.2623479664325714
v -0.1105414405465126 0.6078377366065979 0.23236121237277985
v -0.11083907634019852 0.606987714767456 0.20237869024276733
v -0.11120040714740753 0.6059248447418213 0.17241601645946503
v -0.11159010976552963 0.6046491861343384 0.14247636497020721
v -0.11200101673603058 0.6032322645187378 0.11256576329469681
v -0.13351856172084808 0.5832520723342896 0.29179060459136963
v -0.1336425542831421 0.5828628540039062 0.2612685263156891
v -0.13377009332180023 0.5823310613632202 0.23074933886528015
v -0.1339365690946579 0.5815871357917786 0.2002357840538025
v -0.1341172307729721 0.580666184425354 0.16973286867141724
v -0.13431917130947113 0.5796033143997192 0.13923846185207367
v -0.13458134233951569 0.5782573223114014 0.10875751078128815
f 5845 6037 6042
f 6260 278 280
f 2 4 3
f 3 1 2
f 5 6 4
f 4 2 5
f 10 11 6
f 6 5 10
f 15 27 11
f 11 10 15
f 16 33 27
f 27 15 16
f 17 34 33
f 33 16 17
f 18 35 34
f 34 17 18
f 19 36 35
f 35 18 19
f 20 37 36
f 36 19 20
f 21 38 37
f 37 20 21
f 22 39 38
f 38 21 22
f 23 40 39
f 39 22 23
f 24 41 40
f 40 23 24
f 25 42 24
f 41 24 42
f 43 42 25
f 25 26 43
f 60 59 42
f 42 43 60
f 77 76 60
f 59 60 76
f 92 91 77
f 76 77 91
f 93 107 92
f 91 92 107
f 108 109 93
f 107 93 109
f 121 122 108
f 109 108 122
f 132 133 121
f 122 121 133
f 143 144 132
f 133 132 144
f 148 155 143
f 144 143 155
f 160 161 155
f 155 148 160
f 170 171 161
f 161 160 170
f 180 181 171
f 171 170 180
f 190 191 180
f 181 180 191
f 200 201 190
f 191 190 201
f 210 211 200
f 201 200 211
f 220 221 210
f 211 210 221
f 230 231 220
f 221 220 231
f 233 245 230
f 231 230 245
f 234 246 233
f 245 233 246
f 235 247 246
f 246 234 235
f 236 248 247
f 247 235 236
f 249 248 236
f 236 237 249
f 259 258 249
f 248 249 258
f 267 266 259
f 258 259 266
f 273 269 267
f 266 267 269
f 274 268 273
f 269 273 268
f 275 270 274
f 268 274 270
f 276 271 270
f 270 275 276
f 272 271 277
f 276 277 271
f 265 263 272
f 271 272 263
f 255 253 265
f 263 265 253
f 243 241 255
f 253 255 241
f 229 227 243
f 241 243 227
f 219 218 227
f 227 229 219
f 209 208 218
f 218 219 209
f 199 198 208
f 208 209 199
f 189 188 198
f 198 199 189
f 178 177 189
f 188 189 177
f 166 165 178
f 177 178 165
f 154 153 166
f 165 166 153
f 142 141 154
f 153 154 141
f 129 127 142
f 141 142 127
f 115 113 129
f 127 129 113
f 99 97 115
f 113 115 97
f 82 81 97
f 97 99 82
f 66 65 81
f 81 82 66
f 49 47 65
f 65 66 49
f 32 30 49
f 47 49 30
f 13 14 32
f 30 32 14
f 7 8 13
f 14 13 8
f 4 8 7
f 7 3 4
f 6 9 4
f 8 4 9
f 11 12 9
f 9 6 11
f 27 28 12
f 12 11 27
f 33 44 28
f 28 27 33
f 34 51 44
f 44 33 34
f 35 52 51
f 51 34 35
f 36 53 52
f 52 35 36
f 37 54 53
f 53 36 37
f 38 55 54
f 54 37 38
f 39 56 55
f 55 38 39
f 40 57 56
f 56 39 40
f 41 58 40
f 57 40 58
f 59 58 41
f 41 42 59
f 76 75 58
f 58 59 76
f 91 90 75
f 75 76 91
f 107 106 91
f 90 91 106
f 109 120 107
f 106 107 120
f 122 123 109
f 120 109 123
f 133 134 122
f 123 122 134
f 144 145 134
f 134 133 144
f 155 156 144
f 145 144 156
f 161 167 156
f 156 155 161
f 171 172 167
f 167 161 171
f 181 182 172
f 172 171 181
f 191 192 181
f 182 181 192
f 201 202 192
f 192 191 201
f 211 212 201
f 202 201 212
f 221 222 211
f 212 211 222
f 231 232 221
f 222 221 232
f 245 244 231
f 232 231 244
f 246 256 245
f 244 245 256
f 247 257 246
f 256 246 257
f 258 257 248
f 247 248 257
f 266 264 258
f 257 258 264
f 269 261 266
f 264 266 261
f 268 260 269
f 261 269 260
f 270 262 260
f 260 268 270
f 263 262 271
f 270 271 262
f 253 251 263
f 262 263 251
f 241 239 253
f 251 253 239
f 227 225 241
f 239 241 225
f 218 216 225
f 225 227 218
f 208 207 216
f 216 218 208
f 198 197 208
f 207 208 197
f 188 187 197
f 197 198 188
f 177 176 188
f 187 188 176
f 165 164 177
f 176 177 164
f 153 152 165
f 164 165 152
f 141 140 153
f 152 153 140
f 127 126 141
f 140 141 126
f 113 112 127
f 126 127 112
f 97 96 113
f 112 113 96
f 81 80 96
f 96 97 81
f 65 64 81
f 80 81 64
f 47 46 64
f 64 65 47
f 30 29 47
f 46 47 29
f 12 29 30
f 30 14 12
f 28 31 29
f 29 12 28
f 44 45 31
f 31 28 44
f 51 61 45
f 45 44 51
f 52 69 61
f 61 51 52
f 53 70 69
f 69 52 53
f 54 71 70
f 70 53 54
f 55 72 71
f 71 54 55
f 56 73 72
f 72 55 56
f 57 74 56
f 73 56 74
f 75 74 57
f 57 58 75
f 9 12 14
f 14 8 9
f 31 48 46
f 46 29 31
f 45 50 48
f 48 31 45
f 61 62 50
f 50 45 61
f 69 78 62
f 62 61 69
f 70 85 78
f 78 69 70
f 71 86 70
f 85 70 86
f 72 87 86
f 86 71 72
f 73 88 87
f 87 72 73
f 74 89 88
f 88 73 74
f 90 89 74
f 74 75 90
f 106 105 89
f 89 90 106
f 120 119 105
f 105 106 120
f 123 131 119
f 119 120 123
f 134 135 123
f 131 123 135
f 145 146 135
f 135 134 145
f 156 157 145
f 146 145 157
f 167 168 157
f 157 156 167
f 172 179 168
f 168 167 172
f 182 183 179
f 179 172 182
f 192 193 182
f 183 182 193
f 202 203 193
f 193 192 202
f 212 213 202
f 203 202 213
f 222 223 212
f 213 212 223
f 232 228 222
f 223 222 228
f 244 242 232
f 228 232 242
f 256 254 242
f 242 244 256
f 264 254 257
f 256 257 254
f 48 63 46
f 64 46 63
f 50 67 63
f 63 48 50
f 62 68 67
f 67 50 62
f 78 79 68
f 68 62 78
f 85 94 79
f 79 78 85
f 86 102 85
f 94 85 102
f 87 103 102
f 102 86 87
f 88 104 87
f 103 87 104
f 105 104 88
f 88 89 105
f 261 252 264
f 254 264 252
f 260 250 252
f 252 261 260
f 251 250 262
f 260 262 250
f 239 238 251
f 250 251 238
f 225 224 239
f 238 239 224
f 216 215 225
f 224 225 215
f 207 206 215
f 215 216 207
f 197 196 207
f 206 207 196
f 187 185 197
f 196 197 185
f 176 174 187
f 185 187 174
f 164 163 176
f 174 176 163
f 152 151 164
f 163 164 151
f 140 139 152
f 151 152 139
f 126 128 140
f 139 140 128
f 112 114 126
f 128 126 114
f 96 98 112
f 114 112 98
f 64 63 67
f 67 80 64
f 80 83 96
f 98 96 83
f 68 83 80
f 80 67 68
f 79 84 83
f 83 68 79
f 94 95 84
f 84 79 94
f 102 110 94
f 95 94 110
f 103 117 102
f 110 102 117
f 104 118 103
f 117 103 118
f 119 118 104
f 104 105 119
f 131 130 118
f 118 119 131
f 135 136 131
f 130 131 136
f 146 147 136
f 136 135 146
f 157 158 146
f 147 146 158
f 168 169 157
f 158 157 169
f 179 175 168
f 169 168 175
f 183 186 175
f 175 179 183
f 193 194 186
f 186 183 193
f 203 204 194
f 194 193 203
f 213 214 203
f 204 203 214
f 223 217 213
f 214 213 217
f 228 226 223
f 217 223 226
f 242 240 228
f 226 228 240
f 252 240 254
f 242 254 240
f 84 100 98
f 98 83 84
f 95 101 84
f 100 84 101
f 110 111 101
f 101 95 110
f 117 124 111
f 111 110 117
f 130 124 117
f 117 118 130
f 238 240 250
f 252 250 240
f 224 226 238
f 240 238 226
f 215 217 224
f 226 224 217
f 206 214 215
f 217 215 214
f 196 195 205
f 205 206 196
f 185 184 196
f 195 196 184
f 174 173 185
f 184 185 173
f 163 162 173
f 173 174 163
f 151 150 163
f 162 163 150
f 139 138 151
f 150 151 138
f 128 125 139
f 138 139 125
f 116 125 128
f 128 114 116
f 205 204 214
f 214 206 205
f 195 194 205
f 204 205 194
f 184 186 194
f 194 195 184
f 173 175 186
f 186 184 173
f 162 169 173
f 175 173 169
f 150 149 159
f 159 162 150
f 138 137 150
f 149 150 137
f 136 137 130
f 124 130 137
f 159 158 169
f 169 162 159
f 149 147 159
f 158 159 147
f 149 137 136
f 136 147 149
f 100 116 114
f 114 98 100
f 124 125 111
f 116 111 125
f 124 137 138
f 138 125 124
f 116 100 101
f 101 111 116
f 279 281 280
f 280 278 279
f 282 286 281
f 281 279 282
f 283 288 286
f 286 282 283
f 289 288 284
f 283 284 288
f 290 292 291
f 291 285 290
f 294 300 292
f 292 290 294
f 304 305 300
f 300 294 304
f 316 317 305
f 305 304 316
f 319 329 317
f 317 316 319
f 332 333 329
f 329 319 332
f 334 336 333
f 333 332 334
f 320 335 334
f 336 334 335
f 320 321 335
f 337 335 321
f 320 307 321
f 311 321 307
f 315 306 307
f 307 320 315
f 302 303 306
f 306 315 302
f 293 295 302
f 303 302 295
f 3 546 545
f 545 1 3
f 297 298 289
f 288 289 298
f 308 309 298
f 298 297 308
f 322 323 309
f 309 308 322
f 339 340 323
f 323 322 339
f 352 353 339
f 340 339 353
f 365 366 353
f 353 352 365
f 374 383 365
f 366 365 383
f 391 392 374
f 383 374 392
f 406 407 391
f 392 391 407
f 421 422 406
f 407 406 422
f 436 437 421
f 422 421 437
f 448 449 436
f 437 436 449
f 460 461 448
f 449 448 461
f 470 471 460
f 461 460 471
f 480 481 470
f 471 470 481
f 490 491 481
f 481 480 490
f 500 499 491
f 491 490 500
f 506 505 499
f 499 500 506
f 512 511 505
f 505 506 512
f 518 513 511
f 511 512 518
f 519 520 518
f 513 518 520
f 525 526 519
f 520 519 526
f 529 530 525
f 526 525 530
f 533 534 529
f 530 529 534
f 537 538 534
f 534 533 537
f 539 540 537
f 538 537 540
f 541 542 540
f 540 539 541
f 32 540 13
f 542 13 540
f 49 538 540
f 540 32 49
f 66 536 49
f 538 49 536
f 82 532 536
f 536 66 82
f 99 528 532
f 532 82 99
f 115 524 528
f 528 99 115
f 129 517 524
f 524 115 129
f 142 510 129
f 517 129 510
f 154 504 142
f 510 142 504
f 166 498 154
f 504 154 498
f 178 492 166
f 498 166 492
f 189 484 178
f 492 178 484
f 199 476 189
f 484 189 476
f 209 468 199
f 476 199 468
f 219 458 468
f 468 209 219
f 229 445 219
f 458 219 445
f 429 430 445
f 445 229 429
f 413 414 430
f 430 429 413
f 397 398 414
f 414 413 397
f 379 396 398
f 398 397 379
f 378 395 396
f 396 379 378
f 377 394 395
f 395 378 377
f 376 393 394
f 394 377 376
f 375 384 393
f 393 376 375
f 367 368 384
f 384 375 367
f 355 356 368
f 368 367 355
f 341 342 356
f 356 355 341
f 325 326 341
f 342 341 326
f 312 313 325
f 326 325 313
f 301 300 313
f 313 312 301
f 292 300 301
f 301 291 292
f 305 314 313
f 313 300 305
f 317 318 314
f 314 305 317
f 329 330 318
f 318 317 329
f 333 346 330
f 330 329 333
f 336 347 346
f 346 333 336
f 335 348 347
f 347 336 335
f 337 349 348
f 348 335 337
f 337 338 349
f 350 349 338
f 321 324 337
f 338 337 324
f 287 286 293
f 295 293 286
f 287 280 281
f 281 286 287
f 536 535 534
f 534 538 536
f 532 531 535
f 535 536 532
f 528 527 531
f 531 532 528
f 524 523 527
f 527 528 524
f 517 516 523
f 523 524 517
f 510 509 516
f 516 517 510
f 504 502 509
f 509 510 504
f 498 496 502
f 502 504 498
f 492 488 496
f 496 498 492
f 484 483 488
f 488 492 484
f 476 475 483
f 483 484 476
f 468 467 475
f 475 476 468
f 458 457 467
f 467 468 458
f 445 446 457
f 457 458 445
f 430 431 446
f 446 445 430
f 414 415 431
f 431 430 414
f 398 412 415
f 415 414 398
f 396 411 412
f 412 398 396
f 395 410 411
f 411 396 395
f 394 409 410
f 410 395 394
f 393 401 409
f 409 394 393
f 384 385 401
f 401 393 384
f 368 369 385
f 385 384 368
f 356 357 369
f 369 368 356
f 342 343 356
f 357 356 343
f 326 327 342
f 343 342 327
f 314 327 326
f 326 313 314
f 318 328 327
f 327 314 318
f 330 331 318
f 328 318 331
f 346 345 331
f 331 330 346
f 347 359 345
f 345 346 347
f 348 360 359
f 359 347 348
f 349 361 360
f 360 348 349
f 350 362 361
f 361 349 350
f 350 351 362
f 363 362 351
f 338 340 351
f 351 350 338
f 353 354 351
f 351 340 353
f 366 364 354
f 354 353 366
f 383 382 366
f 364 366 382
f 392 400 382
f 382 383 392
f 407 408 400
f 400 392 407
f 422 423 408
f 408 407 422
f 437 438 423
f 423 422 437
f 449 450 438
f 438 437 449
f 461 462 450
f 450 449 461
f 471 472 462
f 462 461 471
f 481 482 472
f 472 471 481
f 491 489 482
f 482 481 491
f 499 497 489
f 489 491 499
f 505 503 497
f 497 499 505
f 511 507 503
f 503 505 511
f 513 514 507
f 507 511 513
f 520 521 513
f 514 513 521
f 311 310 324
f 324 321 311
f 323 324 310
f 310 309 323
f 543 545 546
f 546 544 543
f 328 344 343
f 343 327 328
f 345 359 358
f 358 344 345
f 360 372 371
f 371 359 360
f 361 373 372
f 372 360 361
f 362 380 373
f 373 361 362
f 363 381 380
f 380 362 363
f 400 399 381
f 381 382 400
f 408 416 400
f 399 400 416
f 423 424 408
f 416 408 424
f 438 439 423
f 424 423 439
f 450 451 438
f 439 438 451
f 462 463 450
f 451 450 463
f 472 473 462
f 463 462 473
f 482 479 472
f 473 472 479
f 489 487 482
f 479 482 487
f 497 495 489
f 487 489 495
f 503 501 495
f 495 497 503
f 507 508 503
f 501 503 508
f 514 515 507
f 508 507 515
f 509 508 515
f 515 516 509
f 502 501 508
f 508 509 502
f 496 494 501
f 501 502 496
f 488 486 494
f 494 496 488
f 483 478 488
f 486 488 478
f 475 474 483
f 478 483 474
f 467 466 474
f 474 475 467
f 457 456 466
f 466 467 457
f 446 444 456
f 456 457 446
f 412 427 428
f 428 415 412
f 411 426 412
f 427 412 426
f 410 425 411
f 426 411 425
f 409 418 410
f 425 410 418
f 401 402 409
f 418 409 402
f 385 386 401
f 402 401 386
f 369 370 385
f 386 385 370
f 357 358 370
f 370 369 357
f 344 358 357
f 357 343 344
f 527 526 531
f 530 531 526
f 527 521 520
f 520 526 527
f 324 323 338
f 340 338 323
f 288 296 295
f 295 286 288
f 306 296 299
f 299 307 306
f 306 303 296
f 295 296 303
f 544 542 541
f 541 543 544
f 544 7 542
f 13 542 7
f 494 493 495
f 495 501 494
f 486 485 493
f 493 494 486
f 478 477 486
f 485 486 477
f 474 469 477
f 477 478 474
f 466 465 474
f 469 474 465
f 456 455 466
f 465 466 455
f 444 443 456
f 455 456 443
f 428 443 432
f 444 432 443
f 371 370 358
f 358 359 371
f 373 389 388
f 388 372 373
f 380 390 389
f 389 373 380
f 399 390 381
f 380 381 390
f 431 432 444
f 444 446 431
f 522 521 523
f 527 523 521
f 522 515 514
f 514 521 522
f 364 363 354
f 351 354 363
f 364 382 381
f 381 363 364
f 535 531 530
f 530 534 535
f 307 299 311
f 310 311 299
f 298 299 296
f 296 288 298
f 371 387 386
f 386 370 371
f 389 403 387
f 387 388 389
f 390 404 403
f 403 389 390
f 399 405 390
f 404 390 405
f 416 417 405
f 405 399 416
f 424 433 416
f 417 416 433
f 439 440 424
f 433 424 440
f 451 452 439
f 440 439 452
f 463 464 452
f 452 451 463
f 473 469 464
f 464 463 473
f 487 485 479
f 477 479 485
f 477 469 473
f 473 479 477
f 465 459 464
f 464 469 465
f 455 454 465
f 459 465 454
f 443 442 455
f 454 455 442
f 427 442 443
f 443 428 427
f 459 453 464
f 452 464 453
f 454 447 453
f 453 459 454
f 442 441 454
f 447 454 441
f 426 441 427
f 442 427 441
f 425 435 426
f 441 426 435
f 418 419 425
f 435 425 419
f 493 485 487
f 487 495 493
f 402 403 419
f 419 418 402
f 402 386 387
f 387 403 402
f 404 420 419
f 419 403 404
f 417 420 405
f 404 405 420
f 433 434 417
f 420 417 434
f 447 434 440
f 433 440 434
f 434 435 420
f 419 420 435
f 434 447 441
f 441 435 434
f 453 447 440
f 440 452 453
f 7 544 546
f 546 3 7
f 309 310 299
f 299 298 309
f 516 515 522
f 522 523 516
f 415 428 432
f 432 431 415
f 344 328 331
f 331 345 344
f 371 372 388
f 388 387 371
f 1073 1071 1074
f 1072 1074 1071
f 1064 1063 1073
f 1071 1073 1063
f 1055 1054 1064
f 1063 1064 1054
f 1046 1045 1055
f 1054 1055 1045
f 1037 1036 1046
f 1045 1046 1036
f 1028 1027 1037
f 1036 1037 1027
f 1017 1016 1028
f 1027 1028 1016
f 1006 1005 1017
f 1016 1017 1005
f 995 994 1006
f 1005 1006 994
f 982 993 995
f 994 995 993
f 981 983 993
f 993 982 981
f 970 971 983
f 983 981 970
f 959 961 971
f 971 970 959
f 947 946 961
f 961 959 947
f 929 930 946
f 946 947 929
f 908 909 930
f 930 929 908
f 885 886 909
f 909 908 885
f 860 863 886
f 886 885 860
f 835 836 863
f 863 860 835
f 804 834 836
f 836 835 804
f 803 833 834
f 834 804 803
f 802 810 833
f 833 803 802
f 776 778 810
f 810 802 776
f 744 745 778
f 778 776 744
f 709 743 745
f 745 744 709
f 708 738 743
f 743 709 708
f 703 705 738
f 738 708 703
f 668 705 667
f 703 667 705
f 595 597 572
f 573 572 597
f 618 620 595
f 597 595 620
f 641 643 618
f 620 618 643
f 649 673 641
f 643 641 673
f 685 684 649
f 673 649 684
f 685 721 684
f 723 684 721
f 683 720 685
f 721 685 720
f 682 719 683
f 720 683 719
f 681 718 682
f 719 682 718
f 680 717 681
f 718 681 717
f 679 711 680
f 717 680 711
f 671 686 679
f 711 679 686
f 650 653 671
f 686 671 653
f 627 652 653
f 653 650 627
f 651 652 626
f 627 626 652
f 1066 1057 1065
f 1056 1065 1057
f 1067 1058 1066
f 1057 1066 1058
f 1068 1059 1067
f 1058 1067 1059
f 1069 1060 1068
f 1059 1068 1060
f 1070 1062 1069
f 1060 1069 1062
f 1071 1062 1070
f 1070 1072 1071
f 654 687 651
f 652 651 687
f 691 690 654
f 687 654 690
f 691 692 729
f 729 690 691
f 655 657 692
f 692 691 655
f 629 628 657
f 657 655 629
f 603 604 629
f 628 629 604
f 580 581 603
f 604 603 581
f 557 558 580
f 581 580 558
f 547 559 558
f 558 557 547
f 548 560 559
f 559 547 548
f 549 561 560
f 560 548 549
f 550 562 561
f 561 549 550
f 551 563 562
f 562 550 551
f 552 564 563
f 563 551 552
f 553 565 552
f 564 552 565
f 554 566 553
f 565 553 566
f 555 568 554
f 566 554 568
f 556 569 568
f 568 555 556
f 567 570 569
f 569 556 567
f 590 592 570
f 570 567 590
f 613 615 590
f 592 590 615
f 636 638 613
f 615 613 638
f 663 665 636
f 638 636 665
f 699 701 665
f 665 663 699
f 734 736 701
f 701 699 734
f 767 769 736
f 736 734 767
f 798 800 769
f 769 767 798
f 829 831 798
f 800 798 831
f 856 858 829
f 831 829 858
f 881 883 856
f 858 856 883
f 904 906 881
f 883 881 906
f 925 927 904
f 906 904 927
f 942 944 925
f 927 925 944
f 955 957 942
f 944 942 957
f 966 968 955
f 957 955 968
f 977 979 966
f 968 966 979
f 989 991 977
f 979 977 991
f 999 1001 989
f 991 989 1001
f 1009 1011 999
f 1001 999 1011
f 1018 1021 1009
f 1011 1009 1021
f 1029 1030 1018
f 1021 1018 1030
f 1038 1039 1029
f 1030 1029 1039
f 1047 1048 1039
f 1039 1038 1047
f 1057 1048 1056
f 1047 1056 1048
f 574 596 594
f 594 571 574
f 576 599 596
f 596 574 576
f 578 601 599
f 599 576 578
f 579 602 601
f 601 578 579
f 577 600 602
f 602 579 577
f 575 598 577
f 600 577 598
f 597 598 575
f 575 573 597
f 669 706 668
f 705 668 706
f 704 707 706
f 706 669 704
f 704 710 707
f 739 707 710
f 670 672 704
f 710 704 672
f 640 642 670
f 672 670 642
f 617 619 642
f 642 640 617
f 596 619 594
f 617 594 619
f 1063 1061 1071
f 1062 1071 1061
f 1054 1053 1063
f 1061 1063 1053
f 1045 1044 1054
f 1053 1054 1044
f 1036 1035 1044
f 1044 1045 1036
f 1027 1026 1035
f 1035 1036 1027
f 1016 1015 1027
f 1026 1027 1015
f 1005 1004 1016
f 1015 1016 1004
f 994 1003 1005
f 1004 1005 1003
f 993 996 994
f 1003 994 996
f 983 984 996
f 996 993 983
f 971 973 984
f 984 983 971
f 961 960 973
f 973 971 961
f 946 948 960
f 960 961 946
f 930 931 948
f 948 946 930
f 909 910 931
f 931 930 909
f 886 889 910
f 910 909 886
f 863 864 889
f 889 886 863
f 836 862 864
f 864 863 836
f 834 861 862
f 862 836 834
f 833 842 861
f 861 834 833
f 810 812 842
f 842 833 810
f 778 779 812
f 812 810 778
f 745 777 779
f 779 778 745
f 743 771 777
f 777 745 743
f 738 741 771
f 771 743 738
f 706 741 705
f 738 705 741
f 620 622 597
f 598 597 622
f 643 645 620
f 622 620 645
f 673 675 643
f 645 643 675
f 684 713 673
f 675 673 713
f 723 722 684
f 713 684 722
f 723 757 722
f 756 722 757
f 721 755 723
f 757 723 755
f 720 753 721
f 755 721 753
f 719 752 720
f 753 720 752
f 718 751 719
f 752 719 751
f 717 747 718
f 751 718 747
f 711 724 717
f 747 717 724
f 686 689 711
f 724 711 689
f 653 688 689
f 689 686 653
f 687 688 652
f 653 652 688
f 1058 1049 1057
f 1048 1057 1049
f 1059 1050 1058
f 1049 1058 1050
f 1060 1052 1059
f 1050 1059 1052
f 1061 1052 1060
f 1060 1062 1061
f 690 725 687
f 688 687 725
f 729 728 690
f 725 690 728
f 729 730 728
f 763 728 730
f 692 694 730
f 730 729 692
f 657 656 694
f 694 692 657
f 628 630 656
f 656 657 628
f 604 605 630
f 630 628 604
f 581 582 605
f 605 604 581
f 558 559 582
f 582 581 558
f 561 584 583
f 583 560 561
f 562 585 584
f 584 561 562
f 563 586 585
f 585 562 563
f 564 587 563
f 586 563 587
f 565 588 564
f 587 564 588
f 566 589 565
f 588 565 589
f 568 591 566
f 589 566 591
f 569 593 591
f 591 568 569
f 615 616 592
f 593 592 616
f 638 639 615
f 616 615 639
f 665 666 638
f 639 638 666
f 701 702 665
f 666 665 702
f 736 737 701
f 702 701 737
f 769 770 736
f 737 736 770
f 800 801 769
f 770 769 801
f 831 832 800
f 801 800 832
f 858 859 831
f 832 831 859
f 883 884 858
f 859 858 884
f 906 907 883
f 884 883 907
f 927 928 906
f 907 906 928
f 944 945 927
f 928 927 945
f 957 958 944
f 945 944 958
f 968 969 957
f 958 957 969
f 979 980 968
f 969 968 980
f 991 992 979
f 980 979 992
f 1001 1002 991
f 992 991 1002
f 1011 1012 1001
f 1002 1001 1012
f 1021 1022 1011
f 1012 1011 1022
f 1030 1032 1022
f 1022 1021 1030
f 1039 1040 1030
f 1032 1030 1040
f 1049 1040 1039
f 1039 1048 1049
f 599 621 619
f 619 596 599
f 601 624 621
f 621 599 601
f 602 625 624
f 624 601 602
f 600 623 602
f 625 602 623
f 622 623 600
f 600 598 622
f 1053 1051 1052
f 1052 1061 1053
f 1044 1043 1051
f 1051 1053 1044
f 1035 1034 1043
f 1043 1044 1035
f 1026 1025 1034
f 1034 1035 1026
f 1015 1014 1026
f 1025 1026 1014
f 1004 1013 1015
f 1014 1015 1013
f 1003 1007 1004
f 1013 1004 1007
f 996 997 1003
f 1007 1003 997
f 984 986 997
f 997 996 984
f 973 972 986
f 986 984 973
f 960 962 972
f 972 973 960
f 948 949 962
f 962 960 948
f 931 932 949
f 949 948 931
f 910 913 932
f 932 931 910
f 889 890 913
f 913 910 889
f 864 888 890
f 890 889 864
f 862 887 888
f 888 864 862
f 861 870 887
f 887 862 861
f 842 844 870
f 870 861 842
f 812 813 844
f 844 842 812
f 779 811 813
f 813 812 779
f 777 805 811
f 811 779 777
f 771 774 777
f 805 777 774
f 741 740 771
f 774 771 740
f 707 740 706
f 741 706 740
f 739 742 707
f 740 707 742
f 739 746 742
f 772 742 746
f 710 712 739
f 746 739 712
f 672 674 710
f 712 710 674
f 642 644 672
f 674 672 644
f 621 644 619
f 642 619 644
f 570 592 593
f 593 569 570
f 645 647 622
f 623 622 647
f 675 677 645
f 647 645 677
f 713 715 675
f 677 675 715
f 722 749 713
f 715 713 749
f 756 754 749
f 749 722 756
f 756 788 754
f 786 754 788
f 757 789 756
f 788 756 789
f 755 787 789
f 789 757 755
f 753 785 755
f 787 755 785
f 752 783 753
f 785 753 783
f 751 781 752
f 783 752 781
f 747 758 751
f 781 751 758
f 724 727 747
f 758 747 727
f 689 726 727
f 727 724 689
f 725 726 688
f 689 688 726
f 1050 1042 1040
f 1040 1049 1050
f 1051 1042 1052
f 1050 1052 1042
f 1043 1041 1051
f 1042 1051 1041
f 1034 1033 1041
f 1041 1043 1034
f 1025 1024 1034
f 1033 1034 1024
f 1014 1023 1024
f 1024 1025 1014
f 1013 1019 1014
f 1023 1014 1019
f 1007 1008 1013
f 1019 1013 1008
f 997 998 1008
f 1008 1007 997
f 986 985 997
f 998 997 985
f 972 974 985
f 985 986 972
f 962 963 974
f 974 972 962
f 949 950 963
f 963 962 949
f 932 935 949
f 950 949 935
f 913 914 935
f 935 932 913
f 890 912 914
f 914 913 890
f 888 911 912
f 912 890 888
f 887 896 911
f 911 888 887
f 870 872 896
f 896 887 870
f 844 845 872
f 872 870 844
f 813 843 845
f 845 844 813
f 811 837 843
f 843 813 811
f 805 808 837
f 837 811 805
f 774 773 808
f 808 805 774
f 742 773 740
f 774 740 773
f 616 614 593
f 591 593 614
f 639 637 616
f 614 616 637
f 666 664 639
f 637 639 664
f 702 700 666
f 664 666 700
f 737 735 702
f 700 702 735
f 770 768 737
f 735 737 768
f 801 799 770
f 768 770 799
f 832 830 801
f 799 801 830
f 859 857 832
f 830 832 857
f 884 882 859
f 857 859 882
f 907 905 884
f 882 884 905
f 928 926 907
f 905 907 926
f 945 943 928
f 926 928 943
f 958 956 945
f 943 945 956
f 969 967 958
f 956 958 967
f 980 978 969
f 967 969 978
f 992 990 980
f 978 980 990
f 1002 1000 992
f 990 992 1000
f 1012 1010 1002
f 1000 1002 1010
f 1022 1020 1012
f 1010 1012 1020
f 1040 1042 1041
f 1041 1032 1040
f 614 612 591
f 589 591 612
f 637 635 612
f 612 614 637
f 664 662 637
f 635 637 662
f 700 698 664
f 662 664 698
f 735 733 700
f 698 700 733
f 768 766 735
f 733 735 766
f 799 797 768
f 766 768 797
f 830 828 799
f 797 799 828
f 857 855 830
f 828 830 855
f 882 880 857
f 855 857 880
f 905 903 882
f 880 882 903
f 926 924 905
f 903 905 924
f 943 941 926
f 924 926 941
f 956 954 943
f 941 943 954
f 967 965 954
f 954 956 967
f 978 976 967
f 965 967 976
f 990 988 978
f 976 978 988
f 1000 998 988
f 988 990 1000
f 985 987 988
f 988 998 985
f 974 975 987
f 987 985 974
f 963 964 975
f 975 974 963
f 950 952 964
f 964 963 950
f 935 936 950
f 952 950 936
f 914 934 936
f 936 935 914
f 912 933 934
f 934 914 912
f 911 918 933
f 933 912 911
f 896 898 918
f 918 911 896
f 872 873 898
f 898 896 872
f 845 871 873
f 873 872 845
f 843 865 871
f 871 845 843
f 837 840 865
f 865 843 837
f 808 807 837
f 840 837 807
f 773 775 807
f 807 808 773
f 772 775 742
f 773 742 775
f 583 582 560
f 559 560 582
f 583 606 605
f 605 582 583
f 584 607 606
f 606 583 584
f 585 608 607
f 607 584 585
f 586 610 608
f 608 585 586
f 587 609 586
f 610 586 609
f 662 661 634
f 634 635 662
f 698 697 662
f 661 662 697
f 733 732 698
f 697 698 732
f 766 765 733
f 732 733 765
f 797 796 766
f 765 766 796
f 828 827 797
f 796 797 827
f 855 854 828
f 827 828 854
f 880 879 855
f 854 855 879
f 903 902 880
f 879 880 902
f 924 923 903
f 902 903 923
f 941 940 924
f 923 924 940
f 954 953 941
f 940 941 953
f 965 951 954
f 953 954 951
f 988 987 976
f 975 976 987
f 728 759 726
f 726 725 728
f 763 762 759
f 759 728 763
f 763 764 762
f 795 762 764
f 730 731 764
f 764 763 730
f 694 693 730
f 731 730 693
f 656 658 693
f 693 694 656
f 630 631 658
f 658 656 630
f 606 631 605
f 630 605 631
f 624 646 644
f 644 621 624
f 625 648 646
f 646 624 625
f 647 648 623
f 625 623 648
f 677 678 647
f 648 647 678
f 715 716 677
f 678 677 716
f 749 750 716
f 716 715 749
f 754 782 750
f 750 749 754
f 786 784 754
f 782 754 784
f 786 818 784
f 816 784 818
f 788 820 786
f 818 786 820
f 789 821 820
f 820 788 789
f 787 819 821
f 821 789 787
f 785 817 787
f 819 787 817
f 783 815 785
f 817 785 815
f 781 790 815
f 815 783 781
f 758 761 781
f 790 781 761
f 727 760 758
f 761 758 760
f 759 760 727
f 727 726 759
f 634 610 609
f 609 635 634
f 634 633 610
f 608 610 633
f 661 660 634
f 633 634 660
f 697 696 661
f 660 661 696
f 732 731 697
f 696 697 731
f 765 764 732
f 731 732 764
f 796 795 764
f 764 765 796
f 827 826 796
f 795 796 826
f 854 853 826
f 826 827 854
f 879 878 854
f 853 854 878
f 902 901 878
f 878 879 902
f 923 922 902
f 901 902 922
f 940 937 923
f 922 923 937
f 953 939 940
f 937 940 939
f 951 938 953
f 939 953 938
f 918 920 938
f 938 933 918
f 898 899 920
f 920 918 898
f 873 897 899
f 899 898 873
f 871 891 897
f 897 873 871
f 865 868 891
f 891 871 865
f 840 839 868
f 868 865 840
f 807 809 840
f 839 840 809
f 775 806 809
f 809 807 775
f 772 780 806
f 806 775 772
f 746 748 772
f 780 772 748
f 712 714 748
f 748 746 712
f 674 676 712
f 714 712 676
f 646 676 674
f 674 644 646
f 607 632 606
f 631 606 632
f 633 632 608
f 607 608 632
f 660 659 633
f 632 633 659
f 696 695 660
f 659 660 695
f 658 659 695
f 695 693 658
f 658 631 659
f 632 659 631
f 612 611 589
f 588 589 611
f 612 635 611
f 609 611 635
f 1032 1031 1022
f 1020 1022 1031
f 1033 1031 1041
f 1032 1041 1031
f 1010 1008 1000
f 998 1000 1008
f 1020 1019 1010
f 1008 1010 1019
f 920 921 938
f 939 938 921
f 899 919 921
f 921 920 899
f 897 915 919
f 919 899 897
f 891 894 915
f 915 897 891
f 868 867 894
f 894 891 868
f 839 841 868
f 867 868 841
f 809 838 839
f 841 839 838
f 806 814 809
f 838 809 814
f 780 782 814
f 814 806 780
f 748 750 780
f 782 780 750
f 784 816 814
f 814 782 784
f 818 848 846
f 846 816 818
f 820 850 848
f 848 818 820
f 821 851 820
f 850 820 851
f 819 849 821
f 851 821 849
f 817 847 819
f 849 819 847
f 815 822 817
f 847 817 822
f 790 793 822
f 822 815 790
f 761 792 790
f 793 790 792
f 760 791 761
f 792 761 791
f 762 791 760
f 760 759 762
f 951 934 938
f 933 938 934
f 951 952 934
f 936 934 952
f 965 964 952
f 952 951 965
f 975 964 976
f 965 976 964
f 1024 1023 1031
f 1031 1033 1024
f 846 838 814
f 814 816 846
f 846 866 841
f 841 838 846
f 848 874 866
f 866 846 848
f 850 876 874
f 874 848 850
f 851 877 850
f 876 850 877
f 849 875 851
f 877 851 875
f 847 852 849
f 875 849 852
f 822 825 847
f 852 847 825
f 793 824 825
f 825 822 793
f 792 823 793
f 824 793 823
f 791 794 792
f 823 792 794
f 795 794 762
f 791 762 794
f 866 869 867
f 867 841 866
f 874 892 866
f 869 866 892
f 876 900 874
f 892 874 900
f 877 901 900
f 900 876 877
f 875 878 877
f 901 877 878
f 922 916 900
f 900 901 922
f 937 917 922
f 916 922 917
f 915 917 919
f 937 919 917
f 894 893 917
f 917 915 894
f 869 893 867
f 894 867 893
f 895 893 869
f 869 892 895
f 895 916 917
f 917 893 895
f 921 919 939
f 937 939 919
f 714 716 750
f 750 748 714
f 676 678 714
f 716 714 678
f 676 646 648
f 648 678 676
f 696 731 693
f 693 695 696
f 826 823 794
f 794 795 826
f 878 875 852
f 852 853 878
f 853 824 826
f 823 826 824
f 853 852 825
f 825 824 853
f 1020 1031 1023
f 1023 1019 1020
f 587 588 611
f 611 609 587
f 900 916 895
f 895 892 900
f 1075 1076 1065
f 1066 1065 1076
f 1083 1084 1075
f 1076 1075 1084
f 1091 1092 1083
f 1084 1083 1092
f 1099 1100 1091
f 1092 1091 1100
f 1107 1108 1099
f 1100 1099 1108
f 1115 1116 1107
f 1108 1107 1116
f 1123 1124 1115
f 1116 1115 1124
f 1131 1132 1123
f 1124 1123 1132
f 1139 1140 1131
f 1132 1131 1140
f 1147 1148 1139
f 1140 1139 1148
f 1155 1156 1148
f 1148 1147 1155
f 1163 1164 1156
f 1156 1155 1163
f 1170 1171 1164
f 1164 1163 1170
f 1177 1178 1171
f 1171 1170 1177
f 1184 1185 1178
f 1178 1177 1184
f 1191 1192 1185
f 1185 1184 1191
f 1198 1199 1192
f 1192 1191 1198
f 1205 1206 1199
f 1199 1198 1205
f 1212 1213 1206
f 1206 1205 1212
f 1219 1220 1213
f 1213 1212 1219
f 1226 1227 1220
f 1220 1219 1226
f 1233 1234 1227
f 1227 1226 1233
f 1240 1241 1234
f 1234 1233 1240
f 1247 1248 1241
f 1241 1240 1247
f 1254 1255 1247
f 1248 1247 1255
f 1261 1262 1255
f 1255 1254 1261
f 1269 1262 1268
f 1261 1268 1262
f 25 1267 26
f 1274 26 1267
f 24 1260 25
f 1267 25 1260
f 23 1253 24
f 1260 24 1253
f 22 1246 23
f 1253 23 1246
f 21 1239 22
f 1246 22 1239
f 20 1232 21
f 1239 21 1232
f 19 1225 20
f 1232 20 1225
f 18 1218 19
f 1225 19 1218
f 17 1211 18
f 1218 18 1211
f 16 1204 17
f 1211 17 1204
f 15 1197 1204
f 1204 16 15
f 10 1190 1197
f 1197 15 10
f 5 1183 1190
f 1190 10 5
f 2 1176 1183
f 1183 5 2
f 1 1169 1176
f 1176 2 1
f 1162 1161 1169
f 1169 1 1162
f 1154 1153 1161
f 1161 1162 1154
f 1146 1145 1153
f 1153 1154 1146
f 1138 1137 1145
f 1145 1146 1138
f 1130 1129 1137
f 1137 1138 1130
f 1122 1121 1129
f 1129 1130 1122
f 1114 1113 1121
f 1121 1122 1114
f 1106 1105 1113
f 1113 1114 1106
f 1098 1097 1105
f 1105 1106 1098
f 1090 1089 1097
f 1097 1098 1090
f 1082 1081 1089
f 1089 1090 1082
f 1072 1081 1074
f 1082 1074 1081
f 1070 1080 1072
f 1081 1072 1080
f 1069 1079 1070
f 1080 1070 1079
f 1068 1078 1069
f 1079 1069 1078
f 1067 1077 1068
f 1078 1068 1077
f 1076 1077 1067
f 1067 1066 1076
f 1270 1263 1269
f 1262 1269 1263
f 1271 1264 1270
f 1263 1270 1264
f 1272 1265 1271
f 1264 1271 1265
f 1273 1266 1272
f 1265 1272 1266
f 1267 1266 1273
f 1273 1274 1267
f 1084 1085 1076
f 1077 1076 1085
f 1092 1093 1084
f 1085 1084 1093
f 1100 1101 1092
f 1093 1092 1101
f 1108 1109 1100
f 1101 1100 1109
f 1116 1117 1108
f 1109 1108 1117
f 1124 1125 1116
f 1117 1116 1125
f 1132 1133 1124
f 1125 1124 1133
f 1140 1141 1132
f 1133 1132 1141
f 1148 1149 1141
f 1141 1140 1148
f 1156 1157 1149
f 1149 1148 1156
f 1164 1165 1157
f 1157 1156 1164
f 1171 1172 1165
f 1165 1164 1171
f 1178 1179 1172
f 1172 1171 1178
f 1185 1186 1179
f 1179 1178 1185
f 1192 1193 1186
f 1186 1185 1192
f 1199 1200 1193
f 1193 1192 1199
f 1206 1207 1200
f 1200 1199 1206
f 1213 1214 1207
f 1207 1206 1213
f 1220 1221 1214
f 1214 1213 1220
f 1227 1228 1221
f 1221 1220 1227
f 1234 1235 1228
f 1228 1227 1234
f 1241 1242 1235
f 1235 1234 1241
f 1248 1249 1242
f 1242 1241 1248
f 1255 1256 1249
f 1249 1248 1255
f 1263 1256 1262
f 1255 1262 1256
f 1260 1259 1266
f 1266 1267 1260
f 1253 1252 1260
f 1259 1260 1252
f 1246 1245 1253
f 1252 1253 1245
f 1239 1238 1246
f 1245 1246 1238
f 1232 1231 1239
f 1238 1239 1231
f 1225 1224 1232
f 1231 1232 1224
f 1218 1217 1225
f 1224 1225 1217
f 1211 1210 1218
f 1217 1218 1210
f 1204 1203 1211
f 1210 1211 1203
f 1197 1196 1203
f 1203 1204 1197
f 1190 1189 1196
f 1196 1197 1190
f 1183 1182 1189
f 1189 1190 1183
f 1176 1175 1182
f 1182 1183 1176
f 1169 1168 1176
f 1175 1176 1168
f 1161 1160 1168
f 1168 1169 1161
f 1153 1152 1160
f 1160 1161 1153
f 1145 1144 1152
f 1152 1153 1145
f 1137 1136 1144
f 1144 1145 1137
f 1129 1128 1136
f 1136 1137 1129
f 1121 1120 1128
f 1128 1129 1121
f 1113 1112 1120
f 1120 1121 1113
f 1105 1104 1112
f 1112 1113 1105
f 1097 1096 1104
f 1104 1105 1097
f 1089 1088 1096
f 1096 1097 1089
f 1080 1088 1081
f 1089 1081 1088
f 1079 1087 1080
f 1088 1080 1087
f 1078 1086 1079
f 1087 1079 1086
f 1085 1086 1077
f 1078 1077 1086
f 1093 1094 1085
f 1086 1085 1094
f 1101 1102 1094
f 1094 1093 1101
f 1109 1110 1102
f 1102 1101 1109
f 1117 1118 1110
f 1110 1109 1117
f 1125 1126 1118
f 1118 1117 1125
f 1133 1134 1126
f 1126 1125 1133
f 1141 1142 1134
f 1134 1133 1141
f 1149 1150 1142
f 1142 1141 1149
f 1157 1158 1150
f 1150 1149 1157
f 1165 1166 1158
f 1158 1157 1165
f 1172 1173 1166
f 1166 1165 1172
f 1179 1180 1172
f 1173 1172 1180
f 1186 1187 1179
f 1180 1179 1187
f 1193 1194 1186
f 1187 1186 1194
f 1200 1201 1193
f 1194 1193 1201
f 1207 1208 1200
f 1201 1200 1208
f 1214 1215 1207
f 1208 1207 1215
f 1221 1222 1214
f 1215 1214 1222
f 1228 1229 1221
f 1222 1221 1229
f 1235 1236 1228
f 1229 1228 1236
f 1242 1243 1235
f 1236 1235 1243
f 1249 1250 1242
f 1243 1242 1250
f 1256 1257 1249
f 1250 1249 1257
f 1264 1257 1263
f 1256 1263 1257
f 1265 1258 1264
f 1257 1264 1258
f 1259 1258 1265
f 1265 1266 1259
f 1252 1251 1258
f 1258 1259 1252
f 1245 1244 1251
f 1251 1252 1245
f 1238 1237 1244
f 1244 1245 1238
f 1231 1230 1237
f 1237 1238 1231
f 1224 1223 1230
f 1230 1231 1224
f 1217 1216 1223
f 1223 1224 1217
f 1210 1209 1216
f 1216 1217 1210
f 1203 1202 1209
f 1209 1210 1203
f 1196 1195 1202
f 1202 1203 1196
f 1189 1188 1195
f 1195 1196 1189
f 1182 1181 1188
f 1188 1189 1182
f 1175 1174 1181
f 1181 1182 1175
f 1168 1167 1174
f 1174 1175 1168
f 1160 1159 1167
f 1167 1168 1160
f 1152 1151 1159
f 1159 1160 1152
f 1144 1143 1151
f 1151 1152 1144
f 1136 1135 1143
f 1143 1144 1136
f 1128 1127 1135
f 1135 1136 1128
f 1120 1119 1128
f 1127 1128 1119
f 1112 1111 1120
f 1119 1120 1111
f 1104 1103 1112
f 1111 1112 1103
f 1096 1095 1104
f 1103 1104 1095
f 1087 1095 1096
f 1096 1088 1087
f 1094 1095 1086
f 1087 1086 1095
f 1102 1103 1094
f 1095 1094 1103
f 1110 1111 1103
f 1103 1102 1110
f 1118 1119 1111
f 1111 1110 1118
f 1126 1127 1119
f 1119 1118 1126
f 1134 1135 1127
f 1127 1126 1134
f 1142 1143 1135
f 1135 1134 1142
f 1150 1151 1143
f 1143 1142 1150
f 1158 1159 1151
f 1151 1150 1158
f 1166 1167 1159
f 1159 1158 1166
f 1173 1174 1167
f 1167 1166 1173
f 1180 1181 1174
f 1174 1173 1180
f 1187 1188 1181
f 1181 1180 1187
f 1194 1195 1188
f 1188 1187 1194
f 1201 1202 1195
f 1195 1194 1201
f 1208 1209 1202
f 1202 1201 1208
f 1215 1216 1209
f 1209 1208 1215
f 1222 1223 1216
f 1216 1215 1222
f 1229 1230 1223
f 1223 1222 1229
f 1236 1237 1229
f 1230 1229 1237
f 1243 1244 1236
f 1237 1236 1244
f 1250 1251 1243
f 1244 1243 1251
f 1250 1257 1251
f 1258 1251 1257
f 1537 1536 1539
f 1539 1540 1537
f 1534 1533 1537
f 1536 1537 1533
f 1529 1528 1533
f 1533 1534 1529
f 1524 1523 1529
f 1528 1529 1523
f 1519 1518 1524
f 1523 1524 1518
f 1514 1513 1518
f 1518 1519 1514
f 1509 1508 1514
f 1513 1514 1508
f 1504 1503 1509
f 1508 1509 1503
f 1499 1498 1504
f 1503 1504 1498
f 1499 1492 1498
f 1491 1498 1492
f 1493 1490 1492
f 1492 1499 1493
f 1485 1484 1490
f 1490 1493 1485
f 1475 1474 1484
f 1484 1485 1475
f 1463 1462 1474
f 1474 1475 1463
f 1448 1462 1449
f 1463 1449 1462
f 1406 1416 1401
f 1414 1401 1416
f 1408 1419 1406
f 1416 1406 1419
f 1410 1421 1408
f 1419 1408 1421
f 1411 1422 1410
f 1421 1410 1422
f 1409 1420 1411
f 1422 1411 1420
f 1409 1407 1418
f 1418 1420 1409
f 1398 1397 1407
f 1407 1409 1398
f 1390 1392 1397
f 1397 1398 1390
f 1386 1392 1383
f 1390 1383 1392
f 1286 1285 1279
f 1279 1280 1286
f 1292 1291 1285
f 1285 1286 1292
f 1298 1297 1291
f 1291 1292 1298
f 1304 1303 1297
f 1297 1298 1304
f 1310 1309 1303
f 1303 1304 1310
f 1316 1315 1309
f 1309 1310 1316
f 1322 1321 1315
f 1315 1316 1322
f 1328 1327 1321
f 1321 1322 1328
f 1334 1333 1327
f 1327 1328 1334
f 1340 1339 1334
f 1333 1334 1339
f 1344 1343 1340
f 1339 1340 1343
f 1348 1347 1344
f 1343 1344 1347
f 1352 1351 1347
f 1347 1348 1352
f 1356 1355 1351
f 1351 1352 1356
f 1360 1359 1355
f 1355 1356 1360
f 1364 1363 1359
f 1359 1360 1364
f 1368 1367 1364
f 1363 1364 1367
f 1372 1371 1367
f 1367 1368 1372
f 1376 1375 1372
f 1371 1372 1375
f 1378 1377 1375
f 1375 1376 1378
f 1379 1381 1377
f 1377 1378 1379
f 1380 1382 1379
f 1381 1379 1382
f 1384 1385 1382
f 1382 1380 1384
f 1391 1393 1384
f 1385 1384 1393
f 1399 1400 1391
f 1393 1391 1400
f 1413 1412 1400
f 1400 1399 1413
f 1425 1424 1412
f 1412 1413 1425
f 1437 1436 1424
f 1424 1425 1437
f 1454 1453 1436
f 1436 1437 1454
f 1467 1466 1453
f 1453 1454 1467
f 1478 1477 1466
f 1466 1467 1478
f 1487 1486 1477
f 1477 1478 1487
f 1494 1488 1486
f 1486 1487 1494
f 1495 1496 1488
f 1488 1494 1495
f 1500 1501 1496
f 1496 1495 1500
f 1505 1506 1501
f 1501 1500 1505
f 1510 1511 1505
f 1506 1505 1511
f 1515 1516 1510
f 1511 1510 1516
f 1520 1521 1515
f 1516 1515 1521
f 1538 1539 1535
f 1536 1535 1539
f 1536 1530 1532
f 1532 1535 1536
f 1533 1531 1530
f 1530 1536 1533
f 1523 1522 1528
f 1527 1528 1522
f 1518 1517 1522
f 1522 1523 1518
f 1513 1512 1517
f 1517 1518 1513
f 1508 1507 1512
f 1512 1513 1508
f 1503 1502 1507
f 1507 1508 1503
f 1498 1497 1502
f 1502 1503 1498
f 1491 1489 1497
f 1497 1498 1491
f 1491 1482 1489
f 1480 1489 1482
f 1492 1483 1491
f 1482 1491 1483
f 1490 1481 1492
f 1483 1492 1481
f 1484 1479 1481
f 1481 1490 1484
f 1474 1473 1484
f 1479 1484 1473
f 1462 1461 1473
f 1473 1474 1462
f 1447 1461 1448
f 1462 1448 1461
f 1388 1395 1386
f 1392 1386 1395
f 1389 1396 1388
f 1395 1388 1396
f 1387 1394 1389
f 1396 1389 1394
f 1400 1403 1393
f 1394 1393 1403
f 1412 1415 1403
f 1403 1400 1412
f 1424 1423 1415
f 1415 1412 1424
f 1436 1435 1423
f 1423 1424 1436
f 1453 1452 1435
f 1435 1436 1453
f 1466 1465 1453
f 1452 1453 1465
f 1477 1476 1465
f 1465 1466 1477
f 1486 1480 1476
f 1476 1477 1486
f 1488 1489 1480
f 1480 1486 1488
f 1446 1460 1447
f 1461 1447 1460
f 1445 1455 1460
f 1460 1446 1445
f 1438 1439 1455
f 1455 1445 1438
f 1426 1427 1438
f 1439 1438 1427
f 1416 1427 1426
f 1426 1414 1416
f 1482 1471 1480
f 1476 1480 1471
f 1483 1472 1482
f 1471 1482 1472
f 1481 1470 1483
f 1472 1483 1470
f 1479 1469 1481
f 1470 1481 1469
f 1473 1468 1479
f 1469 1479 1468
f 1460 1468 1461
f 1473 1461 1468
f 1525 1521 1520
f 1520 1526 1525
f 1527 1531 1528
f 1533 1528 1531
f 1530 1525 1526
f 1526 1532 1530
f 1276 1282 1275
f 1281 1275 1282
f 1277 1283 1276
f 1282 1276 1283
f 1278 1284 1277
f 1283 1277 1284
f 1285 1284 1278
f 1278 1279 1285
f 1282 1288 1281
f 1287 1281 1288
f 1419 1429 1416
f 1427 1416 1429
f 1421 1432 1419
f 1429 1419 1432
f 1422 1433 1421
f 1432 1421 1433
f 1420 1431 1422
f 1433 1422 1431
f 1418 1430 1420
f 1431 1420 1430
f 1418 1417 1428
f 1428 1430 1418
f 1407 1405 1418
f 1417 1418 1405
f 1397 1402 1405
f 1405 1407 1397
f 1395 1402 1397
f 1397 1392 1395
f 1396 1404 1395
f 1402 1395 1404
f 1396 1394 1403
f 1403 1404 1396
f 1496 1497 1489
f 1489 1488 1496
f 1501 1502 1497
f 1497 1496 1501
f 1506 1507 1501
f 1502 1501 1507
f 1511 1512 1506
f 1507 1506 1512
f 1516 1517 1512
f 1512 1511 1516
f 1521 1522 1516
f 1517 1516 1522
f 1521 1525 1527
f 1527 1522 1521
f 1393 1394 1385
f 1387 1385 1394
f 1415 1417 1404
f 1404 1403 1415
f 1405 1402 1404
f 1404 1417 1405
f 1382 1385 1387
f 1387 1381 1382
f 1423 1428 1415
f 1417 1415 1428
f 1435 1434 1428
f 1428 1423 1435
f 1452 1451 1434
f 1434 1435 1452
f 1465 1464 1451
f 1451 1452 1465
f 1471 1464 1476
f 1465 1476 1464
f 1455 1456 1460
f 1468 1460 1456
f 1439 1440 1456
f 1456 1455 1439
f 1429 1440 1439
f 1439 1427 1429
f 1472 1458 1471
f 1464 1471 1458
f 1470 1459 1472
f 1458 1472 1459
f 1469 1457 1470
f 1459 1470 1457
f 1456 1457 1469
f 1469 1468 1456
f 1432 1442 1429
f 1440 1429 1442
f 1433 1444 1432
f 1442 1432 1444
f 1431 1443 1433
f 1444 1433 1443
f 1430 1441 1431
f 1443 1431 1441
f 1434 1441 1428
f 1430 1428 1441
f 1374 1373 1375
f 1375 1377 1374
f 1369 1370 1373
f 1373 1374 1369
f 1365 1366 1370
f 1370 1369 1365
f 1361 1362 1366
f 1366 1365 1361
f 1357 1358 1362
f 1362 1361 1357
f 1353 1354 1358
f 1358 1357 1353
f 1349 1350 1354
f 1354 1353 1349
f 1345 1346 1350
f 1350 1349 1345
f 1341 1342 1346
f 1346 1345 1341
f 1337 1335 1342
f 1342 1341 1337
f 1330 1329 1335
f 1335 1337 1330
f 1323 1324 1329
f 1329 1330 1323
f 1317 1318 1324
f 1324 1323 1317
f 1311 1312 1318
f 1318 1317 1311
f 1305 1306 1312
f 1312 1311 1305
f 1299 1300 1306
f 1306 1305 1299
f 1293 1294 1300
f 1300 1299 1293
f 1288 1294 1293
f 1293 1287 1288
f 1291 1290 1284
f 1284 1285 1291
f 1297 1296 1290
f 1290 1291 1297
f 1303 1302 1296
f 1296 1297 1303
f 1309 1308 1302
f 1302 1303 1309
f 1315 1314 1309
f 1308 1309 1314
f 1321 1320 1314
f 1314 1315 1321
f 1327 1326 1321
f 1320 1321 1326
f 1339 1338 1333
f 1332 1333 1338
f 1343 1342 1338
f 1338 1339 1343
f 1347 1346 1343
f 1342 1343 1346
f 1351 1350 1347
f 1346 1347 1350
f 1451 1450 1434
f 1441 1434 1450
f 1458 1450 1464
f 1451 1464 1450
f 1458 1443 1450
f 1441 1450 1443
f 1459 1444 1443
f 1443 1458 1459
f 1457 1442 1459
f 1444 1459 1442
f 1457 1456 1440
f 1440 1442 1457
f 1335 1336 1338
f 1338 1342 1335
f 1329 1331 1336
f 1336 1335 1329
f 1324 1325 1331
f 1331 1329 1324
f 1318 1319 1325
f 1325 1324 1318
f 1312 1313 1319
f 1319 1318 1312
f 1306 1307 1312
f 1313 1312 1307
f 1300 1301 1306
f 1307 1306 1301
f 1294 1295 1300
f 1301 1300 1295
f 1288 1289 1295
f 1295 1294 1288
f 1283 1289 1282
f 1288 1282 1289
f 1332 1326 1327
f 1327 1333 1332
f 1355 1354 1350
f 1350 1351 1355
f 1359 1358 1354
f 1354 1355 1359
f 1363 1362 1358
f 1358 1359 1363
f 1367 1366 1362
f 1362 1363 1367
f 1371 1370 1366
f 1366 1367 1371
f 1371 1375 1373
f 1373 1370 1371
f 1290 1289 1283
f 1283 1284 1290
f 1296 1295 1290
f 1289 1290 1295
f 1302 1301 1296
f 1295 1296 1301
f 1308 1307 1302
f 1301 1302 1307
f 1314 1313 1308
f 1307 1308 1313
f 1320 1319 1313
f 1313 1314 1320
f 1326 1325 1320
f 1319 1320 1325
f 1326 1332 1331
f 1331 1325 1326
f 1527 1525 1531
f 1530 1531 1525
f 1332 1338 1336
f 1336 1331 1332
f 1541 1542 1539
f 1539 1538 1541
f 1544 1545 1541
f 1542 1541 1545
f 1547 1548 1545
f 1545 1544 1547
f 1550 1551 1548
f 1548 1547 1550
f 1555 1556 1551
f 1551 1550 1555
f 1560 1561 1556
f 1556 1555 1560
f 1565 1566 1561
f 1561 1560 1565
f 1570 1571 1565
f 1566 1565 1571
f 1575 1576 1570
f 1571 1570 1576
f 1580 1581 1576
f 1576 1575 1580
f 1585 1586 1581
f 1581 1580 1585
f 1592 1594 1586
f 1586 1585 1592
f 1593 1600 1594
f 1594 1592 1593
f 1601 1602 1600
f 1600 1593 1601
f 1609 1610 1602
f 1602 1601 1609
f 1612 1628 1610
f 1610 1609 1612
f 1613 1631 1628
f 1628 1612 1613
f 1614 1632 1631
f 1631 1613 1614
f 1615 1633 1614
f 1632 1614 1633
f 1616 1634 1615
f 1633 1615 1634
f 1617 1635 1616
f 1634 1616 1635
f 1618 1636 1617
f 1635 1617 1636
f 1619 1637 1636
f 1636 1618 1619
f 1638 1637 1620
f 1619 1620 1637
f 654 1782 691
f 1783 691 1782
f 651 1781 654
f 1782 654 1781
f 1780 1781 626
f 651 626 1781
f 1654 1653 1638
f 1637 1638 1653
f 1655 1668 1653
f 1653 1654 1655
f 1669 1670 1668
f 1668 1655 1669
f 1681 1682 1670
f 1670 1669 1681
f 1691 1692 1682
f 1682 1681 1691
f 1701 1702 1692
f 1692 1691 1701
f 1711 1712 1702
f 1702 1701 1711
f 1721 1720 1711
f 1712 1711 1720
f 1728 1727 1720
f 1720 1721 1728
f 1735 1733 1727
f 1727 1728 1735
f 1742 1740 1733
f 1733 1735 1742
f 1747 1745 1740
f 1740 1742 1747
f 1752 1750 1745
f 1745 1747 1752
f 1757 1754 1750
f 1750 1752 1757
f 1759 1758 1754
f 1754 1757 1759
f 1763 1762 1758
f 1758 1759 1763
f 1767 1766 1763
f 1762 1763 1766
f 1771 1770 1766
f 1766 1767 1771
f 1775 1774 1770
f 1770 1771 1775
f 1779 1778 1775
f 1774 1775 1778
f 1782 1778 1779
f 1779 1783 1782
f 1776 1777 1780
f 1781 1780 1777
f 1772 1773 1777
f 1777 1776 1772
f 1768 1769 1773
f 1773 1772 1768
f 1764 1765 1768
f 1769 1768 1765
f 1760 1761 1764
f 1765 1764 1761
f 1756 1755 1761
f 1761 1760 1756
f 1751 1749 1756
f 1755 1756 1749
f 1746 1744 1749
f 1749 1751 1746
f 1741 1739 1744
f 1744 1746 1741
f 1734 1732 1739
f 1739 1741 1734
f 1726 1725 1734
f 1732 1734 1725
f 1718 1716 1725
f 1725 1726 1718
f 1709 1707 1716
f 1716 1718 1709
f 1700 1698 1707
f 1707 1709 1700
f 1689 1687 1698
f 1698 1700 1689
f 1675 1674 1687
f 1687 1689 1675
f 1659 1658 1674
f 1674 1675 1659
f 1643 1642 1658
f 1658 1659 1643
f 1626 1625 1642
f 1642 1643 1626
f 1607 1606 1625
f 1625 1626 1607
f 1599 1598 1606
f 1606 1607 1599
f 1591 1590 1598
f 1598 1599 1591
f 1584 1583 1591
f 1590 1591 1583
f 1579 1578 1583
f 1583 1584 1579
f 1574 1573 1578
f 1578 1579 1574
f 1569 1568 1573
f 1573 1574 1569
f 1564 1563 1568
f 1568 1569 1564
f 1558 1559 1563
f 1563 1564 1558
f 1552 1554 1558
f 1559 1558 1554
f 1549 1548 1552
f 1554 1552 1548
f 1546 1545 1549
f 1548 1549 1545
f 1540 1539 1542
f 1542 1543 1540
f 1545 1546 1543
f 1543 1542 1545
f 1551 1553 1554
f 1554 1548 1551
f 1556 1557 1553
f 1553 1551 1556
f 1561 1562 1557
f 1557 1556 1561
f 1566 1567 1562
f 1562 1561 1566
f 1571 1572 1567
f 1567 1566 1571
f 1576 1577 1572
f 1572 1571 1576
f 1581 1582 1577
f 1577 1576 1581
f 1586 1587 1581
f 1582 1581 1587
f 1594 1595 1587
f 1587 1586 1594
f 1600 1603 1595
f 1595 1594 1600
f 1602 1608 1603
f 1603 1600 1602
f 1610 1611 1608
f 1608 1602 1610
f 1628 1629 1611
f 1611 1610 1628
f 1631 1645 1629
f 1629 1628 1631
f 1632 1648 1645
f 1645 1631 1632
f 1633 1649 1648
f 1648 1632 1633
f 1634 1650 1649
f 1649 1633 1634
f 1635 1651 1634
f 1650 1634 1651
f 1636 1652 1651
f 1651 1635 1636
f 1653 1652 1637
f 1636 1637 1652
f 1777 1778 1781
f 1782 1781 1778
f 1773 1774 1777
f 1778 1777 1774
f 1769 1770 1773
f 1774 1773 1770
f 1765 1766 1770
f 1770 1769 1765
f 1761 1762 1765
f 1766 1765 1762
f 1755 1758 1761
f 1762 1761 1758
f 1749 1748 1753
f 1753 1755 1749
f 1744 1743 1748
f 1748 1749 1744
f 1739 1737 1744
f 1743 1744 1737
f 1732 1730 1737
f 1737 1739 1732
f 1725 1723 1730
f 1730 1732 1725
f 1716 1714 1723
f 1723 1725 1716
f 1707 1705 1714
f 1714 1716 1707
f 1698 1696 1705
f 1705 1707 1698
f 1687 1685 1696
f 1696 1698 1687
f 1674 1672 1685
f 1685 1687 1674
f 1658 1657 1672
f 1672 1674 1658
f 1642 1641 1657
f 1657 1658 1642
f 1625 1624 1641
f 1641 1642 1625
f 1606 1605 1624
f 1624 1625 1606
f 1598 1597 1605
f 1605 1606 1598
f 1590 1589 1597
f 1597 1598 1590
f 1583 1582 1589
f 1589 1590 1583
f 1578 1577 1583
f 1582 1583 1577
f 1587 1588 1589
f 1589 1582 1587
f 1595 1596 1588
f 1588 1587 1595
f 1603 1604 1596
f 1596 1595 1603
f 1608 1621 1604
f 1604 1603 1608
f 1611 1627 1621
f 1621 1608 1611
f 1629 1630 1627
f 1627 1611 1629
f 1645 1646 1630
f 1630 1629 1645
f 1648 1661 1646
f 1646 1645 1648
f 1649 1664 1661
f 1661 1648 1649
f 1650 1665 1664
f 1664 1649 1650
f 1651 1666 1650
f 1665 1650 1666
f 1652 1667 1651
f 1666 1651 1667
f 1668 1667 1653
f 1652 1653 1667
f 1753 1754 1758
f 1758 1755 1753
f 1748 1750 1753
f 1754 1753 1750
f 1743 1745 1748
f 1750 1748 1745
f 1670 1680 1668
f 1667 1668 1680
f 1682 1683 1670
f 1680 1670 1683
f 1692 1693 1682
f 1683 1682 1693
f 1702 1703 1692
f 1693 1692 1703
f 1712 1710 1702
f 1703 1702 1710
f 1720 1719 1712
f 1710 1712 1719
f 1727 1724 1719
f 1719 1720 1727
f 1733 1731 1727
f 1724 1727 1731
f 1740 1738 1731
f 1731 1733 1740
f 1743 1738 1745
f 1740 1745 1738
f 1737 1736 1743
f 1738 1743 1736
f 1730 1729 1736
f 1736 1737 1730
f 1723 1722 1729
f 1729 1730 1723
f 1714 1713 1722
f 1722 1723 1714
f 1705 1704 1714
f 1713 1714 1704
f 1696 1695 1705
f 1704 1705 1695
f 1685 1684 1695
f 1695 1696 1685
f 1672 1671 1684
f 1684 1685 1672
f 1657 1656 1671
f 1671 1672 1657
f 1641 1640 1656
f 1656 1657 1641
f 1624 1623 1640
f 1640 1641 1624
f 1605 1604 1623
f 1623 1624 1605
f 1589 1588 1597
f 1596 1597 1588
f 1596 1604 1597
f 1605 1597 1604
f 1621 1622 1623
f 1623 1604 1621
f 1627 1639 1622
f 1622 1621 1627
f 1630 1644 1639
f 1639 1627 1630
f 1646 1647 1644
f 1644 1630 1646
f 1661 1662 1647
f 1647 1646 1661
f 1664 1677 1661
f 1662 1661 1677
f 1665 1678 1664
f 1677 1664 1678
f 1666 1679 1678
f 1678 1665 1666
f 1680 1679 1667
f 1666 1667 1679
f 1729 1731 1736
f 1738 1736 1731
f 1722 1724 1731
f 1731 1729 1722
f 1713 1715 1722
f 1724 1722 1715
f 1704 1706 1713
f 1715 1713 1706
f 1695 1697 1704
f 1706 1704 1697
f 1684 1686 1695
f 1697 1695 1686
f 1671 1673 1684
f 1686 1684 1673
f 1656 1660 1671
f 1673 1671 1660
f 1623 1622 1640
f 1639 1640 1622
f 1573 1572 1577
f 1577 1578 1573
f 1568 1567 1572
f 1572 1573 1568
f 1563 1562 1567
f 1567 1568 1563
f 1563 1559 1562
f 1557 1562 1559
f 1553 1557 1559
f 1559 1554 1553
f 1683 1690 1680
f 1679 1680 1690
f 1693 1694 1683
f 1690 1683 1694
f 1703 1699 1694
f 1694 1693 1703
f 1710 1708 1703
f 1699 1703 1708
f 1697 1699 1708
f 1708 1706 1697
f 1686 1688 1697
f 1699 1697 1688
f 1673 1676 1686
f 1688 1686 1676
f 1678 1688 1676
f 1676 1677 1678
f 1690 1688 1678
f 1678 1679 1690
f 1699 1688 1690
f 1690 1694 1699
f 1676 1663 1677
f 1662 1677 1663
f 1660 1663 1673
f 1676 1673 1663
f 1660 1647 1663
f 1662 1663 1647
f 1656 1644 1660
f 1647 1660 1644
f 1656 1640 1644
f 1639 1644 1640
f 1715 1717 1719
f 1719 1724 1715
f 1715 1706 1717
f 1708 1717 1706
f 1710 1719 1717
f 1717 1708 1710
f 1784 1785 667
f 668 667 1785
f 1788 1789 1784
f 1785 1784 1789
f 1792 1793 1788
f 1789 1788 1793
f 1796 1797 1792
f 1793 1792 1797
f 1800 1801 1796
f 1797 1796 1801
f 1804 1805 1800
f 1801 1800 1805
f 1808 1809 1805
f 1805 1804 1808
f 1812 1813 1809
f 1809 1808 1812
f 1816 1817 1813
f 1813 1812 1816
f 1820 1821 1816
f 1817 1816 1821
f 1824 1825 1821
f 1821 1820 1824
f 1828 1829 1825
f 1825 1824 1828
f 284 1832 1829
f 1829 1828 284
f 283 1835 1832
f 1832 284 283
f 282 1838 283
f 1835 283 1838
f 279 1841 282
f 1838 282 1841
f 278 1844 279
f 1841 279 1844
f 1847 1848 278
f 1844 278 1848
f 1851 1852 1847
f 1848 1847 1852
f 1855 1856 1852
f 1852 1851 1855
f 1859 1860 1856
f 1856 1855 1859
f 1863 1864 1860
f 1860 1859 1863
f 1867 1868 1863
f 1864 1863 1868
f 1871 1872 1867
f 1868 1867 1872
f 1875 1876 1872
f 1872 1871 1875
f 1879 1880 1876
f 1876 1875 1879
f 1883 1884 1879
f 1880 1879 1884
f 1887 1888 1883
f 1884 1883 1888
f 1891 1892 1887
f 1888 1887 1892
f 1895 1896 1891
f 1892 1891 1896
f 1899 1900 1895
f 1896 1895 1900
f 1903 1904 1900
f 1900 1899 1903
f 1390 1904 1383
f 1903 1383 1904
f 1906 1905 1409
f 1398 1409 1905
f 1902 1901 1906
f 1905 1906 1901
f 1898 1897 1902
f 1901 1902 1897
f 1894 1893 1898
f 1897 1898 1893
f 1890 1889 1894
f 1893 1894 1889
f 1886 1885 1890
f 1889 1890 1885
f 1882 1881 1886
f 1885 1886 1881
f 1878 1877 1882
f 1881 1882 1877
f 1874 1873 1878
f 1877 1878 1873
f 1870 1869 1874
f 1873 1874 1869
f 1866 1865 1870
f 1869 1870 1865
f 1862 1861 1866
f 1865 1866 1861
f 1858 1857 1862
f 1861 1862 1857
f 1854 1853 1858
f 1857 1858 1853
f 1850 1849 1854
f 1853 1854 1849
f 1846 1845 1850
f 1849 1850 1845
f 1843 1842 1846
f 1845 1846 1842
f 1840 1839 1843
f 1842 1843 1839
f 1837 1836 1839
f 1839 1840 1837
f 1834 1833 1836
f 1836 1837 1834
f 1831 1830 1833
f 1833 1834 1831
f 1827 1826 1830
f 1830 1831 1827
f 1823 1822 1826
f 1826 1827 1823
f 1819 1818 1822
f 1822 1823 1819
f 1815 1814 1818
f 1818 1819 1815
f 1811 1810 1815
f 1814 1815 1810
f 1807 1806 1811
f 1810 1811 1806
f 1803 1802 1807
f 1806 1807 1802
f 1799 1798 1803
f 1802 1803 1798
f 1795 1794 1799
f 1798 1799 1794
f 1791 1790 1795
f 1794 1795 1790
f 1787 1786 1790
f 1790 1791 1787
f 669 1786 704
f 1787 704 1786
f 1905 1904 1390
f 1390 1398 1905
f 1901 1900 1904
f 1904 1905 1901
f 1897 1896 1901
f 1900 1901 1896
f 1893 1892 1897
f 1896 1897 1892
f 1889 1888 1893
f 1892 1893 1888
f 1885 1884 1889
f 1888 1889 1884
f 1881 1880 1885
f 1884 1885 1880
f 1877 1876 1881
f 1880 1881 1876
f 1873 1872 1877
f 1876 1877 1872
f 1869 1868 1873
f 1872 1873 1868
f 1865 1864 1869
f 1868 1869 1864
f 1861 1860 1865
f 1864 1865 1860
f 1857 1856 1861
f 1860 1861 1856
f 1853 1852 1857
f 1856 1857 1852
f 1849 1848 1853
f 1852 1853 1848
f 1845 1844 1849
f 1848 1849 1844
f 1842 1841 1845
f 1844 1845 1841
f 1839 1838 1842
f 1841 1842 1838
f 1836 1835 1838
f 1838 1839 1836
f 1833 1832 1835
f 1835 1836 1833
f 1830 1829 1832
f 1832 1833 1830
f 1826 1825 1829
f 1829 1830 1826
f 1822 1821 1825
f 1825 1826 1822
f 1818 1817 1821
f 1821 1822 1818
f 1814 1813 1817
f 1817 1818 1814
f 1810 1809 1813
f 1813 1814 1810
f 1806 1805 1809
f 1809 1810 1806
f 1802 1801 1805
f 1805 1806 1802
f 1798 1797 1801
f 1801 1802 1798
f 1794 1793 1797
f 1797 1798 1794
f 1790 1789 1793
f 1793 1794 1790
f 1786 1785 1789
f 1789 1790 1786
f 1786 669 1785
f 668 1785 669
f 1535 3127 1538
f 1541 1538 3127
f 1532 3128 1535
f 3127 1535 3128
f 1526 3129 1532
f 3128 1532 3129
f 1520 3130 1526
f 3129 1526 3130
f 1515 3131 1520
f 3130 1520 3131
f 1510 3132 1515
f 3131 1515 3132
f 1505 3133 1510
f 3132 1510 3133
f 1500 3134 3133
f 3133 1505 1500
f 1495 3135 3134
f 3134 1500 1495
f 1494 3136 3135
f 3135 1495 1494
f 1487 3137 3136
f 3136 1494 1487
f 1478 3138 3137
f 3137 1487 1478
f 1467 3139 3138
f 3138 1478 1467
f 1454 3140 3139
f 3139 1467 1454
f 1437 3141 3140
f 3140 1454 1437
f 1425 3142 3141
f 3141 1437 1425
f 1413 3143 3142
f 3142 1425 1413
f 1399 3144 3143
f 3143 1413 1399
f 1391 3145 3144
f 3144 1399 1391
f 1384 3146 3145
f 3145 1391 1384
f 1380 3149 3146
f 3146 1384 1380
f 1379 3183 3149
f 3149 1380 1379
f 1378 3215 3183
f 3183 1379 1378
f 1376 3216 3215
f 3215 1378 1376
f 1372 3217 3216
f 3216 1376 1372
f 1368 3218 3217
f 3217 1372 1368
f 1364 3219 3218
f 3218 1368 1364
f 1360 3220 3219
f 3219 1364 1360
f 1356 3227 3220
f 3220 1360 1356
f 1352 3251 3227
f 3227 1356 1352
f 1348 3273 3251
f 3251 1352 1348
f 1344 3295 3273
f 3273 1348 1344
f 1340 3315 3295
f 3295 1344 1340
f 1334 3333 3315
f 3315 1340 1334
f 1328 3349 3333
f 3333 1334 1328
f 1322 3356 3349
f 3349 1328 1322
f 1316 3369 3356
f 3356 1322 1316
f 1310 3380 3369
f 3369 1316 1310
f 1304 3389 3380
f 3380 1310 1304
f 1298 3396 3389
f 3389 1304 1298
f 1292 3401 3396
f 3396 1298 1292
f 1286 3404 3401
f 3401 1292 1286
f 3405 3404 1286
f 1286 1280 3405
f 3403 3402 3404
f 3404 3405 3403
f 3399 3398 3402
f 3402 3403 3399
f 3393 3392 3398
f 3398 3399 3393
f 3385 3384 3392
f 3392 3393 3385
f 3375 3374 3384
f 3384 3385 3375
f 3363 3362 3374
f 3374 3375 3363
f 3348 3347 3363
f 3362 3363 3347
f 3331 3330 3347
f 3347 3348 3331
f 3312 3311 3330
f 3330 3331 3312
f 3291 3290 3311
f 3311 3312 3291
f 3268 3267 3290
f 3290 3291 3268
f 3245 3244 3268
f 3267 3268 3244
f 3214 3213 3245
f 3244 3245 3213
f 3181 3180 3213
f 3213 3214 3181
f 3126 3125 3180
f 3180 3181 3126
f 3073 3072 3125
f 3125 3126 3073
f 3020 3019 3072
f 3072 3073 3020
f 2969 2968 3020
f 3019 3020 2968
f 2920 2919 2969
f 2968 2969 2919
f 2871 2870 2919
f 2919 2920 2871
f 2822 2869 2870
f 2870 2871 2822
f 2821 2820 2822
f 2869 2822 2820
f 2773 2772 2821
f 2820 2821 2772
f 2725 2724 2772
f 2772 2773 2725
f 2677 2676 2725
f 2724 2725 2676
f 2635 2634 2676
f 2676 2677 2635
f 2593 2592 2634
f 2634 2635 2593
f 2549 2548 2592
f 2592 2593 2549
f 2509 2508 2549
f 2548 2549 2508
f 2471 2470 2508
f 2508 2509 2471
f 2433 2432 2471
f 2470 2471 2432
f 2393 2392 2433
f 2432 2433 2392
f 2353 2352 2393
f 2392 2393 2352
f 237 2315 2352
f 2352 2353 237
f 236 2302 237
f 2315 237 2302
f 235 2277 236
f 2302 236 2277
f 234 2243 235
f 2277 235 2243
f 233 2209 234
f 2243 234 2209
f 230 2208 233
f 2209 233 2208
f 220 2207 230
f 2208 230 2207
f 210 2200 220
f 2207 220 2200
f 200 2175 210
f 2200 210 2175
f 190 2140 200
f 2175 200 2140
f 180 2100 190
f 2140 190 2100
f 170 2099 180
f 2100 180 2099
f 160 2098 170
f 2099 170 2098
f 148 2097 160
f 2098 160 2097
f 143 2095 148
f 2097 148 2095
f 132 2060 143
f 2095 143 2060
f 121 2053 132
f 2060 132 2053
f 108 2016 121
f 2053 121 2016
f 93 1983 108
f 2016 108 1983
f 92 1981 93
f 1983 93 1981
f 77 1957 92
f 1981 92 1957
f 60 1936 77
f 1957 77 1936
f 43 1929 60
f 1936 60 1929
f 1274 1929 26
f 43 26 1929
f 1930 1932 1269
f 1269 1268 1930
f 1951 1953 1932
f 1932 1930 1951
f 1975 1976 1953
f 1953 1951 1975
f 1989 2015 1975
f 1976 1975 2015
f 1990 2029 1989
f 2015 1989 2029
f 1991 2030 1990
f 2029 1990 2030
f 1994 2031 1991
f 2030 1991 2031
f 1996 2034 1994
f 2031 1994 2034
f 1998 2036 1996
f 2034 1996 2036
f 2000 2038 1998
f 2036 1998 2038
f 2002 2040 2000
f 2038 2000 2040
f 2004 2042 2002
f 2040 2002 2042
f 2005 2043 2004
f 2042 2004 2043
f 2003 2041 2005
f 2043 2005 2041
f 2001 2039 2003
f 2041 2003 2039
f 1999 2037 2001
f 2039 2001 2037
f 1997 2035 1999
f 2037 1999 2035
f 1995 2033 1997
f 2035 1997 2033
f 1993 2013 1995
f 2033 1995 2013
f 1973 1974 1993
f 2013 1993 1974
f 1950 1972 1974
f 1974 1973 1950
f 1949 1971 1972
f 1972 1950 1949
f 1948 1970 1971
f 1971 1949 1948
f 1947 1946 1970
f 1970 1948 1947
f 1928 1927 1947
f 1946 1947 1927
f 1919 1918 1928
f 1927 1928 1918
f 1912 1911 1919
f 1918 1919 1911
f 1907 1910 1911
f 1911 1912 1907
f 1908 1909 1910
f 1910 1907 1908
f 1913 1914 1909
f 1909 1908 1913
f 1920 1921 1914
f 1914 1913 1920
f 1937 1938 1921
f 1921 1920 1937
f 1959 1960 1938
f 1938 1937 1959
f 1984 1985 1960
f 1960 1959 1984
f 2023 2024 1984
f 1985 1984 2024
f 2061 2062 2023
f 2024 2023 2062
f 2102 2101 2061
f 2062 2061 2101
f 2141 2103 2101
f 2101 2102 2141
f 2142 2104 2103
f 2103 2141 2142
f 2143 2105 2104
f 2104 2142 2143
f 2144 2107 2105
f 2105 2143 2144
f 1620 2108 2107
f 2107 2144 1620
f 1620 2146 2108
f 2109 2108 2146
f 1619 2177 2146
f 2146 1620 1619
f 1618 2211 1619
f 2177 1619 2211
f 1617 2245 2211
f 2211 1618 1617
f 1616 2279 2245
f 2245 1617 1616
f 1615 2316 2279
f 2279 1616 1615
f 1614 2354 2316
f 2316 1615 1614
f 1613 2394 2354
f 2354 1614 1613
f 1612 2434 2394
f 2394 1613 1612
f 1609 2472 2434
f 2434 1612 1609
f 1601 2510 2472
f 2472 1609 1601
f 1593 2550 2510
f 2510 1601 1593
f 1592 2594 2550
f 2550 1593 1592
f 1585 2636 2594
f 2594 1592 1585
f 1580 2678 2636
f 2636 1585 1580
f 1575 2726 2678
f 2678 1580 1575
f 1570 2774 2726
f 2726 1575 1570
f 1565 2823 2774
f 2774 1570 1565
f 1560 2872 2823
f 2823 1565 1560
f 1555 2921 2872
f 2872 1560 1555
f 1550 2970 2921
f 2921 1555 1550
f 1547 3021 2970
f 2970 1550 1547
f 1544 3074 1547
f 3021 1547 3074
f 3127 3074 1544
f 1544 1541 3127
f 1273 1931 1274
f 1929 1274 1931
f 1272 1934 1273
f 1931 1273 1934
f 1271 1935 1272
f 1934 1272 1935
f 1270 1933 1935
f 1935 1271 1270
f 1932 1933 1269
f 1270 1269 1933
f 3128 3075 3127
f 3074 3127 3075
f 3129 3076 3128
f 3075 3128 3076
f 3130 3077 3129
f 3076 3129 3077
f 3131 3078 3130
f 3077 3130 3078
f 3132 3079 3131
f 3078 3131 3079
f 3133 3080 3132
f 3079 3132 3080
f 3134 3081 3133
f 3080 3133 3081
f 3135 3082 3134
f 3081 3134 3082
f 3136 3083 3082
f 3082 3135 3136
f 3137 3084 3083
f 3083 3136 3137
f 3138 3085 3084
f 3084 3137 3138
f 3139 3086 3085
f 3085 3138 3139
f 3140 3087 3086
f 3086 3139 3140
f 3141 3088 3087
f 3087 3140 3141
f 3142 3089 3088
f 3088 3141 3142
f 3143 3090 3089
f 3089 3142 3143
f 3144 3091 3090
f 3090 3143 3144
f 3145 3092 3091
f 3091 3144 3145
f 3146 3095 3092
f 3092 3145 3146
f 3149 3148 3095
f 3095 3146 3149
f 3183 3182 3148
f 3148 3149 3183
f 3215 3184 3182
f 3182 3183 3215
f 3216 3185 3184
f 3184 3215 3216
f 3217 3186 3185
f 3185 3216 3217
f 3218 3187 3186
f 3186 3217 3218
f 3219 3188 3187
f 3187 3218 3219
f 3220 3195 3188
f 3188 3219 3220
f 3227 3226 3195
f 3195 3220 3227
f 3251 3250 3226
f 3226 3227 3251
f 3273 3272 3250
f 3250 3251 3273
f 3295 3294 3272
f 3272 3273 3295
f 3315 3314 3294
f 3294 3295 3315
f 3333 3332 3314
f 3314 3315 3333
f 3349 3340 3332
f 3332 3333 3349
f 3356 3355 3340
f 3340 3349 3356
f 3369 3368 3355
f 3355 3356 3369
f 3380 3379 3368
f 3368 3369 3380
f 3389 3388 3379
f 3379 3380 3389
f 3396 3395 3388
f 3388 3389 3396
f 3401 3400 3396
f 3395 3396 3400
f 3402 3400 3401
f 3401 3404 3402
f 3398 3397 3400
f 3400 3402 3398
f 3392 3391 3397
f 3397 3398 3392
f 3384 3383 3391
f 3391 3392 3384
f 3374 3373 3383
f 3383 3384 3374
f 3362 3361 3373
f 3373 3374 3362
f 3347 3346 3361
f 3361 3362 3347
f 3330 3329 3346
f 3346 3347 3330
f 3311 3310 3329
f 3329 3330 3311
f 3290 3289 3310
f 3310 3311 3290
f 3267 3266 3289
f 3289 3290 3267
f 3244 3243 3266
f 3266 3267 3244
f 3213 3212 3243
f 3243 3244 3213
f 3180 3179 3212
f 3212 3213 3180
f 3125 3124 3179
f 3179 3180 3125
f 3072 3071 3124
f 3124 3125 3072
f 3019 3018 3071
f 3071 3072 3019
f 2968 2967 3018
f 3018 3019 2968
f 2919 2918 2967
f 2967 2968 2919
f 2870 2917 2918
f 2918 2919 2870
f 2869 2868 2917
f 2917 2870 2869
f 2820 2819 2868
f 2868 2869 2820
f 2772 2771 2819
f 2819 2820 2772
f 2724 2723 2771
f 2771 2772 2724
f 2676 2675 2723
f 2723 2724 2676
f 2634 2633 2675
f 2675 2676 2634
f 2592 2591 2633
f 2633 2634 2592
f 2548 2547 2591
f 2591 2592 2548
f 2508 2507 2547
f 2547 2548 2508
f 2470 2469 2507
f 2507 2508 2470
f 2432 2431 2470
f 2469 2470 2431
f 2392 2391 2432
f 2431 2432 2391
f 2352 2351 2392
f 2391 2392 2351
f 2315 2338 2351
f 2351 2352 2315
f 2302 2313 2338
f 2338 2315 2302
f 2277 2276 2313
f 2313 2302 2277
f 2243 2244 2276
f 2276 2277 2243
f 2209 2242 2244
f 2244 2243 2209
f 2208 2241 2242
f 2242 2209 2208
f 2207 2234 2241
f 2241 2208 2207
f 2200 2206 2207
f 2234 2207 2206
f 2175 2174 2206
f 2206 2200 2175
f 2140 2139 2174
f 2174 2175 2140
f 2100 2138 2140
f 2139 2140 2138
f 2099 2137 2138
f 2138 2100 2099
f 2098 2136 2099
f 2137 2099 2136
f 2097 2134 2098
f 2136 2098 2134
f 2095 2096 2097
f 2134 2097 2096
f 2060 2090 2095
f 2096 2095 2090
f 2053 2055 2060
f 2090 2060 2055
f 2016 2022 2055
f 2055 2053 2016
f 1983 2020 2016
f 2022 2016 2020
f 1981 1980 2020
f 2020 1983 1981
f 1957 1958 1980
f 1980 1981 1957
f 1936 1952 1958
f 1958 1957 1936
f 1931 1952 1929
f 1936 1929 1952
f 1953 1955 1933
f 1933 1932 1953
f 1976 1978 1955
f 1955 1953 1976
f 2015 2017 1978
f 1978 1976 2015
f 2029 2054 2015
f 2017 2015 2054
f 2030 2069 2029
f 2054 2029 2069
f 2031 2070 2030
f 2069 2030 2070
f 2034 2071 2031
f 2070 2031 2071
f 2036 2074 2034
f 2071 2034 2074
f 2038 2076 2036
f 2074 2036 2076
f 2040 2078 2038
f 2076 2038 2078
f 2042 2080 2040
f 2078 2040 2080
f 2043 2081 2042
f 2080 2042 2081
f 2041 2079 2043
f 2081 2043 2079
f 2039 2077 2041
f 2079 2041 2077
f 2037 2075 2039
f 2077 2039 2075
f 2035 2073 2037
f 2075 2037 2073
f 2033 2051 2035
f 2073 2035 2051
f 2013 2014 2033
f 2051 2033 2014
f 1974 2012 2013
f 2014 2013 2012
f 1972 2011 1974
f 2012 1974 2011
f 1971 2010 1972
f 2011 1972 2010
f 1970 1969 1971
f 2010 1971 1969
f 1946 1945 1970
f 1969 1970 1945
f 1927 1926 1946
f 1945 1946 1926
f 1918 1917 1926
f 1926 1927 1918
f 1911 1910 1917
f 1917 1918 1911
f 1914 1915 1916
f 1916 1909 1914
f 1921 1922 1915
f 1915 1914 1921
f 1938 1939 1922
f 1922 1921 1938
f 1960 1961 1938
f 1939 1938 1961
f 1985 1986 1961
f 1961 1960 1985
f 2024 2025 1985
f 1986 1985 2025
f 2062 2063 2025
f 2025 2024 2062
f 2101 2103 2063
f 2063 2062 2101
f 2105 2066 2064
f 2064 2104 2105
f 2107 2067 2066
f 2066 2105 2107
f 2108 2068 2067
f 2067 2107 2108
f 2109 2072 2108
f 2068 2108 2072
f 2109 2113 2083
f 2083 2072 2109
f 2146 2147 2113
f 2113 2109 2146
f 2177 2178 2147
f 2147 2146 2177
f 2211 2212 2178
f 2178 2177 2211
f 2245 2246 2212
f 2212 2211 2245
f 2279 2280 2246
f 2246 2245 2279
f 2316 2317 2280
f 2280 2279 2316
f 2354 2355 2317
f 2317 2316 2354
f 2394 2395 2355
f 2355 2354 2394
f 2434 2435 2395
f 2395 2394 2434
f 2472 2473 2435
f 2435 2434 2472
f 2510 2511 2473
f 2473 2472 2510
f 2550 2551 2511
f 2511 2510 2550
f 2594 2595 2551
f 2551 2550 2594
f 2636 2637 2595
f 2595 2594 2636
f 2678 2679 2637
f 2637 2636 2678
f 2726 2727 2679
f 2679 2678 2726
f 2774 2775 2727
f 2727 2726 2774
f 2823 2824 2775
f 2775 2774 2823
f 2872 2873 2824
f 2824 2823 2872
f 2921 2922 2873
f 2873 2872 2921
f 2970 2971 2922
f 2922 2921 2970
f 3021 3022 2970
f 2971 2970 3022
f 3075 3022 3074
f 3021 3074 3022
f 1934 1954 1931
f 1952 1931 1954
f 1935 1956 1934
f 1954 1934 1956
f 1955 1956 1935
f 1935 1933 1955
f 3076 3023 3075
f 3022 3075 3023
f 3077 3024 3076
f 3023 3076 3024
f 3078 3025 3077
f 3024 3077 3025
f 3079 3026 3078
f 3025 3078 3026
f 3080 3027 3079
f 3026 3079 3027
f 3081 3028 3080
f 3027 3080 3028
f 3082 3029 3081
f 3028 3081 3029
f 3083 3030 3082
f 3029 3082 3030
f 3084 3031 3030
f 3030 3083 3084
f 3085 3032 3031
f 3031 3084 3085
f 3086 3033 3032
f 3032 3085 3086
f 3087 3034 3033
f 3033 3086 3087
f 3088 3035 3034
f 3034 3087 3088
f 3089 3036 3035
f 3035 3088 3089
f 3090 3037 3036
f 3036 3089 3090
f 3091 3038 3037
f 3037 3090 3091
f 3092 3041 3038
f 3038 3091 3092
f 3095 3094 3041
f 3041 3092 3095
f 3148 3147 3094
f 3094 3095 3148
f 3182 3150 3147
f 3147 3148 3182
f 3184 3151 3150
f 3150 3182 3184
f 3185 3152 3151
f 3151 3184 3185
f 3186 3153 3152
f 3152 3185 3186
f 3187 3154 3153
f 3153 3186 3187
f 3188 3161 3154
f 3154 3187 3188
f 3195 3194 3161
f 3161 3188 3195
f 3226 3225 3194
f 3194 3195 3226
f 3250 3249 3225
f 3225 3226 3250
f 3272 3271 3249
f 3249 3250 3272
f 3294 3293 3271
f 3271 3272 3294
f 3314 3313 3293
f 3293 3294 3314
f 3332 3322 3313
f 3313 3314 3332
f 3340 3339 3322
f 3322 3332 3340
f 3355 3354 3339
f 3339 3340 3355
f 3368 3367 3354
f 3354 3355 3368
f 3379 3378 3367
f 3367 3368 3379
f 3388 3387 3378
f 3378 3379 3388
f 3395 3394 3388
f 3387 3388 3394
f 3397 3394 3395
f 3395 3400 3397
f 3391 3390 3394
f 3394 3397 3391
f 3383 3382 3390
f 3390 3391 3383
f 3373 3372 3382
f 3382 3383 3373
f 3361 3360 3372
f 3372 3373 3361
f 3346 3345 3360
f 3360 3361 3346
f 3329 3328 3345
f 3345 3346 3329
f 3310 3309 3328
f 3328 3329 3310
f 3289 3288 3309
f 3309 3310 3289
f 3266 3265 3288
f 3288 3289 3266
f 3243 3242 3265
f 3265 3266 3243
f 3212 3211 3242
f 3242 3243 3212
f 3179 3178 3211
f 3211 3212 3179
f 3124 3123 3178
f 3178 3179 3124
f 3071 3070 3123
f 3123 3124 3071
f 3018 3017 3070
f 3070 3071 3018
f 2967 2966 3017
f 3017 3018 2967
f 2918 2965 2966
f 2966 2967 2918
f 2917 2916 2965
f 2965 2918 2917
f 2868 2867 2916
f 2916 2917 2868
f 2819 2818 2867
f 2867 2868 2819
f 2771 2770 2818
f 2818 2819 2771
f 2723 2722 2770
f 2770 2771 2723
f 2675 2674 2722
f 2722 2723 2675
f 2633 2632 2674
f 2674 2675 2633
f 2591 2590 2632
f 2632 2633 2591
f 2547 2546 2590
f 2590 2591 2547
f 2507 2506 2546
f 2546 2547 2507
f 2469 2468 2506
f 2506 2507 2469
f 2431 2430 2468
f 2468 2469 2431
f 2391 2390 2430
f 2430 2431 2391
f 2351 2377 2390
f 2390 2391 2351
f 2338 2349 2377
f 2377 2351 2338
f 2313 2312 2349
f 2349 2338 2313
f 2276 2278 2312
f 2312 2313 2276
f 2244 2275 2278
f 2278 2276 2244
f 2242 2274 2275
f 2275 2244 2242
f 2241 2267 2274
f 2274 2242 2241
f 2234 2240 2267
f 2267 2241 2234
f 2206 2205 2234
f 2240 2234 2205
f 2174 2173 2206
f 2205 2206 2173
f 2139 2172 2173
f 2173 2174 2139
f 2138 2171 2139
f 2172 2139 2171
f 2137 2170 2171
f 2171 2138 2137
f 2136 2168 2137
f 2170 2137 2168
f 2134 2135 2168
f 2168 2136 2134
f 2096 2129 2135
f 2135 2134 2096
f 2090 2092 2096
f 2129 2096 2092
f 2055 2059 2090
f 2092 2090 2059
f 2022 2058 2059
f 2059 2055 2022
f 2020 2019 2058
f 2058 2022 2020
f 1980 1982 2020
f 2019 2020 1982
f 1958 1977 1980
f 1982 1980 1977
f 1954 1977 1952
f 1958 1952 1977
f 1978 1979 1956
f 1956 1955 1978
f 2017 2018 1979
f 1979 1978 2017
f 2054 2056 2017
f 2018 2017 2056
f 2069 2091 2054
f 2056 2054 2091
f 2070 2110 2069
f 2091 2069 2110
f 2071 2111 2070
f 2110 2070 2111
f 2074 2112 2071
f 2111 2071 2112
f 2076 2115 2074
f 2112 2074 2115
f 2078 2117 2076
f 2115 2076 2117
f 2080 2119 2078
f 2117 2078 2119
f 2081 2120 2080
f 2119 2080 2120
f 2079 2118 2081
f 2120 2081 2118
f 2077 2116 2079
f 2118 2079 2116
f 2075 2114 2077
f 2116 2077 2114
f 2073 2088 2075
f 2114 2075 2088
f 2051 2052 2073
f 2088 2073 2052
f 2014 2050 2051
f 2052 2051 2050
f 2012 2049 2014
f 2050 2014 2049
f 2011 2048 2012
f 2049 2012 2048
f 2010 2009 2011
f 2048 2011 2009
f 1969 1968 2010
f 2009 2010 1968
f 1945 1944 1969
f 1968 1969 1944
f 1926 1925 1945
f 1944 1945 1925
f 1915 1924 1925
f 1925 1916 1915
f 1922 1923 1924
f 1924 1915 1922
f 1939 1940 1923
f 1923 1922 1939
f 1961 1962 1940
f 1940 1939 1961
f 1986 1987 1962
f 1962 1961 1986
f 2025 2026 1986
f 1987 1986 2026
f 2103 2104 2063
f 2064 2063 2104
f 2064 2026 2025
f 2025 2063 2064
f 2066 2027 2026
f 2026 2064 2066
f 2067 2028 2027
f 2027 2066 2067
f 2068 2032 2067
f 2028 2067 2032
f 2072 2044 2068
f 2032 2068 2044
f 2083 2082 2072
f 2044 2072 2082
f 2083 2121 2106
f 2106 2082 2083
f 2113 2122 2121
f 2121 2083 2113
f 2147 2151 2122
f 2122 2113 2147
f 2178 2179 2151
f 2151 2147 2178
f 2212 2213 2179
f 2179 2178 2212
f 2246 2247 2213
f 2213 2212 2246
f 2280 2281 2247
f 2247 2246 2280
f 2317 2318 2281
f 2281 2280 2317
f 2355 2356 2318
f 2318 2317 2355
f 2395 2396 2356
f 2356 2355 2395
f 2435 2436 2396
f 2396 2395 2435
f 2473 2474 2436
f 2436 2435 2473
f 2511 2512 2474
f 2474 2473 2511
f 2551 2552 2512
f 2512 2511 2551
f 2595 2596 2552
f 2552 2551 2595
f 2637 2638 2596
f 2596 2595 2637
f 2679 2680 2638
f 2638 2637 2679
f 2727 2728 2680
f 2680 2679 2727
f 2775 2776 2728
f 2728 2727 2775
f 2824 2825 2776
f 2776 2775 2824
f 2873 2874 2825
f 2825 2824 2873
f 2922 2923 2874
f 2874 2873 2922
f 2971 2972 2922
f 2923 2922 2972
f 3023 2972 3022
f 2971 3022 2972
f 3024 2973 3023
f 2972 3023 2973
f 3025 2974 3024
f 2973 3024 2974
f 3026 2975 3025
f 2974 3025 2975
f 3027 2976 3026
f 2975 3026 2976
f 3028 2977 3027
f 2976 3027 2977
f 3029 2978 3028
f 2977 3028 2978
f 3030 2979 3029
f 2978 3029 2979
f 3031 2980 3030
f 2979 3030 2980
f 3032 2981 2980
f 2980 3031 3032
f 3033 2982 2981
f 2981 3032 3033
f 3034 2983 2982
f 2982 3033 3034
f 3035 2984 2983
f 2983 3034 3035
f 3036 2985 2984
f 2984 3035 3036
f 3037 2986 2985
f 2985 3036 3037
f 3038 2989 2986
f 2986 3037 3038
f 3041 3040 2989
f 2989 3038 3041
f 3094 3093 3040
f 3040 3041 3094
f 3147 3096 3093
f 3093 3094 3147
f 3150 3097 3096
f 3096 3147 3150
f 3151 3098 3097
f 3097 3150 3151
f 3152 3099 3098
f 3098 3151 3152
f 3153 3100 3099
f 3099 3152 3153
f 3154 3107 3100
f 3100 3153 3154
f 3161 3160 3107
f 3107 3154 3161
f 3194 3193 3160
f 3160 3161 3194
f 3225 3224 3193
f 3193 3194 3225
f 3249 3248 3224
f 3224 3225 3249
f 3271 3270 3248
f 3248 3249 3271
f 3293 3292 3270
f 3270 3271 3293
f 3313 3302 3292
f 3292 3293 3313
f 3322 3321 3302
f 3302 3313 3322
f 3339 3338 3321
f 3321 3322 3339
f 3354 3353 3338
f 3338 3339 3354
f 3367 3366 3353
f 3353 3354 3367
f 3378 3377 3366
f 3366 3367 3378
f 3387 3386 3378
f 3377 3378 3386
f 3390 3386 3387
f 3387 3394 3390
f 3382 3381 3386
f 3386 3390 3382
f 3372 3371 3381
f 3381 3382 3372
f 3360 3359 3371
f 3371 3372 3360
f 3345 3344 3359
f 3359 3360 3345
f 3328 3327 3344
f 3344 3345 3328
f 3309 3308 3327
f 3327 3328 3309
f 3288 3287 3308
f 3308 3309 3288
f 3265 3264 3287
f 3287 3288 3265
f 3242 3241 3264
f 3264 3265 3242
f 3211 3210 3241
f 3241 3242 3211
f 3178 3177 3210
f 3210 3211 3178
f 3123 3122 3177
f 3177 3178 3123
f 3070 3069 3122
f 3122 3123 3070
f 3017 3016 3069
f 3069 3070 3017
f 2966 3015 3016
f 3016 3017 2966
f 2965 2964 3015
f 3015 2966 2965
f 2916 2915 2964
f 2964 2965 2916
f 2867 2866 2915
f 2915 2916 2867
f 2818 2817 2866
f 2866 2867 2818
f 2770 2769 2817
f 2817 2818 2770
f 2722 2721 2769
f 2769 2770 2722
f 2674 2673 2721
f 2721 2722 2674
f 2632 2631 2673
f 2673 2674 2632
f 2590 2589 2631
f 2631 2632 2590
f 2546 2545 2589
f 2589 2590 2546
f 2506 2505 2545
f 2545 2546 2506
f 2468 2467 2505
f 2505 2506 2468
f 2430 2429 2467
f 2467 2468 2430
f 2390 2414 2429
f 2429 2430 2390
f 2377 2388 2414
f 2414 2390 2377
f 2349 2348 2388
f 2388 2377 2349
f 2312 2314 2348
f 2348 2349 2312
f 2278 2311 2314
f 2314 2312 2278
f 2275 2310 2311
f 2311 2278 2275
f 2274 2303 2310
f 2310 2275 2274
f 2267 2273 2303
f 2303 2274 2267
f 2240 2239 2273
f 2273 2267 2240
f 2205 2204 2240
f 2239 2240 2204
f 2173 2203 2205
f 2204 2205 2203
f 2172 2202 2203
f 2203 2173 2172
f 2171 2201 2172
f 2202 2172 2201
f 2170 2198 2201
f 2201 2171 2170
f 2168 2169 2198
f 2198 2170 2168
f 2135 2165 2169
f 2169 2168 2135
f 2129 2131 2165
f 2165 2135 2129
f 2092 2094 2129
f 2131 2129 2094
f 2059 2093 2094
f 2094 2092 2059
f 2058 2057 2059
f 2093 2059 2057
f 2019 2021 2058
f 2057 2058 2021
f 1982 2018 2021
f 2021 2019 1982
f 1954 1956 1979
f 1979 1977 1954
f 1924 1943 1944
f 1944 1925 1924
f 1923 1942 1943
f 1943 1924 1923
f 1940 1941 1942
f 1942 1923 1940
f 1962 1963 1941
f 1941 1940 1962
f 1987 1988 1963
f 1963 1962 1987
f 2027 1988 1987
f 1987 2026 2027
f 1979 2018 1977
f 1982 1977 2018
f 2056 2057 2021
f 2021 2018 2056
f 2091 2093 2057
f 2057 2056 2091
f 2110 2130 2091
f 2093 2091 2130
f 2111 2148 2110
f 2130 2110 2148
f 2112 2149 2111
f 2148 2111 2149
f 2115 2150 2112
f 2149 2112 2150
f 2117 2153 2115
f 2150 2115 2153
f 2119 2155 2117
f 2153 2117 2155
f 2120 2156 2119
f 2155 2119 2156
f 2118 2154 2120
f 2156 2120 2154
f 2116 2152 2118
f 2154 2118 2152
f 2114 2127 2116
f 2152 2116 2127
f 2088 2089 2114
f 2127 2114 2089
f 2052 2087 2088
f 2089 2088 2087
f 2050 2086 2052
f 2087 2052 2086
f 2049 2085 2050
f 2086 2050 2085
f 2048 2047 2049
f 2085 2049 2047
f 2009 2008 2048
f 2047 2048 2008
f 1968 1967 2008
f 2008 2009 1968
f 1943 1967 1968
f 1968 1944 1943
f 2130 2132 2094
f 2094 2093 2130
f 2148 2166 2130
f 2132 2130 2166
f 2149 2180 2148
f 2166 2148 2180
f 2150 2181 2149
f 2180 2149 2181
f 2153 2182 2150
f 2181 2150 2182
f 2155 2185 2153
f 2182 2153 2185
f 2156 2186 2155
f 2185 2155 2186
f 2154 2184 2156
f 2186 2156 2184
f 2152 2163 2154
f 2184 2154 2163
f 2127 2128 2152
f 2163 2152 2128
f 2089 2126 2127
f 2128 2127 2126
f 2087 2125 2089
f 2126 2089 2125
f 2086 2124 2087
f 2125 2087 2124
f 2085 2084 2124
f 2124 2086 2085
f 2047 2046 2085
f 2084 2085 2046
f 2008 2007 2047
f 2046 2047 2007
f 1967 1966 2008
f 2007 2008 1966
f 1942 1966 1943
f 1967 1943 1966
f 1941 1965 1942
f 1966 1942 1965
f 1963 1964 1965
f 1965 1941 1963
f 1988 1992 1964
f 1964 1963 1988
f 2028 1992 1988
f 1988 2027 2028
f 1992 2006 1964
f 2007 1964 2006
f 2032 2006 2028
f 1992 2028 2006
f 2132 2133 2094
f 2131 2094 2133
f 2166 2167 2133
f 2133 2132 2166
f 2180 2197 2167
f 2167 2166 2180
f 2181 2215 2180
f 2197 2180 2215
f 2182 2216 2181
f 2215 2181 2216
f 2185 2217 2182
f 2216 2182 2217
f 2186 2219 2217
f 2217 2185 2186
f 2184 2195 2186
f 2219 2186 2195
f 2163 2164 2184
f 2195 2184 2164
f 2128 2162 2163
f 2164 2163 2162
f 2126 2161 2128
f 2162 2128 2161
f 2125 2160 2161
f 2161 2126 2125
f 2124 2123 2125
f 2160 2125 2123
f 2121 2145 2123
f 2123 2106 2121
f 2122 2157 2145
f 2145 2121 2122
f 2151 2158 2157
f 2157 2122 2151
f 2179 2183 2158
f 2158 2151 2179
f 2213 2214 2183
f 2183 2179 2213
f 2247 2248 2214
f 2214 2213 2247
f 2281 2282 2248
f 2248 2247 2281
f 2318 2319 2282
f 2282 2281 2318
f 2356 2357 2319
f 2319 2318 2356
f 2396 2397 2357
f 2357 2356 2396
f 2436 2437 2397
f 2397 2396 2436
f 2474 2475 2437
f 2437 2436 2474
f 2512 2513 2475
f 2475 2474 2512
f 2552 2553 2513
f 2513 2512 2552
f 2596 2597 2553
f 2553 2552 2596
f 2638 2639 2597
f 2597 2596 2638
f 2680 2681 2639
f 2639 2638 2680
f 2728 2729 2681
f 2681 2680 2728
f 2776 2777 2729
f 2729 2728 2776
f 2825 2826 2777
f 2777 2776 2825
f 2874 2875 2826
f 2826 2825 2874
f 2923 2924 2874
f 2875 2874 2924
f 2973 2924 2972
f 2923 2972 2924
f 1917 1916 1926
f 1925 1926 1916
f 1917 1910 1909
f 1909 1916 1917
f 3381 3376 3377
f 3377 3386 3381
f 3371 3370 3376
f 3376 3381 3371
f 3359 3358 3370
f 3370 3371 3359
f 3344 3343 3358
f 3358 3359 3344
f 3327 3326 3343
f 3343 3344 3327
f 3308 3307 3326
f 3326 3327 3308
f 3287 3286 3307
f 3307 3308 3287
f 3264 3263 3286
f 3286 3287 3264
f 3241 3240 3263
f 3263 3264 3241
f 3210 3209 3240
f 3240 3241 3210
f 3177 3176 3209
f 3209 3210 3177
f 3122 3121 3176
f 3176 3177 3122
f 3069 3068 3121
f 3121 3122 3069
f 3016 3067 3068
f 3068 3069 3016
f 3015 3014 3067
f 3067 3016 3015
f 2964 2963 3014
f 3014 3015 2964
f 2915 2914 2963
f 2963 2964 2915
f 2866 2865 2914
f 2914 2915 2866
f 2817 2816 2865
f 2865 2866 2817
f 2769 2768 2816
f 2816 2817 2769
f 2721 2720 2768
f 2768 2769 2721
f 2673 2672 2720
f 2720 2721 2673
f 2631 2630 2672
f 2672 2673 2631
f 2589 2588 2630
f 2630 2631 2589
f 2545 2544 2588
f 2588 2589 2545
f 2505 2504 2544
f 2544 2545 2505
f 2467 2466 2504
f 2504 2505 2467
f 2429 2453 2466
f 2466 2467 2429
f 2414 2427 2453
f 2453 2429 2414
f 2388 2387 2427
f 2427 2414 2388
f 2348 2350 2387
f 2387 2388 2348
f 2314 2347 2350
f 2350 2348 2314
f 2311 2346 2347
f 2347 2314 2311
f 2310 2339 2346
f 2346 2311 2310
f 2303 2309 2339
f 2339 2310 2303
f 2273 2272 2309
f 2309 2303 2273
f 2239 2238 2272
f 2272 2273 2239
f 2204 2237 2239
f 2238 2239 2237
f 2203 2236 2204
f 2237 2204 2236
f 2202 2235 2203
f 2236 2203 2235
f 2201 2232 2202
f 2235 2202 2232
f 2198 2199 2232
f 2232 2201 2198
f 2169 2197 2199
f 2199 2198 2169
f 2131 2133 2165
f 2167 2165 2133
f 2974 2925 2973
f 2924 2973 2925
f 2975 2926 2974
f 2925 2974 2926
f 2976 2927 2975
f 2926 2975 2927
f 2977 2928 2976
f 2927 2976 2928
f 2978 2929 2977
f 2928 2977 2929
f 2979 2930 2978
f 2929 2978 2930
f 2980 2931 2979
f 2930 2979 2931
f 2981 2932 2980
f 2931 2980 2932
f 2982 2933 2932
f 2932 2981 2982
f 2983 2934 2933
f 2933 2982 2983
f 2984 2935 2934
f 2934 2983 2984
f 2985 2936 2935
f 2935 2984 2985
f 2986 2939 2936
f 2936 2985 2986
f 2989 2988 2939
f 2939 2986 2989
f 3040 3039 2988
f 2988 2989 3040
f 3093 3042 3039
f 3039 3040 3093
f 3096 3043 3042
f 3042 3093 3096
f 3097 3044 3043
f 3043 3096 3097
f 3098 3045 3044
f 3044 3097 3098
f 3099 3046 3045
f 3045 3098 3099
f 3100 3053 3046
f 3046 3099 3100
f 3107 3106 3053
f 3053 3100 3107
f 3160 3159 3106
f 3106 3107 3160
f 3193 3192 3159
f 3159 3160 3193
f 3224 3223 3192
f 3192 3193 3224
f 3248 3247 3223
f 3223 3224 3248
f 3270 3269 3247
f 3247 3248 3270
f 3292 3280 3269
f 3269 3270 3292
f 3302 3301 3280
f 3280 3292 3302
f 3321 3320 3301
f 3301 3302 3321
f 3338 3337 3320
f 3320 3321 3338
f 3353 3352 3337
f 3337 3338 3353
f 3366 3365 3353
f 3352 3353 3365
f 3376 3365 3366
f 3366 3377 3376
f 2044 2045 2032
f 2006 2032 2045
f 2082 2065 2044
f 2045 2044 2065
f 2123 2124 2106
f 2084 2106 2124
f 2084 2065 2106
f 2082 2106 2065
f 2046 2045 2065
f 2065 2084 2046
f 2046 2007 2006
f 2006 2045 2046
f 1965 1964 1966
f 2007 1966 1964
f 2167 2197 2169
f 2169 2165 2167
f 2215 2231 2199
f 2199 2197 2215
f 2216 2250 2215
f 2231 2215 2250
f 2217 2251 2216
f 2250 2216 2251
f 2219 2252 2217
f 2251 2217 2252
f 2195 2196 2229
f 2229 2219 2195
f 2164 2194 2195
f 2196 2195 2194
f 2162 2193 2164
f 2194 2164 2193
f 2161 2192 2162
f 2193 2162 2192
f 2160 2191 2161
f 2192 2161 2191
f 2145 2159 2123
f 2160 2123 2159
f 3370 3364 3365
f 3365 3376 3370
f 3358 3357 3364
f 3364 3370 3358
f 3343 3342 3357
f 3357 3358 3343
f 3326 3325 3342
f 3342 3343 3326
f 3307 3306 3325
f 3325 3326 3307
f 3286 3285 3306
f 3306 3307 3286
f 3263 3262 3285
f 3285 3286 3263
f 3240 3239 3262
f 3262 3263 3240
f 3209 3208 3239
f 3239 3240 3209
f 3176 3175 3208
f 3208 3209 3176
f 3121 3120 3175
f 3175 3176 3121
f 3068 3119 3120
f 3120 3121 3068
f 3067 3066 3119
f 3119 3068 3067
f 3014 3013 3066
f 3066 3067 3014
f 2963 2962 3013
f 3013 3014 2963
f 2914 2913 2962
f 2962 2963 2914
f 2865 2864 2913
f 2913 2914 2865
f 2816 2815 2864
f 2864 2865 2816
f 2768 2767 2815
f 2815 2816 2768
f 2720 2719 2767
f 2767 2768 2720
f 2672 2671 2719
f 2719 2720 2672
f 2630 2629 2671
f 2671 2672 2630
f 2588 2587 2629
f 2629 2630 2588
f 2544 2543 2587
f 2587 2588 2544
f 2504 2503 2543
f 2543 2544 2504
f 2466 2490 2503
f 2503 2504 2466
f 2453 2464 2490
f 2490 2466 2453
f 2427 2426 2464
f 2464 2453 2427
f 2387 2389 2426
f 2426 2427 2387
f 2350 2386 2389
f 2389 2387 2350
f 2347 2385 2386
f 2386 2350 2347
f 2346 2378 2385
f 2385 2347 2346
f 2339 2345 2378
f 2378 2346 2339
f 2309 2308 2339
f 2345 2339 2308
f 2272 2271 2309
f 2308 2309 2271
f 2238 2270 2272
f 2271 2272 2270
f 2237 2269 2238
f 2270 2238 2269
f 2236 2268 2237
f 2269 2237 2268
f 2235 2266 2236
f 2268 2236 2266
f 2232 2233 2235
f 2266 2235 2233
f 2231 2233 2199
f 2232 2199 2233
f 2159 2190 2191
f 2191 2160 2159
f 2159 2176 2189
f 2189 2190 2159
f 2157 2176 2159
f 2159 2145 2157
f 2158 2187 2176
f 2176 2157 2158
f 2183 2188 2187
f 2187 2158 2183
f 2214 2218 2183
f 2188 2183 2218
f 2248 2249 2218
f 2218 2214 2248
f 2282 2283 2249
f 2249 2248 2282
f 2319 2320 2283
f 2283 2282 2319
f 2357 2358 2320
f 2320 2319 2357
f 2397 2398 2358
f 2358 2357 2397
f 2437 2438 2398
f 2398 2397 2437
f 2475 2476 2438
f 2438 2437 2475
f 2513 2514 2476
f 2476 2475 2513
f 2553 2554 2514
f 2514 2513 2553
f 2597 2598 2554
f 2554 2553 2597
f 2639 2640 2598
f 2598 2597 2639
f 2681 2682 2640
f 2640 2639 2681
f 2729 2730 2682
f 2682 2681 2729
f 2777 2778 2730
f 2730 2729 2777
f 2826 2827 2778
f 2778 2777 2826
f 2875 2876 2826
f 2827 2826 2876
f 2925 2876 2924
f 2875 2924 2876
f 2229 2254 2252
f 2252 2219 2229
f 2229 2230 2254
f 2264 2254 2230
f 2196 2228 2230
f 2230 2229 2196
f 2194 2227 2196
f 2228 2196 2227
f 2193 2226 2194
f 2227 2194 2226
f 2192 2225 2193
f 2226 2193 2225
f 2191 2224 2192
f 2225 2192 2224
f 2190 2223 2191
f 2224 2191 2223
f 2189 2222 2190
f 2223 2190 2222
f 2926 2877 2925
f 2876 2925 2877
f 2927 2878 2926
f 2877 2926 2878
f 2928 2879 2927
f 2878 2927 2879
f 2929 2880 2928
f 2879 2928 2880
f 2930 2881 2929
f 2880 2929 2881
f 2931 2882 2930
f 2881 2930 2882
f 2932 2883 2931
f 2882 2931 2883
f 2933 2884 2883
f 2883 2932 2933
f 2934 2885 2884
f 2884 2933 2934
f 2935 2886 2885
f 2885 2934 2935
f 2936 2889 2886
f 2886 2935 2936
f 2939 2938 2889
f 2889 2936 2939
f 2988 2987 2938
f 2938 2939 2988
f 3039 2990 2987
f 2987 2988 3039
f 3042 2991 2990
f 2990 3039 3042
f 3043 2992 2991
f 2991 3042 3043
f 3044 2993 2992
f 2992 3043 3044
f 3045 2994 2993
f 2993 3044 3045
f 3046 2999 2994
f 2994 3045 3046
f 3053 3052 2999
f 2999 3046 3053
f 3106 3105 3052
f 3052 3053 3106
f 3159 3158 3105
f 3105 3106 3159
f 3192 3191 3158
f 3158 3159 3192
f 3223 3222 3191
f 3191 3192 3223
f 3247 3246 3222
f 3222 3223 3247
f 3269 3256 3246
f 3246 3247 3269
f 3280 3279 3256
f 3256 3269 3280
f 3301 3300 3279
f 3279 3280 3301
f 3320 3319 3300
f 3300 3301 3320
f 3337 3336 3319
f 3319 3320 3337
f 3352 3351 3337
f 3336 3337 3351
f 3364 3351 3352
f 3352 3365 3364
f 3357 3350 3351
f 3351 3364 3357
f 3342 3341 3350
f 3350 3357 3342
f 3325 3324 3341
f 3341 3342 3325
f 3306 3305 3324
f 3324 3325 3306
f 3285 3284 3305
f 3305 3306 3285
f 3262 3261 3284
f 3284 3285 3262
f 3239 3238 3261
f 3261 3262 3239
f 3208 3207 3238
f 3238 3239 3208
f 3175 3174 3207
f 3207 3208 3175
f 3120 3173 3174
f 3174 3175 3120
f 3119 3118 3173
f 3173 3120 3119
f 3066 3065 3118
f 3118 3119 3066
f 3013 3012 3065
f 3065 3066 3013
f 2962 2961 3012
f 3012 3013 2962
f 2913 2912 2961
f 2961 2962 2913
f 2864 2863 2912
f 2912 2913 2864
f 2815 2814 2863
f 2863 2864 2815
f 2767 2766 2814
f 2814 2815 2767
f 2719 2718 2766
f 2766 2767 2719
f 2671 2670 2718
f 2718 2719 2671
f 2629 2628 2670
f 2670 2671 2629
f 2587 2586 2628
f 2628 2629 2587
f 2543 2542 2586
f 2586 2587 2543
f 2503 2529 2542
f 2542 2543 2503
f 2490 2501 2529
f 2529 2503 2490
f 2464 2463 2501
f 2501 2490 2464
f 2426 2428 2463
f 2463 2464 2426
f 2389 2425 2428
f 2428 2426 2389
f 2386 2424 2425
f 2425 2389 2386
f 2385 2415 2424
f 2424 2386 2385
f 2378 2384 2415
f 2415 2385 2378
f 2345 2344 2384
f 2384 2378 2345
f 2308 2307 2344
f 2344 2345 2308
f 2271 2306 2308
f 2307 2308 2306
f 2270 2305 2271
f 2306 2271 2305
f 2269 2304 2270
f 2305 2270 2304
f 2268 2301 2269
f 2304 2269 2301
f 2266 2285 2268
f 2301 2268 2285
f 2252 2286 2251
f 2285 2251 2286
f 2254 2287 2286
f 2286 2252 2254
f 2264 2289 2287
f 2287 2254 2264
f 2264 2265 2289
f 2300 2289 2265
f 2230 2263 2265
f 2265 2264 2230
f 2228 2262 2230
f 2263 2230 2262
f 2227 2261 2228
f 2262 2228 2261
f 2226 2260 2227
f 2261 2227 2260
f 2225 2259 2226
f 2260 2226 2259
f 2224 2258 2225
f 2259 2225 2258
f 2223 2257 2224
f 2258 2224 2257
f 2222 2256 2223
f 2257 2223 2256
f 2222 2221 2220
f 2220 2256 2222
f 2189 2210 2222
f 2221 2222 2210
f 2187 2210 2176
f 2189 2176 2210
f 2286 2323 2301
f 2301 2285 2286
f 2287 2324 2286
f 2323 2286 2324
f 2289 2325 2287
f 2324 2287 2325
f 2300 2327 2289
f 2325 2289 2327
f 2300 2299 2336
f 2336 2327 2300
f 2263 2299 2265
f 2300 2265 2299
f 2323 2337 2304
f 2304 2301 2323
f 2324 2362 2337
f 2337 2323 2324
f 2325 2363 2324
f 2362 2324 2363
f 2327 2364 2325
f 2363 2325 2364
f 2336 2366 2364
f 2364 2327 2336
f 2336 2335 2366
f 2375 2366 2335
f 2299 2298 2336
f 2335 2336 2298
f 2262 2298 2299
f 2299 2263 2262
f 3350 3335 3336
f 3336 3351 3350
f 3341 3334 3335
f 3335 3350 3341
f 3324 3323 3334
f 3334 3341 3324
f 3305 3304 3323
f 3323 3324 3305
f 3284 3283 3304
f 3304 3305 3284
f 3261 3260 3283
f 3283 3284 3261
f 3238 3237 3260
f 3260 3261 3238
f 3207 3206 3237
f 3237 3238 3207
f 3174 3205 3206
f 3206 3207 3174
f 3173 3172 3205
f 3205 3174 3173
f 3118 3117 3172
f 3172 3173 3118
f 3065 3064 3117
f 3117 3118 3065
f 3012 3011 3064
f 3064 3065 3012
f 2961 2960 3011
f 3011 3012 2961
f 2912 2911 2960
f 2960 2961 2912
f 2863 2862 2911
f 2911 2912 2863
f 2814 2813 2862
f 2862 2863 2814
f 2766 2765 2813
f 2813 2814 2766
f 2718 2717 2765
f 2765 2766 2718
f 2670 2669 2717
f 2717 2718 2670
f 2628 2627 2669
f 2669 2670 2628
f 2586 2585 2627
f 2627 2628 2586
f 2542 2572 2585
f 2585 2586 2542
f 2529 2540 2572
f 2572 2542 2529
f 2501 2500 2540
f 2540 2529 2501
f 2463 2465 2500
f 2500 2501 2463
f 2428 2462 2465
f 2465 2463 2428
f 2425 2461 2462
f 2462 2428 2425
f 2424 2454 2461
f 2461 2425 2424
f 2415 2423 2454
f 2454 2424 2415
f 2384 2383 2423
f 2423 2415 2384
f 2344 2343 2383
f 2383 2384 2344
f 2307 2342 2343
f 2343 2344 2307
f 2306 2341 2307
f 2342 2307 2341
f 2305 2340 2306
f 2341 2306 2340
f 2337 2340 2305
f 2305 2304 2337
f 2366 2403 2363
f 2363 2364 2366
f 2375 2405 2403
f 2403 2366 2375
f 2375 2374 2405
f 2412 2405 2374
f 2335 2334 2375
f 2374 2375 2334
f 2298 2297 2335
f 2334 2335 2297
f 2261 2297 2262
f 2298 2262 2297
f 2188 2221 2210
f 2210 2187 2188
f 2218 2220 2221
f 2221 2188 2218
f 2249 2253 2218
f 2220 2218 2253
f 2283 2284 2253
f 2253 2249 2283
f 2320 2321 2284
f 2284 2283 2320
f 2358 2359 2321
f 2321 2320 2358
f 2398 2399 2359
f 2359 2358 2398
f 2438 2439 2399
f 2399 2398 2438
f 2476 2477 2439
f 2439 2438 2476
f 2514 2515 2476
f 2477 2476 2515
f 2554 2555 2514
f 2515 2514 2555
f 2598 2599 2554
f 2555 2554 2599
f 2640 2641 2598
f 2599 2598 2641
f 2682 2683 2640
f 2641 2640 2683
f 2730 2731 2682
f 2683 2682 2731
f 2778 2779 2730
f 2731 2730 2779
f 2827 2828 2779
f 2779 2778 2827
f 2877 2828 2876
f 2827 2876 2828
f 2878 2829 2877
f 2828 2877 2829
f 2879 2830 2878
f 2829 2878 2830
f 2880 2831 2879
f 2830 2879 2831
f 2881 2832 2880
f 2831 2880 2832
f 2882 2833 2881
f 2832 2881 2833
f 2883 2834 2882
f 2833 2882 2834
f 2884 2835 2883
f 2834 2883 2835
f 2885 2836 2835
f 2835 2884 2885
f 2886 2839 2836
f 2836 2885 2886
f 2889 2888 2839
f 2839 2886 2889
f 2938 2937 2888
f 2888 2889 2938
f 2987 2940 2937
f 2937 2938 2987
f 2990 2941 2940
f 2940 2987 2990
f 2991 2942 2941
f 2941 2990 2991
f 2992 2943 2942
f 2942 2991 2992
f 2993 2944 2943
f 2943 2992 2993
f 2994 2947 2944
f 2944 2993 2994
f 2999 2998 2947
f 2947 2994 2999
f 3052 3051 2998
f 2998 2999 3052
f 3105 3104 3051
f 3051 3052 3105
f 3158 3157 3104
f 3104 3105 3158
f 3191 3190 3157
f 3157 3158 3191
f 3222 3221 3190
f 3190 3191 3222
f 3246 3232 3221
f 3221 3222 3246
f 3256 3255 3232
f 3232 3246 3256
f 3279 3278 3256
f 3255 3256 3278
f 3300 3299 3278
f 3278 3279 3300
f 3319 3318 3300
f 3299 3300 3318
f 3335 3318 3319
f 3319 3336 3335
f 3334 3317 3318
f 3318 3335 3334
f 3323 3316 3317
f 3317 3334 3323
f 3304 3303 3316
f 3316 3323 3304
f 3283 3282 3303
f 3303 3304 3283
f 3260 3259 3282
f 3282 3283 3260
f 3237 3236 3259
f 3259 3260 3237
f 3206 3235 3236
f 3236 3237 3206
f 3205 3204 3235
f 3235 3206 3205
f 3172 3171 3204
f 3204 3205 3172
f 3117 3116 3171
f 3171 3172 3117
f 3064 3063 3116
f 3116 3117 3064
f 3011 3010 3063
f 3063 3064 3011
f 2960 2959 3010
f 3010 3011 2960
f 2911 2910 2959
f 2959 2960 2911
f 2862 2861 2910
f 2910 2911 2862
f 2813 2812 2861
f 2861 2862 2813
f 2765 2764 2812
f 2812 2813 2765
f 2717 2716 2764
f 2764 2765 2717
f 2669 2668 2716
f 2716 2717 2669
f 2627 2626 2668
f 2668 2669 2627
f 2585 2615 2626
f 2626 2627 2585
f 2572 2583 2615
f 2615 2585 2572
f 2540 2539 2583
f 2583 2572 2540
f 2500 2502 2539
f 2539 2540 2500
f 2465 2499 2502
f 2502 2500 2465
f 2462 2498 2499
f 2499 2465 2462
f 2461 2491 2498
f 2498 2462 2461
f 2454 2460 2491
f 2491 2461 2454
f 2423 2422 2460
f 2460 2454 2423
f 2383 2382 2422
f 2422 2423 2383
f 2343 2381 2382
f 2382 2383 2343
f 2342 2380 2381
f 2381 2343 2342
f 2341 2379 2342
f 2380 2342 2379
f 2340 2376 2341
f 2379 2341 2376
f 2363 2403 2376
f 2376 2362 2363
f 2405 2444 2413
f 2413 2403 2405
f 2412 2446 2444
f 2444 2405 2412
f 2412 2411 2451
f 2451 2446 2412
f 2374 2373 2412
f 2411 2412 2373
f 2334 2333 2373
f 2373 2374 2334
f 2297 2296 2333
f 2333 2334 2297
f 2260 2296 2261
f 2297 2261 2296
f 2413 2379 2403
f 2376 2403 2379
f 2413 2416 2380
f 2380 2379 2413
f 2444 2452 2413
f 2416 2413 2452
f 2446 2483 2444
f 2452 2444 2483
f 2451 2485 2446
f 2483 2446 2485
f 2451 2450 2488
f 2488 2485 2451
f 2411 2410 2450
f 2450 2451 2411
f 2373 2372 2411
f 2410 2411 2372
f 2333 2332 2373
f 2372 2373 2332
f 2296 2295 2332
f 2332 2333 2296
f 2260 2259 2295
f 2295 2296 2260
f 2258 2292 2293
f 2293 2259 2258
f 2257 2291 2258
f 2292 2258 2291
f 2256 2255 2257
f 2291 2257 2255
f 2253 2255 2220
f 2256 2220 2255
f 2284 2288 2255
f 2255 2253 2284
f 2321 2322 2288
f 2288 2284 2321
f 2359 2360 2322
f 2322 2321 2359
f 2399 2400 2360
f 2360 2359 2399
f 2439 2440 2400
f 2400 2399 2439
f 2477 2478 2439
f 2440 2439 2478
f 2515 2516 2477
f 2478 2477 2516
f 2555 2556 2515
f 2516 2515 2556
f 2599 2600 2555
f 2556 2555 2600
f 2641 2642 2599
f 2600 2599 2642
f 2683 2684 2641
f 2642 2641 2684
f 2731 2732 2683
f 2684 2683 2732
f 2779 2780 2732
f 2732 2731 2779
f 2829 2780 2828
f 2779 2828 2780
f 2266 2250 2285
f 2251 2285 2250
f 2266 2233 2250
f 2231 2250 2233
f 3317 3298 3299
f 3299 3318 3317
f 3316 3297 3298
f 3298 3317 3316
f 3303 3296 3297
f 3297 3316 3303
f 3282 3281 3296
f 3296 3303 3282
f 3259 3258 3282
f 3281 3282 3258
f 3236 3257 3258
f 3258 3259 3236
f 3235 3234 3236
f 3257 3236 3234
f 3204 3203 3234
f 3234 3235 3204
f 3171 3170 3203
f 3203 3204 3171
f 3116 3115 3170
f 3170 3171 3116
f 3063 3062 3115
f 3115 3116 3063
f 3010 3009 3062
f 3062 3063 3010
f 2959 2958 3009
f 3009 3010 2959
f 2910 2909 2958
f 2958 2959 2910
f 2861 2860 2909
f 2909 2910 2861
f 2812 2811 2860
f 2860 2861 2812
f 2764 2763 2811
f 2811 2812 2764
f 2716 2715 2763
f 2763 2764 2716
f 2668 2667 2715
f 2715 2716 2668
f 2626 2658 2667
f 2667 2668 2626
f 2615 2624 2658
f 2658 2626 2615
f 2583 2582 2624
f 2624 2615 2583
f 2539 2541 2582
f 2582 2583 2539
f 2502 2538 2541
f 2541 2539 2502
f 2499 2537 2538
f 2538 2502 2499
f 2498 2530 2537
f 2537 2499 2498
f 2491 2497 2530
f 2530 2498 2491
f 2460 2459 2497
f 2497 2491 2460
f 2422 2421 2459
f 2459 2460 2422
f 2382 2417 2421
f 2421 2422 2382
f 2381 2418 2417
f 2417 2382 2381
f 2416 2418 2380
f 2381 2380 2418
f 2830 2781 2829
f 2780 2829 2781
f 2831 2782 2830
f 2781 2830 2782
f 2832 2783 2831
f 2782 2831 2783
f 2833 2784 2783
f 2783 2832 2833
f 2834 2785 2784
f 2784 2833 2834
f 2835 2786 2785
f 2785 2834 2835
f 2836 2789 2786
f 2786 2835 2836
f 2839 2838 2789
f 2789 2836 2839
f 2888 2887 2838
f 2838 2839 2888
f 2937 2890 2887
f 2887 2888 2937
f 2940 2891 2890
f 2890 2937 2940
f 2941 2892 2891
f 2891 2940 2941
f 2942 2893 2892
f 2892 2941 2942
f 2943 2894 2893
f 2893 2942 2943
f 2944 2895 2894
f 2894 2943 2944
f 2947 2946 2895
f 2895 2944 2947
f 2998 2997 2946
f 2946 2947 2998
f 3051 3050 2997
f 2997 2998 3051
f 3104 3103 3050
f 3050 3051 3104
f 3157 3156 3103
f 3103 3104 3157
f 3190 3189 3156
f 3156 3157 3190
f 3221 3200 3189
f 3189 3190 3221
f 3232 3231 3200
f 3200 3221 3232
f 3278 3277 3254
f 3254 3255 3278
f 3298 3277 3299
f 3278 3299 3277
f 3297 3276 3298
f 3277 3298 3276
f 3296 3275 3276
f 3276 3297 3296
f 3281 3274 3275
f 3275 3296 3281
f 3234 3233 3252
f 3252 3257 3234
f 3203 3202 3233
f 3233 3234 3203
f 3170 3169 3202
f 3202 3203 3170
f 3115 3114 3169
f 3169 3170 3115
f 3062 3061 3115
f 3114 3115 3061
f 3009 3008 3062
f 3061 3062 3008
f 2958 2957 3009
f 3008 3009 2957
f 2909 2908 2958
f 2957 2958 2908
f 2860 2859 2908
f 2908 2909 2860
f 2811 2810 2859
f 2859 2860 2811
f 2763 2762 2810
f 2810 2811 2763
f 2715 2714 2762
f 2762 2763 2715
f 2667 2705 2714
f 2714 2715 2667
f 2658 2665 2705
f 2705 2667 2658
f 2624 2623 2665
f 2665 2658 2624
f 2582 2584 2623
f 2623 2624 2582
f 2541 2581 2584
f 2584 2582 2541
f 2538 2580 2581
f 2581 2541 2538
f 2537 2573 2580
f 2580 2538 2537
f 2530 2536 2573
f 2573 2537 2530
f 2497 2496 2536
f 2536 2530 2497
f 2459 2458 2496
f 2496 2497 2459
f 2421 2420 2458
f 2458 2459 2421
f 2417 2419 2421
f 2420 2421 2419
f 2418 2455 2419
f 2419 2417 2418
f 2452 2455 2416
f 2418 2416 2455
f 3252 3253 3257
f 3274 3257 3253
f 3252 3229 3253
f 3230 3253 3229
f 3233 3228 3229
f 3229 3252 3233
f 3202 3201 3228
f 3228 3233 3202
f 3169 3168 3202
f 3201 3202 3168
f 3114 3113 3169
f 3168 3169 3113
f 3061 3060 3114
f 3113 3114 3060
f 3008 3007 3061
f 3060 3061 3007
f 2957 2956 3007
f 3007 3008 2957
f 2908 2907 2957
f 2956 2957 2907
f 2859 2858 2908
f 2907 2908 2858
f 2810 2809 2858
f 2858 2859 2810
f 2762 2761 2809
f 2809 2810 2762
f 2714 2756 2761
f 2761 2762 2714
f 2705 2712 2756
f 2756 2714 2705
f 2665 2664 2712
f 2712 2705 2665
f 2623 2625 2664
f 2664 2665 2623
f 2584 2622 2625
f 2625 2623 2584
f 2581 2621 2622
f 2622 2584 2581
f 2580 2616 2621
f 2621 2581 2580
f 2573 2579 2616
f 2616 2580 2573
f 2536 2535 2579
f 2579 2573 2536
f 2496 2495 2535
f 2535 2536 2496
f 2458 2457 2495
f 2495 2496 2458
f 2420 2456 2457
f 2457 2458 2420
f 2483 2489 2452
f 2455 2452 2489
f 2485 2524 2483
f 2489 2483 2524
f 2488 2526 2485
f 2524 2485 2526
f 2488 2487 2527
f 2527 2526 2488
f 2450 2449 2488
f 2487 2488 2449
f 2410 2409 2449
f 2449 2450 2410
f 2372 2371 2409
f 2409 2410 2372
f 2332 2331 2371
f 2371 2372 2332
f 2295 2294 2332
f 2331 2332 2294
f 2292 2329 2330
f 2330 2293 2292
f 2291 2290 2292
f 2329 2292 2290
f 2288 2290 2291
f 2291 2255 2288
f 2322 2326 2290
f 2290 2288 2322
f 2360 2361 2326
f 2326 2322 2360
f 2400 2401 2361
f 2361 2360 2400
f 2440 2441 2400
f 2401 2400 2441
f 2478 2479 2440
f 2441 2440 2479
f 2516 2517 2478
f 2479 2478 2517
f 2556 2557 2516
f 2517 2516 2557
f 2600 2601 2556
f 2557 2556 2601
f 2642 2643 2600
f 2601 2600 2643
f 2684 2685 2642
f 2643 2642 2685
f 2732 2733 2685
f 2685 2684 2732
f 2781 2733 2780
f 2732 2780 2733
f 3253 3254 3274
f 3275 3274 3254
f 3228 3199 3229
f 3230 3229 3199
f 2330 2331 2294
f 2294 2293 2330
f 2330 2370 2331
f 2371 2331 2370
f 2329 2369 2330
f 2370 2330 2369
f 2326 2328 2329
f 2329 2290 2326
f 2328 2368 2369
f 2369 2329 2328
f 2328 2365 2367
f 2367 2368 2328
f 2361 2365 2328
f 2328 2326 2361
f 3199 3198 3231
f 3231 3230 3199
f 3201 3196 3199
f 3199 3228 3201
f 2782 2734 2781
f 2733 2781 2734
f 2783 2735 2782
f 2734 2782 2735
f 2784 2736 2783
f 2735 2783 2736
f 2785 2737 2736
f 2736 2784 2785
f 2786 2740 2737
f 2737 2785 2786
f 2789 2788 2740
f 2740 2786 2789
f 2838 2837 2788
f 2788 2789 2838
f 2887 2840 2837
f 2837 2838 2887
f 2890 2841 2840
f 2840 2887 2890
f 2891 2842 2841
f 2841 2890 2891
f 2892 2843 2842
f 2842 2891 2892
f 2893 2844 2843
f 2843 2892 2893
f 2894 2849 2844
f 2844 2893 2894
f 2895 2899 2849
f 2849 2894 2895
f 2946 2945 2899
f 2899 2895 2946
f 2997 2996 2945
f 2945 2946 2997
f 3050 3049 2996
f 2996 2997 3050
f 3103 3102 3049
f 3049 3050 3103
f 3156 3155 3102
f 3102 3103 3156
f 3189 3166 3155
f 3155 3156 3189
f 3200 3197 3166
f 3166 3189 3200
f 3198 3197 3231
f 3200 3231 3197
f 3230 3231 3255
f 3232 3255 3231
f 2489 2492 2455
f 2456 2455 2492
f 2524 2528 2489
f 2492 2489 2528
f 2526 2569 2524
f 2528 2524 2569
f 2527 2570 2526
f 2569 2526 2570
f 2527 2525 2568
f 2568 2570 2527
f 2487 2486 2525
f 2525 2527 2487
f 2449 2448 2487
f 2486 2487 2448
f 2409 2408 2448
f 2448 2449 2409
f 2370 2408 2371
f 2409 2371 2408
f 3196 3165 3198
f 3198 3199 3196
f 3196 3167 3162
f 3162 3165 3196
f 3168 3167 3201
f 3196 3201 3167
f 3165 3164 3198
f 3197 3198 3164
f 3162 3163 3164
f 3164 3165 3162
f 3162 3111 3109
f 3109 3163 3162
f 3167 3112 3111
f 3111 3162 3167
f 3113 3112 3168
f 3167 3168 3112
f 3164 3163 3166
f 3166 3197 3164
f 3109 3108 3110
f 3110 3163 3109
f 3109 3057 3108
f 3055 3108 3057
f 3111 3058 3057
f 3057 3109 3111
f 3112 3059 3058
f 3058 3111 3112
f 3060 3059 3113
f 3112 3113 3059
f 3110 3155 3166
f 3166 3163 3110
f 3110 3101 3155
f 3102 3155 3101
f 3108 3056 3101
f 3101 3110 3108
f 3055 3054 3056
f 3056 3108 3055
f 3055 3003 3001
f 3001 3054 3055
f 3057 3004 3055
f 3003 3055 3004
f 3058 3005 3057
f 3004 3057 3005
f 3059 3006 3058
f 3005 3058 3006
f 3007 3006 3060
f 3059 3060 3006
f 2369 2407 2370
f 2408 2370 2407
f 2368 2406 2369
f 2407 2369 2406
f 2367 2404 2406
f 2406 2368 2367
f 2365 2361 2401
f 2401 2402 2365
f 2441 2442 2401
f 2402 2401 2442
f 2479 2480 2441
f 2442 2441 2480
f 2517 2518 2479
f 2480 2479 2518
f 2557 2558 2517
f 2518 2517 2558
f 2601 2602 2557
f 2558 2557 2602
f 2643 2644 2601
f 2602 2601 2644
f 2685 2686 2644
f 2644 2643 2685
f 2734 2686 2733
f 2685 2733 2686
f 2442 2443 2404
f 2404 2402 2442
f 2480 2481 2443
f 2443 2442 2480
f 2518 2519 2480
f 2481 2480 2519
f 2558 2559 2518
f 2519 2518 2559
f 2602 2603 2558
f 2559 2558 2603
f 2644 2645 2602
f 2603 2602 2645
f 2686 2687 2645
f 2645 2644 2686
f 2735 2687 2734
f 2686 2734 2687
f 2736 2688 2735
f 2687 2735 2688
f 2737 2689 2688
f 2688 2736 2737
f 2740 2739 2689
f 2689 2737 2740
f 2788 2787 2739
f 2739 2740 2788
f 2837 2790 2787
f 2787 2788 2837
f 2840 2791 2790
f 2790 2837 2840
f 2841 2792 2791
f 2791 2840 2841
f 2842 2793 2792
f 2792 2841 2842
f 2843 2794 2793
f 2793 2842 2843
f 2844 2801 2794
f 2794 2843 2844
f 2849 2851 2801
f 2801 2844 2849
f 2899 2901 2851
f 2851 2849 2899
f 2945 2951 2901
f 2901 2899 2945
f 2996 2995 2951
f 2951 2945 2996
f 3049 3048 2995
f 2995 2996 3049
f 3101 3048 3102
f 3049 3102 3048
f 3056 3047 3101
f 3048 3101 3047
f 3054 3002 3047
f 3047 3056 3054
f 3001 3000 3054
f 3002 3054 3000
f 3001 2953 3000
f 2949 3000 2953
f 3003 2954 2953
f 2953 3001 3003
f 3004 2955 2954
f 2954 3003 3004
f 3005 2956 2955
f 2955 3004 3005
f 2907 2906 2955
f 2955 2956 2907
f 2858 2857 2906
f 2906 2907 2858
f 2809 2808 2857
f 2857 2858 2809
f 2761 2805 2808
f 2808 2809 2761
f 2756 2760 2805
f 2805 2761 2756
f 2712 2711 2760
f 2760 2756 2712
f 2664 2666 2711
f 2711 2712 2664
f 2625 2663 2666
f 2666 2664 2625
f 2622 2662 2663
f 2663 2625 2622
f 2621 2659 2662
f 2662 2622 2621
f 2616 2620 2659
f 2659 2621 2616
f 2579 2578 2620
f 2620 2616 2579
f 2535 2534 2578
f 2578 2579 2535
f 2495 2494 2534
f 2534 2535 2495
f 3277 3276 3254
f 3275 3254 3276
f 2294 2295 2259
f 2259 2293 2294
f 2419 2455 2456
f 2456 2420 2419
f 3258 3257 3274
f 3274 3281 3258
f 2528 2531 2492
f 2493 2492 2531
f 2569 2571 2528
f 2531 2528 2571
f 2570 2613 2569
f 2571 2569 2613
f 2568 2608 2570
f 2613 2570 2608
f 2568 2563 2607
f 2607 2608 2568
f 2525 2523 2568
f 2563 2568 2523
f 2486 2484 2523
f 2523 2525 2486
f 2448 2447 2486
f 2484 2486 2447
f 2407 2447 2408
f 2448 2408 2447
f 2688 2646 2645
f 2645 2687 2688
f 2689 2690 2688
f 2646 2688 2690
f 2739 2738 2689
f 2690 2689 2738
f 2787 2741 2738
f 2738 2739 2787
f 2790 2742 2787
f 2741 2787 2742
f 2791 2743 2790
f 2742 2790 2743
f 2792 2744 2791
f 2743 2791 2744
f 2793 2745 2744
f 2744 2792 2793
f 2794 2753 2745
f 2745 2793 2794
f 2801 2802 2753
f 2753 2794 2801
f 2851 2852 2802
f 2802 2801 2851
f 2901 2902 2852
f 2852 2851 2901
f 2951 2952 2902
f 2902 2901 2951
f 2995 3002 2952
f 2952 2951 2995
f 2949 2948 2950
f 2950 3000 2949
f 2949 2903 2948
f 2897 2948 2903
f 2953 2904 2903
f 2903 2949 2953
f 2954 2905 2904
f 2904 2953 2954
f 2906 2905 2955
f 2954 2955 2905
f 2950 2952 3000
f 3002 3000 2952
f 2950 2900 2902
f 2902 2952 2950
f 2948 2898 2900
f 2900 2950 2948
f 2897 2896 2898
f 2898 2948 2897
f 2897 2853 2896
f 2846 2896 2853
f 2903 2854 2897
f 2853 2897 2854
f 2904 2855 2854
f 2854 2903 2904
f 2905 2856 2904
f 2855 2904 2856
f 2857 2856 2906
f 2905 2906 2856
f 2406 2445 2407
f 2447 2407 2445
f 2443 2445 2406
f 2406 2404 2443
f 2481 2482 2445
f 2445 2443 2481
f 2519 2520 2481
f 2482 2481 2520
f 2559 2560 2519
f 2520 2519 2560
f 2603 2604 2559
f 2560 2559 2604
f 2646 2604 2645
f 2603 2645 2604
f 2482 2484 2447
f 2447 2445 2482
f 2520 2521 2482
f 2484 2482 2521
f 2560 2561 2520
f 2521 2520 2561
f 2604 2605 2560
f 2561 2560 2605
f 2646 2647 2604
f 2605 2604 2647
f 2521 2522 2523
f 2523 2484 2521
f 2561 2565 2521
f 2522 2521 2565
f 2605 2606 2561
f 2565 2561 2606
f 2647 2648 2605
f 2606 2605 2648
f 2743 2693 2742
f 2692 2742 2693
f 2744 2694 2743
f 2693 2743 2694
f 2745 2702 2744
f 2694 2744 2702
f 2753 2752 2702
f 2702 2745 2753
f 2802 2800 2752
f 2752 2753 2802
f 2852 2850 2800
f 2800 2802 2852
f 2900 2850 2902
f 2852 2902 2850
f 2522 2562 2563
f 2563 2523 2522
f 2565 2566 2562
f 2562 2522 2565
f 2606 2611 2565
f 2566 2565 2611
f 2648 2649 2606
f 2611 2606 2649
f 2693 2649 2692
f 2648 2692 2649
f 2562 2564 2563
f 2607 2563 2564
f 2566 2567 2564
f 2564 2562 2566
f 2611 2612 2567
f 2567 2566 2611
f 2649 2655 2612
f 2612 2611 2649
f 2694 2655 2649
f 2649 2693 2694
f 2898 2848 2850
f 2850 2900 2898
f 2896 2847 2848
f 2848 2898 2896
f 2846 2845 2847
f 2847 2896 2846
f 2846 2803 2845
f 2796 2845 2803
f 2853 2804 2846
f 2803 2846 2804
f 2854 2806 2804
f 2804 2853 2854
f 2855 2807 2854
f 2806 2854 2807
f 2760 2759 2805
f 2807 2805 2759
f 2713 2710 2758
f 2758 2759 2713
f 2666 2710 2713
f 2713 2711 2666
f 2759 2758 2807
f 2806 2807 2758
f 2710 2709 2758
f 2757 2758 2709
f 2663 2709 2710
f 2710 2666 2663
f 2662 2706 2709
f 2709 2663 2662
f 2659 2661 2706
f 2706 2662 2659
f 2620 2619 2661
f 2661 2659 2620
f 2578 2577 2619
f 2619 2620 2578
f 2534 2533 2577
f 2577 2578 2534
f 2494 2532 2533
f 2533 2534 2494
f 2531 2532 2493
f 2494 2493 2532
f 2495 2457 2494
f 2493 2494 2457
f 3006 3007 3005
f 2956 3005 3007
f 2848 2799 2850
f 2800 2850 2799
f 2847 2798 2799
f 2799 2848 2847
f 2845 2797 2798
f 2798 2847 2845
f 2796 2795 2797
f 2797 2845 2796
f 2796 2754 2795
f 2747 2795 2754
f 2803 2755 2754
f 2754 2796 2803
f 2806 2758 2804
f 2757 2804 2758
f 2757 2755 2804
f 2803 2804 2755
f 2757 2708 2755
f 2707 2755 2708
f 2706 2708 2709
f 2757 2709 2708
f 2702 2701 2694
f 2655 2694 2701
f 2752 2751 2702
f 2701 2702 2751
f 2799 2751 2800
f 2752 2800 2751
f 2855 2808 2807
f 2805 2807 2808
f 2855 2856 2808
f 2857 2808 2856
f 2741 2742 2691
f 2692 2691 2742
f 2691 2647 2690
f 2646 2690 2647
f 2691 2692 2647
f 2648 2647 2692
f 2995 3048 3047
f 3047 3002 2995
f 2798 2750 2751
f 2751 2799 2798
f 2797 2749 2750
f 2750 2798 2797
f 2795 2748 2749
f 2749 2797 2795
f 2747 2746 2748
f 2748 2795 2747
f 2747 2703 2746
f 2696 2746 2703
f 2754 2704 2747
f 2703 2747 2704
f 2707 2704 2755
f 2754 2755 2704
f 2750 2700 2701
f 2701 2751 2750
f 2749 2699 2700
f 2700 2750 2749
f 2748 2698 2749
f 2699 2749 2698
f 2746 2697 2698
f 2698 2748 2746
f 2696 2695 2697
f 2697 2746 2696
f 2696 2656 2695
f 2651 2695 2656
f 2703 2657 2656
f 2656 2696 2703
f 2704 2660 2657
f 2657 2703 2704
f 2707 2661 2660
f 2660 2704 2707
f 2619 2618 2660
f 2660 2661 2619
f 2577 2576 2619
f 2618 2619 2576
f 2533 2575 2576
f 2576 2577 2533
f 2532 2574 2533
f 2575 2533 2574
f 2571 2574 2532
f 2532 2531 2571
f 2618 2617 2657
f 2657 2660 2618
f 2575 2574 2614
f 2614 2617 2575
f 2613 2614 2571
f 2574 2571 2614
f 2651 2613 2608
f 2608 2650 2651
f 2651 2656 2614
f 2614 2613 2651
f 2650 2652 2695
f 2695 2651 2650
f 2607 2609 2650
f 2650 2608 2607
f 2567 2609 2564
f 2607 2564 2609
f 2652 2653 2697
f 2697 2695 2652
f 2609 2610 2652
f 2652 2650 2609
f 2612 2610 2567
f 2609 2567 2610
f 2655 2654 2612
f 2610 2612 2654
f 2655 2701 2654
f 2700 2654 2701
f 2617 2614 2657
f 2656 2657 2614
f 2708 2706 2707
f 2661 2707 2706
f 2653 2654 2700
f 2700 2699 2653
f 2653 2652 2654
f 2610 2654 2652
f 2456 2492 2493
f 2493 2457 2456
f 2362 2376 2340
f 2340 2337 2362
f 3254 3253 3230
f 3230 3255 3254
f 2760 2711 2713
f 2713 2759 2760
f 2691 2690 2738
f 2738 2741 2691
f 2402 2404 2367
f 2367 2365 2402
f 2617 2618 2576
f 2576 2575 2617
f 2653 2699 2698
f 2698 2697 2653
f 243 3406 429
f 429 229 243
f 255 3407 3406
f 3406 243 255
f 265 3408 3407
f 3407 255 265
f 272 3409 3408
f 3408 265 272
f 277 3412 3409
f 3409 272 277
f 3417 3418 3412
f 3412 277 3417
f 3424 3425 3418
f 3418 3417 3424
f 3433 3434 3424
f 3425 3424 3434
f 3441 3443 3433
f 3434 3433 3443
f 3450 3451 3441
f 3443 3441 3451
f 3460 3461 3451
f 3451 3450 3460
f 3472 3473 3460
f 3461 3460 3473
f 3486 3487 3473
f 3473 3472 3486
f 3500 3501 3486
f 3487 3486 3501
f 3514 3515 3500
f 3501 3500 3515
f 3528 3529 3514
f 3515 3514 3529
f 3541 3536 3528
f 3529 3528 3536
f 3542 3547 3536
f 3536 3541 3542
f 3552 3553 3547
f 3547 3542 3552
f 3562 3563 3553
f 3553 3552 3562
f 3565 3574 3563
f 3563 3562 3565
f 3566 3577 3574
f 3574 3565 3566
f 3578 3579 3566
f 3577 3566 3579
f 3588 3589 3579
f 3579 3578 3588
f 3598 3599 3589
f 3589 3588 3598
f 3608 3609 3598
f 3599 3598 3609
f 3611 3617 3608
f 3609 3608 3617
f 3618 3619 3617
f 3617 3611 3618
f 3625 3626 3619
f 3619 3618 3625
f 3632 3633 3625
f 3626 3625 3633
f 3639 3640 3632
f 3633 3632 3640
f 3646 3647 3639
f 3640 3639 3647
f 3653 3652 3646
f 3647 3646 3652
f 3657 3656 3653
f 3652 3653 3656
f 3661 3660 3657
f 3656 3657 3660
f 3665 3664 3661
f 3660 3661 3664
f 3668 3663 3664
f 3664 3665 3668
f 3669 3667 3668
f 3663 3668 3667
f 3672 3671 3669
f 3667 3669 3671
f 3675 3674 3672
f 3671 3672 3674
f 1281 3674 1275
f 3675 1275 3674
f 3673 3674 1287
f 1281 1287 3674
f 3670 3671 3673
f 3674 3673 3671
f 3666 3667 3670
f 3671 3670 3667
f 3662 3663 3666
f 3667 3666 3663
f 3658 3659 3662
f 3663 3662 3659
f 3655 3654 3659
f 3659 3658 3655
f 3651 3649 3654
f 3654 3655 3651
f 3645 3643 3649
f 3649 3651 3645
f 3638 3637 3643
f 3643 3645 3638
f 3631 3630 3638
f 3637 3638 3630
f 3624 3623 3631
f 3630 3631 3623
f 3615 3614 3624
f 3623 3624 3614
f 3606 3605 3615
f 3614 3615 3605
f 3596 3595 3606
f 3605 3606 3595
f 3585 3584 3596
f 3595 3596 3584
f 3573 3572 3585
f 3584 3585 3572
f 3561 3560 3573
f 3572 3573 3560
f 3551 3550 3561
f 3560 3561 3550
f 3540 3539 3551
f 3550 3551 3539
f 3527 3526 3540
f 3539 3540 3526
f 3517 3513 3527
f 3526 3527 3513
f 3505 3504 3517
f 3513 3517 3504
f 3493 3492 3505
f 3504 3505 3492
f 3479 3478 3492
f 3492 3493 3479
f 291 3478 285
f 3479 285 3478
f 301 3477 291
f 3478 291 3477
f 312 3464 301
f 3477 301 3464
f 325 3453 312
f 3464 312 3453
f 341 3452 325
f 3453 325 3452
f 355 3446 341
f 3452 341 3446
f 367 3438 3446
f 3446 355 367
f 375 3430 3438
f 3438 367 375
f 376 3422 3430
f 3430 375 376
f 377 3421 3422
f 3422 376 377
f 378 3414 377
f 3421 377 3414
f 379 3410 3414
f 3414 378 379
f 413 3407 3408
f 3408 397 413
f 3408 3410 397
f 379 397 3410
f 3409 3411 3410
f 3410 3408 3409
f 3412 3413 3411
f 3411 3409 3412
f 3418 3419 3413
f 3413 3412 3418
f 3425 3426 3419
f 3419 3418 3425
f 3434 3435 3425
f 3426 3425 3435
f 3443 3444 3434
f 3435 3434 3444
f 3451 3454 3443
f 3444 3443 3454
f 3461 3462 3451
f 3454 3451 3462
f 3473 3474 3461
f 3462 3461 3474
f 3487 3488 3473
f 3474 3473 3488
f 3501 3502 3487
f 3488 3487 3502
f 3515 3516 3501
f 3502 3501 3516
f 3529 3522 3516
f 3516 3515 3529
f 3536 3534 3529
f 3522 3529 3534
f 3547 3545 3534
f 3534 3536 3547
f 3553 3554 3545
f 3545 3547 3553
f 3563 3564 3554
f 3554 3553 3563
f 3574 3575 3564
f 3564 3563 3574
f 3577 3586 3575
f 3575 3574 3577
f 3579 3587 3586
f 3586 3577 3579
f 3589 3590 3587
f 3587 3579 3589
f 3599 3600 3589
f 3590 3589 3600
f 3609 3610 3599
f 3600 3599 3610
f 3617 3616 3609
f 3610 3609 3616
f 3619 3620 3617
f 3616 3617 3620
f 3626 3627 3620
f 3620 3619 3626
f 3633 3634 3626
f 3627 3626 3634
f 3640 3641 3633
f 3634 3633 3641
f 3647 3644 3640
f 3641 3640 3644
f 3652 3650 3647
f 3644 3647 3650
f 3656 3654 3650
f 3650 3652 3656
f 3660 3659 3656
f 3654 3656 3659
f 3406 3407 429
f 413 429 3407
f 3663 3659 3664
f 3660 3664 3659
f 3649 3648 3650
f 3650 3654 3649
f 3643 3642 3648
f 3648 3649 3643
f 3637 3636 3642
f 3642 3643 3637
f 3630 3629 3637
f 3636 3637 3629
f 3623 3622 3630
f 3629 3630 3622
f 3614 3613 3623
f 3622 3623 3613
f 3605 3604 3614
f 3613 3614 3604
f 3595 3594 3605
f 3604 3605 3594
f 3584 3583 3595
f 3594 3595 3583
f 3572 3571 3584
f 3583 3584 3571
f 3560 3559 3572
f 3571 3572 3559
f 3550 3549 3560
f 3559 3560 3549
f 3539 3538 3550
f 3549 3550 3538
f 3526 3525 3539
f 3538 3539 3525
f 3513 3512 3526
f 3525 3526 3512
f 3504 3499 3513
f 3512 3513 3499
f 3492 3491 3499
f 3499 3504 3492
f 3477 3491 3478
f 3492 3478 3491
f 3411 3415 3410
f 3414 3410 3415
f 3413 3416 3415
f 3415 3411 3413
f 3419 3420 3416
f 3416 3413 3419
f 3426 3427 3420
f 3420 3419 3426
f 3435 3436 3426
f 3427 3426 3436
f 3444 3442 3436
f 3436 3435 3444
f 3454 3455 3444
f 3442 3444 3455
f 3462 3466 3454
f 3455 3454 3466
f 3474 3475 3466
f 3466 3462 3474
f 3488 3489 3474
f 3475 3474 3489
f 3502 3503 3488
f 3489 3488 3503
f 3516 3508 3502
f 3503 3502 3508
f 3522 3520 3516
f 3508 3516 3520
f 3534 3532 3522
f 3520 3522 3532
f 3545 3543 3532
f 3532 3534 3545
f 3554 3555 3545
f 3543 3545 3555
f 3564 3567 3555
f 3555 3554 3564
f 3575 3576 3564
f 3567 3564 3576
f 3586 3580 3576
f 3576 3575 3586
f 3587 3591 3586
f 3580 3586 3591
f 3590 3597 3591
f 3591 3587 3590
f 3600 3601 3590
f 3597 3590 3601
f 3610 3607 3601
f 3601 3600 3610
f 3616 3612 3607
f 3607 3610 3616
f 3620 3621 3616
f 3612 3616 3621
f 3627 3628 3620
f 3621 3620 3628
f 3634 3635 3627
f 3628 3627 3635
f 3629 3628 3635
f 3635 3636 3629
f 3622 3621 3629
f 3628 3629 3621
f 3613 3612 3621
f 3621 3622 3613
f 3604 3603 3613
f 3612 3613 3603
f 3594 3593 3604
f 3603 3604 3593
f 3583 3582 3594
f 3593 3594 3582
f 3571 3570 3583
f 3582 3583 3570
f 3559 3558 3571
f 3570 3571 3558
f 3549 3548 3559
f 3558 3559 3548
f 3538 3537 3549
f 3548 3549 3537
f 3525 3524 3538
f 3537 3538 3524
f 3512 3511 3525
f 3524 3525 3511
f 3499 3498 3512
f 3511 3512 3498
f 3491 3485 3498
f 3498 3499 3491
f 3477 3476 3491
f 3485 3491 3476
f 3464 3465 3476
f 3476 3477 3464
f 3453 3463 3465
f 3465 3464 3453
f 3452 3458 3463
f 3463 3453 3452
f 3446 3447 3458
f 3458 3452 3446
f 3438 3439 3447
f 3447 3446 3438
f 3430 3431 3439
f 3439 3438 3430
f 3422 3429 3431
f 3431 3430 3422
f 3414 3415 3416
f 3416 3421 3414
f 3648 3642 3644
f 3644 3650 3648
f 3603 3602 3607
f 3607 3612 3603
f 3593 3592 3602
f 3602 3603 3593
f 3582 3581 3592
f 3592 3593 3582
f 3570 3569 3581
f 3581 3582 3570
f 3558 3557 3570
f 3569 3570 3557
f 3548 3546 3558
f 3557 3558 3546
f 3537 3535 3548
f 3546 3548 3535
f 3524 3523 3537
f 3535 3537 3523
f 3511 3510 3524
f 3523 3524 3510
f 3498 3497 3511
f 3510 3511 3497
f 3485 3484 3497
f 3497 3498 3485
f 3470 3484 3476
f 3485 3476 3484
f 3421 3423 3422
f 3429 3422 3423
f 3420 3423 3416
f 3421 3416 3423
f 3427 3428 3420
f 3423 3420 3428
f 3592 3591 3597
f 3597 3602 3592
f 3581 3580 3591
f 3591 3592 3581
f 3569 3568 3580
f 3580 3581 3569
f 3557 3556 3568
f 3568 3569 3557
f 3546 3544 3556
f 3556 3557 3546
f 3535 3533 3544
f 3544 3546 3535
f 3523 3521 3535
f 3533 3535 3521
f 3510 3509 3523
f 3521 3523 3509
f 3497 3496 3510
f 3509 3510 3496
f 3484 3483 3497
f 3496 3497 3483
f 3568 3567 3576
f 3576 3580 3568
f 3556 3555 3567
f 3567 3568 3556
f 3544 3543 3555
f 3555 3556 3544
f 3533 3531 3544
f 3543 3544 3531
f 3521 3519 3531
f 3531 3533 3521
f 3509 3507 3521
f 3519 3521 3507
f 3496 3495 3509
f 3507 3509 3495
f 3483 3482 3496
f 3495 3496 3482
f 3483 3471 3469
f 3469 3482 3483
f 3470 3471 3483
f 3483 3484 3470
f 3531 3530 3532
f 3532 3543 3531
f 3519 3518 3530
f 3530 3531 3519
f 3507 3506 3519
f 3518 3519 3506
f 3495 3494 3506
f 3506 3507 3495
f 3482 3481 3495
f 3494 3495 3481
f 3469 3468 3482
f 3481 3482 3468
f 3469 3459 3457
f 3457 3468 3469
f 3470 3463 3471
f 3458 3471 3463
f 3641 3636 3635
f 3635 3634 3641
f 3641 3644 3642
f 3642 3636 3641
f 3428 3432 3429
f 3429 3423 3428
f 3436 3432 3428
f 3428 3427 3436
f 3442 3437 3436
f 3432 3436 3437
f 3455 3456 3445
f 3445 3442 3455
f 3466 3467 3455
f 3456 3455 3467
f 3475 3480 3466
f 3467 3466 3480
f 3468 3467 3481
f 3480 3481 3467
f 3457 3456 3468
f 3467 3468 3456
f 3457 3449 3456
f 3445 3456 3449
f 3459 3448 3449
f 3449 3457 3459
f 3439 3440 3448
f 3448 3447 3439
f 3429 3432 3437
f 3437 3431 3429
f 3440 3445 3449
f 3449 3448 3440
f 3440 3439 3431
f 3431 3437 3440
f 3530 3518 3520
f 3520 3532 3530
f 3459 3458 3447
f 3447 3448 3459
f 3459 3469 3471
f 3471 3458 3459
f 3489 3490 3475
f 3480 3475 3490
f 3481 3480 3490
f 3490 3494 3481
f 3503 3494 3490
f 3490 3489 3503
f 3508 3506 3503
f 3494 3503 3506
f 3508 3520 3518
f 3518 3506 3508
f 3445 3440 3437
f 3437 3442 3445
f 3602 3597 3601
f 3601 3607 3602
f 3470 3476 3465
f 3465 3463 3470
f 1293 3676 3673
f 3673 1287 1293
f 1299 3677 1293
f 3676 1293 3677
f 1305 3680 1299
f 3677 1299 3680
f 1311 3685 3680
f 3680 1305 1311
f 1317 3692 3685
f 3685 1311 1317
f 1323 3699 3692
f 3692 1317 1323
f 1330 3708 3699
f 3699 1323 1330
f 1337 3718 3708
f 3708 1330 1337
f 1341 3730 3718
f 3718 1337 1341
f 1345 3731 3730
f 3730 1341 1345
f 1349 3732 3731
f 3731 1345 1349
f 1353 3733 3732
f 3732 1349 1353
f 1357 3734 3733
f 3733 1353 1357
f 1361 3735 3734
f 3734 1357 1361
f 1365 3736 3735
f 3735 1361 1365
f 1369 3737 3736
f 3736 1365 1369
f 1374 3738 3737
f 3737 1369 1374
f 1377 3739 3738
f 3738 1374 1377
f 1381 3740 1377
f 3739 1377 3740
f 3741 3740 1381
f 1381 1387 3741
f 3763 3762 3740
f 3740 3741 3763
f 3764 3787 3762
f 3762 3763 3764
f 3765 3788 3787
f 3787 3764 3765
f 3766 3789 3788
f 3788 3765 3766
f 3790 3791 3789
f 3789 3766 3790
f 3814 3815 3791
f 3791 3790 3814
f 3834 3835 3815
f 3815 3814 3834
f 3852 3853 3835
f 3835 3834 3852
f 3868 3869 3852
f 3853 3852 3869
f 3884 3885 3868
f 3869 3868 3885
f 3900 3901 3884
f 3885 3884 3901
f 3913 3914 3900
f 3901 3900 3914
f 3924 3925 3913
f 3914 3913 3925
f 3933 3931 3924
f 3925 3924 3931
f 3938 3939 3933
f 3931 3933 3939
f 3945 3944 3938
f 3939 3938 3944
f 3949 3948 3945
f 3944 3945 3948
f 3953 3952 3949
f 3948 3949 3952
f 3955 3954 3952
f 3952 3953 3955
f 3956 3957 3955
f 3954 3955 3957
f 3958 3959 3956
f 3957 3956 3959
f 316 3957 319
f 3959 319 3957
f 304 3954 316
f 3957 316 3954
f 294 3951 304
f 3954 304 3951
f 290 3947 294
f 3951 294 3947
f 285 3942 290
f 3947 290 3942
f 3479 3935 285
f 3942 285 3935
f 3493 3928 3479
f 3935 3479 3928
f 3505 3919 3493
f 3928 3493 3919
f 3517 3908 3505
f 3919 3505 3908
f 3527 3895 3517
f 3908 3517 3895
f 3540 3894 3527
f 3895 3527 3894
f 3551 3880 3540
f 3894 3540 3880
f 3561 3863 3551
f 3880 3551 3863
f 3573 3845 3561
f 3863 3561 3845
f 3585 3826 3573
f 3845 3573 3826
f 3596 3804 3585
f 3826 3585 3804
f 3606 3803 3596
f 3804 3596 3803
f 3615 3802 3606
f 3803 3606 3802
f 3624 3776 3615
f 3802 3615 3776
f 3631 3750 3624
f 3776 3624 3750
f 3638 3727 3631
f 3750 3631 3727
f 3645 3716 3638
f 3727 3638 3716
f 3651 3707 3645
f 3716 3645 3707
f 3655 3706 3651
f 3707 3651 3706
f 3658 3696 3706
f 3706 3655 3658
f 3662 3688 3696
f 3696 3658 3662
f 3666 3682 3688
f 3688 3662 3666
f 3670 3678 3682
f 3682 3666 3670
f 3676 3678 3670
f 3670 3673 3676
f 334 3963 3962
f 3962 320 334
f 3951 3950 3954
f 3952 3954 3950
f 3947 3946 3950
f 3950 3951 3947
f 3942 3941 3947
f 3946 3947 3941
f 3935 3934 3941
f 3941 3942 3935
f 3928 3927 3935
f 3934 3935 3927
f 3919 3918 3928
f 3927 3928 3918
f 3908 3907 3919
f 3918 3919 3907
f 3895 3893 3908
f 3907 3908 3893
f 3894 3881 3895
f 3893 3895 3881
f 3880 3879 3894
f 3881 3894 3879
f 3863 3862 3880
f 3879 3880 3862
f 3845 3844 3863
f 3862 3863 3844
f 3826 3824 3845
f 3844 3845 3824
f 3804 3801 3826
f 3824 3826 3801
f 3803 3778 3801
f 3801 3804 3803
f 3802 3777 3778
f 3778 3803 3802
f 3776 3775 3777
f 3777 3802 3776
f 3750 3749 3775
f 3775 3776 3750
f 3727 3726 3749
f 3749 3750 3727
f 3716 3714 3726
f 3726 3727 3716
f 3707 3704 3716
f 3714 3716 3704
f 3706 3698 3704
f 3704 3707 3706
f 3696 3697 3698
f 3698 3706 3696
f 3688 3689 3697
f 3697 3696 3688
f 3682 3683 3689
f 3689 3688 3682
f 3678 3679 3682
f 3683 3682 3679
f 3677 3679 3678
f 3678 3676 3677
f 3762 3761 3740
f 3739 3740 3761
f 3787 3786 3762
f 3761 3762 3786
f 3788 3811 3786
f 3786 3787 3788
f 3789 3812 3811
f 3811 3788 3789
f 3791 3813 3812
f 3812 3789 3791
f 3815 3816 3813
f 3813 3791 3815
f 3835 3836 3816
f 3816 3815 3835
f 3853 3854 3836
f 3836 3835 3853
f 3869 3870 3854
f 3854 3853 3869
f 3885 3886 3870
f 3870 3869 3885
f 3901 3902 3886
f 3886 3885 3901
f 3914 3915 3902
f 3902 3901 3914
f 3925 3922 3914
f 3915 3914 3922
f 3931 3932 3922
f 3922 3925 3931
f 3939 3937 3931
f 3932 3931 3937
f 3944 3943 3939
f 3937 3939 3943
f 3960 3962 3963
f 3963 3961 3960
f 3680 3681 3677
f 3679 3677 3681
f 3685 3686 3680
f 3681 3680 3686
f 3692 3693 3685
f 3686 3685 3693
f 3699 3700 3692
f 3693 3692 3700
f 3708 3709 3699
f 3700 3699 3709
f 3718 3719 3708
f 3709 3708 3719
f 3730 3742 3718
f 3719 3718 3742
f 3731 3753 3730
f 3742 3730 3753
f 3732 3754 3731
f 3753 3731 3754
f 3733 3755 3732
f 3754 3732 3755
f 3734 3756 3755
f 3755 3733 3734
f 3735 3757 3756
f 3756 3734 3735
f 3736 3758 3757
f 3757 3735 3736
f 3737 3759 3758
f 3758 3736 3737
f 3738 3760 3737
f 3759 3737 3760
f 3761 3760 3739
f 3738 3739 3760
f 3786 3785 3761
f 3760 3761 3785
f 3811 3810 3786
f 3785 3786 3810
f 3812 3831 3810
f 3810 3811 3812
f 3813 3832 3831
f 3831 3812 3813
f 3816 3833 3832
f 3832 3813 3816
f 3836 3837 3833
f 3833 3816 3836
f 3854 3855 3837
f 3837 3836 3854
f 3870 3871 3855
f 3855 3854 3870
f 3886 3887 3871
f 3871 3870 3886
f 3902 3903 3887
f 3887 3886 3902
f 3915 3911 3903
f 3903 3902 3915
f 3922 3923 3915
f 3911 3915 3923
f 3932 3930 3922
f 3923 3922 3930
f 3937 3936 3932
f 3930 3932 3936
f 3943 3940 3937
f 3936 3937 3940
f 3941 3940 3943
f 3943 3946 3941
f 3681 3684 3683
f 3683 3679 3681
f 3686 3687 3684
f 3684 3681 3686
f 3693 3694 3686
f 3687 3686 3694
f 3700 3701 3693
f 3694 3693 3701
f 3709 3710 3700
f 3701 3700 3710
f 3719 3720 3709
f 3710 3709 3720
f 3742 3743 3719
f 3720 3719 3743
f 3753 3767 3742
f 3743 3742 3767
f 3754 3779 3753
f 3767 3753 3779
f 3755 3780 3754
f 3779 3754 3780
f 3756 3781 3755
f 3780 3755 3781
f 3757 3782 3756
f 3781 3756 3782
f 3758 3783 3757
f 3782 3757 3783
f 3759 3784 3758
f 3783 3758 3784
f 3785 3784 3760
f 3759 3760 3784
f 3684 3690 3683
f 3689 3683 3690
f 3687 3691 3690
f 3690 3684 3687
f 3694 3695 3687
f 3691 3687 3695
f 3701 3702 3694
f 3695 3694 3702
f 3710 3711 3701
f 3702 3701 3711
f 3720 3721 3710
f 3711 3710 3721
f 3743 3744 3720
f 3721 3720 3744
f 3767 3768 3743
f 3744 3743 3768
f 3779 3792 3767
f 3768 3767 3792
f 3780 3805 3779
f 3792 3779 3805
f 3781 3806 3780
f 3805 3780 3806
f 3782 3807 3781
f 3806 3781 3807
f 3783 3808 3807
f 3807 3782 3783
f 3784 3809 3783
f 3808 3783 3809
f 3810 3809 3784
f 3784 3785 3810
f 3948 3946 3943
f 3943 3944 3948
f 3948 3952 3950
f 3950 3946 3948
f 3961 3959 3958
f 3958 3960 3961
f 3961 332 3959
f 319 3959 332
f 3831 3830 3809
f 3809 3810 3831
f 3832 3849 3830
f 3830 3831 3832
f 3833 3850 3849
f 3849 3832 3833
f 3837 3851 3850
f 3850 3833 3837
f 3855 3856 3851
f 3851 3837 3855
f 3871 3872 3856
f 3856 3855 3871
f 3887 3888 3872
f 3872 3871 3887
f 3903 3898 3888
f 3888 3887 3903
f 3911 3912 3903
f 3898 3903 3912
f 3923 3921 3911
f 3912 3911 3921
f 3930 3929 3923
f 3921 3923 3929
f 3940 3941 3936
f 3934 3936 3941
f 3930 3936 3929
f 3934 3929 3936
f 3689 3690 3697
f 3691 3697 3690
f 3927 3926 3929
f 3929 3934 3927
f 3918 3917 3926
f 3926 3927 3918
f 3907 3906 3917
f 3917 3918 3907
f 3893 3892 3906
f 3906 3907 3893
f 3881 3878 3892
f 3892 3893 3881
f 3879 3864 3878
f 3878 3881 3879
f 3862 3861 3864
f 3864 3879 3862
f 3844 3843 3861
f 3861 3862 3844
f 3824 3823 3843
f 3843 3844 3824
f 3801 3799 3823
f 3823 3824 3801
f 3778 3774 3799
f 3799 3801 3778
f 3777 3752 3774
f 3774 3778 3777
f 3775 3751 3752
f 3752 3777 3775
f 3749 3748 3751
f 3751 3775 3749
f 3726 3725 3748
f 3748 3749 3726
f 3714 3713 3725
f 3725 3726 3714
f 3704 3703 3714
f 3713 3714 3703
f 3698 3695 3703
f 3703 3704 3698
f 3691 3695 3698
f 3698 3697 3691
f 3702 3705 3703
f 3703 3695 3702
f 3711 3712 3705
f 3705 3702 3711
f 3721 3722 3712
f 3712 3711 3721
f 3744 3745 3721
f 3722 3721 3745
f 3768 3769 3744
f 3745 3744 3769
f 3792 3793 3768
f 3769 3768 3793
f 3805 3817 3792
f 3793 3792 3817
f 3806 3827 3805
f 3817 3805 3827
f 3807 3828 3806
f 3827 3806 3828
f 3808 3829 3807
f 3828 3807 3829
f 3830 3829 3809
f 3808 3809 3829
f 3849 3848 3830
f 3829 3830 3848
f 3850 3865 3848
f 3848 3849 3850
f 3851 3866 3865
f 3865 3850 3851
f 3856 3867 3866
f 3866 3851 3856
f 3872 3873 3856
f 3867 3856 3873
f 3888 3883 3873
f 3873 3872 3888
f 3898 3899 3883
f 3883 3888 3898
f 3912 3910 3899
f 3899 3898 3912
f 3921 3920 3912
f 3910 3912 3920
f 3926 3920 3921
f 3921 3929 3926
f 3917 3916 3920
f 3920 3926 3917
f 3906 3905 3916
f 3916 3917 3906
f 3892 3891 3905
f 3905 3906 3892
f 3878 3877 3891
f 3891 3892 3878
f 3864 3860 3877
f 3877 3878 3864
f 3861 3846 3860
f 3860 3864 3861
f 3843 3842 3846
f 3846 3861 3843
f 3823 3822 3842
f 3842 3843 3823
f 3799 3798 3822
f 3822 3823 3799
f 3774 3772 3798
f 3798 3799 3774
f 3752 3747 3772
f 3772 3774 3752
f 3751 3729 3747
f 3747 3752 3751
f 3748 3728 3751
f 3729 3751 3728
f 3725 3724 3748
f 3728 3748 3724
f 3722 3723 3717
f 3717 3712 3722
f 3745 3746 3723
f 3723 3722 3745
f 3769 3770 3745
f 3746 3745 3770
f 3793 3794 3769
f 3770 3769 3794
f 3817 3818 3793
f 3794 3793 3818
f 3827 3838 3817
f 3818 3817 3838
f 3828 3847 3827
f 3838 3827 3847
f 3848 3847 3829
f 3828 3829 3847
f 3916 3909 3910
f 3910 3920 3916
f 3905 3904 3909
f 3909 3916 3905
f 3891 3890 3904
f 3904 3905 3891
f 3877 3876 3890
f 3890 3891 3877
f 3860 3859 3876
f 3876 3877 3860
f 3846 3841 3859
f 3859 3860 3846
f 3842 3825 3841
f 3841 3846 3842
f 3822 3821 3825
f 3825 3842 3822
f 3798 3797 3821
f 3821 3822 3798
f 3772 3771 3798
f 3797 3798 3771
f 3747 3746 3771
f 3771 3772 3747
f 3770 3773 3771
f 3771 3746 3770
f 3794 3795 3773
f 3773 3770 3794
f 3818 3819 3794
f 3795 3794 3819
f 3838 3839 3818
f 3819 3818 3839
f 3847 3857 3839
f 3839 3838 3847
f 3865 3857 3847
f 3847 3848 3865
f 3909 3897 3910
f 3899 3910 3897
f 3904 3896 3897
f 3897 3909 3904
f 3890 3889 3896
f 3896 3904 3890
f 3876 3875 3889
f 3889 3890 3876
f 3859 3858 3875
f 3875 3876 3859
f 3841 3840 3858
f 3858 3859 3841
f 3825 3820 3840
f 3840 3841 3825
f 3821 3800 3820
f 3820 3825 3821
f 3819 3820 3800
f 3800 3795 3819
f 3839 3840 3819
f 3820 3819 3840
f 3866 3874 3857
f 3857 3865 3866
f 3857 3858 3839
f 3840 3839 3858
f 3874 3875 3858
f 3858 3857 3874
f 3882 3874 3867
f 3866 3867 3874
f 3882 3889 3875
f 3875 3874 3882
f 3873 3883 3882
f 3882 3867 3873
f 3896 3883 3899
f 3899 3897 3896
f 3896 3889 3883
f 3882 3883 3889
f 3796 3773 3795
f 3795 3800 3796
f 3796 3797 3771
f 3771 3773 3796
f 3723 3729 3717
f 3728 3717 3729
f 3723 3746 3747
f 3747 3729 3723
f 3715 3705 3712
f 3712 3717 3715
f 3715 3713 3705
f 3703 3705 3713
f 332 3961 3963
f 3963 334 332
f 3725 3713 3724
f 3715 3724 3713
f 3821 3797 3796
f 3796 3800 3821
f 3717 3728 3724
f 3724 3715 3717
f 2471 3964 2433
f 3971 2433 3964
f 3964 3965 3971
f 3972 3971 3965
f 3965 3966 3972
f 3973 3972 3966
f 3966 3967 3973
f 3974 3973 3967
f 3967 3968 3974
f 3975 3974 3968
f 3968 3969 3975
f 3976 3975 3969
f 3969 3970 3976
f 3977 3976 3970
f 3970 3441 3977
f 3433 3977 3441
f 2433 3971 2393
f 3978 2393 3971
f 3971 3972 3978
f 3979 3978 3972
f 3972 3973 3979
f 3980 3979 3973
f 3973 3974 3980
f 3981 3980 3974
f 3974 3975 3981
f 3982 3981 3975
f 3975 3976 3982
f 3983 3982 3976
f 3976 3977 3983
f 3984 3983 3977
f 3977 3433 3984
f 3424 3984 3433
f 2393 3978 2353
f 3985 2353 3978
f 3978 3979 3985
f 3986 3985 3979
f 3979 3980 3986
f 3987 3986 3980
f 3980 3981 3987
f 3988 3987 3981
f 3981 3982 3988
f 3989 3988 3982
f 3982 3983 3989
f 3990 3989 3983
f 3983 3984 3990
f 3991 3990 3984
f 3984 3424 3991
f 3417 3991 3424
f 2353 3985 237
f 249 237 3985
f 3985 3986 249
f 259 249 3986
f 3986 3987 259
f 267 259 3987
f 3987 3988 267
f 273 267 3988
f 3988 3989 273
f 274 273 3989
f 3989 3990 274
f 275 274 3990
f 3990 3991 275
f 276 275 3991
f 3991 3417 276
f 277 276 3417
f 603 629 3993
f 3993 3992 603
f 629 655 3994
f 3994 3993 629
f 655 691 3994
f 1783 3994 691
f 3992 3993 3996
f 3996 3995 3992
f 3993 3994 3997
f 3997 3996 3993
f 3994 1783 3997
f 1779 3997 1783
f 3995 3996 3999
f 3999 3998 3995
f 3996 3997 4000
f 4000 3999 3996
f 3997 1779 4000
f 1775 4000 1779
f 3998 3999 4002
f 4002 4001 3998
f 3999 4000 4003
f 4003 4002 3999
f 4000 1775 4003
f 1771 4003 1775
f 4001 4002 4005
f 4005 4004 4001
f 4002 4003 4006
f 4006 4005 4002
f 4003 1771 4006
f 1767 4006 1771
f 4004 4005 4008
f 4008 4007 4004
f 4005 4006 4009
f 4009 4008 4005
f 4006 1767 4009
f 1763 4009 1767
f 4007 4008 4011
f 4011 4012 4007
f 4008 4009 4010
f 4010 4011 4008
f 4009 1763 4010
f 1759 4010 1763
f 4012 4011 4014
f 4014 4015 4012
f 4011 4010 4013
f 4013 4014 4011
f 4010 1759 4013
f 1757 4013 1759
f 4015 4014 4017
f 4017 4016 4015
f 4014 4013 4018
f 4018 4017 4014
f 4013 1757 4018
f 1752 4018 1757
f 4016 4017 4020
f 4020 4019 4016
f 4017 4018 4021
f 4021 4020 4017
f 4018 1752 4021
f 1747 4021 1752
f 4019 4020 4023
f 4023 4022 4019
f 4020 4021 4024
f 4024 4023 4020
f 4021 1747 4024
f 1742 4024 1747
f 4022 4023 4026
f 4026 4025 4022
f 4023 4024 4027
f 4027 4026 4023
f 4024 1742 4027
f 1735 4027 1742
f 4025 4026 4029
f 4029 4028 4025
f 4026 4027 4030
f 4030 4029 4026
f 4027 1735 4030
f 1728 4030 1735
f 4028 4029 4032
f 4032 4031 4028
f 4029 4030 4033
f 4033 4032 4029
f 4030 1728 4033
f 1721 4033 1728
f 4031 4032 4035
f 4035 4034 4031
f 4032 4033 4036
f 4036 4035 4032
f 4033 1721 4036
f 1711 4036 1721
f 4034 4035 4038
f 4038 4037 4034
f 4035 4036 4039
f 4039 4038 4035
f 4036 1711 4039
f 1701 4039 1711
f 4037 4038 4041
f 4041 4040 4037
f 4038 4039 4042
f 4042 4041 4038
f 4039 1701 4042
f 1691 4042 1701
f 4040 4041 4044
f 4044 4043 4040
f 4041 4042 4045
f 4045 4044 4041
f 4042 1691 4045
f 1681 4045 1691
f 4043 4044 4047
f 4047 4046 4043
f 4044 4045 4048
f 4048 4047 4044
f 4045 1681 4048
f 1669 4048 1681
f 4046 4047 4050
f 4050 4049 4046
f 4047 4048 4051
f 4051 4050 4047
f 4048 1669 4051
f 1655 4051 1669
f 4049 4050 4053
f 4053 4052 4049
f 4050 4051 4054
f 4054 4053 4050
f 4051 1655 4054
f 1654 4054 1655
f 4052 4053 4056
f 4056 4055 4052
f 4053 4054 4057
f 4057 4056 4053
f 4054 1654 4057
f 1638 4057 1654
f 4055 4056 2143
f 2143 2142 4055
f 4056 4057 2144
f 2144 2143 4056
f 4057 1638 2144
f 1620 2144 1638
f 548 547 4059
f 4059 4058 548
f 547 557 4060
f 4060 4059 547
f 557 580 4061
f 4061 4060 557
f 580 603 3992
f 3992 4061 580
f 4058 4059 4063
f 4063 4062 4058
f 4059 4060 4064
f 4064 4063 4059
f 4060 4061 4065
f 4065 4064 4060
f 4061 3992 3995
f 3995 4065 4061
f 4062 4063 4067
f 4067 4066 4062
f 4063 4064 4068
f 4068 4067 4063
f 4064 4065 4069
f 4069 4068 4064
f 4065 3995 3998
f 3998 4069 4065
f 4066 4067 4071
f 4071 4070 4066
f 4067 4068 4072
f 4072 4071 4067
f 4068 4069 4073
f 4073 4072 4068
f 4069 3998 4001
f 4001 4073 4069
f 4070 4071 4075
f 4075 4074 4070
f 4071 4072 4076
f 4076 4075 4071
f 4072 4073 4077
f 4077 4076 4072
f 4073 4001 4004
f 4004 4077 4073
f 4074 4075 4079
f 4079 4078 4074
f 4075 4076 4080
f 4080 4079 4075
f 4076 4077 4081
f 4081 4080 4076
f 4077 4004 4007
f 4007 4081 4077
f 4078 4079 4083
f 4083 4082 4078
f 4079 4080 4084
f 4084 4083 4079
f 4080 4081 4085
f 4085 4084 4080
f 4081 4007 4012
f 4012 4085 4081
f 4082 4083 4087
f 4087 4086 4082
f 4083 4084 4088
f 4088 4087 4083
f 4084 4085 4089
f 4089 4088 4084
f 4085 4012 4015
f 4015 4089 4085
f 4086 4087 4091
f 4091 4090 4086
f 4087 4088 4092
f 4092 4091 4087
f 4088 4089 4093
f 4093 4092 4088
f 4089 4015 4016
f 4016 4093 4089
f 4090 4091 4095
f 4095 4094 4090
f 4091 4092 4096
f 4096 4095 4091
f 4092 4093 4097
f 4097 4096 4092
f 4093 4016 4019
f 4019 4097 4093
f 4094 4095 4099
f 4099 4098 4094
f 4095 4096 4100
f 4100 4099 4095
f 4096 4097 4101
f 4101 4100 4096
f 4097 4019 4022
f 4022 4101 4097
f 4098 4099 4103
f 4103 4102 4098
f 4099 4100 4104
f 4104 4103 4099
f 4100 4101 4105
f 4105 4104 4100
f 4101 4022 4025
f 4025 4105 4101
f 4102 4103 4107
f 4107 4106 4102
f 4103 4104 4108
f 4108 4107 4103
f 4104 4105 4109
f 4109 4108 4104
f 4105 4025 4028
f 4028 4109 4105
f 4106 4107 4111
f 4111 4110 4106
f 4107 4108 4112
f 4112 4111 4107
f 4108 4109 4113
f 4113 4112 4108
f 4109 4028 4031
f 4031 4113 4109
f 4110 4111 4115
f 4115 4114 4110
f 4111 4112 4116
f 4116 4115 4111
f 4112 4113 4117
f 4117 4116 4112
f 4113 4031 4034
f 4034 4117 4113
f 4114 4115 4119
f 4119 4118 4114
f 4115 4116 4120
f 4120 4119 4115
f 4116 4117 4121
f 4121 4120 4116
f 4117 4034 4037
f 4037 4121 4117
f 4118 4119 4123
f 4123 4122 4118
f 4119 4120 4124
f 4124 4123 4119
f 4120 4121 4125
f 4125 4124 4120
f 4121 4037 4040
f 4040 4125 4121
f 4122 4123 4127
f 4127 4126 4122
f 4123 4124 4128
f 4128 4127 4123
f 4124 4125 4129
f 4129 4128 4124
f 4125 4040 4043
f 4043 4129 4125
f 4126 4127 4131
f 4131 4130 4126
f 4127 4128 4132
f 4132 4131 4127
f 4128 4129 4133
f 4133 4132 4128
f 4129 4043 4046
f 4046 4133 4129
f 4130 4131 4135
f 4135 4134 4130
f 4131 4132 4136
f 4136 4135 4131
f 4132 4133 4137
f 4137 4136 4132
f 4133 4046 4049
f 4049 4137 4133
f 4134 4135 4139
f 4139 4138 4134
f 4135 4136 4140
f 4140 4139 4135
f 4136 4137 4141
f 4141 4140 4136
f 4137 4049 4052
f 4052 4141 4137
f 4138 4139 4143
f 4143 4142 4138
f 4139 4140 4144
f 4144 4143 4139
f 4140 4141 4145
f 4145 4144 4140
f 4141 4052 4055
f 4055 4145 4141
f 4142 4143 2061
f 2061 2023 4142
f 4143 4144 2102
f 2102 2061 4143
f 4144 4145 2141
f 2141 2102 4144
f 4145 4055 2142
f 2142 2141 4145
f 554 553 4147
f 4147 4146 554
f 553 552 4148
f 4148 4147 553
f 552 551 4149
f 4149 4148 552
f 551 550 4150
f 4150 4149 551
f 550 549 4151
f 4151 4150 550
f 549 548 4058
f 4058 4151 549
f 4146 4147 4153
f 4153 4152 4146
f 4147 4148 4154
f 4154 4153 4147
f 4148 4149 4155
f 4155 4154 4148
f 4149 4150 4156
f 4156 4155 4149
f 4150 4151 4157
f 4157 4156 4150
f 4151 4058 4062
f 4062 4157 4151
f 4152 4153 4159
f 4159 4158 4152
f 4153 4154 4160
f 4160 4159 4153
f 4154 4155 4161
f 4161 4160 4154
f 4155 4156 4162
f 4162 4161 4155
f 4156 4157 4163
f 4163 4162 4156
f 4157 4062 4066
f 4066 4163 4157
f 4158 4159 4165
f 4165 4164 4158
f 4159 4160 4166
f 4166 4165 4159
f 4160 4161 4167
f 4167 4166 4160
f 4161 4162 4168
f 4168 4167 4161
f 4162 4163 4169
f 4169 4168 4162
f 4163 4066 4070
f 4070 4169 4163
f 4164 4165 4171
f 4171 4170 4164
f 4165 4166 4172
f 4172 4171 4165
f 4166 4167 4173
f 4173 4172 4166
f 4167 4168 4174
f 4174 4173 4167
f 4168 4169 4175
f 4175 4174 4168
f 4169 4070 4074
f 4074 4175 4169
f 4170 4171 4177
f 4177 4176 4170
f 4171 4172 4178
f 4178 4177 4171
f 4172 4173 4179
f 4179 4178 4172
f 4173 4174 4180
f 4180 4179 4173
f 4174 4175 4181
f 4181 4180 4174
f 4175 4074 4078
f 4078 4181 4175
f 4176 4177 4183
f 4183 4182 4176
f 4177 4178 4184
f 4184 4183 4177
f 4178 4179 4185
f 4185 4184 4178
f 4179 4180 4186
f 4186 4185 4179
f 4180 4181 4187
f 4187 4186 4180
f 4181 4078 4082
f 4082 4187 4181
f 4182 4183 4189
f 4189 4188 4182
f 4183 4184 4190
f 4190 4189 4183
f 4184 4185 4191
f 4191 4190 4184
f 4185 4186 4192
f 4192 4191 4185
f 4186 4187 4193
f 4193 4192 4186
f 4187 4082 4086
f 4086 4193 4187
f 4188 4189 4195
f 4195 4194 4188
f 4189 4190 4196
f 4196 4195 4189
f 4190 4191 4197
f 4197 4196 4190
f 4191 4192 4198
f 4198 4197 4191
f 4192 4193 4199
f 4199 4198 4192
f 4193 4086 4090
f 4090 4199 4193
f 4194 4195 4201
f 4201 4200 4194
f 4195 4196 4202
f 4202 4201 4195
f 4196 4197 4203
f 4203 4202 4196
f 4197 4198 4204
f 4204 4203 4197
f 4198 4199 4205
f 4205 4204 4198
f 4199 4090 4094
f 4094 4205 4199
f 4200 4201 4207
f 4207 4206 4200
f 4201 4202 4208
f 4208 4207 4201
f 4202 4203 4209
f 4209 4208 4202
f 4203 4204 4210
f 4210 4209 4203
f 4204 4205 4211
f 4211 4210 4204
f 4205 4094 4098
f 4098 4211 4205
f 4206 4207 4213
f 4213 4212 4206
f 4207 4208 4214
f 4214 4213 4207
f 4208 4209 4215
f 4215 4214 4208
f 4209 4210 4216
f 4216 4215 4209
f 4210 4211 4217
f 4217 4216 4210
f 4211 4098 4102
f 4102 4217 4211
f 4212 4213 4219
f 4219 4218 4212
f 4213 4214 4220
f 4220 4219 4213
f 4214 4215 4221
f 4221 4220 4214
f 4215 4216 4222
f 4222 4221 4215
f 4216 4217 4223
f 4223 4222 4216
f 4217 4102 4106
f 4106 4223 4217
f 4218 4219 4225
f 4225 4224 4218
f 4219 4220 4226
f 4226 4225 4219
f 4220 4221 4227
f 4227 4226 4220
f 4221 4222 4228
f 4228 4227 4221
f 4222 4223 4229
f 4229 4228 4222
f 4223 4106 4110
f 4110 4229 4223
f 4224 4225 4231
f 4231 4230 4224
f 4225 4226 4232
f 4232 4231 4225
f 4226 4227 4233
f 4233 4232 4226
f 4227 4228 4234
f 4234 4233 4227
f 4228 4229 4235
f 4235 4234 4228
f 4229 4110 4114
f 4114 4235 4229
f 4230 4231 4237
f 4237 4236 4230
f 4231 4232 4238
f 4238 4237 4231
f 4232 4233 4239
f 4239 4238 4232
f 4233 4234 4240
f 4240 4239 4233
f 4234 4235 4241
f 4241 4240 4234
f 4235 4114 4118
f 4118 4241 4235
f 4236 4237 4243
f 4243 4242 4236
f 4237 4238 4244
f 4244 4243 4237
f 4238 4239 4245
f 4245 4244 4238
f 4239 4240 4246
f 4246 4245 4239
f 4240 4241 4247
f 4247 4246 4240
f 4241 4118 4122
f 4122 4247 4241
f 4242 4243 4249
f 4249 4248 4242
f 4243 4244 4250
f 4250 4249 4243
f 4244 4245 4251
f 4251 4250 4244
f 4245 4246 4252
f 4252 4251 4245
f 4246 4247 4253
f 4253 4252 4246
f 4247 4122 4126
f 4126 4253 4247
f 4248 4249 4255
f 4255 4254 4248
f 4249 4250 4256
f 4256 4255 4249
f 4250 4251 4257
f 4257 4256 4250
f 4251 4252 4258
f 4258 4257 4251
f 4252 4253 4259
f 4259 4258 4252
f 4253 4126 4130
f 4130 4259 4253
f 4254 4255 4261
f 4261 4260 4254
f 4255 4256 4262
f 4262 4261 4255
f 4256 4257 4263
f 4263 4262 4256
f 4257 4258 4264
f 4264 4263 4257
f 4258 4259 4265
f 4265 4264 4258
f 4259 4130 4134
f 4134 4265 4259
f 4260 4261 4267
f 4267 4266 4260
f 4261 4262 4268
f 4268 4267 4261
f 4262 4263 4269
f 4269 4268 4262
f 4263 4264 4270
f 4270 4269 4263
f 4264 4265 4271
f 4271 4270 4264
f 4265 4134 4138
f 4138 4271 4265
f 4266 4267 4273
f 4273 4272 4266
f 4267 4268 4274
f 4274 4273 4267
f 4268 4269 4275
f 4275 4274 4268
f 4269 4270 4276
f 4276 4275 4269
f 4270 4271 4277
f 4277 4276 4270
f 4271 4138 4142
f 4142 4277 4271
f 4272 4273 1913
f 1913 1908 4272
f 4273 4274 1920
f 1920 1913 4273
f 4274 4275 1937
f 1937 1920 4274
f 4275 4276 1959
f 1959 1937 4275
f 4276 4277 1984
f 1984 1959 4276
f 4277 4142 2023
f 2023 1984 4277
f 590 567 4279
f 4279 4278 590
f 567 556 4280
f 4280 4279 567
f 556 555 4281
f 4281 4280 556
f 555 554 4146
f 4146 4281 555
f 4278 4279 4283
f 4283 4282 4278
f 4279 4280 4284
f 4284 4283 4279
f 4280 4281 4285
f 4285 4284 4280
f 4281 4146 4152
f 4152 4285 4281
f 4282 4283 4287
f 4287 4286 4282
f 4283 4284 4288
f 4288 4287 4283
f 4284 4285 4289
f 4289 4288 4284
f 4285 4152 4158
f 4158 4289 4285
f 4286 4287 4291
f 4291 4290 4286
f 4287 4288 4292
f 4292 4291 4287
f 4288 4289 4293
f 4293 4292 4288
f 4289 4158 4164
f 4164 4293 4289
f 4290 4291 4295
f 4295 4294 4290
f 4291 4292 4296
f 4296 4295 4291
f 4292 4293 4297
f 4297 4296 4292
f 4293 4164 4170
f 4170 4297 4293
f 4294 4295 4299
f 4299 4298 4294
f 4295 4296 4300
f 4300 4299 4295
f 4296 4297 4301
f 4301 4300 4296
f 4297 4170 4176
f 4176 4301 4297
f 4298 4299 4303
f 4303 4302 4298
f 4299 4300 4304
f 4304 4303 4299
f 4300 4301 4305
f 4305 4304 4300
f 4301 4176 4182
f 4182 4305 4301
f 4302 4303 4307
f 4307 4306 4302
f 4303 4304 4308
f 4308 4307 4303
f 4304 4305 4309
f 4309 4308 4304
f 4305 4182 4188
f 4188 4309 4305
f 4306 4307 4311
f 4311 4310 4306
f 4307 4308 4312
f 4312 4311 4307
f 4308 4309 4313
f 4313 4312 4308
f 4309 4188 4194
f 4194 4313 4309
f 4310 4311 4315
f 4315 4314 4310
f 4311 4312 4316
f 4316 4315 4311
f 4312 4313 4317
f 4317 4316 4312
f 4313 4194 4200
f 4200 4317 4313
f 4314 4315 4319
f 4319 4318 4314
f 4315 4316 4320
f 4320 4319 4315
f 4316 4317 4321
f 4321 4320 4316
f 4317 4200 4206
f 4206 4321 4317
f 4318 4319 4323
f 4323 4322 4318
f 4319 4320 4324
f 4324 4323 4319
f 4320 4321 4325
f 4325 4324 4320
f 4321 4206 4212
f 4212 4325 4321
f 4322 4323 4327
f 4327 4326 4322
f 4323 4324 4328
f 4328 4327 4323
f 4324 4325 4329
f 4329 4328 4324
f 4325 4212 4218
f 4218 4329 4325
f 4326 4327 4331
f 4331 4330 4326
f 4327 4328 4332
f 4332 4331 4327
f 4328 4329 4333
f 4333 4332 4328
f 4329 4218 4224
f 4224 4333 4329
f 4330 4331 4335
f 4335 4334 4330
f 4331 4332 4336
f 4336 4335 4331
f 4332 4333 4337
f 4337 4336 4332
f 4333 4224 4230
f 4230 4337 4333
f 4334 4335 4339
f 4339 4338 4334
f 4335 4336 4340
f 4340 4339 4335
f 4336 4337 4341
f 4341 4340 4336
f 4337 4230 4236
f 4236 4341 4337
f 4338 4339 4343
f 4343 4342 4338
f 4339 4340 4344
f 4344 4343 4339
f 4340 4341 4345
f 4345 4344 4340
f 4341 4236 4242
f 4242 4345 4341
f 4342 4343 4347
f 4347 4346 4342
f 4343 4344 4348
f 4348 4347 4343
f 4344 4345 4349
f 4349 4348 4344
f 4345 4242 4248
f 4248 4349 4345
f 4346 4347 4351
f 4351 4350 4346
f 4347 4348 4352
f 4352 4351 4347
f 4348 4349 4353
f 4353 4352 4348
f 4349 4248 4254
f 4254 4353 4349
f 4350 4351 4355
f 4355 4354 4350
f 4351 4352 4356
f 4356 4355 4351
f 4352 4353 4357
f 4357 4356 4352
f 4353 4254 4260
f 4260 4357 4353
f 4354 4355 4359
f 4359 4358 4354
f 4355 4356 4360
f 4360 4359 4355
f 4356 4357 4361
f 4361 4360 4356
f 4357 4260 4266
f 4266 4361 4357
f 4358 4359 4363
f 4363 4362 4358
f 4359 4360 4364
f 4364 4363 4359
f 4360 4361 4365
f 4365 4364 4360
f 4361 4266 4272
f 4272 4365 4361
f 4362 4363 1919
f 1919 1928 4362
f 4363 4364 1919
f 1912 1919 4364
f 4364 4365 1912
f 1907 1912 4365
f 4365 4272 1907
f 1908 1907 4272
f 1993 4366 4388
f 4388 1973 1993
f 4366 4367 4388
f 4389 4388 4367
f 4367 4368 4389
f 4390 4389 4368
f 4368 4369 4390
f 4391 4390 4369
f 4369 4370 4391
f 4392 4391 4370
f 4370 4371 4392
f 4393 4392 4371
f 4371 4372 4393
f 4394 4393 4372
f 4372 4373 4394
f 4395 4394 4373
f 4373 4374 4395
f 4396 4395 4374
f 4374 4375 4396
f 4397 4396 4375
f 4375 4376 4397
f 4398 4397 4376
f 4376 4377 4398
f 4399 4398 4377
f 4377 4378 4399
f 4400 4399 4378
f 4378 4379 4400
f 4401 4400 4379
f 4379 4380 4401
f 4402 4401 4380
f 4380 4381 4402
f 4403 4402 4381
f 4381 4382 4403
f 4404 4403 4382
f 4382 4383 4404
f 4405 4404 4383
f 4383 4384 4405
f 4406 4405 4384
f 4384 4385 4406
f 4407 4406 4385
f 4385 4386 4407
f 4408 4407 4386
f 4386 4387 4408
f 4409 4408 4387
f 4387 767 4409
f 734 4409 767
f 1973 4388 4410
f 4410 1950 1973
f 4388 4389 4410
f 4411 4410 4389
f 4389 4390 4411
f 4412 4411 4390
f 4390 4391 4412
f 4413 4412 4391
f 4391 4392 4413
f 4414 4413 4392
f 4392 4393 4414
f 4415 4414 4393
f 4393 4394 4415
f 4416 4415 4394
f 4394 4395 4416
f 4417 4416 4395
f 4395 4396 4417
f 4418 4417 4396
f 4396 4397 4418
f 4419 4418 4397
f 4397 4398 4419
f 4420 4419 4398
f 4398 4399 4420
f 4421 4420 4399
f 4399 4400 4421
f 4422 4421 4400
f 4400 4401 4422
f 4423 4422 4401
f 4401 4402 4423
f 4424 4423 4402
f 4402 4403 4424
f 4425 4424 4403
f 4403 4404 4425
f 4426 4425 4404
f 4404 4405 4426
f 4427 4426 4405
f 4405 4406 4427
f 4428 4427 4406
f 4406 4407 4428
f 4429 4428 4407
f 4407 4408 4429
f 4430 4429 4408
f 4408 4409 4430
f 4431 4430 4409
f 4409 734 4431
f 699 4431 734
f 1950 4410 4432
f 4432 1949 1950
f 4410 4411 4432
f 4433 4432 4411
f 4411 4412 4433
f 4434 4433 4412
f 4412 4413 4434
f 4435 4434 4413
f 4413 4414 4435
f 4436 4435 4414
f 4414 4415 4436
f 4437 4436 4415
f 4415 4416 4437
f 4438 4437 4416
f 4416 4417 4438
f 4439 4438 4417
f 4417 4418 4439
f 4440 4439 4418
f 4418 4419 4440
f 4441 4440 4419
f 4419 4420 4441
f 4442 4441 4420
f 4420 4421 4442
f 4443 4442 4421
f 4421 4422 4443
f 4444 4443 4422
f 4422 4423 4444
f 4445 4444 4423
f 4423 4424 4445
f 4446 4445 4424
f 4424 4425 4446
f 4447 4446 4425
f 4425 4426 4447
f 4448 4447 4426
f 4426 4427 4448
f 4449 4448 4427
f 4427 4428 4449
f 4450 4449 4428
f 4428 4429 4450
f 4451 4450 4429
f 4429 4430 4451
f 4452 4451 4430
f 4430 4431 4452
f 4453 4452 4431
f 4431 699 4453
f 663 4453 699
f 1949 4432 4454
f 4454 1948 1949
f 4432 4433 4454
f 4455 4454 4433
f 4433 4434 4455
f 4456 4455 4434
f 4434 4435 4456
f 4457 4456 4435
f 4435 4436 4457
f 4458 4457 4436
f 4436 4437 4458
f 4459 4458 4437
f 4437 4438 4459
f 4460 4459 4438
f 4438 4439 4460
f 4461 4460 4439
f 4439 4440 4461
f 4462 4461 4440
f 4440 4441 4462
f 4463 4462 4441
f 4441 4442 4463
f 4464 4463 4442
f 4442 4443 4464
f 4465 4464 4443
f 4443 4444 4465
f 4466 4465 4444
f 4444 4445 4466
f 4467 4466 4445
f 4445 4446 4467
f 4468 4467 4446
f 4446 4447 4468
f 4469 4468 4447
f 4447 4448 4469
f 4470 4469 4448
f 4448 4449 4470
f 4471 4470 4449
f 4449 4450 4471
f 4472 4471 4450
f 4450 4451 4472
f 4473 4472 4451
f 4451 4452 4473
f 4474 4473 4452
f 4452 4453 4474
f 4475 4474 4453
f 4453 663 4475
f 636 4475 663
f 1948 4454 4476
f 4476 1947 1948
f 4454 4455 4476
f 4477 4476 4455
f 4455 4456 4477
f 4478 4477 4456
f 4456 4457 4478
f 4479 4478 4457
f 4457 4458 4479
f 4480 4479 4458
f 4458 4459 4480
f 4481 4480 4459
f 4459 4460 4481
f 4482 4481 4460
f 4460 4461 4482
f 4483 4482 4461
f 4461 4462 4483
f 4484 4483 4462
f 4462 4463 4484
f 4485 4484 4463
f 4463 4464 4485
f 4486 4485 4464
f 4464 4465 4486
f 4487 4486 4465
f 4465 4466 4487
f 4488 4487 4466
f 4466 4467 4488
f 4489 4488 4467
f 4467 4468 4489
f 4490 4489 4468
f 4468 4469 4490
f 4491 4490 4469
f 4469 4470 4491
f 4492 4491 4470
f 4470 4471 4492
f 4493 4492 4471
f 4471 4472 4493
f 4494 4493 4472
f 4472 4473 4494
f 4495 4494 4473
f 4473 4474 4495
f 4496 4495 4474
f 4474 4475 4496
f 4497 4496 4475
f 4475 636 4497
f 613 4497 636
f 1947 4476 4362
f 4362 1928 1947
f 4476 4477 4358
f 4358 4362 4476
f 4477 4478 4354
f 4354 4358 4477
f 4478 4479 4350
f 4350 4354 4478
f 4479 4480 4346
f 4346 4350 4479
f 4480 4481 4342
f 4342 4346 4480
f 4481 4482 4338
f 4338 4342 4481
f 4482 4483 4334
f 4334 4338 4482
f 4483 4484 4330
f 4330 4334 4483
f 4484 4485 4326
f 4326 4330 4484
f 4485 4486 4322
f 4322 4326 4485
f 4486 4487 4318
f 4318 4322 4486
f 4487 4488 4314
f 4314 4318 4487
f 4488 4489 4310
f 4310 4314 4488
f 4489 4490 4306
f 4306 4310 4489
f 4490 4491 4302
f 4302 4306 4490
f 4491 4492 4298
f 4298 4302 4491
f 4492 4493 4294
f 4294 4298 4492
f 4493 4494 4290
f 4290 4294 4493
f 4494 4495 4286
f 4286 4290 4494
f 4495 4496 4282
f 4282 4286 4495
f 4496 4497 4278
f 4278 4282 4496
f 4497 613 590
f 590 4278 4497
f 1975 4498 4520
f 4520 1989 1975
f 4498 4499 4521
f 4521 4520 4498
f 4499 4500 4522
f 4522 4521 4499
f 4500 4501 4523
f 4523 4522 4500
f 4501 4502 4524
f 4524 4523 4501
f 4502 4503 4525
f 4525 4524 4502
f 4503 4504 4526
f 4526 4525 4503
f 4504 4505 4527
f 4527 4526 4504
f 4505 4506 4528
f 4528 4527 4505
f 4506 4507 4529
f 4529 4528 4506
f 4507 4508 4530
f 4530 4529 4507
f 4508 4509 4531
f 4531 4530 4508
f 4509 4510 4532
f 4532 4531 4509
f 4510 4511 4533
f 4533 4532 4510
f 4511 4512 4534
f 4534 4533 4511
f 4512 4513 4535
f 4535 4534 4512
f 4513 4514 4536
f 4536 4535 4513
f 4514 4515 4537
f 4537 4536 4514
f 4515 4516 4538
f 4538 4537 4515
f 4516 4517 4539
f 4539 4538 4516
f 4517 4518 4540
f 4540 4539 4517
f 4518 4519 4541
f 4541 4540 4518
f 4519 1038 4541
f 1029 4541 1038
f 1989 4520 4542
f 4542 1990 1989
f 4520 4521 4543
f 4543 4542 4520
f 4521 4522 4544
f 4544 4543 4521
f 4522 4523 4545
f 4545 4544 4522
f 4523 4524 4546
f 4546 4545 4523
f 4524 4525 4547
f 4547 4546 4524
f 4525 4526 4548
f 4548 4547 4525
f 4526 4527 4549
f 4549 4548 4526
f 4527 4528 4550
f 4550 4549 4527
f 4528 4529 4551
f 4551 4550 4528
f 4529 4530 4552
f 4552 4551 4529
f 4530 4531 4553
f 4553 4552 4530
f 4531 4532 4554
f 4554 4553 4531
f 4532 4533 4555
f 4555 4554 4532
f 4533 4534 4556
f 4556 4555 4533
f 4534 4535 4557
f 4557 4556 4534
f 4535 4536 4558
f 4558 4557 4535
f 4536 4537 4559
f 4559 4558 4536
f 4537 4538 4560
f 4560 4559 4537
f 4538 4539 4561
f 4561 4560 4538
f 4539 4540 4562
f 4562 4561 4539
f 4540 4541 4563
f 4563 4562 4540
f 4541 1029 4563
f 1018 4563 1029
f 1990 4542 4564
f 4564 1991 1990
f 4542 4543 4565
f 4565 4564 4542
f 4543 4544 4566
f 4566 4565 4543
f 4544 4545 4567
f 4567 4566 4544
f 4545 4546 4568
f 4568 4567 4545
f 4546 4547 4569
f 4569 4568 4546
f 4547 4548 4570
f 4570 4569 4547
f 4548 4549 4571
f 4571 4570 4548
f 4549 4550 4572
f 4572 4571 4549
f 4550 4551 4573
f 4573 4572 4550
f 4551 4552 4574
f 4574 4573 4551
f 4552 4553 4575
f 4575 4574 4552
f 4553 4554 4576
f 4576 4575 4553
f 4554 4555 4577
f 4577 4576 4554
f 4555 4556 4578
f 4578 4577 4555
f 4556 4557 4579
f 4579 4578 4556
f 4557 4558 4580
f 4580 4579 4557
f 4558 4559 4581
f 4581 4580 4558
f 4559 4560 4582
f 4582 4581 4559
f 4560 4561 4583
f 4583 4582 4560
f 4561 4562 4584
f 4584 4583 4561
f 4562 4563 4585
f 4585 4584 4562
f 4563 1018 4585
f 1009 4585 1018
f 1991 4564 4586
f 4586 1994 1991
f 4564 4565 4587
f 4587 4586 4564
f 4565 4566 4588
f 4588 4587 4565
f 4566 4567 4589
f 4589 4588 4566
f 4567 4568 4590
f 4590 4589 4567
f 4568 4569 4591
f 4591 4590 4568
f 4569 4570 4592
f 4592 4591 4569
f 4570 4571 4593
f 4593 4592 4570
f 4571 4572 4594
f 4594 4593 4571
f 4572 4573 4595
f 4595 4594 4572
f 4573 4574 4596
f 4596 4595 4573
f 4574 4575 4597
f 4597 4596 4574
f 4575 4576 4598
f 4598 4597 4575
f 4576 4577 4599
f 4599 4598 4576
f 4577 4578 4600
f 4600 4599 4577
f 4578 4579 4601
f 4601 4600 4578
f 4579 4580 4602
f 4602 4601 4579
f 4580 4581 4603
f 4603 4602 4580
f 4581 4582 4604
f 4604 4603 4581
f 4582 4583 4605
f 4605 4604 4582
f 4583 4584 4606
f 4606 4605 4583
f 4584 4585 4607
f 4607 4606 4584
f 4585 1009 4607
f 999 4607 1009
f 1994 4586 4608
f 4608 1996 1994
f 4586 4587 4609
f 4609 4608 4586
f 4587 4588 4610
f 4610 4609 4587
f 4588 4589 4611
f 4611 4610 4588
f 4589 4590 4612
f 4612 4611 4589
f 4590 4591 4613
f 4613 4612 4590
f 4591 4592 4614
f 4614 4613 4591
f 4592 4593 4615
f 4615 4614 4592
f 4593 4594 4616
f 4616 4615 4593
f 4594 4595 4617
f 4617 4616 4594
f 4595 4596 4618
f 4618 4617 4595
f 4596 4597 4619
f 4619 4618 4596
f 4597 4598 4620
f 4620 4619 4597
f 4598 4599 4621
f 4621 4620 4598
f 4599 4600 4622
f 4622 4621 4599
f 4600 4601 4623
f 4623 4622 4600
f 4601 4602 4624
f 4624 4623 4601
f 4602 4603 4625
f 4625 4624 4602
f 4603 4604 4626
f 4626 4625 4603
f 4604 4605 4627
f 4627 4626 4604
f 4605 4606 4628
f 4628 4627 4605
f 4606 4607 4629
f 4629 4628 4606
f 4607 999 4629
f 989 4629 999
f 1996 4608 4630
f 4630 1998 1996
f 4608 4609 4631
f 4631 4630 4608
f 4609 4610 4632
f 4632 4631 4609
f 4610 4611 4633
f 4633 4632 4610
f 4611 4612 4634
f 4634 4633 4611
f 4612 4613 4635
f 4635 4634 4612
f 4613 4614 4636
f 4636 4635 4613
f 4614 4615 4637
f 4637 4636 4614
f 4615 4616 4638
f 4638 4637 4615
f 4616 4617 4639
f 4639 4638 4616
f 4617 4618 4640
f 4640 4639 4617
f 4618 4619 4641
f 4641 4640 4618
f 4619 4620 4642
f 4642 4641 4619
f 4620 4621 4643
f 4643 4642 4620
f 4621 4622 4644
f 4644 4643 4621
f 4622 4623 4645
f 4645 4644 4622
f 4623 4624 4646
f 4646 4645 4623
f 4624 4625 4647
f 4647 4646 4624
f 4625 4626 4648
f 4648 4647 4625
f 4626 4627 4649
f 4649 4648 4626
f 4627 4628 4650
f 4650 4649 4627
f 4628 4629 4651
f 4651 4650 4628
f 4629 989 4651
f 977 4651 989
f 1998 4630 4652
f 4652 2000 1998
f 4630 4631 4653
f 4653 4652 4630
f 4631 4632 4654
f 4654 4653 4631
f 4632 4633 4655
f 4655 4654 4632
f 4633 4634 4656
f 4656 4655 4633
f 4634 4635 4657
f 4657 4656 4634
f 4635 4636 4658
f 4658 4657 4635
f 4636 4637 4659
f 4659 4658 4636
f 4637 4638 4660
f 4660 4659 4637
f 4638 4639 4661
f 4661 4660 4638
f 4639 4640 4662
f 4662 4661 4639
f 4640 4641 4663
f 4663 4662 4640
f 4641 4642 4664
f 4664 4663 4641
f 4642 4643 4665
f 4665 4664 4642
f 4643 4644 4666
f 4666 4665 4643
f 4644 4645 4667
f 4667 4666 4644
f 4645 4646 4668
f 4668 4667 4645
f 4646 4647 4669
f 4669 4668 4646
f 4647 4648 4670
f 4670 4669 4647
f 4648 4649 4671
f 4671 4670 4648
f 4649 4650 4672
f 4672 4671 4649
f 4650 4651 4673
f 4673 4672 4650
f 4651 977 4673
f 966 4673 977
f 2000 4652 4674
f 4674 2002 2000
f 4652 4653 4675
f 4675 4674 4652
f 4653 4654 4676
f 4676 4675 4653
f 4654 4655 4677
f 4677 4676 4654
f 4655 4656 4678
f 4678 4677 4655
f 4656 4657 4679
f 4679 4678 4656
f 4657 4658 4680
f 4680 4679 4657
f 4658 4659 4681
f 4681 4680 4658
f 4659 4660 4682
f 4682 4681 4659
f 4660 4661 4683
f 4683 4682 4660
f 4661 4662 4684
f 4684 4683 4661
f 4662 4663 4685
f 4685 4684 4662
f 4663 4664 4686
f 4686 4685 4663
f 4664 4665 4687
f 4687 4686 4664
f 4665 4666 4688
f 4688 4687 4665
f 4666 4667 4689
f 4689 4688 4666
f 4667 4668 4690
f 4690 4689 4667
f 4668 4669 4691
f 4691 4690 4668
f 4669 4670 4692
f 4692 4691 4669
f 4670 4671 4693
f 4693 4692 4670
f 4671 4672 4694
f 4694 4693 4671
f 4672 4673 4695
f 4695 4694 4672
f 4673 966 4695
f 955 4695 966
f 2002 4674 4696
f 4696 2004 2002
f 4674 4675 4697
f 4697 4696 4674
f 4675 4676 4698
f 4698 4697 4675
f 4676 4677 4699
f 4699 4698 4676
f 4677 4678 4700
f 4700 4699 4677
f 4678 4679 4701
f 4701 4700 4678
f 4679 4680 4702
f 4702 4701 4679
f 4680 4681 4703
f 4703 4702 4680
f 4681 4682 4704
f 4704 4703 4681
f 4682 4683 4705
f 4705 4704 4682
f 4683 4684 4706
f 4706 4705 4683
f 4684 4685 4707
f 4707 4706 4684
f 4685 4686 4708
f 4708 4707 4685
f 4686 4687 4709
f 4709 4708 4686
f 4687 4688 4710
f 4710 4709 4687
f 4688 4689 4711
f 4711 4710 4688
f 4689 4690 4712
f 4712 4711 4689
f 4690 4691 4713
f 4713 4712 4690
f 4691 4692 4714
f 4714 4713 4691
f 4692 4693 4715
f 4715 4714 4692
f 4693 4694 4716
f 4716 4715 4693
f 4694 4695 4717
f 4717 4716 4694
f 4695 955 4717
f 942 4717 955
f 2004 4696 4718
f 4718 2005 2004
f 4696 4697 4719
f 4719 4718 4696
f 4697 4698 4720
f 4720 4719 4697
f 4698 4699 4721
f 4721 4720 4698
f 4699 4700 4722
f 4722 4721 4699
f 4700 4701 4723
f 4723 4722 4700
f 4701 4702 4724
f 4724 4723 4701
f 4702 4703 4725
f 4725 4724 4702
f 4703 4704 4726
f 4726 4725 4703
f 4704 4705 4727
f 4727 4726 4704
f 4705 4706 4728
f 4728 4727 4705
f 4706 4707 4729
f 4729 4728 4706
f 4707 4708 4730
f 4730 4729 4707
f 4708 4709 4731
f 4731 4730 4708
f 4709 4710 4732
f 4732 4731 4709
f 4710 4711 4733
f 4733 4732 4710
f 4711 4712 4734
f 4734 4733 4711
f 4712 4713 4735
f 4735 4734 4712
f 4713 4714 4736
f 4736 4735 4713
f 4714 4715 4737
f 4737 4736 4714
f 4715 4716 4738
f 4738 4737 4715
f 4716 4717 4739
f 4739 4738 4716
f 4717 942 4739
f 925 4739 942
f 2005 4718 4740
f 4740 2003 2005
f 4718 4719 4741
f 4741 4740 4718
f 4719 4720 4742
f 4742 4741 4719
f 4720 4721 4743
f 4743 4742 4720
f 4721 4722 4744
f 4744 4743 4721
f 4722 4723 4745
f 4745 4744 4722
f 4723 4724 4746
f 4746 4745 4723
f 4724 4725 4747
f 4747 4746 4724
f 4725 4726 4748
f 4748 4747 4725
f 4726 4727 4749
f 4749 4748 4726
f 4727 4728 4750
f 4750 4749 4727
f 4728 4729 4751
f 4751 4750 4728
f 4729 4730 4752
f 4752 4751 4729
f 4730 4731 4753
f 4753 4752 4730
f 4731 4732 4754
f 4754 4753 4731
f 4732 4733 4755
f 4755 4754 4732
f 4733 4734 4756
f 4756 4755 4733
f 4734 4735 4757
f 4757 4756 4734
f 4735 4736 4758
f 4758 4757 4735
f 4736 4737 4759
f 4759 4758 4736
f 4737 4738 4760
f 4760 4759 4737
f 4738 4739 4761
f 4761 4760 4738
f 4739 925 4761
f 904 4761 925
f 2003 4740 4762
f 4762 2001 2003
f 4740 4741 4763
f 4763 4762 4740
f 4741 4742 4764
f 4764 4763 4741
f 4742 4743 4765
f 4765 4764 4742
f 4743 4744 4766
f 4766 4765 4743
f 4744 4745 4767
f 4767 4766 4744
f 4745 4746 4768
f 4768 4767 4745
f 4746 4747 4769
f 4769 4768 4746
f 4747 4748 4770
f 4770 4769 4747
f 4748 4749 4771
f 4771 4770 4748
f 4749 4750 4772
f 4772 4771 4749
f 4750 4751 4773
f 4773 4772 4750
f 4751 4752 4774
f 4774 4773 4751
f 4752 4753 4775
f 4775 4774 4752
f 4753 4754 4776
f 4776 4775 4753
f 4754 4755 4777
f 4777 4776 4754
f 4755 4756 4778
f 4778 4777 4755
f 4756 4757 4779
f 4779 4778 4756
f 4757 4758 4780
f 4780 4779 4757
f 4758 4759 4781
f 4781 4780 4758
f 4759 4760 4782
f 4782 4781 4759
f 4760 4761 4783
f 4783 4782 4760
f 4761 904 4783
f 881 4783 904
f 2001 4762 4784
f 4784 1999 2001
f 4762 4763 4785
f 4785 4784 4762
f 4763 4764 4786
f 4786 4785 4763
f 4764 4765 4787
f 4787 4786 4764
f 4765 4766 4788
f 4788 4787 4765
f 4766 4767 4789
f 4789 4788 4766
f 4767 4768 4790
f 4790 4789 4767
f 4768 4769 4791
f 4791 4790 4768
f 4769 4770 4792
f 4792 4791 4769
f 4770 4771 4793
f 4793 4792 4770
f 4771 4772 4794
f 4794 4793 4771
f 4772 4773 4795
f 4795 4794 4772
f 4773 4774 4796
f 4796 4795 4773
f 4774 4775 4797
f 4797 4796 4774
f 4775 4776 4798
f 4798 4797 4775
f 4776 4777 4799
f 4799 4798 4776
f 4777 4778 4800
f 4800 4799 4777
f 4778 4779 4801
f 4801 4800 4778
f 4779 4780 4802
f 4802 4801 4779
f 4780 4781 4803
f 4803 4802 4780
f 4781 4782 4804
f 4804 4803 4781
f 4782 4783 4805
f 4805 4804 4782
f 4783 881 4805
f 856 4805 881
f 1999 4784 4806
f 4806 1997 1999
f 4784 4785 4807
f 4807 4806 4784
f 4785 4786 4808
f 4808 4807 4785
f 4786 4787 4809
f 4809 4808 4786
f 4787 4788 4810
f 4810 4809 4787
f 4788 4789 4811
f 4811 4810 4788
f 4789 4790 4812
f 4812 4811 4789
f 4790 4791 4813
f 4813 4812 4790
f 4791 4792 4814
f 4814 4813 4791
f 4792 4793 4815
f 4815 4814 4792
f 4793 4794 4816
f 4816 4815 4793
f 4794 4795 4817
f 4817 4816 4794
f 4795 4796 4818
f 4818 4817 4795
f 4796 4797 4819
f 4819 4818 4796
f 4797 4798 4820
f 4820 4819 4797
f 4798 4799 4821
f 4821 4820 4798
f 4799 4800 4822
f 4822 4821 4799
f 4800 4801 4823
f 4823 4822 4800
f 4801 4802 4824
f 4824 4823 4801
f 4802 4803 4825
f 4825 4824 4802
f 4803 4804 4826
f 4826 4825 4803
f 4804 4805 4827
f 4827 4826 4804
f 4805 856 4827
f 829 4827 856
f 1997 4806 4828
f 4828 1995 1997
f 4806 4807 4829
f 4829 4828 4806
f 4807 4808 4830
f 4830 4829 4807
f 4808 4809 4831
f 4831 4830 4808
f 4809 4810 4832
f 4832 4831 4809
f 4810 4811 4833
f 4833 4832 4810
f 4811 4812 4834
f 4834 4833 4811
f 4812 4813 4835
f 4835 4834 4812
f 4813 4814 4836
f 4836 4835 4813
f 4814 4815 4837
f 4837 4836 4814
f 4815 4816 4838
f 4838 4837 4815
f 4816 4817 4839
f 4839 4838 4816
f 4817 4818 4840
f 4840 4839 4817
f 4818 4819 4841
f 4841 4840 4818
f 4819 4820 4842
f 4842 4841 4819
f 4820 4821 4843
f 4843 4842 4820
f 4821 4822 4844
f 4844 4843 4821
f 4822 4823 4845
f 4845 4844 4822
f 4823 4824 4846
f 4846 4845 4823
f 4824 4825 4847
f 4847 4846 4824
f 4825 4826 4848
f 4848 4847 4825
f 4826 4827 4849
f 4849 4848 4826
f 4827 829 4849
f 798 4849 829
f 1995 4828 4366
f 4366 1993 1995
f 4828 4829 4367
f 4367 4366 4828
f 4829 4830 4368
f 4368 4367 4829
f 4830 4831 4369
f 4369 4368 4830
f 4831 4832 4370
f 4370 4369 4831
f 4832 4833 4371
f 4371 4370 4832
f 4833 4834 4372
f 4372 4371 4833
f 4834 4835 4373
f 4373 4372 4834
f 4835 4836 4374
f 4374 4373 4835
f 4836 4837 4375
f 4375 4374 4836
f 4837 4838 4376
f 4376 4375 4837
f 4838 4839 4377
f 4377 4376 4838
f 4839 4840 4378
f 4378 4377 4839
f 4840 4841 4379
f 4379 4378 4840
f 4841 4842 4380
f 4380 4379 4841
f 4842 4843 4381
f 4381 4380 4842
f 4843 4844 4382
f 4382 4381 4843
f 4844 4845 4383
f 4383 4382 4844
f 4845 4846 4384
f 4384 4383 4845
f 4846 4847 4385
f 4385 4384 4846
f 4847 4848 4386
f 4386 4385 4847
f 4848 4849 4387
f 4387 4386 4848
f 4849 798 767
f 767 4387 4849
f 1065 1056 4850
f 4850 1075 1065
f 1056 1047 4851
f 4851 4850 1056
f 1047 1038 4852
f 4852 4851 1047
f 1075 4850 4853
f 4853 1083 1075
f 4850 4851 4854
f 4854 4853 4850
f 4851 4852 4855
f 4855 4854 4851
f 1083 4853 4859
f 4859 1091 1083
f 4853 4854 4858
f 4858 4859 4853
f 4854 4855 4857
f 4857 4858 4854
f 4855 4852 4856
f 4856 4857 4855
f 4852 1038 4519
f 4519 4856 4852
f 1091 4859 4863
f 4863 1099 1091
f 4859 4858 4862
f 4862 4863 4859
f 4858 4857 4861
f 4861 4862 4858
f 4857 4856 4860
f 4860 4861 4857
f 4856 4519 4518
f 4518 4860 4856
f 1099 4863 4867
f 4867 1107 1099
f 4863 4862 4866
f 4866 4867 4863
f 4862 4861 4865
f 4865 4866 4862
f 4861 4860 4864
f 4864 4865 4861
f 4860 4518 4517
f 4517 4864 4860
f 1107 4867 4871
f 4871 1115 1107
f 4867 4866 4870
f 4870 4871 4867
f 4866 4865 4869
f 4869 4870 4866
f 4865 4864 4868
f 4868 4869 4865
f 4864 4517 4516
f 4516 4868 4864
f 1115 4871 4875
f 4875 1123 1115
f 4871 4870 4874
f 4874 4875 4871
f 4870 4869 4873
f 4873 4874 4870
f 4869 4868 4872
f 4872 4873 4869
f 4868 4516 4515
f 4515 4872 4868
f 1123 4875 4879
f 4879 1131 1123
f 4875 4874 4878
f 4878 4879 4875
f 4874 4873 4877
f 4877 4878 4874
f 4873 4872 4876
f 4876 4877 4873
f 4872 4515 4514
f 4514 4876 4872
f 1131 4879 4883
f 4883 1139 1131
f 4879 4878 4882
f 4882 4883 4879
f 4878 4877 4881
f 4881 4882 4878
f 4877 4876 4880
f 4880 4881 4877
f 4876 4514 4513
f 4513 4880 4876
f 1139 4883 4887
f 4887 1147 1139
f 4883 4882 4886
f 4886 4887 4883
f 4882 4881 4885
f 4885 4886 4882
f 4881 4880 4884
f 4884 4885 4881
f 4880 4513 4512
f 4512 4884 4880
f 1147 4887 4891
f 4891 1155 1147
f 4887 4886 4890
f 4890 4891 4887
f 4886 4885 4889
f 4889 4890 4886
f 4885 4884 4888
f 4888 4889 4885
f 4884 4512 4511
f 4511 4888 4884
f 1155 4891 4893
f 4893 1163 1155
f 4891 4890 4895
f 4895 4893 4891
f 4890 4889 4894
f 4894 4895 4890
f 4889 4888 4892
f 4892 4894 4889
f 4888 4511 4510
f 4510 4892 4888
f 1163 4893 4896
f 4896 1170 1163
f 4893 4895 4897
f 4897 4896 4893
f 4895 4894 4898
f 4898 4897 4895
f 4894 4892 4899
f 4899 4898 4894
f 4892 4510 4509
f 4509 4899 4892
f 1170 4896 4900
f 4900 1177 1170
f 4896 4897 4901
f 4901 4900 4896
f 4897 4898 4902
f 4902 4901 4897
f 4898 4899 4902
f 4903 4902 4899
f 4899 4509 4903
f 4508 4903 4509
f 1177 4900 1184
f 4904 1184 4900
f 4900 4901 4904
f 4905 4904 4901
f 4901 4902 4905
f 4906 4905 4902
f 4902 4903 4906
f 4907 4906 4903
f 4903 4508 4907
f 4507 4907 4508
f 1184 4904 1191
f 4908 1191 4904
f 4904 4905 4908
f 4909 4908 4905
f 4905 4906 4909
f 4910 4909 4906
f 4906 4907 4910
f 4911 4910 4907
f 4907 4507 4911
f 4506 4911 4507
f 1191 4908 1198
f 4912 1198 4908
f 4908 4909 4912
f 4913 4912 4909
f 4909 4910 4913
f 4914 4913 4910
f 4910 4911 4914
f 4915 4914 4911
f 4911 4506 4915
f 4505 4915 4506
f 1198 4912 1205
f 4916 1205 4912
f 4912 4913 4916
f 4917 4916 4913
f 4913 4914 4917
f 4918 4917 4914
f 4914 4915 4918
f 4919 4918 4915
f 4915 4505 4919
f 4504 4919 4505
f 1205 4916 1212
f 4920 1212 4916
f 4916 4917 4920
f 4921 4920 4917
f 4917 4918 4921
f 4922 4921 4918
f 4918 4919 4922
f 4923 4922 4919
f 4919 4504 4923
f 4503 4923 4504
f 1212 4920 1219
f 4924 1219 4920
f 4920 4921 4924
f 4925 4924 4921
f 4921 4922 4925
f 4926 4925 4922
f 4922 4923 4926
f 4927 4926 4923
f 4923 4503 4927
f 4502 4927 4503
f 1219 4924 1226
f 4928 1226 4924
f 4924 4925 4928
f 4929 4928 4925
f 4925 4926 4929
f 4930 4929 4926
f 4926 4927 4930
f 4931 4930 4927
f 4927 4502 4931
f 4501 4931 4502
f 1226 4928 1233
f 4932 1233 4928
f 4928 4929 4932
f 4933 4932 4929
f 4929 4930 4933
f 4934 4933 4930
f 4930 4931 4934
f 4936 4934 4931
f 4931 4501 4936
f 4500 4936 4501
f 1233 4932 1240
f 4935 1240 4932
f 4932 4933 4935
f 4937 4935 4933
f 4933 4934 4937
f 4938 4937 4934
f 4934 4936 4938
f 4940 4938 4936
f 4936 4500 4940
f 4499 4940 4500
f 1240 4935 1247
f 4939 1247 4935
f 4935 4937 4939
f 4941 4939 4937
f 4937 4938 4941
f 4942 4941 4938
f 4938 4940 4942
f 4945 4942 4940
f 4940 4499 4945
f 4498 4945 4499
f 1247 4939 1254
f 4943 1254 4939
f 4939 4941 4943
f 4944 4943 4941
f 4941 4942 4944
f 4946 4944 4942
f 4942 4945 4946
f 4947 4946 4945
f 4945 4498 4947
f 1975 4947 4498
f 1254 4943 1261
f 4948 1261 4943
f 4943 4944 4948
f 4949 4948 4944
f 4944 4946 4949
f 4947 4949 4946
f 1261 4948 1268
f 1930 1268 4948
f 4948 4949 1930
f 1951 1930 4949
f 4949 4947 1951
f 1975 1951 4947
f 284 1828 289
f 4951 289 1828
f 1828 1824 4951
f 4950 4951 1824
f 1824 1820 4950
f 4952 4950 1820
f 1820 1816 4952
f 4953 4952 1816
f 1816 1812 4953
f 4954 4953 1812
f 1812 1808 4954
f 4955 4954 1808
f 1808 1804 4955
f 4956 4955 1804
f 1804 1800 4956
f 4957 4956 1800
f 1800 1796 4957
f 4958 4957 1796
f 1796 1792 4958
f 4959 4958 1792
f 1792 1788 4959
f 4960 4959 1788
f 1788 1784 4960
f 4961 4960 1784
f 1784 667 4961
f 703 4961 667
f 289 4951 297
f 4965 297 4951
f 4951 4950 4965
f 4963 4965 4950
f 4950 4952 4963
f 4962 4963 4952
f 4952 4953 4962
f 4964 4962 4953
f 4953 4954 4964
f 4966 4964 4954
f 4954 4955 4966
f 4967 4966 4955
f 4955 4956 4967
f 4968 4967 4956
f 4956 4957 4968
f 4969 4968 4957
f 4957 4958 4969
f 4970 4969 4958
f 4958 4959 4970
f 4971 4970 4959
f 4959 4960 4971
f 4972 4971 4960
f 4960 4961 4972
f 4973 4972 4961
f 4961 703 4973
f 708 4973 703
f 297 4965 308
f 4978 308 4965
f 4965 4963 4978
f 4976 4978 4963
f 4963 4962 4976
f 4974 4976 4962
f 4962 4964 4974
f 4975 4974 4964
f 4964 4966 4975
f 4977 4975 4966
f 4966 4967 4977
f 4979 4977 4967
f 4967 4968 4979
f 4980 4979 4968
f 4968 4969 4980
f 4981 4980 4969
f 4969 4970 4981
f 4982 4981 4970
f 4970 4971 4982
f 4983 4982 4971
f 4971 4972 4983
f 4984 4983 4972
f 4972 4973 4984
f 4985 4984 4973
f 4973 708 4985
f 709 4985 708
f 308 4978 322
f 4991 322 4978
f 4978 4976 4991
f 4988 4991 4976
f 4976 4974 4988
f 4986 4988 4974
f 4974 4975 4986
f 4987 4986 4975
f 4975 4977 4987
f 4989 4987 4977
f 4977 4979 4989
f 4990 4989 4979
f 4979 4980 4990
f 4992 4990 4980
f 4980 4981 4992
f 4993 4992 4981
f 4981 4982 4993
f 4994 4993 4982
f 4982 4983 4994
f 4995 4994 4983
f 4983 4984 4995
f 4996 4995 4984
f 4984 4985 4996
f 4997 4996 4985
f 4985 709 4997
f 744 4997 709
f 322 4991 339
f 5003 339 4991
f 4991 4988 5003
f 5000 5003 4988
f 4988 4986 5000
f 4998 5000 4986
f 4986 4987 4998
f 4999 4998 4987
f 4987 4989 4999
f 5001 4999 4989
f 4989 4990 5001
f 5002 5001 4990
f 4990 4992 5002
f 5004 5002 4992
f 4992 4993 5004
f 5005 5004 4993
f 4993 4994 5005
f 5006 5005 4994
f 4994 4995 5006
f 5007 5006 4995
f 4995 4996 5007
f 5008 5007 4996
f 4996 4997 5008
f 5009 5008 4997
f 4997 744 5009
f 776 5009 744
f 339 5003 352
f 5015 352 5003
f 5003 5000 5015
f 5013 5015 5000
f 5000 4998 5013
f 5010 5013 4998
f 4998 4999 5010
f 5011 5010 4999
f 4999 5001 5011
f 5012 5011 5001
f 5001 5002 5012
f 5014 5012 5002
f 5002 5004 5014
f 5016 5014 5004
f 5004 5005 5016
f 5017 5016 5005
f 5005 5006 5017
f 5018 5017 5006
f 5006 5007 5018
f 5019 5018 5007
f 5007 5008 5019
f 5020 5019 5008
f 5008 5009 5020
f 5021 5020 5009
f 5009 776 5021
f 802 5021 776
f 352 5015 365
f 5027 365 5015
f 5015 5013 5027
f 5025 5027 5013
f 5013 5010 5025
f 5022 5025 5010
f 5010 5011 5022
f 5023 5022 5011
f 5011 5012 5023
f 5024 5023 5012
f 5012 5014 5024
f 5026 5024 5014
f 5014 5016 5026
f 5028 5026 5016
f 5016 5017 5028
f 5029 5028 5017
f 5017 5018 5029
f 5030 5029 5018
f 5018 5019 5030
f 5031 5030 5019
f 5019 5020 5031
f 5032 5031 5020
f 5020 5021 5032
f 5033 5032 5021
f 5021 802 5033
f 803 5033 802
f 365 5027 374
f 5038 374 5027
f 5027 5025 5038
f 5036 5038 5025
f 5025 5022 5036
f 5034 5036 5022
f 5022 5023 5034
f 5035 5034 5023
f 5023 5024 5035
f 5037 5035 5024
f 5024 5026 5037
f 5039 5037 5026
f 5026 5028 5039
f 5040 5039 5028
f 5028 5029 5040
f 5041 5040 5029
f 5029 5030 5041
f 5042 5041 5030
f 5030 5031 5042
f 5043 5042 5031
f 5031 5032 5043
f 5044 5043 5032
f 5032 5033 5044
f 5045 5044 5033
f 5033 803 5045
f 804 5045 803
f 374 5038 391
f 5050 391 5038
f 5038 5036 5050
f 5048 5050 5036
f 5036 5034 5048
f 5046 5048 5034
f 5034 5035 5046
f 5047 5046 5035
f 5035 5037 5047
f 5049 5047 5037
f 5037 5039 5049
f 5051 5049 5039
f 5039 5040 5051
f 5052 5051 5040
f 5040 5041 5052
f 5053 5052 5041
f 5041 5042 5053
f 5054 5053 5042
f 5042 5043 5054
f 5055 5054 5043
f 5043 5044 5055
f 5056 5055 5044
f 5044 5045 5056
f 5061 5056 5045
f 5045 804 5061
f 835 5061 804
f 391 5050 406
f 5062 406 5050
f 5050 5048 5062
f 5059 5062 5048
f 5048 5046 5059
f 5057 5059 5046
f 5046 5047 5057
f 5058 5057 5047
f 5047 5049 5058
f 5060 5058 5049
f 5049 5051 5060
f 5063 5060 5051
f 5051 5052 5063
f 5064 5063 5052
f 5052 5053 5064
f 5065 5064 5053
f 5053 5054 5065
f 5066 5065 5054
f 5054 5055 5066
f 5067 5066 5055
f 5055 5056 5067
f 5068 5067 5056
f 5056 5061 5068
f 5075 5068 5061
f 5061 835 5075
f 860 5075 835
f 406 5062 421
f 5073 421 5062
f 5062 5059 5073
f 5071 5073 5059
f 5059 5057 5071
f 5069 5071 5057
f 5057 5058 5069
f 5070 5069 5058
f 5058 5060 5070
f 5072 5070 5060
f 5060 5063 5072
f 5074 5072 5063
f 5063 5064 5074
f 5076 5074 5064
f 5064 5065 5076
f 5077 5076 5065
f 5065 5066 5077
f 5078 5077 5066
f 5066 5067 5078
f 5079 5078 5067
f 5067 5068 5079
f 5080 5079 5068
f 5068 5075 5080
f 5088 5080 5075
f 5075 860 5088
f 885 5088 860
f 421 5073 436
f 5085 436 5073
f 5073 5071 5085
f 5083 5085 5071
f 5071 5069 5083
f 5081 5083 5069
f 5069 5070 5081
f 5082 5081 5070
f 5070 5072 5082
f 5084 5082 5072
f 5072 5074 5084
f 5086 5084 5074
f 5074 5076 5086
f 5087 5086 5076
f 5076 5077 5087
f 5089 5087 5077
f 5077 5078 5089
f 5090 5089 5078
f 5078 5079 5090
f 5091 5090 5079
f 5079 5080 5091
f 5092 5091 5080
f 5080 5088 5092
f 5101 5092 5088
f 5088 885 5101
f 908 5101 885
f 436 5085 448
f 5097 448 5085
f 5085 5083 5097
f 5094 5097 5083
f 5083 5081 5094
f 5093 5094 5081
f 5081 5082 5093
f 5095 5093 5082
f 5082 5084 5095
f 5096 5095 5084
f 5084 5086 5096
f 5098 5096 5086
f 5086 5087 5098
f 5099 5098 5087
f 5087 5089 5099
f 5100 5099 5089
f 5089 5090 5100
f 5102 5100 5090
f 5090 5091 5102
f 5103 5102 5091
f 5091 5092 5103
f 5104 5103 5092
f 5092 5101 5104
f 5113 5104 5101
f 5101 908 5113
f 929 5113 908
f 448 5097 460
f 5108 460 5097
f 5097 5094 5108
f 5106 5108 5094
f 5094 5093 5106
f 5105 5106 5093
f 5093 5095 5105
f 5107 5105 5095
f 5095 5096 5107
f 5109 5107 5096
f 5096 5098 5109
f 5110 5109 5098
f 5098 5099 5110
f 5111 5110 5099
f 5099 5100 5111
f 5112 5111 5100
f 5100 5102 5112
f 5114 5112 5102
f 5102 5103 5114
f 5115 5114 5103
f 5103 5104 5115
f 5120 5115 5104
f 5104 5113 5120
f 5125 5120 5113
f 5113 929 5125
f 947 5125 929
f 460 5108 470
f 5119 470 5108
f 5108 5106 5119
f 5117 5119 5106
f 5106 5105 5117
f 5116 5117 5105
f 5105 5107 5116
f 5118 5116 5107
f 5107 5109 5118
f 5121 5118 5109
f 5109 5110 5121
f 5122 5121 5110
f 5110 5111 5122
f 5123 5122 5111
f 5111 5112 5123
f 5124 5123 5112
f 5112 5114 5124
f 5126 5124 5114
f 5114 5115 5126
f 5127 5126 5115
f 5115 5120 5127
f 5134 5127 5120
f 5120 5125 5134
f 5138 5134 5125
f 5125 947 5138
f 959 5138 947
f 470 5119 480
f 5131 480 5119
f 5119 5117 5131
f 5128 5131 5117
f 5117 5116 5128
f 5129 5128 5116
f 5116 5118 5129
f 5130 5129 5118
f 5118 5121 5130
f 5132 5130 5121
f 5121 5122 5132
f 5133 5132 5122
f 5122 5123 5133
f 5135 5133 5123
f 5123 5124 5135
f 5136 5135 5124
f 5124 5126 5136
f 5137 5136 5126
f 5126 5127 5137
f 5139 5137 5127
f 5127 5134 5139
f 5146 5139 5134
f 5134 5138 5146
f 5150 5146 5138
f 5138 959 5150
f 970 5150 959
f 480 5131 490
f 5142 490 5131
f 5131 5128 5142
f 5140 5142 5128
f 5128 5129 5140
f 5141 5140 5129
f 5129 5130 5141
f 5143 5141 5130
f 5130 5132 5143
f 5144 5143 5132
f 5132 5133 5144
f 5145 5144 5133
f 5133 5135 5145
f 5147 5145 5135
f 5135 5136 5147
f 5148 5147 5136
f 5136 5137 5148
f 5149 5148 5137
f 5137 5139 5149
f 5151 5149 5139
f 5139 5146 5151
f 5159 5151 5146
f 5146 5150 5159
f 5162 5159 5150
f 5150 970 5162
f 981 5162 970
f 490 5142 500
f 5154 500 5142
f 5142 5140 5154
f 5152 5154 5140
f 5140 5141 5152
f 5153 5152 5141
f 5141 5143 5153
f 5155 5153 5143
f 5143 5144 5155
f 5156 5155 5144
f 5144 5145 5156
f 5157 5156 5145
f 5145 5147 5157
f 5158 5157 5147
f 5147 5148 5158
f 5160 5158 5148
f 5148 5149 5160
f 5161 5160 5149
f 5149 5151 5161
f 5163 5161 5151
f 5151 5159 5163
f 5171 5163 5159
f 5159 5162 5171
f 5174 5171 5162
f 5162 981 5174
f 982 5174 981
f 500 5154 506
f 5165 506 5154
f 5154 5152 5165
f 5164 5165 5152
f 5152 5153 5164
f 5166 5164 5153
f 5153 5155 5166
f 5167 5166 5155
f 5155 5156 5167
f 5168 5167 5156
f 5156 5157 5168
f 5169 5168 5157
f 5157 5158 5169
f 5170 5169 5158
f 5158 5160 5170
f 5172 5170 5160
f 5160 5161 5172
f 5173 5172 5161
f 5161 5163 5173
f 5175 5173 5163
f 5163 5171 5175
f 5183 5175 5171
f 5171 5174 5183
f 5186 5183 5174
f 5174 982 5186
f 995 5186 982
f 506 5165 512
f 5177 512 5165
f 5165 5164 5177
f 5176 5177 5164
f 5164 5166 5176
f 5178 5176 5166
f 5166 5167 5178
f 5179 5178 5167
f 5167 5168 5179
f 5180 5179 5168
f 5168 5169 5180
f 5181 5180 5169
f 5169 5170 5181
f 5182 5181 5170
f 5170 5172 5182
f 5184 5182 5172
f 5172 5173 5184
f 5185 5184 5173
f 5173 5175 5185
f 5187 5185 5175
f 5175 5183 5187
f 5196 5187 5183
f 5183 5186 5196
f 5198 5196 5186
f 5186 995 5198
f 1006 5198 995
f 512 5177 518
f 5188 518 5177
f 5177 5176 5188
f 5189 5188 5176
f 5176 5178 5189
f 5190 5189 5178
f 5178 5179 5190
f 5191 5190 5179
f 5179 5180 5191
f 5192 5191 5180
f 5180 5181 5192
f 5193 5192 5181
f 5181 5182 5193
f 5194 5193 5182
f 5182 5184 5194
f 5195 5194 5184
f 5184 5185 5195
f 5197 5195 5185
f 5185 5187 5197
f 5199 5197 5187
f 5187 5196 5199
f 5208 5199 5196
f 5196 5198 5208
f 5210 5208 5198
f 5198 1006 5210
f 1017 5210 1006
f 518 5188 519
f 5200 519 5188
f 5188 5189 5200
f 5201 5200 5189
f 5189 5190 5201
f 5202 5201 5190
f 5190 5191 5202
f 5203 5202 5191
f 5191 5192 5203
f 5204 5203 5192
f 5192 5193 5204
f 5205 5204 5193
f 5193 5194 5205
f 5206 5205 5194
f 5194 5195 5206
f 5207 5206 5195
f 5195 5197 5207
f 5209 5207 5197
f 5197 5199 5209
f 5214 5209 5199
f 5199 5208 5214
f 5220 5214 5208
f 5208 5210 5220
f 5227 5220 5210
f 5210 1017 5227
f 1028 5227 1017
f 519 5200 525
f 5211 525 5200
f 5200 5201 5211
f 5212 5211 5201
f 5201 5202 5212
f 5213 5212 5202
f 5202 5203 5213
f 5215 5213 5203
f 5203 5204 5215
f 5216 5215 5204
f 5204 5205 5216
f 5217 5216 5205
f 5205 5206 5217
f 5218 5217 5206
f 5206 5207 5218
f 5219 5218 5207
f 5207 5209 5219
f 5221 5219 5209
f 5209 5214 5221
f 5228 5221 5214
f 5214 5220 5228
f 5232 5228 5220
f 5220 5227 5232
f 5241 5232 5227
f 5227 1028 5241
f 1037 5241 1028
f 525 5211 529
f 5222 529 5211
f 5211 5212 5222
f 5223 5222 5212
f 5212 5213 5223
f 5224 5223 5213
f 5213 5215 5224
f 5225 5224 5215
f 5215 5216 5225
f 5226 5225 5216
f 5216 5217 5226
f 5229 5226 5217
f 5217 5218 5229
f 5230 5229 5218
f 5218 5219 5230
f 5231 5230 5219
f 5219 5221 5231
f 5233 5231 5221
f 5221 5228 5233
f 5239 5233 5228
f 5228 5232 5239
f 5244 5239 5232
f 5232 5241 5244
f 5253 5244 5241
f 5241 1037 5253
f 1046 5253 1037
f 529 5222 533
f 5234 533 5222
f 5222 5223 5234
f 5235 5234 5223
f 5223 5224 5235
f 5236 5235 5224
f 5224 5225 5236
f 5237 5236 5225
f 5225 5226 5237
f 5238 5237 5226
f 5226 5229 5238
f 5240 5238 5229
f 5229 5230 5240
f 5242 5240 5230
f 5230 5231 5242
f 5243 5242 5231
f 5231 5233 5243
f 5245 5243 5233
f 5233 5239 5245
f 5251 5245 5239
f 5239 5244 5251
f 5256 5251 5244
f 5244 5253 5256
f 5266 5256 5253
f 5253 1046 5266
f 1055 5266 1046
f 533 5234 537
f 5246 537 5234
f 5234 5235 5246
f 5247 5246 5235
f 5235 5236 5247
f 5248 5247 5236
f 5236 5237 5248
f 5249 5248 5237
f 5237 5238 5249
f 5250 5249 5238
f 5238 5240 5250
f 5252 5250 5240
f 5240 5242 5252
f 5254 5252 5242
f 5242 5243 5254
f 5255 5254 5243
f 5243 5245 5255
f 5257 5255 5245
f 5245 5251 5257
f 5263 5257 5251
f 5251 5256 5263
f 5268 5263 5256
f 5256 5266 5268
f 5278 5268 5266
f 5266 1055 5278
f 1064 5278 1055
f 537 5246 539
f 5258 539 5246
f 5246 5247 5258
f 5259 5258 5247
f 5247 5248 5259
f 5260 5259 5248
f 5248 5249 5260
f 5261 5260 5249
f 5249 5250 5261
f 5262 5261 5250
f 5250 5252 5262
f 5264 5262 5252
f 5252 5254 5264
f 5265 5264 5254
f 5254 5255 5265
f 5267 5265 5255
f 5255 5257 5267
f 5269 5267 5257
f 5257 5263 5269
f 5272 5269 5263
f 5263 5268 5272
f 5280 5272 5268
f 5268 5278 5280
f 5290 5280 5278
f 5278 1064 5290
f 1073 5290 1064
f 539 5258 541
f 5270 541 5258
f 5258 5259 5270
f 5271 5270 5259
f 5259 5260 5271
f 5273 5271 5260
f 5260 5261 5273
f 5274 5273 5261
f 5261 5262 5274
f 5275 5274 5262
f 5262 5264 5275
f 5276 5275 5264
f 5264 5265 5276
f 5277 5276 5265
f 5265 5267 5277
f 5279 5277 5267
f 5267 5269 5279
f 5281 5279 5269
f 5269 5272 5281
f 5282 5281 5272
f 5272 5280 5282
f 5291 5282 5280
f 5280 5290 5291
f 5298 5291 5290
f 5290 1073 5298
f 1074 5298 1073
f 541 5270 543
f 5283 543 5270
f 5270 5271 5283
f 5284 5283 5271
f 5271 5273 5284
f 5285 5284 5273
f 5273 5274 5285
f 5286 5285 5274
f 5274 5275 5286
f 5287 5286 5275
f 5275 5276 5287
f 5288 5287 5276
f 5276 5277 5288
f 5289 5288 5277
f 5277 5279 5289
f 5292 5289 5279
f 5279 5281 5292
f 5293 5292 5281
f 5281 5282 5293
f 5294 5293 5282
f 5282 5291 5294
f 5295 5294 5291
f 5291 5298 5306
f 5306 5295 5291
f 5298 1074 1082
f 1082 5306 5298
f 543 5283 545
f 5296 545 5283
f 5283 5284 5296
f 5297 5296 5284
f 5284 5285 5297
f 5299 5297 5285
f 5285 5286 5299
f 5300 5299 5286
f 5286 5287 5300
f 5301 5300 5287
f 5287 5288 5301
f 5302 5301 5288
f 5288 5289 5302
f 5303 5302 5289
f 5289 5292 5303
f 5304 5303 5292
f 5292 5293 5304
f 5305 5304 5293
f 5293 5294 5305
f 5307 5305 5294
f 5294 5295 5307
f 5306 5307 5295
f 545 5296 1
f 1162 1 5296
f 5296 5297 1162
f 1154 1162 5297
f 5297 5299 1154
f 1146 1154 5299
f 5299 5300 1146
f 1138 1146 5300
f 5300 5301 1138
f 1130 1138 5301
f 5301 5302 1130
f 1122 1130 5302
f 5302 5303 1122
f 1114 1122 5303
f 5303 5304 1114
f 1106 1114 5304
f 5304 5305 1106
f 1098 1106 5305
f 5305 5307 1098
f 1090 1098 5307
f 5307 5306 1090
f 1082 1090 5306
f 685 5308 5341
f 5341 683 685
f 5308 5309 5342
f 5342 5341 5308
f 5309 5310 5343
f 5343 5342 5309
f 5310 5311 5344
f 5344 5343 5310
f 5311 5312 5345
f 5345 5344 5311
f 5312 5313 5346
f 5346 5345 5312
f 5313 5314 5347
f 5347 5346 5313
f 5314 5315 5348
f 5348 5347 5314
f 5315 5316 5349
f 5349 5348 5315
f 5316 5317 5350
f 5350 5349 5316
f 5317 5318 5351
f 5351 5350 5317
f 5318 5319 5352
f 5352 5351 5318
f 5319 5320 5353
f 5353 5352 5319
f 5320 5321 5354
f 5354 5353 5320
f 5321 5322 5355
f 5355 5354 5321
f 5322 5323 5356
f 5356 5355 5322
f 5323 5324 5357
f 5357 5356 5323
f 5324 5325 5358
f 5358 5357 5324
f 5325 5326 5359
f 5359 5358 5325
f 5326 5327 5360
f 5360 5359 5326
f 5327 5328 5361
f 5361 5360 5327
f 5328 5329 5362
f 5362 5361 5328
f 5329 5330 5363
f 5363 5362 5329
f 5330 5331 5364
f 5364 5363 5330
f 5331 5332 5365
f 5365 5364 5331
f 5332 5333 5366
f 5366 5365 5332
f 5333 5334 5367
f 5367 5366 5333
f 5334 5335 5368
f 5368 5367 5334
f 5335 5336 5369
f 5369 5368 5335
f 5336 5337 5370
f 5370 5369 5336
f 5337 5338 5371
f 5371 5370 5337
f 5338 5339 5372
f 5372 5371 5338
f 5339 5340 5373
f 5373 5372 5339
f 5340 1499 1504
f 1504 5373 5340
f 683 5341 5374
f 5374 682 683
f 5341 5342 5375
f 5375 5374 5341
f 5342 5343 5376
f 5376 5375 5342
f 5343 5344 5377
f 5377 5376 5343
f 5344 5345 5378
f 5378 5377 5344
f 5345 5346 5379
f 5379 5378 5345
f 5346 5347 5380
f 5380 5379 5346
f 5347 5348 5381
f 5381 5380 5347
f 5348 5349 5382
f 5382 5381 5348
f 5349 5350 5383
f 5383 5382 5349
f 5350 5351 5384
f 5384 5383 5350
f 5351 5352 5385
f 5385 5384 5351
f 5352 5353 5386
f 5386 5385 5352
f 5353 5354 5387
f 5387 5386 5353
f 5354 5355 5388
f 5388 5387 5354
f 5355 5356 5389
f 5389 5388 5355
f 5356 5357 5390
f 5390 5389 5356
f 5357 5358 5391
f 5391 5390 5357
f 5358 5359 5392
f 5392 5391 5358
f 5359 5360 5393
f 5393 5392 5359
f 5360 5361 5394
f 5394 5393 5360
f 5361 5362 5395
f 5395 5394 5361
f 5362 5363 5396
f 5396 5395 5362
f 5363 5364 5397
f 5397 5396 5363
f 5364 5365 5398
f 5398 5397 5364
f 5365 5366 5399
f 5399 5398 5365
f 5366 5367 5400
f 5400 5399 5366
f 5367 5368 5401
f 5401 5400 5367
f 5368 5369 5402
f 5402 5401 5368
f 5369 5370 5403
f 5403 5402 5369
f 5370 5371 5404
f 5404 5403 5370
f 5371 5372 5405
f 5405 5404 5371
f 5372 5373 5406
f 5406 5405 5372
f 5373 1504 1509
f 1509 5406 5373
f 682 5374 5407
f 5407 681 682
f 5374 5375 5408
f 5408 5407 5374
f 5375 5376 5409
f 5409 5408 5375
f 5376 5377 5410
f 5410 5409 5376
f 5377 5378 5411
f 5411 5410 5377
f 5378 5379 5412
f 5412 5411 5378
f 5379 5380 5413
f 5413 5412 5379
f 5380 5381 5414
f 5414 5413 5380
f 5381 5382 5415
f 5415 5414 5381
f 5382 5383 5416
f 5416 5415 5382
f 5383 5384 5417
f 5417 5416 5383
f 5384 5385 5418
f 5418 5417 5384
f 5385 5386 5419
f 5419 5418 5385
f 5386 5387 5420
f 5420 5419 5386
f 5387 5388 5421
f 5421 5420 5387
f 5388 5389 5422
f 5422 5421 5388
f 5389 5390 5423
f 5423 5422 5389
f 5390 5391 5424
f 5424 5423 5390
f 5391 5392 5425
f 5425 5424 5391
f 5392 5393 5426
f 5426 5425 5392
f 5393 5394 5427
f 5427 5426 5393
f 5394 5395 5428
f 5428 5427 5394
f 5395 5396 5429
f 5429 5428 5395
f 5396 5397 5430
f 5430 5429 5396
f 5397 5398 5431
f 5431 5430 5397
f 5398 5399 5432
f 5432 5431 5398
f 5399 5400 5433
f 5433 5432 5399
f 5400 5401 5434
f 5434 5433 5400
f 5401 5402 5435
f 5435 5434 5401
f 5402 5403 5436
f 5436 5435 5402
f 5403 5404 5437
f 5437 5436 5403
f 5404 5405 5438
f 5438 5437 5404
f 5405 5406 5439
f 5439 5438 5405
f 5406 1509 1514
f 1514 5439 5406
f 681 5407 5440
f 5440 680 681
f 5407 5408 5441
f 5441 5440 5407
f 5408 5409 5442
f 5442 5441 5408
f 5409 5410 5443
f 5443 5442 5409
f 5410 5411 5444
f 5444 5443 5410
f 5411 5412 5445
f 5445 5444 5411
f 5412 5413 5446
f 5446 5445 5412
f 5413 5414 5447
f 5447 5446 5413
f 5414 5415 5448
f 5448 5447 5414
f 5415 5416 5449
f 5449 5448 5415
f 5416 5417 5450
f 5450 5449 5416
f 5417 5418 5451
f 5451 5450 5417
f 5418 5419 5452
f 5452 5451 5418
f 5419 5420 5453
f 5453 5452 5419
f 5420 5421 5454
f 5454 5453 5420
f 5421 5422 5455
f 5455 5454 5421
f 5422 5423 5456
f 5456 5455 5422
f 5423 5424 5457
f 5457 5456 5423
f 5424 5425 5458
f 5458 5457 5424
f 5425 5426 5459
f 5459 5458 5425
f 5426 5427 5460
f 5460 5459 5426
f 5427 5428 5461
f 5461 5460 5427
f 5428 5429 5462
f 5462 5461 5428
f 5429 5430 5463
f 5463 5462 5429
f 5430 5431 5464
f 5464 5463 5430
f 5431 5432 5465
f 5465 5464 5431
f 5432 5433 5466
f 5466 5465 5432
f 5433 5434 5467
f 5467 5466 5433
f 5434 5435 5468
f 5468 5467 5434
f 5435 5436 5469
f 5469 5468 5435
f 5436 5437 5470
f 5470 5469 5436
f 5437 5438 5471
f 5471 5470 5437
f 5438 5439 5472
f 5472 5471 5438
f 5439 1514 1519
f 1519 5472 5439
f 680 5440 5473
f 5473 679 680
f 5440 5441 5474
f 5474 5473 5440
f 5441 5442 5475
f 5475 5474 5441
f 5442 5443 5476
f 5476 5475 5442
f 5443 5444 5477
f 5477 5476 5443
f 5444 5445 5478
f 5478 5477 5444
f 5445 5446 5479
f 5479 5478 5445
f 5446 5447 5480
f 5480 5479 5446
f 5447 5448 5481
f 5481 5480 5447
f 5448 5449 5482
f 5482 5481 5448
f 5449 5450 5483
f 5483 5482 5449
f 5450 5451 5484
f 5484 5483 5450
f 5451 5452 5485
f 5485 5484 5451
f 5452 5453 5486
f 5486 5485 5452
f 5453 5454 5487
f 5487 5486 5453
f 5454 5455 5488
f 5488 5487 5454
f 5455 5456 5489
f 5489 5488 5455
f 5456 5457 5490
f 5490 5489 5456
f 5457 5458 5491
f 5491 5490 5457
f 5458 5459 5492
f 5492 5491 5458
f 5459 5460 5493
f 5493 5492 5459
f 5460 5461 5494
f 5494 5493 5460
f 5461 5462 5495
f 5495 5494 5461
f 5462 5463 5496
f 5496 5495 5462
f 5463 5464 5497
f 5497 5496 5463
f 5464 5465 5498
f 5498 5497 5464
f 5465 5466 5499
f 5499 5498 5465
f 5466 5467 5500
f 5500 5499 5466
f 5467 5468 5501
f 5501 5500 5467
f 5468 5469 5502
f 5502 5501 5468
f 5469 5470 5503
f 5503 5502 5469
f 5470 5471 5504
f 5504 5503 5470
f 5471 5472 5505
f 5505 5504 5471
f 5472 1519 1524
f 1524 5505 5472
f 679 5473 5506
f 5506 671 679
f 5473 5474 5507
f 5507 5506 5473
f 5474 5475 5508
f 5508 5507 5474
f 5475 5476 5509
f 5509 5508 5475
f 5476 5477 5510
f 5510 5509 5476
f 5477 5478 5511
f 5511 5510 5477
f 5478 5479 5512
f 5512 5511 5478
f 5479 5480 5513
f 5513 5512 5479
f 5480 5481 5514
f 5514 5513 5480
f 5481 5482 5515
f 5515 5514 5481
f 5482 5483 5516
f 5516 5515 5482
f 5483 5484 5517
f 5517 5516 5483
f 5484 5485 5518
f 5518 5517 5484
f 5485 5486 5519
f 5519 5518 5485
f 5486 5487 5520
f 5520 5519 5486
f 5487 5488 5521
f 5521 5520 5487
f 5488 5489 5522
f 5522 5521 5488
f 5489 5490 5523
f 5523 5522 5489
f 5490 5491 5524
f 5524 5523 5490
f 5491 5492 5525
f 5525 5524 5491
f 5492 5493 5526
f 5526 5525 5492
f 5493 5494 5527
f 5527 5526 5493
f 5494 5495 5528
f 5528 5527 5494
f 5495 5496 5529
f 5529 5528 5495
f 5496 5497 5530
f 5530 5529 5496
f 5497 5498 5531
f 5531 5530 5497
f 5498 5499 5532
f 5532 5531 5498
f 5499 5500 5533
f 5533 5532 5499
f 5500 5501 5534
f 5534 5533 5500
f 5501 5502 5535
f 5535 5534 5501
f 5502 5503 5536
f 5536 5535 5502
f 5503 5504 5537
f 5537 5536 5503
f 5504 5505 5538
f 5538 5537 5504
f 5505 1524 1529
f 1529 5538 5505
f 671 5506 5539
f 5539 650 671
f 5506 5507 5540
f 5540 5539 5506
f 5507 5508 5541
f 5541 5540 5507
f 5508 5509 5542
f 5542 5541 5508
f 5509 5510 5543
f 5543 5542 5509
f 5510 5511 5544
f 5544 5543 5510
f 5511 5512 5545
f 5545 5544 5511
f 5512 5513 5546
f 5546 5545 5512
f 5513 5514 5547
f 5547 5546 5513
f 5514 5515 5548
f 5548 5547 5514
f 5515 5516 5549
f 5549 5548 5515
f 5516 5517 5550
f 5550 5549 5516
f 5517 5518 5551
f 5551 5550 5517
f 5518 5519 5552
f 5552 5551 5518
f 5519 5520 5553
f 5553 5552 5519
f 5520 5521 5554
f 5554 5553 5520
f 5521 5522 5555
f 5555 5554 5521
f 5522 5523 5556
f 5556 5555 5522
f 5523 5524 5557
f 5557 5556 5523
f 5524 5525 5558
f 5558 5557 5524
f 5525 5526 5559
f 5559 5558 5525
f 5526 5527 5560
f 5560 5559 5526
f 5527 5528 5561
f 5561 5560 5527
f 5528 5529 5562
f 5562 5561 5528
f 5529 5530 5563
f 5563 5562 5529
f 5530 5531 5564
f 5564 5563 5530
f 5531 5532 5565
f 5565 5564 5531
f 5532 5533 5566
f 5566 5565 5532
f 5533 5534 5567
f 5567 5566 5533
f 5534 5535 5568
f 5568 5567 5534
f 5535 5536 5569
f 5569 5568 5535
f 5536 5537 5570
f 5570 5569 5536
f 5537 5538 5571
f 5571 5570 5537
f 5538 1529 1534
f 1534 5571 5538
f 650 5539 5572
f 5572 627 650
f 5539 5540 5573
f 5573 5572 5539
f 5540 5541 5574
f 5574 5573 5540
f 5541 5542 5575
f 5575 5574 5541
f 5542 5543 5576
f 5576 5575 5542
f 5543 5544 5577
f 5577 5576 5543
f 5544 5545 5578
f 5578 5577 5544
f 5545 5546 5579
f 5579 5578 5545
f 5546 5547 5580
f 5580 5579 5546
f 5547 5548 5581
f 5581 5580 5547
f 5548 5549 5582
f 5582 5581 5548
f 5549 5550 5583
f 5583 5582 5549
f 5550 5551 5584
f 5584 5583 5550
f 5551 5552 5585
f 5585 5584 5551
f 5552 5553 5586
f 5586 5585 5552
f 5553 5554 5587
f 5587 5586 5553
f 5554 5555 5588
f 5588 5587 5554
f 5555 5556 5589
f 5589 5588 5555
f 5556 5557 5590
f 5590 5589 5556
f 5557 5558 5591
f 5591 5590 5557
f 5558 5559 5592
f 5592 5591 5558
f 5559 5560 5593
f 5593 5592 5559
f 5560 5561 5594
f 5594 5593 5560
f 5561 5562 5595
f 5595 5594 5561
f 5562 5563 5596
f 5596 5595 5562
f 5563 5564 5597
f 5597 5596 5563
f 5564 5565 5598
f 5598 5597 5564
f 5565 5566 5599
f 5599 5598 5565
f 5566 5567 5600
f 5600 5599 5566
f 5567 5568 5601
f 5601 5600 5567
f 5568 5569 5602
f 5602 5601 5568
f 5569 5570 5603
f 5603 5602 5569
f 5570 5571 5604
f 5604 5603 5570
f 5571 1534 1537
f 1537 5604 5571
f 627 5572 1780
f 1780 626 627
f 5572 5573 1780
f 1776 1780 5573
f 5573 5574 1776
f 1772 1776 5574
f 5574 5575 1772
f 1768 1772 5575
f 5575 5576 1768
f 1764 1768 5576
f 5576 5577 1764
f 1760 1764 5577
f 5577 5578 1760
f 1756 1760 5578
f 5578 5579 1756
f 1751 1756 5579
f 5579 5580 1751
f 1746 1751 5580
f 5580 5581 1746
f 1741 1746 5581
f 5581 5582 1741
f 1734 1741 5582
f 5582 5583 1734
f 1726 1734 5583
f 5583 5584 1726
f 1718 1726 5584
f 5584 5585 1718
f 1709 1718 5585
f 5585 5586 1709
f 1700 1709 5586
f 5586 5587 1700
f 1689 1700 5587
f 5587 5588 1689
f 1675 1689 5588
f 5588 5589 1675
f 1659 1675 5589
f 5589 5590 1659
f 1643 1659 5590
f 5590 5591 1643
f 1626 1643 5591
f 5591 5592 1626
f 1607 1626 5592
f 5592 5593 1607
f 1599 1607 5593
f 5593 5594 1599
f 1591 1599 5594
f 5594 5595 1591
f 1584 1591 5595
f 5595 5596 1584
f 1579 1584 5596
f 5596 5597 1579
f 1574 1579 5597
f 5597 5598 1574
f 1569 1574 5598
f 5598 5599 1569
f 1564 1569 5599
f 5599 5600 1564
f 1558 1564 5600
f 5600 5601 1558
f 1552 1558 5601
f 5601 5602 1552
f 1549 1552 5602
f 5602 5603 1549
f 1546 1549 5603
f 5603 5604 1546
f 1543 1546 5604
f 5604 1537 1543
f 1540 1543 1537
f 1449 1463 5605
f 5606 5605 1463
f 1463 1475 5606
f 5607 5606 1475
f 1475 1485 5607
f 5608 5607 1485
f 1485 1493 5609
f 5609 5608 1485
f 1493 1499 5340
f 5340 5609 1493
f 5605 5606 5610
f 5611 5610 5606
f 5606 5607 5611
f 5612 5611 5607
f 5607 5608 5612
f 5613 5612 5608
f 5608 5609 5614
f 5614 5613 5608
f 5609 5340 5339
f 5339 5614 5609
f 5610 5611 5615
f 5616 5615 5611
f 5611 5612 5616
f 5617 5616 5612
f 5612 5613 5617
f 5618 5617 5613
f 5613 5614 5619
f 5619 5618 5613
f 5614 5339 5338
f 5338 5619 5614
f 5615 5616 5620
f 5621 5620 5616
f 5616 5617 5621
f 5622 5621 5617
f 5617 5618 5622
f 5623 5622 5618
f 5618 5619 5624
f 5624 5623 5618
f 5619 5338 5337
f 5337 5624 5619
f 5620 5621 5625
f 5626 5625 5621
f 5621 5622 5626
f 5627 5626 5622
f 5622 5623 5627
f 5628 5627 5623
f 5623 5624 5629
f 5629 5628 5623
f 5624 5337 5336
f 5336 5629 5624
f 5625 5626 5630
f 5631 5630 5626
f 5626 5627 5631
f 5632 5631 5627
f 5627 5628 5632
f 5633 5632 5628
f 5628 5629 5634
f 5634 5633 5628
f 5629 5336 5335
f 5335 5634 5629
f 5630 5631 5635
f 5636 5635 5631
f 5631 5632 5636
f 5637 5636 5632
f 5632 5633 5637
f 5638 5637 5633
f 5633 5634 5639
f 5639 5638 5633
f 5634 5335 5334
f 5334 5639 5634
f 5635 5636 5644
f 5643 5644 5636
f 5636 5637 5643
f 5642 5643 5637
f 5637 5638 5642
f 5641 5642 5638
f 5638 5639 5640
f 5640 5641 5638
f 5639 5334 5333
f 5333 5640 5639
f 5644 5643 5649
f 5648 5649 5643
f 5643 5642 5648
f 5647 5648 5642
f 5642 5641 5647
f 5646 5647 5641
f 5641 5640 5645
f 5645 5646 5641
f 5640 5333 5332
f 5332 5645 5640
f 5649 5648 5654
f 5653 5654 5648
f 5648 5647 5653
f 5652 5653 5647
f 5647 5646 5652
f 5651 5652 5646
f 5646 5645 5650
f 5650 5651 5646
f 5645 5332 5331
f 5331 5650 5645
f 5654 5653 5659
f 5658 5659 5653
f 5653 5652 5658
f 5657 5658 5652
f 5652 5651 5657
f 5656 5657 5651
f 5651 5650 5655
f 5655 5656 5651
f 5650 5331 5330
f 5330 5655 5650
f 5659 5658 5664
f 5663 5664 5658
f 5658 5657 5663
f 5662 5663 5657
f 5657 5656 5662
f 5661 5662 5656
f 5656 5655 5660
f 5660 5661 5656
f 5655 5330 5329
f 5329 5660 5655
f 5664 5663 5669
f 5668 5669 5663
f 5663 5662 5668
f 5667 5668 5662
f 5662 5661 5667
f 5666 5667 5661
f 5661 5660 5665
f 5665 5666 5661
f 5660 5329 5328
f 5328 5665 5660
f 5669 5668 5674
f 5673 5674 5668
f 5668 5667 5673
f 5672 5673 5667
f 5667 5666 5672
f 5671 5672 5666
f 5666 5665 5670
f 5670 5671 5666
f 5665 5328 5327
f 5327 5670 5665
f 5674 5673 5679
f 5678 5679 5673
f 5673 5672 5678
f 5677 5678 5672
f 5672 5671 5677
f 5676 5677 5671
f 5671 5670 5675
f 5675 5676 5671
f 5670 5327 5326
f 5326 5675 5670
f 5679 5678 5684
f 5683 5684 5678
f 5678 5677 5683
f 5682 5683 5677
f 5677 5676 5682
f 5681 5682 5676
f 5676 5675 5680
f 5680 5681 5676
f 5675 5326 5325
f 5325 5680 5675
f 5684 5683 5689
f 5688 5689 5683
f 5683 5682 5688
f 5687 5688 5682
f 5682 5681 5687
f 5686 5687 5681
f 5681 5680 5685
f 5685 5686 5681
f 5680 5325 5324
f 5324 5685 5680
f 5689 5688 5694
f 5693 5694 5688
f 5688 5687 5693
f 5692 5693 5687
f 5687 5686 5692
f 5691 5692 5686
f 5686 5685 5690
f 5690 5691 5686
f 5685 5324 5323
f 5323 5690 5685
f 5694 5693 5699
f 5698 5699 5693
f 5693 5692 5698
f 5697 5698 5692
f 5692 5691 5697
f 5696 5697 5691
f 5691 5690 5695
f 5695 5696 5691
f 5690 5323 5322
f 5322 5695 5690
f 5699 5698 5704
f 5703 5704 5698
f 5698 5697 5703
f 5702 5703 5697
f 5697 5696 5702
f 5701 5702 5696
f 5696 5695 5700
f 5700 5701 5696
f 5695 5322 5321
f 5321 5700 5695
f 5704 5703 5709
f 5708 5709 5703
f 5703 5702 5708
f 5707 5708 5702
f 5702 5701 5707
f 5706 5707 5701
f 5701 5700 5705
f 5705 5706 5701
f 5700 5321 5320
f 5320 5705 5700
f 5709 5708 5714
f 5713 5714 5708
f 5708 5707 5713
f 5712 5713 5707
f 5707 5706 5712
f 5711 5712 5706
f 5706 5705 5711
f 5710 5711 5705
f 5705 5320 5319
f 5319 5710 5705
f 5714 5713 5719
f 5718 5719 5713
f 5713 5712 5718
f 5717 5718 5712
f 5712 5711 5717
f 5716 5717 5711
f 5711 5710 5716
f 5715 5716 5710
f 5710 5319 5318
f 5318 5715 5710
f 5719 5718 5724
f 5723 5724 5718
f 5718 5717 5723
f 5722 5723 5717
f 5717 5716 5722
f 5721 5722 5716
f 5716 5715 5721
f 5720 5721 5715
f 5715 5318 5317
f 5317 5720 5715
f 5724 5723 5729
f 5728 5729 5723
f 5723 5722 5728
f 5727 5728 5722
f 5722 5721 5727
f 5726 5727 5721
f 5721 5720 5726
f 5725 5726 5720
f 5720 5317 5316
f 5316 5725 5720
f 5729 5728 5730
f 5731 5730 5728
f 5728 5727 5731
f 5732 5731 5727
f 5727 5726 5732
f 5733 5732 5726
f 5726 5725 5733
f 5734 5733 5725
f 5725 5316 5315
f 5315 5734 5725
f 5730 5731 5735
f 5736 5735 5731
f 5731 5732 5736
f 5737 5736 5732
f 5732 5733 5737
f 5738 5737 5733
f 5733 5734 5738
f 5739 5738 5734
f 5734 5315 5314
f 5314 5739 5734
f 5735 5736 5740
f 5741 5740 5736
f 5736 5737 5741
f 5742 5741 5737
f 5737 5738 5742
f 5743 5742 5738
f 5738 5739 5743
f 5744 5743 5739
f 5739 5314 5313
f 5313 5744 5739
f 5740 5741 5745
f 5746 5745 5741
f 5741 5742 5746
f 5747 5746 5742
f 5742 5743 5747
f 5748 5747 5743
f 5743 5744 5748
f 5749 5748 5744
f 5744 5313 5312
f 5312 5749 5744
f 5745 5746 5750
f 5751 5750 5746
f 5746 5747 5751
f 5752 5751 5747
f 5747 5748 5752
f 5753 5752 5748
f 5748 5749 5753
f 5754 5753 5749
f 5749 5312 5311
f 5311 5754 5749
f 5750 5751 5755
f 5756 5755 5751
f 5751 5752 5756
f 5757 5756 5752
f 5752 5753 5757
f 5758 5757 5753
f 5753 5754 5758
f 5759 5758 5754
f 5754 5311 5310
f 5310 5759 5754
f 5755 5756 5760
f 5761 5760 5756
f 5756 5757 5761
f 5762 5761 5757
f 5757 5758 5762
f 5763 5762 5758
f 5758 5759 5763
f 5764 5763 5759
f 5759 5310 5309
f 5309 5764 5759
f 5760 5761 5765
f 5766 5765 5761
f 5761 5762 5766
f 5767 5766 5762
f 5762 5763 5767
f 5768 5767 5763
f 5763 5764 5768
f 5769 5768 5764
f 5764 5309 5308
f 5308 5769 5764
f 5765 5766 572
f 595 572 5766
f 5766 5767 595
f 618 595 5767
f 5767 5768 618
f 641 618 5768
f 5768 5769 641
f 649 641 5769
f 5769 5308 685
f 685 649 5769
f 1409 1411 5770
f 5770 1906 1409
f 1411 1410 5771
f 5771 5770 1411
f 1410 1408 5772
f 5772 5771 1410
f 1408 1406 5773
f 5773 5772 1408
f 1406 1401 5773
f 5774 5773 1401
f 1906 5770 5775
f 5775 1902 1906
f 5770 5771 5776
f 5776 5775 5770
f 5771 5772 5777
f 5777 5776 5771
f 5772 5773 5777
f 5778 5777 5773
f 5773 5774 5778
f 5779 5778 5774
f 1902 5775 5780
f 5780 1898 1902
f 5775 5776 5781
f 5781 5780 5775
f 5776 5777 5782
f 5782 5781 5776
f 5777 5778 5782
f 5783 5782 5778
f 5778 5779 5783
f 5784 5783 5779
f 1898 5780 5785
f 5785 1894 1898
f 5780 5781 5786
f 5786 5785 5780
f 5781 5782 5787
f 5787 5786 5781
f 5782 5783 5787
f 5788 5787 5783
f 5783 5784 5788
f 5789 5788 5784
f 1894 5785 5790
f 5790 1890 1894
f 5785 5786 5791
f 5791 5790 5785
f 5786 5787 5792
f 5792 5791 5786
f 5787 5788 5792
f 5793 5792 5788
f 5788 5789 5793
f 5794 5793 5789
f 1890 5790 5795
f 5795 1886 1890
f 5790 5791 5796
f 5796 5795 5790
f 5791 5792 5796
f 5797 5796 5792
f 5792 5793 5797
f 5798 5797 5793
f 5793 5794 5798
f 5799 5798 5794
f 1886 5795 5804
f 5804 1882 1886
f 5795 5796 5803
f 5803 5804 5795
f 5796 5797 5802
f 5802 5803 5796
f 5797 5798 5802
f 5801 5802 5798
f 5798 5799 5801
f 5800 5801 5799
f 1882 5804 5809
f 5809 1878 1882
f 5804 5803 5808
f 5808 5809 5804
f 5803 5802 5807
f 5807 5808 5803
f 5802 5801 5807
f 5806 5807 5801
f 5801 5800 5806
f 5805 5806 5800
f 1878 5809 5814
f 5814 1874 1878
f 5809 5808 5813
f 5813 5814 5809
f 5808 5807 5812
f 5812 5813 5808
f 5807 5806 5812
f 5811 5812 5806
f 5806 5805 5811
f 5810 5811 5805
f 1874 5814 5819
f 5819 1870 1874
f 5814 5813 5818
f 5818 5819 5814
f 5813 5812 5817
f 5817 5818 5813
f 5812 5811 5817
f 5816 5817 5811
f 5811 5810 5816
f 5815 5816 5810
f 1870 5819 5824
f 5824 1866 1870
f 5819 5818 5823
f 5823 5824 5819
f 5818 5817 5822
f 5822 5823 5818
f 5817 5816 5822
f 5821 5822 5816
f 5816 5815 5821
f 5820 5821 5815
f 1866 5824 5829
f 5829 1862 1866
f 5824 5823 5828
f 5828 5829 5824
f 5823 5822 5827
f 5827 5828 5823
f 5822 5821 5827
f 5826 5827 5821
f 5821 5820 5826
f 5825 5826 5820
f 1862 5829 5834
f 5834 1858 1862
f 5829 5828 5833
f 5833 5834 5829
f 5828 5827 5832
f 5832 5833 5828
f 5827 5826 5832
f 5831 5832 5826
f 5826 5825 5831
f 5830 5831 5825
f 1858 5834 5839
f 5839 1854 1858
f 5834 5833 5838
f 5838 5839 5834
f 5833 5832 5837
f 5837 5838 5833
f 5832 5831 5837
f 5836 5837 5831
f 5831 5830 5836
f 5835 5836 5830
f 1854 5839 5844
f 5844 1850 1854
f 5839 5838 5843
f 5843 5844 5839
f 5838 5837 5842
f 5842 5843 5838
f 5837 5836 5842
f 5841 5842 5836
f 5836 5835 5841
f 5840 5841 5835
f 1850 5844 5849
f 5849 1846 1850
f 5844 5843 5848
f 5848 5849 5844
f 5843 5842 5847
f 5847 5848 5843
f 5842 5841 5847
f 5846 5847 5841
f 5841 5840 5846
f 5845 5846 5840
f 1846 5849 5854
f 5854 1843 1846
f 5849 5848 5853
f 5853 5854 5849
f 5848 5847 5852
f 5852 5853 5848
f 5847 5846 5852
f 5851 5852 5846
f 5846 5845 5851
f 5850 5851 5845
f 1843 5854 5859
f 5859 1840 1843
f 5854 5853 5858
f 5858 5859 5854
f 5853 5852 5857
f 5857 5858 5853
f 5852 5851 5857
f 5856 5857 5851
f 5851 5850 5856
f 5855 5856 5850
f 1840 5859 5864
f 5864 1837 1840
f 5859 5858 5863
f 5863 5864 5859
f 5858 5857 5862
f 5862 5863 5858
f 5857 5856 5862
f 5861 5862 5856
f 5856 5855 5861
f 5860 5861 5855
f 1837 5864 5869
f 5869 1834 1837
f 5864 5863 5868
f 5868 5869 5864
f 5863 5862 5867
f 5867 5868 5863
f 5862 5861 5867
f 5866 5867 5861
f 5861 5860 5866
f 5865 5866 5860
f 1834 5869 5874
f 5874 1831 1834
f 5869 5868 5873
f 5873 5874 5869
f 5868 5867 5872
f 5872 5873 5868
f 5867 5866 5872
f 5871 5872 5866
f 5866 5865 5871
f 5870 5871 5865
f 1831 5874 5879
f 5879 1827 1831
f 5874 5873 5878
f 5878 5879 5874
f 5873 5872 5877
f 5877 5878 5873
f 5872 5871 5877
f 5876 5877 5871
f 5871 5870 5876
f 5875 5876 5870
f 1827 5879 5884
f 5884 1823 1827
f 5879 5878 5883
f 5883 5884 5879
f 5878 5877 5882
f 5882 5883 5878
f 5877 5876 5882
f 5881 5882 5876
f 5876 5875 5881
f 5880 5881 5875
f 1823 5884 5889
f 5889 1819 1823
f 5884 5883 5888
f 5888 5889 5884
f 5883 5882 5887
f 5887 5888 5883
f 5882 5881 5887
f 5886 5887 5881
f 5881 5880 5886
f 5885 5886 5880
f 1819 5889 5894
f 5894 1815 1819
f 5889 5888 5893
f 5893 5894 5889
f 5888 5887 5892
f 5892 5893 5888
f 5887 5886 5892
f 5891 5892 5886
f 5886 5885 5891
f 5890 5891 5885
f 1815 5894 5899
f 5899 1811 1815
f 5894 5893 5898
f 5898 5899 5894
f 5893 5892 5897
f 5897 5898 5893
f 5892 5891 5897
f 5896 5897 5891
f 5891 5890 5896
f 5895 5896 5890
f 1811 5899 5900
f 5900 1807 1811
f 5899 5898 5901
f 5901 5900 5899
f 5898 5897 5902
f 5902 5901 5898
f 5897 5896 5902
f 5903 5902 5896
f 5896 5895 5903
f 5904 5903 5895
f 1807 5900 5905
f 5905 1803 1807
f 5900 5901 5906
f 5906 5905 5900
f 5901 5902 5907
f 5907 5906 5901
f 5902 5903 5907
f 5908 5907 5903
f 5903 5904 5908
f 5909 5908 5904
f 1803 5905 5910
f 5910 1799 1803
f 5905 5906 5911
f 5911 5910 5905
f 5906 5907 5911
f 5912 5911 5907
f 5907 5908 5912
f 5913 5912 5908
f 5908 5909 5913
f 5914 5913 5909
f 1799 5910 5915
f 5915 1795 1799
f 5910 5911 5916
f 5916 5915 5910
f 5911 5912 5916
f 5917 5916 5912
f 5912 5913 5917
f 5918 5917 5913
f 5913 5914 5918
f 5919 5918 5914
f 1795 5915 5920
f 5920 1791 1795
f 5915 5916 5920
f 5921 5920 5916
f 5916 5917 5921
f 5922 5921 5917
f 5917 5918 5922
f 5923 5922 5918
f 5918 5919 5923
f 5924 5923 5919
f 1791 5920 1787
f 5925 1787 5920
f 5920 5921 5925
f 5926 5925 5921
f 5921 5922 5926
f 5927 5926 5922
f 5922 5923 5927
f 5928 5927 5923
f 5923 5924 5928
f 5929 5928 5924
f 1787 5925 704
f 670 704 5925
f 5925 5926 670
f 640 670 5926
f 5926 5927 640
f 617 640 5927
f 5927 5928 617
f 594 617 5928
f 5928 5929 594
f 571 594 5929
f 1401 1414 5930
f 5930 5774 1401
f 1414 1426 5931
f 5931 5930 1414
f 1426 1438 5932
f 5932 5931 1426
f 1438 1445 5932
f 5933 5932 1445
f 1445 1446 5933
f 5934 5933 1446
f 1446 1447 5934
f 5935 5934 1447
f 1447 1448 5935
f 5936 5935 1448
f 1448 1449 5936
f 5605 5936 1449
f 5774 5930 5939
f 5939 5779 5774
f 5930 5931 5937
f 5937 5939 5930
f 5931 5932 5938
f 5938 5937 5931
f 5932 5933 5938
f 5940 5938 5933
f 5933 5934 5940
f 5941 5940 5934
f 5934 5935 5941
f 5942 5941 5935
f 5935 5936 5942
f 5943 5942 5936
f 5936 5605 5943
f 5610 5943 5605
f 5779 5939 5947
f 5947 5784 5779
f 5939 5937 5945
f 5945 5947 5939
f 5937 5938 5944
f 5944 5945 5937
f 5938 5940 5944
f 5946 5944 5940
f 5940 5941 5946
f 5948 5946 5941
f 5941 5942 5948
f 5949 5948 5942
f 5942 5943 5949
f 5950 5949 5943
f 5943 5610 5950
f 5615 5950 5610
f 5784 5947 5955
f 5955 5789 5784
f 5947 5945 5953
f 5953 5955 5947
f 5945 5944 5951
f 5951 5953 5945
f 5944 5946 5952
f 5952 5951 5944
f 5946 5948 5952
f 5954 5952 5948
f 5948 5949 5954
f 5956 5954 5949
f 5949 5950 5956
f 5957 5956 5950
f 5950 5615 5957
f 5620 5957 5615
f 5789 5955 5963
f 5963 5794 5789
f 5955 5953 5960
f 5960 5963 5955
f 5953 5951 5958
f 5958 5960 5953
f 5951 5952 5959
f 5959 5958 5951
f 5952 5954 5959
f 5961 5959 5954
f 5954 5956 5961
f 5962 5961 5956
f 5956 5957 5962
f 5964 5962 5957
f 5957 5620 5964
f 5625 5964 5620
f 5794 5963 5969
f 5969 5799 5794
f 5963 5960 5967
f 5967 5969 5963
f 5960 5958 5965
f 5965 5967 5960
f 5958 5959 5966
f 5966 5965 5958
f 5959 5961 5966
f 5968 5966 5961
f 5961 5962 5968
f 5970 5968 5962
f 5962 5964 5970
f 5971 5970 5964
f 5964 5625 5971
f 5630 5971 5625
f 5799 5969 5976
f 5976 5800 5799
f 5969 5967 5973
f 5973 5976 5969
f 5967 5965 5972
f 5972 5973 5967
f 5965 5966 5974
f 5974 5972 5965
f 5966 5968 5974
f 5975 5974 5968
f 5968 5970 5975
f 5977 5975 5970
f 5970 5971 5977
f 5978 5977 5971
f 5971 5630 5978
f 5635 5978 5630
f 5800 5976 5983
f 5983 5805 5800
f 5976 5973 5980
f 5980 5983 5976
f 5973 5972 5979
f 5979 5980 5973
f 5972 5974 5981
f 5981 5979 5972
f 5974 5975 5981
f 5982 5981 5975
f 5975 5977 5982
f 5984 5982 5977
f 5977 5978 5984
f 5985 5984 5978
f 5978 5635 5985
f 5644 5985 5635
f 5805 5983 5990
f 5990 5810 5805
f 5983 5980 5987
f 5987 5990 5983
f 5980 5979 5986
f 5986 5987 5980
f 5979 5981 5988
f 5988 5986 5979
f 5981 5982 5988
f 5989 5988 5982
f 5982 5984 5989
f 5991 5989 5984
f 5984 5985 5991
f 5992 5991 5985
f 5985 5644 5649
f 5649 5992 5985
f 5810 5990 5998
f 5998 5815 5810
f 5990 5987 5995
f 5995 5998 5990
f 5987 5986 5993
f 5993 5995 5987
f 5986 5988 5994
f 5994 5993 5986
f 5988 5989 5994
f 5996 5994 5989
f 5989 5991 5996
f 5997 5996 5991
f 5991 5992 5997
f 5999 5997 5992
f 5992 5649 5654
f 5654 5999 5992
f 5815 5998 6005
f 6005 5820 5815
f 5998 5995 6002
f 6002 6005 5998
f 5995 5993 6000
f 6000 6002 5995
f 5993 5994 6001
f 6001 6000 5993
f 5994 5996 6001
f 6003 6001 5996
f 5996 5997 6003
f 6004 6003 5997
f 5997 5999 6004
f 6006 6004 5999
f 5999 5654 5659
f 5659 6006 5999
f 5820 6005 6012
f 6012 5825 5820
f 6005 6002 6009
f 6009 6012 6005
f 6002 6000 6007
f 6007 6009 6002
f 6000 6001 6008
f 6008 6007 6000
f 6001 6003 6010
f 6010 6008 6001
f 6003 6004 6010
f 6011 6010 6004
f 6004 6006 6011
f 6013 6011 6006
f 6006 5659 5664
f 5664 6013 6006
f 5825 6012 6019
f 6019 5830 5825
f 6012 6009 6016
f 6016 6019 6012
f 6009 6007 6014
f 6014 6016 6009
f 6007 6008 6015
f 6015 6014 6007
f 6008 6010 6017
f 6017 6015 6008
f 6010 6011 6017
f 6018 6017 6011
f 6011 6013 6018
f 6020 6018 6013
f 6013 5664 5669
f 5669 6020 6013
f 5830 6019 6026
f 6026 5835 5830
f 6019 6016 6023
f 6023 6026 6019
f 6016 6014 6021
f 6021 6023 6016
f 6014 6015 6022
f 6022 6021 6014
f 6015 6017 6024
f 6024 6022 6015
f 6017 6018 6024
f 6025 6024 6018
f 6018 6020 6025
f 6027 6025 6020
f 6020 5669 5674
f 5674 6027 6020
f 5835 6026 6032
f 6032 5840 5835
f 6026 6023 6030
f 6030 6032 6026
f 6023 6021 6028
f 6028 6030 6023
f 6021 6022 6029
f 6029 6028 6021
f 6022 6024 6031
f 6031 6029 6022
f 6024 6025 6033
f 6033 6031 6024
f 6025 6027 6034
f 6034 6033 6025
f 6027 5674 5679
f 5679 6034 6027
f 5840 6032 6037
f 6037 5845 5840
f 6032 6030 6035
f 6035 6037 6032
f 6030 6028 6036
f 6036 6035 6030
f 6028 6029 6038
f 6038 6036 6028
f 6029 6031 6039
f 6039 6038 6029
f 6031 6033 6040
f 6040 6039 6031
f 6033 6034 6041
f 6041 6040 6033
f 6034 5679 5684
f 5684 6041 6034
f 6037 6035 6042
f 6043 6042 6035
f 6035 6036 6043
f 6044 6043 6036
f 6036 6038 6045
f 6045 6044 6036
f 6038 6039 6046
f 6046 6045 6038
f 6039 6040 6047
f 6047 6046 6039
f 6040 6041 6048
f 6048 6047 6040
f 6041 5684 5689
f 5689 6048 6041
f 5845 6042 5850
f 6049 5850 6042
f 6042 6043 6049
f 6050 6049 6043
f 6043 6044 6050
f 6051 6050 6044
f 6044 6045 6051
f 6052 6051 6045
f 6045 6046 6053
f 6053 6052 6045
f 6046 6047 6054
f 6054 6053 6046
f 6047 6048 6055
f 6055 6054 6047
f 6048 5689 5694
f 5694 6055 6048
f 5850 6049 5855
f 6056 5855 6049
f 6049 6050 6056
f 6057 6056 6050
f 6050 6051 6057
f 6058 6057 6051
f 6051 6052 6058
f 6059 6058 6052
f 6052 6053 6060
f 6060 6059 6052
f 6053 6054 6061
f 6061 6060 6053
f 6054 6055 6062
f 6062 6061 6054
f 6055 5694 5699
f 5699 6062 6055
f 5855 6056 5860
f 6063 5860 6056
f 6056 6057 6063
f 6064 6063 6057
f 6057 6058 6064
f 6065 6064 6058
f 6058 6059 6065
f 6066 6065 6059
f 6059 6060 6067
f 6067 6066 6059
f 6060 6061 6068
f 6068 6067 6060
f 6061 6062 6069
f 6069 6068 6061
f 6062 5699 5704
f 5704 6069 6062
f 5860 6063 5865
f 6070 5865 6063
f 6063 6064 6070
f 6071 6070 6064
f 6064 6065 6071
f 6072 6071 6065
f 6065 6066 6072
f 6073 6072 6066
f 6066 6067 6074
f 6074 6073 6066
f 6067 6068 6075
f 6075 6074 6067
f 6068 6069 6076
f 6076 6075 6068
f 6069 5704 5709
f 5709 6076 6069
f 5865 6070 5870
f 6077 5870 6070
f 6070 6071 6077
f 6078 6077 6071
f 6071 6072 6078
f 6079 6078 6072
f 6072 6073 6079
f 6080 6079 6073
f 6073 6074 6081
f 6081 6080 6073
f 6074 6075 6082
f 6082 6081 6074
f 6075 6076 6083
f 6083 6082 6075
f 6076 5709 5714
f 5714 6083 6076
f 5870 6077 5875
f 6084 5875 6077
f 6077 6078 6084
f 6085 6084 6078
f 6078 6079 6085
f 6086 6085 6079
f 6079 6080 6086
f 6087 6086 6080
f 6080 6081 6088
f 6088 6087 6080
f 6081 6082 6089
f 6089 6088 6081
f 6082 6083 6090
f 6090 6089 6082
f 6083 5714 5719
f 5719 6090 6083
f 5875 6084 5880
f 6091 5880 6084
f 6084 6085 6091
f 6092 6091 6085
f 6085 6086 6092
f 6093 6092 6086
f 6086 6087 6093
f 6094 6093 6087
f 6087 6088 6095
f 6095 6094 6087
f 6088 6089 6096
f 6096 6095 6088
f 6089 6090 6097
f 6097 6096 6089
f 6090 5719 5724
f 5724 6097 6090
f 5880 6091 5885
f 6098 5885 6091
f 6091 6092 6098
f 6099 6098 6092
f 6092 6093 6099
f 6100 6099 6093
f 6093 6094 6100
f 6101 6100 6094
f 6094 6095 6102
f 6102 6101 6094
f 6095 6096 6103
f 6103 6102 6095
f 6096 6097 6104
f 6104 6103 6096
f 6097 5724 5729
f 5729 6104 6097
f 5885 6098 5890
f 6105 5890 6098
f 6098 6099 6105
f 6106 6105 6099
f 6099 6100 6106
f 6107 6106 6100
f 6100 6101 6107
f 6108 6107 6101
f 6101 6102 6109
f 6109 6108 6101
f 6102 6103 6110
f 6110 6109 6102
f 6103 6104 6111
f 6111 6110 6103
f 6104 5729 5730
f 5730 6111 6104
f 5890 6105 5895
f 6112 5895 6105
f 6105 6106 6112
f 6113 6112 6106
f 6106 6107 6113
f 6114 6113 6107
f 6107 6108 6114
f 6115 6114 6108
f 6108 6109 6116
f 6116 6115 6108
f 6109 6110 6117
f 6117 6116 6109
f 6110 6111 6118
f 6118 6117 6110
f 6111 5730 5735
f 5735 6118 6111
f 5895 6112 5904
f 6119 5904 6112
f 6112 6113 6119
f 6120 6119 6113
f 6113 6114 6120
f 6121 6120 6114
f 6114 6115 6121
f 6122 6121 6115
f 6115 6116 6123
f 6123 6122 6115
f 6116 6117 6124
f 6124 6123 6116
f 6117 6118 6125
f 6125 6124 6117
f 6118 5735 5740
f 5740 6125 6118
f 5904 6119 5909
f 6126 5909 6119
f 6119 6120 6126
f 6127 6126 6120
f 6120 6121 6127
f 6128 6127 6121
f 6121 6122 6128
f 6129 6128 6122
f 6122 6123 6130
f 6130 6129 6122
f 6123 6124 6131
f 6131 6130 6123
f 6124 6125 6132
f 6132 6131 6124
f 6125 5740 5745
f 5745 6132 6125
f 5909 6126 5914
f 6133 5914 6126
f 6126 6127 6133
f 6134 6133 6127
f 6127 6128 6134
f 6135 6134 6128
f 6128 6129 6135
f 6136 6135 6129
f 6129 6130 6137
f 6137 6136 6129
f 6130 6131 6138
f 6138 6137 6130
f 6131 6132 6139
f 6139 6138 6131
f 6132 5745 5750
f 5750 6139 6132
f 5914 6133 5919
f 6140 5919 6133
f 6133 6134 6140
f 6141 6140 6134
f 6134 6135 6141
f 6142 6141 6135
f 6135 6136 6142
f 6143 6142 6136
f 6136 6137 6144
f 6144 6143 6136
f 6137 6138 6145
f 6145 6144 6137
f 6138 6139 6146
f 6146 6145 6138
f 6139 5750 5755
f 5755 6146 6139
f 5919 6140 5924
f 6147 5924 6140
f 6140 6141 6147
f 6148 6147 6141
f 6141 6142 6148
f 6149 6148 6142
f 6142 6143 6149
f 6150 6149 6143
f 6143 6144 6151
f 6151 6150 6143
f 6144 6145 6152
f 6152 6151 6144
f 6145 6146 6153
f 6153 6152 6145
f 6146 5755 5760
f 5760 6153 6146
f 5924 6147 5929
f 6154 5929 6147
f 6147 6148 6154
f 6155 6154 6148
f 6148 6149 6155
f 6156 6155 6149
f 6149 6150 6156
f 6157 6156 6150
f 6150 6151 6158
f 6158 6157 6150
f 6151 6152 6159
f 6159 6158 6151
f 6152 6153 6160
f 6160 6159 6152
f 6153 5760 5765
f 5765 6160 6153
f 5929 6154 574
f 574 571 5929
f 6154 6155 574
f 576 574 6155
f 6155 6156 576
f 578 576 6156
f 6156 6157 578
f 579 578 6157
f 6157 6158 577
f 577 579 6157
f 6158 6159 575
f 575 577 6158
f 6159 6160 575
f 573 575 6160
f 6160 5765 572
f 572 573 6160
f 1387 1389 6161
f 6161 3741 1387
f 3741 6161 3763
f 6164 3763 6161
f 3763 6164 3764
f 6167 3764 6164
f 3764 6167 3765
f 6171 3765 6167
f 3765 6171 3766
f 6175 3766 6171
f 3766 6175 6179
f 6179 3790 3766
f 6175 6171 6174
f 6174 6179 6175
f 6171 6167 6170
f 6170 6174 6171
f 6167 6164 6166
f 6166 6170 6167
f 6164 6161 6162
f 6162 6166 6164
f 6161 1389 6162
f 1388 6162 1389
f 3790 6179 6181
f 6181 3814 3790
f 6179 6174 6180
f 6180 6181 6179
f 6174 6170 6173
f 6173 6180 6174
f 6170 6166 6168
f 6168 6173 6170
f 6166 6162 6163
f 6163 6168 6166
f 6162 1388 6163
f 1386 6163 1388
f 3814 6181 6186
f 6186 3834 3814
f 6181 6180 6182
f 6182 6186 6181
f 6180 6173 6178
f 6178 6182 6180
f 6173 6168 6172
f 6172 6178 6173
f 6168 6163 6165
f 6165 6172 6168
f 6163 1386 6165
f 1383 6165 1386
f 3834 6186 6191
f 6191 3852 3834
f 6186 6182 6187
f 6187 6191 6186
f 6182 6178 6184
f 6184 6187 6182
f 6178 6172 6177
f 6177 6184 6178
f 6172 6165 6169
f 6169 6177 6172
f 6165 1383 1903
f 1903 6169 6165
f 3852 6191 6195
f 6195 3868 3852
f 6191 6187 6192
f 6192 6195 6191
f 6187 6184 6188
f 6188 6192 6187
f 6184 6177 6183
f 6183 6188 6184
f 6177 6169 6176
f 6176 6183 6177
f 6169 1903 1899
f 1899 6176 6169
f 3868 6195 6200
f 6200 3884 3868
f 6195 6192 6197
f 6197 6200 6195
f 6192 6188 6193
f 6193 6197 6192
f 6188 6183 6189
f 6189 6193 6188
f 6183 6176 6185
f 6185 6189 6183
f 6176 1899 1895
f 1895 6185 6176
f 3884 6200 6204
f 6204 3900 3884
f 6200 6197 6201
f 6201 6204 6200
f 6197 6193 6198
f 6198 6201 6197
f 6193 6189 6194
f 6194 6198 6193
f 6189 6185 6190
f 6190 6194 6189
f 6185 1895 1891
f 1891 6190 6185
f 3900 6204 6209
f 6209 3913 3900
f 6204 6201 6206
f 6206 6209 6204
f 6201 6198 6203
f 6203 6206 6201
f 6198 6194 6199
f 6199 6203 6198
f 6194 6190 6196
f 6196 6199 6194
f 6190 1891 1887
f 1887 6196 6190
f 3913 6209 6212
f 6212 3924 3913
f 6209 6206 6211
f 6211 6212 6209
f 6206 6203 6208
f 6208 6211 6206
f 6203 6199 6205
f 6205 6208 6203
f 6199 6196 6202
f 6202 6205 6199
f 6196 1887 1883
f 1883 6202 6196
f 3924 6212 6217
f 6217 3933 3924
f 6212 6211 6215
f 6215 6217 6212
f 6211 6208 6213
f 6213 6215 6211
f 6208 6205 6210
f 6210 6213 6208
f 6205 6202 6207
f 6207 6210 6205
f 6202 1883 1879
f 1879 6207 6202
f 3933 6217 6222
f 6222 3938 3933
f 6217 6215 6220
f 6220 6222 6217
f 6215 6213 6218
f 6218 6220 6215
f 6213 6210 6216
f 6216 6218 6213
f 6210 6207 6214
f 6214 6216 6210
f 6207 1879 1875
f 1875 6214 6207
f 3938 6222 6226
f 6226 3945 3938
f 6222 6220 6224
f 6224 6226 6222
f 6220 6218 6223
f 6223 6224 6220
f 6218 6216 6221
f 6221 6223 6218
f 6216 6214 6219
f 6219 6221 6216
f 6214 1875 1871
f 1871 6219 6214
f 3945 6226 6230
f 6230 3949 3945
f 6226 6224 6229
f 6229 6230 6226
f 6224 6223 6228
f 6228 6229 6224
f 6223 6221 6227
f 6227 6228 6223
f 6221 6219 6225
f 6225 6227 6221
f 6219 1871 1867
f 1867 6225 6219
f 3949 6230 6235
f 6235 3953 3949
f 6230 6229 6234
f 6234 6235 6230
f 6229 6228 6233
f 6233 6234 6229
f 6228 6227 6232
f 6232 6233 6228
f 6227 6225 6231
f 6231 6232 6227
f 6225 1867 1863
f 1863 6231 6225
f 3953 6235 6240
f 6240 3955 3953
f 6235 6234 6239
f 6239 6240 6235
f 6234 6233 6238
f 6238 6239 6234
f 6233 6232 6237
f 6237 6238 6233
f 6232 6231 6236
f 6236 6237 6232
f 6231 1863 1859
f 1859 6236 6231
f 3955 6240 6245
f 6245 3956 3955
f 6240 6239 6244
f 6244 6245 6240
f 6239 6238 6243
f 6243 6244 6239
f 6238 6237 6242
f 6242 6243 6238
f 6237 6236 6241
f 6241 6242 6237
f 6236 1859 1855
f 1855 6241 6236
f 3956 6245 6246
f 6246 3958 3956
f 6245 6244 6248
f 6248 6246 6245
f 6244 6243 6247
f 6247 6248 6244
f 6243 6242 6249
f 6249 6247 6243
f 6242 6241 6250
f 6250 6249 6242
f 6241 1855 1851
f 1851 6250 6241
f 3958 6246 6251
f 6251 3960 3958
f 6246 6248 6252
f 6252 6251 6246
f 6248 6247 6253
f 6253 6252 6248
f 6247 6249 6254
f 6254 6253 6247
f 6249 6250 6255
f 6255 6254 6249
f 6250 1851 1847
f 1847 6255 6250
f 3960 6251 6256
f 6256 3962 3960
f 6251 6252 6257
f 6257 6256 6251
f 6252 6253 6258
f 6258 6257 6252
f 6253 6254 6259
f 6259 6258 6253
f 6254 6255 6260
f 6260 6259 6254
f 6255 1847 278
f 278 6260 6255
f 3962 6256 315
f 315 320 3962
f 6256 6257 302
f 302 315 6256
f 6257 6258 293
f 293 302 6257
f 6258 6259 287
f 287 293 6258
f 6259 6260 280
f 280 287 6259
f 3405 1280 6265
f 6265 6266 3405
f 1280 1279 6265
f 6262 6265 1279
f 1279 1278 6262
f 6261 6262 1278
f 1278 1277 6261
f 6263 6261 1277
f 1277 1276 6263
f 6264 6263 1276
f 1276 1275 6264
f 3675 6264 1275
f 6266 6265 6270
f 6270 6272 6266
f 6265 6262 6270
f 6267 6270 6262
f 6262 6261 6267
f 6268 6267 6261
f 6261 6263 6268
f 6269 6268 6263
f 6263 6264 6269
f 6271 6269 6264
f 6264 3675 6271
f 3672 6271 3675
f 3405 6266 3403
f 6273 3403 6266
f 6266 6272 6273
f 6274 6273 6272
f 6272 6270 6274
f 6275 6274 6270
f 6270 6267 6275
f 6276 6275 6267
f 6267 6268 6276
f 6277 6276 6268
f 6268 6269 6277
f 6278 6277 6269
f 6269 6271 6278
f 6279 6278 6271
f 6271 3672 6279
f 3669 6279 3672
f 3403 6273 3399
f 6280 3399 6273
f 6273 6274 6280
f 6281 6280 6274
f 6274 6275 6281
f 6282 6281 6275
f 6275 6276 6282
f 6283 6282 6276
f 6276 6277 6283
f 6284 6283 6277
f 6277 6278 6284
f 6285 6284 6278
f 6278 6279 6285
f 6286 6285 6279
f 6279 3669 6286
f 3668 6286 3669
f 3399 6280 3393
f 6287 3393 6280
f 6280 6281 6287
f 6288 6287 6281
f 6281 6282 6288
f 6289 6288 6282
f 6282 6283 6289
f 6290 6289 6283
f 6283 6284 6290
f 6291 6290 6284
f 6284 6285 6291
f 6292 6291 6285
f 6285 6286 6292
f 6293 6292 6286
f 6286 3668 6293
f 3665 6293 3668
f 3393 6287 3385
f 6294 3385 6287
f 6287 6288 6294
f 6295 6294 6288
f 6288 6289 6295
f 6296 6295 6289
f 6289 6290 6296
f 6297 6296 6290
f 6290 6291 6297
f 6298 6297 6291
f 6291 6292 6298
f 6299 6298 6292
f 6292 6293 6299
f 6300 6299 6293
f 6293 3665 6300
f 3661 6300 3665
f 3385 6294 3375
f 6301 3375 6294
f 6294 6295 6301
f 6302 6301 6295
f 6295 6296 6302
f 6303 6302 6296
f 6296 6297 6303
f 6304 6303 6297
f 6297 6298 6304
f 6305 6304 6298
f 6298 6299 6305
f 6306 6305 6299
f 6299 6300 6306
f 6307 6306 6300
f 6300 3661 6307
f 3657 6307 3661
f 3375 6301 3363
f 6308 3363 6301
f 6301 6302 6308
f 6309 6308 6302
f 6302 6303 6309
f 6310 6309 6303
f 6303 6304 6310
f 6311 6310 6304
f 6304 6305 6311
f 6312 6311 6305
f 6305 6306 6312
f 6313 6312 6306
f 6306 6307 6313
f 6314 6313 6307
f 6307 3657 6314
f 3653 6314 3657
f 3363 6308 3348
f 6315 3348 6308
f 6308 6309 6315
f 6316 6315 6309
f 6309 6310 6316
f 6317 6316 6310
f 6310 6311 6317
f 6318 6317 6311
f 6311 6312 6318
f 6319 6318 6312
f 6312 6313 6319
f 6320 6319 6313
f 6313 6314 6320
f 6321 6320 6314
f 6314 3653 6321
f 3646 6321 3653
f 3348 6315 3331
f 6322 3331 6315
f 6315 6316 6322
f 6323 6322 6316
f 6316 6317 6323
f 6324 6323 6317
f 6317 6318 6324
f 6325 6324 6318
f 6318 6319 6325
f 6326 6325 6319
f 6319 6320 6326
f 6327 6326 6320
f 6320 6321 6327
f 6328 6327 6321
f 6321 3646 6328
f 3639 6328 3646
f 3331 6322 3312
f 6329 3312 6322
f 6322 6323 6329
f 6330 6329 6323
f 6323 6324 6330
f 6331 6330 6324
f 6324 6325 6331
f 6332 6331 6325
f 6325 6326 6332
f 6333 6332 6326
f 6326 6327 6333
f 6334 6333 6327
f 6327 6328 6334
f 6335 6334 6328
f 6328 3639 6335
f 3632 6335 3639
f 3312 6329 3291
f 6336 3291 6329
f 6329 6330 6336
f 6337 6336 6330
f 6330 6331 6337
f 6338 6337 6331
f 6331 6332 6338
f 6339 6338 6332
f 6332 6333 6339
f 6340 6339 6333
f 6333 6334 6340
f 6341 6340 6334
f 6334 6335 6341
f 6342 6341 6335
f 6335 3632 6342
f 3625 6342 3632
f 3291 6336 3268
f 6343 3268 6336
f 6336 6337 6343
f 6344 6343 6337
f 6337 6338 6344
f 6345 6344 6338
f 6338 6339 6345
f 6346 6345 6339
f 6339 6340 6346
f 6347 6346 6340
f 6340 6341 6347
f 6348 6347 6341
f 6341 6342 6348
f 6349 6348 6342
f 6342 3625 6349
f 3618 6349 3625
f 3268 6343 3245
f 6350 3245 6343
f 6343 6344 6350
f 6351 6350 6344
f 6344 6345 6351
f 6352 6351 6345
f 6345 6346 6352
f 6353 6352 6346
f 6346 6347 6353
f 6354 6353 6347
f 6347 6348 6354
f 6355 6354 6348
f 6348 6349 6355
f 6356 6355 6349
f 6349 3618 6356
f 3611 6356 3618
f 3245 6350 3214
f 6360 3214 6350
f 6350 6351 6360
f 6358 6360 6351
f 6351 6352 6358
f 6357 6358 6352
f 6352 6353 6357
f 6359 6357 6353
f 6353 6354 6359
f 6361 6359 6354
f 6354 6355 6361
f 6362 6361 6355
f 6355 6356 6362
f 6363 6362 6356
f 6356 3611 6363
f 3608 6363 3611
f 3214 6360 3181
f 6368 3181 6360
f 6360 6358 6368
f 6366 6368 6358
f 6358 6357 6366
f 6364 6366 6357
f 6357 6359 6364
f 6365 6364 6359
f 6359 6361 6365
f 6367 6365 6361
f 6361 6362 6367
f 6369 6367 6362
f 6362 6363 6369
f 6370 6369 6363
f 6363 3608 6370
f 3598 6370 3608
f 3181 6368 3126
f 6376 3126 6368
f 6368 6366 6376
f 6374 6376 6366
f 6366 6364 6374
f 6372 6374 6364
f 6364 6365 6372
f 6371 6372 6365
f 6365 6367 6371
f 6373 6371 6367
f 6367 6369 6373
f 6375 6373 6369
f 6369 6370 6375
f 6377 6375 6370
f 6370 3598 6377
f 3588 6377 3598
f 3126 6376 3073
f 6384 3073 6376
f 6376 6374 6384
f 6381 6384 6374
f 6374 6372 6381
f 6379 6381 6372
f 6372 6371 6379
f 6378 6379 6371
f 6371 6373 6378
f 6380 6378 6373
f 6373 6375 6380
f 6382 6380 6375
f 6375 6377 6382
f 6383 6382 6377
f 6377 3588 6383
f 3578 6383 3588
f 3073 6384 3020
f 6391 3020 6384
f 6384 6381 6391
f 6389 6391 6381
f 6381 6379 6389
f 6387 6389 6379
f 6379 6378 6387
f 6385 6387 6378
f 6378 6380 6385
f 6386 6385 6380
f 6380 6382 6386
f 6388 6386 6382
f 6382 6383 6388
f 6390 6388 6383
f 6383 3578 6390
f 3566 6390 3578
f 3020 6391 6398
f 6398 2969 3020
f 6391 6389 6398
f 6397 6398 6389
f 6389 6387 6397
f 6394 6397 6387
f 6387 6385 6394
f 6392 6394 6385
f 6385 6386 6392
f 6393 6392 6386
f 6386 6388 6393
f 6395 6393 6388
f 6388 6390 6395
f 6396 6395 6390
f 6390 3566 6396
f 3565 6396 3566
f 2969 6398 6405
f 6405 2920 2969
f 6398 6397 6405
f 6404 6405 6397
f 6397 6394 6404
f 6401 6404 6394
f 6394 6392 6401
f 6399 6401 6392
f 6392 6393 6399
f 6400 6399 6393
f 6393 6395 6400
f 6402 6400 6395
f 6395 6396 6402
f 6403 6402 6396
f 6396 3565 6403
f 3562 6403 3565
f 2920 6405 6412
f 6412 2871 2920
f 6405 6404 6412
f 6410 6412 6404
f 6404 6401 6410
f 6408 6410 6401
f 6401 6399 6408
f 6406 6408 6399
f 6399 6400 6406
f 6407 6406 6400
f 6400 6402 6407
f 6409 6407 6402
f 6402 6403 6409
f 6411 6409 6403
f 6403 3562 6411
f 3552 6411 3562
f 2871 6412 6419
f 6419 2822 2871
f 6412 6410 6419
f 6416 6419 6410
f 6410 6408 6416
f 6414 6416 6408
f 6408 6406 6414
f 6413 6414 6406
f 6406 6407 6413
f 6415 6413 6407
f 6407 6409 6415
f 6417 6415 6409
f 6409 6411 6417
f 6418 6417 6411
f 6411 3552 6418
f 3542 6418 3552
f 2822 6419 6425
f 6425 2821 2822
f 6419 6416 6425
f 6422 6425 6416
f 6416 6414 6422
f 6420 6422 6414
f 6414 6413 6420
f 6421 6420 6413
f 6413 6415 6421
f 6423 6421 6415
f 6415 6417 6423
f 6424 6423 6417
f 6417 6418 6424
f 6426 6424 6418
f 6418 3542 6426
f 3541 6426 3542
f 2821 6425 6430
f 6430 2773 2821
f 6425 6422 6430
f 6428 6430 6422
f 6422 6420 6428
f 6427 6428 6420
f 6420 6421 6427
f 6429 6427 6421
f 6421 6423 6429
f 6431 6429 6423
f 6423 6424 6431
f 6432 6431 6424
f 6424 6426 6432
f 6433 6432 6426
f 6426 3541 6433
f 3528 6433 3541
f 2773 6430 2725
f 6436 2725 6430
f 6430 6428 6436
f 6434 6436 6428
f 6428 6427 6434
f 6435 6434 6427
f 6427 6429 6435
f 6437 6435 6429
f 6429 6431 6437
f 6438 6437 6431
f 6431 6432 6438
f 6439 6438 6432
f 6432 6433 6439
f 6440 6439 6433
f 6433 3528 6440
f 3514 6440 3528
f 2725 6436 2677
f 6441 2677 6436
f 6436 6434 6441
f 6442 6441 6434
f 6434 6435 6442
f 6443 6442 6435
f 6435 6437 6443
f 6444 6443 6437
f 6437 6438 6444
f 6445 6444 6438
f 6438 6439 6445
f 6446 6445 6439
f 6439 6440 6446
f 6447 6446 6440
f 6440 3514 6447
f 3500 6447 3514
f 2677 6441 2635
f 6448 2635 6441
f 6441 6442 6448
f 6449 6448 6442
f 6442 6443 6449
f 6450 6449 6443
f 6443 6444 6450
f 6451 6450 6444
f 6444 6445 6451
f 6452 6451 6445
f 6445 6446 6452
f 6453 6452 6446
f 6446 6447 6453
f 6454 6453 6447
f 6447 3500 6454
f 3486 6454 3500
f 2635 6448 2593
f 6455 2593 6448
f 6448 6449 6455
f 6456 6455 6449
f 6449 6450 6456
f 6457 6456 6450
f 6450 6451 6457
f 6458 6457 6451
f 6451 6452 6458
f 6459 6458 6452
f 6452 6453 6459
f 6460 6459 6453
f 6453 6454 6460
f 6461 6460 6454
f 6454 3486 6461
f 3472 6461 3486
f 2593 6455 2549
f 6462 2549 6455
f 6455 6456 6462
f 6463 6462 6456
f 6456 6457 6463
f 6464 6463 6457
f 6457 6458 6464
f 6465 6464 6458
f 6458 6459 6465
f 6466 6465 6459
f 6459 6460 6466
f 6467 6466 6460
f 6460 6461 6467
f 6468 6467 6461
f 6461 3472 6468
f 3460 6468 3472
f 2549 6462 2509
f 6469 2509 6462
f 6462 6463 6469
f 6470 6469 6463
f 6463 6464 6470
f 6471 6470 6464
f 6464 6465 6471
f 6472 6471 6465
f 6465 6466 6472
f 6473 6472 6466
f 6466 6467 6473
f 6474 6473 6467
f 6467 6468 6474
f 6475 6474 6468
f 6468 3460 6475
f 3450 6475 3460
f 2509 6469 2471
f 3964 2471 6469
f 6469 6470 3964
f 3965 3964 6470
f 6470 6471 3965
f 3966 3965 6471
f 6471 6472 3966
f 3967 3966 6472
f 6472 6473 3967
f 3968 3967 6473
f 6473 6474 3968
f 3969 3968 6474
f 6474 6475 3969
f 3970 3969 6475
f 6475 3450 3970
f 3441 3970 3450
