v 0.20665310323238373 -0.1622580736875534 -0.1580183207988739
v 0.2277691811323166 -0.14545142650604248 -0.15062345564365387
v 0.22722157835960388 -0.18072564899921417 -0.14417427778244019
v 0.24747629463672638 -0.1771092414855957 -0.13241876661777496
v 0.24635709822177887 -0.19912390410900116 -0.12653958797454834
v 0.2741340100765228 -0.1727897971868515 -0.09977729618549347
v 0.27430808544158936 -0.20461146533489227 -0.09742282330989838
v 0.30786892771720886 -0.1727828085422516 -0.07005617767572403
v 0.2900116443634033 -0.20310597121715546 -0.08446968346834183
v 0.30602407455444336 -0.2037961333990097 -0.0720449760556221
v 0.2982114255428314 -0.23102563619613647 -0.07849647849798203
v 0.31421351432800293 -0.23931658267974854 -0.059464652091264725
v 0.30190396308898926 -0.2581351399421692 -0.06357691437005997
v 0.3013703227043152 -0.2624827027320862 -3.227996103305486e-06
v 0.2834196984767914 -0.2783995568752289 -0.06489579379558563
v 0.2808819115161896 -0.27991020679473877 -3.227996103305486e-06
v 0.24994930624961853 -0.2957088351249695 -3.227996103305486e-06
v 0.25192520022392273 -0.2914508283138275 0.06917494535446167
v 0.22530511021614075 -0.29143989086151123 0.06983070820569992
v 0.229905366897583 -0.2766978144645691 0.08848970383405685
v 0.1978861540555954 -0.28992563486099243 0.07720337063074112
v 0.19899125397205353 -0.27343684434890747 0.09513355046510696
v 0.16291438043117523 -0.28942424058914185 0.09953197091817856
v 0.16853734850883484 -0.2699756920337677 0.11728986352682114
v 0.14768467843532562 -0.29065197706222534 0.10974438488483429
v 0.16499954462051392 -0.28572601079940796 0.15381383895874023
v 0.1528310924768448 -0.3192252218723297 0.11689106374979019
v 0.16379329562187195 -0.31741389632225037 0.14770670235157013
v 0.14447084069252014 -0.3671041429042816 0.12046431750059128
v 0.16282416880130768 -0.3732587397098541 0.14589069783687592
v 0.1402939260005951 -0.3925052583217621 0.12403755635023117
v 0.15867570042610168 -0.3992595970630646 0.14527684450149536
v 0.1448393613100052 -0.4436517655849457 0.13118423521518707
v 0.14602966606616974 -0.44705435633659363 0.14873476326465607
v 0.15322256088256836 -0.49196866154670715 0.1476529836654663
v 0.1472352147102356 -0.49193519353866577 0.1613229662179947
v 0.1645790934562683 -0.5231696367263794 0.15117572247982025
v 0.15810909867286682 -0.5221745371818542 0.16932238638401031
v 0.1746235191822052 -0.5454767942428589 0.15250498056411743
v 0.17067529261112213 -0.5491632223129272 0.16958527266979218
v 0.1932082325220108 -0.5713067650794983 0.15918070077896118
v 0.1847326159477234 -0.5674407482147217 0.1752864569425583
v 0.19044512510299683 -0.5839071869850159 0.1784447878599167
v 0.1809435933828354 -0.5830402970314026 0.19271700084209442
v 0.1986900418996811 -0.6047419309616089 0.20189563930034637
v 0.179133340716362 -0.6145693063735962 0.21752290427684784
v 0.1998325139284134 -0.6420121192932129 0.22117459774017334
v 0.15884371101856232 -0.643070638179779 0.2157527655363083
v 0.18972811102867126 -0.6479246020317078 0.1676885187625885
v 0.16841699182987213 -0.6481113433837891 0.16422361135482788
v 0.17694541811943054 -0.6417878866195679 0.1255287081003189
v 0.15477457642555237 -0.6370856165885925 0.12321829795837402
v 0.17362035810947418 -0.6084607243537903 0.12123129516839981
v 0.1437758356332779 -0.6212165951728821 0.12558403611183167
v 0.14169949293136597 -0.596793532371521 0.12347526848316193
v 0.12554572522640228 -0.6159319281578064 0.15820671617984772
v 0.12434002757072449 -0.5964515209197998 0.15490995347499847
v 0.12596923112869263 -0.5874073505401611 0.181716650724411
v 0.12058072537183762 -0.5676443576812744 0.16709022223949432
v 0.13394789397716522 -0.577690601348877 0.18754445016384125
v 0.12834125757217407 -0.558258593082428 0.1765870749950409
v 0.13612006604671478 -0.5555806756019592 0.17805708944797516
v 0.1196090579032898 -0.5343533754348755 0.1762162148952484
v 0.12711244821548462 -0.5303286910057068 0.17852769792079926
v 0.11334951221942902 -0.5019927024841309 0.16941891610622406
v 0.1239602118730545 -0.49610060453414917 0.16175685822963715
v 0.10729806125164032 -0.4511343836784363 0.16444674134254456
v 0.11866998672485352 -0.45107579231262207 0.1680745929479599
v 0.12173915654420853 -0.42048314213752747 0.17345739901065826
v 0.12994039058685303 -0.44843679666519165 0.1675388067960739
v 0.1375163197517395 -0.41483011841773987 0.17278318107128143
v 0.14188160002231598 -0.44728749990463257 0.16022220253944397
v 0.15165600180625916 -0.40391284227371216 0.15993604063987732
v 0.1329679936170578 -0.4955850839614868 0.15940865874290466
v 0.13848724961280823 -0.5246901512145996 0.17013825476169586
v 0.15081274509429932 -0.5512149930000305 0.1726667732000351
v 0.148919939994812 -0.5687583684921265 0.19074271619319916
v 0.14106303453445435 -0.5950855612754822 0.19585849344730377
v 0.13013216853141785 -0.6067158579826355 0.18891669809818268
v 0.14244604110717773 -0.6411743760108948 0.1633909046649933
v 0.1398480385541916 -0.6305776834487915 0.19892480969429016
v 0.15091392397880554 -0.6223767995834351 0.211399644613266
v 0.15988123416900635 -0.5893245339393616 0.19897010922431946
v 0.17398710548877716 -0.569903552532196 0.19139418005943298
v 0.19535282254219055 -0.18390294909477234 -0.1545131355524063
v 0.2234889715909958 -0.2059905081987381 -0.13634444773197174
v 0.18651853501796722 -0.2085854709148407 -0.1471685767173767
v 0.2177266776561737 -0.21990099549293518 -0.13165663182735443
v 0.18258589506149292 -0.22274236381053925 -0.14038684964179993
v 0.211369588971138 -0.2378700226545334 -0.12067472189664841
v 0.17688880860805511 -0.24433137476444244 -0.1291177123785019
v 0.20344482362270355 -0.2628324329853058 -0.10160385817289352
v 0.16853734850883484 -0.2699756920337677 -0.11729630827903748
v 0.19899125397205353 -0.27343684434890747 -0.0951399952173233
v 0.16291438043117523 -0.28942424058914185 -0.0995384231209755
v 0.1978861540555954 -0.28992563486099243 -0.07720983028411865
v 0.14003443717956543 -0.28681209683418274 -3.227996103305486e-06
v 0.18421831727027893 -0.2919926941394806 -3.227996103305486e-06
v 0.10435909032821655 -0.290893018245697 0.10778728872537613
v 0.08353777974843979 -0.2849498987197876 -3.227996103305486e-06
v 0.08263345807790756 -0.29184943437576294 0.11159314960241318
v 0.015216663479804993 -0.2805913984775543 0.07780846953392029
v 0.05611900985240936 -0.2885061204433441 0.1258426308631897
v 0.012913757935166359 -0.2675911486148834 0.10329414159059525
v 0.03409949317574501 -0.24835249781608582 0.13586629927158356
v 0.0095982002094388 -0.24440892040729523 0.12153571844100952
v 0.014455226249992847 -0.22430549561977386 0.147380068898201
v -0.038633108139038086 -0.2382177710533142 0.13041779398918152
v -0.03720821812748909 -0.22397851943969727 0.14884257316589355
v -0.10738812386989594 -0.25837618112564087 0.13697263598442078
v -0.10884346812963486 -0.24186930060386658 0.1665075272321701
v -0.21514926850795746 -0.2896101176738739 0.15491068363189697
v -0.21681250631809235 -0.26583337783813477 0.19472156465053558
v -0.2996959388256073 -0.29551276564598083 0.16484464704990387
v -0.29808124899864197 -0.2738478183746338 0.20910821855068207
v -0.374565452337265 -0.28297004103660583 0.16101674735546112
v -0.3744381368160248 -0.264102965593338 0.2092718929052353
v -0.4184882640838623 -0.2668822109699249 0.15855537354946136
v -0.45594072341918945 -0.22747226059436798 0.19929388165473938
v -0.4486371576786041 -0.246129110455513 0.16251865029335022
v -0.4647148549556732 -0.23812735080718994 0.16013212502002716
v -0.4818296730518341 -0.28460606932640076 0.13174311816692352
v -0.4889777898788452 -0.2583743929862976 0.1501474827528
v -0.5010853409767151 -0.28268709778785706 0.1411396861076355
v -0.5058435201644897 -0.25941532850265503 0.15567909181118011
v -0.5221928358078003 -0.26992180943489075 0.1514625996351242
v -0.5220418572425842 -0.2344706654548645 0.16379651427268982
v -0.5695456266403198 -0.24125202000141144 0.16848969459533691
v -0.5676901936531067 -0.20263789594173431 0.17310801148414612
v -0.5834770202636719 -0.2082708477973938 0.17387069761753082
v -0.567996084690094 -0.1690947711467743 0.17266373336315155
v -0.6169292330741882 -0.20615346729755402 0.17212975025177002
v -0.6156209111213684 -0.18976335227489471 0.18707330524921417
v -0.6635035276412964 -0.22304663062095642 0.20899450778961182
v -0.6143124103546143 -0.1733730286359787 0.20201687514781952
v -0.6391067504882812 -0.1533869206905365 0.22464288771152496
v -0.6114994883537292 -0.12966136634349823 0.22706755995750427
v -0.6305850148200989 -0.08088639378547668 0.24623189866542816
v -0.5956143736839294 -0.07336599379777908 0.251936674118042
v -0.636281430721283 -0.025539377704262733 0.24987410008907318
v -0.5736154317855835 -0.00276722339913249 0.2528255879878998
v -0.6396185755729675 0.007875695824623108 0.24555572867393494
v -0.5746231079101562 0.031073687598109245 0.23907986283302307
v -0.6468504071235657 0.04775964841246605 0.2357829213142395
v -0.5903792977333069 0.06219249218702316 0.22795146703720093
v -0.655302107334137 0.09397710114717484 0.2280687689781189
v -0.6079079508781433 0.09188014268875122 0.2217445969581604
v -0.6580177545547485 0.11145421117544174 0.227360337972641
v -0.6154226064682007 0.13145680725574493 0.21558138728141785
v -0.664495587348938 0.14348378777503967 0.22423210740089417
v -0.6150299310684204 0.184190034866333 0.20971760153770447
v -0.6846672296524048 0.21986359357833862 0.198856920003891
v -0.598865807056427 0.23669692873954773 0.1936945915222168
v -0.6904960870742798 0.27623188495635986 0.1568606197834015
v -0.5928395390510559 0.2845074534416199 0.14420847594738007
v -0.6900960206985474 0.30666840076446533 0.10827454924583435
v -0.5866408944129944 0.30781790614128113 0.07756134867668152
v -0.6879231333732605 0.32075655460357666 0.07075383514165878
v -0.5799517631530762 0.31440746784210205 0.041048645973205566
v -0.6868943572044373 0.3289681673049927 0.03917749971151352
v -0.6825127601623535 0.33502426743507385 0.012024830095469952
v -0.750597357749939 0.34643128514289856 0.009148182347416878
v -0.7478145360946655 0.35228991508483887 -3.227996103305486e-06
v -0.7844506502151489 0.35584649443626404 -3.227996103305486e-06
v -0.7837481498718262 0.3529845178127289 -0.01354929804801941
v -0.8252020478248596 0.3451229929924011 -0.01274274755269289
v -0.8209378719329834 0.3383190631866455 -0.022070366889238358
v -0.8594433069229126 0.31083688139915466 -0.020673945546150208
v -0.85014808177948 0.3064579963684082 -0.023874541744589806
v -0.878661036491394 0.2581135034561157 -0.022261260077357292
v -0.8690881133079529 0.2576889097690582 -0.01928379200398922
v -0.8758358359336853 0.17612113058567047 -0.01788647472858429
v -0.8693612217903137 0.1767878383398056 -0.010334557853639126
v -0.8641071319580078 0.08626436442136765 -0.009527291171252728
v -0.8619213700294495 0.08651131391525269 -1.4509673746943008e-05
v -0.8595154881477356 0.023932207375764847 7.158309927035589e-06
v -0.8641071319580078 0.08626436442136765 0.009520835243165493
v -0.8615261316299438 0.02370639331638813 0.008713747374713421
v -0.8700697422027588 0.08559086918830872 0.016483062878251076
v -0.8670105338096619 0.02308984287083149 0.015085925348103046
v -0.8782117962837219 0.08467132598161697 0.019028961658477783
v -0.8744997382164001 0.022248193621635437 0.01741603948175907
v -0.8863521218299866 0.08375177532434464 0.016477512195706367
v -0.8819876909255981 0.02140672132372856 0.015080733224749565
v -0.8923109769821167 0.08307863771915436 0.009511344134807587
v -0.8874688148498535 0.0207907073199749 0.008704973384737968
v -0.8944919109344482 0.08283241093158722 -3.227996103305486e-06
v -0.8894749879837036 0.020565075799822807 -3.227996103305486e-06
v -0.8874600529670715 0.02079160138964653 -0.008729157969355583
v -0.8952245116233826 -0.03986030071973801 -0.004473279230296612
v -0.892571210861206 -0.039945006370544434 -0.012391583062708378
v -0.9061720967292786 -0.10256367921829224 -0.026023969054222107
v -0.8853458762168884 -0.04017547518014908 -0.018169771879911423
v -0.9041434526443481 -0.11388421803712845 -0.02922080270946026
v -0.8975313901901245 -0.1420554518699646 -0.03531111776828766
v -0.9054571986198425 -0.20003898441791534 -0.051786307245492935
v -0.8740701675415039 -0.1367439329624176 -0.026749935001134872
v -0.8803558349609375 -0.1944124698638916 -0.043069686740636826
v -0.8453027606010437 -0.2593333125114441 -0.018693383783102036
v -0.8879952430725098 -0.22802899777889252 -0.048318713903427124
v -0.8634082078933716 -0.2912135422229767 -0.020638488233089447
v -0.8894485235214233 -0.3260585367679596 -0.020434703677892685
v -0.9005337357521057 -0.31953004002571106 0.0031506274826824665
v -0.9161613583564758 -0.31966307759284973 -0.03311566635966301
v -0.9201658368110657 -0.28683286905288696 -0.0493113212287426
v -0.9332501888275146 -0.3015131652355194 -0.04269130155444145
v -0.9204303026199341 -0.2524847984313965 -0.05115417391061783
v -0.9402056932449341 -0.24486304819583893 -0.04784470051527023
v -0.9180381894111633 -0.17854255437850952 -0.040053002536296844
v -0.9278115630149841 -0.16312801837921143 -0.030261045321822166
v -0.9157459139823914 -0.10551106929779053 -0.0025831505190581083
v -0.8925831317901611 -0.03994464874267578 0.003428550437092781
v -0.8819723129272461 0.021408334374427795 -0.015097574330866337
v -0.8754833340644836 -0.0404902845621109 -0.02027980238199234
v -0.8744817972183228 0.022250162437558174 -0.017422493547201157
v -0.8656256794929504 -0.040804922580718994 -0.01815580390393734
v -0.8669950366020203 0.0230916328728199 -0.015082173980772495
v -0.8584131002426147 -0.04103503003716469 -0.012367228977382183
v -0.8615173101425171 0.02370728924870491 -0.00870247557759285
v -0.8557774424552917 -0.04111919552087784 -0.004463788587599993
v -0.8584247827529907 -0.041034672409296036 0.0034366087056696415
v -0.8656458854675293 -0.04080420359969139 0.009218557737767696
v -0.8755066394805908 -0.040489569306373596 0.01133306697010994
v -0.8700697422027588 0.08559086918830872 -0.01648951880633831
v -0.8846770524978638 0.17521090805530548 -0.02064833790063858
v -0.888232409954071 0.2585378885269165 -0.019277166575193405
v -0.8662476539611816 0.314042329788208 -0.011936734430491924
v -0.8267626166343689 0.34761300683021545 -3.227996103305486e-06
v -0.8252020478248596 0.3451229929924011 0.01273629255592823
v -0.7837481498718262 0.3529845178127289 0.01354284305125475
v -0.8209378719329834 0.3383190631866455 0.022063910961151123
v -0.7818282246589661 0.3451648950576782 0.023460688069462776
v -0.8151124715805054 0.32902419567108154 0.025480646640062332
v -0.754996657371521 0.3289361000061035 0.0389217808842659
v -0.8052880764007568 0.31803783774375916 0.06806199252605438
v -0.7545742392539978 0.3244391977787018 0.0650274008512497
v -0.7606157064437866 0.31431737542152405 0.10123156011104584
v -0.7564258575439453 0.2906550467014313 0.1404767632484436
v -0.746269166469574 0.25558820366859436 0.16856364905834198
v -0.7286087870597839 0.19149090349674225 0.20161215960979462
v -0.7098996639251709 0.12923020124435425 0.2165050357580185
v -0.7035953998565674 0.07781994342803955 0.21923252940177917
v -0.8782117962837219 0.08467132598161697 -0.01903541572391987
v -0.8935171961784363 0.17430084943771362 -0.017880387604236603
v -0.8952388167381287 0.2588484287261963 -0.011130363680422306
v -0.8687379956245422 0.31521543860435486 -3.227996103305486e-06
v -0.8662476539611816 0.314042329788208 0.011930279433727264
v -0.8594433069229126 0.31083688139915466 0.020667491480708122
v -0.85014808177948 0.3064579963684082 0.023868083953857422
v -0.8408511877059937 0.3020781874656677 0.02067447453737259
v -0.8092861175537109 0.31972792744636536 0.02207179181277752
v -0.8340430855751038 0.2988709807395935 0.011942635290324688
v -0.8050192594528198 0.3129202425479889 0.012749724090099335
v -0.8320022225379944 0.29833269119262695 -3.227996103305486e-06
v -0.8034550547599792 0.31042447686195374 -1.844930557126645e-05
v -0.8050192594528198 0.3129202425479889 -0.012756179086863995
v -0.8092861175537109 0.31972792744636536 -0.022078245878219604
v -0.8340430855751038 0.2988709807395935 -0.011949090287089348
v -0.8408511877059937 0.3020781874656677 -0.020680928602814674
v -0.8620774745941162 0.2573780417442322 -0.011141824536025524
v -0.8151124715805054 0.32902419567108154 -0.025487104430794716
v -0.8114296197891235 0.31071582436561584 -3.227996103305486e-06
v -0.7818282246589661 0.3451648950576782 -0.02346714586019516
v -0.754996657371521 0.3289361000061035 -0.03892824053764343
v -0.750597357749939 0.34643128514289856 -0.009154638275504112
v -0.6868943572044373 0.3289681673049927 -0.039183955639600754
v -0.6825127601623535 0.33502426743507385 -0.012031285092234612
v -0.5799517631530762 0.31440746784210205 -0.0410551019012928
v -0.5762677192687988 0.31938663125038147 -0.02478262595832348
v -0.5108759999275208 0.3068820536136627 -0.04434093460440636
v -0.5054019093513489 0.3142393231391907 -0.02176092565059662
v -0.45391252636909485 0.30255308747291565 -0.047931015491485596
v -0.4484715163707733 0.31075936555862427 -0.023981448262929916
v -0.4236993193626404 0.29992303252220154 -0.0494329109787941
v -0.4215414524078369 0.3085189461708069 -0.023908566683530807
v -0.3748629093170166 0.2942730784416199 -0.05247806757688522
v -0.3639814555644989 0.30055999755859375 -0.027206575497984886
v -0.30372154712677 0.28777876496315 -0.04861507937312126
v -0.3040943741798401 0.2972521483898163 -0.033330198377370834
v -0.2516845464706421 0.2852323353290558 -0.047740302979946136
v -0.24353325366973877 0.29584982991218567 -0.027115603908896446
v -0.16136576235294342 0.27962514758110046 -0.05169694870710373
v -0.1638169288635254 0.2954426109790802 -0.028788158670067787
v -0.07172585278749466 0.28114137053489685 -0.05045077204704285
v -0.07245755195617676 0.3056136667728424 -3.227996103305486e-06
v 0.06185063719749451 0.29786351323127747 -0.05171646550297737
v 0.05803187936544418 0.3064388334751129 -0.03982826694846153
v 0.11982609331607819 0.3084203004837036 -0.03181164711713791
v 0.11747699230909348 0.3140025734901428 -3.227996103305486e-06
v 0.16184104979038239 0.31211063265800476 -3.227996103305486e-06
v 0.11982609331607819 0.3084203004837036 0.031805191189050674
v 0.16670703887939453 0.30327585339546204 0.03809409961104393
v 0.11823879182338715 0.30088144540786743 0.04644003137946129
v 0.1715729832649231 0.2944410443305969 0.05852002277970314
v 0.12239814549684525 0.28364768624305725 0.07229816913604736
v 0.1882798969745636 0.2569267749786377 0.09266787022352219
v 0.12911288440227509 0.25359615683555603 0.11321144551038742
v 0.20191729068756104 0.22187495231628418 0.11878244578838348
v 0.14680738747119904 0.19627057015895844 0.15432527661323547
v 0.21647855639457703 0.18478170037269592 0.13587167859077454
v 0.14997467398643494 0.1421339213848114 0.18237009644508362
v 0.22580331563949585 0.13392050564289093 0.16389966011047363
v 0.1584807187318802 0.08865895122289658 0.2049291580915451
v 0.23468178510665894 0.08875206857919693 0.18575675785541534
v 0.16891340911388397 0.044590745121240616 0.22553379833698273
v 0.24298815429210663 0.038730185478925705 0.20272332429885864
v 0.2439078837633133 -0.012404640205204487 0.20954568684101105
v 0.2705761790275574 -0.00048474344657734036 0.18351134657859802
v 0.2630580961704254 -0.04342370107769966 0.17445412278175354
v 0.28575628995895386 0.0008106795139610767 0.15504103899002075
v 0.28009650111198425 -0.04148217663168907 0.14247021079063416
v 0.2875133454799652 -0.029384996742010117 0.1286216825246811
v 0.2861171066761017 -0.06813182681798935 0.11806847155094147
v 0.3038882911205292 -0.04751608520746231 0.10348198562860489
v 0.3120587170124054 -0.09444158524274826 0.09346780180931091
v 0.33092328906059265 -0.08017957955598831 0.07681316882371902
v 0.31737828254699707 -0.12046071887016296 0.07721196860074997
v 0.3428739905357361 -0.11531000584363937 0.058541689068078995
v 0.3321171700954437 -0.13299411535263062 0.06134688854217529
v 0.3526136577129364 -0.1298755407333374 0.047380171716213226
v 0.34154364466667175 -0.14362254738807678 0.046867843717336655
v 0.35451021790504456 -0.1321866810321808 -3.227996103305486e-06
v 0.3450944721698761 -0.14737987518310547 -3.227996103305486e-06
v 0.34154364466667175 -0.14362254738807678 -0.04687429964542389
v 0.3281465470790863 -0.17798294126987457 -3.227996103305486e-06
v 0.3262154459953308 -0.17478880286216736 -0.05099336802959442
v 0.3211365342140198 -0.20842395722866058 -3.227996103305486e-06
v 0.3206048607826233 -0.20445066690444946 -0.05588406324386597
v 0.3262154459953308 -0.17478880286216736 0.05098690837621689
v 0.3206048607826233 -0.20445066690444946 0.055877603590488434
v 0.30786892771720886 -0.1727828085422516 0.0700497180223465
v 0.30602407455444336 -0.2037961333990097 0.07203851640224457
v 0.2900116443634033 -0.20310597121715546 0.0844632238149643
v 0.2982114255428314 -0.23102563619613647 0.07849002629518509
v 0.26494553685188293 -0.2273954302072525 0.09315799921751022
v 0.2869566082954407 -0.2459525465965271 0.0830163061618805
v 0.25265243649482727 -0.24523338675498962 0.09582943469285965
v 0.27301353216171265 -0.26408594846725464 0.0856209397315979
v 0.2361307144165039 -0.25700733065605164 0.09667286276817322
v 0.24656251072883606 -0.2760080099105835 0.0865388736128807
v 0.2834196984767914 -0.2783995568752289 0.0648893341422081
v 0.30190396308898926 -0.2581351399421692 0.06357045471668243
v 0.3147754669189453 -0.24243105947971344 -3.227996103305486e-06
v 0.31421351432800293 -0.23931658267974854 0.05945819616317749
v 0.28155484795570374 -0.15477976202964783 0.09535255283117294
v 0.2741340100765228 -0.1727897971868515 0.09977085143327713
v 0.2684706151485443 -0.14369237422943115 0.11407405138015747
v 0.24747629463672638 -0.1771092414855957 0.13241231441497803
v 0.25083985924720764 -0.1364581435918808 0.13438750803470612
v 0.2277691811323166 -0.14545142650604248 0.15061700344085693
v 0.2515869438648224 -0.1042700707912445 0.16782192885875702
v 0.22316180169582367 -0.11212928593158722 0.1867816001176834
v 0.23304469883441925 -0.07693511992692947 0.2025877684354782
v 0.17378635704517365 -0.07008427381515503 0.22557498514652252
v 0.17868530750274658 -0.039737995713949203 0.22886385023593903
v 0.09414256364107132 -0.04009488970041275 0.22683531045913696
v 0.1796739399433136 -0.01603572815656662 0.23199909925460815
v 0.09346134960651398 -0.0026583464350551367 0.22312362492084503
v 0.09143280237913132 0.03406279534101486 0.21702919900417328
v -0.0337064228951931 0.0015237531624734402 0.22494769096374512
v -0.03772484138607979 0.02882791869342327 0.22080300748348236
v -0.10731757432222366 0.02041805349290371 0.23655636608600616
v -0.1072993129491806 0.05725756287574768 0.22464415431022644
v -0.20287390053272247 0.023150188848376274 0.26364150643348694
v -0.22449301183223724 0.07596061378717422 0.24106597900390625
v -0.33860376477241516 0.07232630252838135 0.2627611756324768
v -0.37740200757980347 0.15525075793266296 0.20525577664375305
v -0.40942874550819397 0.13855208456516266 0.22459007799625397
v -0.4188920855522156 0.1691499501466751 0.19758568704128265
v -0.464334100484848 0.15056617558002472 0.22184433043003082
v -0.48194965720176697 0.1959810107946396 0.2061183750629425
v -0.5143269896507263 0.18796026706695557 0.21157102286815643
v -0.5121966004371643 0.24300768971443176 0.1993613839149475
v -0.5585018992424011 0.19694514572620392 0.20471373200416565
v -0.561318576335907 0.24240368604660034 0.19055038690567017
v -0.5644605755805969 0.13904829323291779 0.20751282572746277
v -0.527527928352356 0.11154535412788391 0.216573104262352
v -0.4555874168872833 0.09662722051143646 0.24213755130767822
v -0.4045568108558655 0.06979849189519882 0.2609061598777771
v -0.31945714354515076 0.02596917562186718 0.2837069630622864
v -0.20062671601772308 -0.005618801340460777 0.2727624773979187
v -0.11130698770284653 -0.009841013699769974 0.2429337203502655
v -0.03484533727169037 -0.024241089820861816 0.22827541828155518
v -0.5674203634262085 0.09193315356969833 0.21305249631404877
v -0.5658029317855835 0.06764297187328339 0.2210959792137146
v -0.5500009059906006 0.035587433725595474 0.23361505568027496
v -0.5436397790908813 0.0006464686593972147 0.24457600712776184
v -0.5253269672393799 -0.0001437861646991223 0.245536208152771
v -0.5267119407653809 -0.056724440306425095 0.2509361803531647
v -0.4706321656703949 -0.01046813279390335 0.2705756425857544
v -0.4537637233734131 -0.13125136494636536 0.27814507484436035
v -0.392508327960968 -0.06747426837682724 0.30267611145973206
v -0.3967658579349518 -0.16186358034610748 0.29245078563690186
v -0.2994065582752228 -0.11040318757295609 0.30467459559440613
v -0.2943060100078583 -0.16977471113204956 0.2946834862232208
v -0.2000957429409027 -0.1551092565059662 0.2706760764122009
v -0.2911134660243988 -0.21986034512519836 0.26932910084724426
v -0.211309552192688 -0.2109614461660385 0.24983686208724976
v -0.21674823760986328 -0.24734322726726532 0.22157946228981018
v -0.10630132257938385 -0.20904499292373657 0.19642366468906403
v -0.29774174094200134 -0.25670433044433594 0.23512466251850128
v -0.3831843137741089 -0.24535657465457916 0.24234475195407867
v -0.45499005913734436 -0.2080998420715332 0.23441480100154877
v -0.5186014771461487 -0.17541734874248505 0.19265057146549225
v -0.5231419205665588 -0.14415976405143738 0.2101617157459259
v -0.5698202848434448 -0.1629691869020462 0.18424250185489655
v -0.5710199475288391 -0.14143425226211548 0.19951537251472473
v -0.523029088973999 -0.18889160454273224 0.1689320057630539
v -0.50993412733078 -0.23592562973499298 0.16070283949375153
v -0.553158164024353 -0.05547987297177315 0.24658700823783875
v -0.5329786539077759 -0.10298790782690048 0.23205029964447021
v -0.4503031075000763 -0.17602978646755219 0.25994235277175903
v -0.3939119279384613 -0.21061260998249054 0.2679330110549927
v -0.5680406093597412 -0.10032704472541809 0.22878901660442352
v -0.5255107283592224 0.07487811148166656 0.22270120680332184
v -0.46882155537605286 0.04682863876223564 0.25787121057510376
v -0.39678335189819336 0.023416830226778984 0.2781694531440735
v -0.2999866008758545 -0.03199984133243561 0.3012411892414093
v -0.19776135683059692 -0.04643411934375763 0.2762991786003113
v -0.10673809051513672 -0.039838455617427826 0.24539564549922943
v -0.031896695494651794 -0.06129602715373039 0.22260986268520355
v 0.09673250466585159 -0.079563207924366 0.23121331632137299
v 0.15670663118362427 -0.12473324686288834 0.21336211264133453
v 0.2162572145462036 -0.1396048218011856 0.18145199120044708
v 0.20665310323238373 -0.1622580736875534 0.15801188349723816
v 0.22722157835960388 -0.18072564899921417 0.14416784048080444
v 0.19535282254219055 -0.18390294909477234 0.15450668334960938
v 0.2234889715909958 -0.2059905081987381 0.1363379955291748
v 0.18651853501796722 -0.2085854709148407 0.14716212451457977
v 0.2177266776561737 -0.21990099549293518 0.1316501945257187
v 0.18258589506149292 -0.22274236381053925 0.14038041234016418
v 0.211369588971138 -0.2378700226545334 0.12066827714443207
v 0.17688880860805511 -0.24433137476444244 0.12911127507686615
v 0.20344482362270355 -0.2628324329853058 0.10159741342067719
v 0.2414085417985916 -0.23444630205631256 0.11242351680994034
v 0.2457614690065384 -0.21364057064056396 0.12141931802034378
v 0.24635709822177887 -0.19912390410900116 0.1265331357717514
v 0.27430808544158936 -0.20461146533489227 0.09741637855768204
v 0.1742600053548813 -0.2527066767215729 0.1605493724346161
v 0.16707754135131836 -0.2586476504802704 0.18017983436584473
v 0.17211273312568665 -0.23176467418670654 0.18905672430992126
v 0.14831951260566711 -0.22606366872787476 0.20659758150577545
v 0.1587047427892685 -0.1985732614994049 0.20995505154132843
v 0.12543326616287231 -0.20082207024097443 0.2151380032300949
v 0.13058379292488098 -0.17099350690841675 0.21612738072872162
v 0.08894582092761993 -0.1789780557155609 0.21219401061534882
v 0.09056448191404343 -0.15975461900234222 0.216406911611557
v 0.08983331173658371 -0.126927450299263 0.22326725721359253
v 0.052010677754879 -0.18282261490821838 0.20304995775222778
v 0.042042165994644165 -0.10724074393510818 0.19809676706790924
v 0.035713497549295425 -0.17548522353172302 0.18288511037826538
v 0.02050759457051754 -0.17246048152446747 0.17936521768569946
v 0.030876711010932922 -0.20961783826351166 0.16382069885730743
v 0.01641663908958435 -0.20050600171089172 0.16018638014793396
v -0.03258881717920303 -0.19783152639865875 0.1649354249238968
v -0.035540319979190826 -0.16635654866695404 0.18261829018592834
v -0.10936366766691208 -0.16064676642417908 0.22452202439308167
v -0.033956412225961685 -0.1204829216003418 0.19750812649726868
v -0.10525678843259811 -0.11948852241039276 0.23840028047561646
v -0.029352234676480293 -0.10019470751285553 0.20420461893081665
v -0.10593422502279282 -0.07613913714885712 0.24411866068840027
v -0.20198766887187958 -0.0960838794708252 0.28227096796035767
v -0.5281545519828796 0.04536846652626991 0.23140670359134674
v 0.053721919655799866 -0.2117142528295517 0.19663263857364655
v 0.06911657750606537 -0.2076462209224701 0.20454397797584534
v 0.06429464370012283 -0.23592008650302887 0.19487574696540833
v 0.08296152949333191 -0.23218782246112823 0.20439569652080536
v 0.08487313985824585 -0.2721874713897705 0.19693025946617126
v 0.11878944933414459 -0.26855868101119995 0.20222118496894836
v 0.11935047805309296 -0.2894190549850464 0.19504407048225403
v 0.14966560900211334 -0.26922914385795593 0.1914183646440506
v 0.1430029571056366 -0.29720252752304077 0.18387790024280548
v 0.16073614358901978 -0.2889043986797333 0.17318859696388245
v 0.15814940631389618 -0.32045888900756836 0.1633291244506836
v 0.15662798285484314 -0.37357643246650696 0.16314110159873962
v 0.11940062046051025 -0.233274444937706 0.20867504179477692
v 0.0908583253622055 -0.20086470246315002 0.21018928289413452
v 0.0711992010474205 -0.18267685174942017 0.2123066484928131
v 0.1795813888311386 -0.2272244244813919 0.16855111718177795
v 0.18605974316596985 -0.20808550715446472 0.1744895875453949
v 0.18088501691818237 -0.20366273820400238 0.1907842606306076
v 0.19405217468738556 -0.17756713926792145 0.1816025972366333
v 0.18268153071403503 -0.1772926151752472 0.19942225515842438
v 0.1647031605243683 -0.17289258539676666 0.20835286378860474
v -0.8595074415206909 0.2572641372680664 -1.6479489204357378e-05
v -0.8669877052307129 0.17703208327293396 -1.5584118955302984e-05
v -0.8620774745941162 0.2573780417442322 0.01113536860793829
v -0.8693612217903137 0.1767878383398056 0.010328101925551891
v -0.8690881133079529 0.2576889097690582 0.019277337938547134
v -0.8758358359336853 0.17612113058567047 0.017880020663142204
v -0.878661036491394 0.2581135034561157 0.022254806011915207
v -0.8846770524978638 0.17521090805530548 0.020641881972551346
v -0.888232409954071 0.2585378885269165 0.01927071064710617
v -0.8935171961784363 0.17430084943771362 0.017873933538794518
v -0.8952388167381287 0.2588484287261963 0.011123907752335072
v -0.8999879360198975 0.17363469302654266 0.01031771581619978
v -0.8978031277656555 0.25896212458610535 -3.227996103305486e-06
v -0.9023563861846924 0.17339079082012177 -3.227996103305486e-06
v -0.8999879360198975 0.17363469302654266 -0.010324171744287014
v -0.8923109769821167 0.08307863771915436 -0.009517800994217396
v -0.8863521218299866 0.08375177532434464 -0.016483966261148453
v 0.2457614690065384 -0.21364057064056396 -0.12142576277256012
v 0.2414085417985916 -0.23444630205631256 -0.11242996901273727
v 0.2361307144165039 -0.25700733065605164 -0.09667930752038956
v 0.229905366897583 -0.2766978144645691 -0.08849616348743439
v 0.26494553685188293 -0.2273954302072525 -0.09316444396972656
v 0.25265243649482727 -0.24523338675498962 -0.09583587944507599
v 0.24656251072883606 -0.2760080099105835 -0.08654533326625824
v 0.22530511021614075 -0.29143989086151123 -0.06983716785907745
v 0.2869566082954407 -0.2459525465965271 -0.08302275836467743
v 0.27301353216171265 -0.26408594846725464 -0.08562739193439484
v 0.25192520022392273 -0.2914508283138275 -0.0691813975572586
v 0.21663343906402588 -0.2970549762248993 -3.227996103305486e-06
v 0.25083985924720764 -0.1364581435918808 -0.13439396023750305
v 0.2684706151485443 -0.14369237422943115 -0.11408049613237381
v 0.28155484795570374 -0.15477976202964783 -0.09535899758338928
v 0.31737828254699707 -0.12046071887016296 -0.0772184282541275
v 0.3321171700954437 -0.13299411535263062 -0.06135334447026253
v 0.3428739905357361 -0.11531000584363937 -0.05854814872145653
v 0.3526136577129364 -0.1298755407333374 -0.04738663136959076
v 0.3946291506290436 -0.0750170573592186 -0.03605964779853821
v 0.39338478446006775 -0.07341989129781723 -3.227996103305486e-06
v 0.3946291506290436 -0.0750170573592186 0.036053191870450974
v 0.42039236426353455 -0.031503625214099884 -3.227996103305486e-06
v 0.4255771338939667 -0.027958491817116737 0.03358912840485573
v 0.46438390016555786 0.02724597603082657 -3.227996103305486e-06
v 0.46533751487731934 0.02643047273159027 0.031660497188568115
v 0.4997621774673462 0.06759104877710342 -3.227996103305486e-06
v 0.5044868588447571 0.07130289822816849 0.035379331558942795
v 0.5350959897041321 0.10883865505456924 -3.227996103305486e-06
v 0.534071147441864 0.10617294907569885 0.033208057284355164
v 0.5767276883125305 0.11929425597190857 0.029839670285582542
v 0.569699227809906 0.12477267533540726 0.0521453358232975
v 0.6323557496070862 0.12605412304401398 0.033715736120939255
v 0.6399443745613098 0.13184699416160583 0.05969886854290962
v 0.6849741339683533 0.13665872812271118 0.02568317949771881
v 0.6909165382385254 0.13901856541633606 0.05027562007308006
v 0.7160522937774658 0.14151808619499207 0.025934241712093353
v 0.7190357446670532 0.1427818089723587 0.039097271859645844
v 0.7388583421707153 0.14707887172698975 0.03253348544239998
v 0.7268840074539185 0.15904730558395386 0.05416189506649971
v 0.7450498342514038 0.1566450148820877 0.04658776521682739
v 0.7315415143966675 0.16829165816307068 0.0648425966501236
v 0.7578901648521423 0.1694096177816391 0.0604221485555172
v 0.7347460389137268 0.1801893562078476 0.06875500828027725
v 0.7594573497772217 0.181147038936615 0.0626276284456253
v 0.7363611459732056 0.19497372210025787 0.06898225843906403
v 0.7610679864883423 0.194327250123024 0.06300994753837585
v 0.7381819486618042 0.20592303574085236 0.06304199993610382
v 0.7627713084220886 0.2041439265012741 0.06210007518529892
v 0.7446841597557068 0.23068362474441528 0.06410248577594757
v 0.7677525281906128 0.2202846109867096 0.05903521925210953
v 0.7513752579689026 0.24505791068077087 0.05956384912133217
v 0.7760158777236938 0.23475505411624908 0.05620799586176872
v 0.7583242654800415 0.26984697580337524 0.044176533818244934
v 0.7860901951789856 0.25176727771759033 0.04488459229469299
v 0.7929224371910095 0.2622425854206085 0.03418293967843056
v 0.8074000477790833 0.24360616505146027 0.046168018132448196
v 0.8142063021659851 0.2539201080799103 0.03379685431718826
v 0.8223063349723816 0.2509593069553375 0.037575140595436096
v 0.8243396282196045 0.25602495670318604 0.022361531853675842
v 0.8371319770812988 0.24736224114894867 0.034962985664606094
v 0.842302680015564 0.24953387677669525 0.023406071588397026
v 0.8503144979476929 0.24200667440891266 0.030862901359796524
v 0.8553631901741028 0.24137721955776215 0.024497708305716515
v 0.860083281993866 0.23218338191509247 0.03203960135579109
v 0.8668832778930664 0.2312367856502533 0.022441400215029716
v 0.8702375292778015 0.21446505188941956 0.01921752654016018
v 0.8639751672744751 0.22805696725845337 0.00019339552090968937
v 0.8640486001968384 0.21456049382686615 0.0001975142367882654
v 0.8702375292778015 0.21446505188941956 -0.019223982468247414
v 0.8637189269065857 0.19281569123268127 -0.01617792807519436
v 0.8633206486701965 0.20109769701957703 -0.03350748121738434
v 0.8617487549781799 0.18775631487369537 -0.03145726025104523
v 0.8548477292060852 0.19405721127986908 -0.04552336409687996
v 0.8499606847763062 0.18408116698265076 -0.04469030722975731
v 0.8415475487709045 0.19828014075756073 -0.054653823375701904
v 0.8349044322967529 0.18701690435409546 -0.05720849335193634
v 0.8118770718574524 0.20244792103767395 -0.06340983510017395
v 0.8283097743988037 0.18406450748443604 -0.06064510717988014
v 0.8150888085365295 0.18958142399787903 -0.06641291081905365
v 0.8134706616401672 0.1827850192785263 -0.06372858583927155
v 0.7986425757408142 0.1899069994688034 -0.06930388510227203
v 0.7954087257385254 0.18144303560256958 -0.06674348562955856
v 0.7758094072341919 0.17465685307979584 -0.0636410191655159
v 0.7873433828353882 0.1693931519985199 -0.061113566160202026
v 0.7693303227424622 0.1676439493894577 -0.05924510583281517
v 0.7775775790214539 0.16244632005691528 -0.05663509666919708
v 0.7584160566329956 0.15241600573062897 -0.03740109130740166
v 0.7893424034118652 0.15790803730487823 -0.04419552907347679
v 0.7831122279167175 0.14850322902202606 -0.03180914372205734
v 0.7995537519454956 0.14657334983348846 -0.029073243960738182
v 0.7719393968582153 0.1456398367881775 -0.018610652536153793
v 0.7933533191680908 0.14333300292491913 -0.01278733741492033
v 0.7756063342094421 0.14406165480613708 0.00013967324048280716
v 0.7952350378036499 0.14389583468437195 0.00015722251555416733
v 0.7933533191680908 0.14333300292491913 0.01278088241815567
v 0.8132083415985107 0.14420098066329956 0.00017316013691015542
v 0.8176867961883545 0.1459304690361023 0.022941553965210915
v 0.8343014717102051 0.1514592170715332 0.012944914400577545
v 0.8255630135536194 0.15870420634746552 0.036724720150232315
v 0.8439702987670898 0.16022954881191254 0.01886439137160778
v 0.8271555304527283 0.1654033660888672 0.03773344308137894
v 0.8488457202911377 0.17052219808101654 0.022970562800765038
v 0.8451066613197327 0.17240983247756958 0.04239582270383835
v 0.8569359183311462 0.17746992409229279 0.027410170063376427
v 0.8499606847763062 0.18408116698265076 0.044683851301670074
v 0.8617487549781799 0.18775631487369537 0.03145080432295799
v 0.8548477292060852 0.19405721127986908 0.045516904443502426
v 0.8633206486701965 0.20109769701957703 0.033501021564006805
v 0.8519381284713745 0.20566461980342865 0.02949119172990322
v 0.858308732509613 0.2147531807422638 0.03860750421881676
v 0.8433586955070496 0.22873637080192566 0.04682038724422455
v 0.8176867961883545 0.1459304690361023 -0.0229480117559433
v 0.8343014717102051 0.1514592170715332 -0.012951369397342205
v 0.8255630135536194 0.15870420634746552 -0.03673117607831955
v 0.8439702987670898 0.16022954881191254 -0.018870847299695015
v 0.8271555304527283 0.1654033660888672 -0.03773989900946617
v 0.8488457202911377 0.17052219808101654 -0.02297702059149742
v 0.8451066613197327 0.17240983247756958 -0.04240227863192558
v 0.8569359183311462 0.17746992409229279 -0.02741662785410881
v 0.8267572522163391 0.17368535697460175 -0.0550694540143013
v 0.8123806715011597 0.16412369906902313 -0.04082499444484711
v 0.8119125962257385 0.17432019114494324 -0.061206866055727005
v 0.7942590713500977 0.16445033252239227 -0.04367692768573761
v 0.7954989671707153 0.17282241582870483 -0.06265538930892944
v 0.8058211803436279 0.1558232605457306 -0.03985584154725075
v 0.7955115437507629 0.20412547886371613 -0.06286796182394028
v 0.7923697829246521 0.21507766842842102 -0.056812383234500885
v 0.7627713084220886 0.2041439265012741 -0.062106531113386154
v 0.7677525281906128 0.2202846109867096 -0.05904167518019676
v 0.7446841597557068 0.23068362474441528 -0.0641089379787445
v 0.7513752579689026 0.24505791068077087 -0.0595703050494194
v 0.7332615852355957 0.25217539072036743 -0.06500502675771713
v 0.7583242654800415 0.26984697580337524 -0.04418299347162247
v 0.7303388714790344 0.286949098110199 -0.05010766163468361
v 0.760128378868103 0.2839077115058899 -0.03625716641545296
v 0.7306909561157227 0.3168378472328186 -0.03569379821419716
v 0.7490128874778748 0.31540706753730774 -0.021421581506729126
v 0.7232994437217712 0.33989742398262024 3.509388989186846e-05
v 0.7592475414276123 0.31055164337158203 7.574374467367306e-05
v 0.7490128874778748 0.31540706753730774 0.02141512557864189
v 0.7674835324287415 0.3020821213722229 8.559282287023962e-05
v 0.7670408487319946 0.295670747756958 0.02212228998541832
v 0.7969380617141724 0.27570343017578125 0.00011961692507611588
v 0.7998255491256714 0.27073320746421814 0.020370585843920708
v 0.8132774233818054 0.26427188515663147 0.000137524344609119
v 0.8145359754562378 0.2624143362045288 0.019831931218504906
v 0.8247364163398743 0.2593885064125061 0.00014916417421773076
v 0.8411218523979187 0.2510688900947571 0.00016617622168269008
v 0.8542559146881104 0.24259653687477112 0.00018050217477139086
v 0.8668832778930664 0.2312367856502533 -0.0224478580057621
v 0.8553631901741028 0.24137721955776215 -0.0245041660964489
v 0.860083281993866 0.23218338191509247 -0.032046057283878326
v 0.8503144979476929 0.24200667440891266 -0.030869359150528908
v 0.8433586955070496 0.22873637080192566 -0.04682684689760208
v 0.8371319770812988 0.24736224114894867 -0.03496944531798363
v 0.8318517208099365 0.23409104347229004 -0.050965968519449234
v 0.8223063349723816 0.2509593069553375 -0.03758160024881363
v 0.8186759948730469 0.2375260591506958 -0.05194764956831932
v 0.8074000477790833 0.24360616505146027 -0.04617447778582573
v 0.8005572557449341 0.22986453771591187 -0.05725666135549545
v 0.7860901951789856 0.25176727771759033 -0.044891051948070526
v 0.7760158777236938 0.23475505411624908 -0.056214455515146255
v 0.8135852813720703 0.22353141009807587 -0.059790924191474915
v 0.8300034999847412 0.21338826417922974 -0.05784868076443672
v 0.8420471549034119 0.2126864790916443 -0.033513035625219345
v 0.8436815738677979 0.20758967101573944 -0.03242408484220505
v 0.858308732509613 0.2147531807422638 -0.03861396014690399
v 0.8519381284713745 0.20566461980342865 -0.029497649520635605
v 0.8284569978713989 0.22305166721343994 -0.05525873601436615
v 0.8353784084320068 0.21964262425899506 -0.03760917857289314
v 0.7929224371910095 0.2622425854206085 -0.03418939560651779
v 0.8142063021659851 0.2539201080799103 -0.0338033102452755
v 0.8243396282196045 0.25602495670318604 -0.022367987781763077
v 0.842302680015564 0.24953387677669525 -0.02341252937912941
v 0.760128378868103 0.2839077115058899 0.03625071048736572
v 0.7306909561157227 0.3168378472328186 0.035687342286109924
v 0.7195567488670349 0.3417918384075165 0.02148442715406418
v 0.7142763137817383 0.34176623821258545 0.0378197580575943
v 0.7044286131858826 0.3598296046257019 0.037464115768671036
v 0.7024006247520447 0.36156755685806274 0.05538873001933098
v 0.6863831281661987 0.3782843351364136 0.040249258279800415
v 0.6907854676246643 0.3786602020263672 0.061693936586380005
v 0.6615806221961975 0.3990642726421356 0.05081571266055107
v 0.6724969744682312 0.3915066421031952 0.07479840517044067
v 0.6448463201522827 0.40559008717536926 0.06625191122293472
v 0.6623758673667908 0.3942204713821411 0.08583278208971024
v 0.6264268755912781 0.3991817235946655 0.08451927453279495
v 0.6456716656684875 0.3841312825679779 0.09957225620746613
v 0.6129456162452698 0.3758453130722046 0.09799479693174362
v 0.6356549859046936 0.3603217303752899 0.10825037211179733
v 0.6078982949256897 0.3500484228134155 0.10367628931999207
v 0.6111880540847778 0.3236779570579529 0.10299866646528244
v 0.58990079164505 0.3303259015083313 0.10348162800073624
v 0.5947486758232117 0.31242045760154724 0.10532555729150772
v 0.5816222429275513 0.3109849691390991 0.10684428364038467
v 0.5979897379875183 0.2961200475692749 0.10697697848081589
v 0.5848170518875122 0.2915670871734619 0.1104157418012619
v 0.61271733045578 0.2811073362827301 0.10553113371133804
v 0.5896122455596924 0.2688819468021393 0.11440515518188477
v 0.6192452907562256 0.2648051381111145 0.10725902020931244
v 0.6059524416923523 0.24426372349262238 0.11548031866550446
v 0.6340436339378357 0.251454621553421 0.10558933764696121
v 0.6273160576820374 0.22405411303043365 0.11138704419136047
v 0.6488146185874939 0.23794867098331451 0.10231442749500275
v 0.643810510635376 0.2136586755514145 0.10616684705018997
v 0.6835118532180786 0.21533356606960297 0.09047045558691025
v 0.6900217533111572 0.2021486759185791 0.09027687460184097
v 0.7198570966720581 0.21534180641174316 0.07485750317573547
v 0.731473445892334 0.2394668459892273 0.06948993355035782
v 0.678483784198761 0.26014313101768494 0.09424838423728943
v 0.688429594039917 0.26302942633628845 0.09089593589305878
v 0.6768168210983276 0.29497790336608887 0.0974491611123085
v 0.7100268006324768 0.2847570478916168 0.07776423543691635
v 0.6950578093528748 0.30544066429138184 0.08694841712713242
v 0.71535325050354 0.3010812997817993 0.05985376611351967
v 0.7019240856170654 0.3140861988067627 0.07474002987146378
v 0.7188500165939331 0.3216923773288727 0.05139859765768051
v 0.7104139924049377 0.3276779353618622 0.062155768275260925
v 0.7088870406150818 0.3438161015510559 0.05887548252940178
v 0.7085849046707153 0.3450753688812256 0.07189793884754181
v 0.7035399079322815 0.3569777011871338 0.075618214905262
v 0.701801598072052 0.3525092899799347 0.08093366771936417
v 0.6969927549362183 0.3703174591064453 0.07741575688123703
v 0.6919426321983337 0.3709530234336853 0.08384523540735245
v 0.680394172668457 0.3844568133354187 0.0871950015425682
v 0.678591787815094 0.38005247712135315 0.09250276535749435
v 0.6703490018844604 0.38685446977615356 0.09495769441127777
v 0.668680727481842 0.3805358409881592 0.09721457213163376
v 0.6570866107940674 0.37774115800857544 0.10213947296142578
v 0.6553859114646912 0.3731815814971924 0.1058448776602745
v 0.6429699659347534 0.35848942399024963 0.11000332981348038
v 0.6470091938972473 0.35911837220191956 0.11355383694171906
v 0.6486928462982178 0.33077073097229004 0.10979077965021133
v 0.6536272168159485 0.3570391535758972 0.10898475348949432
v 0.6633701324462891 0.35583680868148804 0.11425061523914337
v 0.6603460907936096 0.3679857552051544 0.10315839946269989
v 0.67029869556427 0.3689518868923187 0.09668773412704468
v 0.6372504830360413 0.3274073600769043 0.10816621035337448
v 0.6128475069999695 0.3135432302951813 0.10071314126253128
v 0.7303388714790344 0.286949098110199 0.050101201981306076
v 0.7332615852355957 0.25217539072036743 0.0649985671043396
v 0.65540611743927 0.25767117738723755 0.10217975825071335
v 0.64058518409729 0.262872576713562 0.10463684052228928
v 0.7004038691520691 0.3578779101371765 9.48627530306112e-06
v 0.3120587170124054 -0.09444158524274826 -0.09347424656152725
v 0.2861171066761017 -0.06813182681798935 -0.1180749237537384
v 0.3038882911205292 -0.04751608520746231 -0.10348843038082123
v 0.2875133454799652 -0.029384996742010117 -0.12862811982631683
v 0.32494595646858215 -0.028997840359807014 -0.09321118146181107
v 0.3190080225467682 0.009067077189683914 -0.1150512546300888
v 0.35776886343955994 0.024532286450266838 -0.09668468683958054
v 0.31522294878959656 0.04256130009889603 -0.11663391441106796
v 0.3442969024181366 0.06500109285116196 -0.10282639414072037
v 0.2996024787425995 0.07787151634693146 -0.11773432791233063
v 0.32411468029022217 0.13414721190929413 -0.09223683923482895
v 0.28821927309036255 0.12141431123018265 -0.11025457829236984
v 0.26843586564064026 0.17603319883346558 -0.10415476560592651
v 0.27595412731170654 0.11696861684322357 -0.12903928756713867
v 0.25141987204551697 0.17292949557304382 -0.11614934355020523
v 0.26248273253440857 0.12438229471445084 -0.13783147931098938
v 0.24635620415210724 0.170921191573143 -0.12079363316297531
v 0.25642696022987366 0.12614724040031433 -0.14870736002922058
v 0.24076102674007416 0.1725192368030548 -0.12578944861888885
v 0.22580331563949585 0.13392050564289093 -0.16390611231327057
v 0.21647855639457703 0.18478170037269592 -0.13587813079357147
v 0.14997467398643494 0.1421339213848114 -0.18237653374671936
v 0.14680738747119904 0.19627057015895844 -0.1543317288160324
v 0.07740377634763718 0.16189834475517273 -0.17712698876857758
v 0.0678127259016037 0.23281891644001007 -0.13271084427833557
v -0.06763973832130432 0.20965906977653503 -0.12545278668403625
v -0.0738648921251297 0.2585497200489044 -0.08270043134689331
v -0.15210600197315216 0.26184308528900146 -0.0770149976015091
v -0.24827566742897034 0.2741454839706421 -0.06968853622674942
v 0.06563250720500946 0.25952354073524475 -0.10493642836809158
v 0.12911288440227509 0.25359615683555603 -0.11321789771318436
v 0.20191729068756104 0.22187495231628418 -0.11878889054059982
v 0.22525997459888458 0.2163211554288864 -0.10703983157873154
v 0.25346705317497253 0.22384926676750183 -0.09174922108650208
v 0.3072645366191864 0.18976660072803497 -0.08858229964971542
v 0.3673211634159088 0.15637856721878052 -0.08956219255924225
v 0.3836199939250946 0.08533962070941925 -0.08943898975849152
v 0.4335302710533142 0.12038697302341461 -0.08104059100151062
v 0.44432055950164795 0.0783994272351265 -0.07015413045883179
v 0.4854542911052704 0.11285421252250671 -0.06934041529893875
v 0.487690806388855 0.09426397830247879 -0.055867407470941544
v 0.5312697291374207 0.11431008577346802 -0.053725678473711014
v 0.4926663339138031 0.07897801697254181 -0.04429992660880089
v 0.534071147441864 0.10617294907569885 -0.0332145169377327
v 0.5044868588447571 0.07130289822816849 -0.03538579121232033
v 0.46533751487731934 0.02643047273159027 -0.03166695684194565
v 0.4255771338939667 -0.027958491817116737 -0.03359558805823326
v 0.38464877009391785 -0.059987351298332214 -0.04948699474334717
v 0.4119618833065033 -0.0209197998046875 -0.04602799192070961
v 0.3690952956676483 -0.033662546426057816 -0.06807830184698105
v 0.4011903703212738 0.007072368171066046 -0.06363940984010696
v 0.3631122410297394 -0.002315777586773038 -0.0818868950009346
v 0.39783117175102234 0.023502608761191368 -0.07390448451042175
v 0.3909878134727478 0.041625455021858215 -0.08340705931186676
v 0.44817879796028137 0.06683266907930374 -0.06486355513334274
v 0.4541804790496826 0.054545484483242035 -0.055129438638687134
v 0.45877423882484436 0.04146501049399376 -0.043117500841617584
v 0.33092328906059265 -0.08017957955598831 -0.07681962847709656
v 0.5767276883125305 0.11929425597190857 -0.029846128076314926
v 0.5806326270103455 0.120039202272892 -2.650764690770302e-05
v 0.6323557496070862 0.12605412304401398 -0.03372219204902649
v 0.6298062801361084 0.12961037456989288 1.432127919542836e-05
v 0.677332878112793 0.13933713734149933 5.371761290007271e-05
v 0.2891538441181183 0.06564629822969437 -0.12770840525627136
v 0.2808813452720642 0.06435123085975647 -0.1521414816379547
v 0.29587361216545105 0.033118896186351776 -0.12862561643123627
v 0.28527799248695374 0.03308594599366188 -0.159663125872612
v 0.28575628995895386 0.0008106795139610767 -0.1550474911928177
v 0.2705761790275574 -0.00048474344657734036 -0.18351778388023376
v 0.2630580961704254 -0.04342370107769966 -0.17446057498455048
v 0.2439078837633133 -0.012404640205204487 -0.20955213904380798
v 0.23532989621162415 -0.04983885586261749 -0.20393243432044983
v 0.17868530750274658 -0.039737995713949203 -0.22887030243873596
v 0.23304469883441925 -0.07693511992692947 -0.20259422063827515
v 0.17378635704517365 -0.07008427381515503 -0.22558142244815826
v 0.22316180169582367 -0.11212928593158722 -0.18678805232048035
v 0.15670663118362427 -0.12473324686288834 -0.21336856484413147
v 0.2162572145462036 -0.1396048218011856 -0.18145842850208282
v 0.19826796650886536 -0.16091860830783844 -0.17832140624523163
v 0.19405217468738556 -0.17756713926792145 -0.18160903453826904
v 0.18605974316596985 -0.20808550715446472 -0.17449602484703064
v 0.1795813888311386 -0.2272244244813919 -0.1685575693845749
v 0.1742600053548813 -0.2527066767215729 -0.16055580973625183
v 0.16499954462051392 -0.28572601079940796 -0.15382029116153717
v 0.14768467843532562 -0.29065197706222534 -0.10975083708763123
v 0.18268153071403503 -0.1772926151752472 -0.1994287073612213
v 0.1647031605243683 -0.17289258539676666 -0.20835931599140167
v 0.18088501691818237 -0.20366273820400238 -0.19079071283340454
v 0.1587047427892685 -0.1985732614994049 -0.20996148884296417
v 0.17211273312568665 -0.23176467418670654 -0.1890631765127182
v 0.14831951260566711 -0.22606366872787476 -0.2066040337085724
v 0.14966560900211334 -0.26922914385795593 -0.19142481684684753
v 0.11940062046051025 -0.233274444937706 -0.20868149399757385
v 0.11878944933414459 -0.26855868101119995 -0.2022276371717453
v 0.08487313985824585 -0.2721874713897705 -0.1969367116689682
v 0.11935047805309296 -0.2894190549850464 -0.19505052268505096
v 0.09166399389505386 -0.3008667528629303 -0.18863053619861603
v 0.12184301018714905 -0.3207609951496124 -0.18330234289169312
v 0.10363097488880157 -0.330172061920166 -0.17981022596359253
v 0.1254921853542328 -0.3838472366333008 -0.1787821650505066
v 0.10414779931306839 -0.3831848204135895 -0.17394770681858063
v 0.10242418944835663 -0.41302844882011414 -0.17089304327964783
v 0.08711227774620056 -0.37991368770599365 -0.17252174019813538
v 0.09139090031385422 -0.4144236147403717 -0.1664285510778427
v 0.08020377159118652 -0.4133022427558899 -0.1577620655298233
v 0.09679768234491348 -0.4561699628829956 -0.15969178080558777
v 0.0926721841096878 -0.45756492018699646 -0.15119004249572754
v 0.10384050011634827 -0.5031467080116272 -0.16507314145565033
v 0.10070347040891647 -0.5066070556640625 -0.14760516583919525
v 0.10162678360939026 -0.5445414781570435 -0.14910580217838287
v 0.11417469382286072 -0.5397884845733643 -0.1267116814851761
v 0.1080557182431221 -0.5638014674186707 -0.12548144161701202
v 0.12875975668430328 -0.5345301032066345 -0.1199808120727539
v 0.13646173477172852 -0.5669801831245422 -0.13048046827316284
v 0.15394259989261627 -0.5505094528198242 -0.1287316381931305
v 0.1648881584405899 -0.5845552682876587 -0.12086687237024307
v 0.18785855174064636 -0.5722813010215759 -0.14331364631652832
v 0.1965341418981552 -0.5868880748748779 -0.14755234122276306
v 0.19661743938922882 -0.5827605128288269 -0.1597428172826767
v 0.20968104898929596 -0.6052190065383911 -0.1435326635837555
v 0.21284404397010803 -0.6064454913139343 -0.17159824073314667
v 0.2219397872686386 -0.630046010017395 -0.14332206547260284
v 0.2331179678440094 -0.6346043348312378 -0.18255455791950226
v 0.18972811102867126 -0.6479246020317078 -0.16769497096538544
v 0.22355377674102783 -0.6261266469955444 -0.20351751148700714
v 0.215759739279747 -0.634296715259552 -0.21404384076595306
v 0.1986900418996811 -0.6047419309616089 -0.2019020915031433
v 0.179133340716362 -0.6145693063735962 -0.21752935647964478
v 0.1809435933828354 -0.5830402970314026 -0.19272345304489136
v 0.15988123416900635 -0.5893245339393616 -0.1989765465259552
v 0.17398710548877716 -0.569903552532196 -0.19140061736106873
v 0.148919939994812 -0.5687583684921265 -0.1907491683959961
v 0.15081274509429932 -0.5512149930000305 -0.17267322540283203
v 0.13612006604671478 -0.5555806756019592 -0.1780635416507721
v 0.12711244821548462 -0.5303286910057068 -0.1785341501235962
v 0.12834125757217407 -0.558258593082428 -0.17659351229667664
v 0.1196090579032898 -0.5343533754348755 -0.17622266709804535
v 0.10684214532375336 -0.5474252700805664 -0.17419786751270294
v 0.10675099492073059 -0.5372438430786133 -0.1766413301229477
v 0.20464390516281128 -0.603926420211792 -0.18686272203922272
v 0.19044512510299683 -0.5839071869850159 -0.17845124006271362
v 0.1847326159477234 -0.5674407482147217 -0.17529290914535522
v 0.1932082325220108 -0.5713067650794983 -0.15918713808059692
v 0.1746235191822052 -0.5454767942428589 -0.15251143276691437
v 0.1674789935350418 -0.5470879077911377 -0.14015638828277588
v 0.1645790934562683 -0.5231696367263794 -0.1511821746826172
v 0.15452352166175842 -0.5160841941833496 -0.13655036687850952
v 0.14938479661941528 -0.4947982132434845 -0.13833735883235931
v 0.13356736302375793 -0.49400243163108826 -0.12571315467357635
v 0.1448393613100052 -0.4436517655849457 -0.13119067251682281
v 0.12360008805990219 -0.4497610628604889 -0.12060435116291046
v 0.11363300681114197 -0.4055196940898895 -0.11549536883831024
v 0.1106514036655426 -0.44421887397766113 -0.12632720172405243
v 0.09654896706342697 -0.4068915545940399 -0.12469583004713058
v 0.08288433402776718 -0.41211679577827454 -0.1410592794418335
v 0.09042569994926453 -0.3779943585395813 -0.12348654866218567
v 0.07264076173305511 -0.37873557209968567 -0.14083294570446014
v 0.06006956472992897 -0.33185839653015137 -0.14318668842315674
v 0.06999367475509644 -0.3807699978351593 -0.1589052826166153
v 0.06630635261535645 -0.330001562833786 -0.16732284426689148
v 0.07781456410884857 -0.3334062993526459 -0.17653872072696686
v 0.07222224771976471 -0.3004605770111084 -0.18161851167678833
v 0.09402346611022949 -0.45130378007888794 -0.1416102945804596
v 0.10708354413509369 -0.49745479226112366 -0.13195693492889404
v 0.12586072087287903 -0.49249890446662903 -0.126789391040802
v 0.14454711973667145 -0.5212764739990234 -0.12591354548931122
v 0.17067529261112213 -0.5491632223129272 -0.1695917248725891
v 0.15810909867286682 -0.5221745371818542 -0.16932883858680725
v 0.1472352147102356 -0.49193519353866577 -0.16132941842079163
v 0.15322256088256836 -0.49196866154670715 -0.14765942096710205
v 0.14602966606616974 -0.44705435633659363 -0.148741215467453
v 0.1430029571056366 -0.29720252752304077 -0.18388433754444122
v 0.1438549906015396 -0.3212052583694458 -0.17862153053283691
v 0.13971371948719025 -0.3792605698108673 -0.1793057769536972
v 0.1375163197517395 -0.41483011841773987 -0.17278963327407837
v 0.15165600180625916 -0.40391284227371216 -0.15994249284267426
v 0.14188160002231598 -0.44728749990463257 -0.1602286547422409
v 0.16707754135131836 -0.2586476504802704 -0.18018628656864166
v 0.16073614358901978 -0.2889043986797333 -0.17319504916667938
v 0.15814940631389618 -0.32045888900756836 -0.16333557665348053
v 0.15662798285484314 -0.37357643246650696 -0.16314755380153656
v 0.2515869438648224 -0.1042700707912445 -0.16782838106155396
v 0.26074251532554626 -0.08187094330787659 -0.175722137093544
v 0.265005886554718 -0.10446007549762726 -0.144245907664299
v 0.27794739603996277 -0.07204137742519379 -0.14672644436359406
v 0.27750957012176514 -0.09880436956882477 -0.12051571160554886
v 0.28009650111198425 -0.04148217663168907 -0.1424766629934311
v 0.2958693206310272 0.0018054369138553739 -0.12848684191703796
v 0.270209938287735 -0.11564469337463379 -0.1198907345533371
v 0.3021159768104553 -0.10777044296264648 -0.09895911067724228
v 0.2645929157733917 0.07404273003339767 -0.1720484346151352
v 0.23468178510665894 0.08875206857919693 -0.18576321005821228
v 0.1584807187318802 0.08865895122289658 -0.20493561029434204
v 0.07946635037660599 0.1319492608308792 -0.19128674268722534
v -0.03888220712542534 0.12918721139431 -0.1789574772119522
v -0.050340987741947174 0.17025646567344666 -0.15651929378509521
v -0.16026571393013 0.19695301353931427 -0.1468428522348404
v -0.14912764728069305 0.22638118267059326 -0.11276967823505402
v -0.23834547400474548 0.227655827999115 -0.12536950409412384
v -0.2360178679227829 0.2573402523994446 -0.09751147031784058
v -0.3109126389026642 0.26062071323394775 -0.11479822546243668
v -0.31605419516563416 0.2777771055698395 -0.07935746759176254
v -0.38612130284309387 0.2817879915237427 -0.09705519676208496
v -0.567996084690094 -0.1690947711467743 -0.1726701855659485
v -0.5834770202636719 -0.2082708477973938 -0.17387714982032776
v -0.6169292330741882 -0.20615346729755402 -0.17213618755340576
v -0.5909958481788635 -0.24355509877204895 -0.17146053910255432
v -0.6224724650382996 -0.24516765773296356 -0.17312520742416382
v -0.6021116971969604 -0.28213322162628174 -0.15745604038238525
v -0.6368270516395569 -0.28425848484039307 -0.15888182818889618
v -0.6098355054855347 -0.320210337638855 -0.11856934428215027
v -0.6531420946121216 -0.31412753462791443 -0.1292366236448288
v -0.6456019878387451 -0.3387942910194397 -0.1021580845117569
v -0.660099446773529 -0.3343794047832489 -0.10911691933870316
v -0.6642686724662781 -0.36345213651657104 -0.1049819067120552
v -0.6779143214225769 -0.3363465368747711 -0.10643545538187027
v -0.6769019961357117 -0.3648469150066376 -0.10308032482862473
v -0.6873598098754883 -0.3374902606010437 -0.1020880788564682
v -0.683600127696991 -0.36565810441970825 -0.0999973863363266
v -0.6890497803688049 -0.3427819013595581 -0.09111171960830688
v -0.6847984790802002 -0.3694106340408325 -0.09221355617046356
v -0.6845816969871521 -0.3447982966899872 -0.08011889457702637
v -0.6816299557685852 -0.37084051966667175 -0.08441811054944992
v -0.6719805002212524 -0.3472691476345062 -0.0725148618221283
v -0.6726939678192139 -0.3725927472114563 -0.07902582734823227
v -0.6586914658546448 -0.37320250272750854 -0.08239492774009705
v -0.6610281467437744 -0.3897632956504822 -0.0814066156744957
v -0.6539124846458435 -0.38771378993988037 -0.08916787058115005
v -0.6700465679168701 -0.39594098925590515 -0.09144533425569534
v -0.6564399600028992 -0.38330623507499695 -0.09862567484378815
v -0.6664685010910034 -0.3802521228790283 -0.10343936085700989
v -0.6539878845214844 -0.36658284068107605 -0.10004717111587524
v -0.678791880607605 -0.3816129267215729 -0.10158451646566391
v -0.6853256821632385 -0.38240405917167664 -0.09857732057571411
v -0.6864947080612183 -0.38606470823287964 -0.09098438918590546
v -0.6834039092063904 -0.38745951652526855 -0.08338019251823425
v -0.6746872663497925 -0.3891685903072357 -0.07812024652957916
v -0.5676901936531067 -0.20263789594173431 -0.17311446368694305
v -0.523029088973999 -0.18889160454273224 -0.16893845796585083
v -0.5220418572425842 -0.2344706654548645 -0.16380296647548676
v -0.50993412733078 -0.23592562973499298 -0.16070927679538727
v -0.5221928358078003 -0.26992180943489075 -0.15146905183792114
v -0.5058435201644897 -0.25941532850265503 -0.15568552911281586
v -0.5010853409767151 -0.28268709778785706 -0.14114613831043243
v -0.4889777898788452 -0.2583743929862976 -0.15015392005443573
v -0.4818296730518341 -0.28460606932640076 -0.13174957036972046
v -0.4647148549556732 -0.23812735080718994 -0.1601385772228241
v -0.4486371576786041 -0.246129110455513 -0.16252510249614716
v -0.45594072341918945 -0.22747226059436798 -0.19930031895637512
v -0.4184882640838623 -0.2668822109699249 -0.1585618108510971
v -0.3744381368160248 -0.264102965593338 -0.20927833020687103
v -0.374565452337265 -0.28297004103660583 -0.16102319955825806
v -0.29808124899864197 -0.2738478183746338 -0.209114670753479
v -0.2996959388256073 -0.29551276564598083 -0.1648510843515396
v -0.21681250631809235 -0.26583337783813477 -0.19472800195217133
v -0.21514926850795746 -0.2896101176738739 -0.15491712093353271
v -0.10884346812963486 -0.24186930060386658 -0.16651396453380585
v -0.10738812386989594 -0.25837618112564087 -0.13697907328605652
v -0.038633108139038086 -0.2382177710533142 -0.13042424619197845
v -0.04042457416653633 -0.26669666171073914 -0.10318311303853989
v 0.0095982002094388 -0.24440892040729523 -0.12154216319322586
v 0.012913757935166359 -0.2675911486148834 -0.10330058634281158
v 0.03409949317574501 -0.24835249781608582 -0.1358727514743805
v 0.05611900985240936 -0.2885061204433441 -0.12584908306598663
v 0.056654807180166245 -0.26224884390830994 -0.17488157749176025
v 0.061277054250240326 -0.29983723163604736 -0.1707410216331482
v -0.5186014771461487 -0.17541734874248505 -0.19265702366828918
v -0.45499005913734436 -0.2080998420715332 -0.2344212383031845
v -0.5231419205665588 -0.14415976405143738 -0.21016815304756165
v -0.4503031075000763 -0.17602978646755219 -0.25994881987571716
v -0.5329786539077759 -0.10298790782690048 -0.23205675184726715
v -0.4537637233734131 -0.13125136494636536 -0.2781515419483185
v -0.5267119407653809 -0.056724440306425095 -0.2509426474571228
v -0.4706321656703949 -0.01046813279390335 -0.27058207988739014
v -0.5253269672393799 -0.0001437861646991223 -0.24554266035556793
v -0.46882155537605286 0.04682863876223564 -0.2578776478767395
v -0.5281545519828796 0.04536846652626991 -0.23141315579414368
v -0.5255107283592224 0.07487811148166656 -0.22270765900611877
v -0.5658029317855835 0.06764297187328339 -0.22110241651535034
v -0.5674203634262085 0.09193315356969833 -0.2130589485168457
v -0.5903792977333069 0.06219249218702316 -0.22795791923999786
v -0.6079079508781433 0.09188014268875122 -0.22175103425979614
v -0.655302107334137 0.09397710114717484 -0.22807522118091583
v -0.6580177545547485 0.11145421117544174 -0.22736679017543793
v -0.7098996639251709 0.12923020124435425 -0.21651148796081543
v -0.664495587348938 0.14348378777503967 -0.2242385596036911
v -0.7286087870597839 0.19149090349674225 -0.20161859691143036
v -0.6846672296524048 0.21986359357833862 -0.19886337220668793
v -0.746269166469574 0.25558820366859436 -0.16857010126113892
v -0.6904960870742798 0.27623188495635986 -0.15686707198619843
v -0.7564258575439453 0.2906550467014313 -0.14048320055007935
v -0.6900960206985474 0.30666840076446533 -0.10828100144863129
v -0.7606157064437866 0.31431737542152405 -0.10123800486326218
v -0.7545742392539978 0.3244391977787018 -0.06503385305404663
v -0.8052880764007568 0.31803783774375916 -0.06806845217943192
v -0.8341559171676636 0.29564961791038513 -0.05679304152727127
v -0.8647720217704773 0.28075939416885376 -3.227996103305486e-06
v -0.8341559171676636 0.29564961791038513 0.056786585599184036
v -0.8727056980133057 0.278494656085968 0.0528598427772522
v -0.8660773038864136 0.2565158009529114 0.07761327922344208
v -0.868184506893158 0.23583219945430756 0.03791484609246254
v -0.8667327165603638 0.22176697850227356 0.048430804163217545
v -0.8488314151763916 0.22541990876197815 -3.227996103305486e-06
v -0.8500714898109436 0.20223553478717804 -3.227996103305486e-06
v -0.8667327165603638 0.22176697850227356 -0.04843726009130478
v -0.865700900554657 0.20105311274528503 -0.056739140301942825
v -0.8636857867240906 0.23574194312095642 -0.08979605883359909
v -0.8584083318710327 0.20713447034358978 -0.10273668169975281
v -0.82636958360672 0.22447960078716278 -0.12620864808559418
v -0.82026606798172 0.19183222949504852 -0.13662505149841309
v -0.784920334815979 0.20795856416225433 -0.1631300002336502
v -0.8089807629585266 0.13138194382190704 -0.15866227447986603
v -0.7762600779533386 0.13669133186340332 -0.1765548437833786
v -0.7612438797950745 0.07577241212129593 -0.19426581263542175
v -0.7035953998565674 0.07781994342803955 -0.21923896670341492
v -0.6468504071235657 0.04775964841246605 -0.23578937351703644
v -0.5746231079101562 0.031073687598109245 -0.23908631503582
v -0.5500009059906006 0.035587433725595474 -0.2336215078830719
v -0.7908851504325867 0.2503773272037506 -0.15292510390281677
v -0.8017480969429016 0.28019586205482483 -0.12349925935268402
v -0.811890721321106 0.303008496761322 -0.09934823960065842
v -0.8329526782035828 0.25317659974098206 -0.10948670655488968
v -0.835490345954895 0.2774336338043213 -0.09181082248687744
v -0.8660773038864136 0.2565158009529114 -0.07761973887681961
v -0.868184506893158 0.23583219945430756 -0.037921302020549774
v -0.8727056980133057 0.278494656085968 -0.05286629870533943
v -0.86819988489151 0.24775297939777374 -3.227996103305486e-06
v -0.6879231333732605 0.32075655460357666 -0.07076029479503632
v -0.5866408944129944 0.30781790614128113 -0.07756780087947845
v -0.5928395390510559 0.2845074534416199 -0.144214928150177
v -0.5494305491447449 0.28346484899520874 -0.14440689980983734
v -0.561318576335907 0.24240368604660034 -0.1905568242073059
v -0.48719438910484314 0.27457454800605774 -0.1759166121482849
v -0.5121966004371643 0.24300768971443176 -0.19936782121658325
v -0.4817037880420685 0.244576558470726 -0.18806572258472443
v -0.48194965720176697 0.1959810107946396 -0.20612482726573944
v -0.4328840374946594 0.2073337882757187 -0.16955842077732086
v -0.4188920855522156 0.1691499501466751 -0.1975921392440796
v -0.3669308125972748 0.2094946652650833 -0.15002088248729706
v -0.37740200757980347 0.15525075793266296 -0.20526222884655
v -0.27659735083580017 0.17385351657867432 -0.1739000678062439
v -0.22449301183223724 0.07596061378717422 -0.24107243120670319
v -0.14721691608428955 0.13449712097644806 -0.1945243924856186
v -0.1072993129491806 0.05725756287574768 -0.22465060651302338
v -0.03566621616482735 0.06191385164856911 -0.21236233413219452
v -0.03772484138607979 0.02882791869342327 -0.2208094447851181
v 0.08803988248109818 0.0691215917468071 -0.20994430780410767
v 0.09143280237913132 0.03406279534101486 -0.21703565120697021
v 0.16891340911388397 0.044590745121240616 -0.22554025053977966
v 0.09346134960651398 -0.0026583464350551367 -0.22313007712364197
v 0.1796739399433136 -0.01603572815656662 -0.2320055365562439
v 0.09414256364107132 -0.04009488970041275 -0.2268417477607727
v 0.24298815429210663 0.038730185478925705 -0.20272977650165558
v -0.3246791362762451 0.23257555067539215 -0.13628928363323212
v -0.3911896347999573 0.2641085386276245 -0.13628946244716644
v -0.4353647232055664 0.2905062437057495 -0.09205275028944016
v -0.4036395847797394 0.24320754408836365 -0.14677658677101135
v -0.443554162979126 0.28284651041030884 -0.12991102039813995
v -0.45772019028663635 0.2940288186073303 -0.09478094428777695
v -0.5163019895553589 0.304534912109375 -0.07768688350915909
v -0.45525845885276794 0.26839953660964966 -0.161676287651062
v -0.4662865698337555 0.29029619693756104 -0.12931720912456512
v -0.598865807056427 0.23669692873954773 -0.19370102882385254
v -0.6150299310684204 0.184190034866333 -0.2097240537405014
v -0.6154226064682007 0.13145680725574493 -0.21558783948421478
v -0.5585018992424011 0.19694514572620392 -0.2047201693058014
v -0.5644605755805969 0.13904829323291779 -0.2075192779302597
v -0.527527928352356 0.11154535412788391 -0.21657954156398773
v -0.4555874168872833 0.09662722051143646 -0.24214400351047516
v -0.4045568108558655 0.06979849189519882 -0.26091259717941284
v -0.39678335189819336 0.023416830226778984 -0.27817589044570923
v -0.31945714354515076 0.02596917562186718 -0.2837134003639221
v -0.2999866008758545 -0.03199984133243561 -0.30124762654304504
v -0.20062671601772308 -0.005618801340460777 -0.27276891469955444
v -0.19776135683059692 -0.04643411934375763 -0.2763056457042694
v -0.11130698770284653 -0.009841013699769974 -0.24294017255306244
v -0.10673809051513672 -0.039838455617427826 -0.24540208280086517
v -0.03484533727169037 -0.024241089820861816 -0.2282818704843521
v -0.031896695494651794 -0.06129602715373039 -0.2226163148880005
v 0.09673250466585159 -0.079563207924366 -0.23121976852416992
v -0.0337064228951931 0.0015237531624734402 -0.22495414316654205
v -0.10731757432222366 0.02041805349290371 -0.2365628033876419
v -0.392508327960968 -0.06747426837682724 -0.3026825487613678
v -0.3967658579349518 -0.16186358034610748 -0.29245725274086
v -0.3939119279384613 -0.21061260998249054 -0.2679394781589508
v -0.3831843137741089 -0.24535657465457916 -0.24235118925571442
v -0.2994065582752228 -0.11040318757295609 -0.30468103289604187
v -0.2943060100078583 -0.16977471113204956 -0.29468992352485657
v -0.2911134660243988 -0.21986034512519836 -0.26933553814888
v -0.29774174094200134 -0.25670433044433594 -0.23513109982013702
v -0.5143269896507263 0.18796026706695557 -0.21157746016979218
v -0.464334100484848 0.15056617558002472 -0.22185076773166656
v -0.40942874550819397 0.13855208456516266 -0.2245965301990509
v -0.33860376477241516 0.07232630252838135 -0.26276764273643494
v -0.20287390053272247 0.023150188848376274 -0.2636479437351227
v -0.5698202848434448 -0.1629691869020462 -0.18424895405769348
v -0.5710199475288391 -0.14143425226211548 -0.19952182471752167
v -0.5680406093597412 -0.10032704472541809 -0.22879545390605927
v -0.6114994883537292 -0.12966136634349823 -0.2270740121603012
v -0.5956143736839294 -0.07336599379777908 -0.25194311141967773
v -0.6305850148200989 -0.08088639378547668 -0.2462383508682251
v -0.636281430721283 -0.025539377704262733 -0.24988053739070892
v -0.6782935857772827 -0.049417492002248764 -0.2398989498615265
v -0.6850418448448181 0.007617649156600237 -0.23111017048358917
v -0.7359927296638489 -0.0003946691285818815 -0.21775230765342712
v -0.7029472589492798 0.0412323884665966 -0.2215810865163803
v -0.7490831017494202 0.03403826057910919 -0.20861290395259857
v -0.553158164024353 -0.05547987297177315 -0.24659346044063568
v -0.5436397790908813 0.0006464686593972147 -0.24458245933055878
v -0.5736154317855835 -0.00276722339913249 -0.2528320550918579
v -0.6396185755729675 0.007875695824623108 -0.24556216597557068
v -0.6448957324028015 -0.23991326987743378 -0.17305967211723328
v -0.6679106950759888 -0.2766852378845215 -0.15856808423995972
v -0.6934873461723328 -0.313772052526474 -0.13423386216163635
v -0.7073471546173096 -0.32814493775367737 -0.12763606011867523
v -0.7218266129493713 -0.3554716408252716 -0.15725189447402954
v -0.7346799969673157 -0.36047089099884033 -0.13906726241111755
v -0.7377192378044128 -0.38983744382858276 -0.15371213853359222
v -0.7483223676681519 -0.3922587037086487 -0.14473244547843933
v -0.7465687394142151 -0.4200121760368347 -0.158363938331604
v -0.7668769955635071 -0.4240257740020752 -0.14863376319408417
v -0.7494348287582397 -0.4557659327983856 -0.16130827367305756
v -0.7648642063140869 -0.45895132422447205 -0.15197260677814484
v -0.7482579946517944 -0.5041181445121765 -0.16378703713417053
v -0.7656899094581604 -0.5033223032951355 -0.15116283297538757
v -0.7425945401191711 -0.525404155254364 -0.16200004518032074
v -0.7535893321037292 -0.5305964350700378 -0.15136320888996124
v -0.7432346940040588 -0.5598294138908386 -0.15418130159378052
v -0.7709883451461792 -0.5438498854637146 -0.14543049037456512
v -0.7625000476837158 -0.5763000845909119 -0.15593014657497406
v -0.7938055992126465 -0.573121190071106 -0.15093111991882324
v -0.781065821647644 -0.5837157368659973 -0.17488229274749756
v -0.8002553582191467 -0.5765172839164734 -0.17013412714004517
v -0.7800019979476929 -0.576964259147644 -0.19254635274410248
v -0.7977742552757263 -0.5736058950424194 -0.20078645646572113
v -0.7818590998649597 -0.5687221884727478 -0.19769562780857086
v -0.7951430082321167 -0.5567449927330017 -0.19964754581451416
v -0.7714494466781616 -0.5675784349441528 -0.20204320549964905
v -0.7810729146003723 -0.5436733365058899 -0.20167233049869537
v -0.7728036046028137 -0.5396485924720764 -0.20398381352424622
v -0.787971556186676 -0.5113126039505005 -0.19487503170967102
v -0.7762776613235474 -0.5054205656051636 -0.1872129887342453
v -0.7861326336860657 -0.46528714895248413 -0.1833084523677826
v -0.7701873779296875 -0.4639127552509308 -0.18953700363636017
v -0.7915541529655457 -0.4189077913761139 -0.17941376566886902
v -0.7729318737983704 -0.4142729938030243 -0.18759781122207642
v -0.79973965883255 -0.37784141302108765 -0.18003158271312714
v -0.7782366275787354 -0.3827618360519409 -0.1918572634458542
v -0.7827426195144653 -0.3346075415611267 -0.19480590522289276
v -0.7621250748634338 -0.34044408798217773 -0.1984235644340515
v -0.7523936033248901 -0.2640981376171112 -0.1953599750995636
v -0.733039140701294 -0.27417731285095215 -0.20214436948299408
v -0.7379859089851379 -0.23259790241718292 -0.20300105214118958
v -0.6919816732406616 -0.22368232905864716 -0.21317033469676971
v -0.7299243211746216 -0.18569834530353546 -0.21836867928504944
v -0.6739095449447632 -0.1651855856180191 -0.22584734857082367
v -0.7233882546424866 -0.11706904321908951 -0.22994492948055267
v -0.672407329082489 -0.09770557284355164 -0.240702822804451
v -0.724448561668396 -0.06801668554544449 -0.2294970601797104
v -0.6391067504882812 -0.1533869206905365 -0.2246493399143219
v -0.6635035276412964 -0.22304663062095642 -0.20900094509124756
v -0.699018120765686 -0.2856960892677307 -0.19417575001716614
v -0.7164790630340576 -0.2831406891345978 -0.20005403459072113
v -0.7264565825462341 -0.3471221327781677 -0.1799117773771286
v -0.743043065071106 -0.343596875667572 -0.1940319538116455
v -0.7356598973274231 -0.3818190097808838 -0.1760038286447525
v -0.7496790885925293 -0.3839118480682373 -0.19044813513755798
v -0.753344714641571 -0.41087454557418823 -0.18535758554935455
v -0.771439254283905 -0.3839854598045349 -0.1928296536207199
v -0.6143124103546143 -0.1733730286359787 -0.20202332735061646
v -0.6156209111213684 -0.18976335227489471 -0.1870797574520111
v -0.6850669384002686 -0.28187158703804016 -0.17693716287612915
v -0.7119253873825073 -0.32698506116867065 -0.16503141820430756
v -0.742428183555603 -0.41275784373283386 -0.17626222968101501
v -0.7451744675636292 -0.457800030708313 -0.17534339427947998
v -0.7551811337471008 -0.4634842276573181 -0.18746422231197357
v -0.7440283894538879 -0.5012884140014648 -0.17310909926891327
v -0.7506269216537476 -0.5012550950050354 -0.18677908182144165
v -0.7386428713798523 -0.5314944386482239 -0.19477851688861847
v -0.7602679133415222 -0.534010112285614 -0.19559437036514282
v -0.7466842532157898 -0.5605349540710449 -0.19812288880348206
v -0.7628766894340515 -0.5649005770683289 -0.2035132199525833
v -0.7487702369689941 -0.5780783295631409 -0.21619883179664612
v -0.765270471572876 -0.5870105624198914 -0.2130005657672882
v -0.7574290633201599 -0.6044054627418518 -0.22131463885307312
v -0.7740634679794312 -0.5967272520065308 -0.20717276632785797
v -0.7694757580757141 -0.6160358190536499 -0.21437281370162964
v -0.775858998298645 -0.6057714223861694 -0.18036606907844543
v -0.774530291557312 -0.6252516508102417 -0.18366284668445587
v -0.7544394135475159 -0.6305363178253174 -0.15104016661643982
v -0.7559049129486084 -0.6504943370819092 -0.18884703516960144
v -0.7423178553581238 -0.6464053392410278 -0.14867441356182098
v -0.7272829413414001 -0.6574313044548035 -0.18967972695827484
v -0.7178840637207031 -0.6511077880859375 -0.15098483860492706
v -0.7037966251373291 -0.6572445034980774 -0.19314463436603546
v -0.694676399230957 -0.6503694653511047 -0.15669426321983337
v -0.6682968139648438 -0.6393659114837646 -0.16877172887325287
v -0.6818068623542786 -0.614538848400116 -0.16898232698440552
v -0.6783210039138794 -0.615765392780304 -0.19704793393611908
v -0.6962040662765503 -0.5920804738998413 -0.18519248068332672
v -0.7030064463615417 -0.5932270884513855 -0.20390090346336365
v -0.6999610662460327 -0.5806267261505127 -0.18463681638240814
v -0.7093019485473633 -0.5767606496810913 -0.20074257254600525
v -0.7204428315162659 -0.5547966957092285 -0.17796111106872559
v -0.7247942090034485 -0.5584831237792969 -0.19504138827323914
v -0.7315125465393066 -0.5324895977973938 -0.1766318529844284
v -0.7211443185806274 -0.5792234539985657 -0.21685031056404114
v -0.7134777307510376 -0.5923601984977722 -0.21817311644554138
v -0.7366899251937866 -0.5986444354057312 -0.22442622482776642
v -0.7154728770256042 -0.6238892674446106 -0.2429790198802948
v -0.7465726733207703 -0.6316967010498047 -0.23685576021671295
v -0.7378333210945129 -0.6523905396461487 -0.24120888113975525
v -0.7587682008743286 -0.6398975849151611 -0.22438092529773712
v -0.6873582005500793 -0.6132463216781616 -0.21231238543987274
v -0.693919837474823 -0.6140618324279785 -0.22735175490379333
v -0.6665180921554565 -0.6354465484619141 -0.22896717488765717
v -0.6751077175140381 -0.6436166167259216 -0.23949353396892548
v -0.6926606297492981 -0.6513320207595825 -0.2466307133436203
v -0.7283167839050293 -0.556407630443573 -0.1656060665845871
v -0.7058570981025696 -0.5816012024879456 -0.16876332461833954
v -0.766350507736206 -0.5049049854278564 -0.18486477434635162
v -0.8008906841278076 -0.5538613796234131 -0.1745554804801941
v -0.7952435612678528 -0.5465637445449829 -0.2020910233259201
v -0.8019083738327026 -0.5159270167350769 -0.17305484414100647
v -0.7984509468078613 -0.512466549873352 -0.19052280485630035
v -0.8032813668251038 -0.4670023024082184 -0.17105689644813538
v -0.7870621085166931 -0.5491083860397339 -0.1521613448858261
v -0.7948769927024841 -0.5067747235298157 -0.15740661323070526
v -0.8077155947685242 -0.466202050447464 -0.16202689707279205
v -0.7944318652153015 -0.462595671415329 -0.15430380403995514
v -0.8148789405822754 -0.42804956436157227 -0.15504802763462067
v -0.8018819093704224 -0.4230426251888275 -0.14820004999637604
v -0.824134349822998 -0.37858691811561584 -0.1512613296508789
v -0.816782534122467 -0.37695807218551636 -0.13858841359615326
v -0.8093623518943787 -0.33351340889930725 -0.12482405453920364
v -0.7788736820220947 -0.337490439414978 -0.1254846602678299
v -0.7956706881523132 -0.2894616723060608 -0.11522764712572098
v -0.7660500407218933 -0.3083164095878601 -0.11435035616159439
v -0.7974728941917419 -0.2924860715866089 -0.07872892171144485
v -0.7627394795417786 -0.3119770288467407 -0.07733267545700073
v -0.789623498916626 -0.29431459307670593 -3.227996103305486e-06
v -0.7608400583267212 -0.30907532572746277 -3.227996103305486e-06
v -0.7627394795417786 -0.3119770288467407 0.0773262232542038
v -0.7217771410942078 -0.3250786364078522 -3.227996103305486e-06
v -0.730653703212738 -0.3262147009372711 0.07925037294626236
v -0.6845816969871521 -0.3447982966899872 0.08011243492364883
v -0.6890497803688049 -0.3427819013595581 0.09110526740550995
v -0.6847984790802002 -0.3694106340408325 0.09220711141824722
v -0.683600127696991 -0.36565810441970825 0.09999094158411026
v -0.6853256821632385 -0.38240405917167664 0.09857087582349777
v -0.678791880607605 -0.3816129267215729 0.10157807171344757
v -0.6700465679168701 -0.39594098925590515 0.091438889503479
v -0.6664685010910034 -0.3802521228790283 0.10343291610479355
v -0.6564399600028992 -0.38330623507499695 0.09861922264099121
v -0.6539878845214844 -0.36658284068107605 0.10004071891307831
v -0.6513966917991638 -0.3711012601852417 0.09034492075443268
v -0.6419481635093689 -0.3451661169528961 0.08847913891077042
v -0.6522347927093506 -0.34812888503074646 0.07725942879915237
v -0.6243326663970947 -0.34084704518318176 -3.227996103305486e-06
v -0.6719805002212524 -0.3472691476345062 0.07250840216875076
v -0.6796419024467468 -0.3379644751548767 -3.227996103305486e-06
v -0.6522347927093506 -0.34812888503074646 -0.07726588100194931
v -0.6419481635093689 -0.3451661169528961 -0.08848559856414795
v -0.6513966917991638 -0.3711012601852417 -0.09035136550664902
v -0.6188802123069763 -0.3417527675628662 -0.08427323400974274
v -0.5936296582221985 -0.3416840136051178 -0.07983130216598511
v -0.5883580446243286 -0.346945583820343 -0.06491083651781082
v -0.5873746275901794 -0.3686320185661316 -0.08421414345502853
v -0.5836364030838013 -0.3723631799221039 -0.0736333578824997
v -0.5878710150718689 -0.3853050768375397 -0.08318124711513519
v -0.5842245221138 -0.38894474506378174 -0.07286011427640915
v -0.5707314014434814 -0.3938780725002289 -0.08073759824037552
v -0.5737709999084473 -0.3865970969200134 -0.06603147834539413
v -0.5593498349189758 -0.3851713240146637 -0.07060431689023972
v -0.5729199647903442 -0.3699566125869751 -0.06663299351930618
v -0.5581359267234802 -0.36849483847618103 -0.0713207945227623
v -0.5732463598251343 -0.34355175495147705 -0.055039189755916595
v -0.552398681640625 -0.3414904475212097 -0.061649713665246964
v -0.5261681079864502 -0.32007333636283875 -3.227996103305486e-06
v -0.5410909056663513 -0.333787202835083 -0.07191353291273117
v -0.5197604298591614 -0.32219552993774414 -0.07281230390071869
v -0.5168495774269104 -0.3047574758529663 -0.10858309268951416
v -0.4861215054988861 -0.3098984956741333 -0.06413795053958893
v -0.4906752407550812 -0.29145458340644836 -0.10845182836055756
v -0.47593989968299866 -0.3022805154323578 -0.08985210955142975
v -0.46893420815467834 -0.3027862310409546 -0.10863646119832993
v -0.4541170299053192 -0.3094504773616791 -0.10217241942882538
v -0.45030489563941956 -0.3037510812282562 -0.12874937057495117
v -0.43070560693740845 -0.3091154396533966 -0.09991268068552017
v -0.4235112965106964 -0.30252817273139954 -0.12308865040540695
v -0.39899230003356934 -0.3208003640174866 -0.1226966604590416
v -0.39926677942276 -0.31183305382728577 -0.1302335262298584
v -0.3779415190219879 -0.32390034198760986 -0.1376343071460724
v -0.3494250476360321 -0.3258552849292755 -0.13762374222278595
v -0.3256441652774811 -0.32279327511787415 -0.1466793417930603
v -0.30487656593322754 -0.32656747102737427 -0.14383403956890106
v -0.3011167347431183 -0.3303409218788147 -0.10096975415945053
v -0.279591828584671 -0.3197266459465027 -0.1474570780992508
v -0.22072261571884155 -0.3229295611381531 -0.09973396360874176
v -0.21791739761829376 -0.30845680832862854 -0.14330381155014038
v -0.11615148186683655 -0.27921056747436523 -0.12041130661964417
v -0.040372636169195175 -0.2746203541755676 -0.07513328641653061
v -0.11786773800849915 -0.2982952296733856 -0.07198408991098404
v -0.03777462616562843 -0.2852170765399933 -3.227996103305486e-06
v -0.12389984726905823 -0.30571410059928894 -3.227996103305486e-06
v -0.11786773800849915 -0.2982952296733856 0.0719776302576065
v -0.22404102981090546 -0.32964450120925903 0.06864022463560104
v -0.22072261571884155 -0.3229295611381531 0.09972751140594482
v -0.3011167347431183 -0.3303409218788147 0.10096330940723419
v -0.279591828584671 -0.3197266459465027 0.14745062589645386
v -0.30487656593322754 -0.32656747102737427 0.14382758736610413
v -0.3256441652774811 -0.32279327511787415 0.14667290449142456
v -0.3494250476360321 -0.3258552849292755 0.137617290019989
v -0.3779415190219879 -0.32390034198760986 0.13762786984443665
v -0.3788881003856659 -0.32723450660705566 0.08930950611829758
v -0.39899230003356934 -0.3208003640174866 0.12269020825624466
v -0.4024154543876648 -0.3232273757457733 0.08470479398965836
v -0.43070560693740845 -0.3091154396533966 0.09990623593330383
v -0.4375750720500946 -0.3120730221271515 0.0867098942399025
v -0.4541170299053192 -0.3094504773616791 0.10216597467660904
v -0.4557679295539856 -0.31007900834083557 0.08065163344144821
v -0.47593989968299866 -0.3022805154323578 0.08984566479921341
v -0.4861215054988861 -0.3098984956741333 0.06413149833679199
v -0.4906752407550812 -0.29145458340644836 0.10844538360834122
v -0.5168495774269104 -0.3047574758529663 0.10857664793729782
v -0.5224267244338989 -0.2837325632572174 0.13903968036174774
v -0.5687060952186584 -0.3170691728591919 0.117610402405262
v -0.5709459781646729 -0.28591188788414 0.14850644767284393
v -0.6098355054855347 -0.320210337638855 0.11856289952993393
v -0.6021116971969604 -0.28213322162628174 0.15744958817958832
v -0.6368270516395569 -0.28425848484039307 0.15887537598609924
v -0.6224724650382996 -0.24516765773296356 0.17311877012252808
v -0.6448957324028015 -0.23991326987743378 0.17305323481559753
v -0.22404102981090546 -0.32964450120925903 -0.06864668428897858
v -0.2976713180541992 -0.33743083477020264 -0.06948528438806534
v -0.23164238035678864 -0.33353057503700256 -3.227996103305486e-06
v -0.29884085059165955 -0.3393542468547821 -3.227996103305486e-06
v -0.2976713180541992 -0.33743083477020264 0.0694788247346878
v -0.37506169080734253 -0.333072692155838 -3.227996103305486e-06
v -0.3780176639556885 -0.3325444161891937 0.0667286068201065
v -0.45215222239494324 -0.31386035680770874 0.06282012909650803
v -0.4538043737411499 -0.3148219883441925 -3.227996103305486e-06
v -0.3780176639556885 -0.3325444161891937 -0.06673506647348404
v -0.3788881003856659 -0.32723450660705566 -0.08931596577167511
v -0.4024154543876648 -0.3232273757457733 -0.08471125364303589
v -0.4375750720500946 -0.3120730221271515 -0.08671634644269943
v -0.4557679295539856 -0.31007900834083557 -0.08065808564424515
v 0.015216663479804993 -0.2805913984775543 -0.07781492173671722
v 0.027041472494602203 -0.28308752179145813 -3.227996103305486e-06
v 0.08263345807790756 -0.29184943437576294 -0.11159960180521011
v 0.10435909032821655 -0.290893018245697 -0.10779373347759247
v 0.1077815592288971 -0.3069460988044739 -0.11892607063055038
v 0.1528310924768448 -0.3192252218723297 -0.11689750850200653
v 0.16379329562187195 -0.31741389632225037 -0.14771313965320587
v 0.16282416880130768 -0.3732587397098541 -0.14589715003967285
v -0.4921794533729553 -0.3126301169395447 -3.227996103305486e-06
v -0.5197604298591614 -0.32219552993774414 0.07280584424734116
v -0.45215222239494324 -0.31386035680770874 -0.06282658874988556
v -0.5786536335945129 -0.33556076884269714 -3.227996103305486e-06
v -0.5732463598251343 -0.34355175495147705 0.05503273010253906
v -0.552398681640625 -0.3414904475212097 0.06164325773715973
v -0.5410909056663513 -0.333787202835083 0.07190708070993423
v -0.5501171350479126 -0.3630320131778717 0.07859280705451965
v -0.550558865070343 -0.3337691128253937 0.08754903078079224
v -0.5568313002586365 -0.36301928758621216 0.08968521654605865
v -0.568414032459259 -0.3609105050563812 0.09810671955347061
v -0.5693756937980652 -0.3777731955051422 0.09673286229372025
v -0.5810028314590454 -0.3677026033401489 0.09146055579185486
v -0.5816555023193359 -0.3843984007835388 0.09024965763092041
v -0.5873746275901794 -0.3686320185661316 0.084207683801651
v -0.5878710150718689 -0.3853050768375397 0.08317478746175766
v -0.5836364030838013 -0.3723631799221039 0.07362690567970276
v -0.5842245221138 -0.38894474506378174 0.07285366207361221
v -0.5737709999084473 -0.3865970969200134 0.0660250261425972
v -0.5707314014434814 -0.3938780725002289 0.08073113858699799
v -0.5593498349189758 -0.3851713240146637 0.07059786468744278
v -0.551527738571167 -0.379842609167099 0.07769779860973358
v -0.5581359267234802 -0.36849483847618103 0.07131433486938477
v -0.5729199647903442 -0.3699566125869751 0.06662653386592865
v -0.5883580446243286 -0.346945583820343 0.06490437686443329
v -0.6188802123069763 -0.3417527675628662 0.0842667743563652
v -0.6456019878387451 -0.3387942910194397 0.10215163975954056
v -0.6531420946121216 -0.31412753462791443 0.12923017144203186
v -0.660099446773529 -0.3343794047832489 0.10911046713590622
v -0.6934873461723328 -0.313772052526474 0.1342274248600006
v -0.6779143214225769 -0.3363465368747711 0.10642901062965393
v -0.6873598098754883 -0.3374902606010437 0.10208163410425186
v -0.6769019961357117 -0.3648469150066376 0.10307388007640839
v -0.6642686724662781 -0.36345213651657104 0.10497546195983887
v -0.7425785660743713 -0.32117196917533875 0.11741074174642563
v -0.6679106950759888 -0.2766852378845215 0.15856163203716278
v -0.6850669384002686 -0.28187158703804016 0.1769307255744934
v -0.7119253873825073 -0.32698506116867065 0.16502496600151062
v -0.699018120765686 -0.2856960892677307 0.1941693127155304
v -0.7264565825462341 -0.3471221327781677 0.17990532517433167
v -0.7164790630340576 -0.2831406891345978 0.2000475823879242
v -0.743043065071106 -0.343596875667572 0.19402551651000977
v -0.733039140701294 -0.27417731285095215 0.20213791728019714
v -0.7621250748634338 -0.34044408798217773 0.19841712713241577
v -0.7523936033248901 -0.2640981376171112 0.19535352289676666
v -0.7827426195144653 -0.3346075415611267 0.19479945302009583
v -0.7749249339103699 -0.25831833481788635 0.17255468666553497
v -0.8051960468292236 -0.33057907223701477 0.17470607161521912
v -0.8023487329483032 -0.2808297574520111 0.16503660380840302
v -0.8289276957511902 -0.3213771879673004 0.1617194414138794
v -0.8066275119781494 -0.27208754420280457 0.1590283066034317
v -0.8303604125976562 -0.3216746151447296 0.1365358680486679
v -0.8104353547096252 -0.2722409963607788 0.12048884481191635
v -0.7956706881523132 -0.2894616723060608 0.11522120237350464
v -0.7974728941917419 -0.2924860715866089 0.07872246205806732
v -0.7660500407218933 -0.3083164095878601 0.11434391140937805
v -0.8202541470527649 -0.2718994915485382 0.07276841998100281
v -0.8158854842185974 -0.27374324202537537 -3.227996103305486e-06
v -0.8409881591796875 -0.24357371032238007 0.06769220530986786
v -0.8345854878425598 -0.2508588135242462 -3.227996103305486e-06
v -0.8556215763092041 -0.21029473841190338 0.05977175012230873
v -0.8575901389122009 -0.21071484684944153 -3.227996103305486e-06
v -0.8640258312225342 -0.17718015611171722 0.05736302584409714
v -0.8626425266265869 -0.1721007078886032 -3.227996103305486e-06
v -0.8622496128082275 -0.13678047060966492 0.05922091752290726
v -0.8617138266563416 -0.13520783185958862 -3.227996103305486e-06
v -0.8515101671218872 -0.06887480616569519 0.060611970722675323
v -0.8552736043930054 -0.06993080675601959 -3.227996103305486e-06
v -0.8456250429153442 -0.015492238104343414 -3.227996103305486e-06
v -0.8515101671218872 -0.06887480616569519 -0.06061842665076256
v -0.8432039618492126 -0.01689295843243599 -0.06175769492983818
v -0.8478115797042847 -0.06816155463457108 -0.07636997103691101
v -0.8359453678131104 -0.01795039139688015 -0.07829752564430237
v -0.8354183435440063 -0.06299544125795364 -0.10043467581272125
v -0.8253923654556274 -0.020138679072260857 -0.09784902632236481
v -0.815521240234375 -0.06145952269434929 -0.12017009407281876
v -0.8231491446495056 -0.028686249628663063 -0.1310339868068695
v -0.8139030337333679 -0.0676368698477745 -0.1336742639541626
v -0.8065241575241089 -0.02644728496670723 -0.1705535352230072
v -0.7930900454521179 -0.08210571110248566 -0.17623966932296753
v -0.7591969966888428 -0.06966022402048111 -0.20816071331501007
v -0.7828721404075623 -0.12857958674430847 -0.18185526132583618
v -0.758327066898346 -0.12577134370803833 -0.2041623741388321
v -0.7629461288452148 -0.18497365713119507 -0.19071996212005615
v -0.7918912172317505 -0.13702920079231262 -0.14216989278793335
v -0.8195631504058838 -0.13533014059066772 -0.13039451837539673
v -0.8431592583656311 -0.13721221685409546 -0.1163002997636795
v -0.8603111505508423 -0.13758666813373566 -0.07992155104875565
v -0.8622496128082275 -0.13678047060966492 -0.05922737717628479
v -0.8640258312225342 -0.17718015611171722 -0.05736948177218437
v -0.8556215763092041 -0.21029473841190338 -0.059778206050395966
v -0.8409881591796875 -0.24357371032238007 -0.06769866496324539
v -0.8202541470527649 -0.2718994915485382 -0.07277487963438034
v -0.8366976976394653 -0.24438205361366272 -0.10176144540309906
v -0.8104353547096252 -0.2722409963607788 -0.12049528956413269
v -0.801246702671051 -0.25069084763526917 -0.12975862622261047
v -0.8066275119781494 -0.27208754420280457 -0.15903475880622864
v -0.7983591556549072 -0.2505708634853363 -0.15866568684577942
v -0.7749249339103699 -0.25831833481788635 -0.17256112396717072
v -0.7907829880714417 -0.21696418523788452 -0.16390986740589142
v -0.7679868936538696 -0.23169159889221191 -0.17926029860973358
v -0.8051960468292236 -0.33057907223701477 -0.17471252381801605
v -0.8023487329483032 -0.2808297574520111 -0.16504305601119995
v -0.8289276957511902 -0.3213771879673004 -0.16172587871551514
v -0.8303604125976562 -0.3216746151447296 -0.13654230535030365
v -0.8220234513282776 -0.37812525033950806 -0.1668957620859146
v -0.810817539691925 -0.41900986433029175 -0.17018607258796692
v -0.8606845140457153 -0.17891466617584229 -0.08321938663721085
v -0.8541160225868225 -0.21347080171108246 -0.09054494649171829
v -0.8396005034446716 -0.1824963390827179 -0.12091916054487228
v -0.8292999863624573 -0.21755512058734894 -0.12397310137748718
v -0.8047307729721069 -0.1796828955411911 -0.13721223175525665
v -0.7911913394927979 -0.21422898769378662 -0.14050522446632385
v -0.7837246656417847 -0.18151304125785828 -0.1722065657377243
v -0.7860733866691589 -0.1759309321641922 -0.14682047069072723
v -0.8366976976394653 -0.24438205361366272 0.10175499320030212
v -0.8541160225868225 -0.21347080171108246 0.09053850173950195
v -0.8606845140457153 -0.17891466617584229 0.08321292698383331
v -0.8603111505508423 -0.13758666813373566 0.07991509139537811
v -0.7983591556549072 -0.2505708634853363 0.15865923464298248
v -0.801246702671051 -0.25069084763526917 0.12975217401981354
v -0.7911913394927979 -0.21422898769378662 0.14049877226352692
v -0.8292999863624573 -0.21755512058734894 0.12396664917469025
v -0.8047307729721069 -0.1796828955411911 0.13720577955245972
v -0.8396005034446716 -0.1824963390827179 0.12091271579265594
v -0.8195631504058838 -0.13533014059066772 0.1303880661725998
v -0.8431592583656311 -0.13721221685409546 0.11629384756088257
v -0.8354183435440063 -0.06299544125795364 0.10042823106050491
v -0.8478115797042847 -0.06816155463457108 0.07636351883411407
v -0.8432039618492126 -0.01689295843243599 0.061751239001750946
v -0.8369673490524292 0.028144389390945435 0.06060945987701416
v -0.839994490146637 0.03319517895579338 -3.227996103305486e-06
v -0.8371890783309937 0.07306856662034988 0.05765867605805397
v -0.8385953307151794 0.0775221437215805 -3.227996103305486e-06
v -0.8426223397254944 0.11151401698589325 -3.227996103305486e-06
v -0.8371890783309937 0.07306856662034988 -0.057665131986141205
v -0.8407523036003113 0.12009453773498535 -0.05025682970881462
v -0.8541362881660461 0.11940152943134308 -0.07526382803916931
v -0.8446235060691833 0.143881157040596 -0.0516665056347847
v -0.86005699634552 0.1609177440404892 -0.06639482080936432
v -0.8528055548667908 0.1571052521467209 -3.227996103305486e-06
v -0.8525307178497314 0.17390546202659607 -3.227996103305486e-06
v -0.86005699634552 0.1609177440404892 0.06638836860656738
v -0.8615032434463501 0.18086177110671997 0.0653572604060173
v -0.8556737899780273 0.17566180229187012 0.11016378551721573
v -0.8584083318710327 0.20713447034358978 0.10273023694753647
v -0.82026606798172 0.19183222949504852 0.13661859929561615
v -0.82636958360672 0.22447960078716278 0.12620221078395844
v -0.784920334815979 0.20795856416225433 0.16312356293201447
v -0.7908851504325867 0.2503773272037506 0.15291865170001984
v -0.7762600779533386 0.13669133186340332 0.17654839158058167
v -0.7612438797950745 0.07577241212129593 0.194259375333786
v -0.7490831017494202 0.03403826057910919 0.20860645174980164
v -0.7029472589492798 0.0412323884665966 0.22157464921474457
v -0.7359927296638489 -0.0003946691285818815 0.2177458554506302
v -0.6850418448448181 0.007617649156600237 0.23110371828079224
v -0.6782935857772827 -0.049417492002248764 0.23989249765872955
v -0.672407329082489 -0.09770557284355164 0.24069637060165405
v -0.6739095449447632 -0.1651855856180191 0.22584091126918793
v -0.6919816732406616 -0.22368232905864716 0.21316388249397278
v -0.7379859089851379 -0.23259790241718292 0.20299459993839264
v -0.7679868936538696 -0.23169159889221191 0.17925384640693665
v -0.8369673490524292 0.028144389390945435 -0.06061591953039169
v -0.5580771565437317 -0.3798300325870514 0.08851800113916397
v -0.5668922066688538 -0.3307955861091614 0.09942451864480972
v -0.5846443772315979 -0.34037336707115173 0.09005231410264969
v -0.5936296582221985 -0.3416840136051178 0.07982484251260757
v -0.6816299557685852 -0.37084051966667175 0.08441165089607239
v -0.6864947080612183 -0.38606470823287964 0.09097794443368912
v -0.730653703212738 -0.3262147009372711 -0.07925683259963989
v -0.7741832733154297 -0.501818835735321 -0.15223906934261322
v -0.7841652035713196 -0.46375012397766113 -0.15333768725395203
v -0.7833269238471985 -0.4243307411670685 -0.1469493955373764
v -0.7864492535591125 -0.38887685537338257 -0.1362273246049881
v -0.5695456266403198 -0.24125202000141144 -0.16849614679813385
v -0.5709459781646729 -0.28591188788414 -0.14851288497447968
v -0.5224267244338989 -0.2837325632572174 -0.13904613256454468
v -0.5687060952186584 -0.3170691728591919 -0.11761684715747833
v -0.5668922066688538 -0.3307955861091614 -0.09943097084760666
v -0.550558865070343 -0.3337691128253937 -0.08755549043416977
v -0.568414032459259 -0.3609105050563812 -0.09811316430568695
v -0.5568313002586365 -0.36301928758621216 -0.089691661298275
v -0.5693756937980652 -0.3777731955051422 -0.09673930704593658
v -0.5580771565437317 -0.3798300325870514 -0.0885244607925415
v -0.551527738571167 -0.379842609167099 -0.07770425826311111
v -0.5501171350479126 -0.3630320131778717 -0.07859926670789719
v -0.4188777506351471 -0.28863486647605896 -0.14311720430850983
v -0.5846443772315979 -0.34037336707115173 -0.09005875885486603
v -0.5810028314590454 -0.3677026033401489 -0.0914670005440712
v -0.5816555023193359 -0.3843984007835388 -0.09025610983371735
v -0.8336409330368042 0.020550569519400597 -0.07706943899393082
v -0.8432292938232422 0.06291273236274719 -0.09392407536506653
v -0.8454645872116089 0.1253836750984192 -0.12495889514684677
v -0.8556737899780273 0.17566180229187012 -0.11017023772001266
v -0.8314355611801147 0.06649600714445114 -0.15169091522693634
v -0.8342404365539551 0.01896791160106659 -0.11077156662940979
v -0.8170618414878845 0.022276129573583603 -0.16444332897663116
v -0.7860681414604187 0.02521742321550846 -0.1886480748653412
v -0.7697803378105164 -0.009507756680250168 -0.19942495226860046
v -0.7960415482521057 0.06186496466398239 -0.1768605262041092
v -0.8615032434463501 0.18086177110671997 -0.06536371260881424
v -0.865700900554657 0.20105311274528503 0.05673268064856529
v -0.8636857867240906 0.23574194312095642 0.08978961408138275
v -0.8329526782035828 0.25317659974098206 0.10948026180267334
v -0.835490345954895 0.2774336338043213 0.0918043702840805
v -0.8017480969429016 0.28019586205482483 0.12349281460046768
v -0.811890721321106 0.303008496761322 0.09934178739786148
v -0.8483673930168152 0.13645011186599731 -3.227996103305486e-06
v -0.8407523036003113 0.12009453773498535 0.050250373780727386
v -0.8446235060691833 0.143881157040596 0.051660049706697464
v -0.8541362881660461 0.11940152943134308 0.07525737583637238
v 0.11334951221942902 -0.5019927024841309 -0.1694253534078598
v 0.1239602118730545 -0.49610060453414917 -0.16176331043243408
v 0.13848724961280823 -0.5246901512145996 -0.1701446920633316
v 0.1329679936170578 -0.4955850839614868 -0.1594151109457016
v 0.12994039058685303 -0.44843679666519165 -0.16754525899887085
v 0.10445472598075867 -0.5642859935760498 -0.1753367781639099
v 0.11889562755823135 -0.5594022870063782 -0.17224596440792084
v 0.12058072537183762 -0.5676443576812744 -0.16709667444229126
v 0.13394789397716522 -0.577690601348877 -0.187550887465477
v 0.12596923112869263 -0.5874073505401611 -0.18172310292720795
v 0.14106303453445435 -0.5950855612754822 -0.1958649456501007
v 0.13013216853141785 -0.6067158579826355 -0.18892313539981842
v 0.15091392397880554 -0.6223767995834351 -0.21140608191490173
v 0.1398480385541916 -0.6305776834487915 -0.1989312469959259
v 0.15884371101856232 -0.643070638179779 -0.21575920283794403
v 0.16841699182987213 -0.6481113433837891 -0.16423004865646362
v 0.1998325139284134 -0.6420121192932129 -0.22118104994297028
v 0.10220339894294739 -0.5671973824501038 -0.14468446373939514
v 0.11961550265550613 -0.5743958353996277 -0.14943261444568634
v 0.12434002757072449 -0.5964515209197998 -0.1549164056777954
v 0.14169949293136597 -0.596793532371521 -0.12348171323537827
v 0.1437758356332779 -0.6212165951728821 -0.1255904883146286
v 0.17362035810947418 -0.6084607243537903 -0.12123773992061615
v 0.15477457642555237 -0.6370856165885925 -0.12322475016117096
v 0.17694541811943054 -0.6417878866195679 -0.12553516030311584
v 0.12554572522640228 -0.6159319281578064 -0.15821316838264465
v 0.14244604110717773 -0.6411743760108948 -0.16339735686779022
v 0.19800347089767456 -0.6410497426986694 -0.13124458491802216
v -0.7627133727073669 -0.3925328552722931 -0.13725145161151886
v -0.7529110312461853 -0.35588622093200684 -0.12884999811649323
v -0.7425785660743713 -0.32117196917533875 -0.11741718649864197
v 0.15867570042610168 -0.3992595970630646 -0.1452832818031311
v 0.1402939260005951 -0.3925052583217621 -0.12404400110244751
v 0.10909740626811981 -0.3763710558414459 -0.11440318077802658
v 0.14447084069252014 -0.3671041429042816 -0.12047076225280762
v 0.08207151293754578 -0.31450268626213074 -0.12260729819536209
v 0.10729806125164032 -0.4511343836784363 -0.1644531786441803
v 0.11866998672485352 -0.45107579231262207 -0.16808104515075684
v 0.12173915654420853 -0.42048314213752747 -0.173463836312294
v 0.08296152949333191 -0.23218782246112823 -0.2044021338224411
v 0.06773645430803299 -0.266335666179657 -0.1913469135761261
v 0.06429464370012283 -0.23592008650302887 -0.19488219916820526
v 0.052357017993927 -0.23914414644241333 -0.1835407167673111
v 0.053721919655799866 -0.2117142528295517 -0.19663909077644348
v 0.030876711010932922 -0.20961783826351166 -0.16382713615894318
v 0.035713497549295425 -0.17548522353172302 -0.18289156258106232
v 0.01641663908958435 -0.20050600171089172 -0.1601928323507309
v 0.02050759457051754 -0.17246048152446747 -0.1793716698884964
v -0.03258881717920303 -0.19783152639865875 -0.16494187712669373
v -0.035540319979190826 -0.16635654866695404 -0.18262474238872528
v -0.10630132257938385 -0.20904499292373657 -0.19643011689186096
v -0.10936366766691208 -0.16064676642417908 -0.2245284765958786
v -0.211309552192688 -0.2109614461660385 -0.2498433142900467
v -0.2000957429409027 -0.1551092565059662 -0.27068254351615906
v -0.21674823760986328 -0.24734322726726532 -0.22158591449260712
v -0.03720821812748909 -0.22397851943969727 -0.1488490104675293
v 0.014455226249992847 -0.22430549561977386 -0.14738650619983673
v 0.03756584972143173 -0.23571647703647614 -0.1513574868440628
v 0.12543326616287231 -0.20082207024097443 -0.21514445543289185
v 0.0908583253622055 -0.20086470246315002 -0.21019573509693146
v 0.06911657750606537 -0.2076462209224701 -0.20455041527748108
v 0.08894582092761993 -0.1789780557155609 -0.21220046281814575
v 0.0711992010474205 -0.18267685174942017 -0.21231308579444885
v 0.09056448191404343 -0.15975461900234222 -0.21641334891319275
v 0.052010677754879 -0.18282261490821838 -0.20305640995502472
v 0.08983331173658371 -0.126927450299263 -0.22327369451522827
v 0.042042165994644165 -0.10724074393510818 -0.19810320436954498
v 0.13058379292488098 -0.17099350690841675 -0.21613383293151855
v -0.033956412225961685 -0.1204829216003418 -0.1975145787000656
v 0.33498701453208923 0.3469316363334656 -0.0061311484314501286
v 0.3307376205921173 0.3489120304584503 -3.227996103305486e-06
v 0.3776612877845764 0.3651486933231354 -3.227996103305486e-06
v 0.33498701453208923 0.3469316363334656 0.006124692037701607
v 0.37525612115859985 0.36261653900146484 0.012967298738658428
v 0.33986857533454895 0.3366142511367798 0.03041038103401661
v 0.3785240650177002 0.3567346930503845 0.02653825841844082
v 0.38284140825271606 0.3276218771934509 0.0526922270655632
v 0.41920870542526245 0.3481217622756958 0.05684890225529671
v 0.39380285143852234 0.30705592036247253 0.060919616371393204
v 0.43027010560035706 0.32500919699668884 0.06918496638536453
v 0.43910524249076843 0.2984895408153534 0.07377428561449051
v 0.479280561208725 0.3463607430458069 0.07932665944099426
v 0.4913003742694855 0.30983176827430725 0.08529645204544067
v 0.4985419809818268 0.3470850884914398 0.08659044653177261
v 0.5231553316116333 0.32702863216400146 0.08417724072933197
v 0.5064573884010315 0.34651637077331543 0.09836064279079437
v 0.5292844772338867 0.3321897089481354 0.103579580783844
v 0.5093711018562317 0.34975868463516235 0.11457008868455887
v 0.515566885471344 0.35133057832717896 0.13101716339588165
v 0.5026655197143555 0.3753141760826111 0.12347490340471268
v 0.5105394124984741 0.3732964098453522 0.13700397312641144
v 0.5107740163803101 0.3888070583343506 0.12728184461593628
v 0.5168546438217163 0.38565734028816223 0.14580242335796356
v 0.5204415321350098 0.39758366346359253 0.1332654356956482
v 0.526600182056427 0.399310827255249 0.151316300034523
v 0.5432578325271606 0.4063466787338257 0.13949060440063477
v 0.5312099456787109 0.4054439663887024 0.16398131847381592
v 0.5510074496269226 0.41477927565574646 0.15861429274082184
v 0.547213613986969 0.4251387417316437 0.18058794736862183
v 0.5674237608909607 0.4178231656551361 0.15708105266094208
v 0.5601122975349426 0.4275234341621399 0.18888409435749054
v 0.5667255520820618 0.41417738795280457 0.18702423572540283
v 0.5564588308334351 0.4191861152648926 0.20437635481357574
v 0.5617493987083435 0.40930336713790894 0.18738004565238953
v 0.5515515208244324 0.415916383266449 0.20457907021045685
v 0.5503620505332947 0.40260329842567444 0.18607944250106812
v 0.5481240153312683 0.4065719544887543 0.2103266417980194
v 0.5401102304458618 0.38612669706344604 0.20227043330669403
v 0.5397505164146423 0.3941834270954132 0.2179383635520935
v 0.5350235104560852 0.3736720681190491 0.20996490120887756
v 0.5362796783447266 0.3833959698677063 0.22550907731056213
v 0.534509539604187 0.3675699532032013 0.23192209005355835
v 0.5326095819473267 0.38695207238197327 0.24477477371692657
v 0.5272924304008484 0.38349878787994385 0.25982096791267395
v 0.532476007938385 0.3940657675266266 0.25069156289100647
v 0.5306479930877686 0.4079447388648987 0.2575347125530243
v 0.5356979370117188 0.4073093831539154 0.25110524892807007
v 0.5391005277633667 0.4216274321079254 0.24656033515930176
v 0.5391919612884521 0.41300034523010254 0.24240832030773163
v 0.5478244423866272 0.42268702387809753 0.22359710931777954
v 0.5478014945983887 0.4145376980304718 0.22438450157642365
v 0.553354024887085 0.42991912364959717 0.19672325253486633
v 0.5429583191871643 0.4341115951538086 0.2223794013261795
v 0.540286660194397 0.42161598801612854 0.19553866982460022
v 0.5298665165901184 0.4176652431488037 0.22204631567001343
v 0.5235320925712585 0.39355969429016113 0.21101464331150055
v 0.5228734612464905 0.4045504033565521 0.2396077662706375
v 0.5168828964233398 0.37110021710395813 0.216336190700531
v 0.5309303998947144 0.3589226007461548 0.24420693516731262
v 0.5381813049316406 0.3544735312461853 0.21513405442237854
v 0.5339191555976868 0.3633153438568115 0.18787752091884613
v 0.5390893816947937 0.37866806983947754 0.1766655147075653
v 0.55232834815979 0.3928774297237396 0.17061011493206024
v 0.5655337572097778 0.39567115902900696 0.16572263836860657
v 0.578644335269928 0.405417263507843 0.16508424282073975
v 0.5806570053100586 0.3892105221748352 0.15024292469024658
v 0.5616564750671387 0.39141833782196045 0.12160161137580872
v 0.5613196492195129 0.40762436389923096 0.1364821493625641
v 0.5534989237785339 0.40117645263671875 0.12046878784894943
v 0.5385883450508118 0.40181753039360046 0.12666888535022736
v 0.5143738985061646 0.4004107415676117 0.11140763014554977
v 0.49969378113746643 0.3921147286891937 0.11024974286556244
v 0.4931592047214508 0.37877604365348816 0.10808401554822922
v 0.5292852520942688 0.428333044052124 0.2473040223121643
v 0.520789384841919 0.41314342617988586 0.26010748744010925
v 0.5307514667510986 0.4057317078113556 0.1837022304534912
v 0.5209206938743591 0.38912245631217957 0.18177646398544312
v 0.5160664916038513 0.3773869574069977 0.17949452996253967
v 0.5231246948242188 0.3869192600250244 0.15904192626476288
v 0.516477108001709 0.3740520477294922 0.1617516726255417
v 0.5180750489234924 0.3463306725025177 0.16446930170059204
v 0.5190476775169373 0.35061395168304443 0.1920648217201233
v 0.5396804809570312 0.3285176157951355 0.21936307847499847
v 0.46913400292396545 0.3890282213687897 0.05784688517451286
v 0.41576650738716125 0.370549738407135 0.032296035438776016
v 0.46688732504844666 0.39965054392814636 0.043320201337337494
v 0.41542699933052063 0.37917429208755493 0.018380891531705856
v 0.46356090903282166 0.4072442054748535 0.02686668187379837
v 0.461638867855072 0.4135083854198456 -3.227996103305486e-06
v 0.4816308915615082 0.41514745354652405 0.041782133281230927
v 0.4743499159812927 0.42295023798942566 -0.00021077501878608018
v 0.5103133916854858 0.43969887495040894 -0.00018373482453171164
v 0.4816308915615082 0.41514745354652405 -0.04178858920931816
v 0.5124512314796448 0.4279724061489105 -0.056098949164152145
v 0.5056102275848389 0.41428878903388977 -0.06711076200008392
v 0.5169734954833984 0.41635799407958984 -0.07209797948598862
v 0.5065372586250305 0.4022734463214874 -0.09628123790025711
v 0.5263209939002991 0.4066677689552307 -0.09139161556959152
v 0.5143738985061646 0.4004107415676117 -0.11141408234834671
v 0.5325418710708618 0.40320175886154175 -0.10664193332195282
v 0.5385883450508118 0.40181753039360046 -0.1266753226518631
v 0.5504056215286255 0.4020588994026184 -0.11209061741828918
v 0.5534989237785339 0.40117645263671875 -0.12047523260116577
v 0.5655751824378967 0.39865151047706604 -0.09469696879386902
v 0.5616564750671387 0.39141833782196045 -0.12160806357860565
v 0.5688024759292603 0.3774743676185608 -0.09681971371173859
v 0.560301661491394 0.3738613724708557 -0.11012313514947891
v 0.5671226978302002 0.3626258969306946 -0.09659712016582489
v 0.5758973956108093 0.37045857310295105 -0.14372462034225464
v 0.5622221827507019 0.34783703088760376 -0.0962289422750473
v 0.575992226600647 0.3635062277317047 -0.13947536051273346
v 0.5563449263572693 0.3535445034503937 -0.138363316655159
v 0.562802791595459 0.3620002269744873 -0.14093464612960815
v 0.5409452319145203 0.3430453836917877 -0.16532401740550995
v 0.5360601544380188 0.36110588908195496 -0.1650838851928711
v 0.537082314491272 0.3421383500099182 -0.19000527262687683
v 0.5339191555976868 0.3633153438568115 -0.18788397312164307
v 0.5381813049316406 0.3544735312461853 -0.21514050662517548
v 0.5350235104560852 0.3736720681190491 -0.2099713534116745
v 0.534509539604187 0.3675699532032013 -0.23192854225635529
v 0.5362796783447266 0.3833959698677063 -0.22551552951335907
v 0.5326095819473267 0.38695207238197327 -0.2447812259197235
v 0.5378168225288391 0.40214988589286804 -0.23196522891521454
v 0.532476007938385 0.3940657675266266 -0.2506980001926422
v 0.5375192761421204 0.40501347184181213 -0.24483279883861542
v 0.5356979370117188 0.4073093831539154 -0.2511116862297058
v 0.5391919612884521 0.41300034523010254 -0.24241477251052856
v 0.5391005277633667 0.4216274321079254 -0.2465667724609375
v 0.5478014945983887 0.4145376980304718 -0.22439095377922058
v 0.5478244423866272 0.42268702387809753 -0.22360356152057648
v 0.5515515208244324 0.415916383266449 -0.2045855075120926
v 0.5564588308334351 0.4191861152648926 -0.20438280701637268
v 0.5617493987083435 0.40930336713790894 -0.18738649785518646
v 0.5667255520820618 0.41417738795280457 -0.18703067302703857
v 0.5655337572097778 0.39567115902900696 -0.1657290905714035
v 0.578644335269928 0.405417263507843 -0.16509069502353668
v 0.5806570053100586 0.3892105221748352 -0.15024937689304352
v 0.5674237608909607 0.4178231656551361 -0.157087504863739
v 0.5613196492195129 0.40762436389923096 -0.13648858666419983
v 0.5432578325271606 0.4063466787338257 -0.1394970417022705
v 0.5204415321350098 0.39758366346359253 -0.13327188789844513
v 0.5107740163803101 0.3888070583343506 -0.12728829681873322
v 0.49969378113746643 0.3921147286891937 -0.11025618761777878
v 0.5026655197143555 0.3753141760826111 -0.12348135560750961
v 0.4931592047214508 0.37877604365348816 -0.10809046030044556
v 0.5093711018562317 0.34975868463516235 -0.11457653343677521
v 0.5064573884010315 0.34651637077331543 -0.09836709499359131
v 0.5292844772338867 0.3321897089481354 -0.10358603298664093
v 0.5231553316116333 0.32702863216400146 -0.0841837003827095
v 0.5261936783790588 0.3066394031047821 -0.09445342421531677
v 0.4913003742694855 0.30983176827430725 -0.0853029116988182
v 0.4920274615287781 0.2714584767818451 -0.09040527045726776
v 0.43910524249076843 0.2984895408153534 -0.07378074526786804
v 0.44992995262145996 0.2559862732887268 -0.08571120351552963
v 0.400909960269928 0.27820223569869995 -0.07177278399467468
v 0.41813281178474426 0.23851023614406586 -0.08142076432704926
v 0.3540193736553192 0.26111677289009094 -0.06809227168560028
v 0.362578809261322 0.2105429768562317 -0.08281395584344864
v 0.30029407143592834 0.24055778980255127 -0.07403234392404556
v 0.4279881715774536 0.18370959162712097 -0.0876498594880104
v 0.4807599186897278 0.14662814140319824 -0.08264939486980438
v 0.5246531367301941 0.13693521916866302 -0.07177851349115372
v 0.5511784553527832 0.14649814367294312 -0.0726846233010292
v 0.569699227809906 0.12477267533540726 -0.052151795476675034
v 0.5839947462081909 0.1461634486913681 -0.07017436623573303
v 0.6399443745613098 0.13184699416160583 -0.059705328196287155
v 0.6429423689842224 0.1512262374162674 -0.07267173379659653
v 0.6909165382385254 0.13901856541633606 -0.050282079726457596
v 0.6923343539237976 0.15658162534236908 -0.0618327260017395
v 0.7190357446670532 0.1427818089723587 -0.039103731513023376
v 0.7268840074539185 0.15904730558395386 -0.054168350994586945
v 0.7388583421707153 0.14707887172698975 -0.03253994509577751
v 0.7450498342514038 0.1566450148820877 -0.046594224870204926
v 0.7578901648521423 0.1694096177816391 -0.06042860448360443
v 0.7676753401756287 0.17938315868377686 -0.06137555092573166
v 0.7773950695991516 0.19287514686584473 -0.06521991640329361
v 0.7610679864883423 0.194327250123024 -0.06301640719175339
v 0.7381819486618042 0.20592303574085236 -0.06304845958948135
v 0.7363611459732056 0.19497372210025787 -0.06898871064186096
v 0.7198570966720581 0.21534180641174316 -0.07486395537853241
v 0.6900217533111572 0.2021486759185791 -0.09028332680463791
v 0.6835118532180786 0.21533356606960297 -0.09047690033912659
v 0.643810510635376 0.2136586755514145 -0.10617329180240631
v 0.6488146185874939 0.23794867098331451 -0.10232087224721909
v 0.6273160576820374 0.22405411303043365 -0.11139348894357681
v 0.6340436339378357 0.251454621553421 -0.10559578239917755
v 0.6059524416923523 0.24426372349262238 -0.1154867634177208
v 0.6192452907562256 0.2648051381111145 -0.10726546496152878
v 0.5896122455596924 0.2688819468021393 -0.1144116073846817
v 0.61271733045578 0.2811073362827301 -0.10553757846355438
v 0.5979897379875183 0.2961200475692749 -0.10698342323303223
v 0.6226351857185364 0.28748562932014465 -0.10346659272909164
v 0.6128475069999695 0.3135432302951813 -0.10071958601474762
v 0.6373549103736877 0.31048232316970825 -0.10326871275901794
v 0.6372504830360413 0.3274073600769043 -0.10817266255617142
v 0.6453686952590942 0.33092740178108215 -0.1113247200846672
v 0.6429699659347534 0.35848942399024963 -0.11000978201627731
v 0.6470091938972473 0.35911837220191956 -0.1135602816939354
v 0.6553859114646912 0.3731815814971924 -0.10585132241249084
v 0.6603460907936096 0.3679857552051544 -0.10316485166549683
v 0.67029869556427 0.3689518868923187 -0.09669417887926102
v 0.6633701324462891 0.35583680868148804 -0.11425705999135971
v 0.6800234913825989 0.3612685203552246 -0.10258644074201584
v 0.6667237877845764 0.3523101210594177 -0.11137182265520096
v 0.679966390132904 0.35488468408584595 -0.10488700121641159
v 0.6732057929039001 0.3424888253211975 -0.1124720498919487
v 0.678145706653595 0.34399929642677307 -0.11082098633050919
v 0.6832215785980225 0.3435249328613281 -0.10606101900339127
v 0.6866945624351501 0.350723534822464 -0.09553323686122894
v 0.69002765417099 0.3537749648094177 -0.09369593858718872
v 0.691846489906311 0.33668750524520874 -0.08716295659542084
v 0.6935524940490723 0.3297342360019684 -0.08295131474733353
v 0.688347578048706 0.32932791113853455 -0.09602103382349014
v 0.6900210380554199 0.32413387298583984 -0.09325810521841049
v 0.6816039681434631 0.3234834671020508 -0.10303788632154465
v 0.6849777102470398 0.3131863474845886 -0.0991235002875328
v 0.6750342845916748 0.3154928386211395 -0.10527773946523666
v 0.6800568103790283 0.30503973364830017 -0.09979700297117233
v 0.6684328317642212 0.3056790232658386 -0.10607355087995529
v 0.6768168210983276 0.29497790336608887 -0.09745560586452484
v 0.6669073700904846 0.2954549491405487 -0.10210330039262772
v 0.678483784198761 0.26014313101768494 -0.09425482898950577
v 0.65540611743927 0.25767117738723755 -0.10218620300292969
v 0.688429594039917 0.26302942633628845 -0.09090238809585571
v 0.731473445892334 0.2394668459892273 -0.06949639320373535
v 0.6950578093528748 0.30544066429138184 -0.08695486932992935
v 0.7100268006324768 0.2847570478916168 -0.07777069509029388
v 0.7019240856170654 0.3140861988067627 -0.07474648952484131
v 0.71535325050354 0.3010812997817993 -0.0598602220416069
v 0.7104139924049377 0.3276779353618622 -0.06216222792863846
v 0.7188500165939331 0.3216923773288727 -0.051405053585767746
v 0.7142763137817383 0.34176623821258545 -0.037826213985681534
v 0.7195567488670349 0.3417918384075165 -0.021490883082151413
v 0.6852282285690308 0.3616105318069458 -0.08952297270298004
v 0.6951010227203369 0.3481074571609497 -0.08613400161266327
v 0.6919426321983337 0.3709530234336853 -0.08385169506072998
v 0.701801598072052 0.3525092899799347 -0.0809401273727417
v 0.6969927549362183 0.3703174591064453 -0.07742221653461456
v 0.7035399079322815 0.3569777011871338 -0.07562466710805893
v 0.7024006247520447 0.36156755685806274 -0.05539518594741821
v 0.7085849046707153 0.3450753688812256 -0.07190439850091934
v 0.7088870406150818 0.3438161015510559 -0.058881938457489014
v 0.7051143050193787 0.334288090467453 -0.07947511970996857
v 0.64058518409729 0.262872576713562 -0.10464328527450562
v 0.7594573497772217 0.181147038936615 -0.06263408064842224
v 0.7347460389137268 0.1801893562078476 -0.06876146793365479
v 0.6934905648231506 0.18489916622638702 -0.08211986720561981
v 0.7315415143966675 0.16829165816307068 -0.06484905630350113
v 0.6953117847442627 0.16422291100025177 -0.07262983173131943
v 0.6455283761024475 0.18354536592960358 -0.1008974090218544
v 0.614126980304718 0.19976860284805298 -0.11505555361509323
v 0.5928377509117126 0.21966804563999176 -0.11594143509864807
v 0.5714555978775024 0.25617626309394836 -0.11845814436674118
v 0.568342924118042 0.2953203022480011 -0.11460071057081223
v 0.5848170518875122 0.2915670871734619 -0.11042218655347824
v 0.5816222429275513 0.3109849691390991 -0.10685072839260101
v 0.5947486758232117 0.31242045760154724 -0.10533200949430466
v 0.6111880540847778 0.3236779570579529 -0.10300511866807938
v 0.6356549859046936 0.3603217303752899 -0.10825682431459427
v 0.6456716656684875 0.3841312825679779 -0.09957870095968246
v 0.6570866107940674 0.37774115800857544 -0.10214591771364212
v 0.6703490018844604 0.38685446977615356 -0.09496413916349411
v 0.668680727481842 0.3805358409881592 -0.0972210168838501
v 0.678591787815094 0.38005247712135315 -0.0925092101097107
v 0.67690509557724 0.3671886622905731 -0.09539839625358582
v 0.680394172668457 0.3844568133354187 -0.08720146119594574
v 0.6907854676246643 0.3786602020263672 -0.06170039251446724
v 0.6863831281661987 0.3782843351364136 -0.04025571420788765
v 0.7044286131858826 0.3598296046257019 -0.03747057169675827
v 0.6758014559745789 0.38114216923713684 -1.9344677639310248e-05
v 0.64637690782547 0.40576809644699097 -5.26524854649324e-05
v 0.6261429190635681 0.41811564564704895 0.0250881165266037
v 0.6069973707199097 0.4357404410839081 -9.652567678131163e-05
v 0.615859866142273 0.421772301197052 0.04587487131357193
v 0.5939034223556519 0.4457267224788666 -0.00011120975977974012
v 0.5934416055679321 0.4459514617919922 0.023322084918618202
v 0.5693058371543884 0.4574781060218811 -0.0001366383075946942
v 0.5737377405166626 0.4560902714729309 0.025123929604887962
v 0.5459645390510559 0.45770999789237976 0.024322932586073875
v 0.5718990564346313 0.45704028010368347 0.03490138426423073
v 0.5488417148590088 0.4575246572494507 0.03924339637160301
v 0.5732452869415283 0.45814356207847595 0.04635747894644737
v 0.5503328442573547 0.4599156677722931 0.04727433994412422
v 0.5712763667106628 0.4530138075351715 0.06157897040247917
v 0.5500264763832092 0.4595707654953003 0.0604516975581646
v 0.5526748299598694 0.46385297179222107 0.08808625489473343
v 0.5395044684410095 0.45571115612983704 0.08856796473264694
v 0.5439601540565491 0.4660659730434418 0.11073341965675354
v 0.5372321605682373 0.4519110321998596 0.11686975508928299
v 0.5546023845672607 0.4659384787082672 0.14390316605567932
v 0.5562370419502258 0.45130738615989685 0.1453559845685959
v 0.5738927721977234 0.45758840441703796 0.1599290519952774
v 0.5755735635757446 0.446010559797287 0.15946811437606812
v 0.601560115814209 0.4500562250614166 0.16790735721588135
v 0.5920727252960205 0.4372192621231079 0.15409284830093384
v 0.6117208003997803 0.443598210811615 0.15231212973594666
v 0.6088051199913025 0.44394493103027344 0.13905975222587585
v 0.6201472878456116 0.4475212097167969 0.1422162801027298
v 0.618554413318634 0.45406728982925415 0.141546368598938
v 0.6348007917404175 0.45126330852508545 0.14718273282051086
v 0.6332513093948364 0.4592522084712982 0.14468982815742493
v 0.6430566310882568 0.46057215332984924 0.14460155367851257
v 0.630005419254303 0.4738841652870178 0.14319957792758942
v 0.646384596824646 0.47446849942207336 0.143264040350914
v 0.642964243888855 0.4812889099121094 0.1490984559059143
v 0.6578035950660706 0.4825044274330139 0.1460149884223938
v 0.6559479832649231 0.48636242747306824 0.1538068652153015
v 0.7087233662605286 0.48806291818618774 0.13873077929019928
v 0.6606571674346924 0.487108439207077 0.1620677411556244
v 0.6670994758605957 0.48133528232574463 0.167728453874588
v 0.6472770571708679 0.4773139953613281 0.17428597807884216
v 0.6655322909355164 0.470246285200119 0.16551688313484192
v 0.6440759301185608 0.46760258078575134 0.1702766716480255
v 0.6491255164146423 0.45781975984573364 0.16640114784240723
v 0.6310182213783264 0.45164385437965393 0.16843722760677338
v 0.647666871547699 0.4538773000240326 0.15692150592803955
v 0.6345327496528625 0.45069295167922974 0.15869863331317902
v 0.6226807236671448 0.46552640199661255 0.17512886226177216
v 0.5949097871780396 0.46355748176574707 0.17137117683887482
v 0.5949463844299316 0.4765835404396057 0.17011228203773499
v 0.573853611946106 0.47093069553375244 0.1619420200586319
v 0.5952296853065491 0.4820243716239929 0.15806113183498383
v 0.5758588910102844 0.4794881343841553 0.14800968766212463
v 0.5874553322792053 0.4786939322948456 0.14012792706489563
v 0.5763036608695984 0.4743236303329468 0.12876009941101074
v 0.5861278772354126 0.47089043259620667 0.1277003437280655
v 0.576805591583252 0.4622975289821625 0.10687132924795151
v 0.5881858468055725 0.4525376260280609 0.10807918012142181
v 0.5854452848434448 0.4472196698188782 0.08715077489614487
v 0.5913602709770203 0.43982625007629395 0.11268586665391922
v 0.5919135808944702 0.43258586525917053 0.08871587365865707
v 0.5913518071174622 0.42337271571159363 0.11265739053487778
v 0.5917456150054932 0.41348618268966675 0.095482736825943
v 0.5686678290367126 0.4110144078731537 0.10341393947601318
v 0.5655751824378967 0.39865151047706604 0.09469051659107208
v 0.5471645593643188 0.41835933923721313 0.11043275147676468
v 0.5328342914581299 0.41185086965560913 0.09427417069673538
v 0.5342774391174316 0.4340387284755707 0.1020742878317833
v 0.5264905691146851 0.4257611632347107 0.08455437421798706
v 0.531107485294342 0.4483542740345001 0.09731234610080719
v 0.5282537937164307 0.44350796937942505 0.08125940710306168
v 0.5334488749504089 0.4538228511810303 0.0688508152961731
v 0.5305013060569763 0.4524103105068207 0.054148104041814804
v 0.5306530594825745 0.45177745819091797 0.04760473221540451
v 0.5275643467903137 0.4542640745639801 0.03906504064798355
v 0.5267237424850464 0.4543842375278473 -0.00017352760187350214
v 0.5464347004890442 0.4606996476650238 -0.00015776907093822956
v 0.5459645390510559 0.45770999789237976 -0.02432939037680626
v 0.5737377405166626 0.4560902714729309 -0.025130387395620346
v 0.5934416055679321 0.4459514617919922 -0.023328542709350586
v 0.6261429190635681 0.41811564564704895 -0.025094574317336082
v 0.6615806221961975 0.3990642726421356 -0.050822172313928604
v 0.6724969744682312 0.3915066421031952 -0.0748048648238182
v 0.6623758673667908 0.3942204713821411 -0.08583924174308777
v 0.6264268755912781 0.3991817235946655 -0.08452572673559189
v 0.6448463201522827 0.40559008717536926 -0.06625837087631226
v 0.615859866142273 0.421772301197052 -0.04588133096694946
v 0.5372667908668518 0.43690016865730286 0.11501812189817429
v 0.5594918131828308 0.4398837089538574 0.14653608202934265
v 0.5808473229408264 0.42964068055152893 0.14303357899188995
v 0.5974246263504028 0.43532446026802063 0.1346409022808075
v 0.5992228388786316 0.44772303104400635 0.12694035470485687
v 0.6055796146392822 0.4519348740577698 0.13652780652046204
v 0.5976869463920593 0.4606527090072632 0.12397004663944244
v 0.6056581139564514 0.46647408604621887 0.13350413739681244
v 0.595749020576477 0.47654932737350464 0.13560378551483154
v 0.6103233098983765 0.47899729013442993 0.14393307268619537
v 0.6036796569824219 0.48091551661491394 0.1468326300382614
v 0.6264854669570923 0.48641201853752136 0.15343815088272095
v 0.6228532791137695 0.4862302541732788 0.16820712387561798
v 0.6412164568901062 0.48651766777038574 0.1550687998533249
v 0.6441307067871094 0.4861942529678345 0.16838547587394714
v 0.6282392740249634 0.4825058877468109 0.14724862575531006
v 0.6153176426887512 0.4719718396663666 0.13973969221115112
v 0.5469550490379333 0.42578932642936707 0.11962123215198517
v 0.5698480606079102 0.42105478048324585 0.12222979962825775
v 0.6243171095848083 0.4788678288459778 0.17718088626861572
v 0.5613929033279419 0.4749644994735718 0.1349603682756424
v 0.5620653629302979 0.4688509404659271 0.10589572787284851
v 0.574038028717041 0.45688876509666443 0.08433160185813904
v 0.5860030055046082 0.44158363342285156 0.06302589178085327
v 0.5973696112632751 0.4269470274448395 0.06470470875501633
v 0.5970170497894287 0.410239577293396 0.07946347445249557
v 0.582177996635437 0.3861161470413208 0.08475618809461594
v 0.5899742245674133 0.35644227266311646 0.10095775872468948
v 0.5738002061843872 0.37212327122688293 0.0925230011343956
v 0.5671226978302002 0.3626258969306946 0.09659067541360855
v 0.5688024759292603 0.3774743676185608 0.09681326150894165
v 0.560301661491394 0.3738613724708557 0.11011668294668198
v 0.5894145965576172 0.44079411029815674 0.05495358258485794
v 0.5912497639656067 0.44343921542167664 0.04819710925221443
v 0.6705579161643982 0.46190696954727173 0.1599392592906952
v 0.6657636165618896 0.45835307240486145 0.15526613593101501
v 0.6849741339683533 0.13665872812271118 -0.025689635425806046
v 0.7160522937774658 0.14151808619499207 -0.025940699502825737
v 0.7116628885269165 0.14441336691379547 8.272763807326555e-05
v 0.7297263145446777 0.14729610085487366 9.794894140213728e-05
v 0.7358735203742981 0.14582142233848572 0.01943456567823887
v 0.7554173469543457 0.14628182351589203 0.024767037481069565
v 0.7584160566329956 0.15241600573062897 0.03739463537931442
v 0.7831122279167175 0.14850322902202606 0.03180268406867981
v 0.7893424034118652 0.15790803730487823 0.04418906942009926
v 0.7995537519454956 0.14657334983348846 0.0290667861700058
v 0.8058211803436279 0.1558232605457306 0.039849381893873215
v 0.7719393968582153 0.1456398367881775 0.018604198470711708
v 0.7493882775306702 0.1489534229040146 0.00011496100341901183
v 0.7358735203742981 0.14582142233848572 -0.019441019743680954
v 0.7554173469543457 0.14628182351589203 -0.02477349527180195
v 0.4672553539276123 0.20605911314487457 -0.09288222342729568
v 0.5198911428451538 0.18006165325641632 -0.08898915350437164
v 0.5377148389816284 0.1745137721300125 -0.08942251652479172
v 0.5657761096954346 0.15709540247917175 -0.08022616058588028
v 0.5870113968849182 0.1588428020477295 -0.08216947317123413
v 0.6458187103271484 0.1641579121351242 -0.08794336766004562
v 0.5103739500045776 0.22627177834510803 -0.09662040323019028
v 0.5245326161384583 0.27549245953559875 -0.09580740332603455
v 0.5277538299560547 0.224674254655838 -0.09749231487512589
v 0.543848991394043 0.2356778383255005 -0.1099526509642601
v 0.562075674533844 0.1868647038936615 -0.09864071011543274
v 0.578127920627594 0.19642546772956848 -0.11292403936386108
v 0.6012865304946899 0.1773415356874466 -0.10377513617277145
v 0.5721532106399536 0.16419926285743713 -0.08623051643371582
v 0.5567941069602966 0.24118006229400635 -0.116329126060009
v 0.552152693271637 0.29126909375190735 -0.10638943314552307
v 0.5554301142692566 0.3108383119106293 -0.10457290709018707
v 0.566801130771637 0.3161863684654236 -0.10930798202753067
v 0.566970705986023 0.33527982234954834 -0.10247702896595001
v 0.579959511756897 0.32904374599456787 -0.10668544471263885
v 0.5899742245674133 0.35644227266311646 -0.10096420347690582
v 0.5738002061843872 0.37212327122688293 -0.09252944588661194
v 0.582177996635437 0.3861161470413208 -0.08476264774799347
v 0.5540377497673035 0.3346605896949768 -0.0956936925649643
v 0.5393458008766174 0.3198862373828888 -0.16422253847122192
v 0.5353356003761292 0.3212801516056061 -0.1952858418226242
v 0.5396804809570312 0.3285176157951355 -0.2193695306777954
v 0.5190476775169373 0.35061395168304443 -0.19207127392292023
v 0.5168828964233398 0.37110021710395813 -0.21634262800216675
v 0.5160664916038513 0.3773869574069977 -0.17950096726417542
v 0.5235320925712585 0.39355969429016113 -0.21102109551429749
v 0.5209206938743591 0.38912245631217957 -0.18178291618824005
v 0.5307514667510986 0.4057317078113556 -0.18370866775512695
v 0.5312099456787109 0.4054439663887024 -0.16398777067661285
v 0.547213613986969 0.4251387417316437 -0.18059439957141876
v 0.5510074496269226 0.41477927565574646 -0.15862073004245758
v 0.5601122975349426 0.4275234341621399 -0.18889054656028748
v 0.553354024887085 0.42991912364959717 -0.19672970473766327
v 0.540286660194397 0.42161598801612854 -0.19554512202739716
v 0.526600182056427 0.399310827255249 -0.15132273733615875
v 0.5168546438217163 0.38565734028816223 -0.1458088755607605
v 0.5105394124984741 0.3732964098453522 -0.13701041042804718
v 0.515566885471344 0.35133057832717896 -0.1310236006975174
v 0.5180750489234924 0.3463306725025177 -0.16447575390338898
v 0.516477108001709 0.3740520477294922 -0.16175812482833862
v 0.5231246948242188 0.3869192600250244 -0.15904836356639862
v 0.5309303998947144 0.3589226007461548 -0.24421338737010956
v 0.5228734612464905 0.4045504033565521 -0.23961421847343445
v 0.5272924304008484 0.38349878787994385 -0.2598274052143097
v 0.520789384841919 0.41314342617988586 -0.260113924741745
v 0.5306479930877686 0.4079447388648987 -0.2575411796569824
v 0.5298665165901184 0.4176652431488037 -0.22205275297164917
v 0.5292852520942688 0.428333044052124 -0.24731047451496124
v 0.5429583191871643 0.4341115951538086 -0.22238583862781525
v 0.5390925407409668 0.3090241253376007 -0.10274975001811981
v 0.5341210961341858 0.2829747498035431 -0.10515347123146057
v 0.58990079164505 0.3303259015083313 -0.10348808020353317
v 0.6078982949256897 0.3500484228134155 -0.1036827340722084
v 0.6129456162452698 0.3758453130722046 -0.09800124168395996
v 0.5970170497894287 0.410239577293396 -0.07946992665529251
v 0.5973696112632751 0.4269470274448395 -0.06471116840839386
v 0.5894145965576172 0.44079411029815674 -0.054960038512945175
v 0.5860030055046082 0.44158363342285156 -0.0630323514342308
v 0.5712763667106628 0.4530138075351715 -0.061585426330566406
v 0.574038028717041 0.45688876509666443 -0.08433806151151657
v 0.5526748299598694 0.46385297179222107 -0.08809271454811096
v 0.5620653629302979 0.4688509404659271 -0.10590217262506485
v 0.5439601540565491 0.4660659730434418 -0.11073986440896988
v 0.5613929033279419 0.4749644994735718 -0.13496682047843933
v 0.5546023845672607 0.4659384787082672 -0.14390960335731506
v 0.5758588910102844 0.4794881343841553 -0.14801613986492157
v 0.573853611946106 0.47093069553375244 -0.16194847226142883
v 0.5952296853065491 0.4820243716239929 -0.15806756913661957
v 0.5949463844299316 0.4765835404396057 -0.17011873424053192
v 0.6228532791137695 0.4862302541732788 -0.16821356117725372
v 0.6243171095848083 0.4788678288459778 -0.17718732357025146
v 0.6441307067871094 0.4861942529678345 -0.16839192807674408
v 0.6472770571708679 0.4773139953613281 -0.1742924153804779
v 0.6670994758605957 0.48133528232574463 -0.16773489117622375
v 0.6655322909355164 0.470246285200119 -0.16552333533763885
v 0.7087233662605286 0.48806291818618774 -0.13873723149299622
v 0.6705579161643982 0.46190696954727173 -0.15994571149349213
v 0.6657636165618896 0.45835307240486145 -0.15527258813381195
v 0.6491255164146423 0.45781975984573364 -0.16640760004520416
v 0.647666871547699 0.4538773000240326 -0.1569279432296753
v 0.6345327496528625 0.45069295167922974 -0.15870508551597595
v 0.6445690989494324 0.4531305134296417 -0.14870449900627136
v 0.6348007917404175 0.45126330852508545 -0.1471891701221466
v 0.6430566310882568 0.46057215332984924 -0.14460799098014832
v 0.6332513093948364 0.4592522084712982 -0.14469628036022186
v 0.646384596824646 0.47446849942207336 -0.14327049255371094
v 0.630005419254303 0.4738841652870178 -0.14320603013038635
v 0.642964243888855 0.4812889099121094 -0.14910490810871124
v 0.6282392740249634 0.4825058877468109 -0.147255077958107
v 0.6412164568901062 0.48651766777038574 -0.15507525205612183
v 0.6264854669570923 0.48641201853752136 -0.15344460308551788
v 0.6559479832649231 0.48636242747306824 -0.15381331741809845
v 0.6606571674346924 0.487108439207077 -0.16207419335842133
v 0.6578035950660706 0.4825044274330139 -0.14602144062519073
v 0.6595095992088318 0.4758991003036499 -0.14180977642536163
v 0.6595115661621094 0.46331092715263367 -0.14140668511390686
v 0.6440759301185608 0.46760258078575134 -0.17028312385082245
v 0.5917456150054932 0.41348618268966675 -0.09548918902873993
v 0.5919135808944702 0.43258586525917053 -0.0887223333120346
v 0.5913518071174622 0.42337271571159363 -0.11266383528709412
v 0.5913602709770203 0.43982625007629395 -0.11269231140613556
v 0.5974246263504028 0.43532446026802063 -0.13464735448360443
v 0.5992228388786316 0.44772303104400635 -0.1269468069076538
v 0.6055796146392822 0.4519348740577698 -0.13653425872325897
v 0.5976869463920593 0.4606527090072632 -0.12397649139165878
v 0.6056581139564514 0.46647408604621887 -0.13351058959960938
v 0.5861278772354126 0.47089043259620667 -0.12770679593086243
v 0.595749020576477 0.47654932737350464 -0.13561023771762848
v 0.5874553322792053 0.4786939322948456 -0.14013436436653137
v 0.6036796569824219 0.48091551661491394 -0.14683908224105835
v 0.5763036608695984 0.4743236303329468 -0.12876655161380768
v 0.576805591583252 0.4622975289821625 -0.10687777400016785
v 0.5881858468055725 0.4525376260280609 -0.10808562487363815
v 0.5854452848434448 0.4472196698188782 -0.0871572270989418
v 0.4952244460582733 0.3952632546424866 -0.09177303314208984
v 0.4892500042915344 0.4043252766132355 -0.06607517600059509
v 0.48079782724380493 0.377397358417511 -0.07671075314283371
v 0.46913400292396545 0.3890282213687897 -0.0578533411026001
v 0.479280561208725 0.3463607430458069 -0.0793331116437912
v 0.43027010560035706 0.32500919699668884 -0.06919142603874207
v 0.39380285143852234 0.30705592036247253 -0.06092607229948044
v 0.3488769233226776 0.28629475831985474 -0.06068485975265503
v 0.29318735003471375 0.26941147446632385 -0.06318581104278564
v 0.24722738564014435 0.2599601149559021 -0.07574483007192612
v 0.4985419809818268 0.3470850884914398 -0.08659690618515015
v 0.48698899149894714 0.3773653209209442 -0.09331290423870087
v 0.5644301772117615 0.3721333146095276 -0.14329662919044495
v 0.5641925930976868 0.38299092650413513 -0.15377302467823029
v 0.547818124294281 0.38139608502388 -0.15354739129543304
v 0.55232834815979 0.3928774297237396 -0.17061656713485718
v 0.5390893816947937 0.37866806983947754 -0.17667196691036224
v 0.5503620505332947 0.40260329842567444 -0.18608589470386505
v 0.5401102304458618 0.38612669706344604 -0.20227688550949097
v 0.5481240153312683 0.4065719544887543 -0.21033307909965515
v 0.5397505164146423 0.3941834270954132 -0.21794481575489044
v 0.5427674055099487 0.4068627953529358 -0.22994010150432587
v 0.4892500042915344 0.4043252766132355 0.06606871634721756
v 0.48079782724380493 0.377397358417511 0.07670429348945618
v 0.4952244460582733 0.3952632546424866 0.0917665883898735
v 0.48698899149894714 0.3773653209209442 0.09330645948648453
v 0.5065372586250305 0.4022734463214874 0.09627478569746017
v 0.5056102275848389 0.41428878903388977 0.06710430234670639
v 0.5169734954833984 0.41635799407958984 0.07209152728319168
v 0.5124512314796448 0.4279724061489105 0.05609249323606491
v 0.5188338756561279 0.4235635995864868 0.06159060820937157
v 0.5223274827003479 0.4424999952316284 0.05323231965303421
v 0.523749828338623 0.4432870149612427 0.061416905373334885
v 0.517627477645874 0.4449875056743622 0.044655200093984604
v 0.5167675614356995 0.4465557932853699 -0.00017997424583882093
v 0.517627477645874 0.4449875056743622 -0.04466165602207184
v 0.5223274827003479 0.4424999952316284 -0.05323877930641174
v 0.5188338756561279 0.4235635995864868 -0.0615970678627491
v 0.523749828338623 0.4432870149612427 -0.06142336502671242
v 0.5202742218971252 0.4212331175804138 -0.07170312106609344
v 0.5264905691146851 0.4257611632347107 -0.0845608338713646
v 0.5328342914581299 0.41185086965560913 -0.09428062289953232
v 0.5342774391174316 0.4340387284755707 -0.10208073258399963
v 0.5471645593643188 0.41835933923721313 -0.11043920367956161
v 0.5372667908668518 0.43690016865730286 -0.11502457410097122
v 0.5469550490379333 0.42578932642936707 -0.1196276843547821
v 0.5562370419502258 0.45130738615989685 -0.14536243677139282
v 0.5594918131828308 0.4398837089538574 -0.1465425342321396
v 0.5738927721977234 0.45758840441703796 -0.15993548929691315
v 0.5755735635757446 0.446010559797287 -0.15947456657886505
v 0.601560115814209 0.4500562250614166 -0.1679137945175171
v 0.5920727252960205 0.4372192621231079 -0.15409928560256958
v 0.6117208003997803 0.443598210811615 -0.1523185670375824
v 0.6088051199913025 0.44394493103027344 -0.1390661895275116
v 0.6201472878456116 0.4475212097167969 -0.14222273230552673
v 0.618554413318634 0.45406728982925415 -0.14155280590057373
v 0.6153176426887512 0.4719718396663666 -0.13974612951278687
v 0.6103233098983765 0.47899729013442993 -0.14393950998783112
v 0.6310182213783264 0.45164385437965393 -0.16844366490840912
v 0.6226807236671448 0.46552640199661255 -0.1751353144645691
v 0.5949097871780396 0.46355748176574707 -0.17137762904167175
v 0.5372321605682373 0.4519110321998596 -0.11687620729207993
v 0.531107485294342 0.4483542740345001 -0.09731879085302353
v 0.5282537937164307 0.44350796937942505 -0.08126585930585861
v 0.5395044684410095 0.45571115612983704 -0.08857441693544388
v 0.5334488749504089 0.4538228511810303 -0.06885727494955063
v 0.5305013060569763 0.4524103105068207 -0.05415455996990204
v 0.5306530594825745 0.45177745819091797 -0.047611188143491745
v 0.5275643467903137 0.4542640745639801 -0.039071496576070786
v 0.5488417148590088 0.4575246572494507 -0.039249856024980545
v 0.5503328442573547 0.4599156677722931 -0.047280795872211456
v 0.5500264763832092 0.4595707654953003 -0.06045815721154213
v 0.5718990564346313 0.45704028010368347 -0.03490784019231796
v 0.5732452869415283 0.45814356207847595 -0.04636393487453461
v 0.5912497639656067 0.44343921542167664 -0.048203565180301666
v 0.5505696535110474 0.4063090682029724 -0.10514003783464432
v 0.5686678290367126 0.4110144078731537 -0.10342038422822952
v 0.5698480606079102 0.42105478048324585 -0.12223625183105469
v 0.5808473229408264 0.42964068055152893 -0.1430400311946869
v 0.5263209939002991 0.4066677689552307 0.09138516336679459
v 0.5202742218971252 0.4212331175804138 0.07169666141271591
v 0.5325418710708618 0.40320175886154175 0.10663548111915588
v 0.5505696535110474 0.4063090682029724 0.10513359308242798
v 0.5504056215286255 0.4020588994026184 0.11208417266607285
v 0.37525612115859985 0.36261653900146484 -0.012973752804100513
v 0.41483089327812195 0.38243722915649414 -3.227996103305486e-06
v 0.41542699933052063 0.37917429208755493 -0.01838734559714794
v 0.46356090903282166 0.4072442054748535 -0.026873139664530754
v 0.33986857533454895 0.3366142511367798 -0.030416838824748993
v 0.3785240650177002 0.3567346930503845 -0.026544716209173203
v 0.38284140825271606 0.3276218771934509 -0.052698686718940735
v 0.41920870542526245 0.3481217622756958 -0.05685535818338394
v 0.41576650738716125 0.370549738407135 -0.03230249136686325
v 0.46688732504844666 0.39965054392814636 -0.04332665726542473
v 0.3438091278076172 0.3114287257194519 -0.05324862524867058
v 0.2189447581768036 0.31023144721984863 -0.036282774060964584
v 0.2150961011648178 0.3175809979438782 -3.227996103305486e-06
v 0.2838437855243683 0.3339012861251831 -3.227996103305486e-06
v 0.2824486196041107 0.321255087852478 0.03002913109958172
v 0.2824486196041107 0.321255087852478 -0.030035588890314102
v 0.22716070711612701 0.288504034280777 -0.06115332245826721
v 0.18705414235591888 0.29006949067115784 -0.06120489537715912
v 0.20824864506721497 0.24416399002075195 -0.09778044372797012
v 0.1882798969745636 0.2569267749786377 -0.09267432242631912
v 0.2864634394645691 0.2960260212421417 -0.052838366478681564
v 0.27407222986221313 0.03079003468155861 -0.18165093660354614
v 0.17722941935062408 0.3141239881515503 -3.227996103305486e-06
v 0.17799067497253418 0.3082904517650604 -0.03228512033820152
v 0.16670703887939453 0.30327585339546204 -0.038100555539131165
v 0.1715729832649231 0.2944410443305969 -0.05852648243308067
v 0.17799067497253418 0.3082904517650604 0.03227866441011429
v 0.18705414235591888 0.29006949067115784 0.061198439449071884
v 0.2189447581768036 0.31023144721984863 0.03627631440758705
v 0.2864634394645691 0.2960260212421417 0.05283191055059433
v 0.3438091278076172 0.3114287257194519 0.053242165595293045
v 0.3488769233226776 0.28629475831985474 0.060678400099277496
v 0.400909960269928 0.27820223569869995 0.07176632434129715
v 0.44992995262145996 0.2559862732887268 0.0857047438621521
v 0.4920274615287781 0.2714584767818451 0.09039882570505142
v 0.5103739500045776 0.22627177834510803 0.09661395847797394
v 0.5245326161384583 0.27549245953559875 0.09580095112323761
v 0.5277538299560547 0.224674254655838 0.09748586267232895
v 0.543848991394043 0.2356778383255005 0.10994620621204376
v 0.562075674533844 0.1868647038936615 0.0986342653632164
v 0.578127920627594 0.19642546772956848 0.11291759461164474
v 0.5721532106399536 0.16419926285743713 0.08622405678033829
v 0.6012865304946899 0.1773415356874466 0.10376869142055511
v 0.5870113968849182 0.1588428020477295 0.0821630135178566
v 0.6458187103271484 0.1641579121351242 0.08793690800666809
v 0.6429423689842224 0.1512262374162674 0.072665274143219
v 0.6923343539237976 0.15658162534236908 0.06182626634836197
v 0.6953117847442627 0.16422291100025177 0.0726233720779419
v 0.6934905648231506 0.18489916622638702 0.08211340755224228
v 0.6455283761024475 0.18354536592960358 0.10089096426963806
v 0.614126980304718 0.19976860284805298 0.11504910886287689
v 0.5928377509117126 0.21966804563999176 0.11593499034643173
v 0.5567941069602966 0.24118006229400635 0.11632268130779266
v 0.5714555978775024 0.25617626309394836 0.11845169961452484
v 0.552152693271637 0.29126909375190735 0.10638298839330673
v 0.568342924118042 0.2953203022480011 0.11459426581859589
v 0.5554301142692566 0.3108383119106293 0.10456646233797073
v 0.566801130771637 0.3161863684654236 0.10930153727531433
v 0.5540377497673035 0.3346605896949768 0.09568724781274796
v 0.566970705986023 0.33527982234954834 0.10247057676315308
v 0.5622221827507019 0.34783703088760376 0.09622249752283096
v 0.579959511756897 0.32904374599456787 0.10667899996042252
v 0.5341210961341858 0.2829747498035431 0.10514701902866364
v 0.5261936783790588 0.3066394031047821 0.09444697946310043
v 0.5390925407409668 0.3090241253376007 0.10274330526590347
v 0.5563449263572693 0.3535445034503937 0.13835687935352325
v 0.5393458008766174 0.3198862373828888 0.164216086268425
v 0.5409452319145203 0.3430453836917877 0.165317565202713
v 0.5353356003761292 0.3212801516056061 0.19527938961982727
v 0.537082314491272 0.3421383500099182 0.1899988353252411
v 0.5360601544380188 0.36110588908195496 0.16507743299007416
v 0.5394878387451172 0.37045031785964966 0.15932969748973846
v 0.547818124294281 0.38139608502388 0.1535409390926361
v 0.5398611426353455 0.3672062158584595 0.1431967169046402
v 0.5644301772117615 0.3721333146095276 0.1432901918888092
v 0.562802791595459 0.3620002269744873 0.14092819392681122
v 0.5758973956108093 0.37045857310295105 0.1437181830406189
v 0.575992226600647 0.3635062277317047 0.13946892321109772
v 0.5641925930976868 0.38299092650413513 0.15376657247543335
v 0.5839947462081909 0.1461634486913681 0.0701679065823555
v 0.5511784553527832 0.14649814367294312 0.07267817109823227
v 0.5312697291374207 0.11431008577346802 0.05371921882033348
v 0.5246531367301941 0.13693521916866302 0.07177205383777618
v 0.4854542911052704 0.11285421252250671 0.06933395564556122
v 0.4807599186897278 0.14662814140319824 0.08264293521642685
v 0.4335302710533142 0.12038697302341461 0.08103413134813309
v 0.4279881715774536 0.18370959162712097 0.08764340728521347
v 0.3673211634159088 0.15637856721878052 0.08955574035644531
v 0.362578809261322 0.2105429768562317 0.0828075036406517
v 0.3072645366191864 0.18976660072803497 0.08857583999633789
v 0.30029407143592834 0.24055778980255127 0.07402588427066803
v 0.25346705317497253 0.22384926676750183 0.09174277633428574
v 0.24722738564014435 0.2599601149559021 0.07573837041854858
v 0.20824864506721497 0.24416399002075195 0.09777399897575378
v 0.22716070711612701 0.288504034280777 0.06114686280488968
v 0.29318735003471375 0.26941147446632385 0.06317935883998871
v 0.3540193736553192 0.26111677289009094 0.06808581203222275
v 0.41813281178474426 0.23851023614406586 0.08141430467367172
v 0.4672553539276123 0.20605911314487457 0.09287577122449875
v 0.5198911428451538 0.18006165325641632 0.08898269385099411
v 0.5377148389816284 0.1745137721300125 0.08941605687141418
v 0.5657761096954346 0.15709540247917175 0.08021970093250275
v 0.22525997459888458 0.2163211554288864 0.1070333868265152
v 0.24076102674007416 0.1725192368030548 0.12578299641609192
v 0.25642696022987366 0.12614724040031433 0.14870092272758484
v 0.2645929157733917 0.07404273003339767 0.17204199731349945
v 0.27407222986221313 0.03079003468155861 0.1816444993019104
v 0.26843586564064026 0.17603319883346558 0.10414832085371017
v 0.32411468029022217 0.13414721190929413 0.09223039448261261
v 0.3836199939250946 0.08533962070941925 0.08943253010511398
v 0.44432055950164795 0.0783994272351265 0.07014767080545425
v 0.487690806388855 0.09426397830247879 0.05586094781756401
v 0.11823879182338715 0.30088144540786743 -0.04644649103283882
v 0.06423339992761612 0.28377771377563477 -0.07183133810758591
v 0.12239814549684525 0.28364768624305725 -0.0723046287894249
v -0.16186770796775818 0.30368754267692566 -3.227996103305486e-06
v -0.24485625326633453 0.30443069338798523 -3.227996103305486e-06
v -0.3018634617328644 0.30583804845809937 -3.227996103305486e-06
v -0.24353325366973877 0.29584982991218567 0.027109146118164062
v -0.3040943741798401 0.2972521483898163 0.0333237387239933
v -0.2516845464706421 0.2852323353290558 0.047733843326568604
v -0.30372154712677 0.28777876496315 0.04860861971974373
v -0.24827566742897034 0.2741454839706421 0.06968207657337189
v -0.31605419516563416 0.2777771055698395 0.0793510153889656
v -0.3109126389026642 0.26062071323394775 0.11479178071022034
v -0.38612130284309387 0.2817879915237427 0.09704874455928802
v -0.3911896347999573 0.2641085386276245 0.1362830102443695
v -0.4353647232055664 0.2905062437057495 0.09204630553722382
v -0.443554162979126 0.28284651041030884 0.12990456819534302
v -0.45772019028663635 0.2940288186073303 0.09477449953556061
v -0.4662865698337555 0.29029619693756104 0.1293107569217682
v -0.5163019895553589 0.304534912109375 0.07768042385578156
v -0.5494305491447449 0.28346484899520874 0.1444004476070404
v -0.48719438910484314 0.27457454800605774 0.17591017484664917
v -0.45525845885276794 0.26839953660964966 0.16166983544826508
v -0.4036395847797394 0.24320754408836365 0.14677013456821442
v -0.3246791362762451 0.23257555067539215 0.13628283143043518
v -0.23834547400474548 0.227655827999115 0.1253630667924881
v -0.2360178679227829 0.2573402523994446 0.09750502556562424
v -0.14912764728069305 0.22638118267059326 0.11276322603225708
v -0.15210600197315216 0.26184308528900146 0.07700853794813156
v -0.06763973832130432 0.20965906977653503 0.12544633448123932
v -0.0738648921251297 0.2585497200489044 0.08269397169351578
v 0.0678127259016037 0.23281891644001007 0.13270439207553864
v 0.06563250720500946 0.25952354073524475 0.10492998361587524
v 0.07740377634763718 0.16189834475517273 0.17712053656578064
v 0.07946635037660599 0.1319492608308792 0.1912802904844284
v 0.08803988248109818 0.0691215917468071 0.20993785560131073
v 0.23532989621162415 -0.04983885586261749 0.2039259821176529
v 0.26074251532554626 -0.08187094330787659 0.17571569979190826
v 0.265005886554718 -0.10446007549762726 0.14423945546150208
v 0.270209938287735 -0.11564469337463379 0.11988428980112076
v 0.3021159768104553 -0.10777044296264648 0.09895265847444534
v 0.27750957012176514 -0.09880436956882477 0.12050925940275192
v 0.27794739603996277 -0.07204137742519379 0.14671999216079712
v -0.050340987741947174 0.17025646567344666 0.15651285648345947
v -0.03888220712542534 0.12918721139431 0.17895102500915527
v -0.16026571393013 0.19695301353931427 0.14683640003204346
v -0.14721691608428955 0.13449712097644806 0.19451795518398285
v -0.27659735083580017 0.17385351657867432 0.17389361560344696
v -0.03566621616482735 0.06191385164856911 0.21235589683055878
v -0.3669308125972748 0.2094946652650833 0.15001443028450012
v -0.4328840374946594 0.2073337882757187 0.16955196857452393
v -0.4817037880420685 0.244576558470726 0.18805928528308868
v -0.16136576235294342 0.27962514758110046 0.051690489053726196
v -0.07172585278749466 0.28114137053489685 0.050444312393665314
v 0.06423339992761612 0.28377771377563477 0.07182487845420837
v -0.5108759999275208 0.3068820536136627 0.04433447867631912
v -0.5762677192687988 0.31938663125038147 0.024776168167591095
v -0.5054019093513489 0.3142393231391907 0.021754471585154533
v -0.5722904801368713 0.3235989809036255 -3.227996103305486e-06
v -0.5040851831436157 0.3210163712501526 -3.227996103305486e-06
v -0.6747350692749023 0.33736905455589294 -3.227996103305486e-06
v -0.1638169288635254 0.2954426109790802 0.028781700879335403
v 0.06185063719749451 0.29786351323127747 0.05171000584959984
v -0.3589673638343811 0.3080843389034271 -3.227996103305486e-06
v -0.3639814555644989 0.30055999755859375 0.027200117707252502
v -0.3748629093170166 0.2942730784416199 0.05247160792350769
v -0.4150788486003876 0.31381097435951233 -3.227996103305486e-06
v -0.4215414524078369 0.3085189461708069 0.023902108892798424
v -0.4236993193626404 0.29992303252220154 0.049426451325416565
v -0.4484715163707733 0.31075936555862427 0.023974990472197533
v -0.45391252636909485 0.30255308747291565 0.04792455583810806
v -0.4457857608795166 0.3174569010734558 -3.227996103305486e-06
v -0.10593422502279282 -0.07613913714885712 -0.2441251128911972
v -0.029352234676480293 -0.10019470751285553 -0.2042110562324524
v -0.10525678843259811 -0.11948852241039276 -0.2384067177772522
v -0.20198766887187958 -0.0960838794708252 -0.2822774052619934
v 0.05698411166667938 0.31367307901382446 -3.227996103305486e-06
v 0.05803187936544418 0.3064388334751129 0.039821807295084
v -0.7567276358604431 -0.6061134338378906 -0.1489313840866089
v -0.7215484976768494 -0.6177806854248047 -0.14668740332126617
v -0.6962957978248596 -0.5962079167366028 -0.17300200462341309
v -0.655977725982666 -0.6439242362976074 -0.20800422132015228
v -0.7311719059944153 -0.5938751697540283 -0.1463165432214737
v 0.6864686608314514 0.33842113614082336 -0.10494538396596909
v 0.6831613779067993 0.3355308771133423 -0.1084521934390068
v 0.6781644821166992 0.3372992277145386 -0.10984968394041061
v 0.6651062369346619 0.33226850628852844 -0.10834868997335434
v 0.678288996219635 0.3269127309322357 -0.10424896329641342
v 0.6667250990867615 0.32588377594947815 -0.11068811267614365
v 0.6601224541664124 0.3424961566925049 -0.11216779798269272
v 0.6486928462982178 0.33077073097229004 -0.10979722440242767
v 0.6536272168159485 0.3570391535758972 -0.10899120569229126
v 0.6585885286331177 0.31581857800483704 -0.10816872119903564
v 0.6471556425094604 0.302482545375824 -0.10588910430669785
v 0.6651069521903992 0.31908756494522095 -0.10800379514694214
v 0.6884675621986389 0.31733763217926025 -0.0905752182006836
v 0.6969297528266907 0.3211118280887604 -0.07893969118595123
v 0.7068726420402527 0.3320503830909729 -0.07312407344579697
v 0.6900559067726135 0.30918726325035095 -0.09140020608901978
v 0.7670408487319946 0.295670747756958 -0.022128744050860405
v 0.7998255491256714 0.27073320746421814 -0.020377041772007942
v 0.8145359754562378 0.2624143362045288 -0.01983838528394699
v 0.8575272560119629 0.19643603265285492 0.00019697700918186456
v 0.8588677644729614 0.18275493383407593 -0.013798927888274193
v 0.8542451858520508 0.18492531776428223 0.0001975142367882654
v 0.8588677644729614 0.18275493383407593 0.013792472891509533
v 0.8522710204124451 0.17460940778255463 0.014427111484110355
v 0.8412126898765564 0.16322259604930878 0.0001923210802488029
v 0.8476489186286926 0.1767795979976654 0.0001941118243848905
v 0.8522710204124451 0.17460940778255463 -0.014433566480875015
v 0.8313250541687012 0.15347452461719513 0.0001864116347860545
v 0.8637189269065857 0.19281569123268127 0.016171474009752274
v 0.6609853506088257 0.4560224115848541 -0.1471712589263916
v 0.5398611426353455 0.3672062158584595 -0.14320316910743713
v 0.5394878387451172 0.37045031785964966 -0.1593361347913742
v -0.5909958481788635 -0.24355509877204895 0.17145408689975739
v -0.46893420815467834 -0.3027862310409546 0.10863001644611359
v -0.45030489563941956 -0.3037510812282562 0.12874291837215424
v -0.4188777506351471 -0.28863486647605896 0.14311076700687408
v -0.39926677942276 -0.31183305382728577 0.13022708892822266
v -0.4235112965106964 -0.30252817273139954 0.12308219820261002
v -0.21791739761829376 -0.30845680832862854 0.14329735934734344
v -0.11615148186683655 -0.27921056747436523 0.12040486186742783
v -0.04042457416653633 -0.26669666171073914 0.10317666083574295
v -0.040372636169195175 -0.2746203541755676 0.07512682676315308
v -0.7073471546173096 -0.32814493775367737 0.1276296079158783
v -0.7218266129493713 -0.3554716408252716 0.1572454422712326
v -0.7346799969673157 -0.36047089099884033 0.13906081020832062
v -0.7377192378044128 -0.38983744382858276 0.1537056863307953
v -0.7483223676681519 -0.3922587037086487 0.1447260081768036
v -0.7465687394142151 -0.4200121760368347 0.15835748612880707
v -0.7668769955635071 -0.4240257740020752 0.14862732589244843
v -0.7494348287582397 -0.4557659327983856 0.16130183637142181
v -0.7648642063140869 -0.45895132422447205 0.1519661545753479
v -0.7482579946517944 -0.5041181445121765 0.1637805849313736
v -0.7656899094581604 -0.5033223032951355 0.15115638077259064
v -0.7535893321037292 -0.5305964350700378 0.1513567715883255
v -0.7709883451461792 -0.5438498854637146 0.1454240381717682
v -0.7432346940040588 -0.5598294138908386 0.15417486429214478
v -0.7625000476837158 -0.5763000845909119 0.15592369437217712
v -0.7311719059944153 -0.5938751697540283 0.14631009101867676
v -0.7567276358604431 -0.6061134338378906 0.14892493188381195
v -0.7215484976768494 -0.6177806854248047 0.14668096601963043
v -0.7544394135475159 -0.6305363178253174 0.15103371441364288
v -0.7423178553581238 -0.6464053392410278 0.14866796135902405
v -0.7559049129486084 -0.6504943370819092 0.1888405829668045
v -0.7272829413414001 -0.6574313044548035 0.1896732896566391
v -0.7587682008743286 -0.6398975849151611 0.22437447309494019
v -0.7378333210945129 -0.6523905396461487 0.2412024289369583
v -0.7465726733207703 -0.6316967010498047 0.23684930801391602
v -0.7154728770256042 -0.6238892674446106 0.24297256767749786
v -0.7366899251937866 -0.5986444354057312 0.22441977262496948
v -0.7134777307510376 -0.5923601984977722 0.21816667914390564
v -0.7211443185806274 -0.5792234539985657 0.2168438732624054
v -0.7093019485473633 -0.5767606496810913 0.2007361203432083
v -0.7466842532157898 -0.5605349540710449 0.1981164515018463
v -0.7247942090034485 -0.5584831237792969 0.1950349360704422
v -0.7386428713798523 -0.5314944386482239 0.19477206468582153
v -0.7315125465393066 -0.5324895977973938 0.17662540078163147
v -0.7440283894538879 -0.5012884140014648 0.17310264706611633
v -0.7425945401191711 -0.525404155254364 0.161993607878685
v -0.7283167839050293 -0.556407630443573 0.16559961438179016
v -0.7058570981025696 -0.5816012024879456 0.1687568724155426
v -0.6962957978248596 -0.5962079167366028 0.17299555242061615
v -0.6818068623542786 -0.614538848400116 0.16897587478160858
v -0.6783210039138794 -0.615765392780304 0.19704148173332214
v -0.6682968139648438 -0.6393659114837646 0.16876529157161713
v -0.655977725982666 -0.6439242362976074 0.20799776911735535
v -0.7037966251373291 -0.6572445034980774 0.19313818216323853
v -0.6926606297492981 -0.6513320207595825 0.24662426114082336
v -0.7178840637207031 -0.6511077880859375 0.15097838640213013
v -0.694676399230957 -0.6503694653511047 0.15668781101703644
v -0.7204428315162659 -0.5547966957092285 0.17795467376708984
v -0.6999610662460327 -0.5806267261505127 0.1846303641796112
v -0.6962040662765503 -0.5920804738998413 0.18518604338169098
v -0.7030064463615417 -0.5932270884513855 0.2038944512605667
v -0.6873582005500793 -0.6132463216781616 0.2123059332370758
v -0.6665180921554565 -0.6354465484619141 0.22896072268486023
v -0.693919837474823 -0.6140618324279785 0.2273453176021576
v -0.6751077175140381 -0.6436166167259216 0.23948708176612854
v -0.7451744675636292 -0.457800030708313 0.17533695697784424
v -0.7506269216537476 -0.5012550950050354 0.18677262961864471
v -0.7551811337471008 -0.4634842276573181 0.18745777010917664
v -0.766350507736206 -0.5049049854278564 0.18485833704471588
v -0.7701873779296875 -0.4639127552509308 0.18953055143356323
v -0.7762776613235474 -0.5054205656051636 0.18720653653144836
v -0.7861326336860657 -0.46528714895248413 0.18330201506614685
v -0.787971556186676 -0.5113126039505005 0.19486857950687408
v -0.7984509468078613 -0.512466549873352 0.19051635265350342
v -0.7952435612678528 -0.5465637445449829 0.20208457112312317
v -0.8008906841278076 -0.5538613796234131 0.17454902827739716
v -0.7951430082321167 -0.5567449927330017 0.19964109361171722
v -0.8002553582191467 -0.5765172839164734 0.17012768983840942
v -0.7977742552757263 -0.5736058950424194 0.2007800191640854
v -0.7800019979476929 -0.576964259147644 0.19253991544246674
v -0.7818590998649597 -0.5687221884727478 0.19768917560577393
v -0.7714494466781616 -0.5675784349441528 0.2020367532968521
v -0.7810729146003723 -0.5436733365058899 0.20166587829589844
v -0.7728036046028137 -0.5396485924720764 0.20397737622261047
v -0.7602679133415222 -0.534010112285614 0.1955879181623459
v -0.7628766894340515 -0.5649005770683289 0.20350676774978638
v -0.7487702369689941 -0.5780783295631409 0.21619239449501038
v -0.765270471572876 -0.5870105624198914 0.21299411356449127
v -0.7574290633201599 -0.6044054627418518 0.22130818665027618
v -0.7740634679794312 -0.5967272520065308 0.20716631412506104
v -0.7694757580757141 -0.6160358190536499 0.2143663614988327
v -0.774530291557312 -0.6252516508102417 0.18365639448165894
v -0.775858998298645 -0.6057714223861694 0.1803596168756485
v -0.781065821647644 -0.5837157368659973 0.17487584054470062
v -0.7938055992126465 -0.573121190071106 0.1509246677160263
v -0.7870621085166931 -0.5491083860397339 0.15215490758419037
v -0.7948769927024841 -0.5067747235298157 0.15740016102790833
v -0.8019083738327026 -0.5159270167350769 0.17304839193820953
v -0.8077155947685242 -0.466202050447464 0.1620204597711563
v -0.8032813668251038 -0.4670023024082184 0.17105045914649963
v -0.810817539691925 -0.41900986433029175 0.17017962038516998
v -0.7915541529655457 -0.4189077913761139 0.17940731346607208
v -0.79973965883255 -0.37784141302108765 0.1800251305103302
v -0.7782366275787354 -0.3827618360519409 0.19185081124305725
v -0.8220234513282776 -0.37812525033950806 0.16688930988311768
v -0.824134349822998 -0.37858691811561584 0.15125487744808197
v -0.8148789405822754 -0.42804956436157227 0.15504157543182373
v -0.8018819093704224 -0.4230426251888275 0.1481935977935791
v -0.7944318652153015 -0.462595671415329 0.1542973518371582
v -0.7833269238471985 -0.4243307411670685 0.14694294333457947
v -0.7841652035713196 -0.46375012397766113 0.15333124995231628
v -0.7741832733154297 -0.501818835735321 0.15223261713981628
v -0.7864492535591125 -0.38887685537338257 0.13622087240219116
v -0.7627133727073669 -0.3925328552722931 0.13724499940872192
v -0.7788736820220947 -0.337490439414978 0.12547820806503296
v -0.7529110312461853 -0.35588622093200684 0.1288435459136963
v -0.816782534122467 -0.37695807218551636 0.13858197629451752
v -0.8093623518943787 -0.33351340889930725 0.1248176097869873
v -0.7729318737983704 -0.4142729938030243 0.18759137392044067
v -0.771439254283905 -0.3839854598045349 0.19282320141792297
v -0.753344714641571 -0.41087454557418823 0.18535113334655762
v -0.7496790885925293 -0.3839118480682373 0.19044168293476105
v -0.742428183555603 -0.41275784373283386 0.17625577747821808
v -0.7356598973274231 -0.3818190097808838 0.17599739134311676
v -0.8359453678131104 -0.01795039139688015 0.07829107344150543
v -0.8253923654556274 -0.020138679072260857 0.09784258157014847
v -0.815521240234375 -0.06145952269434929 0.12016364932060242
v -0.8231491446495056 -0.028686249628663063 0.13102753460407257
v -0.8139030337333679 -0.0676368698477745 0.13366782665252686
v -0.8065241575241089 -0.02644728496670723 0.17054708302021027
v -0.7930900454521179 -0.08210571110248566 0.1762332171201706
v -0.7591969966888428 -0.06966022402048111 0.20815427601337433
v -0.7828721404075623 -0.12857958674430847 0.18184880912303925
v -0.758327066898346 -0.12577134370803833 0.20415592193603516
v -0.7629461288452148 -0.18497365713119507 0.1907135248184204
v -0.7299243211746216 -0.18569834530353546 0.2183622419834137
v -0.7233882546424866 -0.11706904321908951 0.22993847727775574
v -0.724448561668396 -0.06801668554544449 0.22949060797691345
v -0.7697803378105164 -0.009507756680250168 0.19941850006580353
v -0.7860681414604187 0.02521742321550846 0.18864163756370544
v -0.7960415482521057 0.06186496466398239 0.17685407400131226
v -0.8089807629585266 0.13138194382190704 0.15865583717823029
v -0.8170618414878845 0.022276129573583603 0.16443689167499542
v -0.8314355611801147 0.06649600714445114 0.1516844779253006
v -0.8454645872116089 0.1253836750984192 0.12495245039463043
v -0.8432292938232422 0.06291273236274719 0.09391763061285019
v -0.8342404365539551 0.01896791160106659 0.11076512187719345
v -0.8336409330368042 0.020550569519400597 0.07706297934055328
v -0.7907829880714417 -0.21696418523788452 0.16390343010425568
v -0.7918912172317505 -0.13702920079231262 0.1421634554862976
v -0.7837246656417847 -0.18151304125785828 0.17220011353492737
v -0.7860733866691589 -0.1759309321641922 0.1468140184879303
v 0.10675099492073059 -0.5372438430786133 0.17663489282131195
v 0.10384050011634827 -0.5031467080116272 0.1650666892528534
v 0.09679768234491348 -0.4561699628829956 0.15968532860279083
v 0.09139090031385422 -0.4144236147403717 0.16642209887504578
v 0.08020377159118652 -0.4133022427558899 0.15775562822818756
v 0.08711227774620056 -0.37991368770599365 0.17251528799533844
v 0.06999367475509644 -0.3807699978351593 0.15889884531497955
v 0.07781456410884857 -0.3334062993526459 0.17653226852416992
v 0.06630635261535645 -0.330001562833786 0.16731640696525574
v 0.07222224771976471 -0.3004605770111084 0.1816120743751526
v 0.061277054250240326 -0.29983723163604736 0.17073456943035126
v 0.056654807180166245 -0.26224884390830994 0.17487512528896332
v 0.10684214532375336 -0.5474252700805664 0.1741914302110672
v 0.11889562755823135 -0.5594022870063782 0.1722395122051239
v 0.10445472598075867 -0.5642859935760498 0.17533034086227417
v 0.10220339894294739 -0.5671973824501038 0.1446780115365982
v 0.11961550265550613 -0.5743958353996277 0.1494261771440506
v 0.1080557182431221 -0.5638014674186707 0.1254749894142151
v 0.13646173477172852 -0.5669801831245422 0.1304740309715271
v 0.12875975668430328 -0.5345301032066345 0.11997435986995697
v 0.15394259989261627 -0.5505094528198242 0.12872518599033356
v 0.14454711973667145 -0.5212764739990234 0.12590709328651428
v 0.1674789935350418 -0.5470879077911377 0.14014993607997894
v 0.15452352166175842 -0.5160841941833496 0.13654392957687378
v 0.18785855174064636 -0.5722813010215759 0.14330719411373138
v 0.1648881584405899 -0.5845552682876587 0.12086042761802673
v 0.19661743938922882 -0.5827605128288269 0.15973636507987976
v 0.1965341418981552 -0.5868880748748779 0.14754588901996613
v 0.21284404397010803 -0.6064454913139343 0.17159180343151093
v 0.20968104898929596 -0.6052190065383911 0.14352621138095856
v 0.2219397872686386 -0.630046010017395 0.1433156132698059
v 0.19800347089767456 -0.6410497426986694 0.13123813271522522
v 0.10162678360939026 -0.5445414781570435 0.14909934997558594
v 0.11417469382286072 -0.5397884845733643 0.12670522928237915
v 0.10708354413509369 -0.49745479226112366 0.1319504976272583
v 0.12586072087287903 -0.49249890446662903 0.12678295373916626
v 0.1106514036655426 -0.44421887397766113 0.1263207644224167
v 0.12360008805990219 -0.4497610628604889 0.12059790641069412
v 0.11363300681114197 -0.4055196940898895 0.1154889166355133
v 0.10070347040891647 -0.5066070556640625 0.14759871363639832
v 0.0926721841096878 -0.45756492018699646 0.1511836051940918
v 0.09402346611022949 -0.45130378007888794 0.14160384237766266
v 0.08288433402776718 -0.41211679577827454 0.14105284214019775
v 0.09654896706342697 -0.4068915545940399 0.12468938529491425
v 0.07264076173305511 -0.37873557209968567 0.1408264935016632
v 0.09042569994926453 -0.3779943585395813 0.12348010390996933
v 0.06006956472992897 -0.33185839653015137 0.1431802362203598
v 0.08207151293754578 -0.31450268626213074 0.12260085344314575
v 0.10909740626811981 -0.3763710558414459 0.11439673602581024
v 0.1077815592288971 -0.3069460988044739 0.11891962587833405
v 0.215759739279747 -0.634296715259552 0.21403740346431732
v 0.22355377674102783 -0.6261266469955444 0.2035110592842102
v 0.20464390516281128 -0.603926420211792 0.18685626983642578
v 0.2331179678440094 -0.6346043348312378 0.18254810571670532
v 0.13356736302375793 -0.49400243163108826 0.1257067173719406
v 0.14938479661941528 -0.4947982132434845 0.13833090662956238
v 0.10242418944835663 -0.41302844882011414 0.17088660597801208
v 0.10414779931306839 -0.3831848204135895 0.1739412546157837
v 0.1254921853542328 -0.3838472366333008 0.17877571284770966
v 0.10363097488880157 -0.330172061920166 0.1798037886619568
v 0.12184301018714905 -0.3207609951496124 0.18329590559005737
v 0.09166399389505386 -0.3008667528629303 0.1886240839958191
v 0.1438549906015396 -0.3212052583694458 0.17861509323120117
v 0.13971371948719025 -0.3792605698108673 0.17929932475090027
v 0.06773645430803299 -0.266335666179657 0.19134046137332916
v 0.052357017993927 -0.23914414644241333 0.18353426456451416
v 0.03756584972143173 -0.23571647703647614 0.15135103464126587
v 0.3909878134727478 0.041625455021858215 0.08340059965848923
v 0.44817879796028137 0.06683266907930374 0.0648571029305458
v 0.4541804790496826 0.054545484483242035 0.0551229827105999
v 0.4926663339138031 0.07897801697254181 0.044293470680713654
v 0.45877423882484436 0.04146501049399376 0.04311104118824005
v 0.4119618833065033 -0.0209197998046875 0.046021535992622375
v 0.38464877009391785 -0.059987351298332214 0.049480535089969635
v 0.3690952956676483 -0.033662546426057816 0.06807184219360352
v 0.32494595646858215 -0.028997840359807014 0.09320473670959473
v 0.39783117175102234 0.023502608761191368 0.07389802485704422
v 0.35776886343955994 0.024532286450266838 0.0966782420873642
v 0.3631122410297394 -0.002315777586773038 0.08188043534755707
v 0.3190080225467682 0.009067077189683914 0.11504480987787247
v 0.4011903703212738 0.007072368171066046 0.06363295018672943
v 0.28821927309036255 0.12141431123018265 0.1102481335401535
v 0.25141987204551697 0.17292949557304382 0.1161428913474083
v 0.27595412731170654 0.11696861684322357 0.12903283536434174
v 0.24635620415210724 0.170921191573143 0.12078718096017838
v 0.26248273253440857 0.12438229471445084 0.13782502710819244
v 0.3442969024181366 0.06500109285116196 0.10281994938850403
v 0.2996024787425995 0.07787151634693146 0.11772787570953369
v 0.2891538441181183 0.06564629822969437 0.12770196795463562
v 0.2808813452720642 0.06435123085975647 0.15213502943515778
v 0.29587361216545105 0.033118896186351776 0.12861916422843933
v 0.28527799248695374 0.03308594599366188 0.15965667366981506
v 0.2958693206310272 0.0018054369138553739 0.12848038971424103
v 0.31522294878959656 0.04256130009889603 0.11662746965885162
v 0.19826796650886536 -0.16091860830783844 0.1783149689435959
v -0.8622229099273682 -0.10485851019620895 0.013888277113437653
v -0.8737161159515381 -0.10608678311109543 0.015303680673241615
v -0.8717174530029297 -0.16181379556655884 0.017357302829623222
v -0.8805704712867737 -0.10318560898303986 0.011503725312650204
v -0.8853935599327087 -0.14920517802238464 0.017767563462257385
v -0.9024275541305542 -0.14596787095069885 0.016396211460232735
v -0.9111753702163696 -0.1787230521440506 0.025211498141288757
v -0.9254856109619141 -0.19294890761375427 0.02440548501908779
v -0.9155958294868469 -0.21557708084583282 0.02940846048295498
v -0.9433158040046692 -0.22617575526237488 0.021619092673063278
v -0.9235408306121826 -0.2591979503631592 0.027600884437561035
v -0.9531396627426147 -0.2923068106174469 0.027071183547377586
v -0.9477996826171875 -0.30658742785453796 0.029696591198444366
v -0.9734851717948914 -0.3445647656917572 0.03181951865553856
v -0.9573320746421814 -0.35046008229255676 0.027771901339292526
v -0.9546316862106323 -0.3560163974761963 0.003097084118053317
v -0.933597981929779 -0.34716135263442993 -0.00740329222753644
v -0.9776934385299683 -0.35774195194244385 0.004486521240323782
v -0.9516359567642212 -0.32993799448013306 -0.02519163303077221
v -0.9690620303153992 -0.32826563715934753 -0.017888803035020828
v -0.956318199634552 -0.30492687225341797 -0.03847894072532654
v -0.9654114842414856 -0.2636144757270813 -0.026080019772052765
v -0.9588955044746399 -0.21401087939739227 -0.018633035942912102
v -0.9620360136032104 -0.21502947807312012 0.003949656616896391
v -0.9402991533279419 -0.1629588007926941 0.002920337952673435
v -0.9328299164772034 -0.17583118379116058 0.019794145599007607
v -0.9080729484558105 -0.10579847544431686 0.0066859107464551926
v -0.9015752077102661 -0.11880230903625488 0.013943610712885857
v -0.8853661417961121 -0.0401749387383461 0.00921408087015152
v -0.8876779675483704 -0.0997321605682373 0.009948285296559334
v -0.8430505394935608 -0.1425226628780365 -0.006430740002542734
v -0.8556411862373352 -0.22860455513000488 0.01023802813142538
v -0.8885805010795593 -0.2850460410118103 0.014597232453525066
v -0.8742740750312805 -0.25096553564071655 0.01807449571788311
v -0.9047630429267883 -0.27238908410072327 0.02670515701174736
v -0.8994950652122498 -0.23202843964099884 0.026557421311736107
v -0.922903299331665 -0.30338647961616516 0.023335695266723633
v -0.939357578754425 -0.3350052535533905 0.021512363106012344
v -0.9162433743476868 -0.15358874201774597 0.017775263637304306
v -0.9609277844429016 -0.22601620852947235 0.012512987479567528
v -0.9611998200416565 -0.2699248492717743 0.019974295049905777
v -0.9799429178237915 -0.28338441252708435 0.010192900896072388
v -0.9961116909980774 -0.33414965867996216 0.023426666855812073
v -0.9794952273368835 -0.30923110246658325 -0.00780961150303483
v -0.9894906282424927 -0.3585166335105896 0.008162915706634521
v -0.9831147193908691 -0.3549102544784546 0.004477209411561489
v -0.9756295680999756 -0.31841009855270386 0.02691682055592537
v -0.9927528500556946 -0.35021278262138367 0.03455415740609169
v -1.0 -0.3669891655445099 0.0339675135910511
v -0.8664014339447021 -0.14221052825450897 0.015874210745096207
v -0.8660621047019958 -0.17660246789455414 0.017688052728772163
v -0.8604475855827332 -0.21034309267997742 0.014011302031576633
v -0.87248694896698 -0.2106197625398636 0.019898904487490654
v -0.8920935988426208 -0.18187566101551056 0.020819883793592453
v -0.6726939678192139 -0.3725927472114563 0.07901936769485474
v -0.6586914658546448 -0.37320250272750854 0.08238846808671951
v -0.6610281467437744 -0.3897632956504822 0.08140015602111816
v -0.6539124846458435 -0.38771378993988037 0.08916141837835312
v -0.6746872663497925 -0.3891685903072357 0.07811378687620163
v -0.6834039092063904 -0.38745951652526855 0.08337374031543732
v 0.6781644821166992 0.3372992277145386 0.10984323918819427
v 0.6831613779067993 0.3355308771133423 0.10844574868679047
v 0.6864686608314514 0.33842113614082336 0.10493893921375275
v 0.688347578048706 0.32932791113853455 0.0960145890712738
v 0.691846489906311 0.33668750524520874 0.0871564969420433
v 0.6900210380554199 0.32413387298583984 0.09325166046619415
v 0.6935524940490723 0.3297342360019684 0.082944855093956
v 0.6884675621986389 0.31733763217926025 0.09056877344846725
v 0.6969297528266907 0.3211118280887604 0.0789332315325737
v 0.6900559067726135 0.30918726325035095 0.09139376133680344
v 0.6800568103790283 0.30503973364830017 0.0997905507683754
v 0.6684328317642212 0.3056790232658386 0.10606709867715836
v 0.6669073700904846 0.2954549491405487 0.10209685564041138
v 0.6471556425094604 0.302482545375824 0.1058826595544815
v 0.6226351857185364 0.28748562932014465 0.1034601479768753
v 0.7068726420402527 0.3320503830909729 0.07311762124300003
v 0.7051143050193787 0.334288090467453 0.07946866750717163
v 0.6951010227203369 0.3481074571609497 0.08612754195928574
v 0.69002765417099 0.3537749648094177 0.09368949383497238
v 0.6852282285690308 0.3616105318069458 0.0895165205001831
v 0.6800234913825989 0.3612685203552246 0.1025799959897995
v 0.67690509557724 0.3671886622905731 0.09539195150136948
v 0.679966390132904 0.35488468408584595 0.10488055646419525
v 0.6866945624351501 0.350723534822464 0.0955267921090126
v 0.6832215785980225 0.3435249328613281 0.10605456680059433
v 0.678145706653595 0.34399929642677307 0.11081454157829285
v 0.6667237877845764 0.3523101210594177 0.11136537790298462
v 0.6601224541664124 0.3424961566925049 0.11216135323047638
v 0.6651062369346619 0.33226850628852844 0.108342245221138
v 0.6667250990867615 0.32588377594947815 0.11068166047334671
v 0.678288996219635 0.3269127309322357 0.10424251109361649
v 0.6816039681434631 0.3234834671020508 0.10303144156932831
v 0.6732057929039001 0.3424888253211975 0.11246560513973236
v 0.6750342845916748 0.3154928386211395 0.10527129471302032
v 0.6651069521903992 0.31908756494522095 0.1079973429441452
v 0.6585885286331177 0.31581857800483704 0.1081622764468193
v 0.6373549103736877 0.31048232316970825 0.1032622680068016
v 0.6453686952590942 0.33092740178108215 0.11131827533245087
v 0.6849777102470398 0.3131863474845886 0.09911705553531647
v 0.8186759948730469 0.2375260591506958 0.051941193640232086
v 0.8005572557449341 0.22986453771591187 0.05725020542740822
v 0.8318517208099365 0.23409104347229004 0.0509595088660717
v 0.8135852813720703 0.22353141009807587 0.05978446826338768
v 0.7923697829246521 0.21507766842842102 0.05680592358112335
v 0.7955115437507629 0.20412547886371613 0.06286150217056274
v 0.7773950695991516 0.19287514686584473 0.06521345674991608
v 0.7676753401756287 0.17938315868377686 0.061369094997644424
v 0.8118770718574524 0.20244792103767395 0.06340337544679642
v 0.8300034999847412 0.21338826417922974 0.05784222483634949
v 0.8284569978713989 0.22305166721343994 0.05525227636098862
v 0.8420471549034119 0.2126864790916443 0.03350657597184181
v 0.8353784084320068 0.21964262425899506 0.03760271891951561
v 0.8436815738677979 0.20758967101573944 0.032417625188827515
v 0.8267572522163391 0.17368535697460175 0.055062998086214066
v 0.8283097743988037 0.18406450748443604 0.06063864752650261
v 0.8349044322967529 0.18701690435409546 0.05720203369855881
v 0.8415475487709045 0.19828014075756073 0.05464736372232437
v 0.8150888085365295 0.18958142399787903 0.06640645116567612
v 0.8134706616401672 0.1827850192785263 0.06372212618589401
v 0.7986425757408142 0.1899069994688034 0.0692974254488945
v 0.7954087257385254 0.18144303560256958 0.06673702597618103
v 0.7758094072341919 0.17465685307979584 0.06363455951213837
v 0.7873433828353882 0.1693931519985199 0.06110711023211479
v 0.7693303227424622 0.1676439493894577 0.059238649904727936
v 0.7775775790214539 0.16244632005691528 0.05662864074110985
v 0.7942590713500977 0.16445033252239227 0.04367046803236008
v 0.7954989671707153 0.17282241582870483 0.06264893710613251
v 0.8119125962257385 0.17432019114494324 0.06120040640234947
v 0.8123806715011597 0.16412369906902313 0.040818534791469574
v 0.6595115661621094 0.46331092715263367 0.14140024781227112
v 0.6595095992088318 0.4758991003036499 0.1418033391237259
v 0.6609853506088257 0.4560224115848541 0.14716482162475586
v 0.6445690989494324 0.4531305134296417 0.14869806170463562
v 0.5427674055099487 0.4068627953529358 0.22993364930152893
v 0.5375192761421204 0.40501347184181213 0.24482634663581848
v 0.5378168225288391 0.40214988589286804 0.2319587916135788
f 1 2 3
f 3 2 4
f 3 4 5
f 5 4 6
f 5 6 7
f 7 6 8
f 7 8 9
f 9 8 10
f 9 10 11
f 11 10 12
f 11 12 13
f 13 12 14
f 13 14 15
f 15 14 16
f 15 16 17
f 17 16 18
f 17 18 19
f 19 18 20
f 19 20 21
f 21 20 22
f 21 22 23
f 23 22 24
f 23 24 25
f 25 24 26
f 25 26 27
f 27 26 28
f 27 28 29
f 29 28 30
f 29 30 31
f 31 30 32
f 31 32 33
f 33 32 34
f 33 34 35
f 35 34 36
f 35 36 37
f 37 36 38
f 37 38 39
f 39 38 40
f 39 40 41
f 41 40 42
f 41 42 43
f 43 42 44
f 43 44 45
f 45 44 46
f 45 46 47
f 47 46 48
f 47 48 49
f 49 48 50
f 49 50 51
f 51 50 52
f 51 52 53
f 53 52 54
f 53 54 55
f 55 54 56
f 55 56 57
f 57 56 58
f 57 58 59
f 59 58 60
f 59 60 61
f 61 60 62
f 61 62 63
f 63 62 64
f 63 64 65
f 65 64 66
f 65 66 67
f 67 66 68
f 67 68 69
f 69 68 70
f 69 70 71
f 71 70 72
f 71 72 73
f 73 72 34
f 73 34 32
f 34 72 36
f 36 72 70
f 36 70 74
f 74 70 66
f 74 66 75
f 75 66 64
f 75 64 76
f 76 64 62
f 76 62 77
f 77 62 60
f 77 60 78
f 78 60 58
f 78 58 79
f 79 58 56
f 79 56 80
f 80 56 54
f 80 54 52
f 52 50 80
f 80 50 81
f 80 81 79
f 79 81 82
f 79 82 78
f 78 82 83
f 78 83 77
f 77 83 84
f 77 84 76
f 76 84 42
f 76 42 40
f 40 38 76
f 76 38 75
f 38 36 75
f 75 36 74
f 42 84 44
f 44 84 83
f 44 83 46
f 46 83 82
f 46 82 48
f 48 82 81
f 48 81 50
f 1 3 85
f 85 3 86
f 85 86 87
f 87 86 88
f 87 88 89
f 89 88 90
f 89 90 91
f 91 90 92
f 91 92 93
f 93 92 94
f 93 94 95
f 95 94 96
f 95 96 97
f 97 96 98
f 97 98 23
f 23 98 21
f 23 25 97
f 97 25 99
f 97 99 100
f 100 99 101
f 100 101 102
f 102 101 103
f 102 103 104
f 104 103 105
f 104 105 106
f 106 105 107
f 106 107 108
f 108 107 109
f 108 109 110
f 110 109 111
f 110 111 112
f 112 111 113
f 112 113 114
f 114 113 115
f 114 115 116
f 116 115 117
f 116 117 118
f 118 117 119
f 118 119 120
f 120 119 121
f 120 121 122
f 122 121 123
f 122 123 124
f 124 123 125
f 124 125 126
f 126 125 127
f 126 127 128
f 128 127 129
f 128 129 130
f 130 129 131
f 130 131 132
f 132 131 133
f 132 133 134
f 134 133 135
f 134 135 136
f 136 135 137
f 136 137 138
f 138 137 139
f 138 139 140
f 140 139 141
f 140 141 142
f 142 141 143
f 142 143 144
f 144 143 145
f 144 145 146
f 146 145 147
f 146 147 148
f 148 147 149
f 148 149 150
f 150 149 151
f 150 151 152
f 152 151 153
f 152 153 154
f 154 153 155
f 154 155 156
f 156 155 157
f 156 157 158
f 158 157 159
f 158 159 160
f 160 159 161
f 160 161 162
f 162 161 163
f 162 163 164
f 164 163 165
f 164 165 166
f 166 165 167
f 166 167 168
f 168 167 169
f 168 169 170
f 170 169 171
f 170 171 172
f 172 171 173
f 172 173 174
f 174 173 175
f 174 175 176
f 176 175 177
f 176 177 178
f 178 177 179
f 178 179 180
f 180 179 181
f 180 181 182
f 182 181 183
f 182 183 184
f 184 183 185
f 184 185 186
f 186 185 187
f 186 187 188
f 188 187 189
f 188 189 190
f 190 189 191
f 190 191 192
f 192 191 193
f 192 193 194
f 194 193 195
f 194 195 196
f 196 195 197
f 196 197 198
f 198 197 199
f 198 199 200
f 200 199 201
f 200 201 202
f 202 201 203
f 202 203 200
f 200 203 204
f 200 204 205
f 205 204 206
f 205 206 207
f 207 206 208
f 207 208 209
f 209 208 210
f 209 210 192
f 192 210 211
f 192 211 190
f 190 211 212
f 190 212 188
f 188 212 186
f 192 194 209
f 209 194 196
f 209 196 207
f 207 196 198
f 207 198 200
f 191 189 193
f 193 189 213
f 193 213 214
f 214 213 215
f 214 215 216
f 216 215 217
f 216 217 218
f 218 217 219
f 218 219 220
f 220 219 176
f 220 176 221
f 221 176 178
f 221 178 222
f 222 178 180
f 222 180 223
f 223 180 182
f 223 182 184
f 176 219 174
f 174 219 224
f 174 224 172
f 172 224 225
f 172 225 170
f 170 225 226
f 170 226 168
f 168 226 227
f 168 227 166
f 166 227 228
f 166 228 164
f 164 228 229
f 164 229 230
f 230 229 231
f 230 231 232
f 232 231 233
f 232 233 234
f 234 233 235
f 234 235 236
f 236 235 237
f 236 237 156
f 156 237 238
f 156 238 154
f 154 238 239
f 154 239 152
f 152 239 240
f 152 240 150
f 150 240 241
f 150 241 148
f 148 241 242
f 148 242 146
f 146 242 144
f 156 158 236
f 236 158 160
f 236 160 234
f 234 160 162
f 234 162 232
f 232 162 230
f 219 217 224
f 224 217 243
f 224 243 225
f 225 243 244
f 225 244 226
f 226 244 245
f 226 245 227
f 227 245 246
f 227 246 228
f 228 246 247
f 228 247 229
f 229 247 248
f 229 248 231
f 231 248 249
f 231 249 233
f 233 249 250
f 233 250 251
f 251 250 252
f 251 252 253
f 253 252 254
f 253 254 255
f 255 254 256
f 255 256 257
f 257 256 258
f 257 258 259
f 259 258 260
f 259 260 171
f 171 260 173
f 171 169 259
f 259 169 261
f 259 261 257
f 257 261 262
f 257 262 255
f 255 262 251
f 255 251 253
f 251 262 233
f 233 262 235
f 169 167 261
f 261 167 263
f 261 263 264
f 264 263 265
f 264 265 266
f 266 265 267
f 266 267 268
f 268 267 269
f 268 269 270
f 270 269 271
f 270 271 272
f 272 271 273
f 272 273 274
f 274 273 275
f 274 275 276
f 276 275 277
f 276 277 278
f 278 277 279
f 278 279 280
f 280 279 281
f 280 281 282
f 282 281 283
f 282 283 284
f 284 283 285
f 284 285 286
f 286 285 287
f 286 287 288
f 288 287 289
f 288 289 290
f 290 289 291
f 290 291 292
f 292 291 293
f 292 293 294
f 294 293 295
f 294 295 296
f 296 295 297
f 296 297 298
f 298 297 299
f 298 299 300
f 300 299 301
f 300 301 302
f 302 301 303
f 302 303 304
f 304 303 305
f 304 305 306
f 306 305 307
f 306 307 308
f 308 307 309
f 308 309 310
f 310 309 311
f 310 311 312
f 312 311 313
f 312 313 314
f 314 313 315
f 314 315 316
f 316 315 317
f 316 317 318
f 318 317 319
f 318 319 320
f 320 319 321
f 320 321 322
f 322 321 323
f 322 323 324
f 324 323 325
f 324 325 326
f 326 325 327
f 326 327 328
f 328 327 12
f 328 12 10
f 10 8 328
f 328 8 326
f 323 321 325
f 325 321 329
f 325 329 330
f 330 329 331
f 330 331 332
f 332 331 333
f 332 333 334
f 334 333 335
f 334 335 336
f 336 335 337
f 336 337 338
f 338 337 339
f 338 339 340
f 340 339 20
f 340 20 18
f 340 18 338
f 338 18 341
f 338 341 342
f 342 341 14
f 342 14 343
f 343 14 12
f 343 12 327
f 14 341 16
f 16 341 18
f 338 342 336
f 336 342 334
f 332 334 330
f 330 334 344
f 330 344 327
f 327 344 343
f 343 344 342
f 342 344 334
f 321 319 329
f 329 319 331
f 319 317 331
f 331 317 345
f 331 345 346
f 346 345 347
f 346 347 348
f 348 347 349
f 348 349 350
f 350 349 351
f 350 351 352
f 352 351 353
f 352 353 354
f 354 353 355
f 354 355 356
f 356 355 357
f 356 357 358
f 358 357 359
f 358 359 360
f 360 359 361
f 360 361 362
f 362 361 363
f 362 363 364
f 364 363 365
f 364 365 366
f 366 365 367
f 366 367 368
f 368 367 369
f 368 369 370
f 370 369 371
f 370 371 372
f 372 371 373
f 372 373 374
f 374 373 375
f 374 375 153
f 153 375 155
f 153 151 374
f 374 151 376
f 374 376 372
f 372 376 377
f 372 377 370
f 370 377 378
f 370 378 368
f 368 378 379
f 368 379 366
f 366 379 380
f 366 380 364
f 364 380 381
f 364 381 362
f 362 381 382
f 362 382 360
f 360 382 383
f 360 383 358
f 358 383 356
f 151 149 376
f 376 149 147
f 376 147 384
f 384 147 145
f 384 145 385
f 385 145 143
f 385 143 386
f 386 143 387
f 386 387 388
f 388 387 389
f 388 389 390
f 390 389 391
f 390 391 392
f 392 391 393
f 392 393 394
f 394 393 395
f 394 395 396
f 396 395 397
f 396 397 398
f 398 397 399
f 398 399 400
f 400 399 113
f 400 113 111
f 113 399 115
f 115 399 401
f 115 401 117
f 117 401 402
f 117 402 119
f 119 402 403
f 119 403 404
f 404 403 405
f 404 405 406
f 406 405 407
f 406 407 135
f 135 407 137
f 135 133 406
f 406 133 131
f 406 131 404
f 404 131 408
f 404 408 119
f 119 408 121
f 131 129 408
f 408 129 127
f 408 127 409
f 409 127 125
f 409 125 123
f 123 121 409
f 409 121 408
f 399 397 401
f 401 397 402
f 143 141 387
f 387 141 410
f 387 410 389
f 389 410 411
f 389 411 391
f 391 411 412
f 391 412 393
f 393 412 413
f 393 413 395
f 395 413 397
f 397 413 402
f 402 413 403
f 413 412 403
f 403 412 405
f 412 411 405
f 405 411 407
f 141 139 410
f 410 139 414
f 410 414 411
f 411 414 407
f 407 414 137
f 137 414 139
f 376 384 377
f 377 384 415
f 377 415 378
f 378 415 416
f 378 416 379
f 379 416 417
f 379 417 380
f 380 417 418
f 380 418 381
f 381 418 419
f 381 419 382
f 382 419 420
f 382 420 383
f 383 420 421
f 383 421 356
f 356 421 422
f 356 422 354
f 354 422 423
f 354 423 352
f 352 423 424
f 352 424 350
f 350 424 425
f 350 425 426
f 426 425 427
f 426 427 428
f 428 427 429
f 428 429 430
f 430 429 431
f 430 431 432
f 432 431 433
f 432 433 434
f 434 433 24
f 434 24 22
f 22 20 434
f 434 20 339
f 434 339 432
f 432 339 435
f 432 435 430
f 430 435 436
f 430 436 428
f 428 436 437
f 428 437 426
f 426 437 348
f 426 348 350
f 348 437 346
f 346 437 438
f 346 438 331
f 331 438 333
f 333 438 335
f 335 438 436
f 335 436 435
f 335 435 337
f 337 435 339
f 24 433 26
f 26 433 439
f 26 439 440
f 440 439 441
f 440 441 442
f 442 441 443
f 442 443 444
f 444 443 445
f 444 445 446
f 446 445 423
f 446 423 447
f 447 423 448
f 447 448 449
f 449 448 450
f 449 450 451
f 451 450 452
f 451 452 453
f 453 452 454
f 453 454 107
f 107 454 455
f 107 455 109
f 109 455 111
f 111 455 400
f 400 455 456
f 400 456 457
f 457 456 458
f 457 458 459
f 459 458 460
f 459 460 461
f 461 460 421
f 461 421 420
f 420 419 461
f 461 419 462
f 461 462 459
f 459 462 396
f 459 396 457
f 457 396 398
f 457 398 400
f 396 462 394
f 394 462 419
f 394 419 418
f 394 418 392
f 392 418 417
f 392 417 390
f 390 417 416
f 390 416 388
f 388 416 463
f 388 463 386
f 386 463 415
f 386 415 385
f 385 415 384
f 454 452 455
f 455 452 456
f 456 452 458
f 458 452 450
f 458 450 460
f 460 450 421
f 421 450 422
f 422 450 448
f 422 448 423
f 451 453 449
f 449 453 464
f 449 464 465
f 465 464 466
f 465 466 467
f 467 466 468
f 467 468 469
f 469 468 470
f 469 470 471
f 471 470 472
f 471 472 473
f 473 472 474
f 473 474 26
f 26 474 28
f 28 474 30
f 30 474 475
f 30 475 32
f 32 475 73
f 26 440 473
f 473 440 471
f 440 442 471
f 471 442 476
f 471 476 469
f 469 476 467
f 442 444 476
f 476 444 477
f 476 477 467
f 467 477 465
f 444 446 477
f 477 446 478
f 477 478 465
f 465 478 449
f 449 478 447
f 447 478 446
f 433 431 439
f 439 431 479
f 439 479 441
f 441 479 480
f 441 480 481
f 481 480 482
f 481 482 483
f 483 482 423
f 483 423 484
f 484 423 445
f 484 445 443
f 484 443 483
f 483 443 481
f 431 429 479
f 479 429 480
f 429 427 480
f 480 427 482
f 167 165 263
f 263 165 265
f 165 163 265
f 265 163 267
f 256 254 258
f 258 254 485
f 258 485 260
f 260 485 486
f 260 486 173
f 173 486 175
f 254 252 485
f 485 252 487
f 485 487 486
f 486 487 488
f 486 488 175
f 175 488 177
f 252 250 487
f 487 250 489
f 487 489 488
f 488 489 490
f 488 490 177
f 177 490 179
f 250 249 489
f 489 249 491
f 489 491 490
f 490 491 492
f 490 492 179
f 179 492 181
f 249 248 491
f 491 248 493
f 491 493 492
f 492 493 494
f 492 494 181
f 181 494 183
f 248 247 493
f 493 247 495
f 493 495 494
f 494 495 496
f 494 496 183
f 183 496 185
f 247 246 495
f 495 246 497
f 495 497 496
f 496 497 498
f 496 498 185
f 185 498 187
f 246 245 497
f 497 245 499
f 497 499 498
f 498 499 500
f 498 500 187
f 187 500 189
f 189 500 213
f 213 500 501
f 213 501 215
f 215 501 243
f 215 243 217
f 243 501 244
f 244 501 499
f 244 499 245
f 193 214 195
f 195 214 216
f 195 216 197
f 197 216 218
f 197 218 220
f 3 5 86
f 86 5 502
f 86 502 88
f 88 502 503
f 88 503 90
f 90 503 504
f 90 504 92
f 92 504 505
f 92 505 94
f 94 505 96
f 5 7 502
f 502 7 506
f 502 506 503
f 503 506 507
f 503 507 504
f 504 507 508
f 504 508 505
f 505 508 509
f 505 509 96
f 96 509 98
f 7 9 506
f 506 9 11
f 506 11 510
f 510 11 13
f 510 13 511
f 511 13 15
f 511 15 512
f 512 15 17
f 512 17 509
f 509 17 513
f 509 513 98
f 98 513 21
f 21 513 19
f 19 513 17
f 509 508 512
f 512 508 511
f 508 507 511
f 511 507 510
f 2 514 4
f 4 514 515
f 4 515 6
f 6 515 516
f 6 516 8
f 8 516 517
f 8 517 518
f 518 517 519
f 518 519 520
f 520 519 521
f 520 521 322
f 322 521 522
f 322 522 523
f 523 522 524
f 523 524 525
f 525 524 526
f 525 526 527
f 527 526 528
f 527 528 529
f 529 528 530
f 529 530 531
f 531 530 532
f 531 532 533
f 533 532 534
f 533 534 535
f 535 534 536
f 535 536 537
f 537 536 538
f 537 538 539
f 539 538 540
f 539 540 541
f 541 540 542
f 541 542 543
f 543 542 544
f 543 544 545
f 545 544 546
f 545 546 547
f 547 546 548
f 547 548 549
f 549 548 550
f 549 550 551
f 551 550 552
f 551 552 553
f 553 552 554
f 553 554 555
f 555 554 556
f 555 556 557
f 557 556 558
f 557 558 559
f 559 558 560
f 559 560 561
f 561 560 562
f 561 562 563
f 563 562 564
f 563 564 565
f 565 564 566
f 565 566 567
f 567 566 568
f 567 568 569
f 569 568 570
f 569 570 571
f 571 570 572
f 571 572 573
f 573 572 574
f 573 574 575
f 575 574 576
f 575 576 577
f 577 576 578
f 577 578 579
f 579 578 580
f 579 580 581
f 581 580 582
f 581 582 583
f 583 582 584
f 583 584 585
f 585 584 586
f 585 586 587
f 587 586 588
f 587 588 589
f 589 588 590
f 589 590 591
f 591 590 592
f 591 592 593
f 593 592 594
f 593 594 595
f 595 594 596
f 595 596 597
f 597 596 598
f 597 598 599
f 599 598 600
f 599 600 601
f 601 600 602
f 601 602 603
f 603 602 604
f 603 604 605
f 605 604 606
f 605 606 607
f 607 606 608
f 607 608 609
f 609 608 610
f 609 610 611
f 611 610 568
f 611 568 612
f 612 568 566
f 612 566 613
f 613 566 564
f 613 564 562
f 596 594 598
f 598 594 614
f 598 614 615
f 615 614 616
f 615 616 617
f 617 616 618
f 617 618 619
f 619 618 620
f 619 620 621
f 621 620 576
f 621 576 574
f 576 620 578
f 578 620 622
f 578 622 580
f 580 622 582
f 620 618 622
f 622 618 623
f 622 623 624
f 624 623 625
f 624 625 626
f 626 625 586
f 626 586 584
f 626 584 624
f 624 584 582
f 624 582 622
f 618 616 623
f 623 616 627
f 623 627 625
f 625 627 590
f 625 590 586
f 586 590 588
f 590 627 592
f 592 627 614
f 592 614 594
f 581 583 579
f 579 583 628
f 579 628 629
f 629 628 630
f 629 630 631
f 631 630 632
f 631 632 633
f 633 632 634
f 633 634 635
f 635 634 636
f 635 636 637
f 637 636 638
f 637 638 639
f 639 638 640
f 639 640 641
f 641 640 642
f 641 642 643
f 643 642 644
f 643 644 645
f 645 644 646
f 645 646 647
f 647 646 648
f 647 648 649
f 649 648 561
f 649 561 650
f 650 561 563
f 650 563 651
f 651 563 565
f 651 565 567
f 567 569 651
f 651 569 652
f 651 652 653
f 653 652 654
f 653 654 655
f 655 654 656
f 655 656 657
f 657 656 658
f 657 658 659
f 659 658 660
f 659 660 661
f 661 660 662
f 661 662 663
f 663 662 664
f 663 664 635
f 635 664 633
f 633 664 631
f 631 664 629
f 664 662 629
f 629 662 665
f 629 665 579
f 579 665 666
f 579 666 577
f 577 666 667
f 577 667 668
f 668 667 669
f 668 669 670
f 670 669 571
f 670 571 573
f 573 575 670
f 670 575 668
f 662 660 665
f 665 660 671
f 665 671 666
f 666 671 672
f 666 672 667
f 667 672 669
f 660 658 671
f 671 658 672
f 658 656 672
f 672 656 669
f 656 654 669
f 669 654 571
f 654 652 571
f 571 652 569
f 635 637 663
f 663 637 673
f 663 673 661
f 661 673 674
f 661 674 659
f 659 674 675
f 659 675 657
f 657 675 676
f 657 676 655
f 655 676 653
f 653 676 651
f 651 676 650
f 676 675 650
f 650 675 649
f 561 648 559
f 559 648 557
f 648 646 557
f 557 646 644
f 557 644 677
f 677 644 642
f 677 642 678
f 678 642 679
f 678 679 680
f 680 679 681
f 680 681 682
f 682 681 683
f 682 683 684
f 684 683 685
f 684 685 686
f 686 685 687
f 686 687 688
f 688 687 689
f 688 689 690
f 690 689 691
f 690 691 692
f 692 691 693
f 692 693 694
f 694 693 695
f 694 695 696
f 696 695 697
f 696 697 698
f 698 697 699
f 698 699 700
f 700 699 701
f 700 701 702
f 702 701 703
f 702 703 704
f 704 703 705
f 704 705 706
f 706 705 707
f 706 707 708
f 708 707 709
f 708 709 710
f 710 709 547
f 710 547 549
f 549 551 710
f 710 551 711
f 710 711 712
f 712 711 713
f 712 713 714
f 714 713 715
f 714 715 716
f 716 715 717
f 716 717 718
f 718 717 719
f 718 719 720
f 720 719 680
f 720 680 721
f 721 680 682
f 721 682 722
f 722 682 723
f 722 723 724
f 724 723 725
f 724 725 726
f 726 725 727
f 726 727 728
f 728 727 729
f 728 729 730
f 730 729 731
f 730 731 732
f 732 731 733
f 732 733 734
f 734 733 735
f 734 735 736
f 736 735 737
f 736 737 738
f 738 737 739
f 738 739 730
f 730 739 728
f 730 732 738
f 738 732 736
f 723 682 725
f 725 682 684
f 725 684 727
f 727 684 686
f 727 686 729
f 729 686 688
f 729 688 731
f 731 688 690
f 731 690 733
f 733 690 692
f 733 692 740
f 740 692 694
f 740 694 741
f 741 694 696
f 741 696 698
f 680 719 678
f 678 719 717
f 678 717 742
f 742 717 743
f 742 743 555
f 555 743 553
f 717 715 743
f 743 715 713
f 743 713 711
f 743 711 553
f 553 711 551
f 678 742 677
f 677 742 555
f 677 555 557
f 710 712 708
f 708 712 744
f 708 744 706
f 706 744 745
f 706 745 704
f 704 745 702
f 642 640 679
f 679 640 746
f 679 746 681
f 681 746 683
f 322 523 320
f 320 523 318
f 322 324 520
f 520 324 518
f 324 326 518
f 518 326 8
f 747 748 749
f 749 748 750
f 749 750 751
f 751 750 752
f 751 752 753
f 753 752 754
f 753 754 755
f 755 754 756
f 755 756 757
f 757 756 758
f 757 758 759
f 759 758 760
f 759 760 761
f 761 760 762
f 761 762 763
f 763 762 764
f 763 764 765
f 765 764 766
f 765 766 767
f 767 766 768
f 767 768 769
f 769 768 770
f 769 770 771
f 771 770 772
f 771 772 773
f 773 772 774
f 773 774 282
f 282 774 775
f 282 775 280
f 280 775 278
f 282 284 773
f 773 284 776
f 773 776 771
f 771 776 777
f 771 777 769
f 769 777 778
f 769 778 767
f 767 778 779
f 767 779 765
f 765 779 763
f 763 779 761
f 761 779 780
f 761 780 759
f 759 780 781
f 759 781 757
f 757 781 782
f 757 782 783
f 783 782 784
f 783 784 785
f 785 784 786
f 785 786 787
f 787 786 788
f 787 788 789
f 789 788 790
f 789 790 791
f 791 790 528
f 791 528 792
f 792 528 526
f 792 526 793
f 793 526 524
f 793 524 522
f 522 521 793
f 793 521 794
f 793 794 795
f 795 794 796
f 795 796 797
f 797 796 798
f 797 798 799
f 799 798 753
f 799 753 800
f 800 753 755
f 800 755 783
f 783 755 757
f 783 785 800
f 800 785 801
f 800 801 799
f 799 801 802
f 799 802 797
f 797 802 803
f 797 803 795
f 795 803 792
f 795 792 793
f 785 787 801
f 801 787 802
f 787 789 802
f 802 789 803
f 803 789 792
f 792 789 791
f 753 798 751
f 751 798 796
f 751 796 804
f 804 796 794
f 804 794 519
f 519 794 521
f 519 517 804
f 804 517 747
f 804 747 749
f 528 790 530
f 530 790 805
f 530 805 806
f 806 805 807
f 806 807 808
f 808 807 809
f 808 809 534
f 534 809 536
f 808 534 806
f 806 534 532
f 806 532 530
f 758 756 760
f 760 756 810
f 760 810 811
f 811 810 812
f 811 812 813
f 813 812 814
f 813 814 815
f 815 814 816
f 815 816 817
f 817 816 818
f 817 818 819
f 819 818 820
f 819 820 821
f 821 820 822
f 821 822 823
f 823 822 824
f 823 824 825
f 825 824 1
f 825 1 826
f 826 1 85
f 826 85 827
f 827 85 87
f 827 87 828
f 828 87 89
f 828 89 829
f 829 89 91
f 829 91 830
f 830 91 93
f 830 93 831
f 831 93 95
f 831 95 97
f 825 826 823
f 823 826 832
f 823 832 833
f 833 832 834
f 833 834 835
f 835 834 836
f 835 836 837
f 837 836 838
f 837 838 839
f 839 838 840
f 839 840 841
f 841 840 842
f 841 842 843
f 843 842 844
f 843 844 845
f 845 844 846
f 845 846 847
f 847 846 848
f 847 848 849
f 849 848 850
f 849 850 851
f 851 850 852
f 851 852 853
f 853 852 854
f 853 854 855
f 855 854 856
f 855 856 857
f 857 856 858
f 857 858 859
f 859 858 860
f 859 860 861
f 861 860 862
f 861 862 863
f 863 862 864
f 863 864 865
f 865 864 866
f 865 866 867
f 867 866 868
f 867 868 869
f 869 868 870
f 869 870 871
f 871 870 872
f 871 872 873
f 873 872 874
f 873 874 875
f 875 874 876
f 875 876 877
f 877 876 878
f 877 878 879
f 879 878 880
f 879 880 881
f 881 880 882
f 881 882 883
f 883 882 884
f 883 884 885
f 885 884 856
f 885 856 854
f 869 871 867
f 867 871 886
f 867 886 887
f 887 886 875
f 887 875 888
f 888 875 877
f 888 877 879
f 875 886 873
f 873 886 871
f 867 887 865
f 865 887 889
f 865 889 863
f 863 889 890
f 863 890 891
f 891 890 892
f 891 892 893
f 893 892 894
f 893 894 895
f 895 894 896
f 895 896 897
f 897 896 898
f 897 898 899
f 899 898 900
f 899 900 901
f 901 900 902
f 901 902 903
f 903 902 904
f 903 904 905
f 905 904 906
f 905 906 907
f 907 906 908
f 907 908 843
f 843 908 841
f 843 845 907
f 907 845 847
f 907 847 849
f 907 849 905
f 905 849 851
f 905 851 901
f 901 851 853
f 901 853 909
f 909 853 910
f 909 910 911
f 911 910 859
f 911 859 895
f 895 859 912
f 895 912 893
f 893 912 861
f 893 861 891
f 891 861 863
f 895 897 911
f 911 897 899
f 911 899 909
f 909 899 901
f 859 910 857
f 857 910 855
f 887 888 889
f 889 888 913
f 889 913 890
f 890 913 914
f 890 914 892
f 892 914 915
f 892 915 916
f 916 915 917
f 916 917 894
f 894 917 896
f 888 879 913
f 913 879 914
f 840 838 842
f 842 838 918
f 842 918 844
f 844 918 919
f 844 919 846
f 846 919 920
f 846 920 921
f 921 920 922
f 921 922 923
f 923 922 917
f 923 917 915
f 832 826 834
f 834 826 827
f 834 827 836
f 836 827 828
f 836 828 924
f 924 828 829
f 924 829 830
f 836 924 838
f 838 924 925
f 838 925 918
f 918 925 926
f 918 926 919
f 919 926 927
f 919 927 920
f 920 927 922
f 924 830 925
f 925 830 926
f 1 824 2
f 2 824 822
f 2 822 928
f 928 822 929
f 928 929 930
f 930 929 931
f 930 931 932
f 932 931 748
f 932 748 747
f 822 820 929
f 929 820 818
f 929 818 816
f 929 816 931
f 931 816 933
f 931 933 748
f 748 933 750
f 816 814 933
f 933 814 934
f 933 934 750
f 750 934 752
f 814 812 934
f 934 812 752
f 752 812 754
f 754 812 810
f 754 810 756
f 2 928 514
f 514 928 930
f 514 930 935
f 935 930 932
f 935 932 936
f 936 932 747
f 936 747 517
f 517 516 936
f 936 516 515
f 936 515 935
f 935 515 514
f 760 811 762
f 762 811 937
f 762 937 764
f 764 937 938
f 764 938 766
f 766 938 939
f 766 939 768
f 768 939 940
f 768 940 770
f 770 940 941
f 770 941 942
f 942 941 943
f 942 943 944
f 944 943 945
f 944 945 946
f 946 945 947
f 946 947 948
f 948 947 949
f 948 949 276
f 276 949 274
f 276 278 948
f 948 278 775
f 948 775 946
f 946 775 774
f 946 774 944
f 944 774 772
f 944 772 942
f 942 772 770
f 950 951 952
f 952 951 953
f 952 953 954
f 954 953 955
f 954 955 956
f 956 955 957
f 956 957 958
f 958 957 959
f 958 959 960
f 960 959 961
f 960 961 962
f 962 961 963
f 962 963 964
f 964 963 965
f 964 965 966
f 966 965 967
f 966 967 968
f 968 967 969
f 968 969 970
f 970 969 971
f 970 971 972
f 972 971 973
f 972 973 974
f 974 973 975
f 974 975 976
f 976 975 977
f 976 977 978
f 978 977 961
f 978 961 959
f 961 977 963
f 963 977 979
f 963 979 965
f 965 979 980
f 965 980 967
f 967 980 981
f 967 981 969
f 969 981 982
f 969 982 971
f 971 982 983
f 971 983 973
f 973 983 975
f 983 982 975
f 975 982 981
f 975 981 980
f 980 979 975
f 975 979 977
f 951 950 984
f 984 950 985
f 984 985 986
f 986 985 987
f 986 987 988
f 988 987 989
f 988 989 990
f 990 989 991
f 990 991 992
f 992 991 993
f 992 993 994
f 994 993 995
f 994 995 996
f 996 995 997
f 996 997 998
f 998 997 999
f 998 999 1000
f 1000 999 1001
f 1000 1001 1002
f 1002 1001 1003
f 1002 1003 1004
f 1004 1003 1005
f 1004 1005 1006
f 1006 1005 1007
f 1006 1007 1008
f 1008 1007 1009
f 1008 1009 1010
f 1010 1009 1011
f 1010 1011 1012
f 1012 1011 908
f 1012 908 906
f 906 904 1012
f 1012 904 1010
f 991 989 993
f 993 989 987
f 993 987 985
f 993 985 995
f 995 985 1013
f 995 1013 1014
f 1014 1013 1015
f 1014 1015 1016
f 1016 1015 1017
f 1016 1017 1018
f 1018 1017 1019
f 1018 1019 1020
f 1020 1019 1021
f 1020 1021 1022
f 1022 1021 1023
f 1022 1023 1024
f 1024 1023 1025
f 1024 1025 1026
f 1026 1025 1027
f 1026 1027 1028
f 1028 1027 1029
f 1028 1029 1030
f 1030 1029 1031
f 1030 1031 1032
f 1032 1031 1033
f 1032 1033 1034
f 1034 1033 1035
f 1034 1035 1036
f 1036 1035 1037
f 1036 1037 1038
f 1038 1037 1039
f 1038 1039 1040
f 1040 1039 1041
f 1040 1041 264
f 264 1041 261
f 261 1041 262
f 262 1041 1042
f 262 1042 254
f 254 1042 1043
f 254 1043 1044
f 1044 1043 1045
f 1044 1045 1046
f 1046 1045 1047
f 1046 1047 1048
f 1048 1047 1049
f 1048 1049 1050
f 1050 1049 1051
f 1050 1051 1052
f 1052 1051 1053
f 1052 1053 1054
f 1054 1053 1055
f 1054 1055 1056
f 1056 1055 1057
f 1056 1057 1058
f 1058 1057 1059
f 1058 1059 1060
f 1060 1059 1031
f 1060 1031 1061
f 1061 1031 1029
f 1061 1029 1062
f 1062 1029 1027
f 1062 1027 1063
f 1063 1027 1025
f 1063 1025 1064
f 1064 1025 1023
f 1064 1023 1021
f 1031 1059 1033
f 1033 1059 1057
f 1033 1057 1035
f 1035 1057 1065
f 1035 1065 1037
f 1037 1065 1066
f 1037 1066 1039
f 1039 1066 1067
f 1039 1067 1041
f 1041 1067 1042
f 1057 1055 1065
f 1065 1055 1068
f 1065 1068 1066
f 1066 1068 1069
f 1066 1069 1067
f 1067 1069 1042
f 1055 1053 1068
f 1068 1053 1070
f 1068 1070 1069
f 1069 1070 1042
f 1053 1051 1070
f 1070 1051 1071
f 1070 1071 1072
f 1072 1071 1073
f 1072 1073 1043
f 1043 1073 1045
f 1045 1073 1047
f 1047 1073 1049
f 1073 1071 1049
f 1049 1071 1051
f 1043 1042 1072
f 1072 1042 1070
f 254 1044 262
f 262 1044 235
f 264 266 1040
f 1040 266 1074
f 1040 1074 1038
f 1038 1074 1075
f 1038 1075 1076
f 1076 1075 1077
f 1076 1077 1078
f 1078 1077 1079
f 1078 1079 1080
f 1080 1079 1081
f 1080 1081 1082
f 1082 1081 1083
f 1082 1083 1084
f 1084 1083 1085
f 1084 1085 1086
f 1086 1085 1087
f 1086 1087 1088
f 1088 1087 1089
f 1088 1089 1090
f 1090 1089 1091
f 1090 1091 1092
f 1092 1091 1093
f 1092 1093 1094
f 1094 1093 1095
f 1094 1095 1096
f 1096 1095 1097
f 1096 1097 1098
f 1098 1097 819
f 1098 819 821
f 819 1097 817
f 817 1097 1095
f 817 1095 1099
f 1099 1095 938
f 1099 938 937
f 938 1095 939
f 939 1095 1093
f 939 1093 940
f 940 1093 1091
f 940 1091 941
f 941 1091 1089
f 941 1089 943
f 943 1089 945
f 1089 1087 945
f 945 1087 1100
f 945 1100 947
f 947 1100 1101
f 947 1101 949
f 949 1101 1102
f 949 1102 274
f 274 1102 272
f 1087 1085 1100
f 1100 1085 1103
f 1100 1103 1101
f 1101 1103 1104
f 1101 1104 1102
f 1102 1104 1105
f 1102 1105 272
f 272 1105 1106
f 272 1106 270
f 270 1106 268
f 1085 1083 1103
f 1103 1083 1107
f 1103 1107 1104
f 1104 1107 1108
f 1104 1108 1105
f 1105 1108 1106
f 1083 1081 1107
f 1107 1081 1079
f 1107 1079 1108
f 1108 1079 1077
f 1108 1077 1106
f 1106 1077 1075
f 1106 1075 268
f 268 1075 266
f 1038 1076 1036
f 1036 1076 1109
f 1036 1109 1034
f 1034 1109 1110
f 1034 1110 1032
f 1032 1110 1111
f 1032 1111 1030
f 1030 1111 1028
f 1076 1078 1109
f 1109 1078 1112
f 1109 1112 1110
f 1110 1112 1113
f 1110 1113 1111
f 1111 1113 1028
f 1028 1113 1026
f 1026 1113 1114
f 1026 1114 1024
f 1024 1114 1115
f 1024 1115 1022
f 1022 1115 1116
f 1022 1116 1117
f 1117 1116 1118
f 1117 1118 1119
f 1119 1118 1120
f 1119 1120 1121
f 1121 1120 1122
f 1121 1122 1123
f 1123 1122 1124
f 1123 1124 1125
f 1125 1124 1098
f 1125 1098 1126
f 1126 1098 821
f 1126 821 823
f 1098 1124 1096
f 1096 1124 1127
f 1096 1127 1094
f 1094 1127 1092
f 1124 1122 1127
f 1127 1122 1128
f 1127 1128 1092
f 1092 1128 1090
f 1022 1117 1020
f 1020 1117 1129
f 1020 1129 1018
f 1018 1129 1130
f 1018 1130 1016
f 1016 1130 1131
f 1016 1131 1014
f 1014 1131 1132
f 1014 1132 995
f 995 1132 997
f 1117 1119 1129
f 1129 1119 1133
f 1129 1133 1130
f 1130 1133 1134
f 1130 1134 1131
f 1131 1134 1135
f 1131 1135 1132
f 1132 1135 1136
f 1132 1136 997
f 997 1136 999
f 1078 1080 1112
f 1112 1080 1137
f 1112 1137 1113
f 1113 1137 1114
f 1080 1082 1137
f 1137 1082 1138
f 1137 1138 1114
f 1114 1138 1115
f 1082 1084 1138
f 1138 1084 1139
f 1138 1139 1115
f 1115 1139 1116
f 1084 1086 1139
f 1139 1086 1140
f 1139 1140 1116
f 1116 1140 1118
f 1086 1088 1140
f 1140 1088 1141
f 1140 1141 1118
f 1118 1141 1120
f 1120 1141 1122
f 1122 1141 1128
f 1128 1141 1090
f 1090 1141 1088
f 985 950 1013
f 1013 950 1142
f 1013 1142 1015
f 1015 1142 1143
f 1015 1143 1144
f 1144 1143 1145
f 1144 1145 1146
f 1146 1145 1147
f 1146 1147 1148
f 1148 1147 1149
f 1148 1149 1150
f 1150 1149 1151
f 1150 1151 1152
f 1152 1151 1153
f 1152 1153 1061
f 1061 1153 1060
f 1061 1062 1152
f 1152 1062 1150
f 1015 1144 1017
f 1017 1144 1154
f 1017 1154 1019
f 1019 1154 1155
f 1019 1155 1021
f 1021 1155 1064
f 1064 1155 1063
f 1063 1155 1156
f 1063 1156 1157
f 1157 1156 1148
f 1157 1148 1150
f 1150 1062 1157
f 1157 1062 1063
f 1148 1156 1146
f 1146 1156 1154
f 1146 1154 1144
f 952 954 1158
f 1158 954 956
f 1158 956 1159
f 1159 956 958
f 1159 958 1160
f 1160 958 960
f 1160 960 962
f 962 964 1160
f 1160 964 1161
f 1160 1161 1162
f 1162 1161 1163
f 1162 1163 1164
f 1164 1163 1165
f 1164 1165 1166
f 1166 1165 1167
f 1166 1167 1168
f 1168 1167 1169
f 1168 1169 1170
f 1170 1169 1171
f 1170 1171 1172
f 1172 1171 1173
f 1172 1173 1174
f 1174 1173 1175
f 1174 1175 1176
f 1176 1175 1177
f 1176 1177 1178
f 1178 1177 1179
f 1178 1179 1180
f 1180 1179 1181
f 1180 1181 1182
f 1182 1181 1183
f 1182 1183 1184
f 1184 1183 1185
f 1184 1185 1186
f 1186 1185 1187
f 1186 1187 1188
f 1188 1187 1189
f 1188 1189 1190
f 1190 1189 1191
f 1190 1191 1192
f 1192 1191 1193
f 1192 1193 1194
f 1194 1193 1195
f 1194 1195 1196
f 1196 1195 1197
f 1196 1197 1198
f 1198 1197 1199
f 1198 1199 1200
f 1200 1199 1201
f 1200 1201 1202
f 1202 1201 1203
f 1202 1203 1204
f 1204 1203 1205
f 1204 1205 1149
f 1149 1205 1151
f 1149 1147 1204
f 1204 1147 1206
f 1204 1206 1202
f 1202 1206 1207
f 1202 1207 1200
f 1200 1207 1208
f 1200 1208 1209
f 1209 1208 1210
f 1209 1210 1211
f 1211 1210 1212
f 1211 1212 1213
f 1213 1212 1214
f 1213 1214 1215
f 1215 1214 1192
f 1215 1192 1194
f 1194 1196 1215
f 1215 1196 1213
f 1213 1196 1211
f 1211 1196 1198
f 1211 1198 1209
f 1209 1198 1200
f 1147 1145 1206
f 1206 1145 1216
f 1206 1216 1217
f 1217 1216 1142
f 1217 1142 950
f 950 952 1217
f 1217 952 1207
f 1217 1207 1206
f 952 1158 1207
f 1207 1158 1218
f 1207 1218 1208
f 1208 1218 1219
f 1208 1219 1210
f 1210 1219 1162
f 1210 1162 1212
f 1212 1162 1164
f 1212 1164 1220
f 1220 1164 1166
f 1220 1166 1221
f 1221 1166 1168
f 1221 1168 1170
f 1212 1220 1214
f 1214 1220 1221
f 1214 1221 1222
f 1222 1221 1223
f 1222 1223 1224
f 1224 1223 1225
f 1224 1225 1226
f 1226 1225 1227
f 1226 1227 1228
f 1228 1227 1229
f 1228 1229 1230
f 1230 1229 1231
f 1230 1231 1232
f 1232 1231 1233
f 1232 1233 1234
f 1234 1233 1235
f 1234 1235 1236
f 1236 1235 1237
f 1236 1237 1238
f 1238 1237 1239
f 1238 1239 1240
f 1240 1239 1241
f 1240 1241 1242
f 1242 1241 1243
f 1242 1243 1244
f 1244 1243 1245
f 1244 1245 1246
f 1246 1245 1247
f 1246 1247 1248
f 1248 1247 1249
f 1248 1249 1250
f 1250 1249 1251
f 1250 1251 1252
f 1252 1251 1225
f 1252 1225 1223
f 1225 1251 1227
f 1227 1251 1249
f 1227 1249 1253
f 1253 1249 1254
f 1253 1254 1255
f 1255 1254 1256
f 1255 1256 1257
f 1257 1256 1258
f 1257 1258 1259
f 1259 1258 1239
f 1259 1239 1237
f 1249 1247 1254
f 1254 1247 1260
f 1254 1260 1261
f 1261 1260 1262
f 1261 1262 1263
f 1263 1262 1241
f 1263 1241 1264
f 1264 1241 1239
f 1264 1239 1258
f 1258 1256 1264
f 1264 1256 1263
f 1263 1256 1261
f 1261 1256 1254
f 1247 1245 1260
f 1260 1245 1262
f 1227 1253 1229
f 1229 1253 1255
f 1229 1255 1231
f 1231 1255 1257
f 1231 1257 1233
f 1233 1257 1259
f 1233 1259 1237
f 1221 1170 1223
f 1223 1170 1252
f 1170 1172 1252
f 1252 1172 1265
f 1252 1265 1250
f 1250 1265 1266
f 1250 1266 1248
f 1248 1266 1246
f 1172 1174 1265
f 1265 1174 1266
f 1214 1222 1192
f 1192 1222 1190
f 1222 1224 1190
f 1190 1224 1267
f 1190 1267 1188
f 1188 1267 1226
f 1188 1226 1186
f 1186 1226 1228
f 1186 1228 1184
f 1184 1228 1230
f 1184 1230 1180
f 1180 1230 1232
f 1180 1232 1234
f 1180 1234 1178
f 1178 1234 1176
f 1162 1219 1160
f 1160 1219 1218
f 1160 1218 1159
f 1159 1218 1158
f 1142 1216 1143
f 1143 1216 1145
f 1181 1179 1183
f 1183 1179 1268
f 1183 1268 1269
f 1269 1268 1270
f 1269 1270 1271
f 1271 1270 1272
f 1271 1272 1189
f 1189 1272 1191
f 1189 1187 1271
f 1271 1187 1269
f 1187 1185 1269
f 1269 1185 1183
f 1179 1177 1268
f 1268 1177 1273
f 1268 1273 1270
f 1270 1273 1274
f 1270 1274 1275
f 1275 1274 1276
f 1275 1276 1277
f 1277 1276 1278
f 1277 1278 1279
f 1279 1278 1280
f 1279 1280 1281
f 1281 1280 1282
f 1281 1282 1283
f 1283 1282 1284
f 1283 1284 1285
f 1285 1284 1286
f 1285 1286 1287
f 1287 1286 1288
f 1287 1288 1289
f 1289 1288 1290
f 1289 1290 1291
f 1291 1290 1292
f 1291 1292 1293
f 1293 1292 1294
f 1293 1294 1295
f 1295 1294 1296
f 1295 1296 1297
f 1297 1296 1298
f 1297 1298 1299
f 1299 1298 1300
f 1299 1300 1301
f 1301 1300 1302
f 1301 1302 1303
f 1303 1302 1304
f 1303 1304 1305
f 1305 1304 1306
f 1305 1306 1307
f 1307 1306 1290
f 1307 1290 970
f 970 1290 968
f 1307 970 1305
f 1305 970 1308
f 1305 1308 1309
f 1309 1308 1310
f 1309 1310 978
f 978 1310 976
f 976 1310 974
f 974 1310 972
f 1310 1308 972
f 972 1308 970
f 978 959 1309
f 1309 959 957
f 1309 957 1311
f 1311 957 1312
f 1311 1312 1313
f 1313 1312 1314
f 1313 1314 1315
f 1315 1314 1316
f 1315 1316 1317
f 1317 1316 1318
f 1317 1318 1319
f 1319 1318 1320
f 1319 1320 1321
f 1321 1320 1322
f 1321 1322 1323
f 1323 1322 1324
f 1323 1324 1325
f 1325 1324 1326
f 1325 1326 1327
f 1327 1326 1328
f 1327 1328 1329
f 1329 1328 1330
f 1329 1330 1331
f 1331 1330 1332
f 1331 1332 1333
f 1333 1332 1334
f 1333 1334 1335
f 1335 1334 1336
f 1335 1336 1337
f 1337 1336 1338
f 1337 1338 1339
f 1339 1338 998
f 1339 998 1340
f 1340 998 1000
f 1340 1000 1341
f 1341 1000 1342
f 1341 1342 1343
f 1343 1342 1344
f 1343 1344 1345
f 1345 1344 1346
f 1345 1346 1347
f 1347 1346 1002
f 1347 1002 1004
f 1004 1006 1347
f 1347 1006 1348
f 1347 1348 1349
f 1349 1348 1350
f 1349 1350 1351
f 1351 1350 1352
f 1351 1352 1353
f 1353 1352 1354
f 1353 1354 1355
f 1355 1354 1356
f 1355 1356 1357
f 1357 1356 114
f 1357 114 1358
f 1358 114 116
f 1358 116 1359
f 1359 116 1360
f 1359 1360 1361
f 1361 1360 1362
f 1361 1362 1363
f 1363 1362 1364
f 1363 1364 1365
f 1365 1364 1366
f 1365 1366 1367
f 1367 1366 1368
f 1367 1368 1369
f 1369 1368 1370
f 1369 1370 1371
f 1371 1370 1372
f 1371 1372 1373
f 1373 1372 1374
f 1373 1374 1375
f 1375 1374 1376
f 1375 1376 1377
f 1377 1376 1378
f 1377 1378 1379
f 1379 1378 132
f 1379 132 134
f 1357 1358 1355
f 1355 1358 1359
f 1355 1359 1361
f 1347 1349 1345
f 1345 1349 1380
f 1345 1380 1381
f 1381 1380 1382
f 1381 1382 1383
f 1383 1382 1384
f 1383 1384 1385
f 1385 1384 1386
f 1385 1386 1387
f 1387 1386 1365
f 1387 1365 1367
f 1367 1369 1387
f 1387 1369 1388
f 1387 1388 1385
f 1385 1388 1389
f 1385 1389 1381
f 1381 1389 1390
f 1381 1390 1343
f 1343 1390 1341
f 1341 1390 1340
f 1340 1390 1339
f 1339 1390 1337
f 1337 1390 1391
f 1337 1391 1335
f 1335 1391 1392
f 1335 1392 1333
f 1333 1392 1393
f 1333 1393 1331
f 1331 1393 1329
f 1390 1389 1391
f 1391 1389 1392
f 1365 1386 1363
f 1363 1386 1361
f 1386 1384 1361
f 1361 1384 1355
f 1355 1384 1353
f 1353 1384 1382
f 1353 1382 1351
f 1351 1382 1380
f 1351 1380 1349
f 1006 1008 1348
f 1348 1008 1394
f 1348 1394 1350
f 1350 1394 1395
f 1350 1395 102
f 102 1395 100
f 1395 1394 100
f 100 1394 1396
f 100 1396 1397
f 1397 1396 1398
f 1397 1398 831
f 831 1398 1399
f 831 1399 1400
f 1400 1399 1401
f 1400 1401 926
f 926 1401 927
f 926 830 1400
f 1400 830 831
f 831 97 1397
f 1397 97 100
f 1008 1010 1394
f 1394 1010 1396
f 1346 1344 1002
f 1002 1344 1000
f 1327 1329 1325
f 1325 1329 1402
f 1325 1402 1403
f 1403 1402 1369
f 1403 1369 1371
f 1369 1402 1388
f 1388 1402 1329
f 1388 1329 1404
f 1404 1329 1393
f 1404 1393 1392
f 1392 1389 1404
f 1404 1389 1388
f 1317 1319 1315
f 1315 1319 1321
f 1315 1321 1313
f 1313 1321 1323
f 1313 1323 1305
f 1305 1323 1405
f 1305 1405 1406
f 1406 1405 1325
f 1406 1325 1407
f 1407 1325 1408
f 1407 1408 1409
f 1409 1408 1410
f 1409 1410 1411
f 1411 1410 1412
f 1411 1412 1413
f 1413 1412 1414
f 1413 1414 1415
f 1415 1414 1416
f 1415 1416 1417
f 1417 1416 1418
f 1417 1418 1419
f 1419 1418 1420
f 1419 1420 1421
f 1421 1420 1422
f 1421 1422 1423
f 1423 1422 1424
f 1423 1424 1409
f 1409 1424 1407
f 1407 1424 1406
f 1406 1424 1425
f 1406 1425 1426
f 1426 1425 1418
f 1426 1418 1416
f 1418 1425 1420
f 1420 1425 1422
f 1406 1426 1305
f 1305 1426 1427
f 1305 1427 1303
f 1303 1427 1375
f 1303 1375 1428
f 1428 1375 1429
f 1428 1429 1430
f 1430 1429 1431
f 1430 1431 1432
f 1432 1431 1433
f 1432 1433 1434
f 1434 1433 1295
f 1434 1295 1297
f 1297 1299 1434
f 1434 1299 1435
f 1434 1435 1432
f 1432 1435 1430
f 1430 1435 1428
f 1428 1435 1301
f 1428 1301 1303
f 1295 1433 1293
f 1293 1433 1436
f 1293 1436 1291
f 1291 1436 1289
f 1375 1377 1429
f 1429 1377 1437
f 1429 1437 1431
f 1431 1437 1438
f 1431 1438 1439
f 1439 1438 1440
f 1439 1440 1441
f 1441 1440 1442
f 1441 1442 1443
f 1443 1442 1444
f 1443 1444 1445
f 1445 1444 1446
f 1445 1446 1447
f 1447 1446 1448
f 1447 1448 1449
f 1449 1448 1450
f 1449 1450 1451
f 1451 1450 1452
f 1451 1452 1453
f 1453 1452 1454
f 1453 1454 1455
f 1455 1454 1456
f 1455 1456 1457
f 1457 1456 1289
f 1457 1289 1436
f 1289 1456 1287
f 1287 1456 1458
f 1287 1458 1459
f 1459 1458 1460
f 1459 1460 1461
f 1461 1460 1462
f 1461 1462 1463
f 1463 1462 1464
f 1463 1464 1465
f 1465 1464 1466
f 1465 1466 1467
f 1467 1466 1468
f 1467 1468 1469
f 1469 1468 1470
f 1469 1470 1471
f 1471 1470 1472
f 1471 1472 1473
f 1473 1472 1474
f 1473 1474 1475
f 1475 1474 1476
f 1475 1476 1477
f 1477 1476 1478
f 1477 1478 1479
f 1479 1478 1480
f 1479 1480 1481
f 1481 1480 1482
f 1481 1482 1483
f 1483 1482 1484
f 1483 1484 1485
f 1485 1484 1201
f 1485 1201 1199
f 1201 1484 1203
f 1203 1484 1482
f 1203 1482 1205
f 1205 1482 1151
f 1481 1483 1479
f 1479 1483 1486
f 1479 1486 1477
f 1477 1486 1487
f 1477 1487 1475
f 1475 1487 1488
f 1475 1488 1473
f 1473 1488 1489
f 1473 1489 1471
f 1471 1489 1490
f 1471 1490 1469
f 1469 1490 1467
f 1467 1490 1465
f 1465 1490 1491
f 1465 1491 1463
f 1463 1491 1492
f 1463 1492 1461
f 1461 1492 1493
f 1461 1493 1494
f 1494 1493 1495
f 1494 1495 1496
f 1496 1495 1497
f 1496 1497 1498
f 1498 1497 1499
f 1498 1499 1500
f 1500 1499 1501
f 1500 1501 1502
f 1502 1501 1485
f 1502 1485 1199
f 1199 1197 1502
f 1502 1197 1500
f 1197 1195 1500
f 1500 1195 1503
f 1500 1503 1504
f 1504 1503 1505
f 1504 1505 1498
f 1498 1505 1506
f 1498 1506 1496
f 1496 1506 1283
f 1496 1283 1494
f 1494 1283 1285
f 1494 1285 1287
f 1287 1459 1494
f 1494 1459 1461
f 1283 1506 1281
f 1281 1506 1279
f 1506 1505 1279
f 1279 1505 1507
f 1279 1507 1508
f 1508 1507 1193
f 1508 1193 1191
f 1191 1272 1508
f 1508 1272 1277
f 1508 1277 1279
f 1277 1272 1275
f 1275 1272 1270
f 1505 1503 1507
f 1507 1503 1193
f 1490 1489 1491
f 1491 1489 1509
f 1491 1509 1492
f 1492 1509 1510
f 1492 1510 1493
f 1493 1510 1495
f 1489 1488 1509
f 1509 1488 1511
f 1509 1511 1510
f 1510 1511 1512
f 1510 1512 1495
f 1495 1512 1497
f 1488 1487 1511
f 1511 1487 1513
f 1511 1513 1512
f 1512 1513 1514
f 1512 1514 1497
f 1497 1514 1499
f 1499 1514 1501
f 1501 1514 1515
f 1501 1515 1485
f 1485 1515 1483
f 1487 1486 1513
f 1513 1486 1516
f 1513 1516 1514
f 1514 1516 1515
f 1515 1516 1483
f 1483 1516 1486
f 1456 1454 1458
f 1458 1454 1517
f 1458 1517 1460
f 1460 1517 1518
f 1460 1518 1462
f 1462 1518 1519
f 1462 1519 1464
f 1464 1519 1520
f 1464 1520 1466
f 1466 1520 1468
f 1450 1448 1452
f 1452 1448 1521
f 1452 1521 1522
f 1522 1521 1523
f 1522 1523 1524
f 1524 1523 1525
f 1524 1525 1526
f 1526 1525 1527
f 1526 1527 1528
f 1528 1527 1529
f 1528 1529 1520
f 1520 1529 1530
f 1520 1530 1468
f 1468 1530 1531
f 1468 1531 1470
f 1470 1531 1532
f 1470 1532 1533
f 1533 1532 1534
f 1533 1534 1535
f 1535 1534 1536
f 1535 1536 1537
f 1537 1536 1538
f 1537 1538 1539
f 1539 1538 1540
f 1539 1540 1541
f 1541 1540 1542
f 1541 1542 1543
f 1543 1542 1544
f 1543 1544 1545
f 1545 1544 1546
f 1545 1546 1547
f 1547 1546 1548
f 1547 1548 1549
f 1549 1548 1550
f 1549 1550 1551
f 1551 1550 239
f 1551 239 238
f 239 1550 240
f 240 1550 1552
f 240 1552 241
f 241 1552 1553
f 241 1553 242
f 242 1553 1554
f 242 1554 1555
f 1555 1554 1556
f 1555 1556 1557
f 1557 1556 1558
f 1557 1558 142
f 142 1558 140
f 140 1558 138
f 138 1558 1559
f 138 1559 136
f 136 1559 1560
f 136 1560 134
f 134 1560 1561
f 134 1561 1440
f 1440 1561 1442
f 1442 1561 1444
f 1444 1561 1562
f 1444 1562 1446
f 1446 1562 1563
f 1446 1563 1448
f 1448 1563 1521
f 1440 1438 134
f 134 1438 1379
f 1438 1437 1379
f 1379 1437 1377
f 142 144 1557
f 1557 144 1555
f 1535 1537 1533
f 1533 1537 1564
f 1533 1564 1470
f 1470 1564 1472
f 1520 1519 1528
f 1528 1519 1526
f 1519 1518 1526
f 1526 1518 1524
f 1518 1517 1524
f 1524 1517 1522
f 1517 1454 1522
f 1522 1454 1452
f 1419 1421 1417
f 1417 1421 1415
f 1415 1421 1413
f 1413 1421 1565
f 1413 1565 1411
f 1411 1565 1409
f 1409 1565 1423
f 1423 1565 1421
f 1325 1403 1408
f 1408 1403 1371
f 1408 1371 1410
f 1410 1371 1566
f 1410 1566 1412
f 1412 1566 1567
f 1412 1567 1414
f 1414 1567 1416
f 1371 1373 1566
f 1566 1373 1375
f 1566 1375 1567
f 1567 1375 1568
f 1567 1568 1416
f 1416 1568 1426
f 1426 1568 1427
f 1427 1568 1375
f 1313 1305 1311
f 1311 1305 1309
f 1290 1306 1292
f 1292 1306 1569
f 1292 1569 1294
f 1294 1569 1570
f 1294 1570 1296
f 1296 1570 1298
f 1288 1286 1290
f 1290 1286 1571
f 1290 1571 968
f 968 1571 966
f 1177 1175 1273
f 1273 1175 1274
f 1173 1171 1175
f 1175 1171 1572
f 1175 1572 1274
f 1274 1572 1573
f 1274 1573 1276
f 1276 1573 1574
f 1276 1574 1278
f 1278 1574 1575
f 1278 1575 1280
f 1280 1575 1282
f 1171 1169 1572
f 1572 1169 1573
f 1169 1167 1573
f 1573 1167 1574
f 951 984 1576
f 1576 984 986
f 1576 986 988
f 951 1576 953
f 953 1576 1577
f 953 1577 955
f 955 1577 957
f 1576 988 1577
f 1577 988 1578
f 1577 1578 1579
f 1579 1578 1328
f 1579 1328 1580
f 1580 1328 1581
f 1580 1581 1582
f 1582 1581 1583
f 1582 1583 1584
f 1584 1583 1585
f 1584 1585 1318
f 1318 1585 1586
f 1318 1586 1320
f 1320 1586 1322
f 1328 1326 1581
f 1581 1326 1587
f 1581 1587 1583
f 1583 1587 1585
f 1585 1587 1586
f 1586 1587 1322
f 1322 1587 1324
f 1324 1587 1326
f 1328 1578 1330
f 1330 1578 990
f 1330 990 992
f 1330 992 1332
f 1332 992 1334
f 992 994 1334
f 1334 994 996
f 1334 996 1588
f 1588 996 998
f 1588 998 1338
f 1338 1336 1588
f 1588 1336 1334
f 1577 1579 957
f 957 1579 1580
f 957 1580 1589
f 1589 1580 1582
f 1589 1582 1590
f 1590 1582 1584
f 1590 1584 1591
f 1591 1584 1318
f 1591 1318 1316
f 1316 1314 1591
f 1591 1314 1590
f 1590 1314 1589
f 1589 1314 1312
f 1589 1312 957
f 1472 1564 1592
f 1592 1564 1537
f 1592 1537 1593
f 1593 1537 1539
f 1593 1539 1594
f 1594 1539 1595
f 1594 1595 1056
f 1056 1595 1054
f 1056 1058 1594
f 1594 1058 1596
f 1594 1596 1593
f 1593 1596 1597
f 1593 1597 1592
f 1592 1597 1476
f 1592 1476 1474
f 1476 1597 1478
f 1478 1597 1598
f 1478 1598 1480
f 1480 1598 1599
f 1480 1599 1600
f 1600 1599 1153
f 1600 1153 1151
f 1151 1482 1600
f 1600 1482 1480
f 1153 1599 1060
f 1060 1599 1601
f 1060 1601 1058
f 1058 1601 1596
f 1599 1598 1601
f 1601 1598 1596
f 1539 1541 1595
f 1595 1541 1602
f 1595 1602 1054
f 1054 1602 1052
f 1541 1543 1602
f 1602 1543 1052
f 1052 1543 1050
f 1050 1543 1603
f 1050 1603 1048
f 1048 1603 1604
f 1048 1604 1046
f 1046 1604 1605
f 1046 1605 1606
f 1606 1605 1607
f 1606 1607 1608
f 1608 1607 237
f 1608 237 235
f 235 1044 1608
f 1608 1044 1606
f 237 1607 238
f 238 1607 1551
f 1607 1605 1551
f 1551 1605 1549
f 1605 1604 1549
f 1549 1604 1547
f 1604 1603 1547
f 1547 1603 1545
f 1538 1536 1609
f 1609 1536 1610
f 1609 1610 1611
f 1611 1610 1612
f 1611 1612 1544
f 1544 1612 1546
f 1544 1542 1611
f 1611 1542 1609
f 1542 1540 1609
f 1609 1540 1538
f 1536 1534 1610
f 1610 1534 1612
f 883 885 1613
f 1613 885 854
f 1613 854 852
f 883 1613 881
f 881 1613 1614
f 881 1614 1615
f 1615 1614 1616
f 1615 1616 915
f 915 1616 1617
f 915 1617 923
f 923 1617 921
f 915 914 1615
f 1615 914 879
f 1615 879 881
f 1618 884 1619
f 1619 884 882
f 1619 882 1620
f 1620 882 1621
f 1620 1621 1622
f 1622 1621 1623
f 1622 1623 1624
f 1624 1623 1625
f 1624 1625 1626
f 1626 1625 1627
f 1626 1627 1628
f 1628 1627 1629
f 1628 1629 870
f 870 1629 872
f 872 1629 874
f 874 1629 1627
f 874 1627 1625
f 874 1625 876
f 876 1625 1623
f 876 1623 878
f 878 1623 1621
f 878 1621 880
f 880 1621 882
f 1619 1620 1618
f 1618 1620 1630
f 1618 1630 884
f 884 1630 856
f 856 1630 858
f 858 1630 1631
f 858 1631 860
f 860 1631 1632
f 860 1632 1633
f 1633 1632 1634
f 1633 1634 1635
f 1635 1634 1636
f 1635 1636 1637
f 1637 1636 1628
f 1637 1628 870
f 860 1633 862
f 862 1633 1635
f 862 1635 864
f 864 1635 866
f 1630 1620 1631
f 1631 1620 1632
f 1620 1622 1632
f 1632 1622 1624
f 1632 1624 1638
f 1638 1624 1639
f 1638 1639 1634
f 1634 1639 1636
f 1636 1639 1628
f 1628 1639 1626
f 1637 870 1640
f 1640 870 868
f 1640 868 866
f 866 1635 1640
f 1640 1635 1637
f 1167 1165 1641
f 1641 1165 1163
f 1641 1163 1642
f 1642 1163 1161
f 1642 1161 1643
f 1643 1161 964
f 1643 964 966
f 966 1571 1643
f 1643 1571 1286
f 1643 1286 1284
f 1284 1282 1643
f 1643 1282 1642
f 1282 1575 1642
f 1642 1575 1641
f 1575 1574 1641
f 1641 1574 1167
f 917 922 1644
f 1644 922 927
f 1644 927 1401
f 917 1644 896
f 896 1644 1645
f 896 1645 898
f 898 1645 1646
f 898 1646 900
f 900 1646 902
f 1644 1401 1645
f 1645 1401 1647
f 1645 1647 1646
f 1646 1647 1398
f 1646 1398 1648
f 1648 1398 1396
f 1648 1396 1010
f 1010 904 1648
f 1648 904 902
f 1648 902 1646
f 1398 1647 1399
f 1399 1647 1401
f 1613 852 1649
f 1649 852 850
f 1649 850 848
f 1614 1613 1650
f 1650 1613 1649
f 1650 1649 1651
f 1651 1649 848
f 1651 848 846
f 846 921 1651
f 1651 921 1617
f 1651 1617 1650
f 1650 1617 1616
f 1650 1616 1614
f 839 841 1652
f 1652 841 1653
f 1652 1653 1654
f 1654 1653 1655
f 1654 1655 1656
f 1656 1655 1657
f 1656 1657 1658
f 1658 1657 1659
f 1658 1659 1660
f 1660 1659 1661
f 1660 1661 1662
f 1662 1661 1663
f 1662 1663 1664
f 1664 1663 1665
f 1664 1665 1666
f 1666 1665 1134
f 1666 1134 1133
f 1134 1665 1135
f 1135 1665 1667
f 1135 1667 1136
f 1136 1667 999
f 999 1667 1001
f 1001 1667 1663
f 1001 1663 1003
f 1003 1663 1668
f 1003 1668 1005
f 1005 1668 1669
f 1005 1669 1007
f 1007 1669 1670
f 1007 1670 1009
f 1009 1670 1011
f 1663 1661 1668
f 1668 1661 1669
f 1661 1659 1669
f 1669 1659 1657
f 1669 1657 1670
f 1670 1657 1655
f 1670 1655 1011
f 1011 1655 1653
f 1011 1653 908
f 908 1653 841
f 835 837 1671
f 1671 837 839
f 1671 839 1672
f 1672 839 1652
f 1672 1652 1673
f 1673 1652 1654
f 1673 1654 1656
f 1671 1672 1674
f 1674 1672 1675
f 1674 1675 1676
f 1676 1675 1677
f 1676 1677 1678
f 1678 1677 1679
f 1678 1679 1126
f 1126 1679 1125
f 1126 823 1678
f 1678 823 1676
f 1676 823 1674
f 1674 823 1680
f 1674 1680 1671
f 1671 1680 835
f 835 1680 833
f 833 1680 823
f 1672 1673 1675
f 1675 1673 1677
f 1673 1656 1677
f 1677 1656 1658
f 1677 1658 1679
f 1679 1658 1660
f 1679 1660 1681
f 1681 1660 1662
f 1681 1662 1664
f 1682 1683 1684
f 1684 1683 1685
f 1684 1685 1686
f 1686 1685 1687
f 1686 1687 1688
f 1688 1687 1689
f 1688 1689 1690
f 1690 1689 1691
f 1690 1691 1692
f 1692 1691 1693
f 1692 1693 1694
f 1694 1693 1695
f 1694 1695 1696
f 1696 1695 1697
f 1696 1697 1698
f 1698 1697 1699
f 1698 1699 1700
f 1700 1699 1701
f 1700 1701 1702
f 1702 1701 1703
f 1702 1703 1704
f 1704 1703 1705
f 1704 1705 1706
f 1706 1705 1707
f 1706 1707 1708
f 1708 1707 1709
f 1708 1709 1710
f 1710 1709 1711
f 1710 1711 1712
f 1712 1711 1713
f 1712 1713 1714
f 1714 1713 1715
f 1714 1715 1716
f 1716 1715 1717
f 1716 1717 1718
f 1718 1717 1719
f 1718 1719 1720
f 1720 1719 1721
f 1720 1721 1722
f 1722 1721 1723
f 1722 1723 1724
f 1724 1723 1725
f 1724 1725 1726
f 1726 1725 1727
f 1726 1727 1728
f 1728 1727 1729
f 1728 1729 1730
f 1730 1729 1731
f 1730 1731 1732
f 1732 1731 1733
f 1732 1733 1717
f 1717 1733 1719
f 1717 1715 1732
f 1732 1715 1734
f 1732 1734 1735
f 1735 1734 1736
f 1735 1736 1737
f 1737 1736 1738
f 1737 1738 1739
f 1739 1738 1740
f 1739 1740 1726
f 1726 1740 1741
f 1726 1741 1724
f 1724 1741 1742
f 1724 1742 1722
f 1722 1742 1743
f 1722 1743 1720
f 1720 1743 1744
f 1720 1744 1718
f 1718 1744 1745
f 1718 1745 1716
f 1716 1745 1746
f 1716 1746 1747
f 1747 1746 1748
f 1747 1748 1712
f 1712 1748 1749
f 1712 1749 1750
f 1750 1749 1751
f 1750 1751 1708
f 1708 1751 1752
f 1708 1752 1706
f 1706 1752 1753
f 1706 1753 1704
f 1704 1753 1754
f 1704 1754 1702
f 1702 1754 1755
f 1702 1755 1700
f 1700 1755 1698
f 1708 1710 1750
f 1750 1710 1712
f 1712 1714 1747
f 1747 1714 1716
f 1732 1735 1730
f 1730 1735 1756
f 1730 1756 1728
f 1728 1756 1757
f 1728 1757 1726
f 1726 1757 1739
f 1757 1756 1739
f 1739 1756 1737
f 1715 1713 1734
f 1734 1713 1711
f 1734 1711 1736
f 1736 1711 1758
f 1736 1758 1738
f 1738 1758 1759
f 1738 1759 1760
f 1760 1759 1761
f 1760 1761 1762
f 1762 1761 1705
f 1762 1705 1703
f 1703 1701 1762
f 1762 1701 1763
f 1762 1763 1760
f 1760 1763 1764
f 1760 1764 1740
f 1740 1764 1765
f 1740 1765 1741
f 1741 1765 1742
f 1705 1761 1707
f 1707 1761 1709
f 1761 1759 1709
f 1709 1759 1758
f 1709 1758 1711
f 1692 1694 1690
f 1690 1694 1766
f 1690 1766 1767
f 1767 1766 1768
f 1767 1768 1769
f 1769 1768 1770
f 1769 1770 1771
f 1771 1770 1772
f 1771 1772 1773
f 1773 1772 1774
f 1773 1774 1775
f 1775 1774 1776
f 1775 1776 1777
f 1777 1776 1778
f 1777 1778 1779
f 1779 1778 1780
f 1779 1780 1781
f 1781 1780 1782
f 1781 1782 1783
f 1783 1782 1784
f 1783 1784 1785
f 1785 1784 1786
f 1785 1786 1787
f 1787 1786 1788
f 1787 1788 1789
f 1789 1788 1790
f 1789 1790 1791
f 1791 1790 1792
f 1791 1792 1793
f 1793 1792 1794
f 1793 1794 1795
f 1795 1794 1796
f 1795 1796 1797
f 1797 1796 1798
f 1797 1798 1799
f 1799 1798 1800
f 1799 1800 1801
f 1801 1800 1802
f 1801 1802 1803
f 1803 1802 1804
f 1803 1804 1805
f 1805 1804 1806
f 1805 1806 1807
f 1807 1806 1808
f 1807 1808 1809
f 1809 1808 1810
f 1809 1810 1811
f 1811 1810 1812
f 1811 1812 1813
f 1813 1812 1814
f 1813 1814 1815
f 1815 1814 1816
f 1815 1816 1817
f 1817 1816 1818
f 1817 1818 1819
f 1819 1818 1820
f 1819 1820 1787
f 1787 1820 1821
f 1787 1821 1785
f 1785 1821 1822
f 1785 1822 1783
f 1783 1822 1823
f 1783 1823 1781
f 1781 1823 1824
f 1781 1824 1825
f 1825 1824 1826
f 1825 1826 1827
f 1827 1826 1828
f 1827 1828 1829
f 1829 1828 1830
f 1829 1830 1831
f 1831 1830 1832
f 1831 1832 1833
f 1833 1832 1834
f 1833 1834 1835
f 1835 1834 1836
f 1835 1836 1837
f 1837 1836 1838
f 1837 1838 1839
f 1839 1838 1840
f 1839 1840 1841
f 1841 1840 781
f 1841 781 780
f 781 1840 782
f 782 1840 1842
f 782 1842 784
f 784 1842 1843
f 784 1843 786
f 786 1843 1844
f 786 1844 788
f 788 1844 1845
f 788 1845 1846
f 1846 1845 1847
f 1846 1847 1848
f 1848 1847 1849
f 1848 1849 1850
f 1850 1849 1851
f 1850 1851 1852
f 1852 1851 1853
f 1852 1853 1854
f 1854 1853 1855
f 1854 1855 589
f 589 1855 1856
f 589 1856 587
f 587 1856 1857
f 587 1857 585
f 585 1857 1858
f 585 1858 583
f 583 1858 628
f 628 1858 630
f 630 1858 1859
f 630 1859 1860
f 1860 1859 1861
f 1860 1861 1862
f 1862 1861 1863
f 1862 1863 1864
f 1864 1863 1865
f 1864 1865 1866
f 1866 1865 1867
f 1866 1867 1868
f 1868 1867 1869
f 1868 1869 1870
f 1870 1869 1871
f 1870 1871 1872
f 1872 1871 1873
f 1872 1873 1874
f 1874 1873 1875
f 1874 1875 1876
f 1876 1875 1877
f 1876 1877 1878
f 1878 1877 1879
f 1878 1879 1880
f 1880 1879 1881
f 1880 1881 1882
f 1882 1881 1883
f 1882 1883 1884
f 1884 1883 1885
f 1884 1885 1886
f 1886 1885 1887
f 1886 1887 1888
f 1888 1887 1889
f 1888 1889 1890
f 1890 1889 1887
f 1890 1887 1891
f 1891 1887 1892
f 1891 1892 1893
f 1893 1892 1894
f 1893 1894 1895
f 1895 1894 1896
f 1895 1896 1897
f 1897 1896 1898
f 1897 1898 1899
f 1899 1898 1900
f 1899 1900 1901
f 1901 1900 1902
f 1901 1902 1903
f 1903 1902 1904
f 1903 1904 1905
f 1905 1904 1864
f 1905 1864 1866
f 1864 1904 1862
f 1862 1904 1906
f 1862 1906 1907
f 1907 1906 634
f 1907 634 632
f 1907 632 1862
f 1862 632 1860
f 1904 1902 1906
f 1906 1902 1908
f 1906 1908 1909
f 1909 1908 1910
f 1909 1910 1911
f 1911 1910 1912
f 1911 1912 1913
f 1913 1912 1914
f 1913 1914 638
f 638 1914 1915
f 638 1915 640
f 640 1915 746
f 1913 638 1911
f 1911 638 636
f 1911 636 634
f 1911 634 1909
f 1909 634 1906
f 1887 1885 1892
f 1892 1885 1916
f 1892 1916 1917
f 1917 1916 1918
f 1917 1918 1919
f 1919 1918 1920
f 1919 1920 1921
f 1921 1920 1922
f 1921 1922 1923
f 1923 1922 1924
f 1923 1924 1912
f 1912 1924 1914
f 1921 1923 1919
f 1919 1923 1925
f 1919 1925 1917
f 1917 1925 1894
f 1917 1894 1892
f 1872 1874 1870
f 1870 1874 1926
f 1870 1926 1868
f 1868 1926 1866
f 1866 1926 1905
f 1905 1926 1903
f 1858 1857 1859
f 1859 1857 1927
f 1859 1927 1861
f 1861 1927 1928
f 1861 1928 1929
f 1929 1928 1930
f 1929 1930 1931
f 1931 1930 1853
f 1931 1853 1851
f 1853 1930 1855
f 1855 1930 1856
f 1930 1928 1856
f 1856 1928 1927
f 1856 1927 1857
f 1861 1929 1863
f 1863 1929 1932
f 1863 1932 1865
f 1865 1932 1933
f 1865 1933 1867
f 1867 1933 1934
f 1867 1934 1869
f 1869 1934 1935
f 1869 1935 1871
f 1871 1935 1936
f 1871 1936 1937
f 1937 1936 1938
f 1937 1938 1873
f 1873 1938 1939
f 1873 1939 1875
f 1875 1939 1940
f 1875 1940 1877
f 1877 1940 1941
f 1877 1941 1879
f 1879 1941 1942
f 1879 1942 1943
f 1943 1942 1944
f 1943 1944 1945
f 1945 1944 1946
f 1945 1946 1947
f 1947 1946 1916
f 1947 1916 1885
f 1885 1883 1947
f 1947 1883 1945
f 1883 1881 1945
f 1945 1881 1943
f 1916 1946 1918
f 1918 1946 1948
f 1918 1948 1920
f 1920 1948 1949
f 1920 1949 1922
f 1922 1949 1950
f 1922 1950 1951
f 1951 1950 1952
f 1951 1952 746
f 746 1952 683
f 683 1952 685
f 685 1952 1953
f 685 1953 1954
f 1954 1953 1955
f 1954 1955 1956
f 1956 1955 1957
f 1956 1957 1958
f 1958 1957 1959
f 1958 1959 1960
f 1960 1959 1961
f 1960 1961 1962
f 1962 1961 1963
f 1962 1963 1964
f 1964 1963 1965
f 1964 1965 1966
f 1966 1965 1967
f 1966 1967 1968
f 1968 1967 1969
f 1968 1969 1970
f 1970 1969 1971
f 1970 1971 1972
f 1972 1971 1973
f 1972 1973 1974
f 1974 1973 1975
f 1974 1975 1976
f 1976 1975 1977
f 1976 1977 1978
f 1978 1977 1979
f 1978 1979 1980
f 1980 1979 1981
f 1980 1981 1982
f 1982 1981 1983
f 1982 1983 1984
f 1984 1983 1985
f 1984 1985 1986
f 1986 1985 1987
f 1986 1987 1988
f 1988 1987 1989
f 1988 1989 1990
f 1990 1989 1991
f 1990 1991 1992
f 1992 1991 1993
f 1992 1993 1994
f 1994 1993 1995
f 1994 1995 1996
f 1996 1995 1997
f 1996 1997 1998
f 1998 1997 1999
f 1998 1999 1982
f 1982 1999 1980
f 1980 1999 1978
f 1978 1999 1997
f 1978 1997 1976
f 1976 1997 2000
f 1976 2000 2001
f 2001 2000 2002
f 2001 2002 2003
f 2003 2002 2004
f 2003 2004 2005
f 2005 2004 2006
f 2005 2006 2007
f 2007 2006 2008
f 2007 2008 2009
f 2009 2008 2010
f 2009 2010 2011
f 2011 2010 2012
f 2011 2012 2013
f 2013 2012 2014
f 2013 2014 2015
f 2015 2014 2016
f 2015 2016 2017
f 2017 2016 2018
f 2017 2018 2019
f 2019 2018 2020
f 2019 2020 2021
f 2021 2020 2022
f 2021 2022 2023
f 2023 2022 1969
f 2023 1969 2024
f 2024 1969 1967
f 2024 1967 2025
f 2025 1967 1965
f 2025 1965 2026
f 2026 1965 1963
f 2026 1963 2027
f 2027 1963 1961
f 2027 1961 2028
f 2028 1961 2029
f 2028 2029 2030
f 2030 2029 1959
f 2030 1959 2031
f 2031 1959 1957
f 2031 1957 2032
f 2032 1957 1955
f 2032 1955 2033
f 2033 1955 1953
f 2033 1953 2034
f 2034 1953 1952
f 2034 1952 1950
f 1950 1949 2034
f 2034 1949 2035
f 2034 2035 2036
f 2036 2035 1948
f 2036 1948 1944
f 1944 1948 1946
f 1944 1942 2036
f 2036 1942 2037
f 2036 2037 2038
f 2038 2037 2039
f 2038 2039 2033
f 2033 2039 2032
f 2033 2034 2038
f 2038 2034 2036
f 1969 2022 1971
f 1971 2022 2040
f 1971 2040 1973
f 1973 2040 2041
f 1973 2041 1975
f 1975 2041 2042
f 1975 2042 1977
f 1977 2042 2043
f 1977 2043 1979
f 1979 2043 2044
f 1979 2044 2045
f 2045 2044 2046
f 2045 2046 2047
f 2047 2046 2048
f 2047 2048 2049
f 2049 2048 2050
f 2049 2050 2051
f 2051 2050 2052
f 2051 2052 2053
f 2053 2052 2054
f 2053 2054 1991
f 1991 2054 1993
f 1991 1989 2053
f 2053 1989 1987
f 2053 1987 2055
f 2055 1987 1985
f 2055 1985 2056
f 2056 1985 1983
f 2056 1983 1981
f 2053 2055 2051
f 2051 2055 2049
f 2055 2056 2049
f 2049 2056 2047
f 2056 1981 2047
f 2047 1981 2045
f 2022 2020 2040
f 2040 2020 2018
f 2040 2018 2057
f 2057 2018 2058
f 2057 2058 2041
f 2041 2058 2042
f 2018 2016 2058
f 2058 2016 2014
f 2058 2014 2042
f 2042 2014 2043
f 2014 2012 2043
f 2043 2012 2044
f 2012 2010 2044
f 2044 2010 2046
f 2010 2008 2046
f 2046 2008 2048
f 2008 2006 2048
f 2048 2006 2050
f 2006 2004 2050
f 2050 2004 2052
f 2004 2002 2052
f 2052 2002 2059
f 2052 2059 2054
f 2054 2059 1993
f 1993 2059 1995
f 1995 2059 2000
f 1995 2000 1997
f 1976 2001 1974
f 1974 2001 2003
f 1974 2003 1972
f 1972 2003 2005
f 1972 2005 2060
f 2060 2005 2007
f 2060 2007 2061
f 2061 2007 2009
f 2061 2009 1968
f 1968 2009 2062
f 1968 2062 1966
f 1966 2062 2011
f 1966 2011 2063
f 2063 2011 2013
f 2063 2013 2064
f 2064 2013 2065
f 2064 2065 1956
f 1956 2065 689
f 1956 689 687
f 1956 687 1954
f 1954 687 685
f 689 2065 691
f 691 2065 2066
f 691 2066 2067
f 2067 2066 2068
f 2067 2068 2069
f 2069 2068 2070
f 2069 2070 2071
f 2071 2070 2017
f 2071 2017 1749
f 1749 2017 1751
f 2068 2066 2070
f 2070 2066 2017
f 2066 2065 2017
f 2017 2065 2015
f 691 2067 693
f 693 2067 695
f 1966 2063 1964
f 1964 2063 2072
f 1964 2072 2073
f 2073 2072 1956
f 2073 1956 1958
f 1958 1960 2073
f 2073 1960 1962
f 2073 1962 1964
f 1956 2072 2064
f 2064 2072 2063
f 1968 1970 2061
f 2061 1970 2060
f 1992 1994 1990
f 1990 1994 2074
f 1990 2074 2075
f 2075 2074 1996
f 2075 1996 1998
f 746 1915 1951
f 1951 1915 1914
f 1951 1914 1924
f 788 1846 790
f 790 1846 805
f 805 1846 807
f 807 1846 1848
f 807 1848 2076
f 2076 1848 1850
f 2076 1850 2077
f 2077 1850 1852
f 2077 1852 1854
f 807 2076 809
f 809 2076 2078
f 809 2078 536
f 536 2078 538
f 2076 2077 2078
f 2078 2077 2079
f 2078 2079 538
f 538 2079 2080
f 538 2080 540
f 540 2080 2081
f 540 2081 2082
f 2082 2081 2083
f 2082 2083 2084
f 2084 2083 2085
f 2084 2085 2086
f 2086 2085 599
f 2086 599 601
f 599 2085 597
f 597 2085 2087
f 597 2087 595
f 595 2087 2088
f 595 2088 593
f 593 2088 2089
f 593 2089 2090
f 2090 2089 1854
f 2090 1854 589
f 589 591 2090
f 2090 591 593
f 1854 2089 2077
f 2077 2089 2079
f 2089 2088 2079
f 2079 2088 2080
f 2088 2087 2080
f 2080 2087 2081
f 2081 2087 2083
f 2083 2087 2085
f 540 2082 542
f 542 2082 544
f 1840 1838 1842
f 1842 1838 2091
f 1842 2091 1843
f 1843 2091 2092
f 1843 2092 1844
f 1844 2092 2093
f 1844 2093 1845
f 1845 2093 2094
f 1845 2094 1847
f 1847 2094 2095
f 1847 2095 1849
f 1849 2095 2096
f 1849 2096 1851
f 1851 2096 1931
f 1931 2096 1929
f 1929 2096 1932
f 1838 1836 2091
f 2091 1836 1834
f 2091 1834 2097
f 2097 1834 2098
f 2097 2098 2099
f 2099 2098 2100
f 2099 2100 2101
f 2101 2100 2102
f 2101 2102 2103
f 2103 2102 1933
f 2103 1933 1932
f 1932 2096 2103
f 2103 2096 2095
f 2103 2095 2104
f 2104 2095 2094
f 2104 2094 2093
f 2103 2104 2101
f 2101 2104 2093
f 2101 2093 2099
f 2099 2093 2092
f 2099 2092 2097
f 2097 2092 2091
f 1933 2102 1934
f 1934 2102 2105
f 1934 2105 1935
f 1935 2105 2106
f 1935 2106 1936
f 1936 2106 2107
f 1936 2107 2108
f 2108 2107 2109
f 2108 2109 2110
f 2110 2109 1790
f 2110 1790 2111
f 2111 1790 2112
f 2111 2112 2113
f 2113 2112 1788
f 2113 1788 1786
f 1790 2109 1792
f 1792 2109 2114
f 1792 2114 1794
f 1794 2114 1830
f 1794 1830 1796
f 1796 1830 2115
f 1796 2115 1798
f 1798 2115 2116
f 1798 2116 2117
f 2117 2116 2118
f 2117 2118 2119
f 2119 2118 2120
f 2119 2120 2121
f 2121 2120 2122
f 2121 2122 2123
f 2123 2122 2124
f 2123 2124 2125
f 2125 2124 2126
f 2125 2126 2127
f 2127 2126 1820
f 2127 1820 1816
f 1816 1820 1818
f 1816 1814 2127
f 2127 1814 2128
f 2127 2128 2125
f 2125 2128 2129
f 2125 2129 2123
f 2123 2129 2121
f 1820 2126 1821
f 1821 2126 1822
f 2126 2124 1822
f 1822 2124 2130
f 1822 2130 1823
f 1823 2130 2131
f 1823 2131 1824
f 1824 2131 2132
f 1824 2132 1826
f 1826 2132 2133
f 1826 2133 1828
f 1828 2133 1830
f 1830 2133 2115
f 2115 2133 2134
f 2115 2134 2116
f 2116 2134 2118
f 2118 2134 2120
f 2120 2134 2135
f 2120 2135 2122
f 2122 2135 2136
f 2122 2136 2124
f 2124 2136 2130
f 2130 2136 2131
f 2131 2136 2135
f 2131 2135 2132
f 2132 2135 2134
f 2132 2134 2133
f 1798 2117 1800
f 1800 2117 2137
f 1800 2137 1802
f 1802 2137 1804
f 2117 2119 2137
f 2137 2119 2138
f 2137 2138 2139
f 2139 2138 2140
f 2139 2140 2141
f 2141 2140 1810
f 2141 1810 1808
f 1808 1806 2141
f 2141 1806 2139
f 1806 1804 2139
f 2139 1804 2137
f 2119 2121 2138
f 2138 2121 2142
f 2138 2142 2143
f 2143 2142 2144
f 2143 2144 1812
f 1812 2144 1814
f 1814 2144 2128
f 2128 2144 2129
f 2144 2142 2129
f 2129 2142 2121
f 1812 1810 2143
f 2143 1810 2140
f 2143 2140 2138
f 2109 2107 2114
f 2114 2107 2145
f 2114 2145 1830
f 1830 2145 1832
f 2107 2106 2145
f 2145 2106 2146
f 2145 2146 1832
f 1832 2146 2098
f 1832 2098 1834
f 2098 2146 2100
f 2100 2146 2105
f 2100 2105 2102
f 1936 2108 1938
f 1938 2108 2110
f 1938 2110 2147
f 2147 2110 2111
f 2147 2111 2148
f 2148 2111 2149
f 2148 2149 1941
f 1941 2149 1942
f 1942 2149 2037
f 2037 2149 2150
f 2037 2150 2039
f 2039 2150 2151
f 2039 2151 2152
f 2152 2151 2153
f 2152 2153 2154
f 2154 2153 2155
f 2154 2155 2156
f 2156 2155 2157
f 2156 2157 2158
f 2158 2157 2159
f 2158 2159 2160
f 2160 2159 2161
f 2160 2161 2162
f 2162 2161 2163
f 2162 2163 2164
f 2164 2163 2165
f 2164 2165 2166
f 2166 2165 2167
f 2166 2167 2168
f 2168 2167 2169
f 2168 2169 2170
f 2170 2169 2171
f 2170 2171 2172
f 2172 2171 2173
f 2172 2173 2174
f 2174 2173 2175
f 2174 2175 2176
f 2176 2175 2177
f 2176 2177 2178
f 2178 2177 2179
f 2178 2179 2180
f 2180 2179 2181
f 2180 2181 2182
f 2182 2181 2183
f 2182 2183 2184
f 2184 2183 2185
f 2184 2185 2186
f 2186 2185 2165
f 2186 2165 2163
f 2165 2185 2167
f 2167 2185 2187
f 2167 2187 2188
f 2188 2187 2171
f 2188 2171 2169
f 2185 2183 2187
f 2187 2183 2189
f 2187 2189 2171
f 2171 2189 2190
f 2171 2190 2191
f 2191 2190 2181
f 2191 2181 2179
f 2190 2189 2181
f 2181 2189 2183
f 2172 2174 2170
f 2170 2174 2192
f 2170 2192 2168
f 2168 2192 2166
f 1941 1940 2148
f 2148 1940 2147
f 1940 1939 2147
f 2147 1939 1938
f 2111 2113 2149
f 2149 2113 2150
f 2113 1786 2150
f 2150 1786 2193
f 2150 2193 2194
f 2194 2193 2195
f 2194 2195 2196
f 2196 2195 2197
f 2196 2197 2198
f 2198 2197 2199
f 2198 2199 2200
f 2200 2199 2201
f 2200 2201 2202
f 2202 2201 2203
f 2202 2203 2204
f 2204 2203 2205
f 2204 2205 2163
f 2163 2205 2186
f 2163 2161 2204
f 2204 2161 2206
f 2204 2206 2202
f 2202 2206 2207
f 2202 2207 2208
f 2208 2207 2209
f 2208 2209 2194
f 2194 2209 2153
f 2194 2153 2151
f 2153 2209 2155
f 2155 2209 2207
f 2155 2207 2157
f 2157 2207 2206
f 2157 2206 2159
f 2159 2206 2161
f 2194 2196 2208
f 2208 2196 2198
f 2208 2198 2200
f 1781 1825 1779
f 1779 1825 2210
f 1779 2210 2211
f 2211 2210 2212
f 2211 2212 2213
f 2213 2212 2214
f 2213 2214 2215
f 2215 2214 1835
f 2215 1835 2216
f 2216 1835 1837
f 2216 1837 2217
f 2217 1837 1839
f 2217 1839 2218
f 2218 1839 1841
f 2218 1841 2219
f 2219 1841 780
f 2219 780 779
f 1835 2214 1833
f 1833 2214 2220
f 1833 2220 1831
f 1831 2220 1829
f 2214 2212 2220
f 2220 2212 2221
f 2220 2221 1829
f 1829 2221 1827
f 2212 2210 2221
f 2221 2210 1827
f 1779 2211 1777
f 1777 2211 1775
f 1793 1795 1791
f 1791 1795 2222
f 1791 2222 2223
f 2223 2222 2224
f 2223 2224 2225
f 2225 2224 2226
f 2225 2226 2227
f 2227 2226 2228
f 2227 2228 2229
f 2229 2228 2230
f 2229 2230 2231
f 2231 2230 1805
f 2231 1805 1807
f 1807 1809 2231
f 2231 1809 1811
f 2231 1811 2229
f 2229 1811 1813
f 2229 1813 2227
f 2227 1813 1815
f 2227 1815 1817
f 2227 1817 2225
f 2225 1817 2223
f 1817 1819 2223
f 2223 1819 1791
f 1819 1787 1791
f 1791 1787 1789
f 1805 2230 1803
f 1803 2230 1801
f 2230 2228 1801
f 1801 2228 1799
f 2228 2226 1799
f 1799 2226 1797
f 1770 1768 1772
f 1772 1768 1766
f 1772 1766 2232
f 2232 1766 2233
f 2232 2233 2234
f 2234 2233 2235
f 2234 2235 1755
f 1755 2235 1698
f 1698 2235 1696
f 1696 2235 2233
f 1696 2233 1694
f 1694 2233 1766
f 1755 1754 2234
f 2234 1754 2236
f 2234 2236 2237
f 2237 2236 2238
f 2237 2238 2239
f 2239 2238 2240
f 2239 2240 2241
f 2241 2240 2242
f 2241 2242 2025
f 2025 2242 2024
f 2024 2242 2023
f 2023 2242 2021
f 2025 2026 2241
f 2241 2026 2243
f 2241 2243 2239
f 2239 2243 1774
f 2239 1774 1772
f 2239 1772 2237
f 2237 1772 2232
f 2237 2232 2234
f 2026 2027 2243
f 2243 2027 2244
f 2243 2244 1774
f 1774 2244 2245
f 1774 2245 1776
f 1776 2245 2246
f 1776 2246 2247
f 2247 2246 2248
f 2247 2248 2249
f 2249 2248 2250
f 2249 2250 2251
f 2251 2250 2252
f 2251 2252 2253
f 2253 2252 2254
f 2253 2254 2255
f 2255 2254 2256
f 2255 2256 2257
f 2257 2256 2258
f 2257 2258 2259
f 2259 2258 2260
f 2259 2260 2261
f 2261 2260 2262
f 2261 2262 2263
f 2263 2262 2264
f 2263 2264 2265
f 2265 2264 2178
f 2265 2178 2180
f 2180 2182 2265
f 2265 2182 2266
f 2265 2266 2201
f 2201 2266 2267
f 2201 2267 2203
f 2203 2267 2205
f 2205 2267 2186
f 2186 2267 2184
f 2267 2266 2184
f 2184 2266 2182
f 2201 2199 2265
f 2265 2199 2263
f 2199 2197 2263
f 2263 2197 2261
f 2178 2264 2176
f 2176 2264 2262
f 2176 2262 2268
f 2268 2262 2260
f 2268 2260 2269
f 2269 2260 2270
f 2269 2270 2164
f 2164 2270 2162
f 2164 2166 2269
f 2269 2166 2192
f 2269 2192 2268
f 2268 2192 2174
f 2268 2174 2176
f 2260 2258 2270
f 2270 2258 2162
f 2162 2258 2160
f 2160 2258 2256
f 2160 2256 2271
f 2271 2256 2254
f 2271 2254 2272
f 2272 2254 2252
f 2272 2252 2273
f 2273 2252 2250
f 2273 2250 2248
f 2160 2271 2158
f 2158 2271 2272
f 2158 2272 2274
f 2274 2272 2273
f 2274 2273 2275
f 2275 2273 2248
f 2275 2248 2276
f 2276 2248 2246
f 2276 2246 2277
f 2277 2246 2245
f 2277 2245 2278
f 2278 2245 2244
f 2278 2244 2028
f 2028 2244 2027
f 2028 2030 2278
f 2278 2030 2279
f 2278 2279 2277
f 2277 2279 2280
f 2277 2280 2276
f 2276 2280 2281
f 2276 2281 2275
f 2275 2281 2274
f 2030 2031 2279
f 2279 2031 2282
f 2279 2282 2280
f 2280 2282 2283
f 2280 2283 2154
f 2154 2283 2152
f 2280 2154 2281
f 2281 2154 2156
f 2281 2156 2274
f 2274 2156 2158
f 2031 2032 2282
f 2282 2032 2284
f 2282 2284 2283
f 2283 2284 2152
f 2152 2284 2039
f 2039 2284 2032
f 1776 2247 1778
f 1778 2247 2249
f 1778 2249 1780
f 1780 2249 2251
f 1780 2251 1782
f 1782 2251 2285
f 1782 2285 1784
f 1784 2285 1786
f 2285 2251 1786
f 1786 2251 2253
f 1786 2253 2286
f 2286 2253 2287
f 2286 2287 2195
f 2195 2287 2197
f 2195 2193 2286
f 2286 2193 1786
f 2253 2255 2287
f 2287 2255 2257
f 2287 2257 2288
f 2288 2257 2259
f 2288 2259 2261
f 2261 2197 2288
f 2288 2197 2287
f 1754 1753 2236
f 2236 1753 2289
f 2236 2289 2238
f 2238 2289 2290
f 2238 2290 2240
f 2240 2290 2242
f 2242 2290 2021
f 2021 2290 2019
f 2290 2289 2019
f 2019 2289 2291
f 2019 2291 2292
f 2292 2291 2293
f 2292 2293 2017
f 2017 2293 1751
f 1751 2293 1752
f 1752 2293 2291
f 1752 2291 1753
f 1753 2291 2289
f 1690 1767 1688
f 1688 1767 1769
f 1688 1769 1686
f 1686 1769 1684
f 1682 1684 2294
f 2294 1684 2295
f 2294 2295 2296
f 2296 2295 1771
f 2296 1771 2297
f 2297 1771 1773
f 2297 1773 1775
f 1771 2295 1769
f 1769 2295 1684
f 2298 1682 2299
f 2299 1682 2294
f 2299 2294 2296
f 2298 2299 2300
f 2300 2299 2301
f 2300 2301 2216
f 2216 2301 2215
f 2215 2301 2213
f 2213 2301 2302
f 2213 2302 2303
f 2303 2302 2297
f 2303 2297 1775
f 1775 2211 2303
f 2303 2211 2213
f 2297 2302 2296
f 2296 2302 2299
f 2298 2300 2304
f 2304 2300 2216
f 2304 2216 2217
f 2305 2306 2307
f 2307 2306 2308
f 2307 2308 1685
f 1685 2308 1687
f 1685 1683 2307
f 2307 1683 1682
f 2307 1682 2309
f 2309 1682 2298
f 2309 2298 2304
f 2307 2309 2305
f 2305 2309 2310
f 2305 2310 2311
f 2311 2310 2312
f 2311 2312 2313
f 2313 2312 778
f 2313 778 777
f 778 2312 779
f 779 2312 2219
f 2312 2310 2219
f 2219 2310 2314
f 2219 2314 2218
f 2218 2314 2217
f 2217 2314 2304
f 2304 2314 2309
f 813 815 2315
f 2315 815 817
f 2315 817 1099
f 1099 937 2315
f 2315 937 811
f 2315 811 813
f 2316 2306 2317
f 2317 2306 2305
f 2317 2305 2311
f 2318 2317 2319
f 2319 2317 2311
f 2319 2311 2313
f 2317 2318 2316
f 2316 2318 290
f 2316 290 2320
f 2320 290 292
f 2320 292 2321
f 2321 292 294
f 2321 294 296
f 2316 2320 2306
f 2306 2320 2322
f 2306 2322 2308
f 2308 2322 2323
f 2308 2323 2324
f 2324 2323 2325
f 2324 2325 1691
f 1691 2325 2326
f 1691 2326 1693
f 1693 2326 2327
f 1693 2327 2328
f 2328 2327 2329
f 2328 2329 2330
f 2330 2329 2331
f 2330 2331 2332
f 2332 2331 2333
f 2332 2333 2334
f 2334 2333 2335
f 2334 2335 2336
f 2336 2335 2337
f 2336 2337 2338
f 2338 2337 2339
f 2338 2339 2340
f 2340 2339 537
f 2340 537 539
f 539 541 2340
f 2340 541 2341
f 2340 2341 2338
f 2338 2341 2342
f 2338 2342 2343
f 2343 2342 709
f 2343 709 707
f 709 2342 547
f 547 2342 545
f 545 2342 543
f 543 2342 2341
f 543 2341 541
f 2338 2343 2336
f 2336 2343 2344
f 2336 2344 2334
f 2334 2344 2345
f 2334 2345 2346
f 2346 2345 2347
f 2346 2347 2348
f 2348 2347 2349
f 2348 2349 2350
f 2350 2349 2351
f 2350 2351 2352
f 2352 2351 2353
f 2352 2353 2354
f 2354 2353 2355
f 2354 2355 2069
f 2069 2355 2067
f 2067 2355 695
f 695 2355 697
f 2353 2351 2355
f 2355 2351 697
f 2351 2349 697
f 697 2349 699
f 699 2349 701
f 701 2349 2347
f 701 2347 703
f 703 2347 2345
f 703 2345 705
f 705 2345 2344
f 705 2344 707
f 707 2344 2343
f 2334 2346 2332
f 2332 2346 2356
f 2332 2356 2330
f 2330 2356 2357
f 2330 2357 1695
f 1695 2357 1697
f 1697 2357 1699
f 1699 2357 2358
f 1699 2358 2350
f 2350 2358 2348
f 2350 2352 1699
f 1699 2352 2359
f 1699 2359 2360
f 2360 2359 2361
f 2360 2361 2362
f 2362 2361 2363
f 2362 2363 1765
f 1765 2363 1742
f 1742 2363 1743
f 1743 2363 2364
f 1743 2364 1744
f 1744 2364 2365
f 1744 2365 2366
f 2366 2365 2367
f 2366 2367 2368
f 2368 2367 2369
f 2368 2369 2370
f 2370 2369 2371
f 2370 2371 2354
f 2354 2371 2359
f 2354 2359 2352
f 2371 2369 2359
f 2359 2369 2361
f 2369 2367 2361
f 2361 2367 2364
f 2361 2364 2363
f 2354 2069 2370
f 2370 2069 2071
f 2370 2071 1749
f 1749 1748 2370
f 2370 1748 2372
f 2370 2372 2368
f 2368 2372 2366
f 1748 1746 2372
f 2372 1746 1745
f 2372 1745 2366
f 2366 1745 1744
f 1765 1764 2362
f 2362 1764 1763
f 2362 1763 2360
f 2360 1763 1701
f 2360 1701 1699
f 2357 2356 2358
f 2358 2356 2348
f 2330 1695 2328
f 2328 1695 1693
f 537 2339 535
f 535 2339 2373
f 535 2373 533
f 533 2373 2374
f 533 2374 2375
f 2375 2374 2376
f 2375 2376 2377
f 2377 2376 2378
f 2377 2378 2379
f 2379 2378 2380
f 2379 2380 2381
f 2381 2380 2382
f 2381 2382 2383
f 2383 2382 2384
f 2383 2384 2385
f 2385 2384 2386
f 2385 2386 2387
f 2387 2386 2388
f 2387 2388 2321
f 2321 2388 2322
f 2321 2322 2320
f 2322 2388 2323
f 2323 2388 2386
f 2323 2386 2389
f 2389 2386 2384
f 2389 2384 2390
f 2390 2384 2382
f 2390 2382 2391
f 2391 2382 2380
f 2391 2380 2392
f 2392 2380 2378
f 2392 2378 2393
f 2393 2378 2376
f 2393 2376 2394
f 2394 2376 2374
f 2394 2374 2395
f 2395 2374 2373
f 2395 2373 2337
f 2337 2373 2339
f 2337 2335 2395
f 2395 2335 2394
f 2335 2333 2394
f 2394 2333 2331
f 2394 2331 2393
f 2393 2331 2329
f 2393 2329 2392
f 2392 2329 2327
f 2392 2327 2391
f 2391 2327 2326
f 2391 2326 2390
f 2390 2326 2325
f 2390 2325 2389
f 2389 2325 2323
f 2321 296 2387
f 2387 296 298
f 2387 298 2396
f 2396 298 300
f 2396 300 2397
f 2397 300 302
f 2397 302 2398
f 2398 302 304
f 2398 304 2399
f 2399 304 306
f 2399 306 2400
f 2400 306 308
f 2400 308 310
f 2387 2396 2385
f 2385 2396 2401
f 2385 2401 2383
f 2383 2401 2402
f 2383 2402 2381
f 2381 2402 2403
f 2381 2403 2379
f 2379 2403 2404
f 2379 2404 2377
f 2377 2404 2405
f 2377 2405 2375
f 2375 2405 531
f 2375 531 533
f 1691 1689 2324
f 2324 1689 1687
f 2324 1687 2308
f 290 2318 288
f 288 2318 2406
f 288 2406 286
f 286 2406 2407
f 286 2407 284
f 284 2407 776
f 2318 2319 2406
f 2406 2319 2408
f 2406 2408 2407
f 2407 2408 776
f 776 2408 777
f 777 2408 2313
f 285 283 2409
f 2409 283 281
f 2409 281 2410
f 2410 281 2411
f 2410 2411 2412
f 2412 2411 2413
f 2412 2413 2414
f 2414 2413 2415
f 2414 2415 2416
f 2416 2415 2417
f 2416 2417 2418
f 2418 2417 2419
f 2418 2419 2420
f 2420 2419 2421
f 2420 2421 2422
f 2422 2421 2423
f 2422 2423 2424
f 2424 2423 2425
f 2424 2425 2426
f 2426 2425 157
f 2426 157 155
f 155 375 2426
f 2426 375 2427
f 2426 2427 2424
f 2424 2427 2428
f 2424 2428 2422
f 2422 2428 2429
f 2422 2429 2420
f 2420 2429 2430
f 2420 2430 2418
f 2418 2430 2431
f 2418 2431 2432
f 2432 2431 2433
f 2432 2433 2434
f 2434 2433 2435
f 2434 2435 2436
f 2436 2435 2437
f 2436 2437 2438
f 2438 2437 297
f 2438 297 295
f 297 2437 299
f 299 2437 2439
f 299 2439 301
f 301 2439 2440
f 301 2440 303
f 303 2440 2441
f 303 2441 305
f 305 2441 359
f 305 359 357
f 305 357 307
f 307 357 355
f 307 355 2442
f 2442 355 353
f 2442 353 2443
f 2443 353 351
f 2443 351 2444
f 2444 351 349
f 2444 349 2445
f 2445 349 347
f 2445 347 2446
f 2446 347 345
f 2446 345 317
f 317 315 2446
f 2446 315 2447
f 2446 2447 2445
f 2445 2447 2444
f 315 313 2447
f 2447 313 2448
f 2447 2448 2444
f 2444 2448 2443
f 313 311 2448
f 2448 311 309
f 2448 309 2443
f 2443 309 2442
f 2437 2435 2439
f 2439 2435 2449
f 2439 2449 2450
f 2450 2449 2451
f 2450 2451 2452
f 2452 2451 2453
f 2452 2453 365
f 365 2453 367
f 365 363 2452
f 2452 363 2454
f 2452 2454 2450
f 2450 2454 2440
f 2450 2440 2439
f 2440 2454 2441
f 2441 2454 359
f 359 2454 361
f 361 2454 363
f 2435 2433 2449
f 2449 2433 2451
f 2433 2431 2451
f 2451 2431 2453
f 2431 2430 2453
f 2453 2430 2455
f 2453 2455 367
f 367 2455 369
f 2430 2429 2455
f 2455 2429 2456
f 2455 2456 369
f 369 2456 371
f 2429 2428 2456
f 2456 2428 2457
f 2456 2457 371
f 371 2457 373
f 2428 2427 2457
f 2457 2427 373
f 2418 2432 2416
f 2416 2432 2434
f 2416 2434 2458
f 2458 2434 2436
f 2458 2436 2459
f 2459 2436 2438
f 2459 2438 2460
f 2460 2438 295
f 2460 295 293
f 2416 2458 2414
f 2414 2458 2412
f 157 2425 159
f 159 2425 2461
f 159 2461 2462
f 2462 2461 2463
f 2462 2463 2464
f 2464 2463 2465
f 2464 2465 271
f 271 2465 273
f 271 269 2464
f 2464 269 2466
f 2464 2466 2462
f 2462 2466 161
f 2462 161 159
f 161 2466 163
f 163 2466 267
f 2410 2412 2409
f 2409 2412 2467
f 2409 2467 285
f 285 2467 2459
f 285 2459 2468
f 2468 2459 2460
f 2468 2460 293
f 2459 2467 2458
f 2458 2467 2412
f 281 279 2411
f 2411 279 2469
f 2411 2469 2413
f 2413 2469 2470
f 2413 2470 2415
f 2415 2470 2471
f 2415 2471 2417
f 2417 2471 2419
f 279 277 2469
f 2469 277 2472
f 2469 2472 2470
f 2470 2472 2473
f 2470 2473 2474
f 2474 2473 2475
f 2474 2475 2476
f 2476 2475 2463
f 2476 2463 2461
f 2461 2425 2476
f 2476 2425 2423
f 2476 2423 2421
f 2476 2421 2474
f 2474 2421 2419
f 2474 2419 2471
f 2463 2475 2465
f 2465 2475 2477
f 2465 2477 273
f 273 2477 275
f 2475 2473 2477
f 2477 2473 2472
f 2477 2472 275
f 275 2472 277
f 1123 1125 2478
f 2478 1125 2479
f 2478 2479 2480
f 2480 2479 1681
f 2480 1681 1664
f 1664 1666 2480
f 2480 1666 2481
f 2480 2481 2478
f 2478 2481 1121
f 2478 1121 1123
f 1121 2481 1119
f 1119 2481 1133
f 1681 2479 1679
f 1679 2479 1125
f 289 287 2482
f 2482 287 285
f 2482 285 2483
f 2483 285 2468
f 2483 2468 293
f 293 291 2483
f 2483 291 289
f 2483 289 2482
f 1176 1234 2484
f 2484 1234 1236
f 2484 1236 2485
f 2485 1236 1238
f 2485 1238 1240
f 1240 1242 2485
f 2485 1242 1244
f 2485 1244 2486
f 2486 1244 1246
f 2486 1246 1266
f 1262 1245 2487
f 2487 1245 1243
f 2487 1243 1241
f 1176 2484 2488
f 2488 2484 2485
f 2488 2485 2486
f 2486 1266 2488
f 2488 1266 1174
f 2488 1174 1176
f 1888 1890 2489
f 2489 1890 1891
f 2489 1891 1893
f 1893 1895 2489
f 2489 1895 2490
f 2489 2490 1888
f 1888 2490 2491
f 1888 2491 2492
f 2492 2491 2493
f 2492 2493 2494
f 2494 2493 1897
f 2494 1897 1899
f 1897 2493 1895
f 1895 2493 2490
f 1888 2492 2495
f 2495 2492 2496
f 2495 2496 1884
f 1884 2496 2497
f 1884 2497 1882
f 1882 2497 1880
f 2497 2496 1880
f 1880 2496 1878
f 1878 2496 1876
f 1876 2496 2498
f 1876 2498 2499
f 2499 2498 1901
f 2499 1901 1903
f 1903 1926 2499
f 2499 1926 1874
f 2499 1874 1876
f 1884 1886 2495
f 2495 1886 1888
f 2492 2494 2496
f 2496 2494 2500
f 2496 2500 2498
f 2498 2500 1901
f 1901 2500 1899
f 1899 2500 2494
f 1898 1896 2501
f 2501 1896 1894
f 2501 1894 2502
f 2502 1894 1925
f 2502 1925 2503
f 2503 1925 1923
f 2503 1923 1912
f 1912 1910 2503
f 2503 1910 2502
f 1910 1908 2502
f 2502 1908 2504
f 2502 2504 2501
f 2501 2504 1898
f 1898 2504 1900
f 1900 2504 1902
f 641 643 2505
f 2505 643 645
f 2505 645 2506
f 2506 645 647
f 2506 647 2507
f 2507 647 649
f 2507 649 675
f 675 674 2507
f 2507 674 673
f 2507 673 2506
f 2506 673 2505
f 673 637 2505
f 2505 637 639
f 2505 639 641
f 570 2508 572
f 572 2508 2509
f 572 2509 574
f 574 2509 621
f 2509 2508 2510
f 2510 2508 2511
f 2510 2511 2512
f 2512 2511 606
f 2512 606 604
f 604 602 2512
f 2512 602 2513
f 2512 2513 2514
f 2514 2513 2515
f 2514 2515 2510
f 2510 2515 2509
f 2509 2515 621
f 621 2515 619
f 619 2515 617
f 617 2515 2513
f 617 2513 615
f 615 2513 2516
f 615 2516 598
f 598 2516 600
f 2516 2513 600
f 600 2513 602
f 606 2511 608
f 608 2511 2517
f 608 2517 610
f 610 2517 568
f 568 2517 570
f 570 2517 2508
f 2177 2175 2518
f 2518 2175 2173
f 2518 2173 2171
f 2171 2191 2518
f 2518 2191 2179
f 2518 2179 2177
f 2224 2222 2519
f 2519 2222 1795
f 2519 1795 1797
f 2224 2519 2520
f 2520 2519 1797
f 2520 1797 2226
f 130 132 2521
f 2521 132 1378
f 2521 1378 1376
f 1376 1374 2521
f 2521 1374 128
f 2521 128 130
f 128 1374 126
f 126 1374 1372
f 126 1372 124
f 124 1372 1370
f 124 1370 122
f 122 1370 2522
f 122 2522 2523
f 2523 2522 1366
f 2523 1366 1364
f 1366 2522 1368
f 1368 2522 1370
f 122 2523 120
f 120 2523 2524
f 120 2524 118
f 118 2524 116
f 2525 2524 2526
f 2526 2524 2523
f 2526 2523 1364
f 1364 1362 2526
f 2526 1362 2525
f 1362 1360 2525
f 2525 1360 116
f 2525 116 2524
f 112 114 2527
f 2527 114 1356
f 2527 1356 1354
f 1354 1352 2528
f 2528 1352 2529
f 2528 2529 110
f 110 2529 108
f 108 2529 106
f 106 2529 104
f 104 2529 102
f 102 2529 2530
f 102 2530 1350
f 1350 2530 1352
f 110 112 2528
f 2528 112 2527
f 2528 2527 1354
f 1433 1431 2531
f 2531 1431 2532
f 2531 2532 2533
f 2533 2532 2534
f 2533 2534 2535
f 2535 2534 2536
f 2535 2536 2537
f 2537 2536 2538
f 2537 2538 2539
f 2539 2538 2540
f 2539 2540 2541
f 2541 2540 2542
f 2541 2542 2543
f 2543 2542 2544
f 2543 2544 2545
f 2545 2544 2546
f 2545 2546 2547
f 2547 2546 2548
f 2547 2548 2549
f 2549 2548 2550
f 2549 2550 2551
f 2551 2550 2552
f 2551 2552 2553
f 2553 2552 2554
f 2553 2554 2555
f 2555 2554 2556
f 2555 2556 2557
f 2557 2556 2558
f 2557 2558 2559
f 2559 2558 2560
f 2559 2560 2561
f 2561 2560 2562
f 2561 2562 2563
f 2563 2562 2564
f 2563 2564 2565
f 2565 2564 2566
f 2565 2566 2540
f 2540 2566 2542
f 2542 2566 2544
f 2544 2566 2567
f 2544 2567 2546
f 2546 2567 2568
f 2546 2568 2548
f 2548 2568 2569
f 2548 2569 2570
f 2570 2569 2571
f 2570 2571 2572
f 2572 2571 2573
f 2572 2573 2574
f 2574 2573 2575
f 2574 2575 2554
f 2554 2575 2556
f 2554 2552 2574
f 2574 2552 2576
f 2574 2576 2577
f 2577 2576 2548
f 2577 2548 2570
f 2570 2572 2577
f 2577 2572 2574
f 2548 2576 2550
f 2550 2576 2552
f 2566 2564 2567
f 2567 2564 2578
f 2567 2578 2568
f 2568 2578 2579
f 2568 2579 2580
f 2580 2579 2581
f 2580 2581 2571
f 2571 2581 2582
f 2571 2582 2583
f 2583 2582 2584
f 2583 2584 2585
f 2585 2584 2575
f 2585 2575 2573
f 2585 2573 2583
f 2583 2573 2571
f 2575 2584 2556
f 2556 2584 2558
f 2582 2581 2584
f 2584 2581 2558
f 2558 2581 2560
f 2560 2581 2579
f 2560 2579 2562
f 2562 2579 2578
f 2562 2578 2564
f 2571 2569 2580
f 2580 2569 2568
f 2540 2538 2565
f 2565 2538 2586
f 2565 2586 2587
f 2587 2586 2588
f 2587 2588 2589
f 2589 2588 2590
f 2589 2590 2591
f 2591 2590 2592
f 2591 2592 2593
f 2593 2592 2594
f 2593 2594 2595
f 2595 2594 2596
f 2595 2596 2597
f 2597 2596 2598
f 2597 2598 2599
f 2599 2598 2600
f 2599 2600 2601
f 2601 2600 2602
f 2601 2602 2603
f 2603 2602 2604
f 2603 2604 2593
f 2593 2604 2591
f 2591 2604 2589
f 2589 2604 2605
f 2589 2605 2587
f 2587 2605 2563
f 2587 2563 2565
f 2563 2605 2561
f 2561 2605 2606
f 2561 2606 2607
f 2607 2606 2608
f 2607 2608 2609
f 2609 2608 2610
f 2609 2610 2611
f 2611 2610 2612
f 2611 2612 2551
f 2551 2612 2549
f 2549 2612 2547
f 2547 2612 2613
f 2547 2613 2614
f 2614 2613 2600
f 2614 2600 2598
f 2547 2614 2545
f 2545 2614 2615
f 2545 2615 2543
f 2543 2615 2616
f 2543 2616 2617
f 2617 2616 2618
f 2617 2618 2619
f 2619 2618 2620
f 2619 2620 2621
f 2621 2620 2622
f 2621 2622 2623
f 2623 2622 2624
f 2623 2624 1447
f 1447 2624 1445
f 1447 1449 2623
f 2623 1449 2625
f 2623 2625 2621
f 2621 2625 2626
f 2621 2626 2627
f 2627 2626 2628
f 2627 2628 2629
f 2629 2628 2630
f 2629 2630 2631
f 2631 2630 2539
f 2631 2539 2632
f 2632 2539 2541
f 2632 2541 2543
f 2543 2617 2632
f 2632 2617 2629
f 2632 2629 2631
f 2617 2619 2629
f 2629 2619 2627
f 2539 2630 2537
f 2537 2630 2633
f 2537 2633 2634
f 2634 2633 2635
f 2634 2635 2636
f 2636 2635 1436
f 2636 1436 2533
f 2533 1436 2531
f 2533 2535 2636
f 2636 2535 2634
f 1436 2635 1457
f 1457 2635 1455
f 2630 2628 2633
f 2633 2628 2637
f 2633 2637 2635
f 2635 2637 2638
f 2635 2638 1455
f 1455 2638 1453
f 2638 2637 1453
f 1453 2637 2626
f 1453 2626 1451
f 1451 2626 2625
f 1451 2625 1449
f 2614 2598 2615
f 2615 2598 2596
f 2615 2596 2616
f 2616 2596 2618
f 2596 2594 2618
f 2618 2594 2620
f 2594 2592 2620
f 2620 2592 2622
f 2592 2590 2622
f 2622 2590 2639
f 2622 2639 2624
f 2624 2639 2640
f 2624 2640 1445
f 1445 2640 1443
f 2590 2588 2639
f 2639 2588 2641
f 2639 2641 2640
f 2640 2641 2642
f 2640 2642 1443
f 1443 2642 1441
f 2612 2610 2613
f 2613 2610 2600
f 2610 2608 2600
f 2600 2608 2602
f 2608 2606 2602
f 2602 2606 2604
f 2551 2553 2611
f 2611 2553 2555
f 2611 2555 2609
f 2609 2555 2557
f 2609 2557 2607
f 2607 2557 2559
f 2607 2559 2561
f 2593 2595 2603
f 2603 2595 2597
f 2603 2597 2601
f 2601 2597 2599
f 2538 2536 2586
f 2586 2536 2643
f 2586 2643 2588
f 2588 2643 2641
f 2536 2534 2643
f 2643 2534 2644
f 2643 2644 2641
f 2641 2644 2642
f 2642 2644 1441
f 1441 2644 2532
f 1441 2532 1439
f 1439 2532 1431
f 1531 1530 2645
f 2645 1530 1529
f 2645 1529 2646
f 2646 1529 2647
f 2646 2647 2648
f 2648 2647 2649
f 2648 2649 2650
f 2650 2649 2651
f 2650 2651 2652
f 2652 2651 2653
f 2652 2653 2654
f 2654 2653 2655
f 2654 2655 2656
f 2656 2655 1562
f 2656 1562 1561
f 1561 1560 2656
f 2656 1560 2657
f 2656 2657 2654
f 2654 2657 2652
f 1560 1559 2657
f 2657 1559 2658
f 2657 2658 2652
f 2652 2658 1556
f 2652 1556 2659
f 2659 1556 1554
f 2659 1554 2660
f 2660 1554 1553
f 2660 1553 2661
f 2661 1553 1552
f 2661 1552 2662
f 2662 1552 1550
f 2662 1550 1548
f 2652 2659 2650
f 2650 2659 2660
f 2650 2660 2663
f 2663 2660 2661
f 2663 2661 2664
f 2664 2661 2662
f 2664 2662 2665
f 2665 2662 1548
f 2665 1548 1546
f 1546 1612 2665
f 2665 1612 2666
f 2665 2666 2664
f 2664 2666 2667
f 2664 2667 2663
f 2663 2667 2648
f 2663 2648 2650
f 2648 2667 2646
f 2646 2667 2668
f 2646 2668 2645
f 2645 2668 1531
f 1531 2668 1532
f 1532 2668 1534
f 2667 2666 2668
f 2668 2666 1534
f 1556 2658 1558
f 1558 2658 1559
f 1562 2655 1563
f 1563 2655 2669
f 1563 2669 1521
f 1521 2669 1523
f 1529 1527 2647
f 2647 1527 2670
f 2647 2670 2649
f 2649 2670 2651
f 2651 2670 2653
f 2653 2670 2671
f 2653 2671 2655
f 2655 2671 2669
f 1527 1525 2670
f 2670 1525 2672
f 2670 2672 2671
f 2671 2672 2669
f 2669 2672 1523
f 1523 2672 1525
f 2673 65 2674
f 2674 65 67
f 2674 67 2675
f 2675 67 2676
f 2675 2676 2677
f 2677 2676 2678
f 2677 2678 2679
f 2679 2678 2680
f 2679 2680 2681
f 2681 2680 2682
f 2681 2682 2683
f 2683 2682 2684
f 2683 2684 103
f 103 2684 105
f 65 2673 63
f 63 2673 2685
f 63 2685 2686
f 2686 2685 2687
f 2686 2687 59
f 59 2687 2688
f 59 2688 2689
f 2689 2688 2690
f 2689 2690 2691
f 2691 2690 2692
f 2691 2692 2693
f 2693 2692 2694
f 2693 2694 2695
f 2695 2694 2696
f 2695 2696 37
f 37 2696 35
f 37 39 2695
f 2695 39 2697
f 2695 2697 2698
f 2698 2697 53
f 2698 53 55
f 2695 2698 2693
f 2693 2698 2691
f 2698 55 2691
f 2691 55 2689
f 55 57 2689
f 2689 57 59
f 39 41 2697
f 2697 41 2699
f 2697 2699 2700
f 2700 2699 2701
f 2700 2701 2702
f 2702 2701 2703
f 2702 2703 2704
f 2704 2703 49
f 2704 49 51
f 51 53 2704
f 2704 53 2702
f 2702 53 2700
f 2700 53 2697
f 41 43 2699
f 2699 43 2701
f 2687 2685 2688
f 2688 2685 2705
f 2688 2705 2690
f 2690 2705 2706
f 2690 2706 2692
f 2692 2706 2707
f 2692 2707 2708
f 2708 2707 2709
f 2708 2709 2710
f 2710 2709 2711
f 2710 2711 33
f 33 2711 31
f 2685 2673 2705
f 2705 2673 2712
f 2705 2712 2706
f 2706 2712 2707
f 2673 2674 2712
f 2712 2674 2713
f 2712 2713 2707
f 2707 2713 2714
f 2707 2714 2709
f 2709 2714 2715
f 2709 2715 2716
f 2716 2715 2717
f 2716 2717 2718
f 2718 2717 2719
f 2718 2719 2720
f 2720 2719 103
f 2720 103 101
f 103 2719 2683
f 2683 2719 2681
f 2681 2719 2679
f 2679 2719 2717
f 2679 2717 2715
f 2679 2715 2677
f 2677 2715 2714
f 2677 2714 2713
f 2677 2713 2675
f 2675 2713 2674
f 2709 2716 2711
f 2711 2716 2721
f 2711 2721 31
f 31 2721 29
f 29 2721 27
f 27 2721 2722
f 27 2722 25
f 25 2722 99
f 99 2722 101
f 101 2722 2720
f 2722 2721 2720
f 2720 2721 2718
f 59 61 2686
f 2686 61 63
f 47 2723 45
f 45 2723 2724
f 45 2724 2725
f 2725 2724 2701
f 2725 2701 43
f 2701 2724 2726
f 2726 2724 2723
f 2726 2723 47
f 47 49 2726
f 2726 49 2703
f 2726 2703 2701
f 2694 2692 2727
f 2727 2692 2708
f 2727 2708 2710
f 2710 33 2727
f 2727 33 2728
f 2727 2728 2696
f 2696 2728 35
f 2676 67 2729
f 2729 67 69
f 2729 69 2730
f 2730 69 2731
f 2730 2731 2732
f 2732 2731 2733
f 2732 2733 2734
f 2734 2733 470
f 2734 470 468
f 470 2733 472
f 472 2733 2735
f 472 2735 474
f 474 2735 475
f 69 71 2731
f 2731 71 2736
f 2731 2736 2733
f 2733 2736 2735
f 2735 2736 475
f 475 2736 73
f 2676 2729 2678
f 2678 2729 2730
f 2678 2730 2732
f 2678 2732 2680
f 2680 2732 2734
f 2680 2734 2682
f 2682 2734 468
f 2682 468 2737
f 2737 468 466
f 2737 466 2738
f 2738 466 464
f 2738 464 453
f 2682 2737 2684
f 2684 2737 2738
f 2684 2738 2739
f 2739 2738 453
f 2739 453 107
f 107 105 2739
f 2739 105 2684
f 2403 2740 2404
f 2404 2740 2741
f 2404 2741 2405
f 2405 2741 2742
f 2405 2742 2743
f 2743 2742 2744
f 2743 2744 529
f 529 2744 527
f 527 2744 525
f 525 2744 2745
f 525 2745 2746
f 2746 2745 2747
f 2746 2747 316
f 316 2747 2748
f 316 2748 314
f 314 2748 312
f 316 318 2746
f 2746 318 523
f 2746 523 525
f 529 531 2743
f 2743 531 2405
f 2741 2740 2749
f 2749 2740 2750
f 2749 2750 2751
f 2751 2750 2752
f 2751 2752 2748
f 2748 2752 312
f 2748 2747 2751
f 2751 2747 2753
f 2751 2753 2749
f 2749 2753 2742
f 2749 2742 2741
f 2742 2753 2744
f 2744 2753 2745
f 2402 2401 2754
f 2754 2401 2755
f 2754 2755 2756
f 2756 2755 2757
f 2756 2757 2758
f 2758 2757 2397
f 2758 2397 2398
f 2397 2757 2396
f 2396 2757 2755
f 2396 2755 2401
f 2759 2754 2760
f 2760 2754 2756
f 2760 2756 2761
f 2761 2756 2762
f 2761 2762 2763
f 2763 2762 2764
f 2763 2764 2765
f 2765 2764 310
f 2765 310 312
f 312 2752 2765
f 2765 2752 2763
f 310 2764 2400
f 2400 2764 2399
f 2764 2762 2399
f 2399 2762 2398
f 2398 2762 2758
f 2758 2762 2756
f 2754 2759 2402
f 2402 2759 2403
f 2403 2759 2740
f 2740 2759 2750
f 2759 2760 2766
f 2766 2760 2761
f 2766 2761 2763
f 2763 2752 2766
f 2766 2752 2750
f 2766 2750 2759
f 425 424 2767
f 2767 424 423
f 2767 423 482
f 482 427 2767
f 2767 427 425
f 2768 2769 2770
f 2770 2769 2771
f 2770 2771 2772
f 2772 2771 2773
f 2772 2773 2774
f 2774 2773 2775
f 2774 2775 2776
f 2776 2775 2777
f 2776 2777 2778
f 2778 2777 2779
f 2778 2779 2780
f 2780 2779 2781
f 2780 2781 2782
f 2782 2781 2783
f 2782 2783 2784
f 2784 2783 2785
f 2784 2785 2786
f 2786 2785 2787
f 2786 2787 2788
f 2788 2787 2789
f 2788 2789 2790
f 2790 2789 2791
f 2790 2791 2792
f 2792 2791 2793
f 2792 2793 2794
f 2794 2793 2795
f 2794 2795 2796
f 2796 2795 2797
f 2796 2797 223
f 223 2797 2771
f 223 2771 222
f 222 2771 2769
f 222 2769 2768
f 222 2768 221
f 221 2768 2798
f 221 2798 220
f 220 2798 197
f 197 2798 199
f 199 2798 2799
f 199 2799 2800
f 2800 2799 2801
f 2800 2801 2802
f 2802 2801 2803
f 2802 2803 2778
f 2778 2803 2776
f 2778 2780 2802
f 2802 2780 2804
f 2802 2804 2800
f 2800 2804 203
f 2800 203 201
f 2780 2782 2804
f 2804 2782 2805
f 2804 2805 203
f 203 2805 2784
f 203 2784 204
f 204 2784 2786
f 204 2786 206
f 206 2786 2788
f 206 2788 208
f 208 2788 2790
f 208 2790 210
f 210 2790 2792
f 210 2792 211
f 211 2792 2794
f 211 2794 2796
f 211 2796 212
f 212 2796 186
f 186 2796 184
f 184 2796 223
f 2771 2797 2773
f 2773 2797 2806
f 2773 2806 2775
f 2775 2806 2807
f 2775 2807 2808
f 2808 2807 2809
f 2808 2809 2810
f 2810 2809 2811
f 2810 2811 2812
f 2812 2811 2813
f 2812 2813 2781
f 2781 2813 2785
f 2781 2785 2783
f 2785 2813 2787
f 2787 2813 2811
f 2787 2811 2789
f 2789 2811 2809
f 2789 2809 2791
f 2791 2809 2807
f 2791 2807 2793
f 2793 2807 2806
f 2793 2806 2795
f 2795 2806 2797
f 2775 2808 2777
f 2777 2808 2814
f 2777 2814 2779
f 2779 2814 2815
f 2779 2815 2781
f 2781 2815 2812
f 2808 2810 2814
f 2814 2810 2816
f 2814 2816 2815
f 2815 2816 2812
f 2768 2770 2817
f 2817 2770 2818
f 2817 2818 2768
f 2768 2818 2819
f 2768 2819 2798
f 2798 2819 2799
f 2799 2819 2801
f 2801 2819 2820
f 2801 2820 2803
f 2803 2820 2821
f 2803 2821 2776
f 2776 2821 2774
f 2774 2821 2772
f 2772 2821 2820
f 2772 2820 2770
f 2770 2820 2818
f 1569 1306 2822
f 2822 1306 2823
f 2822 2823 2824
f 2824 2823 2825
f 2824 2825 1298
f 1298 2825 1300
f 1300 2825 1302
f 1302 2825 2823
f 1302 2823 1304
f 1304 2823 1306
f 2822 2824 2826
f 2826 2824 1298
f 2826 1298 2827
f 2827 1298 1570
f 2827 1570 1569
f 1569 2822 2827
f 2827 2822 2826
f 2828 2829 2830
f 2830 2829 2831
f 2830 2831 2832
f 2832 2831 2833
f 2832 2833 2834
f 2834 2833 2835
f 2834 2835 2836
f 2836 2835 2837
f 2836 2837 716
f 716 2837 2838
f 716 2838 714
f 714 2838 2839
f 714 2839 2840
f 2840 2839 2841
f 2840 2841 745
f 745 2841 2842
f 745 2842 702
f 702 2842 700
f 700 2842 698
f 698 2842 741
f 745 744 2840
f 2840 744 712
f 2840 712 714
f 716 718 2836
f 2836 718 2843
f 2836 2843 2844
f 2844 2843 722
f 2844 722 724
f 722 2843 721
f 721 2843 720
f 2836 2844 2834
f 2834 2844 2845
f 2834 2845 2846
f 2846 2845 2847
f 2846 2847 2848
f 2848 2847 2849
f 2848 2849 739
f 739 2849 728
f 728 2849 726
f 726 2849 2847
f 726 2847 724
f 724 2847 2845
f 724 2845 2844
f 739 737 2848
f 2848 737 2850
f 2848 2850 2851
f 2851 2850 2852
f 2851 2852 2830
f 2830 2852 2828
f 2830 2832 2851
f 2851 2832 2846
f 2851 2846 2848
f 2828 2852 2853
f 2853 2852 2850
f 2853 2850 2854
f 2854 2850 737
f 2854 737 2855
f 2855 737 735
f 2855 735 2856
f 2856 735 2857
f 2856 2857 2858
f 2858 2857 2859
f 2858 2859 2831
f 2831 2859 2833
f 2831 2829 2858
f 2858 2829 2828
f 2858 2828 2856
f 2856 2828 2860
f 2856 2860 2855
f 2855 2860 2854
f 2854 2860 2853
f 2853 2860 2828
f 2859 2857 2861
f 2861 2857 2862
f 2861 2862 2839
f 2839 2862 2863
f 2839 2863 2841
f 2841 2863 2864
f 2841 2864 2842
f 2842 2864 741
f 741 2864 740
f 740 2864 2865
f 740 2865 733
f 733 2865 735
f 2865 2864 735
f 735 2864 2863
f 735 2863 2862
f 2839 2838 2861
f 2861 2838 2866
f 2861 2866 2859
f 2859 2866 2833
f 2833 2866 2835
f 2835 2866 2837
f 2867 558 2868
f 2868 558 556
f 2868 556 554
f 558 2867 560
f 560 2867 2869
f 560 2869 562
f 562 2869 613
f 2867 2868 2870
f 2870 2868 2871
f 2870 2871 2872
f 2872 2871 550
f 2872 550 2873
f 2873 550 548
f 2873 548 2874
f 2874 548 546
f 2874 546 544
f 550 2871 552
f 552 2871 554
f 2872 2875 2870
f 2870 2875 2876
f 2870 2876 2877
f 2877 2876 2878
f 2877 2878 2879
f 2879 2878 613
f 2879 613 2869
f 2879 2869 2877
f 2877 2869 2867
f 2877 2867 2870
f 613 2878 612
f 612 2878 2880
f 612 2880 611
f 611 2880 609
f 2881 605 2882
f 2882 605 607
f 2882 607 2883
f 2883 607 2884
f 2883 2884 2875
f 2875 2884 2876
f 2876 2884 2878
f 2878 2884 2880
f 2880 2884 609
f 609 2884 607
f 2883 2875 2882
f 2882 2875 2885
f 2882 2885 2886
f 2886 2885 2887
f 2886 2887 2888
f 2888 2887 2889
f 2888 2889 2890
f 2890 2889 2891
f 2890 2891 2892
f 2892 2891 2082
f 2892 2082 2084
f 2892 2084 2890
f 2890 2084 2893
f 2890 2893 2894
f 2894 2893 2895
f 2894 2895 2888
f 2888 2895 2886
f 2084 2086 2893
f 2893 2086 2896
f 2893 2896 2895
f 2895 2896 2881
f 2895 2881 2886
f 2886 2881 2882
f 2086 601 2896
f 2896 601 603
f 2896 603 2881
f 2881 603 605
f 2082 2891 544
f 544 2891 2874
f 2891 2889 2874
f 2874 2889 2873
f 2889 2887 2873
f 2873 2887 2872
f 2872 2887 2875
f 2875 2887 2885
f 2897 1986 2898
f 2898 1986 1988
f 2898 1988 1990
f 2898 1990 2897
f 2897 1990 2899
f 2897 2899 1984
f 1984 2899 2900
f 1984 2900 1982
f 1982 2900 1998
f 2900 2899 1998
f 1998 2899 2075
f 2901 1731 2902
f 2902 1731 1729
f 2902 1729 1727
f 1727 1725 2902
f 2902 1725 2903
f 2902 2903 2901
f 2901 2903 1721
f 2901 1721 1719
f 1719 1733 2901
f 2901 1733 1731
f 1721 2903 1723
f 1723 2903 1725
f 66 70 68
f 200 205 207
f 162 164 230
f 325 330 327
f 437 436 438
f 415 463 416
f 443 441 481
f 501 500 499
f 510 507 506
f 627 616 614
f 668 575 577
f 736 732 734
f 804 749 751
f 861 912 859
f 853 855 910
f 905 901 903
f 894 892 916
f 1075 1074 266
f 1154 1156 1155
f 1233 1237 1235
f 1224 1226 1267
f 1182 1184 1180
f 1385 1381 1383
f 1381 1343 1345
f 1342 1000 1344
f 1299 1301 1435
f 1498 1500 1504
f 1193 1503 1195
f 242 1555 144
f 1422 1425 1424
f 1323 1325 1405
f 990 1578 988
f 1597 1596 1598
f 1046 1606 1044
f 1603 1543 1545
f 1472 1592 1474
f 1624 1626 1639
f 1632 1638 1634
f 1665 1663 1667
f 1756 1735 1737
f 1740 1738 1760
f 630 1860 632
f 1949 1948 2035
f 1959 2029 1961
f 1979 2045 1981
f 2000 2059 2002
f 2041 2040 2057
f 2065 2013 2015
f 2011 2062 2009
f 1970 1972 2060
f 1994 1996 2074
f 1951 1924 1922
f 1881 1879 1943
f 1873 1871 1937
f 1788 2112 1790
f 2146 2106 2105
f 2167 2188 2169
f 2208 2200 2202
f 2194 2151 2150
f 1827 2210 1825
f 2292 2017 2019
f 2301 2299 2302
f 2310 2309 2314
f 2367 2365 2364
f 2346 2348 2356
f 2408 2319 2313
f 307 2442 309
f 375 373 2427
f 2466 269 267
f 2474 2471 2470
f 1666 1133 2481
f 1241 1262 2487
f 2491 2490 2493
f 2504 1908 1902
f 2512 2514 2510
f 2511 2508 2517
f 2224 2520 2226
f 2529 1352 2530
f 2535 2537 2634
f 2628 2626 2637
f 2619 2621 2627
f 2606 2605 2604
f 2644 2534 2532
f 1433 2531 1436
f 1612 1534 2666
f 2716 2718 2721
f 43 45 2725
f 35 2728 33
f 2696 2694 2727
f 73 2736 71
f 2745 2753 2747
f 2805 2782 2784
f 199 2800 201
f 2810 2812 2816
f 2818 2820 2819
f 2832 2834 2846
f 718 720 2843
f 2866 2838 2837
f 2862 2857 735
f 2871 2868 554
f 2890 2894 2888
f 1990 2075 2899
f 1986 2897 1984
