v 0.7836352586746216 0.3450618088245392 0.011042295955121517
v 0.7873562574386597 0.32986047863960266 0.008860035799443722
v 0.7586334347724915 0.3159884512424469 0.008798282593488693
v -0.42873287200927734 0.4604756236076355 0.08489725738763809
v -0.44901517033576965 0.47393983602523804 0.0822431743144989
v -0.4515964686870575 0.4453074038028717 0.08525213599205017
v -0.32976359128952026 -0.2910795509815216 -0.15576393902301788
v -0.34991806745529175 -0.321576863527298 -0.1490384042263031
v -0.3297129273414612 -0.317849338054657 -0.1364581137895584
v -0.8516749143600464 0.46705564856529236 0.0886535719037056
v -0.8321553468704224 0.43537235260009766 0.0873948484659195
v -0.8570513129234314 0.4358374774456024 0.0945964828133583
v -0.6648993492126465 0.7630175948143005 0.07506585121154785
v -0.6921408772468567 0.7694499492645264 0.07216935604810715
v -0.6779800057411194 0.7444260120391846 0.07955611497163773
v -0.000500268186442554 -0.14043346047401428 0.17464792728424072
v -0.0029824262019246817 -0.10034269839525223 0.164214625954628
v -0.03845718875527382 -0.13432736694812775 0.1740349978208542
v 0.20832553505897522 -0.22482085227966309 0.12347801774740219
v 0.1928640604019165 -0.21560882031917572 0.13751982152462006
v 0.21683436632156372 -0.19839052855968475 0.1197504773736
v 0.5242259502410889 0.5740112066268921 0.0077666062861680984
v 0.4951813519001007 0.5616998076438904 0.017994940280914307
v 0.5249093174934387 0.5298600196838379 -0.0008788690902292728
v 0.02138684317469597 -0.8669911623001099 -0.08925388753414154
v 0.022471338510513306 -0.8571751117706299 -0.11121596395969391
v 0.01411019079387188 -0.8552970290184021 -0.08753451704978943
v -0.44128450751304626 0.44700247049331665 -0.0975048691034317
v -0.43893906474113464 0.5062733888626099 -0.12092839181423187
v -0.44457781314849854 0.5254448056221008 -0.05983010679483414
v -0.036014776676893234 -0.8183231949806213 -0.17727626860141754
v -0.031246758997440338 -0.7971414923667908 -0.17782297730445862
v -0.02046080492436886 -0.8060228824615479 -0.1590726673603058
v -0.30555087327957153 0.18808914721012115 -0.14486117660999298
v -0.28791818022727966 0.162282794713974 -0.1160258948802948
v -0.2774982154369354 0.1673351526260376 -0.1545449048280716
v -0.298920214176178 0.5978580117225647 -0.3061741292476654
v -0.27465012669563293 0.5580428242683411 -0.3233262598514557
v -0.264159619808197 0.6040545105934143 -0.3226892054080963
v 0.24929353594779968 -0.6847256422042847 -0.009189299307763577
v 0.2786203622817993 -0.6926437020301819 -0.024031268432736397
v 0.26732078194618225 -0.689846396446228 -0.003191205207258463
v -0.1483777016401291 -0.3674628436565399 0.16390599310398102
v -0.12496515363454819 -0.30828240513801575 0.1661720871925354
v -0.10340429097414017 -0.3682255744934082 0.16894520819187164
v 0.21934734284877777 0.022471141070127487 -0.23028898239135742
v 0.24597816169261932 0.0007206752779893577 -0.22550329566001892
v 0.22724559903144836 0.029657265171408653 -0.21783214807510376
v 0.28976133465766907 -0.009196789003908634 -0.13880133628845215
v 0.28133395314216614 0.005929508712142706 -0.11400669068098068
v 0.2935880720615387 -0.01696714013814926 -0.1312558501958847
v 0.17149068415164948 0.7986158132553101 0.08568862080574036
v 0.19957862794399261 0.8037895560264587 0.062101975083351135
v 0.1607465147972107 0.8202273845672607 0.0693763941526413
v -0.49042850732803345 0.3743027150630951 -0.017532775178551674
v -0.502892017364502 0.3384134769439697 -0.0036232161801308393
v -0.5220170021057129 0.35829898715019226 -0.01791413500905037
v 0.03491504117846489 0.23998433351516724 0.2413385808467865
v 0.03214192017912865 0.21613964438438416 0.24109838902950287
v 0.0545492060482502 0.23003153502941132 0.23808272182941437
v 0.17820735275745392 0.7487928867340088 -0.3024311363697052
v 0.16079290211200714 0.7268418073654175 -0.3206060826778412
v 0.1381717175245285 0.7641660571098328 -0.3090728521347046
v 0.2864304482936859 -0.9146912693977356 -0.04818663373589516
v 0.31070926785469055 -0.9140740633010864 -0.03116680681705475
v 0.29181572794914246 -0.9203939437866211 -0.020892225205898285
v -0.5231567025184631 -0.472849041223526 -0.03748004138469696
v -0.529948353767395 -0.47138312458992004 -0.03441818803548813
v -0.5146257877349854 -0.4639962911605835 -0.03556450456380844
v 0.03682611137628555 0.26510074734687805 0.24114017188549042
v 0.017762837931513786 0.2604959309101105 0.24323217570781708
v 0.08882706612348557 0.6094375848770142 -0.3605799973011017
v 0.03630593791604042 0.6161851286888123 -0.36363527178764343
v 0.03861170634627342 0.5646095871925354 -0.3659520149230957
v -0.29263994097709656 -0.37402305006980896 0.10406643152236938
v -0.27061620354652405 -0.3906571567058563 0.12260282784700394
v -0.281598299741745 -0.3630409240722656 0.1159941628575325
v -0.842932403087616 0.3771088123321533 0.09906032681465149
v -0.8742057085037231 0.40417835116386414 0.09860624372959137
v -0.8586450815200806 0.37808096408843994 0.09885746240615845
v 0.27115869522094727 -0.7705921530723572 0.22650331258773804
v 0.2959754168987274 -0.7750669717788696 0.21523895859718323
v 0.2844310700893402 -0.7587525248527527 0.20450149476528168
v -0.2610272169113159 -0.7785807847976685 0.22387130558490753
v -0.2470383495092392 -0.7977432608604431 0.24105872213840485
v -0.23824071884155273 -0.7798593044281006 0.23421406745910645
v -0.9017933011054993 0.47328078746795654 -0.013785394839942455
v -0.8850203156471252 0.44459542632102966 -0.015154283493757248
v -0.8826175928115845 0.4848293364048004 -0.022413263097405434
v -0.01798088103532791 -0.9054815173149109 0.09168224781751633
v -0.01732616312801838 -0.9057834148406982 0.05744195729494095
v -0.011376617476344109 -0.894874095916748 0.0787757858633995
v -0.30162709951400757 -0.7293595671653748 0.1426912099123001
v -0.31664323806762695 -0.7233218550682068 0.11412710696458817
v -0.2886236011981964 -0.7150488495826721 0.1283738762140274
v -0.24938155710697174 -0.35450562834739685 -0.2521871328353882
v -0.2795482277870178 -0.3825054466724396 -0.2378874123096466
v -0.2654336988925934 -0.41752612590789795 -0.24006974697113037
v 0.7598854303359985 0.27406591176986694 -0.05591513589024544
v 0.7501951456069946 0.26613467931747437 -0.04357956722378731
v 0.7183971405029297 0.26548874378204346 -0.05446465685963631
v -0.5794803500175476 0.2680833041667938 0.07185401767492294
v -0.5623215436935425 0.28726130723953247 0.08146074414253235
v -0.5925411581993103 0.28110671043395996 0.08483339846134186
v -0.5299813747406006 0.7470536828041077 -0.035447631031274796
v -0.525070071220398 0.7250121831893921 -0.04155596345663071
v -0.4856913685798645 0.7195366621017456 -0.03684962913393974
v -0.2493022084236145 -0.7091367840766907 0.14015616476535797
v -0.24607059359550476 -0.7001848220825195 0.12019352614879608
v -0.22301076352596283 -0.6984411478042603 0.12384393811225891
v 0.4705939292907715 -0.5106824636459351 0.03305291384458542
v 0.44885003566741943 -0.497304230928421 0.0037150580901652575
v 0.46880608797073364 -0.5222399234771729 0.030685393139719963
v 0.24884390830993652 0.487900048494339 0.2612903118133545
v 0.24175028502941132 0.49957209825515747 0.2693847417831421
v 0.2601831555366516 0.5147954821586609 0.24994884431362152
v -0.49869927763938904 -0.21707028150558472 -0.06888118386268616
v -0.49865078926086426 -0.2331952154636383 -0.08773954957723618
v -0.5088062882423401 -0.24367251992225647 -0.07050582021474838
v 0.4589085876941681 0.5198831558227539 0.02826058678328991
v 0.46940577030181885 0.48439955711364746 0.023276563733816147
v 0.4882618188858032 0.5179036855697632 0.015354127623140812
v 0.2204054296016693 -0.7848280072212219 -0.22630569338798523
v 0.22568048536777496 -0.7986536622047424 -0.22610072791576385
v 0.2008858323097229 -0.7910332083702087 -0.23115091025829315
v -0.7855088710784912 0.789309024810791 0.016456229612231255
v -0.7541033029556274 0.8009282946586609 0.014743425883352757
v -0.7713127136230469 0.7871288657188416 0.0030073903035372496
v 0.6319509148597717 0.2716764509677887 -0.00468800263479352
v 0.6206734776496887 0.26130712032318115 -0.018853245303034782
v 0.6102092862129211 0.2660905122756958 -0.012714038603007793
v -0.31193697452545166 -0.9053536653518677 0.12504537403583527
v -0.3276033401489258 -0.8997325301170349 0.091699980199337
v -0.3005051016807556 -0.9115522503852844 0.10074659436941147
v -0.3629193902015686 -0.2761956751346588 -0.16748671233654022
v -0.3289502263069153 -0.2520182430744171 -0.16836845874786377
v -0.3493559658527374 -0.2921706736087799 -0.16212348639965057
v -0.24767538905143738 0.3991480767726898 -0.324432909488678
v -0.2877616882324219 0.4058536887168884 -0.30926910042762756
v -0.28310608863830566 0.35457801818847656 -0.2994905114173889
v 0.1109301894903183 0.009084056131541729 -0.2726898491382599
v 0.13071440160274506 -0.03089870512485504 -0.28163957595825195
v 0.09213363379240036 -0.015917858108878136 -0.2816351652145386
v -0.3260580599308014 -0.2972252666950226 -0.052494000643491745
v -0.3278171718120575 -0.3231970965862274 -0.08223305642604828
v -0.32513004541397095 -0.34133899211883545 -0.025439836084842682
v 0.22250832617282867 0.6200515031814575 0.22636443376541138
v 0.2179718166589737 0.6242993474006653 0.21903495490550995
v 0.20235174894332886 0.6315737962722778 0.23356159031391144
v 0.3827654719352722 -0.5495762228965759 -0.05403481423854828
v 0.43017473816871643 -0.5219754576683044 -0.048680465668439865
v 0.4229641854763031 -0.5276274085044861 -0.041077569127082825
v -0.3476454019546509 -0.7415143847465515 -0.003665129654109478
v -0.3494022786617279 -0.7643097043037415 0.011514117941260338
v -0.3475925326347351 -0.7451140880584717 0.035195492208004
v 0.24017636477947235 -0.6299142241477966 -0.22795458137989044
v 0.23981477320194244 -0.6656909584999084 -0.20408794283866882
v 0.21783293783664703 -0.6590470671653748 -0.22181104123592377
v 0.4689934551715851 -0.4758733808994293 0.01654885895550251
v 0.47730177640914917 -0.4737064838409424 0.015969034284353256
v 0.4815693497657776 -0.5259851217269897 0.044471509754657745
v -0.07176953554153442 0.5632870197296143 0.3249698877334595
v -0.058481648564338684 0.5326529741287231 0.3262617290019989
v -0.05689005181193352 0.5579215884208679 0.3193466365337372
v 0.029714880511164665 -0.33435776829719543 0.16631753742694855
v 0.0582701750099659 -0.33113721013069153 0.1627575159072876
v 0.03329697251319885 -0.3100282549858093 0.1768103539943695
v -0.3835015296936035 -0.053621262311935425 -0.07062046229839325
v -0.3752814829349518 -0.05243309959769249 -0.09352374076843262
v -0.40425118803977966 -0.08037342131137848 -0.07735919952392578
v -0.16179344058036804 0.8052995204925537 0.11586198210716248
v -0.1555793434381485 0.8262761831283569 0.0972968116402626
v -0.19420194625854492 0.8112534284591675 0.0977267175912857
v -0.4969843029975891 0.5174892544746399 -0.051358722150325775
v -0.4668022096157074 0.52923184633255 -0.0471506230533123
v -0.4658410847187042 0.49669110774993896 -0.04320701211690903
v -0.058038536459207535 0.06576697528362274 0.0871502012014389
v -0.08460990339517593 0.06041032448410988 0.08723390102386475
v -0.08014388382434845 0.04180113598704338 0.10213985294103622
v 0.29837146401405334 -0.07112611830234528 -0.021937105804681778
v 0.3145779073238373 -0.08754200488328934 -0.022073816508054733
v 0.30678555369377136 -0.10017517954111099 -0.021881986409425735
v 0.44799479842185974 0.5856899619102478 0.03954910859465599
v 0.41904929280281067 0.5641798377037048 0.040512461215257645
v 0.44198790192604065 0.5513151288032532 0.036451976746320724
v -0.3210034668445587 0.18216608464717865 -0.04489333927631378
v -0.29649099707603455 0.15968823432922363 -0.03149745240807533
v -0.29347097873687744 0.15875576436519623 -0.07319511473178864
v -0.030869800597429276 0.02245340310037136 0.11662904173135757
v -0.06092846393585205 0.018741367384791374 0.11752630025148392
v -0.05392739921808243 0.048083558678627014 0.10091201215982437
v -0.308511346578598 -0.7008373141288757 0.06847255676984787
v -0.31168344616889954 -0.695566713809967 0.04360958933830261
v -0.3253857493400574 -0.7078759074211121 0.05885059013962746
v -0.3422425091266632 -0.15760761499404907 1.169372808362823e-05
v -0.3168923556804657 -0.12928159534931183 -0.005137619562447071
v -0.336742639541626 -0.12190356850624084 -0.0011808037525042892
v 0.6356146335601807 0.7794201970100403 -0.05910930037498474
v 0.6163992285728455 0.7976568937301636 -0.04436206445097923
v 0.6526278257369995 0.7945356369018555 -0.05058279633522034
v -0.4750310182571411 0.456249862909317 0.07883753627538681
v 0.08438962697982788 0.4014427959918976 0.3058757483959198
v 0.07114812731742859 0.4172810912132263 0.3174530565738678
v 0.0733657255768776 0.3952309191226959 0.32102635502815247
v 0.19678567349910736 -0.9423317909240723 0.1193007305264473
v 0.1991642266511917 -0.9429578185081482 0.1466788947582245
v 0.1689908653497696 -0.9410665035247803 0.13220731914043427
v -0.1960778683423996 0.6134054064750671 0.2944681644439697
v -0.2105252742767334 0.6189846396446228 0.2777348458766937
v -0.21943090856075287 0.6002431511878967 0.28971776366233826
v -0.5520139932632446 0.7132916450500488 0.07799769192934036
v -0.5261480212211609 0.725197434425354 0.07629145681858063
v -0.5205157995223999 0.7021750211715698 0.07792489975690842
v -0.5767006278038025 0.37860560417175293 0.07942169904708862
v -0.5414506793022156 0.38997796177864075 0.08153116703033447
v -0.5509911775588989 0.3679827153682709 0.08770125359296799
v 0.37916356325149536 -0.24487389624118805 -0.015319637954235077
v 0.3967984914779663 -0.28332680463790894 -0.01161410566419363
v 0.40084123611450195 -0.23823218047618866 -0.012427477166056633
v 0.3947175145149231 -0.3415946960449219 -0.02111046388745308
v 0.43006449937820435 -0.3488426208496094 -0.011254752986133099
v 0.41833069920539856 -0.33472147583961487 -0.012905868701636791
v -0.0893162339925766 -0.9312658905982971 0.102732814848423
v -0.05997838079929352 -0.926407516002655 0.11479509621858597
v -0.0997626781463623 -0.9327075481414795 0.13859117031097412
v -0.3476850986480713 -0.7564247250556946 -0.06661069393157959
v -0.34815019369125366 -0.7858176827430725 -0.09179996699094772
v -0.34611114859580994 -0.7579060792922974 -0.10054024308919907
v 0.31340524554252625 -0.8335421085357666 0.23700270056724548
v 0.31474989652633667 -0.813962996006012 0.22908014059066772
v 0.29364535212516785 -0.8094572424888611 0.2430315464735031
v 0.43252018094062805 -0.39654064178466797 -0.13906805217266083
v 0.43230628967285156 -0.4222522974014282 -0.127534881234169
v 0.4475957751274109 -0.4092708230018616 -0.12494255602359772
v -0.40669360756874084 0.42852771282196045 -0.2013743370771408
v -0.384072482585907 0.3742343783378601 -0.21751031279563904
v -0.4047846496105194 0.37636369466781616 -0.18068425357341766
v -0.945977509021759 0.5773530006408691 0.07894987612962723
v -0.9291516542434692 0.580902099609375 0.08508028090000153
v -0.94151371717453 0.6018105149269104 0.07543400675058365
v -0.013488386757671833 0.13329312205314636 -0.25380513072013855
v -0.016680315136909485 0.15055780112743378 -0.2693480849266052
v -0.04207015782594681 0.13326671719551086 -0.252162903547287
v 0.4892626404762268 -0.45532435178756714 -0.07862009108066559
v 0.47142496705055237 -0.4461938440799713 -0.0979875922203064
v 0.4772355556488037 -0.40978002548217773 -0.10104727745056152
v 0.46100717782974243 0.3580256998538971 0.017022782936692238
v 0.49665161967277527 0.34594133496284485 0.018292538821697235
v 0.48200148344039917 0.3685867190361023 0.022447753697633743
v -0.4135315418243408 0.5426167249679565 0.08109035342931747
v -0.4274234473705292 0.5543462038040161 0.08024603873491287
v -0.42451366782188416 0.5225438475608826 0.08176925033330917
v -0.7490530610084534 0.5454515814781189 0.0422583743929863
v -0.7729814648628235 0.5204563140869141 0.049684811383485794
v -0.7420057058334351 0.49273863434791565 0.04107678309082985
v -0.4993098974227905 -0.4054153859615326 -0.01442027185112238
v -0.4759833514690399 -0.3528633713722229 -0.009757956489920616
v -0.511918842792511 -0.3928350806236267 -0.010723542422056198
v 0.07961727678775787 0.17809902131557465 0.19075728952884674
v 0.036592498421669006 0.16969597339630127 0.19351057708263397
v 0.06196250393986702 0.17795580625534058 0.2010582834482193
v -0.16577233374118805 0.8102108836174011 -0.27151718735694885
v -0.2115723192691803 0.7965922355651855 -0.25868338346481323
v -0.2046506255865097 0.7709753513336182 -0.2855258882045746
v 0.41840335726737976 -0.20335695147514343 -0.021767349913716316
v 0.42989474534988403 -0.2535701394081116 -0.012905868701636791
v 0.44127365946769714 -0.23410561680793762 -0.021410295739769936
v -0.7004292011260986 0.4698948562145233 0.036081720143556595
v -0.6849038600921631 0.4288099408149719 0.04722032696008682
v -0.7225125432014465 0.44428232312202454 0.047255538403987885
v -0.32016804814338684 0.7849047183990479 -0.11136364191770554
v -0.29526978731155396 0.8086236715316772 -0.10850899666547775
v -0.3185037076473236 0.7902106642723083 -0.08608844131231308
v -0.4309459924697876 0.7528973817825317 0.038797423243522644
v -0.45075663924217224 0.7693639993667603 0.036251477897167206
v -0.44571301341056824 0.7485681176185608 0.05035056546330452
v 0.2828748822212219 0.017046170309185982 -0.059182025492191315
v 0.29218167066574097 0.012309028767049313 -0.07503136247396469
v 0.27239087224006653 0.024113386869430542 -0.08139538019895554
v 0.38681715726852417 0.33096495270729065 -0.03767843917012215
v 0.3643414080142975 0.28274014592170715 -0.027772078290581703
v 0.36322829127311707 0.29671141505241394 0.018541522324085236
v 0.3281612992286682 0.31099995970726013 -0.22521673142910004
v 0.2900213301181793 0.2705455720424652 -0.24001245200634003
v 0.3028309643268585 0.3127524256706238 -0.2553173005580902
v 0.37419936060905457 -0.5469706654548645 -0.05494081228971481
v 0.3805214762687683 -0.551128089427948 -0.06157595291733742
v -0.3083835244178772 -0.7084401845932007 0.09127664566040039
v -0.20718567073345184 0.12922173738479614 -0.17379561066627502
v -0.20748983323574066 0.11419674754142761 -0.1342185139656067
v -0.21373264491558075 0.11757386475801468 -0.13529203832149506
v 0.2774233818054199 -0.4262399971485138 0.08662109076976776
v 0.2560124397277832 -0.45543017983436584 0.09795375913381577
v 0.2607364356517792 -0.3982335925102234 0.10040931403636932
v 0.0073935240507125854 0.20415239036083221 0.2395244687795639
v 0.028797907754778862 0.19358691573143005 0.22921901941299438
v -0.19566123187541962 -0.622093141078949 0.09539441019296646
v -0.21025855839252472 -0.6389808058738708 0.07746635377407074
v -0.22655756771564484 -0.6022847294807434 0.0897049531340599
v -0.2844308912754059 -0.9150924682617188 0.07178569585084915
v -0.3115577697753906 -0.9067489504814148 0.07124121487140656
v 0.9699656367301941 0.6584845781326294 -0.031874410808086395
v 0.9503688216209412 0.6884661316871643 -0.03218081220984459
v 0.959367036819458 0.6765096187591553 -0.019494693726301193
v -0.3436422646045685 0.7492602467536926 -0.14185437560081482
v -0.31920915842056274 0.7670163512229919 -0.16725526750087738
v -0.33838048577308655 0.7362037301063538 -0.18171146512031555
v -0.20034556090831757 0.013338470831513405 0.06313588470220566
v -0.19647690653800964 0.046886593103408813 0.03900685906410217
v -0.22870245575904846 0.02115066908299923 0.041552938520908356
v 0.26785436272621155 -0.5414311289787292 0.06988776475191116
v 0.28703445196151733 -0.5578470230102539 0.043400153517723083
v 0.2895871102809906 -0.5252048373222351 0.05276210233569145
v 0.3039242625236511 -0.8799130916595459 -0.1297546625137329
v 0.30622780323028564 -0.8625427484512329 -0.1518467366695404
v 0.31937023997306824 -0.8699471354484558 -0.13035202026367188
v -0.151141956448555 -0.8217024803161621 -0.2337321937084198
v -0.1383434385061264 -0.8333635926246643 -0.22227393090724945
v -0.11652905493974686 -0.8186163902282715 -0.22843514382839203
v 0.7226009964942932 0.27935200929641724 -0.06785620748996735
v 0.69217848777771 0.274376779794693 -0.06533659994602203
v -0.40694713592529297 0.7196843028068542 0.04843712970614433
v -0.40617120265960693 0.7347973585128784 0.03517131879925728
v -0.07703571766614914 -0.8829683065414429 -0.12406960129737854
v -0.07778739929199219 -0.8953413963317871 -0.0900254175066948
v -0.10527357459068298 -0.8855937719345093 -0.12801320850849152
v 0.316039502620697 -0.7919811010360718 0.21437270939350128
v 0.3110201358795166 -0.7691439390182495 0.19573920965194702
v 0.4683608114719391 0.5607210993766785 -0.08965732157230377
v 0.47680801153182983 0.5279598832130432 -0.09359870105981827
v 0.4487089216709137 0.5318395495414734 -0.08545579761266708
v -0.06883552670478821 -0.1992282122373581 0.18473948538303375
v -0.03731094300746918 -0.17004020512104034 0.18160924315452576
v -0.035615745931863785 -0.20282350480556488 0.18652060627937317
v -0.5274330973625183 0.5443382859230042 -0.05752210691571236
v -0.4935521185398102 0.5546415448188782 -0.053589530289173126
v 0.14066708087921143 -0.7553313970565796 0.22868557274341583
v 0.15095479786396027 -0.7384504079818726 0.2084936499595642
v 0.12891776859760284 -0.7382321357727051 0.2031458169221878
v -0.049582589417696 -0.8469380140304565 -0.16799373924732208
v -0.02920331247150898 -0.8415616154670715 -0.15274393558502197
v -0.03674878925085068 -0.8547459244728088 -0.14657391607761383
v 0.3418128490447998 -0.2028212696313858 -0.023021666333079338
v 0.3627564609050751 -0.22108662128448486 -0.018668051809072495
v 0.3493165671825409 -0.186564102768898 -0.02034774422645569
v 0.968387246131897 0.4221857488155365 -0.030613457784056664
v 0.9847789406776428 0.45686042308807373 -0.03253786265850067
v 0.9675341248512268 0.43301138281822205 -0.019386690109968185
v 0.261027455329895 -0.9406101703643799 0.15795637667179108
v 0.28940197825431824 -0.9345040917396545 0.16469302773475647
v 0.2560212314128876 -0.9356040954589844 0.19586928188800812
v -0.7293989658355713 0.5820857882499695 0.04231119155883789
v -0.7668864130973816 0.5888795852661133 0.05598260834813118
v 0.16548588871955872 -0.8809733986854553 -0.15941652655601501
v 0.14506037533283234 -0.8668301701545715 -0.1816321164369583
v 0.1718609482049942 -0.8696738481521606 -0.18136315047740936
v -0.2910461723804474 0.022810522466897964 -0.0519186407327652
v -0.31402888894081116 0.0012960329186171293 -0.039746128022670746
v -0.29590460658073425 0.006028708070516586 -0.036274272948503494
v 0.27439025044441223 -0.696615993976593 0.04265070706605911
v 0.24147029221057892 -0.6882350444793701 0.039308927953243256
v 0.2552938461303711 -0.6941580772399902 0.05792245268821716
v 0.10750024765729904 0.8160964846611023 0.09785232692956924
v 0.11824861913919449 0.8323624730110168 0.07751929759979248
v 0.0703236535191536 0.8414620161056519 0.08485323935747147
v -0.9186941385269165 0.3447994291782379 0.052929624915122986
v -0.9345037937164307 0.364901065826416 0.05206770449876785
v -0.9163244962692261 0.3529159128665924 0.037159647792577744
v 0.5026871562004089 0.680486261844635 0.04640255123376846
v 0.5230158567428589 0.6644430160522461 0.0409577414393425
v 0.533142626285553 0.6895749568939209 0.04553839936852455
v 0.1471015214920044 0.6653070449829102 0.21841111779212952
v 0.16312730312347412 0.6862397193908691 0.19336512684822083
v 0.17301823198795319 0.6612995266914368 0.20657141506671906
v 0.18608130514621735 0.8580564856529236 -0.03052312694489956
v 0.1387205272912979 0.8786430954933167 -0.0242693480104208
v 0.14041349291801453 0.8840834498405457 -0.0704573392868042
v 0.44266247749328613 0.3397272527217865 -0.0010486252140253782
v 0.4373696744441986 0.35664570331573486 0.008399249985814095
v 0.4773811399936676 0.3312646746635437 0.008844531141221523
v -0.32602062821388245 -0.39125677943229675 -0.03463202714920044
v -0.3222026824951172 -0.3865548372268677 0.014335722662508488
v -0.12940692901611328 -0.7812745571136475 -0.24205806851387024
v -0.13453207910060883 -0.7677330374717712 -0.24195224046707153
v -0.1539899706840515 -0.773733377456665 -0.24723608791828156
v 0.6459133625030518 0.2582319378852844 -0.04270220920443535
v 0.6204595565795898 0.25802698731422424 -0.03180161863565445
v 0.6432241201400757 0.25731274485588074 -0.026943203061819077
v 0.7120552062988281 0.2912731468677521 -0.07672872394323349
v 0.6928464770317078 0.30699464678764343 -0.08560787886381149
v 0.7279619574546814 0.3128053843975067 -0.08710907399654388
v -0.8198461532592773 0.7739490270614624 0.029437711462378502
v -0.7997907996177673 0.7833154201507568 0.033370353281497955
v 0.6096340417861938 0.5452949404716492 -0.115805484354496
v 0.5745912194252014 0.5646228790283203 -0.11053259670734406
v 0.6115760207176208 0.5865386128425598 -0.11273036152124405
v 0.24424117803573608 -0.6643264889717102 0.02138296701014042
v 0.2727017402648926 -0.6633939743041992 -0.02048662304878235
v 0.28678980469703674 -0.1171245127916336 0.030683159828186035
v 0.2636793255805969 -0.10921751707792282 0.05111328512430191
v 0.28099891543388367 -0.13849137723445892 0.04738351330161095
v -0.7904620170593262 0.3788304030895233 -0.02261166274547577
v -0.772935152053833 0.40865546464920044 -0.03371945768594742
v -0.7584657073020935 0.38099953532218933 -0.028389284387230873
v 0.49376168847084045 -0.47428184747695923 -0.005737284664064646
v 0.5011639595031738 -0.47214359045028687 -0.015674522146582603
v 0.49730411171913147 -0.4541780948638916 0.0018678430933505297
v -0.2328047901391983 -0.18859434127807617 0.129414364695549
v -0.26165544986724854 -0.1840621680021286 0.11460326611995697
v -0.23390695452690125 -0.16037632524967194 0.12285864353179932
v 0.19613541662693024 -0.4769182503223419 -0.2846662104129791
v 0.1945328563451767 -0.4242648780345917 -0.29162535071372986
v 0.22389277815818787 -0.44851288199424744 -0.28422972559928894
v 0.31767070293426514 -0.5003859400749207 -0.09297046065330505
v 0.31906384229660034 -0.48624709248542786 -0.059232741594314575
v 0.3157220482826233 -0.5364227890968323 -0.05502680689096451
v 0.13844066858291626 -0.9375813603401184 0.1268860101699829
v 0.1304454356431961 -0.9349934458732605 0.09762752056121826
v 0.16477836668491364 -0.9391310811042786 0.10090531408786774
v -0.4197809398174286 0.3603535294532776 0.02063128352165222
v -0.4335824251174927 0.3680313229560852 0.006104520056396723
v -0.45658496022224426 0.33931729197502136 0.013623587787151337
v -0.2682575285434723 -0.920667290687561 0.129850834608078
v -0.2599668800830841 -0.9208811521530151 0.1542288362979889
v -0.28240951895713806 -0.9141666293144226 0.15135875344276428
v 0.40092727541923523 -0.46914350986480713 -0.04587870091199875
v 0.3947175145149231 -0.48558804392814636 -0.056735143065452576
v 0.4013570547103882 -0.4839766025543213 -0.04372284933924675
v -0.4730052649974823 0.705113410949707 0.07424584776163101
v -0.4709838330745697 0.6732009649276733 0.07759419083595276
v -0.451858788728714 0.6756742596626282 0.07619449496269226
v 0.7408156394958496 0.6832152605056763 0.030817704275250435
v 0.718659520149231 0.6723521947860718 0.023073695600032806
v 0.7485660314559937 0.65384441614151 0.017225518822669983
v -0.76798415184021 0.774513304233551 -0.008876328356564045
v -0.7892319560050964 0.7685726284980774 -0.005069296807050705
v 0.35440200567245483 0.2641506791114807 -0.07417391240596771
v 0.3772347569465637 0.30983832478523254 -0.0867541953921318
v 0.9678163528442383 0.6119372844696045 0.002716492395848036
v 0.9786728620529175 0.624753475189209 -0.009407538920640945
v 0.9509793519973755 0.6457896828651428 0.0074491677805781364
v 0.3533746898174286 -0.8288865089416504 0.14485585689544678
v 0.35205209255218506 -0.8591700196266174 0.150106742978096
v 0.3538839519023895 -0.8566967248916626 0.12290935963392258
v -0.4624353051185608 -0.44862088561058044 -0.09713231027126312
v -0.45034000277519226 -0.43971747159957886 -0.0906514897942543
v -0.4137674570083618 -0.39137139916419983 -0.10688658803701401
v -0.34493404626846313 0.41002875566482544 -0.2738140821456909
v -0.32277795672416687 0.41579756140708923 -0.2913299798965454
v -0.31677553057670593 0.3679916262626648 -0.28352874517440796
v 0.10467417538166046 0.804673433303833 -0.29138725996017456
v 0.09296901524066925 0.776682436466217 -0.314268559217453
v 0.10785289853811264 0.7646003365516663 0.13437853753566742
v 0.13699458539485931 0.7515240907669067 0.13430364429950714
v 0.13868755102157593 0.7413752675056458 0.14965476095676422
v 0.02121485397219658 -0.7509182691574097 0.12098265439271927
v 0.013596586883068085 -0.7695958018302917 0.11143124103546143
v 0.020121555775403976 -0.7758407592773438 0.15247201919555664
v 0.17509038746356964 0.04567635804414749 0.03975420817732811
v 0.14464595913887024 0.06609544903039932 0.04159262031316757
v 0.16596205532550812 0.03937632963061333 0.05785412713885307
v -0.940069854259491 0.40358105301856995 0.02421114221215248
v -0.9585599899291992 0.40840187668800354 0.041711658239364624
v -0.9594550132751465 0.42693182826042175 0.031844913959503174
v -0.9445755481719971 0.6540273427963257 0.03462906926870346
v -0.9659247994422913 0.608313262462616 0.03516251593828201
v -0.9539374709129333 0.6365224719047546 0.04270799085497856
v -0.19516970217227936 0.773532509803772 0.13097724318504333
v -0.22537387907505035 0.7807539701461792 0.11228646337985992
v -0.2299986183643341 0.7579079866409302 0.12896473705768585
v -0.6247403025627136 0.266798198223114 0.08050842583179474
v -0.6264553070068359 0.28300240635871887 0.09013039618730545
v -0.9362166523933411 0.3729756772518158 0.041067980229854584
v -0.9435240626335144 0.3918251693248749 0.0348428413271904
v -0.9494560360908508 0.388516366481781 0.049700185656547546
v 0.14722055196762085 0.5980629920959473 0.28917986154556274
v 0.12374861538410187 0.5915160775184631 0.29664164781570435
v 0.14645126461982727 0.5757483243942261 0.29918548464775085
v 0.04859079048037529 0.6100636124610901 0.27697211503982544
v 0.03650433570146561 0.5816846489906311 0.2890542447566986
v 0.060514189302921295 0.5945867896080017 0.2876478433609009
v -0.04508792981505394 -0.8844650983810425 0.20523333549499512
v -0.030536923557519913 -0.8967808485031128 0.17277194559574127
v -0.02588571049273014 -0.882240891456604 0.1804078221321106
v 0.22529470920562744 -0.14051498472690582 0.10936355590820312
v 0.23961427807807922 -0.1419522613286972 0.09422832727432251
v 0.22779887914657593 -0.10861127823591232 0.09939970821142197
v -0.35036781430244446 0.5523777008056641 0.1599845290184021
v -0.31785786151885986 0.5961518883705139 0.16936618089675903
v -0.34615084528923035 0.6034328937530518 0.1465422511100769
v 0.09347381442785263 -0.8928549289703369 0.2429192066192627
v 0.09653573483228683 -0.8783612251281738 0.25420325994491577
v 0.07173661887645721 -0.8730729222297668 0.2399652898311615
v 0.8894842863082886 0.35012295842170715 -0.009802103042602539
v 0.918266773223877 0.3699953258037567 -0.015286527574062347
v 0.9115102887153625 0.3796393871307373 -0.005311843007802963
v 0.42900851368904114 0.7314621210098267 -0.020072218030691147
v 0.40538010001182556 0.7076594829559326 -0.02042933739721775
v 0.41974592208862305 0.729749321937561 -0.007159058004617691
v -0.2944828271865845 -0.3389825224876404 0.10333234816789627
v -0.2733451724052429 -0.33260971307754517 0.12320682406425476
v -0.18599072098731995 -0.21077682077884674 -0.27243199944496155
v -0.22396965324878693 -0.16905932128429413 -0.26105964183807373
v -0.1789301335811615 -0.15885089337825775 -0.272026389837265
v 0.18474769592285156 -0.8562514185905457 0.28484174609184265
v 0.212385892868042 -0.8403690457344055 0.283369243144989
v 0.174338698387146 -0.830879271030426 0.28235742449760437
v 0.21766318380832672 0.7327737808227539 0.1113717257976532
v 0.25079479813575745 0.7186504006385803 0.10031234472990036
v 0.2284403294324875 0.6952533721923828 0.12735113501548767
v 0.35225048661231995 -0.7944676280021667 0.13615086674690247
v 0.34816136956214905 -0.7657866477966309 0.12018025666475296
v 0.3452010154724121 -0.7718486785888672 0.14254575967788696
v 0.23368003964424133 0.8177849650382996 -0.16830013692378998
v 0.2181636393070221 0.8093489408493042 -0.21103164553642273
v 0.19413381814956665 0.8431308269500732 -0.17092551290988922
v -0.44642284512519836 -0.515618085861206 -0.08095889538526535
v -0.47529336810112 -0.4845254719257355 -0.06135331094264984
v -0.48107320070266724 -0.48841622471809387 -0.06934413313865662
v 0.024140125140547752 -0.28928738832473755 0.18375182151794434
v 0.058197516947984695 -0.27810248732566833 0.18078044056892395
v 0.03227856382727623 -0.2590104937553406 0.1861502230167389
v -9.690027218312025e-05 -0.20914560556411743 0.18664845824241638
v -0.00032170891063287854 -0.17647917568683624 0.18203245103359222
v -0.18707303702831268 -0.7329902052879333 0.19661873579025269
v -0.210697203874588 -0.7320577502250671 0.19267728924751282
v -0.19648130238056183 -0.7507485151290894 0.21799881756305695
v -0.08522053807973862 -0.7532989382743835 -0.21493782103061676
v -0.06965112686157227 -0.7725430130958557 -0.21087299287319183
v -0.09721443057060242 -0.7724086046218872 -0.2284439355134964
v -0.35023990273475647 -0.8505157232284546 -0.008327379822731018
v -0.35050663352012634 -0.8610547780990601 0.045807354152202606
v -0.35085275769233704 -0.8356561660766602 0.013021820224821568
v -0.1798008531332016 -0.9238945245742798 0.20639508962631226
v -0.15489158034324646 -0.9263502359390259 0.20093266665935516
v -0.16906562447547913 -0.9170543551445007 0.2231437861919403
v -0.16698913276195526 0.6816965341567993 0.2173749804496765
v -0.1767985224723816 0.6605302095413208 0.22803965210914612
v -0.14834466576576233 0.6667774319648743 0.23612317442893982
v 0.13436691462993622 0.20630167424678802 0.20057332515716553
v 0.10808217525482178 0.20518407225608826 0.21551238000392914
v 0.12028989940881729 0.18921779096126556 0.18487167358398438
v -0.3121353089809418 -0.26495563983917236 -0.22206231951713562
v -0.31346672773361206 -0.30223584175109863 -0.21971464157104492
v -0.3212856352329254 -0.28656938672065735 -0.2081880420446396
v -0.8295894861221313 0.7469236254692078 -0.0015798357781022787
v -0.8551313281059265 0.7275450229644775 -0.0005768029950559139
v -0.8308238983154297 0.7291365265846252 -0.0114333126693964
v -0.2454489916563034 0.14813509583473206 -0.1648634970188141
v 0.22636817395687103 0.15038134157657623 -0.16060468554496765
v 0.21296125650405884 0.15913929045200348 -0.1957135945558548
v 0.24689526855945587 0.17511212825775146 -0.17959746718406677
v 0.8693408370018005 0.3885384500026703 -0.09077269583940506
v 0.8924778699874878 0.38129937648773193 -0.08050698041915894
v 0.9043130874633789 0.40425992012023926 -0.08342338353395462
v -0.4818844199180603 -0.3839162588119507 -0.1232055127620697
v -0.4636499583721161 -0.3821108937263489 -0.12659360468387604
v -0.4927078187465668 -0.41219380497932434 -0.11919797956943512
v -0.5501226186752319 0.7797267436981201 0.061213646084070206
v -0.5736299157142639 0.7597089409828186 0.0729672834277153
v -0.5354548096656799 0.7632579207420349 0.06685895472764969
v -0.4052167236804962 -0.37110230326652527 -0.05187232792377472
v -0.38826075196266174 -0.34218764305114746 -0.038366202265024185
v -0.40945568680763245 -0.35722586512565613 -0.036481477320194244
v 0.6618046164512634 0.743480384349823 0.04533343017101288
v 0.658592939376831 0.7674550414085388 0.04207088053226471
v 0.6361965537071228 0.7559834718704224 0.04483086243271828
v -0.3425092399120331 -0.7479621767997742 -0.12473752349615097
v -0.33126920461654663 -0.729035496711731 -0.14568334817886353
v -0.3374215364456177 -0.7514891624450684 -0.15228985249996185
v 0.6416810750961304 0.710941731929779 -0.08964411914348602
v 0.6795254945755005 0.7043089270591736 -0.09351717680692673
v 0.640376091003418 0.6850141286849976 -0.0971807911992073
v -0.0921245664358139 -0.4276176989078522 0.1671663075685501
v -0.08186548948287964 -0.4807604253292084 0.16235414147377014
v -0.1243964359164238 -0.4745287299156189 0.15904323756694794
v -0.33666104078292847 -0.7062138319015503 -0.04317173361778259
v -0.3400447368621826 -0.7189021110534668 -0.0819486603140831
v -0.34179940819740295 -0.7172818779945374 -0.045010145753622055
v -0.017762642353773117 0.19458770751953125 0.23342061042785645
v 0.005171518307179213 0.1936177909374237 0.23213759064674377
v 0.0024690190330147743 0.17866334319114685 0.2158804088830948
v 0.28572502732276917 -0.7464896440505981 -0.17399176955223083
v 0.3132862150669098 -0.7659983038902283 -0.16412949562072754
v 0.289018452167511 -0.767717719078064 -0.1867748498916626
v 0.45437419414520264 -0.2261258214712143 -0.03468714654445648
v 0.4210067391395569 -0.1803015172481537 -0.032233696430921555
v -0.1882854402065277 0.5647110342979431 -0.34961768984794617
v -0.2249925136566162 0.6096249222755432 -0.3364223837852478
v -0.17982950806617737 0.6144855618476868 -0.34770873188972473
v -0.647383451461792 0.25436776876449585 0.03637485206127167
v -0.6553060412406921 0.262947142124176 0.0247116070240736
v -0.6228710412979126 0.26580843329429626 0.024039283394813538
v 0.12641583383083344 -0.012523194774985313 0.11263477802276611
v 0.15298056602478027 0.0032379801850765944 0.09460751712322235
v 0.14984165132045746 -0.01878354325890541 0.10771027207374573
v -0.7052436470985413 0.40578314661979675 0.05995939299464226
v -0.7224199771881104 0.38621729612350464 0.07271593809127808
v -0.6930909156799316 0.3731542229652405 0.07571833580732346
v 0.3774574398994446 -0.15269631147384644 -0.0231914222240448
v 0.38623732328414917 -0.1358814537525177 -0.030613457784056664
v 0.40412360429763794 -0.1793999820947647 -0.024145906791090965
v -0.5691352486610413 -0.37445735931396484 -0.02584983967244625
v -0.5526531934738159 -0.3588261902332306 -0.04100484773516655
v -0.5618586540222168 -0.3820424973964691 -0.04337676614522934
v 0.1106921061873436 0.4581213891506195 0.3108002543449402
v 0.09406677633523941 0.47864386439323425 0.31439560651779175
v 0.12034061551094055 0.4741603136062622 0.31600475311279297
v 0.27804288268089294 -0.5697527527809143 -0.22967618703842163
v 0.2615828514099121 -0.5966437458992004 -0.23093484342098236
v 0.2794955372810364 -0.5997761487960815 -0.21195092797279358
v -0.0838339775800705 0.006251414306461811 -0.2679416835308075
v -0.10229995101690292 -0.021951230242848396 -0.271190881729126
v -0.13078469038009644 0.001694933627732098 -0.2602396607398987
v -0.34376347064971924 0.21318139135837555 0.011917485855519772
v -0.3199850618839264 0.19147731363773346 0.030542178079485893
v -0.3361121714115143 0.21719563007354736 0.05212722346186638
v -0.6902384757995605 0.255582332611084 0.07556841522455215
v -0.7103577256202698 0.26887020468711853 0.08649101853370667
v -0.7213134169578552 0.25623926520347595 0.07481227070093155
v 0.08926355093717575 -0.8982643485069275 -0.07744073122739792
v 0.09170596301555634 -0.8910914063453674 -0.10307088494300842
v 0.1159517914056778 -0.9015841484069824 -0.0829252153635025
v 0.34354984760284424 -0.7415540814399719 -0.06463117152452469
v 0.34937816858291626 -0.7509645223617554 -0.04743054881691933
v 0.346100389957428 -0.7396715879440308 -0.03709651157259941
v -0.321982204914093 0.1872648000717163 0.005134597886353731
v -0.3220880329608917 0.1842910498380661 -0.020206697285175323
v -0.34456148743629456 0.20819079875946045 -0.032504819333553314
v -0.5098335146903992 -0.247968852519989 -0.03611995652318001
v -0.5074461698532104 -0.23239721357822418 -0.05026095733046532
v -0.5144317746162415 -0.2548288106918335 -0.05501800402998924
v 0.3023900091648102 -0.5894752144813538 -0.01300723571330309
v 0.2997690439224243 -0.5697373747825623 0.012411249801516533
v 0.29059237241744995 -0.590775728225708 0.01715509407222271
v 0.3817669153213501 -0.1909375637769699 -0.17893394827842712
v 0.35475242137908936 -0.17678998410701752 -0.18950389325618744
v 0.3679697513580322 -0.1673465073108673 -0.17932410538196564
v 0.3471055328845978 -0.791683554649353 -0.1109999567270279
v 0.3510138690471649 -0.8119768500328064 -0.09456422179937363
v 0.34513479471206665 -0.8090957403182983 -0.12221574783325195
v -0.22935710847377777 -0.06080968677997589 0.09108047932386398
v -0.24645419418811798 -0.07916318625211716 0.09015246480703354
v -0.22333043813705444 -0.0361318476498127 0.08200956135988235
v -0.10834869742393494 -0.7042121887207031 -0.20789043605327606
v -0.09326641261577606 -0.7235004305839539 -0.19926920533180237
v -0.13039229810237885 -0.705598771572113 -0.19981808960437775
v -0.7488480806350708 0.3218674957752228 0.09874512255191803
v -0.8094834685325623 0.35396742820739746 0.09928737580776215
v -0.7988959550857544 0.3270212709903717 0.09899634122848511
v 0.4139462113380432 -0.13482552766799927 -0.1044706478714943
v 0.4244764745235443 -0.1450163573026657 -0.08132705092430115
v 0.40353721380233765 -0.11546682566404343 -0.09388309717178345
v -0.0026936305221170187 0.4686404764652252 0.3255452513694763
v 0.008566312491893768 0.4494956135749817 0.33654719591140747
v -0.00805021170526743 0.45097479224205017 0.3347926139831543
v -0.49784180521965027 -0.21258002519607544 -0.04920503869652748
v -0.4994465410709381 -0.22257021069526672 -0.030745767056941986
v -0.12590420246124268 -0.27222564816474915 -0.2841305136680603
v -0.10808637738227844 -0.23460601270198822 -0.2872695028781891
v -0.15089283883571625 -0.2399912327528 -0.27998411655426025
v 0.201104074716568 -0.8799571990966797 0.2797694206237793
v 0.20012088119983673 -0.8982114791870117 0.270526647567749
v 0.224038228392601 -0.8874917030334473 0.27380889654159546
v 0.022497879341244698 -0.8395776152610779 -0.13499443233013153
v 0.014656906016170979 -0.8408143520355225 -0.11259588599205017
v 0.27204257249832153 0.5547958016395569 0.1839303821325302
v 0.2772558629512787 0.5212961435317993 0.18943248689174652
v 0.2721748650074005 0.5561801195144653 0.19675761461257935
v 0.9532499313354492 0.4302141070365906 -0.06594060361385345
v 0.9447674751281738 0.4488079249858856 -0.07634079456329346
v 0.9316538572311401 0.4181782305240631 -0.07527607679367065
v -0.07739283889532089 0.6407813429832458 0.27263835072517395
v -0.049710433930158615 0.6276499629020691 0.27607277035713196
v -0.08406982570886612 0.6564543843269348 0.25815349817276
v 0.8447754979133606 0.7767794132232666 0.001080815796740353
v 0.8031570911407471 0.7956135272979736 0.005253637209534645
v 0.8356119394302368 0.7721304297447205 0.011328857392072678
v -0.5194467902183533 -0.4390738010406494 -0.023431669920682907
v -0.4935256540775299 -0.4572972357273102 -0.04138180613517761
v -0.48498818278312683 -0.44074246287345886 -0.036307383328676224
v 0.2987704873085022 -0.9352073073387146 0.1358092576265335
v 0.3517170548439026 -0.8932054042816162 0.046708956360816956
v 0.3539765775203705 -0.8730200529098511 0.06994294375181198
v 0.351633220911026 -0.8925660848617554 0.09124142676591873
v -0.2903253734111786 -0.6922315359115601 0.06530933827161789
v -0.26972779631614685 -0.6802000999450684 0.037051644176244736
v -0.29662764072418213 -0.6870380640029907 0.03492877259850502
v -0.3151993751525879 -0.5854654312133789 -0.06255251169204712
v -0.31242191791534424 -0.5796260833740234 -0.026165110990405083
v -0.3025904595851898 -0.622796356678009 -0.0529833622276783
v -0.0733654648065567 -0.13299591839313507 0.1726353019475937
v -0.07160200923681259 -0.16737738251686096 0.17991627752780914
v -0.025782108306884766 -0.5342955589294434 0.15499813854694366
v -0.07135729491710663 -0.527900755405426 0.15523411333560944
v -0.06207694485783577 -0.5737029910087585 0.14505648612976074
v -0.8720608949661255 0.427207350730896 0.09767376631498337
v -0.8883114457130432 0.43286818265914917 0.09795809537172318
v 0.3103191554546356 -0.26959580183029175 -0.23095467686653137
v 0.3154354989528656 -0.2722807824611664 -0.20055873692035675
v 0.31495052576065063 -0.3056415319442749 -0.20472058653831482
v -0.3369784951210022 0.40118488669395447 0.1801852434873581
v -0.36153507232666016 0.3880887031555176 0.1557939648628235
v -0.32417115569114685 0.3557794392108917 0.18119707703590393
v -0.4413858652114868 -0.3527091145515442 -0.13736188411712646
v -0.4495001435279846 -0.3267505466938019 -0.1413341462612152
v -0.4157117009162903 -0.30321231484413147 -0.15914763510227203
v 0.13132719695568085 0.2216946929693222 0.2196565717458725
v 0.1579933762550354 0.22790655493736267 0.20926517248153687
v -0.0674004778265953 0.11935275793075562 -0.23313699662685394
v -0.019299117848277092 0.11181608587503433 -0.2289663553237915
v 0.5181662440299988 0.6309080123901367 -0.09241277724504471
v 0.5108653903007507 0.5971746444702148 -0.09620430320501328
v 0.48653140664100647 0.6253662705421448 -0.08603115379810333
v 0.17580462992191315 -0.8802503943443298 0.2791764736175537
v 0.1654353141784668 -0.8588305711746216 0.2830473482608795
v -0.22349795699119568 0.86133873462677 -0.08341675251722336
v -0.26306402683258057 0.8371370434761047 -0.07606744021177292
v -0.25984567403793335 0.8335197567939758 -0.12304238975048065
v -0.42523014545440674 -0.37895864248275757 -0.1255994439125061
v -0.4251794219017029 -0.3632481098175049 -0.13414572179317474
v -0.4000210165977478 -0.3630056381225586 -0.13111697137355804
v 0.27856096625328064 -0.6274122595787048 -0.19344526529312134
v 0.2932066321372986 -0.5983235239982605 -0.18839731812477112
v 0.1567280888557434 0.07312732189893723 -0.003266229061409831
v 0.14891351759433746 0.07207580655813217 0.024114174768328667
v 0.1800214648246765 0.05008292198181152 0.020776864141225815
v 0.35030409693717957 -0.8589165210723877 -0.07130599021911621
v 0.35240697860717773 -0.8617821931838989 -0.04652237892150879
v 0.3536745011806488 -0.8391985297203064 -0.05436992272734642
v -0.45932722091674805 -0.1547023057937622 -0.03930307924747467
v -0.42716336250305176 -0.10994049161672592 -0.042193006724119186
v -0.4518963098526001 -0.1511819064617157 -0.02826584316790104
v -0.7405221462249756 0.3691311776638031 0.08460412174463272
v -0.7703891396522522 0.3758500814437866 0.08806270360946655
v -0.9403101801872253 0.6369766592979431 0.06342677772045135
v -0.9189079999923706 0.6659396886825562 0.06451141089200974
v -0.9287746548652649 0.6314723491668701 0.07313928008079529
v -0.4547244906425476 -0.4384962022304535 -0.0585097000002861
v -0.46777650713920593 -0.44076892733573914 -0.04813374951481819
v -0.45965784788131714 -0.4531860947608948 -0.058287058025598526
v 0.16795708239078522 0.5415453314781189 0.30309829115867615
v 0.18907923996448517 0.5373019576072693 0.29622289538383484
v 0.17412926256656647 0.5222748517990112 0.3045464754104614
v -0.9071080088615417 0.35348471999168396 0.02850089967250824
v -0.8993023633956909 0.36665788292884827 0.015973500907421112
v -0.8790509104728699 0.3411446809768677 0.01950054056942463
v -0.48966139554977417 -0.3351932168006897 -0.007487533614039421
v -0.5157191753387451 -0.35069870948791504 -0.011561155319213867
v -0.4992018938064575 -0.3160020411014557 -0.009751386940479279
v 0.7873275876045227 0.37457823753356934 -0.10257264971733093
v 0.7520446181297302 0.3675353229045868 -0.10411353409290314
v 0.7599648237228394 0.39363494515419006 -0.10933563858270645
v -0.3534737527370453 0.3323889672756195 -0.2360202968120575
v -0.342634916305542 0.29144948720932007 -0.22188375890254974
v -0.3744460642337799 0.32672157883644104 -0.2032260298728943
v -0.024439629167318344 -0.8813701272010803 -0.08054009079933167
v -0.013569979928433895 -0.8726474642753601 -0.07438767701387405
v -0.019270410761237144 -0.8676678538322449 -0.1005336120724678
v -0.47166717052459717 0.7644681334495544 0.05051808804273605
v -0.2945973873138428 0.45803532004356384 -0.3132060766220093
v -0.31627073884010315 0.505374014377594 -0.30396315455436707
v -0.2830179035663605 0.5082375407218933 -0.32115721702575684
v -0.7027063369750977 0.7202904224395752 0.08147834986448288
v -0.7284907698631287 0.7178657650947571 0.082565076649189
v -0.7202244400978088 0.700252890586853 0.08035851269960403
v 0.18061889708042145 -0.6365537643432617 -0.24581871926784515
v 0.15080054104328156 -0.6232239603996277 -0.25626957416534424
v 0.14749830961227417 -0.6570344567298889 -0.24368271231651306
v 0.4823320508003235 0.625736653804779 0.039434537291526794
v 0.5021295547485352 0.6010741591453552 0.025674959644675255
v 0.5119476914405823 0.6354600191116333 0.034082356840372086
v -0.966601550579071 0.5046311616897583 0.017895739525556564
v -0.9780994653701782 0.520601749420166 0.029312103986740112
v -0.9663921594619751 0.54221111536026 0.016731753945350647
v 0.17888624966144562 0.7452262043952942 0.12232296913862228
v 0.17757904529571533 0.7283165454864502 0.13205739855766296
v 0.2011965662240982 0.7120879888534546 0.13078764081001282
v 0.16266219317913055 -0.7062402367591858 0.1421622335910797
v 0.18993669748306274 -0.7076003551483154 0.1443863958120346
v 0.16788429021835327 -0.7158534526824951 0.16670329868793488
v -0.3728170096874237 0.6044711470603943 0.11950569599866867
v -0.40400430560112 0.5457600951194763 0.100215382874012
v -0.378107488155365 0.5503496527671814 0.13419342041015625
v 0.02540094591677189 -0.15311071276664734 -0.29928770661354065
v -0.02586810290813446 -0.14771229028701782 -0.2951875925064087
v 0.016579143702983856 -0.10329438000917435 -0.29517000913619995
v -0.4882395565509796 -0.48076266050338745 -0.0583597831428051
v -0.506033182144165 -0.5149854421615601 -0.053375694900751114
v -0.48687291145324707 -0.46702510118484497 -0.050161756575107574
v 0.2634940445423126 0.25190550088882446 0.1388203203678131
v 0.25354138016700745 0.26711562275886536 0.15547429025173187
v 0.2751815915107727 0.2846534550189972 0.14639456570148468
v 0.6792037487030029 0.32740703225135803 0.012201813980937004
v 0.7230528593063354 0.3319723308086395 0.011395078152418137
v 0.698723316192627 0.34369733929634094 0.009558768942952156
v -0.003213870106264949 -0.8140820264816284 0.0038870477583259344
v -0.002748748753219843 -0.8015435934066772 -0.03921051695942879
v -0.003354917513206601 -0.8322238922119141 -0.032641466706991196
v -0.035049255937337875 -0.8884770274162292 -0.0779896080493927
v -0.04781033471226692 -0.8811607956886292 -0.10906010866165161
v -0.05917821452021599 -0.8897114396095276 -0.09547022730112076
v 0.2555120885372162 0.015481051057577133 -0.20038680732250214
v 0.16083481907844543 -0.762572705745697 -0.22782009840011597
v 0.19208596646785736 -0.7457820773124695 -0.2168864607810974
v 0.19703702628612518 -0.769154965877533 -0.2279854565858841
v -0.826690673828125 0.6234660744667053 0.08535134047269821
v -0.8538308143615723 0.6066908240318298 0.08931919187307358
v -0.8507006168365479 0.634324848651886 0.08919581770896912
v -0.2593078315258026 -0.6846771836280823 0.06523221731185913
v 0.31941649317741394 -0.47162559628486633 -0.027011526748538017
v 0.32085153460502625 -0.4301086664199829 -0.06352683156728745
v 0.578431248664856 0.7977936863899231 0.025862321257591248
v 0.5655798316001892 0.8064568042755127 0.014668533578515053
v 0.5557791590690613 0.7900805473327637 0.026805704459547997
v -0.32045677304267883 -0.26080042123794556 -0.2094731628894806
v -0.3261660635471344 -0.2893005907535553 -0.19513383507728577
v 0.27204257249832153 0.022748900577425957 -0.11804726719856262
v 0.2701094150543213 0.021889083087444305 -0.09458182752132416
v 0.25635194778442383 -0.5732157826423645 -0.24430207908153534
v 0.23279394209384918 -0.598204493522644 -0.24559824168682098
v 0.23466099798679352 -0.5698122382164001 -0.2551365792751312
v -0.0036833928897976875 0.33142560720443726 0.2963660955429077
v 0.01686570607125759 0.3459280729293823 0.304050475358963
v 0.017846666276454926 0.3196014165878296 0.2850334346294403
v -0.28274014592170715 -0.7780803442001343 0.21129974722862244
v -0.2696748971939087 -0.7959225177764893 0.22954314947128296
v -0.16055679321289062 0.7817590832710266 -0.2974206507205963
v -0.19300058484077454 0.7440799474716187 -0.3077833354473114
v -0.31588274240493774 -0.6883452534675598 -0.014713403768837452
v -0.2982698976993561 -0.6805770993232727 -0.008536815643310547
v -0.3159621059894562 -0.6924299001693726 0.017073500901460648
v -0.12221851199865341 -0.8610591888427734 -0.1843787580728531
v -0.15809014439582825 -0.8559781312942505 -0.19666144251823425
v -0.1470506638288498 -0.8695657849311829 -0.1717984676361084
v -0.9317880272865295 0.5493906736373901 0.08838894963264465
v -0.2840605676174164 -0.698813796043396 0.09276240319013596
v 0.3037104904651642 -0.449738472700119 -0.23261676728725433
v 0.29357701539993286 -0.45084506273269653 -0.25093281269073486
v 0.3022048771381378 -0.47675514221191406 -0.2287282645702362
v -0.62596595287323 0.2509487271308899 0.04887137562036514
v -0.604610025882721 0.2565280795097351 0.06153988838195801
v -0.6404309272766113 0.25051671266555786 0.06264198571443558
v -0.47847864031791687 -0.49157285690307617 -0.07641568779945374
v -0.4893968999385834 -0.4781593084335327 -0.08134466409683228
v -0.49588871002197266 -0.48187363147735596 -0.07477127760648727
v 0.9888526201248169 0.5302965044975281 -0.05550513416528702
v 0.9968411326408386 0.5095270276069641 -0.03996436670422554
v 0.9967067241668701 0.5442413687705994 -0.04482061415910721
v 0.38745415210723877 -0.10473822802305222 -0.050679761916399
v 0.3913712799549103 -0.12072644382715225 -0.041985806077718735
v 0.4023909866809845 -0.12299253046512604 -0.053873926401138306
v -0.08908919245004654 -0.9263942241668701 0.04668031260371208
v -0.05719645321369171 -0.9244852662086487 0.06841080635786057
v -0.08873647451400757 -0.9295575022697449 0.07585721462965012
v -0.450029194355011 -0.13800202310085297 -0.053433045744895935
v -0.4631693959236145 -0.159382164478302 -0.07089381664991379
v -0.4714687764644623 -0.16931499540805817 -0.0524652898311615
v -0.45641303062438965 -0.16448523104190826 -0.09353478252887726
v -0.4454750120639801 -0.16927531361579895 -0.1120646744966507
v -0.4645867645740509 -0.19095082581043243 -0.10471753031015396
v 0.18722756206989288 0.3020811975002289 0.24274498224258423
v 0.18677347898483276 0.3281257450580597 0.25303059816360474
v 0.21398858726024628 0.32973712682724 0.2355455756187439
v 0.08522513508796692 -0.4028054475784302 0.15848325192928314
v 0.06576059758663177 -0.4497451186180115 0.1588338017463684
v 0.12474717944860458 -0.4338494539260864 0.14892514050006866
v -0.5701426863670349 -0.40716123580932617 -0.0035636965185403824
v -0.5756314992904663 -0.40191489458084106 -0.011051952838897705
v -0.5920606255531311 -0.3997303247451782 0.011805015616118908
v 0.7130715250968933 0.5039698481559753 -0.12125903367996216
v 0.6865485906600952 0.5244836807250977 -0.12097470462322235
v 0.7149121761322021 0.5453192591667175 -0.12034863233566284
v 0.35380682349205017 -0.767135739326477 0.06654822081327438
v 0.3528941869735718 -0.7739516496658325 0.10006993263959885
v 0.3554644286632538 -0.798613965511322 0.08558284491300583
v -0.32489636540412903 -0.8815707564353943 -0.05319056659936905
v -0.29727795720100403 -0.8882477879524231 -0.06293380260467529
v -0.29940515756607056 -0.8956632614135742 -0.03001169115304947
v 0.7341562509536743 0.4521915912628174 -0.022847509011626244
v 0.7570419311523438 0.42806705832481384 -0.011882995255291462
v 0.7120860815048218 0.4219014346599579 -0.017797328531742096
v 0.434230774641037 -0.3254147171974182 -0.010549385100603104
v 0.41474637389183044 -0.2819446623325348 -0.009160656481981277
v 0.4876975119113922 0.7796891927719116 0.005028828512877226
v 0.5285685062408447 0.7984660267829895 0.007718123495578766
v 0.4946412146091461 0.777191698551178 0.016385672613978386
v 0.26553308963775635 0.8037806153297424 -0.12713809311389923
v 0.2303515374660492 0.8321882486343384 -0.12393952161073685
v 0.26330891251564026 -0.8235740065574646 -0.207163006067276
v 0.2791384160518646 -0.8056657910346985 -0.20192106068134308
v 0.2518373727798462 -0.8098981380462646 -0.21566742658615112
v -0.15360420942306519 0.43411585688591003 0.3144088685512543
v -0.18229621648788452 0.43775075674057007 0.3050138056278229
v -0.17063291370868683 0.4421507716178894 0.31978970766067505
v -0.2467804253101349 -0.9157780408859253 0.02000744268298149
v -0.23655655980110168 -0.9133135676383972 -0.001956794410943985
v -0.2718087434768677 -0.9082722067832947 0.0016385671915486455
v 0.24436022341251373 0.4589303433895111 0.25347810983657837
v 0.2384040355682373 0.45007097721099854 0.2486305981874466
v 0.216060608625412 0.4325595498085022 0.261936217546463
v -0.2819267809391022 -0.7404166460037231 -0.21403181552886963
v -0.26369887590408325 -0.7580206990242004 -0.2316666841506958
v -0.29225194454193115 -0.7666749954223633 -0.21694158017635345
v 0.2396848350763321 0.668304979801178 -0.30967244505882263
v 0.2319827377796173 0.6286992430686951 -0.3248252272605896
v 0.25560683012008667 0.6299622654914856 -0.31277182698249817
v 0.16721196472644806 -0.03680416941642761 -0.2771912217140198
v 0.15044118463993073 -0.0558675080537796 -0.28492188453674316
v 0.9871971011161804 0.5726643204689026 -0.05331840738654137
v 0.9765522480010986 0.575144350528717 -0.06241803243756294
v 0.9807956218719482 0.6064991354942322 -0.05054311826825142
v -0.22957094013690948 -0.7638137340545654 0.22447963058948517
v -0.22096514701843262 -0.7496199011802673 0.2125607132911682
v -0.20426486432552338 -0.7656080722808838 0.23166589438915253
v -0.40166550874710083 0.35956427454948425 0.08348651975393295
v -0.4120369851589203 0.35853704810142517 0.049717921763658524
v -0.41465577483177185 0.35415926575660706 0.037351343780756
v -0.5140284299850464 -0.5260358452796936 -0.05532657355070114
v -0.5170086622238159 -0.5184395909309387 -0.05994691327214241
v -0.34902748465538025 -0.34734806418418884 -0.10438688844442368
v -0.39624276757240295 -0.37907105684280396 -0.07818584144115448
v -0.38599249720573425 -0.3735182285308838 -0.09356782585382462
v -0.21092864871025085 -0.39637526869773865 0.1488502472639084
v -0.24156266450881958 -0.3805479407310486 0.13899007439613342
v -0.24348050355911255 -0.41470012068748474 0.13530221581459045
v 0.3714703917503357 -0.0765598863363266 -0.10568521916866302
v 0.3910824954509735 -0.11074952781200409 -0.11969397962093353
v 0.39063286781311035 -0.10111869126558304 -0.10527081787586212
v 0.19350340962409973 -0.3704586327075958 -0.29632288217544556
v 0.15446199476718903 -0.38296395540237427 -0.298551470041275
v -0.8107178807258606 0.7696704268455505 0.006783545017242432
v 0.31783822178840637 -0.45735010504722595 0.004065475892275572
v 0.31230971217155457 -0.4637317955493927 0.028445716947317123
v 0.3104645907878876 -0.48946326971054077 0.025088565424084663
v -0.11383535712957382 0.8739499449729919 -0.20640692114830017
v -0.16998042166233063 0.860437273979187 -0.19435127079486847
v -0.16897082328796387 0.8371106386184692 -0.23739805817604065
v 0.02192462421953678 -0.8964589834213257 0.12964363396167755
v 0.01223656628280878 -0.8747702836990356 0.12560969591140747
v 0.016294684261083603 -0.8761391639709473 0.15100163221359253
v -0.07076873630285263 0.13455407321453094 -0.24997170269489288
v -0.10622365772724152 0.13858145475387573 -0.24621552228927612
v 0.22431375086307526 -0.6829225420951843 0.020598305389285088
v 0.2067890614271164 -0.6828122735023499 0.03779229149222374
v 0.27077504992485046 -0.3939460515975952 -0.2763161063194275
v 0.2693135738372803 -0.3647361099720001 -0.2795168161392212
v 0.2819555699825287 -0.3922994136810303 -0.2699432671070099
v -0.5848501324653625 0.3452602028846741 -0.021238306537270546
v -0.5892963409423828 0.32210782170295715 -0.010981461964547634
v -0.6241208910942078 0.32499104738235474 -0.01508819404989481
v -0.22167491912841797 0.10775126516819 -0.040918849408626556
v -0.22996333241462708 0.11641000956296921 0.009887244552373886
v -0.183063343167305 0.09264034032821655 0.008494113571941853
v 0.009031434543430805 -0.8497926592826843 -0.05211040750145912
v 0.010629532858729362 -0.8635280728340149 -0.04795078933238983
v 0.009399457834661007 -0.839194118976593 -0.07795656472444534
v -0.27181315422058105 0.04972146824002266 -0.15637890994548798
v -0.2879667282104492 0.024146366864442825 -0.15830332040786743
v -0.28587478399276733 0.04113984853029251 -0.1313440203666687
v 0.5030927658081055 0.43657588958740234 0.01482278574258089
v 0.5272547602653503 0.4658300280570984 -0.00010064489470096305
v 0.49718281626701355 0.4726657569408417 0.012129154987633228
v -0.633736252784729 0.7179539203643799 0.07826651632785797
v -0.6436161994934082 0.7363888621330261 0.07961786538362503
v -0.6653094291687012 0.7278051376342773 0.08028795570135117
v -0.16405512392520905 -0.10353685915470123 0.15022800862789154
v -0.18154893815517426 -0.0755150094628334 0.13419342041015625
v -0.15833038091659546 -0.07498596608638763 0.14289630949497223
v -0.3087780773639679 -0.00935774203389883 -0.12646792829036713
v -0.32358258962631226 -0.011947836726903915 -0.11549461632966995
v -0.3021671772003174 0.010774784721434116 -0.11174499988555908
v -0.330085426568985 -0.7661481499671936 -0.17768633365631104
v -0.3379814624786377 -0.7868868112564087 -0.16337557137012482
v -0.042235445231199265 -0.911669135093689 0.16388392448425293
v -0.0760393887758255 -0.9218003749847412 0.1768324226140976
v -0.0638999193906784 -0.9100158214569092 0.1925164759159088
v 0.17336878180503845 -0.9412428140640259 0.15887124836444855
v 0.17755697667598724 -0.9398673176765442 0.18154315650463104
v 0.15089750289916992 -0.93746018409729 0.17853643000125885
v 0.2784419357776642 -0.9089048504829407 -0.07280495762825012
v 0.2505391240119934 -0.9001931548118591 -0.10966851562261581
v 0.28070130944252014 -0.8981717824935913 -0.10387545078992844
v -0.31698930263519287 -0.8921517133712769 -0.02061893418431282
v -0.30635109543800354 -0.9007200598716736 0.005712189245969057
v 0.23613348603248596 -0.039279691874980927 0.04953055828809738
v 0.22506320476531982 -0.01364960242062807 0.04191005975008011
v 0.21779325604438782 -0.017692413181066513 0.0593906044960022
v -0.23790568113327026 0.17566542327404022 0.13559535145759583
v -0.19609995186328888 0.15471959114074707 0.1425369530916214
v -0.20674918591976166 0.13496191799640656 0.10404001921415329
v 0.28365954756736755 0.3621653914451599 -0.29125720262527466
v 0.31039193272590637 0.40852537751197815 -0.2849285304546356
v 0.3114698827266693 0.359745055437088 -0.2694230377674103
v 0.7341120839118958 0.7062596678733826 0.038841571658849716
v 0.7540462017059326 0.7160757184028625 0.040732935070991516
v 0.7292493581771851 0.7262312173843384 0.04234207049012184
v 0.9202880859375 0.3710975646972656 -0.06105131283402443
v 0.9127888083457947 0.3506784737110138 -0.045457661151885986
v 0.8924778699874878 0.33858099579811096 -0.05525602027773857
v -0.23617079854011536 0.8438052535057068 0.005906120873987675
v -0.20619814097881317 0.8689240217208862 -0.03817443922162056
v -0.2476070672273636 0.845570981502533 -0.034363072365522385
v -0.2346409559249878 -0.2229052484035492 -0.2600897252559662
v -0.2628413736820221 -0.17811702191829681 -0.2485499233007431
v -0.028456030413508415 0.14403940737247467 0.1801169216632843
v -0.0481652170419693 0.17275787889957428 0.20032434165477753
v -0.07605475932359695 0.17966414988040924 0.20400339365005493
v -0.20970086753368378 0.2864433825016022 0.23914751410484314
v -0.18879905343055725 0.26847130060195923 0.24101680517196655
v -0.19800010323524475 0.2566647231578827 0.2233421951532364
v 0.5293422937393188 0.33120959997177124 0.01694789156317711
v 0.5180537700653076 0.35488665103912354 0.020862793549895287
v 0.24224838614463806 0.6527466773986816 0.15207956731319427
v 0.27015119791030884 0.6298896074295044 0.13362909853458405
v 0.25558266043663025 0.6236380934715271 0.16162006556987762
v -0.6140667796134949 0.5257620811462402 0.027109872549772263
v -0.6479566097259521 0.5170482993125916 0.02543018013238907
v -0.6541332006454468 0.5412830710411072 0.025754187256097794
v -0.2903848886489868 -0.8680381774902344 0.21934570372104645
v -0.26853305101394653 -0.8876834511756897 0.22224442660808563
v -0.2655108869075775 -0.8733065724372864 0.2341987043619156
v -0.09480289369821548 0.7682045102119446 0.15239490568637848
v -0.06006437540054321 0.7774981260299683 0.14852401614189148
v -0.08685174584388733 0.7565324306488037 0.17316217720508575
v 0.4237004816532135 -0.5013425946235657 -0.07648847997188568
v 0.4064447581768036 -0.48476579785346985 -0.08111098408699036
v 0.41165804862976074 -0.5044816136360168 -0.07663176208734512
v -0.3320803940296173 0.5573815703392029 -0.2907678484916687
v -0.3517543077468872 0.5597270131111145 -0.27404552698135376
v -0.33700495958328247 0.5314009785652161 -0.28936368227005005
v -0.10252916067838669 0.2982786297798157 0.27000200748443604
v -0.06865913420915604 0.29318884015083313 0.25755831599235535
v -0.07552795112133026 0.27682575583457947 0.24759459495544434
v 0.4617014229297638 0.43507906794548035 0.027237845584750175
v 0.48574885725975037 0.420045405626297 0.02270120568573475
v 0.4774913787841797 0.4505714178085327 0.022202974185347557
v 0.4743809700012207 -0.471548467874527 -0.08643011748790741
v 0.47602978348731995 -0.4945068657398224 -0.06851526349782944
v 0.46484270691871643 -0.4876469373703003 -0.08310817927122116
v 0.3040962517261505 -0.42209574580192566 -0.23783229291439056
v 0.2910507917404175 -0.42172983288764954 -0.25833067297935486
v 0.29573944211006165 -0.39739367365837097 -0.25700804591178894
v 0.011599455960094929 -0.8418944478034973 0.14531664550304413
v 0.017165407538414 -0.8200007677078247 0.17066681385040283
v 0.01165017206221819 -0.8139232993125916 0.13813485205173492
v 0.6879549622535706 0.43895652890205383 -0.11769461631774902
v 0.685426652431488 0.40441417694091797 -0.11314700543880463
v 0.6440330743789673 0.4130178689956665 -0.11279211938381195
v 0.07825054973363876 0.36483052372932434 0.3012928366661072
v 0.059242330491542816 0.34957191348075867 0.29951396584510803
v 0.038142114877700806 0.3573048710823059 0.3057456612586975
v -0.3051695227622986 -0.3158169090747833 0.08634333312511444
v -0.31248801946640015 -0.2860492169857025 0.06593318283557892
v -0.3112139105796814 -0.32123079895973206 0.07197752594947815
v -0.543280303478241 -0.4117022156715393 -0.01263467874377966
v -0.5292230248451233 -0.4066850543022156 -0.012680994346737862
v -0.5570487380027771 -0.40686362981796265 0.0010059233754873276
v -0.02509874850511551 -0.8645464777946472 0.18955375254154205
v -0.01781112514436245 -0.8680095672607422 0.1716565638780594
v -0.2768898010253906 0.1995275914669037 0.12544649839401245
v -0.24876435101032257 0.15840087831020355 0.09853122383356094
v -0.0013886630767956376 0.279989093542099 0.2506520450115204
v -0.0015693902969360352 0.2611660063266754 0.24460993707180023
v -0.018822960555553436 0.26801052689552307 0.24435634911060333
v 0.025301745161414146 0.7296744585037231 -0.3435556888580322
v 0.02487853728234768 0.7007642388343811 -0.35148921608924866
v 0.05272839963436127 0.7260724902153015 -0.34265854954719543
v 0.5473122596740723 0.31206250190734863 0.012040860950946808
v 0.5542075037956238 0.32859086990356445 0.017066799104213715
v -0.23052982985973358 -0.8366921544075012 -0.21478573977947235
v -0.23715393245220184 -0.8479652404785156 -0.19783416390419006
v -0.2582496702671051 -0.8331321477890015 -0.2089265137910843
v 0.4584037959575653 -0.4845254719257355 0.014765500091016293
v 0.307973712682724 0.30291223526000977 0.12410185486078262
v 0.32232192158699036 0.2863398492336273 0.09623648971319199
v 0.3420222997665405 0.32726383209228516 0.09421294927597046
v 0.3135441243648529 -0.1491781324148178 -0.009546417742967606
v 0.3139607608318329 -0.1345081627368927 -0.02329719066619873
v 0.3063269853591919 -0.11982931196689606 -0.004617446102201939
v 0.3222358524799347 -0.12066035717725754 -0.02171006239950657
v 0.02003549598157406 -0.4870847761631012 -0.2865200638771057
v 0.06922141462564468 -0.5243803858757019 -0.28339868783950806
v 0.01744106411933899 -0.5385632514953613 -0.27868130803108215
v -0.5820925235748291 0.5343657732009888 0.031761083751916885
v -0.5750628113746643 0.5051072835922241 0.03499709442257881
v -0.29087650775909424 -0.404610812664032 0.10308100283145905
v -0.435960978269577 0.6446610689163208 0.0776316374540329
v -0.4017183780670166 0.5993658304214478 0.07730763405561447
v -0.4239405393600464 0.5918269157409668 0.07982940226793289
v 0.12831823527812958 0.2076992690563202 -0.2895532548427582
v 0.15857963263988495 0.1888629049062729 -0.2661759853363037
v 0.11956252157688141 0.17520029842853546 -0.26967209577560425
v -0.9738120436668396 0.5858067870140076 0.04759281501173973
v -0.9791355729103088 0.5649755001068115 0.038651976734399796
v -0.013186386786401272 -0.8065761923789978 0.16067221760749817
v -0.02002432756125927 -0.7877420783042908 0.16738665103912354
v -0.013177582994103432 -0.7813340425491333 0.14080430567264557
v 0.20435111224651337 0.44771239161491394 -0.3402601480484009
v 0.23060497641563416 0.49341750144958496 -0.33547013998031616
v 0.19325652718544006 0.49848535656929016 -0.34635522961616516
v 0.27038493752479553 -0.8991483449935913 0.2511502802371979
v 0.2977168560028076 -0.8924867510795593 0.23796159029006958
v 0.2855685353279114 -0.8766329884529114 0.2542914152145386
v 0.9607117176055908 0.4935983121395111 0.004204355180263519
v 0.9463767409324646 0.5267497897148132 0.013830921612679958
v 0.9424044489860535 0.4910323917865753 0.011421487666666508
v -0.31077080965042114 0.642820417881012 0.15504884719848633
v -0.049624502658843994 -0.8955948948860168 -0.07079678773880005
v -0.07072465121746063 -0.9017296433448792 -0.06550852954387665
v 0.9929571151733398 0.5866422653198242 -0.041844692081213
v 0.9970263838768005 0.5643428564071655 -0.03867923840880394
v 0.6414341926574707 0.27406367659568787 -0.06327994912862778
v 0.6122879981994629 0.2771035134792328 -0.06241803243756294
v 0.6355176568031311 0.26398763060569763 -0.05191640928387642
v -0.051136672496795654 -0.7470848560333252 0.1634981632232666
v -0.07750307023525238 -0.7483413219451904 0.18628910183906555
v -0.07400251179933548 -0.7357015013694763 0.16379141807556152
v -0.9774183630943298 0.5683416128158569 0.053108181804418564
v -0.9774999022483826 0.5311561822891235 0.0650491863489151
v -0.9716296792030334 0.5643980503082275 0.06359206885099411
v -0.9832003712654114 0.49584677815437317 0.04072846844792366
v -0.9828895926475525 0.5135279893875122 0.055949628353118896
v -0.9839255809783936 0.5345597267150879 0.049407053738832474
v 0.4466589689254761 0.6873616576194763 0.041067980229854584
v 0.4547356367111206 0.7113782167434692 0.037717267870903015
v 0.4271899461746216 0.7000367641448975 0.03202780708670616
v -0.28663527965545654 0.18341809511184692 0.08846830576658249
v -0.3169121742248535 0.19666853547096252 0.05524642765522003
v -0.3110441565513611 0.20556102693080902 0.0858914852142334
v 0.30402570962905884 -0.6114702820777893 -0.11522132158279419
v 0.31154924631118774 -0.5645878911018372 -0.1219644695520401
v 0.3079097270965576 -0.5974748134613037 -0.08209417760372162
v -0.2169664204120636 -0.13503937423229218 0.1296325922012329
v -0.22782732546329498 -0.13432073593139648 0.11862840503454208
v -0.2185821831226349 -0.17041276395320892 0.13040634989738464
v 0.09180068969726562 0.27163228392601013 0.23553454875946045
v 0.07356622815132141 0.28553298115730286 0.24235041439533234
v 0.07060364633798599 0.26779451966285706 0.2343948632478714
v 0.4698840081691742 0.41135355830192566 0.026005538180470467
v -0.23140054941177368 0.7343301177024841 -0.2951875925064087
v -0.24342314898967743 0.7571738958358765 -0.27241432666778564
v -0.2643337547779083 0.7213287949562073 -0.28270211815834045
v 0.08465201407670975 0.901495635509491 -0.06524843722581863
v 0.08391793817281723 0.8994631767272949 -0.1180495023727417
v -0.11119014024734497 -0.7232159972190857 -0.20964956283569336
v -0.1388019323348999 -0.720088005065918 -0.2186279147863388
v 0.46054205298423767 -0.509835958480835 -0.03863515704870224
v 0.45029833912849426 -0.513658344745636 -0.046304140239953995
v 0.452377051115036 -0.5261945724487305 -0.0286119244992733
v 0.43396613001823425 -0.5105193257331848 -0.06368771940469742
v 0.46046045422554016 -0.507900595664978 -0.06059499457478523
v 0.6138002872467041 0.8141588568687439 -0.02636791206896305
v 0.6413856744766235 0.8099640011787415 -0.035840027034282684
v 0.6401533484458923 0.819008469581604 -0.023813029751181602
v 0.717989444732666 0.8197006583213806 0.00486787548288703
v 0.7413644194602966 0.8176571130752563 -0.0017892718315124512
v 0.7156307101249695 0.8233267664909363 -0.005829783156514168
v -0.08373478055000305 -0.911669135093689 0.20605558156967163
v -0.8302066922187805 0.5557436347007751 0.07699465751647949
v -0.8297260999679565 0.5920384526252747 0.08160842955112457
v -0.8560307621955872 0.5756182670593262 0.08812669664621353
v -0.5994011759757996 0.2569292187690735 0.04570368677377701
v -0.6219407916069031 0.2570349872112274 0.036326371133327484
v -0.5856768488883972 0.26621612906455994 0.03147675842046738
v 0.19071702659130096 0.6509522795677185 0.21252326667308807
v 0.21181276440620422 0.6396946310997009 0.2050371766090393
v 0.19626103341579437 0.6525834798812866 0.19699569046497345
v -0.5262736678123474 0.38223394751548767 -0.027328966185450554
v -0.5598328709602356 0.39311909675598145 -0.03520515188574791
v -0.559067964553833 0.3690849244594574 -0.02732679806649685
v 0.08119553327560425 -0.8170953989028931 -0.20717626810073853
v 0.05828778073191643 -0.801759660243988 -0.1960023194551468
v 0.07351117581129074 -0.7939209938049316 -0.20651714503765106
v -0.16130183637142181 -0.9311688542366028 0.07223544269800186
v -0.19438713788986206 -0.9302011728286743 0.0814342051744461
v -0.16316232085227966 -0.9336422085762024 0.09963779151439667
v -0.04537888988852501 -0.8656067848205566 -0.1383935660123825
v -0.05573059991002083 -0.858726978302002 -0.15743260085582733
v -0.06278014183044434 -0.8721647262573242 -0.13993221521377563
v -0.9017338156700134 0.5005795955657959 0.0961262583732605
v -0.8761918544769287 0.4935762286186218 0.0934215858578682
v -0.8763858079910278 0.46075114607810974 0.09602271765470505
v -0.3152434527873993 -0.43354082107543945 0.04806240648031235
v -0.32227540016174316 -0.4408791661262512 0.0060582710430026054
v -0.8603248596191406 0.7146385312080383 0.0676966980099678
v -0.8892130255699158 0.6858208775520325 0.07039479911327362
v -0.8658225536346436 0.6939439177513123 0.07515835016965866
v -0.9614323377609253 0.524598240852356 0.07816731929779053
v -0.9464823603630066 0.5101398229598999 0.08638958632946014
v -0.958804726600647 0.4881976544857025 0.0809735506772995
v -0.3465101420879364 -0.8239619731903076 -0.1103937178850174
v -0.34850507974624634 -0.8174833059310913 -0.08526402711868286
v 0.3916711211204529 -0.4430174231529236 -0.048025745898485184
v 0.3770958483219147 -0.4256734549999237 -0.06873133033514023
v 0.39770442247390747 -0.4711274206638336 -0.054971691220998764
v 0.6042045950889587 0.5486082434654236 -0.0243134293705225
v 0.6355088353157043 0.5212300419807434 -0.03229761868715286
v 0.6032148599624634 0.5199669003486633 -0.027280481532216072
v 0.19644615054130554 0.03668927028775215 0.006600518245249987
v 0.17400799691677094 0.05884087085723877 -0.0005195168778300285
v -0.5084536075592041 -0.28904715180397034 -0.09504695236682892
v -0.5184415578842163 -0.29178932309150696 -0.07732168585062027
v -0.5107284784317017 -0.2673870921134949 -0.08266066759824753
v 0.2059580236673355 -0.1348542422056198 0.12337001413106918
v 0.21147549152374268 -0.10751575231552124 0.11244294792413712
v -0.09204961359500885 0.5577805638313293 0.332253098487854
v -0.08181700855493546 0.5872572064399719 0.31848248839378357
v 0.01152889896184206 0.10082516074180603 -0.23786316812038422
v 0.040622107684612274 0.06401225924491882 -0.2574445307254791
v -0.00670116301625967 0.07062538713216782 -0.2543605864048004
v -0.5866952538490295 0.3347233831882477 0.093705914914608
v -0.6349244117736816 0.3268670439720154 0.09435393661260605
v -0.6297177672386169 0.314024418592453 0.09604912996292114
v -0.0036525162868201733 0.6939660310745239 0.23871983587741852
v 0.03476065769791603 0.6990823149681091 0.23094286024570465
v 0.036971691995859146 0.671926736831665 0.2486196905374527
v 0.4067842662334442 0.6739813089370728 0.0315362773835659
v 0.38364067673683167 0.6579158306121826 0.0244735274463892
v 0.3962341547012329 0.6513203978538513 0.03260986506938934
v 0.23582051694393158 0.40369337797164917 -0.32451000809669495
v 0.2599649131298065 0.3725678324699402 -0.30760037899017334
v 0.2619311809539795 0.39987319707870483 -0.3128974139690399
v 0.5034278035163879 0.4044429659843445 -0.09061844646930695
v 0.5341389775276184 0.3982354402542114 -0.09630343317985535
v 0.511063814163208 0.3812662661075592 -0.08740004152059555
v 0.24930903315544128 -0.9421840906143188 0.13025866448879242
v 0.27095359563827515 -0.9401164054870605 0.12200775742530823
v 0.318246066570282 0.4058690667152405 0.14155375957489014
v 0.3045305013656616 0.41036155819892883 0.1527189016342163
v 0.30733659863471985 0.36235275864601135 0.14457376301288605
v 0.25114086270332336 -0.16071800887584686 0.07887931913137436
v 0.24614134430885315 -0.12490149587392807 0.08176714926958084
v 0.34527814388275146 -0.09726323932409286 -0.025933600962162018
v 0.28046321868896484 -0.03222351148724556 -0.022851910442113876
v -0.19012169539928436 0.5694923400878906 0.32145610451698303
v -0.2130712866783142 0.5508962869644165 0.3180437982082367
v -0.2075493484735489 0.5737312436103821 0.31253063678741455
v 0.6602262258529663 0.30420616269111633 0.011428057216107845
v 0.6944049000740051 0.318452924489975 0.012043094262480736
v 0.6962897181510925 0.30435383319854736 0.009887244552373886
v -0.026948196813464165 -0.30752184987068176 0.18000221252441406
v 0.00304654473438859 -0.31020018458366394 0.17923739552497864
v -0.014601590111851692 -0.2872902750968933 0.1861766278743744
v 0.9335517883300781 0.494645357131958 -0.08714435249567032
v 0.9574096202850342 0.5250060558319092 -0.07743415981531143
v 0.9543697834014893 0.48382195830345154 -0.07685880362987518
v -0.3137797713279724 -0.09174353629350662 -0.006594737060368061
v -0.3179614543914795 0.18193680047988892 -0.08160698413848877
v 0.38007843494415283 0.5890141129493713 0.033460747450590134
v 0.37173712253570557 0.620307207107544 0.02684761770069599
v 0.3853776454925537 0.6194056272506714 0.03319179266691208
v -0.3474205434322357 -0.050248607993125916 -0.01933814212679863
v -0.33003032207489014 -0.06285536289215088 -0.010926343500614166
v -0.3190504312515259 -0.026033654808998108 -0.022602859884500504
v 0.6697248220443726 0.2872656285762787 -0.07534880191087723
v -0.8230975866317749 0.7696659564971924 0.01828807033598423
v -0.8524993062019348 0.7521633505821228 0.02542361058294773
v -0.8544612526893616 0.7444039583206177 0.012620685622096062
v 0.5438845753669739 0.34505733847618103 0.01898246817290783
v -0.2675873935222626 -0.3645266890525818 0.12635034322738647
v -0.24979379773139954 -0.3518780767917633 0.136488139629364
v 0.4785758852958679 -0.4974408745765686 -0.016889158636331558
v 0.49087846279144287 -0.48727214336395264 -0.02171006239950657
v 0.4947095513343811 -0.4875586926937103 -0.034810587763786316
v -0.12078793346881866 -0.7268487811088562 0.17480875551700592
v -0.09742169827222824 -0.7303338646888733 0.16982026398181915
v -0.10670644789934158 -0.7416202425956726 0.19293087720870972
v 0.29329925775527954 -0.7336735129356384 0.15301427245140076
v 0.26965534687042236 -0.7276180982589722 0.15946421027183533
v 0.2720470428466797 -0.7181372046470642 0.1334879845380783
v -0.30182549357414246 0.01065574586391449 -0.12710504233837128
v -0.29906347393989563 0.02102505974471569 -0.09845934808254242
v 0.43946823477745056 0.746319591999054 -0.010044584050774574
v 0.4527253806591034 0.7499215602874756 -0.021635105833411217
v 0.4648580849170685 0.7663264274597168 -0.006045920308679342
v 0.09119892865419388 0.08332031220197678 0.05510754883289337
v 0.14021509885787964 0.10897240787744522 0.08089852333068848
v 0.0842728242278099 0.09514227509498596 0.09303358942270279
v 0.05513783171772957 0.514004111289978 0.30921319127082825
v 0.06804428994655609 0.5230684876441956 0.3091007173061371
v 0.0540466383099556 0.5406592488288879 0.30482199788093567
v 0.5806907415390015 0.7236014604568481 0.047149769961833954
v 0.5980985164642334 0.7072031497955322 0.0434134267270565
v 0.5661067366600037 0.7011455297470093 0.04479552060365677
v -0.14431506395339966 -0.897885262966156 0.2463645190000534
v -0.13795767724514008 -0.8825979828834534 0.2554112672805786
v -0.11609920859336853 -0.8845841288566589 0.24870339035987854
v 0.17781056463718414 -0.6023265719413757 0.09954305738210678
v 0.15552888810634613 -0.573676586151123 0.1173212006688118
v 0.15262344479560852 -0.606052041053772 0.10786452144384384
v 0.3477954566478729 -0.7901249527931213 0.15497395396232605
v -0.6386145353317261 0.3769875168800354 0.07254841178655624
v -0.6479985117912292 0.4139767587184906 0.05258577689528465
v -0.6721692681312561 0.3919309377670288 0.06397783011198044
v 0.008971914649009705 -0.8485229015350342 0.1101856678724289
v 0.008317196741700172 -0.8269422054290771 0.06890247017145157
v 0.009463445283472538 -0.8096688985824585 0.10364532470703125
v -0.6453819870948792 0.775553822517395 0.0703088715672493
v -0.6681221127510071 0.7911562323570251 0.062379732728004456
v 0.6870445609092712 0.7777295112609863 -0.06267812103033066
v 0.684090793132782 0.796323299407959 -0.050249919295310974
v 0.7339071035385132 0.8042678236961365 -0.04035676270723343
v 0.7286188006401062 0.7922607064247131 -0.0515064038336277
v 0.7035332322120667 0.8095473647117615 -0.03831995278596878
v 0.11245786398649216 -0.2707156538963318 0.16855064034461975
v 0.14625956118106842 -0.26654717326164246 0.15628549456596375
v 0.1336086541414261 -0.28436723351478577 0.15701299905776978
v -0.2665182650089264 0.720687210559845 0.13737213611602783
v -0.2756200432777405 0.6953988075256348 0.14812497794628143
v -0.28689318895339966 0.7214896082878113 0.12415914237499237
v -0.04347432404756546 -0.09778565168380737 0.1642279028892517
v -0.10200235247612 -0.5606509447097778 0.14485585689544678
v 0.31764206290245056 -0.3609732389450073 0.027936579659581184
v 0.31262925267219543 -0.396472305059433 0.04203119874000549
v 0.3141282796859741 -0.3476434350013733 0.04088718444108963
v 0.72879958152771 0.30609753727912903 0.008187712170183659
v 0.732125997543335 0.32134509086608887 0.01099827978760004
v -0.7886984944343567 0.6222713589668274 -0.04749006778001785
v -0.8208932280540466 0.6359581351280212 -0.03902755305171013
v -0.8208248615264893 0.6075859069824219 -0.04182485118508339
v 0.09465764462947845 0.19240307807922363 0.20689108967781067
v 0.07355965673923492 0.1983019858598709 0.22215403616428375
v -0.22922268509864807 -0.9161638021469116 0.20600275695323944
v -0.2476930022239685 -0.9042052030563354 0.21689224243164062
v -0.2514778971672058 -0.9111136198043823 0.20158962905406952
v -0.4807359278202057 -0.18726953864097595 -0.0721304640173912
v -0.4840005934238434 -0.20633064210414886 -0.08943908661603928
v 0.6635327935218811 0.8110836744308472 -0.03695099800825119
v 0.6675271987915039 0.8217241764068604 -0.022501425817608833
v -0.19118641316890717 0.09714610874652863 -0.1874009221792221
v -0.1638699322938919 0.11439737677574158 -0.184376522898674
v -0.1672205775976181 0.09462643414735794 -0.20460595190525055
v -0.17844077944755554 -0.9050163626670837 0.24030032753944397
v -0.19764076173305511 -0.9130997657775879 0.22552458941936493
v 0.6464842557907104 0.3370952308177948 -0.09610287100076675
v 0.6164565086364746 0.3619450628757477 -0.10054247826337814
v 0.6119662523269653 0.335309773683548 -0.09247005730867386
v -0.695537805557251 0.699593722820282 0.0776316374540329
v 0.34264615178108215 -0.8684459924697876 -0.09396245330572128
v 0.3292171359062195 -0.8754866719245911 -0.10975667834281921
v 0.3353430926799774 -0.8629879951477051 -0.1170906126499176
v -0.3966483771800995 -0.08475568145513535 -0.10038375854492188
v 0.3174678385257721 -0.34327444434165955 -0.1693383902311325
v 0.33197253942489624 -0.34292614459991455 -0.17979146540164948
v 0.3161562979221344 -0.3116903305053711 -0.18847444653511047
v 0.2234342247247696 -0.41819846630096436 -0.2880763113498688
v 0.19283542037010193 0.09149186313152313 -0.165513813495636
v 0.16612747311592102 0.11282568424940109 -0.1508416086435318
v 0.16197659075260162 0.10486790537834167 -0.18099066615104675
v 0.9634516835212708 0.45527324080467224 -0.06646964699029922
v 0.9730142951011658 0.4917069375514984 -0.06652476638555527
v 0.4148411154747009 0.35595354437828064 -0.008840983733534813
v 0.3969351351261139 0.373288631439209 -0.023261912167072296
v 0.43254438042640686 0.33710402250289917 -0.019380055367946625
v 0.5843058228492737 0.3600911498069763 0.012468536384403706
v 0.6043083071708679 0.3465651869773865 0.01334372628480196
v 0.6103923320770264 0.37074044346809387 0.0050244927406311035
v 0.22239375114440918 -0.710939884185791 -0.17208944261074066
v 0.226460799574852 -0.7245033383369446 -0.1884458065032959
v 0.19690246880054474 -0.7150840759277344 -0.18639571964740753
v 0.29338309168815613 -0.09763579815626144 0.00921715423464775
v 0.286472350358963 -0.07319820672273636 0.004001620225608349
v 0.39792266488075256 0.4212644398212433 0.019473999738693237
v 0.3985068202018738 0.4574114680290222 0.02834874950349331
v 0.41626736521720886 0.4186147153377533 0.024341218173503876
v -0.5569716095924377 -0.4263920783996582 -0.045043256133794785
v -0.558768093585968 -0.4111136496067047 -0.0309749785810709
v -0.5526356101036072 -0.42490193247795105 -0.029105689376592636
v -0.04691530391573906 -0.436443954706192 0.16804136335849762
v -0.05211763083934784 -0.37678736448287964 0.17076154053211212
v 0.08308032155036926 0.06038838252425194 0.08026587963104248
v 0.054917361587285995 0.08081837743520737 0.06918679922819138
v 0.05838488042354584 0.060553669929504395 0.08608318120241165
v 0.18616724014282227 0.29809126257896423 -0.3142531216144562
v 0.19200661778450012 0.3452910780906677 -0.32642123103141785
v 0.1485299915075302 0.3376859724521637 -0.33471620082855225
v -0.2846623957157135 -0.4994887411594391 -0.21475926041603088
v -0.29510658979415894 -0.5161051750183105 -0.2017601728439331
v -0.3030115067958832 -0.47884929180145264 -0.20586906373500824
v 0.30027830600738525 -0.7096371650695801 0.06660550087690353
v 0.3214688003063202 -0.71805340051651 0.05760947987437248
v 0.32108303904533386 -0.7249134182929993 0.08925087004899979
v 0.3142847716808319 -0.30579808354377747 0.0387599803507328
v 0.30776649713516235 -0.3521403968334198 0.055726923048496246
v -0.34260404109954834 0.2460859715938568 -0.17421001195907593
v -0.36024993658065796 0.28394368290901184 -0.18863756954669952
v -0.3757113516330719 0.28099870681762695 -0.15115681290626526
v -0.2536073327064514 0.5416467785835266 0.2783278226852417
v -0.25059837102890015 0.5223211050033569 0.2868785560131073
v -0.2547028660774231 0.5257798433303833 0.2732556164264679
v 0.3543468415737152 -0.799625813961029 -0.05839722976088524
v 0.3519198000431061 -0.7929686307907104 -0.08315226435661316
v 0.6996116638183594 0.8186513781547546 -0.02637888304889202
v 0.7295755743980408 0.8147054314613342 -0.02807624638080597
v 0.7172795534133911 0.8215191960334778 -0.01733444072306156
v 0.08535074442625046 -0.9043859243392944 -0.0505034364759922
v 0.05978904664516449 -0.9001116752624512 -0.04279700666666031
v 0.08757715672254562 -0.9116845726966858 -0.019267650321125984
v -0.11208510398864746 0.28415313363075256 0.2634814977645874
v -0.09554577618837357 0.2730630040168762 0.2526272237300873
v -0.16257598996162415 0.06472425907850266 -0.22728002071380615
v -0.12243018299341202 0.038684166967868805 -0.2507675290107727
v -0.17087322473526 0.029630856588482857 -0.2405436635017395
v 0.4500690698623657 -0.5011993050575256 -0.07830265164375305
v 0.20232520997524261 -0.24043434858322144 -0.2979254424571991
v 0.1700180619955063 -0.22154957056045532 -0.3009432256221771
v 0.1960405558347702 -0.21003177762031555 -0.2976587116718292
v -0.6113223433494568 0.30529066920280457 0.09452369064092636
v -0.5864593982696533 0.3138303756713867 0.09414462745189667
v 0.17121069133281708 -0.12582077085971832 -0.2936864197254181
v 0.1423070877790451 -0.12558045983314514 -0.2966049611568451
v 0.15703658759593964 -0.1696522831916809 -0.29935601353645325
v -0.17447514832019806 0.6091355085372925 0.30636516213417053
v -0.2028254121541977 0.5934956073760986 0.3052672743797302
v -0.21780849993228912 -0.8708817958831787 0.25633493065834045
v -0.23932304978370667 -0.8809975981712341 0.24358929693698883
v -0.20972950756549835 -0.8856642246246338 0.2513177990913391
v -0.23958536982536316 0.5214679837226868 0.30464133620262146
v -0.23094207048416138 0.5489741563796997 0.30701974034309387
v -0.24600890278816223 0.5425660014152527 0.293802410364151
v 0.7006564736366272 0.46828126907348633 -0.030324727296829224
v 0.13898292183876038 -0.8807793259620667 -0.15413713455200195
v 0.11033065617084503 -0.8755175471305847 -0.15407761931419373
v 0.11916796118021011 -0.8858891129493713 -0.13307219743728638
v 0.5139228701591492 0.41148141026496887 0.016072701662778854
v -0.017797918990254402 -0.8874917030334473 0.1504461169242859
v -0.7113606929779053 0.35642969608306885 0.08627054840326309
v -0.7249704003334045 0.34070372581481934 0.09393519163131714
v -0.6890393495559692 0.3444666266441345 0.08973582834005356
v 0.23789700865745544 0.6046959757804871 0.22863484919071198
v 0.2187962830066681 0.614952802658081 0.2419448047876358
v -0.292013943195343 -0.9096014499664307 0.038343340158462524
v -0.31487977504730225 -0.9027458429336548 0.03944334015250206
v 0.04014148190617561 0.45099687576293945 0.3263476490974426
v 0.04111810401082039 0.465364933013916 0.3124668002128601
v 0.01965196616947651 0.48150962591171265 0.3131544888019562
v 0.16124922037124634 0.2927654981613159 0.2518269419670105
v 0.1631493866443634 0.31866684556007385 0.26182374358177185
v -0.904714047908783 0.6517700552940369 0.07715994864702225
v -0.09640322625637054 0.6048634648323059 0.3118540048599243
v -0.10975509881973267 0.583044707775116 0.3259420394897461
v -0.2691502571105957 -0.898145318031311 0.20997941493988037
v -0.578933596611023 0.7002836465835571 0.07509002834558487
v -0.60660719871521 0.7100159525871277 0.07654057443141937
v -0.5911303758621216 0.6863808631896973 0.07021847367286682
v -0.5529507994651794 0.30784329771995544 0.08890701830387115
v -0.524768054485321 0.3173331022262573 0.08623310178518295
v -0.5425087809562683 0.29874375462532043 0.08269739151000977
v -0.32595884799957275 0.0036987655330449343 -0.05532880872488022
v -0.34787243604660034 -0.024243725463747978 -0.04070061072707176
v 0.05251462757587433 0.2816070318222046 0.24353423714637756
v 0.07268013060092926 0.2989443838596344 0.2543531656265259
v 0.42580339312553406 0.36440062522888184 -0.04785599187016487
v 0.450547456741333 0.3513023257255554 -0.05537065491080284
v 0.43904727697372437 0.37816256284713745 -0.061659716069698334
v -0.4736180603504181 -0.22611038386821747 -0.0026180811692029238
v -0.48618730902671814 -0.24797981977462769 -0.005496971774846315
v -0.4890287518501282 -0.22533446550369263 -0.013703800737857819
v -0.694733202457428 0.7102274894714355 -0.047406308352947235
v -0.7300470471382141 0.713765561580658 -0.04246189817786217
v -0.6935317516326904 0.7348172068595886 -0.041240692138671875
v 0.9830594658851624 0.48806533217430115 -0.05709889903664589
v -0.1253729909658432 0.08135182410478592 0.04442736506462097
v -0.153855562210083 0.053138140588998795 0.06395365297794342
v -0.12430603802204132 0.07021532207727432 0.06256486475467682
v 0.00043654395267367363 0.3671407699584961 0.3260500431060791
v 0.02424812689423561 0.3747038245201111 0.3314484655857086
v -0.2544163167476654 -0.060150567442178726 -0.23561468720436096
v -0.21325647830963135 -0.07289620488882065 -0.2536816895008087
v -0.2539181411266327 -0.08751553297042847 -0.24126671254634857
v -0.42812663316726685 -0.17349228262901306 -0.1308039426803589
v -0.4281619191169739 -0.15154781937599182 -0.11834926903247833
v -0.40738800168037415 -0.13477928936481476 -0.12774865329265594
v 0.24204789102077484 0.5909010171890259 0.23896671831607819
v 0.22268255054950714 0.5977544784545898 0.25398290157318115
v -0.5485333204269409 0.5779393911361694 -0.06071186438202858
v -0.5636772513389587 0.6134737133979797 -0.06126074865460396
v -0.5278961062431335 0.6188743710517883 -0.057951949536800385
v 0.28933799266815186 0.19125907123088837 0.023384565487504005
v 0.2686081528663635 0.16611610352993011 0.004755537025630474
v 0.2893446683883667 0.1847672164440155 0.00010865969670703635
v 0.21287979185581207 -0.16336984932422638 -0.2912065386772156
v 0.2269567996263504 -0.21192313730716705 -0.29241231083869934
v -0.22693012654781342 0.3459280729293823 0.256147563457489
v -0.2552627921104431 0.3658996522426605 0.24016591906547546
v -0.23924368619918823 0.37688833475112915 0.25644516944885254
v 0.5996812582015991 0.31015801429748535 -0.08055330067873001
v 0.5645614266395569 0.3183140456676483 -0.07813072204589844
v 0.57878178358078 0.3418853282928467 -0.09023485332727432
v -0.06135830655694008 0.7854999303817749 -0.31758832931518555
v -0.01650839112699032 0.7579431533813477 -0.3338102102279663
v -0.00932653620839119 0.7908477783203125 -0.3171606957912445
v -0.25520989298820496 -0.8170711398124695 0.244462251663208
v -0.22392116487026215 -0.8179572820663452 0.2564738094806671
v 0.47508642077445984 0.6753965020179749 -0.07073286175727844
v 0.5015431642532349 0.6813438534736633 -0.07645760476589203
v 0.4850434362888336 0.6960557699203491 -0.06696781516075134
v 0.33392131328582764 -0.11273785680532455 -0.17547312378883362
v 0.32722002267837524 -0.08523624390363693 -0.16351445019245148
v 0.35712218284606934 -0.10557590425014496 -0.1557837873697281
v -0.871941864490509 0.6712543964385986 0.08114764094352722
v 0.3063953220844269 -0.4714624881744385 0.04202909767627716
v 0.30263465642929077 -0.49754664301872253 0.04177118092775345
v 0.29536694288253784 -0.48578643798828125 0.05730530992150307
v 0.11718173325061798 -0.9338758587837219 0.1534198671579361
v 0.10944442451000214 -0.9328398108482361 0.1258300393819809
v -0.5354548096656799 0.6595956683158875 0.06863351166248322
v -0.5222507119178772 0.6256197094917297 0.06175142526626587
v -0.511817455291748 0.6485274434089661 0.07037048786878586
v -0.3924446702003479 0.6792166829109192 0.05894755944609642
v -0.37627124786376953 0.6838810443878174 0.04824976623058319
v -0.44620460271835327 -0.14226746559143066 -0.08485619723796844
v 0.1526455283164978 -0.7874709367752075 -0.2327115684747696
v 0.12027676403522491 -0.7794339060783386 -0.22623954713344574
v 0.2880418300628662 0.19813668727874756 0.045115191489458084
v 0.2604234516620636 0.18669168651103973 0.07647658884525299
v 0.2846691608428955 0.21089112758636475 0.07505915313959122
v 0.6007239818572998 0.2934643626213074 -0.07179758697748184
v 0.5780808329582214 0.29703763127326965 -0.06970782577991486
v -0.4385731518268585 0.722964346408844 0.06096676364541054
v 0.1077117845416069 -0.06629857420921326 0.13971757888793945
v 0.10382552444934845 -0.03474535048007965 0.12849292159080505
v 0.07434655725955963 -0.0635298565030098 0.1449110507965088
v -0.6724668741226196 0.279989093542099 0.09198207408189774
v -0.6336525082588196 0.2993146479129791 0.09514976292848587
v 0.26007068157196045 0.4881800413131714 0.24578481912612915
v -0.3858337700366974 0.655526340007782 0.06274788826704025
v -0.40571048855781555 0.6647604703903198 0.06819046288728714
v 0.35137754678726196 -0.7493156790733337 0.035649579018354416
v 0.34857800602912903 -0.7462979555130005 0.061810944229364395
v -0.818043053150177 0.5412808656692505 -0.04359053820371628
v -0.7845895886421204 0.5536231398582458 -0.050338082015514374
v -0.7879049181938171 0.5136932730674744 -0.047796472907066345
v 0.5596919655799866 0.667835533618927 -0.092218779027462
v 0.5907845497131348 0.6443259716033936 -0.10179895907640457
v 0.5531516671180725 0.6368576288223267 -0.0978553518652916
v -0.6673483848571777 0.31070682406425476 0.09700144827365875
v -0.6850560307502747 0.2959000766277313 0.09640401601791382
v -0.709769070148468 0.30677416920661926 0.09790080785751343
v 0.9432597756385803 0.6406336426734924 -0.0667385384440422
v 0.951828122138977 0.6582111716270447 -0.05431697145104408
v 0.9627264142036438 0.6331894993782043 -0.05721130222082138
v 0.8142539262771606 0.7313498258590698 -0.07474703341722488
v 0.8164582848548889 0.7063655853271484 -0.0840604305267334
v 0.843018651008606 0.7192014455795288 -0.07386303693056107
v 0.17364653944969177 -0.72689288854599 0.18995502591133118
v 0.19360917806625366 -0.7176477909088135 0.1691986471414566
v -0.42500749230384827 -0.11593195050954819 -0.0911959707736969
v 0.33046257495880127 -0.8180410861968994 0.2134600728750229
v 0.3298254907131195 -0.8363593220710754 0.21988584101200104
v 0.3407062888145447 -0.8283684849739075 0.20015668869018555
v 0.3005560636520386 -0.1287899911403656 0.01509620901197195
v 0.18862739205360413 -0.8837310075759888 -0.15620258450508118
v 0.1879262924194336 -0.8926565051078796 -0.13372251391410828
v 0.16384154558181763 -0.8909392952919006 -0.13451610505580902
v -0.15074299275875092 -0.8356451392173767 0.26610904932022095
v -0.11661504954099655 -0.8324906229972839 0.2580939829349518
v -0.12054545432329178 -0.8522197008132935 0.25975605845451355
v -0.1743318736553192 -0.005153912119567394 -0.25082704424858093
v 0.6468458771705627 0.3846544027328491 -0.108107790350914
v 0.05067398399114609 -0.832525908946991 0.22926749289035797
v 0.07639887183904648 -0.8391147255897522 0.24917732179164886
v 0.05577704682946205 -0.8164120316505432 0.23033662140369415
v -0.39189571142196655 0.6324774622917175 0.07038599252700806
v -0.41964206099510193 0.6450952887535095 0.07537225633859634
v 0.26649197936058044 -0.9265815615653992 0.21508905291557312
v 0.24450133740901947 -0.9270864129066467 0.22553114593029022
v -0.32327836751937866 -0.12433277815580368 -0.1675594300031662
v -0.3250528573989868 -0.15251557528972626 -0.17173895239830017
v -0.32056260108947754 -0.12672893702983856 -0.18473364412784576
v 0.03922227397561073 0.11346056312322617 -0.2262682467699051
v 0.19728824496269226 0.030532455071806908 0.026248084381222725
v 0.21717165410518646 0.01028535608202219 0.0127749377861619
v 0.2126857191324234 0.008861349895596504 0.033894993364810944
v -0.28863465785980225 0.011852710507810116 -0.023021666333079338
v -0.29245033860206604 -0.016792982816696167 0.0007545739645138383
v -0.30195340514183044 -0.022696278989315033 -0.02120526134967804
v 0.8757907748222351 0.4990474581718445 -0.10438025742769241
v 0.8470129370689392 0.4953354299068451 -0.10991762578487396
v 0.8579267263412476 0.5278011560440063 -0.10807698220014572
v -0.5436109900474548 0.8102505207061768 0.0328633189201355
v -0.5529816746711731 0.8045764565467834 0.04387408122420311
v -0.5130606889724731 0.7973615527153015 0.038861412554979324
v -0.6661999821662903 0.3365728259086609 0.09208127856254578
v -0.6394544243812561 0.3458707928657532 0.08845517039299011
v -0.6661977171897888 0.36070841550827026 0.08103963732719421
v -0.9305976629257202 0.5153487920761108 0.09127453714609146
v -0.947580099105835 0.5453104972839355 0.08315804600715637
v -0.2665800154209137 -0.6530710458755493 0.009605149738490582
v -0.25685879588127136 -0.6385443210601807 0.039315495640039444
v -0.23736776411533356 -0.6653536558151245 0.03424987941980362
v 0.16480477154254913 0.5012562274932861 0.3092087209224701
v 0.1971493512392044 0.4962347745895386 0.29762035608291626
v -0.5130320191383362 0.5857560634613037 -0.05705041438341141
v 0.5985813736915588 0.2692009210586548 -0.05080103501677513
v 0.6083090901374817 0.261410653591156 -0.04064332693815231
v -0.015573746524751186 -0.897217333316803 0.11824040859937668
v -0.008737973868846893 -0.879928469657898 0.10571970790624619
v 0.31735771894454956 -0.0583915151655674 -0.15130449831485748
v 0.33072274923324585 -0.04763420298695564 -0.1306496262550354
v 0.3462722599506378 -0.08024775236845016 -0.14603830873966217
v -0.38938722014427185 0.714089572429657 0.03813837096095085
v -0.31648892164230347 -0.32543671131134033 0.05278417468070984
v -0.32014819979667664 -0.28885313868522644 0.027462655678391457
v -0.32189181447029114 -0.3344084918498993 0.016694307327270508
v -0.8538947105407715 0.734100878238678 0.05839860811829567
v -0.8775365352630615 0.7150617241859436 0.059342123568058014
v 0.7059491276741028 0.7235419154167175 0.042663976550102234
v 0.6680892705917358 0.7256272435188293 0.04397551342844963
v 0.6908184885978699 0.7107478380203247 0.03979599103331566
v -0.07776756584644318 0.4635286033153534 0.32457756996154785
v -0.058329496532678604 0.49130579829216003 0.32380157709121704
v -0.08401477336883545 0.47952353954315186 0.33439135551452637
v 0.8529228568077087 0.3161405920982361 -0.061344508081674576
v 0.8837332129478455 0.3416934907436371 -0.06420132517814636
v 0.36575227975845337 0.5380493402481079 -0.23344340920448303
v 0.3720743954181671 0.47909584641456604 -0.2274211347103119
v 0.39421719312667847 0.48965686559677124 -0.18208402395248413
v -0.4263874292373657 0.5017170310020447 -0.16724205017089844
v -0.40420711040496826 0.5409392714500427 -0.2103835642337799
v -0.4106856882572174 0.4855877161026001 -0.20362058281898499
v 0.5967340469360352 0.803516149520874 -0.03484363108873367
v 0.5813078880310059 0.7869459986686707 -0.045982301235198975
v 0.5653086304664612 0.7962903380393982 -0.03379217907786369
v 0.3396216630935669 -0.13674336671829224 -0.1831134706735611
v 0.3632303774356842 -0.1338776797056198 -0.1674514263868332
v -0.3214663565158844 -0.3175891637802124 -0.20712555944919586
v -0.3270742893218994 -0.3172122836112976 -0.19091686606407166
v -0.3238823711872101 -0.29248589277267456 -0.01443124283105135
v 0.270479679107666 -0.6824904680252075 -0.05133231356739998
v -0.3186337947845459 -0.20590296387672424 0.02043735235929489
v -0.31753161549568176 -0.25072646141052246 0.038967180997133255
v -0.3121022582054138 -0.2215782105922699 0.05685332790017128
v 0.3557818830013275 0.6869936585426331 -0.012938912957906723
v 0.3662503957748413 0.6615684628486633 -0.005609442014247179
v 0.3688691258430481 0.6602061986923218 -0.015672288835048676
v -0.012866780161857605 -0.8535996079444885 0.16004391014575958
v -0.008581488393247128 -0.8511946201324463 0.1346849501132965
v -0.010450776666402817 -0.8258004188537598 0.15323685109615326
v -0.9297159910202026 0.5753250122070312 -0.005873930640518665
v -0.9034025073051453 0.5694350004196167 -0.018690058961510658
v -0.8995778560638428 0.6006906628608704 -0.017986925318837166
v 0.4283560514450073 0.6132223606109619 -0.07025671005249023
v 0.4512130618095398 0.5886703133583069 -0.08172602206468582
v 0.4567636549472809 0.6185217499732971 -0.07880081236362457
v -0.044382493942976 -0.758426308631897 -0.18351460993289948
v 0.009787453338503838 -0.7561624646186829 -0.1930617392063141
v -0.009311098605394363 -0.7282044291496277 -0.21290980279445648
v 0.44384393095970154 0.6562933921813965 0.04450015351176262
v 0.47071295976638794 0.6984429955482483 0.04409008473157883
v 0.0621146522462368 -0.40984612703323364 -0.2967945635318756
v 0.06482155621051788 -0.3370470702648163 -0.30146339535713196
v 0.11098314076662064 -0.3926455080509186 -0.2990165650844574
v 0.08317282050848007 -0.926905632019043 0.12448538839817047
v 0.10196070373058319 -0.9301151633262634 0.09491825103759766
v 0.45459020137786865 -0.2394401878118515 -0.12915289402008057
v 0.4683763086795807 -0.26967957615852356 -0.1227051168680191
v 0.45134761929512024 -0.25312262773513794 -0.13966548442840576
v 0.12173821032047272 0.4062967300415039 0.2958899438381195
v 0.08293264359235764 0.4452213644981384 0.3067288398742676
v -0.13145478069782257 0.24513812363147736 0.24803763628005981
v -0.14229145646095276 0.22918064892292023 0.23432430624961853
v -0.10744933038949966 0.213860422372818 0.23349116742610931
v 0.24245348572731018 0.7167326211929321 -0.28492188453674316
v 0.2291347235441208 0.7514447569847107 -0.26988592743873596
v 0.2561359405517578 0.7320088744163513 -0.26351749897003174
v 0.16655291616916656 0.480037122964859 0.308666467666626
v 0.1966731995344162 0.4751235246658325 0.2963528335094452
v -0.011826300993561745 -0.8776447772979736 0.13635596632957458
v -4.335876838013064e-06 -0.061420321464538574 0.1516520231962204
v -0.03740790858864784 -0.06241448596119881 0.15292833745479584
v 0.17183677852153778 0.5965354442596436 0.283020943403244
v 0.20352217555046082 -0.15792064368724823 0.12905947864055634
v 0.18374033272266388 -0.1329430341720581 0.13495837152004242
v -0.8200181126594543 0.662891149520874 -0.03510378301143646
v -0.8476343154907227 0.6463540196418762 -0.030097685754299164
v -0.8517740964889526 0.6712742447853088 -0.023949675261974335
v 0.30546730756759644 -0.8746733069419861 0.24121743440628052
v 0.29144325852394104 -0.8559781312942505 0.25483378767967224
v -0.15715765953063965 -0.24224188923835754 0.1649949550628662
v -0.17856422066688538 -0.2134154587984085 0.1580512523651123
v -0.18348878622055054 -0.23831811547279358 0.1507040411233902
v -0.757658839225769 0.7216659784317017 0.08253196626901627
v -0.7682244181632996 0.7333226203918457 0.0793885886669159
v -0.7414965629577637 0.7410709857940674 0.07915274053812027
v 0.015384281985461712 -0.8898261189460754 0.021995771676301956
v 0.010422331281006336 -0.8770275712013245 0.009918120689690113
v 0.015432896092534065 -0.8836472630500793 -0.01741820201277733
v -0.24289633333683014 0.3448546230792999 -0.31427958607673645
v -0.09447881579399109 0.23249168694019318 0.24296098947525024
v -0.10473796725273132 0.03576112911105156 0.10169456899166107
v -0.08836615085601807 0.013536869548261166 0.11764311045408249
v -0.32671278715133667 -0.7928981184959412 -0.18464107811450958
v -0.31331464648246765 -0.774258017539978 -0.2018086463212967
v 0.32480400800704956 -0.9053646326065063 -0.045975666493177414
v 0.3066665232181549 -0.9088607430458069 -0.05427289009094238
v 0.31015387177467346 -0.9012954235076904 -0.07659208029508591
v -0.307623028755188 -0.5295848846435547 0.03566284850239754
v -0.31812676787376404 -0.49960994720458984 0.011611083522439003
v -0.30913737416267395 -0.5558498501777649 0.013248862698674202
v 0.2943771779537201 -0.7912139296531677 0.23095835745334625
v -0.1456112265586853 0.44347989559173584 0.32617130875587463
v -0.1290697157382965 0.43725699186325073 0.31933337450027466
v 0.5487759709358215 0.3654036521911621 0.017077835276722908
v 0.5826658010482788 0.3348577916622162 0.01656869798898697
v -0.3301427960395813 -0.37537872791290283 -0.1530657708644867
v -0.3290802240371704 -0.34578078985214233 -0.17589856684207916
v -0.3301692008972168 -0.3422141373157501 -0.15365657210350037
v 0.9956772327423096 0.5424029231071472 -0.018048612400889397
v 1.0 0.5430487394332886 -0.03134753555059433
v 0.9974958300590515 0.5620569586753845 -0.024064313620328903
v -0.14568394422531128 -0.671953558921814 -0.21346749365329742
v -0.10285323858261108 -0.6793954968452454 -0.22253401577472687
v -0.3474051058292389 -0.8652805685997009 -0.027871279045939445
v -0.33920928835868835 -0.8643745183944702 -0.07502695918083191
v -0.3463161289691925 -0.8536767959594727 -0.06760485470294952
v -0.20555445551872253 0.7173807621002197 -0.3155713379383087
v -0.2020120471715927 0.6915103197097778 -0.3261875510215759
v -0.23507744073867798 0.7087419033050537 -0.30654004216194153
v 0.5060399770736694 -0.4664762020111084 -0.024681517854332924
v 0.5103716254234314 -0.44240015745162964 -0.036534424871206284
v 0.5077130794525146 -0.43631836771965027 -0.009255388751626015
v -0.245060995221138 -0.8940959572792053 0.230735644698143
v 0.4961623251438141 -0.36941373348236084 -0.06849325448274612
v 0.49889352917671204 -0.3707297444343567 -0.04851951077580452
v 0.4931268095970154 -0.34181517362594604 -0.07343102991580963
v -0.38392481207847595 0.3744922876358032 0.12370072305202484
v -0.4158109128475189 0.4160158038139343 0.08052603155374527
v 0.3692726194858551 0.3139141798019409 -0.14071694016456604
v 0.3849720358848572 0.36820095777511597 -0.15688595175743103
v 0.3511175215244293 0.31164154410362244 -0.18712100386619568
v 0.008215763606131077 -0.8658779263496399 0.02075912617146969
v 0.011969844810664654 -0.8859045505523682 0.04609614983201027
v 0.00956698041409254 -0.8759804368019104 0.05864996090531349
v 0.3846568465232849 0.3452645540237427 0.011198912747204304
v -0.42081478238105774 0.5544431209564209 -0.16923478245735168
v -0.39171940088272095 0.5926491618156433 -0.21491573750972748
v -0.4064798355102539 0.6082714796066284 -0.174736887216568
v -0.6971690058708191 0.4196111559867859 -0.044300373643636703
v -0.6541266441345215 0.42791056632995605 -0.04777663201093674
v -0.6727953553199768 0.46142348647117615 -0.053477127104997635
v 0.20733578503131866 0.007408699486404657 -0.24720744788646698
v 0.22864753007888794 -0.013748802244663239 -0.24706856906414032
v 0.3086526095867157 -0.447005033493042 0.04329662024974823
v 0.31510478258132935 -0.4394838213920593 0.025500737130641937
v -0.1796267032623291 0.28442418575286865 0.2569080591201782
v -0.5308013558387756 -0.3425271511077881 -0.017431406304240227
v -0.5216003656387329 -0.3338397741317749 -0.017742210999131203
v -0.5329065918922424 -0.3382396399974823 -0.02429358847439289
v -0.0799565240740776 -0.6001310348510742 -0.25478386878967285
v -0.11706032603979111 -0.6398118138313293 -0.2353193312883377
v -0.13119909167289734 -0.5958083271980286 -0.24572832882404327
v 0.2782016098499298 0.22595791518688202 0.10236899554729462
v 0.2542225122451782 0.20491944253444672 0.10901077091693878
v 0.9432201385498047 0.39385750889778137 -0.056351616978645325
v 0.9409561157226562 0.4066980183124542 -0.06541156023740768
v 0.31742605566978455 -0.23155513405799866 0.013151896186172962
v 0.32084062695503235 -0.26219579577445984 0.0022734447848051786
v 0.31287404894828796 -0.26078057289123535 0.036024436354637146
v 0.4129519760608673 -0.18330831825733185 -0.15093639492988586
v 0.38229602575302124 -0.15667736530303955 -0.16500678658485413
v 0.4022873044013977 -0.15408062934875488 -0.14475534856319427
v -0.6720326542854309 0.6897138357162476 0.07215385138988495
v -0.676811695098877 0.711305558681488 0.07886171340942383
v 0.5573972463607788 0.6739680171012878 0.03735804557800293
v 0.5462916493415833 0.6447734832763672 0.02715848572552204
v 0.2634081244468689 -0.016687212511897087 -0.01080947183072567
v 0.24819576740264893 0.009419101290404797 -0.018447577953338623
v 0.26833486557006836 -0.01006527803838253 -0.026195921003818512
v 0.11400314420461655 -0.10044629871845245 0.14938803017139435
v 0.13651186227798462 -0.06958083808422089 0.13363133370876312
v 0.1423136591911316 -0.10197614133358002 0.14247296750545502
v 0.5125848054885864 -0.43499788641929626 0.014686140231788158
v 0.5127038359642029 -0.4205990135669708 0.005447700619697571
v -0.2796849310398102 -0.825132429599762 -0.20695802569389343
v -0.30559495091438293 -0.8257386684417725 -0.18824517726898193
v -0.29773205518722534 -0.8095410466194153 -0.20705059170722961
v 0.9319623708724976 0.7133864164352417 -0.026332633569836617
v 0.9456999897956848 0.697063148021698 -0.018862050026655197
v -0.8224406838417053 0.7681713700294495 0.04355887323617935
v -0.8572563529014587 0.7488105297088623 0.03767324984073639
v 0.25443851947784424 0.028325889259576797 -0.05665361508727074
v 0.2579258680343628 0.030311983078718185 -0.06934190541505814
v 0.6717440485954285 0.35560089349746704 0.005965640768408775
v 0.7013221979141235 0.36525148153305054 0.0029369653202593327
v 0.2840520143508911 0.4977072775363922 -0.3121545612812042
v 0.31294235587120056 0.513254702091217 -0.2931860685348511
v 0.3167954981327057 0.46080395579338074 -0.2883761525154114
v -0.8947195410728455 0.6291511058807373 -0.015983158722519875
v -0.8689416646957397 0.6328787803649902 -0.025212794542312622
v -0.8711482286453247 0.658235490322113 -0.01971733383834362
v 0.04405651614069939 0.3836689889431 0.33212751150131226
v 0.026860296726226807 0.39402294158935547 0.34140339493751526
v -0.7010707259178162 0.6103700399398804 0.043777111917734146
v -0.7127141952514648 0.6499888896942139 0.061403241008520126
v -0.738937258720398 0.6206819415092468 0.056436821818351746
v -0.3087935149669647 -0.3563065826892853 0.07801306247711182
v 0.1001618430018425 0.6116595268249512 0.28372636437416077
v 0.1172633245587349 0.6148030161857605 0.2826130986213684
v 0.10690058022737503 0.5950232744216919 0.2951515316963196
v -0.3632456958293915 0.42049068212509155 -0.2591043710708618
v -0.36397090554237366 0.46464845538139343 -0.2655521631240845
v -0.3449869155883789 0.4390072524547577 -0.2791442573070526
v -0.2140522450208664 0.6522220373153687 -0.33257579803466797
v 0.06228440999984741 0.7315195798873901 0.19800753891468048
v 0.06639324128627777 0.7135010957717896 0.2129552662372589
v 0.09678038209676743 0.7256272435188293 0.1922387182712555
v -0.6315165162086487 0.8179216384887695 0.001528330845758319
v -0.6712082624435425 0.8154703974723816 0.0026105919387191534
v -0.6464906930923462 0.8056081533432007 -0.010622109286487103
v -0.09209375828504562 0.5294456481933594 0.3378588855266571
v -0.0947367399930954 0.5075232982635498 0.3398052752017975
v -0.11270231008529663 0.5167484879493713 0.34196338057518005
v 0.30523592233657837 -0.392096608877182 -0.24017110466957092
v -0.032201241701841354 0.37016943097114563 0.33006638288497925
v -0.06803528964519501 0.35468167066574097 0.30795222520828247
v -0.04557288810610771 0.3528740108013153 0.30708807706832886
v -0.31094056367874146 0.22071820497512817 -0.19217118620872498
v -0.3087736666202545 0.24900230765342712 -0.22622856497764587
v -0.3287385404109955 0.25512823462486267 -0.20745179057121277
v 0.3200470209121704 -0.36617109179496765 -0.11597301065921783
v 0.3189206123352051 -0.3647801876068115 -0.13670723140239716
v 0.34027203917503357 -0.3874873220920563 -0.12074319273233414
v 0.33274194598197937 0.2661060392856598 -0.17082415521144867
v 0.3485184907913208 0.2672897279262543 -0.12552449107170105
v -0.1332557499408722 -0.8145118951797485 0.25814902782440186
v -0.10226243734359741 -0.819546639919281 0.2505859434604645
v -0.357066810131073 -0.20646512508392334 -0.17063015699386597
v -0.3270941376686096 -0.20380006730556488 -0.17393448948860168
v -0.36202001571655273 -0.24019843339920044 -0.17052431404590607
v 0.20284327864646912 0.4532298445701599 0.28900352120399475
v 0.1743166297674179 0.45932045578956604 0.30312469601631165
v 0.18170562386512756 0.4354715347290039 0.29095888137817383
v -0.10777334123849869 0.7961844205856323 0.13371501863002777
v -0.11869817227125168 0.7571319937705994 0.15777795016765594
v -0.5401787757873535 -0.4379318952560425 -0.0859098806977272
v -0.5519742965698242 -0.4289800226688385 -0.07263526320457458
v -0.5427138209342957 -0.4474613666534424 -0.059944745153188705
v 0.3422757387161255 -0.04181913658976555 -0.10464697331190109
v 0.37059518694877625 -0.06913555413484573 -0.08689083904027939
v 0.34190550446510315 -0.22807224094867706 -0.20227818191051483
v 0.3142583668231964 -0.2124587446451187 -0.20532682538032532
v 0.33074256777763367 -0.2535591125488281 -0.2036338597536087
v 0.8653377890586853 0.3420131802558899 -0.0733274295926094
v 0.8374900221824646 0.3265407979488373 -0.07475583255290985
v 0.43030914664268494 -0.5147979855537415 -0.00792834721505642
v 0.4342285394668579 -0.536841630935669 0.0007083246018737555
v 0.4271833896636963 -0.5493932962417603 -0.0028275172226130962
v 0.8494002819061279 0.5608621835708618 -0.10799539089202881
v 0.8444183468818665 0.5947234630584717 -0.10539649426937103
v 0.8753213286399841 0.5874821543693542 -0.1002933606505394
v 0.10121782124042511 -0.7836794853210449 0.2413540780544281
v 0.12409023195505142 -0.784966766834259 0.25145667791366577
v 0.1097596287727356 -0.7681695222854614 0.23221036791801453
v 0.09713973104953766 0.7386440634727478 0.17782875895500183
v 0.06752412021160126 0.7615340948104858 0.16121013462543488
v 0.06041722372174263 0.7454554438591003 0.18377837538719177
v 0.7423740029335022 0.4809144139289856 -0.1200113520026207
v 0.734519898891449 0.4455277621746063 -0.11792822927236557
v 0.7106753587722778 0.4684267044067383 -0.12013702839612961
v -0.5896645188331604 0.7497495412826538 -0.039955563843250275
v -0.6205916404724121 0.7236652970314026 -0.04788023233413696
v -0.6282473802566528 0.7474151253700256 -0.04127597063779831
v -0.23368431627750397 0.4492972195148468 0.26736775040626526
v -0.2550930380821228 0.48264482617378235 0.25085267424583435
v -0.24592290818691254 0.4746077060699463 0.2677093744277954
v -0.6551473140716553 0.34249380230903625 -0.022829901427030563
v -0.6191146969795227 0.3503235876560211 -0.025192955508828163
v -0.05808701738715172 0.8250307440757751 0.11499126255512238
v -0.05986597388982773 0.8013977408409119 0.1332234889268875
v -0.022279376164078712 0.8274952173233032 0.11260390281677246
v -0.29999372363090515 -0.6885369420051575 -0.1219666376709938
v -0.3143727481365204 -0.7012539505958557 -0.13198105990886688
v -0.29888269305229187 -0.7000482082366943 -0.15222153067588806
v 0.004027438350021839 -0.4436698853969574 0.16585464775562286
v 0.0344630591571331 -0.40442121028900146 0.16548871994018555
v -0.015137268230319023 -0.40450721979141235 0.16920535266399384
v -0.3169959485530853 -0.5704934597015381 -0.12208350747823715
v -0.31778067350387573 -0.5767846703529358 -0.09228269755840302
v -0.30393069982528687 -0.6146798729896545 -0.11560709029436111
v 0.9536687731742859 0.6057738661766052 -0.0706535056233406
v 0.9595587253570557 0.567587673664093 -0.07386967539787292
v 0.4655062258243561 0.6477956175804138 -0.07529808580875397
v 0.44737306237220764 0.6722398400306702 -0.06246428191661835
v -0.3211776316165924 -0.4639918804168701 -0.18195395171642303
v -0.31921130418777466 -0.4385204613208771 -0.19510959088802338
v -0.3121728003025055 -0.48913702368736267 -0.19175231456756592
v 0.1685081273317337 0.7272011637687683 0.14428062736988068
v 0.07500126957893372 -0.8408496379852295 -0.18734580278396606
v 0.057249534875154495 -0.8253265023231506 -0.18754644691944122
v -0.3213341236114502 0.6993732452392578 -0.24717000126838684
v -0.34096619486808777 0.6628844738006592 -0.24908113479614258
v -0.3096488118171692 0.6780350804328918 -0.27205944061279297
v 0.41084685921669006 -0.2229493409395218 -0.015610601752996445
v 0.38427332043647766 -0.2104572206735611 -0.015703165903687477
v 0.4280342757701874 0.3451632559299469 -0.033424027264118195
v 0.46505215764045715 0.31401339173316956 -0.02933056280016899
v -0.5556732416152954 0.3435805141925812 -0.01709636114537716
v 0.2275937795639038 0.024686511605978012 -0.011058587580919266
v 0.139483243227005 -0.8611649870872498 0.27718380093574524
v 0.1445510983467102 -0.840415358543396 0.2788502275943756
v 0.260275661945343 0.7685947418212891 0.04743856564164162
v 0.23361842334270477 0.7869216799736023 0.05295393243432045
v 0.2462603896856308 0.7965304851531982 0.024885699152946472
v -0.05223226919770241 -0.9208105802536011 0.14466193318367004
v -0.04274024814367294 -0.9205196499824524 0.11425495147705078
v -0.03043108806014061 -0.9131636619567871 0.12411289662122726
v -0.2165144979953766 0.11239367723464966 -0.10865890979766846
v -0.21841689944267273 0.10976823419332504 -0.09041780978441238
v -0.11206526309251785 -0.9321454167366028 0.15762804448604584
v -0.10554476827383041 -0.9286096692085266 0.17725786566734314
v 0.4386768639087677 0.7225499153137207 -0.03521842136979103
v 0.46510061621665955 0.742768406867981 -0.035840027034282684
v 0.5135436654090881 0.4960363805294037 0.0031374667305499315
v 0.43608900904655457 0.7454290390014648 0.0020441687665879726
v 0.4162740707397461 0.7268176078796387 0.004720192868262529
v -0.024697547778487206 -0.7350335717201233 0.1012360230088234
v -0.031002044677734375 -0.7394665479660034 0.12366104125976562
v -0.021305052563548088 -0.7509865760803223 0.1254839450120926
v -0.3298826217651367 -0.8933861255645752 0.014864698983728886
v -0.2784813344478607 -0.15741367638111115 -0.23963989317417145
v -0.2922233045101166 -0.17232173681259155 -0.23345884680747986
v -0.23479750752449036 0.16007176041603088 -0.19898928701877594
v -0.2067800611257553 0.16339817643165588 -0.22688762843608856
v -0.19767163693904877 0.14313779771327972 -0.20673315227031708
v 0.927489697933197 0.4621884226799011 -0.08643235266208649
v -0.6057034730911255 0.7000015377998352 -0.05309136584401131
v -0.643896222114563 0.6943451762199402 -0.05387609452009201
v -0.6316906213760376 0.6678774356842041 -0.05832673981785774
v 0.2842481732368469 -0.6964616775512695 0.015949193388223648
v 0.3022335469722748 -0.7054664492607117 0.03680476173758507
v 0.317937433719635 -0.7099722027778625 0.014655263163149357
v 0.4735323190689087 -0.37877127528190613 -0.007247220724821091
v 0.4775838851928711 -0.38740572333335876 0.0037878481671214104
v 0.489454448223114 -0.38534244894981384 -0.004169930703938007
v 0.17056255042552948 0.645042359828949 0.23432877659797668
v 0.1444365233182907 0.6434088945388794 0.24710530042648315
v 0.1605018675327301 0.6339589357376099 0.25968116521835327
v 0.17079181969165802 0.26930445432662964 0.23417440056800842
v 0.1939464658498764 0.2775289714336395 0.22350971400737762
v -0.0788477212190628 -0.04529539495706558 -0.27898114919662476
v -0.07556980103254318 -0.0207564327865839 -0.2752227187156677
v 0.6815688610076904 0.676555871963501 -0.10125447809696198
v 0.685047447681427 0.6439159512519836 -0.10848915576934814
v 0.6372237801551819 0.651027262210846 -0.10491809993982315
v 0.31112155318260193 -0.41850268840789795 0.04274767264723778
v 0.32988500595092773 -0.8015546202659607 0.20504163205623627
v 0.0002866934228222817 0.003694298444315791 0.1253053992986679
v 0.030691372230648994 0.025081075727939606 0.11218725889921188
v 0.034524813294410706 -6.635205500060692e-05 0.12441705912351608
v -0.3249669373035431 -0.7019637227058411 0.03577965497970581
v -0.4733138382434845 0.7714934349060059 -0.008422112092375755
v -0.4479769468307495 0.7656826972961426 0.00031809567008167505
v -0.4469761252403259 0.749460756778717 -0.012641314417123795
v 0.27591121196746826 -0.4527055323123932 -0.26580342650413513
v -0.27932557463645935 0.5243844985961914 0.2220570594072342
v -0.26435360312461853 0.5233241319656372 0.23585855960845947
v -0.2599051892757416 0.5632825493812561 0.22645258903503418
v -0.2633902430534363 -0.8353651165962219 0.24321889877319336
v -0.24052664637565613 -0.8400802612304688 0.25361910462379456
v -0.7895030975341797 0.49089351296424866 0.05831044539809227
v -0.8266972899436951 0.515470027923584 0.0736616849899292
v -0.8221607208251953 0.4713298976421356 0.07582410424947739
v -0.0022130708675831556 0.3009018301963806 0.26813483238220215
v -0.31194353103637695 0.1845247894525528 -0.11767694354057312
v -0.33417895436286926 0.20863384008407593 -0.1196410283446312
v 0.6863898634910583 0.8242459893226624 -0.014861086383461952
v 0.6461139917373657 0.8247926831245422 -0.010628744959831238
v 0.028013113886117935 -0.8963135480880737 0.1552010029554367
v 0.04385588318109512 -0.8981321454048157 0.18652060627937317
v 0.033903203904628754 -0.8872756958007812 0.18555279076099396
v -0.899524986743927 0.46335452795028687 0.09702351689338684
v -0.9156344532966614 0.44539767503738403 0.09501311928033829
v -0.9253094792366028 0.48022449016571045 0.09348544478416443
v -0.056590285152196884 -0.707188069820404 -0.21866759657859802
v -0.054956842213869095 -0.6823647618293762 -0.23115971684455872
v -0.030206279829144478 -0.706116795539856 -0.22338272631168365
v 0.6284130215644836 0.8164998292922974 0.014813982881605625
v 0.5948823690414429 0.8113570809364319 0.015865499153733253
v 0.6165159940719604 0.8092849254608154 0.021479932591319084
v -0.8142404556274414 0.29423364996910095 0.023626981303095818
v -0.8394561409950256 0.2995019853115082 0.030171789228916168
v -0.8322435021400452 0.3162398040294647 0.014681803993880749
v -0.4374532997608185 0.33519282937049866 0.050017621368169785
v -0.43243616819381714 0.3456173241138458 0.06009604036808014
v -0.26930898427963257 0.001708204043097794 0.02253814972937107
v -0.2775973975658417 -0.020553631708025932 0.029622972011566162
v 0.7489673495292664 0.7219459414482117 -0.08628243207931519
v 0.7106907367706299 0.7262797355651855 -0.08628907054662704
v 0.7489783763885498 0.7455744743347168 -0.07709687948226929
v -0.29168546199798584 0.7629867196083069 0.0815378725528717
v -0.27205780148506165 0.7558468580245972 0.10617813467979431
v -0.2628766596317291 0.7827069759368896 0.08541756123304367
v -0.42394936084747314 -0.14956612884998322 -0.0058518568985164165
v -0.43434298038482666 -0.14547483623027802 -0.014243880286812782
v -0.4415005147457123 -0.17110492289066315 -0.005269929766654968
v -0.30108046531677246 0.44246819615364075 0.20402546226978302
v -0.31884098052978516 0.46159324049949646 0.194398894906044
v -0.3022024631500244 0.46504300832748413 0.20288579165935516
v -0.0055394768714904785 -0.8151158690452576 0.10541107505559921
v -0.004232275765389204 -0.7881234288215637 0.06849463284015656
v -0.004847313277423382 -0.8371396660804749 0.07938635349273682
v -0.15782998502254486 -0.752124011516571 -0.24360774457454681
v -0.13452550768852234 -0.7441200017929077 -0.23451252281665802
v 0.9784722328186035 0.5329792499542236 -0.06488468497991562
v -0.48228999972343445 -0.18967227637767792 -0.03401922434568405
v -0.35601311922073364 0.24261634051799774 -0.13639196753501892
v -0.3247288465499878 0.2144247442483902 -0.1582041233778
v 0.49744075536727905 0.3002317249774933 -0.009552987292408943
v 0.5049466490745544 0.30661335587501526 0.0008801829535514116
v 0.5319941639900208 0.28758084774017334 -0.00811794400215149
v 0.8508242964744568 0.5240405201911926 0.009761635214090347
v 0.813526451587677 0.5223961472511292 -0.004932650830596685
v 0.8393351435661316 0.48442596197128296 0.004903219640254974
v -0.23974409699440002 0.29192787408828735 0.21217717230319977
v -0.25805574655532837 0.2693066895008087 0.19370463490486145
v -0.23021021485328674 0.25341543555259705 0.20071010291576385
v 0.5208709239959717 -0.4245823323726654 0.03409339115023613
v 0.28920355439186096 0.7246859669685364 -0.2330818921327591
v 0.2739295959472656 0.7552428245544434 -0.21829062700271606
v 0.30196458101272583 0.738637387752533 -0.19503022730350494
v 0.2562660276889801 0.520537793636322 -0.32594946026802063
v 0.22641456127166748 0.5403594374656677 -0.3369691073894501
v -0.3352788984775543 -0.8060119152069092 -0.16412726044654846
v -0.34258195757865906 -0.8094484210014343 -0.14172877371311188
v 0.2873782813549042 0.17922542989253998 -0.024624232202768326
v 0.3034437596797943 0.19466707110404968 -0.05407889559864998
v 0.3114786744117737 0.2064845710992813 -0.015357083640992641
v -0.09476097673177719 -0.808150053024292 -0.22382137179374695
v -0.0835893303155899 -0.8258379101753235 -0.2087721973657608
v -0.2521105408668518 0.6911047101020813 0.16118359565734863
v -0.2832912802696228 0.6644870638847351 0.16038565337657928
v -0.26169073581695557 0.6478860378265381 0.17715196311473846
v -0.03523661941289902 -0.7487579584121704 0.14663921296596527
v -0.04717985540628433 -0.7319430708885193 0.13180606067180634
v -0.3138217031955719 -0.03447416052222252 -0.140049010515213
v -0.3315204679965973 -0.034218475222587585 -0.12687793374061584
v -0.18087221682071686 0.08319680392742157 0.011029156856238842
v -0.15926063060760498 0.06991115212440491 0.035757582634687424
v -0.1572524607181549 0.08593471348285675 0.018947124481201172
v 0.12159933149814606 -0.9242009520530701 0.01877526566386223
v 0.13591890037059784 -0.9221265912055969 -0.0037532926071435213
v 0.15334872901439667 -0.9272738099098206 0.014809646643698215
v 0.3500285744667053 0.5422706007957458 0.1004270538687706
v 0.34963610768318176 0.5909826159477234 0.08356141299009323
v 0.32691794633865356 0.5883308053016663 0.1085478886961937
v -0.2524346113204956 -0.6918324828147888 0.09380288422107697
v -0.5280680060386658 0.5978602170944214 0.05318307504057884
v -0.5526025891304016 0.6261641979217529 0.05394579470157623
v -0.13158045709133148 -0.2585673928260803 0.17249195277690887
v -0.14238184690475464 -0.23486609756946564 0.1721591353416443
v 0.26628702878952026 0.8081409335136414 -0.08546683192253113
v -0.017597287893295288 -0.8424984216690063 0.18093469738960266
v -0.021124325692653656 -0.8203710913658142 0.1855793297290802
v -0.783128023147583 0.31525227427482605 0.0013012886047363281
v -0.7590829133987427 0.29068243503570557 0.01141045056283474
v -0.7537748217582703 0.31191036105155945 -0.002351358998566866
v -0.9739618897438049 0.4786747395992279 0.029814671725034714
v -0.9605748057365417 0.47028496861457825 0.018411578610539436
v -0.5251075029373169 0.6783437132835388 0.07478585839271545
v -0.5518662929534912 0.6897997260093689 0.07447945326566696
v -0.7871400713920593 0.4398251473903656 -0.03815459832549095
v -0.8196014761924744 0.4357139468193054 -0.03113369643688202
v -0.8056632876396179 0.40562009811401367 -0.027209926396608353
v 0.7068198323249817 0.2902701199054718 0.004180179443210363
v -0.40499183535575867 -0.11341017484664917 -0.01293451152741909
v 0.6139897704124451 0.7926663160324097 0.03258122131228447
v 0.6435701847076416 0.7885397672653198 0.0350346714258194
v 0.6257280707359314 0.7747822999954224 0.04021709784865379
v -0.044550083577632904 0.18914946913719177 0.22574058175086975
v -0.04113111272454262 0.20459109544754028 0.23918719589710236
v -0.0075432430021464825 -0.8821614980697632 0.06316662579774857
v -0.007217001169919968 -0.8828713297843933 0.030614838004112244
v -0.005314602516591549 -0.862910807132721 0.05491795018315315
v -0.5670785903930664 0.31109482049942017 -0.0021838366519659758
v -0.5789843201637268 0.2925560474395752 0.0074910810217261314
v 0.08505314588546753 -0.8192997574806213 0.25090116262435913
v 0.06218520924448967 -0.7998043894767761 0.22826683521270752
v -0.5035576820373535 0.30922988057136536 0.07628265768289566
v -0.5087511539459229 0.295849472284317 0.06741447746753693
v -0.4861542582511902 0.30551770329475403 0.06378613412380219
v -0.759719967842102 0.4556877613067627 0.053952496498823166
v -0.791634738445282 0.45560839772224426 0.06589783728122711
v -0.7708035111427307 0.42952194809913635 0.06610727310180664
v 0.9972489476203918 0.5186684727668762 -0.026195921003818512
v 0.9878209233283997 0.5081316232681274 -0.012491398490965366
v 0.9940702319145203 0.4953552484512329 -0.02536487951874733
v 0.9873866438865662 0.6160793304443359 -0.02199222333729267
v 0.9730186462402344 0.6517016887664795 -0.019518934190273285
v -0.32891711592674255 0.30890363454818726 -0.24873729050159454
v -0.3004499673843384 0.27987441420555115 -0.2564282715320587
v -0.311694473028183 0.3232099115848541 -0.2704811096191406
v -0.183279350399971 0.39270246028900146 0.2898918688297272
v -0.1970764398574829 0.3652493953704834 0.2793771028518677
v -0.1752289980649948 0.36045482754707336 0.28778672218322754
v -0.4939686954021454 0.39830151200294495 -0.026672080159187317
v -0.46407315135002136 0.7335078716278076 -0.026193754747509956
v -0.4978307783603668 0.7527738809585571 -0.027355439960956573
v 0.8313311338424683 0.7893134951591492 -0.009707370772957802
v -0.08643294125795364 0.6337648630142212 0.2798731029033661
v -0.10762565582990646 0.6442664861679077 0.272424578666687
v -0.11911697685718536 0.6394786238670349 0.28569918870925903
v -0.6415374875068665 0.39744406938552856 -0.04060147702693939
v -0.5994893312454224 0.3993992805480957 -0.040023885667324066
v -0.6058841943740845 0.43296515941619873 -0.04834318533539772
v 0.6404487490653992 0.663173258304596 0.017025016248226166
v 0.6676859259605408 0.6343181133270264 -0.0014233500696718693
v 0.6863172054290771 0.6616544127464294 0.014664066024124622
v 0.23069091141223907 0.35442376136779785 -0.31585127115249634
v 0.1964506208896637 0.39609062671661377 -0.3355957269668579
v 0.5448037385940552 0.48919397592544556 -0.009707370772957802
v -0.5536673069000244 -0.36477795243263245 -0.057429540902376175
v 0.22768640518188477 -0.6894760727882385 0.06111668050289154
v 0.24879319965839386 -0.6975594758987427 0.08183100074529648
v 0.4890906512737274 -0.29975590109825134 -0.08430290967226028
v 0.47972434759140015 -0.29485559463500977 -0.11121819168329239
v 0.48066338896751404 -0.2685818076133728 -0.09800080209970474
v 0.6152462363243103 0.74100261926651 0.04658111184835434
v 0.6080820560455322 0.7552978992462158 0.044938866049051285
v -0.16318663954734802 0.05950872600078583 0.0429835170507431
v -0.182646706700325 0.038144152611494064 0.052250731736421585
v 0.4548855721950531 0.38454416394233704 0.023294169455766678
v 0.29737958312034607 0.6375651955604553 0.11263477802276611
v 0.31768396496772766 0.6328699588775635 0.09753042459487915
v 0.29142773151397705 0.6614649295806885 0.1050914004445076
v -0.4502650201320648 -0.2568281590938568 0.007444831542670727
v -0.47162309288978577 -0.26702556014060974 0.001658407156355679
v -0.4668881297111511 -0.24236972630023956 0.003807688131928444
v 0.751420795917511 0.7883633971214294 -0.05188559740781784
v 0.7290200591087341 0.7761776447296143 -0.06233867257833481
v 0.8813325762748718 0.7313211560249329 0.014260698109865189
v 0.8586937785148621 0.7447434663772583 0.01779654063284397
v 0.8752045631408691 0.7546057105064392 0.0034350655041635036
v 0.26609084010124207 0.7916589379310608 -0.16615749895572662
v -0.24147449433803558 0.33459988236427307 0.23991680145263672
v -0.2728469967842102 -0.7073931097984314 -0.18813717365264893
v -0.2637605667114258 -0.7210028171539307 -0.20886476337909698
v -0.2503691017627716 -0.70646071434021 -0.19980928301811218
v -0.43765169382095337 -0.4914604723453522 -0.08326026052236557
v -0.44185322523117065 -0.49314895272254944 -0.07453536242246628
v -0.4346824288368225 -0.515296220779419 -0.08819803595542908
v -0.8762778043746948 0.5495141744613647 -0.02844657003879547
v -0.8487563133239746 0.5631327629089355 -0.036549799144268036
v -0.8478503227233887 0.5302635431289673 -0.0361001156270504
v 0.20516665279865265 0.7646598219871521 0.09568320959806442
v -0.1745302677154541 0.03064926154911518 0.07226631790399551
v 0.8775851726531982 0.5244395136833191 0.01790887862443924
v 0.8679014444351196 0.48967236280441284 0.013971902430057526
v -0.059577178210020065 -0.32327204942703247 0.1697586327791214
v -0.07491514831781387 -0.31657740473747253 0.16931992769241333
v -0.4952428638935089 -0.2804368734359741 -0.11008074879646301
v -0.5038354396820068 -0.3073631525039673 -0.10473074018955231
v 0.011370180174708366 0.22126267850399017 0.2453659474849701
v 0.2871667444705963 -0.746756374835968 0.18457196652889252
v 0.25475385785102844 -0.7483325004577637 0.20750835537910461
v 0.2653919756412506 -0.7374716401100159 0.18267613649368286
v 0.010920562781393528 -0.878418505191803 0.09847617149353027
v 0.09312773495912552 0.28622737526893616 0.2432718575000763
v -0.07534715533256531 0.23136304318904877 0.2421145737171173
v -0.0801328495144844 0.21658281981945038 0.23906157910823822
v -0.8558014631271362 0.5410515666007996 0.08638077974319458
v -0.3064723014831543 -0.18840698897838593 0.06447172909975052
v -0.2996189296245575 -0.21700419485569 0.08495453745126724
v 0.3066687285900116 -0.20145462453365326 -0.23445084691047668
v 0.30989596247673035 -0.2366780936717987 -0.22977538406848907
v -0.4934573173522949 0.4244033694267273 -0.034206584095954895
v -0.5261744856834412 0.4368734657764435 -0.04253028705716133
v -0.49382102489471436 0.452087938785553 -0.040793243795633316
v 0.2432338148355484 0.14964516460895538 -0.12222455441951752
v 0.25671786069869995 0.17208333313465118 -0.15642522275447845
v 0.807345449924469 0.2865844964981079 -0.02293790504336357
v 0.8330703377723694 0.30874937772750854 -0.012076993472874165
v 0.79055255651474 0.2918573319911957 -0.01006219070404768
v 0.1502714306116104 -0.2205994874238968 0.15916228294372559
v 0.1710166335105896 -0.21482186019420624 0.1499633938074112
v 0.17097485065460205 -0.2385055422782898 0.1484798640012741
v 0.12290653586387634 0.2891547679901123 0.253160685300827
v 0.13379602134227753 0.2776060700416565 0.24895250797271729
v 0.13409362733364105 0.3108809292316437 0.2663426697254181
v 0.3503812253475189 -0.7666661739349365 -0.0734398290514946
v 0.34571895003318787 -0.7723314166069031 -0.10400329530239105
v 0.8747283816337585 0.7161705493927002 -0.06594277173280716
v 0.8996354937553406 0.7133423686027527 -0.05660073086619377
v 0.9021902680397034 0.6887879371643066 -0.06777238100767136
v 0.03619793429970741 -0.8300195336341858 -0.1651589274406433
v 0.028588471934199333 -0.8193681240081787 -0.16016162931919098
v 0.04125475138425827 -0.8106035590171814 -0.17996561527252197
v 0.03449616953730583 -0.7783294916152954 0.18461598455905914
v 0.02744879387319088 -0.795464038848877 0.18587693572044373
v 0.046236541122198105 -0.7917099595069885 0.20870308578014374
v 0.4568651020526886 -0.43748220801353455 0.00742052448913455
v 0.46849313378334045 -0.41439372301101685 0.018909677863121033
v 0.4513431489467621 -0.41676124930381775 0.002480647061020136
v -0.4297005534172058 -0.3185039758682251 -0.008148820139467716
v -0.41704532504081726 -0.2878876328468323 0.0007920201751403511
v -0.44896671175956726 -0.31718796491622925 -0.004818078596144915
v -0.3347410559654236 -0.8266711831092834 -0.1516307294368744
v -0.33958402276039124 -0.8271031975746155 -0.13921579718589783
v 0.20816025137901306 -0.5185586214065552 0.11103654652833939
v 0.16433754563331604 -0.5275657176971436 0.1257375329732895
v 0.19727720320224762 -0.5670039057731628 0.10329490154981613
v -0.019541533663868904 0.540593147277832 0.30553412437438965
v -0.020606253296136856 0.5163164734840393 0.31024038791656494
v -0.04236992448568344 0.5351946353912354 0.3157093822956085
v 0.16892699897289276 0.219737246632576 -0.28363236784935
v -0.8017351627349854 0.533905029296875 0.062192369252443314
v -0.7794291377067566 0.5540727376937866 0.05427427217364311
v -0.802206814289093 0.5735483169555664 0.06706181913614273
v 0.1593930721282959 -0.3253573477268219 -0.30137306451797485
v -0.7511097192764282 0.34385156631469727 0.09602495282888412
v -0.7774144411087036 0.354348748922348 0.09607554227113724
v 0.37222641706466675 -0.5436244606971741 -0.06716181337833405
v 0.37485408782958984 -0.5305657982826233 -0.06116371601819992
v -0.45014822483062744 0.41732078790664673 0.087476447224617
v -0.4572683274745941 0.38739442825317383 0.08668284863233566
v -0.43837472796440125 0.3951714038848877 0.08358348160982132
v -0.2678695321083069 0.06647450476884842 -0.1277751326560974
v -0.28039470314979553 0.05357461795210838 -0.10115968436002731
v -0.1075110211968422 -0.09887684136629105 0.160506933927536
v -0.07778739929199219 -0.09814059734344482 0.16309255361557007
v -0.10195163637399673 -0.06658513844013214 0.15084081888198853
v 0.36091580986976624 -0.34454190731048584 -0.18523843586444855
v 0.3465610444545746 -0.35526832938194275 -0.1771109700202942
v 0.15276679396629333 0.3915429413318634 -0.3443184196949005
v 0.10212375968694687 0.38695794343948364 -0.35057881474494934
v 0.2154015600681305 -0.46747255325317383 0.11669079214334488
v 0.24667255580425262 -0.5076470971107483 0.09416446834802628
v 0.7129347324371338 0.26593849062919617 -0.014962519519031048
v 0.7165477275848389 0.280837744474411 -0.002452792366966605
v 0.6927274465560913 0.2738763093948364 -0.005062727257609367
v 0.2089228332042694 0.5581772327423096 0.2816585600376129
v 0.2011304795742035 0.5865077376365662 0.274631142616272
v 0.17744463682174683 0.564237117767334 0.29411107301712036
v -0.7047652006149292 0.8143219351768494 0.011791876517236233
v -0.6813174486160278 0.820950448513031 0.019811278209090233
v 0.21424637734889984 -0.776823878288269 0.2523118853569031
v 0.1913982778787613 -0.7585144639015198 0.23658829927444458
v 0.18545089662075043 -0.7733895182609558 0.2519305944442749
v -0.6653203964233398 0.2655791640281677 0.08371579647064209
v -0.6666033267974854 0.2550930380821228 0.07418408989906311
v -0.34634923934936523 -0.7841622233390808 -0.11908110976219177
v 0.8616763353347778 0.44007426500320435 -0.1027490422129631
v 0.8398377299308777 0.463316947221756 -0.10936874896287918
v 0.8329314589500427 0.43341267108917236 -0.10728561878204346
v 0.7759597301483154 0.3733239769935608 0.008128192275762558
v 0.7952655553817749 0.35079094767570496 0.011727889999747276
v -0.08649686723947525 0.82169109582901 0.11586421728134155
v 0.345804899930954 -0.829724133014679 -0.11638300865888596
v 0.3415682017803192 -0.8494443893432617 -0.11757997423410416
v 0.33336788415908813 -0.8410810232162476 -0.1400710940361023
v -0.3002846837043762 0.5259539484977722 0.19653503596782684
v -0.2965461015701294 0.4778459370136261 0.21114984154701233
v -0.3022972643375397 0.49104565382003784 0.20054034888744354
v -0.20384828746318817 0.09009873121976852 -0.015127873979508877
v -0.19648130238056183 0.09724964201450348 -0.02031029760837555
v -0.20909686386585236 0.10188548266887665 -0.04350901022553444
v -0.181670144200325 0.428232342004776 0.30094242095947266
v -0.2024926096200943 0.4467005431652069 0.29824644327163696
v 0.925331711769104 0.36689165234565735 -0.024926232174038887
v 0.8955971002578735 0.339537650346756 -0.02354847453534603
v 0.2902815043926239 0.2678033113479614 0.12292026728391647
v 0.27135708928108215 0.2388027459383011 0.12196584790945053
v 0.30042600631713867 0.24875108897686005 0.09526656568050385
v 0.3249363303184509 -0.7169424295425415 -0.05514801666140556
v 0.31199005246162415 -0.7074901461601257 -0.04211581498384476
v 0.3042660057544708 -0.7063305974006653 -0.06644100695848465
v 0.4250539541244507 0.6815797090530396 -0.0489361509680748
v 0.4117351770401001 0.6542324423789978 -0.05239039659500122
v 0.39849355816841125 0.6670198440551758 -0.0399269200861454
v 0.08306271582841873 -0.9108336567878723 0.2119567096233368
v 0.06239898130297661 -0.9092134237289429 0.19077935814857483
v 0.09149875491857529 -0.919185996055603 0.2005029022693634
v -0.13188685476779938 -0.9290549159049988 0.18859264254570007
v -0.13566958904266357 -0.9329323768615723 0.16633526980876923
v -0.023846665397286415 0.7042735815048218 -0.35111889243125916
v -0.013459743931889534 0.6689288020133972 -0.3583095073699951
v -0.3721645176410675 0.4965653717517853 0.15101714432239532
v 0.04961589723825455 -0.8409619927406311 -0.16820311546325684
v 0.16722077131271362 -0.8098386526107788 0.2746421694755554
v 0.17828001081943512 -0.7905812859535217 0.2650642395019531
v 0.14980632066726685 -0.7872681617736816 0.25970757007598877
v 0.3454280495643616 0.46945613622665405 -0.2624638080596924
v -0.319936603307724 -0.753380537033081 -0.18680356442928314
v -0.32571637630462646 -0.7415387034416199 -0.16995999217033386
v -0.2505719065666199 -0.9075513482093811 -0.020843742415308952
v -0.2721504271030426 -0.9001381397247314 -0.03774459660053253
v 0.933556079864502 0.6819786429405212 0.007579243741929531
v 0.9079524874687195 0.6853315830230713 0.018422482535243034
v 0.9190184473991394 0.6574220657348633 0.0197627954185009
v -0.636114776134491 0.818737268447876 0.03850862756371498
v -0.5877863764762878 0.8182412981987 0.034695159643888474
v -0.6251348853111267 0.8244995474815369 0.024372095242142677
v 0.17571422457695007 -0.3018258213996887 0.13536620140075684
v 0.1976674348115921 -0.2564203441143036 0.1234978586435318
v 0.16599516570568085 -0.286776602268219 0.13694892823696136
v -0.006738609168678522 -0.8655031323432922 -0.047576066106557846
v -0.006392527371644974 -0.8752927780151367 -0.006495537701994181
v -0.004498997703194618 -0.8570296168327332 -0.019494693726301193
v 0.924282431602478 0.6250995397567749 -0.07958120852708817
v 0.9156699776649475 0.6589519381523132 -0.07353022694587708
v 0.3964039087295532 -0.18949595093727112 -0.16826263070106506
v 0.3941928744316101 -0.21843037009239197 -0.17942330241203308
v 0.5498847365379333 0.4868176579475403 -0.10866331309080124
v 0.5807414650917053 0.5191842913627625 -0.11342916637659073
v 0.5877115726470947 0.48187777400016785 -0.11383916437625885
v -0.4628585875034332 -0.21824300289154053 -0.12334879487752914
v -0.4510079026222229 -0.1939598023891449 -0.12118847668170929
v -0.20069164037704468 -0.10157053917646408 0.1330692321062088
v -0.20036980509757996 -0.13310615718364716 0.14096736907958984
v -0.2564818263053894 0.4549381732940674 -0.3287445902824402
v 0.22598688304424286 0.03980623930692673 -0.0285369660705328
v 0.19656966626644135 0.073420450091362 -0.04288957267999649
v 0.1912725418806076 0.05856087803840637 -0.014526041224598885
v -0.01122670155018568 -0.8146242499351501 -0.13338522613048553
v -0.012011495418846607 -0.7943552136421204 -0.13878372311592102
v -0.004873722326010466 -0.80549156665802 -0.10299152135848999
v 0.175711989402771 -0.07497715950012207 -0.2846794128417969
v 0.19269444048404694 -0.11725682020187378 -0.2890925407409668
v 0.15783241391181946 -0.09078458696603775 -0.2904151976108551
v 0.32981234788894653 -0.7482333183288574 0.1369246244430542
v 0.3387267589569092 -0.7707597017288208 0.1598610132932663
v 0.3390970230102539 -0.7481825947761536 0.11652550101280212
v 0.307689368724823 -0.24878662824630737 0.04519008472561836
v 0.2972804009914398 -0.25218135118484497 0.061908040195703506
v 0.3017353117465973 -0.22402063012123108 0.049631860107183456
v -0.2894127368927002 0.633299708366394 0.17113415896892548
v 0.1765827238559723 0.8328099846839905 -0.21630454063415527
v -0.27211514115333557 -0.11332641541957855 -0.23709164559841156
v -0.2572026252746582 -0.13497105240821838 -0.24689441919326782
v -0.2867079973220825 -0.12718302011489868 -0.23108474910259247
v 0.6849349737167358 0.3779662549495697 -0.10820482671260834
v 0.6871548295021057 0.34835076332092285 -0.10100096464157104
v 0.6533861756324768 0.3605100214481354 -0.1030135303735733
v 0.3429083824157715 -0.8958064913749695 0.16655351221561432
v 0.34867063164711 -0.8877319097518921 0.150106742978096
v 0.34741416573524475 -0.8689243197441101 0.17700427770614624
v -0.22644077241420746 0.6618881225585938 0.19432178139686584
v -0.25816816091537476 0.6397981643676758 0.1813822090625763
v -0.24048474431037903 0.6650580763816833 0.17677514255046844
v 0.34258437156677246 -0.752597987651825 -0.09379493445158005
v 0.13407154381275177 0.02973005548119545 0.08521246165037155
v 0.13820259273052216 0.0535261370241642 0.06341350823640823
v 0.11472828686237335 0.03822784870862961 0.08701342344284058
v -0.49647727608680725 -0.34845685958862305 -0.11615373939275742
v -0.47023653984069824 -0.33030834794044495 -0.13146522641181946
v -0.474032461643219 -0.35446152091026306 -0.12767593562602997
v 0.29195237159729004 0.3222951889038086 0.1470051407814026
v 0.3255843222141266 0.3433336317539215 0.12201656401157379
v -0.22206731140613556 0.3891160190105438 0.27019816637039185
v -0.20533397793769836 0.3966570496559143 0.28050127625465393
v 0.11702748388051987 -0.8939504623413086 -0.10909538716077805
v 0.14331011474132538 -0.9024240374565125 -0.09299470484256744
v 0.30842557549476624 -0.9288278222084045 0.16230343282222748
v 0.28533267974853516 -0.9288962483406067 0.19491250813007355
v 0.3134823739528656 -0.9226909279823303 0.17838650941848755
v -0.2963675558567047 0.6650536060333252 -0.2887199819087982
v -0.2839062511920929 0.691876232624054 -0.2852414846420288
v 0.00859272200614214 -0.7839197516441345 -0.16065539419651031
v 0.02657373435795307 -0.783170223236084 -0.16175757348537445
v 0.014337233267724514 -0.7990107536315918 -0.1303851306438446
v -0.20287837088108063 0.4834979474544525 0.3261447846889496
v -0.1752951592206955 0.4918766915798187 0.336992472410202
v -0.17254410684108734 0.47380974888801575 0.33456334471702576
v 0.9028406143188477 0.7121564745903015 0.012010116130113602
v -0.22365227341651917 -0.9097623229026794 0.2215522676706314
v -0.21797819435596466 0.057588718831539154 0.014992541633546352
v -0.23837296664714813 0.06416664272546768 -0.011927077546715736
v -0.25077909231185913 0.027532292529940605 0.01792214997112751
v 0.6686139106750488 0.5226054787635803 -0.03445129841566086
v 0.7037602663040161 0.5219310522079468 -0.03272746130824089
v 0.669764518737793 0.49648165702819824 -0.03438074141740799
v -0.7240886688232422 0.590380847454071 -0.058575790375471115
v -0.7518415451049805 0.5703871846199036 -0.05548529326915741
v -0.7527101039886475 0.6067702174186707 -0.05448009446263313
v -0.7601233124732971 0.7243773341178894 -0.03402585908770561
v -0.7777582406997681 0.7381789088249207 -0.025080550462007523
v -0.7941476702690125 0.7030964493751526 -0.032914821058511734
v 0.09468181431293488 0.46409517526626587 0.3101147711277008
v 0.06311755627393723 0.4628562927246094 0.30877894163131714
v -0.2753290832042694 0.5656015872955322 0.2110859900712967
v -0.13809655606746674 0.2903672158718109 0.27069851756095886
v -0.11730720847845078 0.31514203548431396 0.28362926840782166
v -0.25285565853118896 0.13873137533664703 -0.1266068071126938
v -0.12890437245368958 -0.1499650925397873 -0.2815668284893036
v -0.13703623414039612 -0.19884902238845825 -0.2820430099964142
v 0.2625373899936676 0.42784881591796875 -0.3172246217727661
v 0.23887796700000763 0.45075878500938416 -0.3297233283519745
v 0.23504018783569336 0.43537667393684387 0.24554017186164856
v 0.2206985503435135 0.4175543785095215 0.2488356977701187
v 0.13034847378730774 0.7155246138572693 0.1861083060503006
v 0.13085538148880005 0.728885293006897 0.17124873399734497
v 0.5039325952529907 -0.44707342982292175 -0.0029024095274508
v 0.42581233382225037 -0.489414781332016 -0.09055452048778534
v -0.5622686743736267 -0.48994606733322144 -0.024807192385196686
v -0.5367576479911804 -0.4731355905532837 -0.04381541535258293
v 0.026223184540867805 0.17508572340011597 0.20665524899959564
v -0.2940463423728943 0.028118686750531197 -0.08692171424627304
v -0.3145028054714203 0.014149674214422703 -0.08718179911375046
v -0.4510277509689331 0.6993997693061829 0.07163577526807785
v -0.4227215647697449 0.6936199069023132 0.06582294404506683
v -0.38808003067970276 0.2809302508831024 -0.10711362957954407
v -0.36586442589759827 0.2414281815290451 -0.09341134130954742
v -0.49441179633140564 -0.3705754280090332 -0.1191163882613182
v -0.5076313614845276 -0.3989124894142151 -0.11552772670984268
v -0.03328356891870499 -0.0013470123521983624 0.12845547497272491
v -0.5354680418968201 0.3252820670604706 -0.004363994114100933
v -0.2758294939994812 0.3070674538612366 -0.2866765260696411
v -0.03217700123786926 -0.9148852825164795 0.04287774860858917
v -0.02889467589557171 -0.9151189923286438 0.08514190465211868
v -0.32256636023521423 -0.2336272895336151 -0.010192266665399075
v 0.8368927240371704 0.3496645390987396 0.007314755581319332
v 0.833046019077301 0.36965805292129517 0.011747729033231735
v 0.2390565276145935 0.21129897236824036 -0.2362958937883377
v 0.2564004361629486 0.20120517909526825 -0.2072049081325531
v 0.22325344383716583 0.1857459396123886 -0.22256271541118622
v 0.6253864169120789 0.8229718804359436 0.0038958508521318436
v 0.6757912635803223 0.8257383108139038 -0.0041854348964989185
v 0.8354466557502747 0.6636251211166382 0.034044910222291946
v 0.8529515266418457 0.6267902851104736 0.02876105345785618
v 0.8290032744407654 0.640529990196228 0.02844361402094364
v 0.07156910002231598 -0.030978064984083176 0.13302285969257355
v -0.3727574944496155 -0.3118424415588379 -0.16013740003108978
v 0.7267781496047974 0.41524428129196167 -0.11457981169223785
v -0.3299751877784729 -0.406852662563324 -0.1459699124097824
v -0.3297547996044159 -0.41195347905158997 -0.11738380789756775
v -0.32910895347595215 -0.44057053327560425 -0.1474049687385559
v -0.3421851694583893 -0.8437990546226501 -0.10730986297130585
v 0.3105461895465851 -0.5303652286529541 -0.1690363883972168
v 0.30230408906936646 -0.5684565901756287 -0.1840723603963852
v 0.30489417910575867 -0.5862678289413452 -0.1545868217945099
v -0.2738587558269501 -0.8010101318359375 -0.22569513320922852
v 0.7139487862586975 0.3305108845233917 -0.09484638273715973
v 0.3105638027191162 -0.8543866276741028 0.24114017188549042
v 0.31988829374313354 -0.18352648615837097 -0.027536166831851006
v 0.23095986247062683 0.7036057114601135 -0.299640417098999
v 0.21566827595233917 0.6866782903671265 -0.31527814269065857
v -0.397367000579834 0.6028553247451782 0.08470332622528076
v 0.13245584070682526 -0.7691262364387512 0.24107185006141663
v -0.7756509184837341 0.3554861843585968 -0.01739836297929287
v 0.9569158554077148 0.6098828315734863 0.009543395601212978
v 0.9317463636398315 0.6299954056739807 0.018550457432866096
v 0.9406762719154358 0.5976817011833191 0.01746806502342224
v -0.23630528151988983 0.09688818454742432 -0.08510971069335938
v -0.24689507484436035 0.08888192474842072 -0.11916933953762054
v -0.25977951288223267 0.0777476578950882 -0.09618446230888367
v -0.5148329734802246 -0.4175591766834259 -0.11146067827939987
v 0.6402613520622253 0.7397109270095825 -0.07927920669317245
v 0.6739550828933716 0.7279154062271118 -0.08542051911354065
v -0.7513919472694397 0.27095118165016174 0.08422059565782547
v 0.2976551055908203 0.004633344244211912 -0.09342237561941147
v -0.27429747581481934 -0.6856492757797241 -0.1476011872291565
v -0.28161150217056274 -0.6778501868247986 -0.10762283205986023
v -0.26121896505355835 -0.6761132478713989 -0.12800881266593933
v 0.6899101734161377 0.6896741390228271 0.030824273824691772
v 0.11791357398033142 -0.8206753134727478 -0.22002103924751282
v 0.11380907893180847 -0.8040896654129028 -0.2239404171705246
v -0.09485360980033875 -0.7987397313117981 0.23937232792377472
v -0.09224361181259155 -0.780143678188324 0.2264106720685959
v -0.11942778527736664 -0.7754969000816345 0.23341837525367737
v 0.3514922559261322 -0.8330284953117371 -0.08533898741006851
v 0.34804680943489075 -0.8476698994636536 -0.09756438434123993
v 0.0218761395663023 -0.8485494256019592 0.18761390447616577
v 0.033656321465969086 -0.8558149933815002 0.20714230835437775
v 0.03396495804190636 -0.8709589838981628 0.20069235563278198
v 0.7960105538368225 0.31745001673698425 0.003785614622756839
v 0.8021805882453918 0.30702999234199524 -0.002712813438847661
v 0.8321908116340637 0.3258684575557709 -0.0006451259250752628
v 0.1972176879644394 -0.18907713890075684 0.13577614724636078
v -0.6987671256065369 0.48048239946365356 -0.054839447140693665
v -0.6782864332199097 0.5026825070381165 -0.058584656566381454
v -0.3900330662727356 -0.10241485387086868 -0.12329807877540588
v -0.35478973388671875 -0.060007285326719284 -0.12587057054042816
v -0.3661796450614929 -0.08893954008817673 -0.1344785988330841
v 0.27615809440612793 -0.7029160261154175 0.07461833953857422
v -0.26021817326545715 0.2136620134115219 0.15616434812545776
v 0.8077664375305176 0.4583020508289337 -0.11353276669979095
v 0.778721809387207 0.48875316977500916 -0.11813102662563324
v 0.7723952531814575 0.4527404308319092 -0.11651308834552765
v 0.01879674755036831 -0.8146331310272217 -0.14403894543647766
v -0.2915884852409363 -0.9136662483215332 0.12733563780784607
v -0.3017902970314026 -0.9067203402519226 0.14746803045272827
v 0.2988101541996002 -0.1771382987499237 -0.24618688225746155
v 0.2923426032066345 -0.18532969057559967 -0.2569573223590851
v 0.28668612241744995 -0.15549583733081818 -0.2571469247341156
v -0.41848915815353394 -0.40026599168777466 -0.07297247648239136
v -0.44858095049858093 -0.4394198954105377 -0.0767044872045517
v -0.2608155906200409 0.8148840069770813 0.03913246840238571
v -0.24409770965576172 0.8079094290733337 0.06921110302209854
v -0.27412107586860657 0.7888748049736023 0.06662757694721222
v 0.40265321731567383 0.7129300832748413 -0.003914245404303074
v -0.4782891273498535 -0.26406732201576233 -0.12465599924325943
v -0.4809299409389496 -0.2899553179740906 -0.12511448562145233
v 0.17127245664596558 -0.9068900942802429 -0.08620090782642365
v 0.14219027757644653 -0.9108490347862244 -0.06046498194336891
v 0.05219942331314087 -0.06344392895698547 -0.2917003035545349
v 0.06232619285583496 -0.10944455862045288 -0.2973611354827881
v 0.33984869718551636 0.3884942829608917 0.11845865100622177
v -0.40933001041412354 0.33596882224082947 0.03774814307689667
v 0.4575815498828888 0.3201723098754883 -0.012872758321464062
v -0.4432441294193268 -0.38860267400741577 -0.12465376406908035
v -0.4342305064201355 -0.4016657769680023 -0.11461292207241058
v -0.4596821069717407 -0.42997193336486816 -0.11152459681034088
v -0.26326242089271545 -0.8446521162986755 -0.1920565366744995
v 0.20616522431373596 0.7919586300849915 -0.24841327965259552
v 0.16438813507556915 0.8129376173019409 -0.25520050525665283
v -0.009185489267110825 -0.85992830991745 -0.08002648502588272
v -0.013971114531159401 -0.8550698757171631 -0.10823129862546921
v -0.006522603798657656 -0.8434860110282898 -0.08709803968667984
v 0.38921108841896057 0.41374093294143677 0.04696464166045189
v 0.37461376190185547 0.3595466613769531 0.05438004061579704
v 0.3589782118797302 0.37401825189590454 0.0900268629193306
v -0.3257274031639099 -0.4667385518550873 -0.16402588784694672
v -0.32188522815704346 -0.49161916971206665 -0.1693626344203949
v -0.32699933648109436 -0.48324260115623474 -0.14415797591209412
v -0.05689005181193352 -0.9214961528778076 0.04018621891736984
v -0.17112226784229279 0.2408638596534729 0.2291441261768341
v -0.16054359078407288 0.2558887302875519 0.24738961458206177
v 0.00027125506312586367 -0.26129642128944397 0.1883193403482437
v 0.00017862497770693153 -0.2374672293663025 0.18860366940498352
v -0.03111227974295616 -0.25599488615989685 0.18883071839809418
v 0.4338691830635071 -0.18267343938350677 -0.04238476976752281
v 0.5989516377449036 0.6741950511932373 -0.09612493962049484
v 0.5664726495742798 0.6950858235359192 -0.0858900398015976
v 0.6038916707038879 0.7014255523681641 -0.08914372324943542
v 0.9119115471839905 0.4725201725959778 0.016736220568418503
v 0.8979490995407104 0.5235732793807983 0.020748089998960495
v 0.9108225703239441 0.5342422723770142 0.021598972380161285
v 0.4517487585544586 0.5004693865776062 -0.08651170879602432
v 0.4131636619567871 0.5204871892929077 -0.07345743477344513
v 0.11298906803131104 -0.29436182975769043 0.1624930202960968
v 0.08834434300661087 -0.3238120675086975 0.15791013836860657
v 0.12606318295001984 -0.3099048137664795 0.14916323125362396
v 0.07667005807161331 0.5645897388458252 0.3036779761314392
v 0.07083068788051605 0.5749480128288269 0.29641905426979065
v 0.08492530882358551 0.5866774916648865 0.29607507586479187
v -0.6706857681274414 0.3651677966117859 -0.030681846663355827
v -0.7088300585746765 0.35986411571502686 -0.026963043957948685
v -0.6934877634048462 0.337115079164505 -0.01955421268939972
v -0.20499452948570251 -0.9209737181663513 0.2065781205892563
v 0.582606315612793 0.6092567443847656 -0.10669265687465668
v 0.8673326969146729 0.7681229114532471 -0.009160656481981277
v -0.04201720654964447 -0.5030421614646912 -0.2786681056022644
v -0.10592612624168396 -0.494678795337677 -0.27078530192375183
v -0.07117873430252075 -0.45713409781455994 -0.2807600498199463
v -0.6300461888313293 0.25769639015197754 0.07342583686113358
v -0.6203382015228271 -0.38437697291374207 0.050275541841983795
v -0.6168971657752991 -0.3928769528865814 0.04595727100968361
v -0.5923206806182861 -0.3864203691482544 0.00426387507468462
v 0.32104334235191345 -0.35533007979393005 -0.09325262159109116
v 0.32177072763442993 -0.34303635358810425 -0.07847017049789429
v 0.32187217473983765 -0.3679875135421753 -0.06837198138237
v -0.6772151589393616 0.24944981932640076 0.04439438506960869
v 0.25236648321151733 -0.11397673189640045 -0.2709638476371765
v 0.2356640249490738 -0.07544228434562683 -0.268131285905838
v 0.27055680751800537 -0.09616987407207489 -0.2548697888851166
v -0.002519472735002637 -0.3268299102783203 0.17231129109859467
v 0.7152339220046997 0.2588205635547638 -0.037918753921985626
v 0.7275674343109131 0.2614063322544098 -0.028257040306925774
v 0.6948061585426331 0.2579631209373474 -0.028052005916833878
v 0.3556893765926361 -0.7861527800559998 0.011577973142266273
v 0.354543000459671 -0.772304892539978 -0.017173487693071365
v 0.35300442576408386 -0.7565085291862488 -0.010582429356873035
v -0.25090476870536804 0.5867171883583069 0.23724287748336792
v -0.2577956020832062 0.5558649301528931 0.24823826551437378
v -0.24998773634433746 0.5675260424613953 0.25631284713745117
v -0.20553021132946014 -0.20334592461585999 0.14059486985206604
v -0.2045426219701767 -0.21646851301193237 0.14335039258003235
v -0.25100621581077576 0.7803857922554016 -0.24459311366081238
v -0.28450366854667664 0.763969898223877 -0.22837121784687042
v -0.27780020236968994 0.7415515780448914 -0.25768476724624634
v -0.2692185938358307 -0.7791847586631775 -0.23180779814720154
v 0.026813914999365807 0.11788906902074814 -0.23434284329414368
v 0.07589853554964066 0.11470600962638855 -0.21828623116016388
v -0.07833628356456757 -0.19148866832256317 -0.2909442186355591
v -0.0664481669664383 -0.25542616844177246 -0.29293912649154663
v -0.39471733570098877 -0.13163143396377563 -0.0016657649539411068
v -0.3829372227191925 -0.11181864887475967 -0.005305142141878605
v -0.36103248596191406 -0.11458290368318558 -0.0007598295342177153
v 0.2941787838935852 0.22949151694774628 -0.19252829253673553
v 0.31162190437316895 0.22752079367637634 -0.15445449948310852
v -0.0452268086373806 -0.7869066596031189 -0.19323143362998962
v -0.0805010050535202 -0.789847195148468 -0.22034071385860443
v 0.039090096950531006 0.6389848589897156 0.26624569296836853
v 0.04287492111325264 0.5990020036697388 0.283020943403244
v -0.31779611110687256 0.5047745108604431 0.19096896052360535
v -0.32208141684532166 0.548268735408783 0.1804959774017334
v -0.7934908270835876 0.2826232314109802 0.08415437489748001
v -0.7895538210868835 0.26983579993247986 0.07423034310340881
v 0.4428960680961609 0.7312528491020203 0.02566392347216606
v 0.4783400297164917 0.7418050169944763 0.03385964781045914
v -0.8858138918876648 0.3860629200935364 0.0014798478223383427
v -0.9141619801521301 0.39372965693473816 0.011824855580925941
v 0.05264903977513313 -0.9113119840621948 0.02691817469894886
v 0.06709867715835571 -0.9193733930587769 0.05997253209352493
v 0.04427475482225418 -0.9124472737312317 0.06129300594329834
v -0.022453535348176956 0.17615261673927307 0.21117861568927765
v -0.02344546467065811 0.17107819020748138 0.2002955675125122
v -0.2787722945213318 -0.9046922922134399 0.1905500888824463
v -0.2986446022987366 -0.9029486775398254 0.16870711743831635
v -0.26100513339042664 -0.9161175489425659 0.179986834526062
v 0.7523399591445923 0.34248051047325134 -0.09716535359621048
v -0.9746540784835815 0.44347333908081055 0.04941808804869652
v -0.97175532579422 0.45084697008132935 0.03562093526124954
v -0.9679285883903503 0.42787522077560425 0.04633856564760208
v 0.7587833404541016 0.7374602556228638 0.04066671431064606
v -0.4599708318710327 0.7407623529434204 0.05974115431308746
v -0.2276730090379715 0.5738943815231323 0.2999725043773651
v -0.23732152581214905 0.5884255170822144 0.280704140663147
v 0.22607727348804474 -0.9424596428871155 0.16276854276657104
v 0.22515583038330078 -0.9431958794593811 0.13826493918895721
v -0.21423080563545227 -0.01071342546492815 0.07182984054088593
v -0.1969001144170761 -0.011465108953416348 0.09151262044906616
v 0.23890003561973572 0.03654158487915993 -0.1984160840511322
v 0.26061081886291504 0.026346363127231598 -0.17370960116386414
v -0.09228328615427017 -0.30954107642173767 0.16820009052753448
v -0.08290597051382065 -0.2967359125614166 0.17610938847064972
v 0.31635692715644836 -0.03099350444972515 -0.03701275214552879
v 0.3389405310153961 -0.048452042043209076 -0.04334589093923569
v 0.3382814824581146 -0.06923258304595947 -0.03154810145497322
v -0.3956321179866791 0.2838289737701416 -0.05793657526373863
v -0.37154731154441833 0.24352005124092102 -0.046676699072122574
v -0.3965623676776886 0.2888704240322113 -0.006647687405347824
v 0.5128052830696106 -0.3999904692173004 0.035510700196027756
v 0.49662521481513977 -0.3915742039680481 0.016652394086122513
v 0.49854955077171326 -0.3943825364112854 -0.009458255022764206
v -0.49551838636398315 0.48314306139945984 -0.046720780432224274
v -0.4650188386440277 0.4663303792476654 -0.03792315348982811
v -0.8509210348129272 0.4349512457847595 -0.023383185267448425
v -0.837145984172821 0.4049212336540222 -0.019889257848262787
v -0.8606202006340027 0.3989231288433075 -0.011898433789610863
v 0.4320528507232666 -0.2729111909866333 -0.16353869438171387
v 0.43617716431617737 -0.3025951087474823 -0.16310667991638184
v 0.416108638048172 -0.28317025303840637 -0.17641881108283997
v -0.8750609755516052 0.6192513704299927 0.08995630592107773
v 0.46561646461486816 0.4359873831272125 -0.08549987524747849
v 0.4781416356563568 0.4098479449748993 -0.08482315391302109
v 0.4466303288936615 0.411377876996994 -0.07492776215076447
v 0.860483705997467 0.3305108845233917 -0.008673461154103279
v 0.8608188629150391 0.34681862592697144 0.00013520052016247064
v 0.030528316274285316 0.7303314208984375 0.2066022902727127
v -0.00015418640396092087 0.7183881402015686 0.21997834742069244
v -0.14533786475658417 -0.5448654890060425 -0.25452810525894165
v -0.09141256660223007 -0.5493095517158508 -0.26416119933128357
v 0.4554058611392975 -0.2853569984436035 -0.1445723921060562
v -0.2935371398925781 -0.31383076310157776 0.105038583278656
v -0.2990436553955078 -0.27953311800956726 0.09487424045801163
v -0.9414188861846924 0.4702298939228058 0.08865133672952652
v 0.35196393728256226 -0.8798513412475586 0.126808762550354
v -0.30532822012901306 -0.8518735766410828 -0.15389464795589447
v -0.3216118812561035 -0.8485186100006104 -0.1427934318780899
v -0.3217088580131531 -0.8344921469688416 -0.16259300708770752
v 0.02153676003217697 0.8468825221061707 0.08983069658279419
v 0.02742895297706127 0.8684720396995544 0.0626816675066948
v -0.023934828117489815 0.8650839924812317 0.07305321842432022
v -0.8495389223098755 0.6636648178100586 0.08690108358860016
v -0.8408757448196411 0.6940652132034302 0.08114764094352722
v -0.3282778859138489 -0.39723941683769226 -0.07802049070596695
v -0.3297327756881714 -0.338797390460968 -0.12638640403747559
v -0.3496007025241852 -0.7841511964797974 -0.02473446913063526
v -0.3490142822265625 -0.7873100638389587 -0.0642806887626648
v -0.350288450717926 -0.8243653774261475 -0.02394750714302063
v -0.19782371819019318 -0.07083731889724731 0.12398938834667206
v -0.9396752715110779 0.37429600954055786 0.06491030752658844
v -0.167762890458107 0.4587671458721161 0.33099663257598877
v -0.14904123544692993 0.47646817564964294 0.3395121693611145
v 0.008118798024952412 -0.8319858908653259 -0.03788347542285919
v 0.008334803394973278 -0.8600804209709167 -0.01272730901837349
v 0.00789615698158741 -0.8387972712516785 -0.0035615942906588316
v 0.35929787158966064 0.6406688690185547 0.038343340158462524
v 0.3425799310207367 0.6854725480079651 0.024709373712539673
v 0.3259944021701813 0.6814473867416382 0.05624052509665489
v 0.015521058812737465 -0.8471584320068359 0.16682232916355133
v 0.02310621552169323 -0.876520574092865 0.17415404319763184
v -0.37452980875968933 0.6394675970077515 -0.2175874263048172
v 0.07671407610177994 0.49511271715164185 0.3114880621433258
v -0.44544851779937744 -0.509963870048523 -0.0763099193572998
v 0.4213683307170868 -0.5070783495903015 -0.022278785705566406
v -0.503749430179596 -0.24902911484241486 -0.02265574410557747
v 0.46972978115081787 -0.45579826831817627 0.008979075588285923
v -0.4990983009338379 0.2995770275592804 0.028597865253686905
v -0.48182928562164307 0.3200114965438843 0.016795741394162178
v -0.4571823179721832 0.32358476519584656 0.029184261336922646
v 0.27366942167282104 0.4394437372684479 0.20432740449905396
v 0.2574695348739624 0.4507940113544464 0.22032009065151215
v 0.2455395758152008 0.41716861724853516 0.23037420213222504
v 0.1578477919101715 -0.7708478569984436 0.247949481010437
v -0.5297169089317322 -0.39541637897491455 -0.004676965530961752
v -0.5507156252861023 -0.39528632164001465 0.009527891874313354
v 0.5290931463241577 -0.4242604672908783 0.06652837991714478
v 0.5325496792793274 -0.414898544549942 0.08052380383014679
v 0.5246139764785767 -0.41467148065567017 0.047634728252887726
v -0.22289395332336426 -0.6703708171844482 -0.17622920870780945
v -0.2009517252445221 -0.6848623752593994 -0.18011106550693512
v -0.2360760122537613 -0.6789215803146362 -0.1573907434940338
v 0.15537449717521667 -0.4405286908149719 -0.2933095097541809
v -0.3477908670902252 -0.8720236420631409 0.008355234749615192
v 0.34004053473472595 0.6384491920471191 0.06986568868160248
v 0.37099647521972656 0.5904315710067749 0.05280835181474686
v -0.30197325348854065 -0.5711459517478943 -0.16842134296894073
v -0.3016226887702942 -0.6035698652267456 -0.1408536434173584
v -0.29237544536590576 -0.6012486815452576 -0.16148868203163147
v -0.07096929848194122 0.7285083532333374 0.20837461948394775
v -0.07350210845470428 0.711603045463562 0.2224649041891098
v -0.03661437705159187 0.7161881327629089 0.22227530181407928
v -0.5391779541969299 -0.3742787837982178 -0.09008276462554932
v -0.5396453142166138 -0.39725926518440247 -0.09559589624404907
v -0.5219332575798035 -0.3603516221046448 -0.10139335691928864
v -0.29515954852104187 -0.41465166211128235 -0.22499632835388184
v 0.6354978084564209 0.3154638111591339 0.013837490230798721
v 0.6272402405738831 0.3021429479122162 0.011606615968048573
v -0.04762290418148041 0.4613948464393616 0.31768667697906494
v -0.05869542062282562 0.4536884129047394 0.31820249557495117
v -0.013770547695457935 0.4898112416267395 0.31533241271972656
v 0.3117343485355377 0.21755051612854004 0.024973861873149872
v 0.3391059637069702 0.24214452505111694 -0.019576219841837883
v -0.35885897278785706 0.622491717338562 -0.24873065948486328
v -0.454276978969574 0.6444163918495178 0.07806811481714249
v -0.2978665232658386 -0.09861011803150177 -0.2160840630531311
v -0.28241389989852905 -0.07682660967111588 -0.2236560881137848
v 0.2849094867706299 0.6846106052398682 0.09704335778951645
v 0.26380491256713867 0.682022750377655 0.11380966752767563
v 0.2749236822128296 0.7102055549621582 0.08808477967977524
v 0.2740110456943512 0.23359377682209015 -0.2242864966392517
v 0.12355455011129379 -0.6912748217582703 -0.23071666061878204
v 0.08241456747055054 -0.7078537940979004 -0.22627265751361847
v 0.08949939161539078 -0.681070864200592 -0.23956933617591858
v -0.06684055924415588 -0.7543504238128662 -0.20251402258872986
v 0.2614308297634125 0.3065824806690216 0.16553287208080292
v 0.07291821390390396 0.3786342442035675 0.3160709738731384
v 0.09061042964458466 0.38028305768966675 0.3010812997817993
v -0.13550199568271637 -0.9348568320274353 0.11826904863119125
v -0.16137462854385376 -0.9349030256271362 0.1267780065536499
v -0.13498622179031372 -0.9347465634346008 0.14293809235095978
v 0.23697780072689056 -0.057260703295469284 0.06399333477020264
v 0.21797838807106018 -0.04839692637324333 0.0820823535323143
v 0.22651152312755585 -0.041455384343862534 0.06771430373191833
v 0.26111772656440735 0.15461592376232147 -0.03400378301739693
v 0.3089348375797272 -0.19169370830059052 0.026023143902420998
v 0.3117386996746063 -0.22309701144695282 0.029737545177340508
v 0.31797710061073303 -0.20459142327308655 0.000218896078877151
v 0.29020869731903076 -0.8311282992362976 0.2532973289489746
v 0.8859177231788635 0.4641876518726349 0.016473835334181786
v 0.8911992907524109 0.49569031596183777 0.01836296357214451
v 0.06729484349489212 -0.8570516705513 -0.16190965473651886
v -0.4735894203186035 0.5701998472213745 0.06872167438268661
v -0.5089583992958069 0.557368278503418 0.054336026310920715
v -0.4746563136577606 0.5287976264953613 0.06807352602481842
v 0.44997432827949524 -0.21082976460456848 -0.11770781874656677
v 0.4502498507499695 -0.19577395915985107 -0.09941823780536652
v 0.4630703926086426 -0.22422125935554504 -0.10013464093208313
v 0.292020708322525 -0.9357715845108032 0.0859377309679985
v 0.27109694480895996 -0.9391112327575684 0.09522031992673874
v 0.2912469506263733 -0.9369751811027527 0.11312854290008545
v 0.3223990499973297 -0.22219541668891907 -0.033437296748161316
v 0.3190087676048279 -0.18105320632457733 -0.019349178299307823
v -0.22519531846046448 -0.6534214615821838 0.05637506768107414
v -0.22485581040382385 -0.6738317012786865 0.036791492253541946
v -0.5087908506393433 -0.4789440929889679 -0.0754391998052597
v -0.350541889667511 -0.8013143539428711 0.08341372758150101
v -0.34890851378440857 -0.8064262866973877 0.11809495836496353
v -0.3475131690502167 -0.7832694053649902 0.11293461173772812
v -0.46534067392349243 0.43901604413986206 -0.03192729502916336
v -0.4443221092224121 0.4542989730834961 -0.030135132372379303
v -0.08349669724702835 -0.27621990442276 0.18195310235023499
v -0.061208389699459076 -0.2517206370830536 0.18733614683151245
v -0.05482900142669678 -0.28250017762184143 0.18485406041145325
v 0.53401780128479 0.6121004223823547 0.016903743147850037
v 0.16299499571323395 -0.13431192934513092 0.14403152465820312
v 0.16573724150657654 -0.10361398756504059 0.13501118123531342
v -0.7701663970947266 0.6256771087646484 0.06814198195934296
v 0.7629121541976929 0.3169671595096588 -0.08580411225557327
v 0.7477593421936035 0.2989994287490845 -0.07843048870563507
v 0.03892914205789566 0.2720467150211334 -0.33012452721595764
v 0.08858675509691238 0.23493632674217224 -0.3116365373134613
v 0.03595762327313423 0.22683966159820557 -0.31362709403038025
v 0.8844429850578308 0.6756213307380676 0.028214337304234505
v 0.8539103865623474 0.6786985993385315 0.03358189016580582
v 0.8732470870018005 0.6953327059745789 0.028068888932466507
v -0.7189833521842957 0.2499568611383438 0.06360311061143875
v 0.3641297519207001 -0.09065233916044235 -0.03743596002459526
v 0.9691786170005798 0.4744049608707428 -0.004648322705179453
v 0.9750863313674927 0.5016751289367676 -0.0032507251016795635
v 0.5312645435333252 0.2860267460346222 -0.04529013857245445
v 0.5321462750434875 0.2801918387413025 -0.032989781349897385
v 0.5000330805778503 0.29469218850135803 -0.03178177773952484
v 0.668878436088562 0.2858636975288391 0.004720192868262529
v -0.2678849697113037 -0.2396848350763321 -0.2490282505750656
v -0.2372046411037445 -0.2863754630088806 -0.2591859698295593
v 0.2514913082122803 -0.10922408849000931 0.06732184439897537
v 0.25424903631210327 -0.12394924461841583 0.06504695117473602
v -0.30787432193756104 -0.8613347411155701 -0.13168786466121674
v -0.3238537311553955 -0.8601774573326111 -0.1164645403623581
v 0.35357531905174255 -0.8743559122085571 0.09766930341720581
v 0.3549111485481262 -0.8465302586555481 0.0949292927980423
v 0.11212491989135742 -0.5841295719146729 0.12669865787029266
v 0.07026636600494385 -0.5524352788925171 0.1430659294128418
v 0.06879820674657822 -0.5918580889701843 0.13320142030715942
v 0.17192703485488892 0.19504836201667786 0.16546007990837097
v 0.1279676854610443 0.1838545799255371 0.17841291427612305
v 0.17354734241962433 0.2175196409225464 0.17832699418067932
v -0.22346484661102295 0.46200093626976013 0.28922176361083984
v -0.2116803228855133 0.43837907910346985 0.28663599491119385
v 0.1381320357322693 0.0858156755566597 -0.005499205552041531
v -0.5145905017852783 -0.5186534523963928 -0.046467263251543045
v -0.522490918636322 -0.5175336599349976 -0.04680894315242767
v -0.5241486430168152 -0.5189113616943359 -0.05346168950200081
v -0.581102728843689 0.2599160969257355 0.055136192589998245
v -0.5215849280357361 -0.4403214156627655 -0.10128752887248993
v -0.5310262441635132 -0.4246550500392914 -0.10155647993087769
v 0.7190365195274353 0.700550377368927 -0.09470750391483307
v 0.7238904237747192 0.6726454496383667 -0.10219352692365646
v 0.2470627874135971 0.5721815824508667 -0.3269745111465454
v 0.27619779109954834 0.5464060306549072 -0.3151392638683319
v 0.2522231340408325 0.5466859936714172 -0.3268907368183136
v 0.487732857465744 -0.362412691116333 -0.0910901352763176
v 0.4797155559062958 -0.37566089630126953 -0.10371449589729309
v 0.47739651799201965 -0.35214918851852417 -0.1111939549446106
v 0.2778113782405853 -0.9181764125823975 0.22402554750442505
v 0.29743239283561707 -0.9168559312820435 0.21024613082408905
v 0.27920016646385193 -0.9082214832305908 0.2373950332403183
v -0.6789609789848328 0.24960197508335114 0.06680166721343994
v -0.6769065260887146 0.24700294435024261 0.05531921610236168
v -0.324043333530426 -0.3763376772403717 -0.19725000858306885
v -0.3280133306980133 -0.378478080034256 -0.179368257522583
v 0.14754246175289154 0.42946016788482666 0.2944835424423218
v 0.12243694812059402 0.4404907822608948 0.3026728332042694
v 0.15341705083847046 0.4405592381954193 0.30258020758628845
v -0.35298654437065125 -0.07943214476108551 -0.008790267631411552
v 0.21639789640903473 -0.03792184218764305 -0.26342278718948364
v 0.19824054837226868 -0.05680215358734131 -0.2753218710422516
v 0.8699139952659607 0.4692886173725128 -0.10408705472946167
v 0.02741358056664467 -0.9055608510971069 0.09665536135435104
v 0.029051359742879868 -0.9061626195907593 0.07239416241645813
v 0.014987614937126637 -0.893121600151062 0.06514181941747665
v -0.26067671179771423 -0.8530529141426086 0.24397951364517212
v -0.2837938368320465 -0.8544020056724548 0.22922571003437042
v -0.28628480434417725 -0.8342452645301819 0.229430690407753
v -0.44231611490249634 -0.29183125495910645 -0.15053296089172363
v 0.289419561624527 -0.3610680401325226 -0.26683950424194336
v 0.28861939907073975 -0.3276852071285248 -0.2693524658679962
v 0.27397584915161133 -0.3377194106578827 -0.27917730808258057
v -0.2935812175273895 0.17191579937934875 0.04870608448982239
v -0.30154335498809814 0.16841083765029907 0.008350767195224762
v -0.26920756697654724 0.14227378368377686 0.010129790753126144
v 0.12288893014192581 0.7388731837272644 -0.32642123103141785
v -0.507880449295044 -0.3016164004802704 -0.015482759103178978
v -0.476726233959198 0.7256404757499695 0.06997159123420715
v -0.4959835112094879 0.7424200773239136 0.0682719275355339
v 0.2059338390827179 -0.6964263916015625 -0.20056097209453583
v 0.9168646931648254 0.3921425938606262 -0.07368671149015427
v -0.04455448314547539 0.3347035348415375 0.29765793681144714
v -0.026059867814183235 0.34781941771507263 0.30667367577552795
v -0.8849321603775024 0.31499433517456055 0.05174146220088005
v -0.8635388016700745 0.30365288257598877 0.04255150631070137
v -0.8929516077041626 0.3265407979488373 0.041779983788728714
v -0.3903747498989105 -0.3272464871406555 -0.15450745820999146
v -0.4006558954715729 -0.3200294077396393 -0.15703803300857544
v 0.17822496592998505 0.23478417098522186 0.19883187115192413
v 0.19937576353549957 0.2612828314304352 0.20587044954299927
v 0.17753280699253082 0.2532479166984558 0.2179877758026123
v 0.8148468732833862 0.4922471046447754 -0.11456877738237381
v 0.45213451981544495 -0.3311901092529297 -0.011693465523421764
v 0.45541468262672424 -0.2824406623840332 -0.016172688454389572
v 0.4415338337421417 -0.2828352153301239 -0.011417874135077
v 0.25995612144470215 0.49179956316947937 -0.32415953278541565
v -0.16511103510856628 -0.8097636699676514 0.2603711187839508
v -0.1812734156847 -0.8225358128547668 0.26397526264190674
v -0.19609330594539642 -0.8050970435142517 0.25732022523880005
v 0.5231789350509644 0.37690818309783936 0.02004278637468815
v -0.1763554811477661 -0.04801339656114578 0.12524376809597015
v -0.14960332214832306 -0.023099711164832115 0.12383946776390076
v -0.17856422066688538 -0.018263304606080055 0.10930836945772171
v -0.0035996316000819206 0.38367778062820435 0.34109920263290405
v 0.3410126864910126 -0.9138073921203613 0.03874894231557846
v 0.3313112258911133 -0.9229311943054199 0.06371110677719116
v 0.32785043120384216 -0.9197679758071899 0.019072864204645157
v -0.268716037273407 0.03245679661631584 -0.010121709667146206
v 0.42055487632751465 -0.38755786418914795 -0.013758919201791286
v 0.4418203830718994 -0.37829071283340454 -0.006663059815764427
v 0.7638776302337646 0.2726220488548279 -0.021238306537270546
v 0.7738744616508484 0.27114957571029663 -0.034144897013902664
v 0.4983865022659302 0.5618299245834351 -0.09712350368499756
v -0.7999032735824585 0.3774769604206085 0.09380288422107697
v 0.35570475459098816 -0.8136146664619446 0.050548963248729706
v 0.3548317849636078 -0.8535202145576477 0.057064998894929886
v 0.35483625531196594 -0.8495656251907349 0.01906406134366989
v 0.3579884469509125 -0.33835428953170776 -0.04070284590125084
v 0.3359096348285675 -0.3114236295223236 -0.04675605893135071
v 0.34089142084121704 -0.34388941526412964 -0.05744938179850578
v 0.5957641005516052 0.3216647803783417 0.015537022612988949
v 0.5760858058929443 0.3115004301071167 0.013685340993106365
v -0.29707956314086914 -0.6787893176078796 -0.06842493265867233
v -0.2738323509693146 -0.6715325713157654 -0.04999423399567604
v -0.2750205099582672 -0.6727339625358582 -0.07904769480228424
v 0.669079065322876 0.5475125908851624 -0.03141145780682564
v 0.6371840834617615 0.5763742923736572 -0.023136304691433907
v -0.25259771943092346 -0.1544686257839203 0.11255095154047012
v -0.04185408726334572 -0.7232049703598022 0.1047850027680397
v -0.46001049876213074 -0.4811859428882599 -0.06309916079044342
v -0.02837667055428028 -0.3749929666519165 -0.292859822511673
v 0.0041376748122274876 -0.4104897975921631 -0.29326096177101135
v -0.053746674209833145 -0.41697725653648376 -0.2869190275669098
v -0.4933493137359619 0.6848642230033875 -0.0458919033408165
v -0.4635198712348938 0.6872581243515015 -0.03968220576643944
v -0.4769488573074341 0.6558172702789307 -0.04737766459584236
v -0.3495499789714813 -0.8224233388900757 -0.05593721196055412
v -0.3494706153869629 -0.8431200981140137 -0.04307693615555763
v -0.5372315645217896 0.5735417604446411 0.046014558523893356
v 0.43199989199638367 0.4925181567668915 -0.0798192173242569
v 0.44830119609832764 -0.4857577383518219 -0.09235765784978867
v 0.807993471622467 0.7824181318283081 0.015052061527967453
v 0.7151105403900146 0.35502105951309204 -0.10273577272891998
v 0.15330471098423004 -0.9287044405937195 0.22190281748771667
v 0.1646570861339569 -0.9188508987426758 0.24522049725055695
v 0.13871172070503235 -0.9154517650604248 0.24181263148784637
v -0.24866291880607605 0.5651849508285522 0.27897804975509644
v -0.2423848956823349 0.5607519745826721 0.29134896397590637
v 0.3365973234176636 -0.7386003136634827 -0.08711124211549759
v 0.334090918302536 -0.7284690141677856 -0.06611916422843933
v -0.2135695219039917 0.35942327976226807 0.26889753341674805
v 0.8142539262771606 0.6255514025688171 0.020538784563541412
v 0.8186824321746826 0.590510904788971 0.010052532888948917
v 0.8344810605049133 0.608908474445343 0.020675431936979294
v 0.18138384819030762 -0.15619903802871704 -0.2956880033016205
v 0.6325747966766357 0.32914626598358154 0.013729487545788288
v 0.6691120266914368 0.2665799558162689 -0.05806218460202217
v -0.5113897919654846 -0.3654392659664154 -0.009433948434889317
v -0.5277219414710999 -0.3820403516292572 -0.0016305524623021483
v -0.1853712797164917 -0.8422383666038513 0.2661135196685791
v -0.1703728288412094 -0.8558326363563538 0.26600760221481323
v 0.25887593626976013 0.5761318802833557 0.2218940109014511
v 0.2627556324005127 0.5566650629043579 0.23129551112651825
v 0.24825094640254974 0.5730523467063904 0.24545857310295105
v 0.7576326131820679 0.807900607585907 0.009966603480279446
v 0.7694832682609558 0.7942071557044983 0.018660562112927437
v 0.7409191727638245 0.8020877838134766 0.019324082881212234
v -0.2834080755710602 0.8201612830162048 -0.032246898859739304
v -0.2951948344707489 0.8126377463340759 -0.06761149317026138
v 0.12336285412311554 0.08628512918949127 0.025873227044939995
v 0.13208545744419098 -0.03937665745615959 0.12318699061870575
v 0.30134955048561096 -0.45373281836509705 0.056077469140291214
v 0.28708964586257935 -0.451740026473999 0.07445081323385239
v -0.3359997570514679 -0.002504297299310565 -0.07390271872282028
v -0.30756568908691406 0.021022826433181763 -0.07274767011404037
v 0.044025637209415436 -0.730263352394104 0.12950251996517181
v 0.03262688219547272 -0.7307240962982178 0.11097045987844467
v 0.03327489644289017 -0.7459496259689331 0.14129361510276794
v 0.27545055747032166 0.6506745219230652 -0.2937900125980377
v 0.25976651906967163 0.686867892742157 -0.2891763150691986
v 0.3005141615867615 0.19550468027591705 -0.09509766846895218
v 0.329298734664917 0.2260483056306839 -0.06285668164491653
v -0.6184093952178955 -0.38831835985183716 0.05896963179111481
v -0.6013850569725037 -0.37206557393074036 0.041949737817049026
v -0.5951577425003052 -0.3799351453781128 0.04661855846643448
v 0.219931498169899 0.2772865295410156 0.19936098158359528
v 0.20411080121994019 0.24891860783100128 0.1870804727077484
v 0.22980034351348877 0.2643490731716156 0.17012456059455872
v -0.022316887974739075 0.3960861563682556 0.34477171301841736
v -0.025726990774273872 0.3818041682243347 0.3391108810901642
v -0.046218737959861755 0.38771185278892517 0.33745983242988586
v 0.10941354930400848 -0.925955593585968 0.19696705043315887
v 0.10034920275211334 -0.9276859760284424 0.1760300248861313
v -0.8493383526802063 0.5940157771110535 -0.03539034724235535
v -0.8193700313568115 0.5759731531143188 -0.04357956722378731
v 0.41365519165992737 0.6927931904792786 -0.037054598331451416
v 0.4372286796569824 0.7042163014411926 -0.04471037909388542
v -0.44768813252449036 0.5066062211990356 0.07893674075603485
v -0.47361141443252563 0.4903160631656647 0.07273577898740768
v -0.24325786530971527 0.5090200901031494 -0.3360785245895386
v -0.5280195474624634 0.46832093596458435 -0.04894935339689255
v -0.5636749863624573 0.48724308609962463 -0.05532880872488022
v -0.5625927448272705 0.4513605535030365 -0.049436550587415695
v 0.31484028697013855 -0.24911287426948547 -0.20372866094112396
v -0.7633131146430969 0.2773481607437134 0.022377196699380875
v -0.786935031414032 0.2962638735771179 0.01384852733463049
v 0.1848049908876419 0.03426222875714302 -0.24159517884254456
v 0.16738829016685486 0.0150026585906744 -0.25863930583000183
v 0.14528517425060272 0.054992057383060455 -0.24434399604797363
v -0.5619601011276245 0.6756102442741394 0.06937192380428314
v -0.2347247153520584 0.5615807771682739 -0.3378133475780487
v -0.5551640391349792 0.2702612280845642 0.06025476008653641
v -0.7990568280220032 0.6089834570884705 0.07367048412561417
v 0.569627046585083 0.2709622085094452 -0.041979171335697174
v 0.5689525008201599 0.28257250785827637 -0.057151783257722855
v -0.26493552327156067 -0.9159719944000244 0.04141182824969292
v 0.9322092533111572 0.454984575510025 0.00906947162002325
v 0.565035343170166 0.7511647343635559 0.04430175572633743
v 0.5902180075645447 0.7696726322174072 0.04071309417486191
v 0.5512735247612 0.7731357216835022 0.03564077615737915
v -0.5507729053497314 -0.4381655752658844 -0.05422880873084068
v 0.4667825400829315 0.5559927821159363 0.02935178391635418
v 0.2891528606414795 -0.19366659224033356 0.05781234800815582
v 0.2963743209838867 -0.1685457080602646 0.040303025394678116
v 0.30158329010009766 -0.19764548540115356 0.042403824627399445
v 0.2415650337934494 0.5967954397201538 -0.32635948061943054
v 0.5510839819908142 0.5889237523078918 0.0015305645065382123
v 0.5485247373580933 0.5548399090766907 -0.006830582395195961
v 0.42316704988479614 0.5831263065338135 -0.07292623072862625
v 0.40826988220214844 0.5503650307655334 -0.0698511078953743
v 0.40029674768447876 0.5903940200805664 -0.06208515539765358
v -0.6855078935623169 0.3145270049571991 -0.010377461090683937
v 0.3051697015762329 -0.8251104354858398 -0.18031170964241028
v 0.31978029012680054 -0.8344283103942871 -0.1618325263261795
v 0.29991015791893005 -0.8454214334487915 -0.1735861748456955
v 0.32956546545028687 -0.37374311685562134 -0.1432034969329834
v 0.3477735221385956 -0.3898283541202545 -0.13814005255699158
v 0.4792173206806183 0.5934448838233948 -0.08916572481393814
v 0.19754181802272797 -0.8718980550765991 -0.17856144905090332
v 0.21197594702243805 -0.8850382566452026 -0.15312089025974274
v 0.1919536590576172 0.20182020962238312 -0.26037853956222534
v 0.2202620804309845 0.2125796228647232 -0.2519204020500183
v 0.20456711947917938 0.23256880044937134 -0.2759281098842621
v 0.30478841066360474 -0.282460480928421 0.0559077151119709
v -0.5489917993545532 -0.41566789150238037 -0.02105974778532982
v 0.21604077517986298 -0.8499932885169983 -0.20511074364185333
v 0.237797811627388 -0.8351755142211914 -0.2122550904750824
v 0.23981700837612152 -0.8533681631088257 -0.19614343345165253
v 0.05240439251065254 0.20610550045967102 0.2333059012889862
v 0.5140088200569153 0.762250542640686 0.03361053392291069
v 0.5407124161720276 0.7508121132850647 0.0423772819340229
v -0.14129064977169037 0.6460983157157898 0.27549517154693604
v -0.15283268690109253 0.6364850401878357 0.28787264227867126
v 0.1983838975429535 -0.8145427107810974 0.27721020579338074
v -0.5335965156555176 0.27974000573158264 0.0631115734577179
v -0.5349147319793701 0.28773075342178345 0.07337288558483124
v 0.24936409294605255 -0.059491515159606934 0.03722350299358368
v 0.4860597252845764 -0.31030818819999695 -0.09733071178197861
v -0.35733136534690857 -0.34079667925834656 -0.06333284080028534
v -0.34021666646003723 -0.32064446806907654 -0.05897922441363335
v -0.36549410223960876 -0.32908713817596436 -0.042470768094062805
v -0.6193814873695374 0.299283891916275 -0.0012227172264829278
v 0.41032877564430237 0.4283624291419983 -0.06285451352596283
v 0.4264955520629883 0.40055224299430847 -0.06330859661102295
v -0.09831442683935165 -0.036398567259311676 0.13986526429653168
v -0.07180698215961456 -0.06410521268844604 0.15255571901798248
v -0.06880681961774826 -0.032558623701334 0.14088590443134308
v -0.3487916588783264 -0.7598745226860046 -0.02649352140724659
v -0.8566038608551025 0.29540854692459106 0.05384226143360138
v -0.8292102813720703 0.2820676863193512 0.046451035887002945
v -0.8286062479019165 0.2795393466949463 0.06172501668334007
v 0.31045132875442505 -0.7448804974555969 -0.14833304286003113
v 0.28374338150024414 -0.729386031627655 -0.15738195180892944
v 0.4807560443878174 -0.3465280532836914 -0.022461745887994766
v 0.468762069940567 -0.34539279341697693 -0.014722272753715515
v 0.21043066680431366 -0.6486732959747314 0.060349490493535995
v -0.8851702213287354 0.3832854628562927 0.09609103947877884
v -0.3093401789665222 -0.059868406504392624 -0.011301068589091301
v -0.31448736786842346 -0.10686767101287842 0.0005341011565178633
v -0.45615512132644653 -0.45997554063796997 -0.09327909350395203
v -0.45227760076522827 -0.451528400182724 -0.08969476819038391
v 0.45979034900665283 0.7185423970222473 -0.0483035072684288
v -0.1876087188720703 -0.720043957233429 0.17482635378837585
v 0.7589662671089172 0.8104929327964783 -0.02740832418203354
v 0.7654669284820557 0.7968127131462097 -0.04228340461850166
v 0.7544561624526978 0.2803748548030853 -0.00939426850527525
v -0.5599893927574158 0.750953197479248 -0.037548430263996124
v -0.5860846042633057 0.7769426107406616 -0.02826584316790104
v 0.6309369802474976 0.48366546630859375 -0.11812662333250046
v 0.6400232911109924 0.44616934657096863 -0.11642269045114517
v 0.596108078956604 0.4487351179122925 -0.1127171590924263
v 0.3095431625843048 0.7502257227897644 -0.15409298241138458
v 0.286040335893631 0.7724126577377319 -0.16590620577335358
v 0.2813713848590851 0.3411160409450531 0.1600990891456604
v 0.2636902332305908 0.17269179224967957 0.04189231991767883
v -0.49219420552253723 -0.48665717244148254 -0.06718381494283676
v 0.1806761771440506 -0.16121616959571838 0.1416705697774887
v -0.20636782050132751 -0.03814448043704033 0.10169890522956848
v -0.21513018012046814 -0.06925459206104279 0.11077205836772919
v -0.8459678292274475 0.7089843153953552 -0.014391562901437283
v -0.8661686182022095 0.6874806880950928 -0.013348916545510292
v 0.399414986371994 0.6850934624671936 0.024081196635961533
v 0.9956353306770325 0.5881632566452026 -0.027719128876924515
v 0.984355628490448 0.6229062676429749 -0.037427157163619995
v 0.3032519519329071 -0.5204191207885742 0.032482024282217026
v 0.27941393852233887 -0.3129313886165619 0.08694957196712494
v 0.2914784550666809 -0.34299445152282715 0.07740683108568192
v 0.2957373261451721 -0.313365638256073 0.07186505198478699
v -0.5625794529914856 0.4205193519592285 -0.042810212820768356
v -0.5253059267997742 0.40893545746803284 -0.03541235253214836
v 0.23109440505504608 0.6470152735710144 0.17063146829605103
v 0.2106863558292389 0.6720921397209167 0.16953817009925842
v -0.8301471471786499 0.28654929995536804 0.07439786195755005
v 0.43139588832855225 0.5553447604179382 -0.0788162499666214
v 0.03683057799935341 -0.719907283782959 -0.22070664167404175
v 0.06029818207025528 -0.7461303472518921 -0.20147576928138733
v 0.4213263988494873 -0.45603635907173157 -0.013161554001271725
v 0.4299366772174835 -0.44339871406555176 -0.005538885481655598
v 0.41246479749679565 -0.41486549377441406 -0.018553413450717926
v -0.4121626615524292 0.5657514929771423 0.08031003177165985
v 0.3141172528266907 -0.47504016757011414 -0.17074918746948242
v 0.3091508448123932 -0.4880017936229706 -0.20105256140232086
v -0.26063039898872375 -0.6527139544487 -0.15814019739627838
v -0.26309049129486084 -0.6641303300857544 -0.141570046544075
v 0.5116214156150818 0.7031295299530029 0.0470462329685688
v -0.6941997408866882 0.76407790184021 -0.030260806903243065
v -0.6809757351875305 0.7856807112693787 -0.02102893590927124
v -0.6540715098381042 0.7734001874923706 -0.029780246317386627
v 0.3076937198638916 -0.9056512117385864 0.2169627994298935
v 0.31635692715644836 -0.891267716884613 0.22209016978740692
v 0.372380793094635 -0.08756624907255173 -0.04725199192762375
v 0.3552373945713043 -0.0611116848886013 -0.05153728276491165
v -0.18664543330669403 -0.8756013512611389 0.2603159248828888
v -0.19170665740966797 -0.8975061178207397 0.24652323126792908
v -0.1828891783952713 0.7979303598403931 0.11533957719802856
v -0.0034849937073886395 -0.8030491471290588 0.03723900392651558
v -0.004137477371841669 -0.7625792622566223 0.035391658544540405
v -0.25912705063819885 -0.47719600796699524 -0.23318995535373688
v -0.2231033891439438 -0.4183836579322815 -0.2543451488018036
v -0.2093283087015152 -0.4819926917552948 -0.24959257245063782
v 0.1694471836090088 0.09737972170114517 -0.054903365671634674
v 0.1604357808828354 0.08968865871429443 -0.028704488649964333
v -0.10266587138175964 0.11295799911022186 -0.21433158218860626
v -0.11299990862607956 0.10657847672700882 -0.2167586237192154
v -0.08654094487428665 0.0971328392624855 -0.23046530783176422
v -0.32652541995048523 -0.8686619997024536 -0.09111221134662628
v -0.33511361479759216 -0.853855311870575 -0.11033203452825546
v 0.7927239537239075 0.6480491757392883 0.023750487715005875
v 0.7672678828239441 0.6660388708114624 0.0265565887093544
v 0.7771345973014832 0.6344547867774963 0.013974136672914028
v 0.02388877607882023 0.09324657917022705 0.11197572201490402
v 0.02529951184988022 0.07875069230794907 0.07634217292070389
v -0.09112383425235748 -0.5984601974487305 0.1349186897277832
v 0.5659744143486023 0.7691876888275146 -0.054400734603405
v 0.5471756458282471 0.7772512435913086 -0.044236455112695694
v 0.11455196142196655 -0.6435371041297913 -0.253084272146225
v 0.07081308215856552 -0.6597237586975098 -0.249288409948349
v 0.07173438370227814 -0.6185749769210815 -0.26288267970085144
v 0.5175181031227112 -0.4364638030529022 0.0412839837372303
v 0.2717273533344269 -0.6730535626411438 -0.15281009674072266
v 0.24410676956176758 -0.7057045102119446 -0.1513618379831314
v 0.257985383272171 -0.6712548136711121 -0.1806776225566864
v -0.508863627910614 0.6542455554008484 -0.05276952311396599
v -0.5238885283470154 0.6815134882926941 -0.050924476236104965
v 0.5336915850639343 -0.42299070954322815 0.09468017518520355
v 0.5286171436309814 -0.4180110991001129 0.09979217499494553
v 0.5317296385765076 -0.41031572222709656 0.09054703265428543
v -0.7369445562362671 0.4128745198249817 -0.03939787670969963
v -0.751669704914093 0.44455572962760925 -0.04421878233551979
v 0.2581197917461395 0.3466908037662506 -0.30134880542755127
v 0.013658340089023113 -0.7549434304237366 0.08181339502334595
v 0.018999483436346054 -0.7409523129463196 0.08886077255010605
v 0.33929333090782166 -0.7298622131347656 -0.04413285106420517
v -0.7139728665351868 0.44895991683006287 -0.048900872468948364
v -0.4458254873752594 -0.4579409062862396 -0.07852305471897125
v 0.321424663066864 -0.3546180725097656 0.0037481682375073433
v 0.3221476972103119 -0.307056725025177 -0.0031977747566998005
v 0.3193262219429016 -0.3292524814605713 0.0204416885972023
v -0.7305232286453247 0.4827616512775421 -0.05243224650621414
v 0.3111325800418854 -0.13680288195610046 -0.19428512454032898
v 0.30783483386039734 -0.09344083815813065 -0.17840489745140076
v 0.3021012246608734 -0.2828153669834137 -0.252907931804657
v 0.3105396330356598 -0.3124332129955292 -0.23143084347248077
v 0.17933152616024017 -0.2738855183124542 -0.3009299337863922
v 0.14017987251281738 -0.2706958055496216 -0.30339667201042175
v 0.09052226692438126 0.6128057241439819 0.278698205947876
v 0.07823294401168823 0.5958719253540039 0.28754863142967224
v 0.07263164967298508 0.613709568977356 0.2785239815711975
v -0.1340758204460144 0.6274781227111816 0.2988041937351227
v -0.15106043219566345 0.6194431781768799 0.30440759658813477
v 0.2278737723827362 0.7737528085708618 0.07253961265087128
v 0.19806422293186188 0.787748396396637 0.08021963387727737
v -0.06438487768173218 -0.7155779004096985 0.11339303106069565
v -0.06835056096315384 -0.7251558899879456 0.13939568400382996
v -0.19647906720638275 -0.16170336306095123 0.1473446488380432
v -0.6534455418586731 0.27527838945388794 0.013482606038451195
v -0.27642467617988586 0.6024783253669739 0.18748830258846283
v -0.6030516028404236 -0.39903151988983154 0.038380786776542664
v -0.5649932622909546 0.5937557220458984 0.042139336466789246
v 0.4164503812789917 0.3707139194011688 0.005974575411528349
v 0.42520609498023987 -0.4857577383518219 -0.018048612400889397
v 0.4101657271385193 -0.4819464385509491 -0.03476427122950554
v 0.2998373806476593 -0.024541325867176056 -0.030756738036870956
v 0.3149857521057129 -0.0562797449529171 -0.02644944004714489
v 0.878189206123352 0.6838634014129639 -0.07841288298368454
v 0.8616653084754944 0.6518890857696533 -0.09159276634454727
v 0.8887614011764526 0.6497354507446289 -0.08568283915519714
v 0.6956988573074341 0.6231222748756409 -0.006118578836321831
v 0.669295072555542 0.6022512912750244 -0.016161717474460602
v -0.3253769278526306 -0.5252532958984375 -0.09958575665950775
v -0.32863277196884155 -0.47299447655677795 -0.11604350060224533
v -0.3276474177837372 -0.4713764786720276 -0.07523199170827866
v 0.3099510073661804 -0.4482439160346985 -0.21150563657283783
v -0.42771223187446594 0.4425298273563385 -0.15564267337322235
v 0.14379718899726868 0.6170977354049683 0.2787201404571533
v -0.39685332775115967 0.4292552173137665 0.11984297633171082
v -0.3721843659877777 0.4404776394367218 0.15240579843521118
v 0.6413723826408386 0.38049474358558655 -0.002536487765610218
v 0.632502019405365 0.3491530418395996 0.01001285295933485
v 0.7502149939537048 0.5257313847541809 -0.12007087469100952
v 0.09899575263261795 -0.007018864620476961 0.11720439791679382
v 0.11997022479772568 0.01053000520914793 0.10242641717195511
v 0.27659904956817627 -0.043062351644039154 -0.005016477778553963
v 0.31033453345298767 -0.7546612620353699 0.1769404262304306
v 0.17587505280971527 -0.9146053194999695 -0.057253215461969376
v 0.19900985062122345 -0.9088122248649597 -0.08437346667051315
v 0.17953217029571533 -0.022160600870847702 -0.2697955369949341
v 0.19156789779663086 -0.008242239244282246 -0.2608678936958313
v -0.17665964365005493 -0.7913550734519958 -0.24963009357452393
v -0.14250968396663666 -0.8007280230522156 -0.24318887293338776
v 0.24072740972042084 0.2666967511177063 -0.2767172157764435
v 0.23064032196998596 0.23857347667217255 -0.26544854044914246
v 0.25362297892570496 0.24250388145446777 -0.25147730112075806
v -0.8108986616134644 0.2824137806892395 0.03387738764286041
v -0.3558390438556671 -0.16246825456619263 -0.16537053883075714
v -0.38826513290405273 -0.20823520421981812 -0.16265477240085602
v 0.22665263712406158 0.8345733880996704 -0.03662915900349617
v 0.18888530135154724 0.8616958260536194 -0.07482638955116272
v -0.03372884914278984 -0.9027127623558044 -0.0294694434851408
v 0.9470556378364563 0.3965182900428772 -0.021454377099871635
v 0.953093409538269 0.4216567873954773 -0.011545782908797264
v 0.9339903593063354 0.3923211693763733 -0.012577393092215061
v -0.46773242950439453 -0.31877732276916504 -0.00450720963999629
v -0.47390902042388916 -0.3354908227920532 -0.00722081121057272
v -0.1134076789021492 -0.5211113095283508 0.15260210633277893
v 0.2165566086769104 0.26898491382598877 -0.2906113564968109
v 0.24624711275100708 0.28952738642692566 -0.28524813055992126
v 0.5084692239761353 -0.4181235134601593 -0.03267017379403114
v 0.5058327913284302 -0.4095684289932251 -0.051149286329746246
v -0.9620054364204407 0.5513371825218201 0.07439576089382172
v 0.37936851382255554 -0.1840357631444931 -0.018295494839549065
v 0.35588330030441284 -0.17264798283576965 -0.019602695479989052
v -0.9821907877922058 0.5421141386032104 0.03954700753092766
v 0.4839985966682434 -0.4791821837425232 0.015951428562402725
v 0.562116801738739 0.8106693029403687 -0.008920343592762947
v 0.568361759185791 0.8127150535583496 0.0012880181893706322
v 0.6095150113105774 0.8212921619415283 -0.010622109286487103
v -0.2519805133342743 -0.2707376480102539 0.13284653425216675
v -0.278267502784729 -0.2736716568470001 0.11695751547813416
v -0.26152536273002625 -0.29944509267807007 0.12983757257461548
v 0.13644787669181824 -0.16752947866916656 0.15930773317813873
v 0.10755753517150879 -0.16962364315986633 0.1670847237110138
v 0.10977736860513687 -0.13521793484687805 0.1595546156167984
v -0.31310081481933594 -0.561204195022583 -0.1506277620792389
v 0.8402279615402222 0.2981133460998535 -0.03564603254199028
v 0.8466337323188782 0.30594760179519653 -0.023949675261974335
v 0.16939646005630493 0.6372653245925903 -0.34387534856796265
v 0.19342628121376038 0.6628139019012451 -0.3314162790775299
v 0.20523273944854736 0.6288049817085266 -0.33486613631248474
v -0.6844806671142578 0.8140067458152771 0.041187018156051636
v -0.7040356397628784 0.815898060798645 0.028712570667266846
v -0.7254641652107239 0.8097854256629944 0.03518668934702873
v 0.20329290628433228 -0.8129643797874451 -0.2289002537727356
v 0.24224181473255157 0.46700045466423035 0.26247623562812805
v 0.23113185167312622 0.4700734317302704 0.2747346758842468
v 0.24639703333377838 -0.7778488993644714 -0.21599367260932922
v 0.25616011023521423 -0.7877553701400757 -0.2138664573431015
v 0.28711381554603577 0.44959479570388794 -0.3072674870491028
v 0.2621097266674042 0.4559985101222992 -0.32089266180992126
v -0.8206110596656799 0.3763571083545685 -0.015495963394641876
v 0.3208824098110199 -0.2300826460123062 -0.008697768673300743
v 0.46746814250946045 -0.317128449678421 -0.018989892676472664
v -0.5840676426887512 0.7266082167625427 -0.046365827322006226
v 0.2818189263343811 0.7836527228355408 -0.015242446213960648
v 0.2851651608943939 0.7852993011474609 -0.031847935169935226
v 0.30772683024406433 0.7629161477088928 -0.03830228000879288
v 0.7573857307434082 0.6961923837661743 -0.09425118565559387
v 0.27510881423950195 -0.1619766652584076 0.061837486922740936
v -0.15922975540161133 0.14884933829307556 -0.2375832498073578
v -0.1577087789773941 0.1677716225385666 -0.2567721903324127
v -0.13395677506923676 0.14320401847362518 -0.24185967445373535
v -0.21019023656845093 0.4316270649433136 0.28080108761787415
v -0.22828581929206848 0.4226377308368683 0.2702333927154541
v 0.09363043308258057 -0.6149532198905945 0.12102679908275604
v 0.12461933493614197 -0.6383591294288635 0.103806272149086
v 0.12019950151443481 -0.6127245426177979 0.11547175794839859
v 0.08078112453222275 -0.09913253039121628 0.15538179874420166
v -0.21121303737163544 -0.8966971039772034 -0.08644779026508331
v -0.2127671241760254 -0.8883183002471924 -0.11426684260368347
v -0.18515750765800476 -0.8930444717407227 -0.10645457357168198
v -0.4835861921310425 -0.22484509646892548 -0.10448162257671356
v -0.23880721628665924 0.6330990791320801 0.20648548007011414
v -0.22353322803974152 0.6294310688972473 0.22063963115215302
v -0.21241000294685364 0.6554293632507324 0.21079495549201965
v 0.15625625848770142 -0.19413171708583832 0.15585795044898987
v -0.1029634103178978 0.7213221192359924 0.20788085460662842
v 0.5557286143302917 0.45193591713905334 -0.10751042515039444
v 0.5197511911392212 0.45647019147872925 -0.10136464983224869
v -0.25408124923706055 -0.21160569787025452 0.12421642988920212
v 0.43189188838005066 -0.47617536783218384 -0.10172400623559952
v 0.41359567642211914 -0.4311623275279999 -0.12644809484481812
v 0.397261381149292 -0.43022987246513367 -0.12414679676294327
v -0.31391641497612 -0.4014100730419159 -0.21026459336280823
v -0.30986928939819336 -0.4366908371448517 -0.20830267667770386
v 0.8386319279670715 0.5658991932868958 0.011088675819337368
v 0.8057142496109009 0.5664767622947693 -0.0012425571912899613
v -0.3195001184940338 -0.8146727085113525 -0.18498052656650543
v -0.3143044114112854 -0.7950341105461121 -0.19903336465358734
v -0.45415353775024414 -0.3612620234489441 -0.1324549913406372
v -0.7288831472396851 0.8045654296875 0.004834896884858608
v -0.7295532822608948 0.8112755417823792 0.021504240110516548
v -0.7483278512954712 0.5249972939491272 -0.05441400408744812
v 0.1373274028301239 0.13091246783733368 0.12169688940048218
v 0.2755739390850067 0.198216050863266 -0.1746883988380432
v 0.2167329341173172 -0.8645597100257874 0.28192541003227234
v -0.22309012711048126 -0.7993965148925781 0.2497328370809555
v 0.013109391555190086 -0.791196346282959 0.13310012221336365
v 0.01823899708688259 -0.7966389060020447 0.16275528073310852
v 0.20424968004226685 0.12387179583311081 -0.12417543679475784
v 0.17678768932819366 0.10091555863618851 -0.07497407495975494
v 0.2154412418603897 0.12269677221775055 -0.07886473834514618
v 0.07585439085960388 -0.13543616235256195 0.16587671637535095
v 0.10389161109924316 -0.20152071118354797 0.1722869873046875
v 0.07146333158016205 -0.20402488112449646 0.17883388698101044
v 0.07416142523288727 -0.17118869721889496 0.1736404299736023
v 0.19378773868083954 -0.9011146426200867 -0.10978315025568008
v 0.21138298511505127 -0.8945478796958923 -0.1295011341571808
v -0.5107064247131348 0.3437744677066803 0.09040158241987228
v -0.48518210649490356 0.3671516478061676 0.08901278674602509
v -0.49197596311569214 0.38110530376434326 0.08973359316587448
v 0.8652408123016357 0.7699592113494873 -0.02077541872859001
v 0.7947012186050415 0.4001157581806183 -0.10728561878204346
v -0.42442774772644043 -0.38350626826286316 -0.0449947714805603
v -0.4203849136829376 -0.3940717279911041 -0.058948345482349396
v -0.44054603576660156 -0.4030214548110962 -0.04321581497788429
v -0.28484535217285156 0.7937420010566711 0.0452430322766304
v -0.3071843087673187 0.7707395553588867 0.051260966807603836
v -0.2972162067890167 0.5623522996902466 0.19033855199813843
v -0.9787299633026123 0.4938715994358063 0.06455318629741669
v -0.03720733895897865 0.00548422709107399 -0.2740565836429596
v 0.008702958934009075 0.0014789281412959099 -0.27826249599456787
v -0.004920037463307381 -0.024049794301390648 -0.28307461738586426
v -0.2759220600128174 -0.04779515787959099 -0.21917679905891418
v -0.29710596799850464 -0.06946402788162231 -0.20778684318065643
v -0.29953742027282715 -0.041600897908210754 -0.19227038323879242
v 0.26754796504974365 -0.6932719945907593 -0.08728763461112976
v 0.28463616967201233 -0.7098222970962524 -0.1187460646033287
v 0.2957175076007843 -0.7077193856239319 -0.09411454200744629
v 0.06129898130893707 0.09035888314247131 -0.24118734896183014
v 0.09079555422067642 0.09896691143512726 -0.22904354333877563
v 0.09627558290958405 -0.8489329814910889 -0.18952813744544983
v 0.1073392927646637 -0.8364628553390503 -0.20712555944919586
v 0.12388749420642853 -0.8527685403823853 -0.1958237588405609
v -0.1940917819738388 -0.5394802093505859 -0.24298390746116638
v -0.15887710452079773 -0.4871906042098999 -0.2616107761859894
v 0.03886082023382187 -0.9101349115371704 0.1340809464454651
v -0.8017880320549011 0.4297776222229004 0.07748618721961975
v -0.7871003746986389 0.39694806933403015 0.08412573486566544
v 0.22100062668323517 0.06478824466466904 -0.17802794277668
v 0.22896720468997955 0.06779497861862183 -0.14820519089698792
v 0.07960177212953568 0.8625203371047974 0.05578644201159477
v -0.30669718980789185 -0.25037381052970886 0.07728345692157745
v -0.10833766311407089 -0.7611266374588013 -0.23097234964370728
v -0.11343855410814285 -0.7412057518959045 -0.2241542488336563
v 0.03609216585755348 -0.2054136097431183 0.18361084163188934
v 0.034355055540800095 -0.23445385694503784 0.18603341281414032
v -0.0339118130505085 -0.7620723247528076 0.16396550834178925
v 0.23730404675006866 -0.19265036284923553 0.09515633434057236
v 0.2543415427207947 -0.21772275865077972 0.09132959693670273
v 0.26593437790870667 -0.18815569579601288 0.07694617658853531
v -0.3297261595726013 -0.314630925655365 -0.1675528585910797
v -0.32824477553367615 -0.27385246753692627 -0.1826350837945938
v -0.008191324770450592 -0.7860094308853149 0.12099815905094147
v -0.007214767392724752 -0.8203423619270325 0.12977594137191772
v 0.4981594383716583 0.7689076662063599 0.025377361103892326
v 0.46422767639160156 0.7544602751731873 0.020926648750901222
v -0.7106949687004089 0.4984743297100067 0.03299996256828308
v -0.717089831829071 0.5265403389930725 0.0328369066119194
v -0.06516744196414948 -0.00483870692551136 0.12905290722846985
v -0.09372713416814804 -0.00955167319625616 0.12863627076148987
v 0.5047284364700317 -0.46764013171195984 -0.04368973895907402
v 0.49181750416755676 -0.46913909912109375 -0.06882829964160919
v 0.5018869638442993 -0.44681990146636963 -0.06189556047320366
v 0.8273632526397705 0.527523398399353 -0.11303459852933884
v 0.12908095121383667 0.6317721605300903 0.26754632592201233
v -0.37363484501838684 -0.06584889441728592 -0.11106164008378983
v 0.31882351636886597 -0.29459547996520996 0.020516712218523026
v 0.9809984564781189 0.4649018943309784 -0.017859015613794327
v 0.04080066457390785 0.41159164905548096 0.3392939269542694
v 0.017731962725520134 0.42895761132240295 0.342849463224411
v 0.01146937906742096 0.40489479899406433 0.3461097776889801
v 0.8016670346260071 0.28718194365501404 -0.05629873275756836
v 0.765354573726654 0.28779473900794983 -0.06814053654670715
v 0.8071404695510864 0.3033376634120941 -0.06947414577007294
v -0.6508355140686035 0.8098580837249756 0.04847904294729233
v -0.63215571641922 0.7970662117004395 0.05856836587190628
v -0.6215196847915649 0.8095318078994751 0.04862895980477333
v -0.8389513492584229 0.3532576858997345 0.09873408824205399
v 0.8695369958877563 0.36722445487976074 -0.08361954987049103
v 0.8391322493553162 0.3664265275001526 -0.09168533235788345
v 0.8521689176559448 0.35104885697364807 -0.08238954097032547
v -0.15162914991378784 -0.6831297278404236 0.07523994147777557
v -0.14605426788330078 -0.6937128305435181 0.10785572230815887
v -0.17680732905864716 -0.6903071403503418 0.104546919465065
v -0.4621223509311676 -0.35708698630332947 -0.013401800766587257
v -0.4447806179523468 -0.3361675441265106 -0.010988031513988972
v -0.3417024314403534 0.2071327120065689 -0.07643336057662964
v 0.12885825335979462 0.7111865282058716 -0.33564645051956177
v 0.10401511937379837 0.7166312336921692 -0.3387987017631531
v -0.1938779354095459 0.3338240087032318 0.272477388381958
v -0.11294039338827133 0.007659917697310448 0.11676358431577682
v -0.11853065341711044 -0.015216824598610401 0.12741945683956146
v 0.26989999413490295 -0.8468409776687622 0.2669488787651062
v 0.27299487590789795 -0.8622671365737915 0.2645307779312134
v -0.059343501925468445 -0.6310451030731201 0.12590281665325165
v -0.10195163637399673 -0.6211673021316528 0.1246684119105339
v 0.8918892741203308 0.3624410629272461 -0.07294606417417526
v -0.5358052849769592 -0.3572368323802948 -0.002851692959666252
v -0.5251670479774475 -0.36612483859062195 -0.003645289922133088
v -0.03455325961112976 -0.561087429523468 -0.26984623074531555
v 0.22065454721450806 -0.6274012327194214 -0.23767797648906708
v 0.1950618326663971 -0.6495969891548157 -0.23577123880386353
v -0.9107474088668823 0.3404965400695801 0.06650853902101517
v 0.3230339288711548 -0.8742213845252991 0.22444218397140503
v -0.17961573600769043 -0.5119433403015137 0.1413179188966751
v -0.15108244121074677 -0.5129683613777161 0.14790450036525726
v -0.16781353950500488 -0.5466025471687317 0.13580255210399628
v 0.2582124173641205 -0.6383436918258667 -0.21040788292884827
v -0.5071485638618469 -0.43141138553619385 -0.11134820431470871
v -0.4973767101764679 -0.44675159454345703 -0.10697475075721741
v -0.20489533245563507 0.7411811947822571 0.14979809522628784
v -0.17691093683242798 0.7273709177970886 0.16404487192630768
v -0.16377519071102142 0.7522647380828857 0.15352341532707214
v -0.2659296989440918 -0.8857832551002502 -0.09691184014081955
v -0.2686763405799866 -0.8933001756668091 -0.06846901029348373
v -0.290781706571579 -0.8819829821586609 -0.09081020951271057
v -0.27675309777259827 -0.15895448625087738 0.09743792563676834
v -0.2791162133216858 -0.1860857754945755 0.10240867733955383
v 0.1605834662914276 -0.16506057977676392 0.15080994367599487
v 0.3823510706424713 -0.14094707369804382 -0.1560240238904953
v -0.7463350892066956 0.7523815631866455 -0.026616962626576424
v -0.7247368097305298 0.7402399182319641 -0.03518090769648552
v -0.8916400074958801 0.3207719624042511 0.06240614131093025
v 0.37143951654434204 0.42604559659957886 0.08369805663824081
v -0.327030211687088 -0.3131870627403259 -0.0691104605793953
v 0.28969287872314453 0.4301832318305969 0.18389517068862915
v 0.2941523790359497 0.47234606742858887 0.17784202098846436
v 0.30796492099761963 0.4621398150920868 0.15520533919334412
v -0.2575729489326477 -0.4873007833957672 0.11503750830888748
v -0.23587103188037872 -0.5091702938079834 0.12124280631542206
v -0.222146674990654 -0.4789595305919647 0.13427934050559998
v -0.23651471734046936 -0.7722873091697693 -0.24323520064353943
v -0.3255730867385864 0.6426219940185547 -0.27449530363082886
v 0.09219972789287567 -0.8600032925605774 -0.17270223796367645
v -0.4317660927772522 -0.37369462847709656 -0.03269881755113602
v -0.4533533453941345 -0.3877716362476349 -0.02638775110244751
v 0.1501215249300003 -0.7255901098251343 0.18559037148952484
v 0.1272028684616089 -0.726088285446167 0.18108907341957092
v 0.339839905500412 -0.911036491394043 0.14634162187576294
v 0.32263487577438354 -0.9150285720825195 0.18376076221466064
v 0.33091235160827637 -0.9032793641090393 0.19021503627300262
v -0.4014560580253601 -0.20278382301330566 0.00812162272632122
v -0.4129936993122101 -0.18705792725086212 0.006825458258390427
v -0.37992608547210693 -0.1737435758113861 0.005659238900989294
v 0.5577147006988525 0.731314480304718 0.04710785672068596
v 0.5391231179237366 0.7120969295501709 0.047356970608234406
v 0.009527300484478474 -0.774855375289917 0.030621537938714027
v 0.011670012027025223 -0.7534488439559937 0.04499838501214981
v 0.009373048320412636 -0.7767908573150635 0.016418782994151115
v -0.28341031074523926 -0.12953069806098938 0.08155981451272964
v -0.29516837000846863 -0.1307011991739273 0.06676855683326721
v -0.2972867488861084 -0.15872527658939362 0.0734500139951706
v -0.12001857906579971 -0.9114751219749451 -0.04215109348297119
v -0.10315083712339401 -0.9035878777503967 -0.07034933567047119
v -0.09616521000862122 -0.9104281067848206 -0.04169924184679985
v -0.03545045480132103 -0.02975245751440525 0.14072048664093018
v -0.2014939785003662 -0.5206064581871033 0.13227340579032898
v -0.22340978682041168 -0.5443187952041626 0.11637992411851883
v -0.18661455810070038 -0.5591607689857483 0.12605273723602295
v 0.26790717244148254 -0.804334282875061 0.25474998354911804
v 0.2609855532646179 -0.8247423768043518 0.266419917345047
v -0.8107178807258606 0.6975767612457275 0.08426907658576965
v -0.8075303435325623 0.7190185785293579 0.07922329753637314
v -0.1833035945892334 -0.10440094769001007 0.14280590415000916
v 0.2507815361022949 -0.5768089294433594 0.07006632536649704
v 0.22885249555110931 -0.584846019744873 0.08124907314777374
v 0.23904114961624146 -0.6110250353813171 0.06260453909635544
v 0.24443958699703217 -0.723493754863739 0.16579078137874603
v 0.2421095073223114 -0.7344009280204773 0.1893267184495926
v 0.7890381813049316 0.5997272729873657 0.0029568050522357225
v -0.24737995862960815 0.23451311886310577 0.18101851642131805
v -0.21119096875190735 0.21734987199306488 0.1899527907371521
v -0.22488228976726532 0.19550691545009613 0.16600021719932556
v -0.09673170000314713 -0.8710735440254211 -0.15821075439453125
v -0.08294341713190079 -0.8621811866760254 -0.1687343865633011
v 0.16516634821891785 -0.7564181089401245 0.23382174968719482
v 0.17432767152786255 -0.7391887903213501 0.21183989942073822
v 0.2805403470993042 0.391046941280365 0.18878446519374847
v 0.2922808527946472 0.38013315200805664 0.1660640835762024
v 0.3030821979045868 0.4203473627567291 0.1602335125207901
v -0.08098813146352768 -0.9020074009895325 0.21854105591773987
v -0.053669482469558716 -0.8988728523254395 0.19961443543434143
v 0.3172319829463959 -0.4581877887248993 -0.13524794578552246
v 0.3153539001941681 -0.5140154957771301 -0.12847170233726501
v -0.8265165090560913 0.32006219029426575 0.0941358283162117
v -0.8484323620796204 0.325213760137558 0.09113776683807373
v -0.8178049325942993 0.2981838881969452 0.087809257209301
v 0.11749483644962311 -0.32962504029273987 -0.3025633990764618
v 0.0959118902683258 -0.27039819955825806 -0.30400723218917847
v -0.13286998867988586 0.08103872090578079 0.034122034907341
v -0.5384571552276611 0.7054375410079956 -0.04801030829548836
v -0.5561802387237549 0.6786654591560364 -0.05454401671886444
v -0.5701536536216736 0.7034822106361389 -0.05105232074856758
v 0.1803654432296753 0.37869152426719666 0.2687762677669525
v 0.20704041421413422 0.3859395384788513 0.25448325276374817
v 0.19757702946662903 0.35416361689567566 0.25415700674057007
v -0.019347602501511574 0.44637206196784973 -0.3621649444103241
v -0.09023544192314148 0.45524024963378906 -0.35975775122642517
v -0.08217412978410721 0.38537299633026123 -0.3525627553462982
v 0.4627242982387543 -0.3337295353412628 -0.13538236916065216
v 0.4784304201602936 -0.33006370067596436 -0.11375980824232101
v -0.1828671097755432 -0.607387900352478 0.10840243846178055
v -0.15928487479686737 -0.6304300427436829 0.1059357151389122
v -0.2814616560935974 0.0091104656457901 -0.003673932980746031
v -0.17406731843948364 -0.10966936498880386 -0.2692841589450836
v -0.21813251078128815 -0.11974772065877914 -0.25863930583000183
v 0.28886404633522034 0.7779632210731506 -0.14116662740707397
v -0.3074488639831543 0.734325647354126 -0.23313699662685394
v -0.33383065462112427 0.7158222198486328 -0.21627143025398254
v 0.04096595570445061 -0.09566724300384521 0.15958325564861298
v 0.038300834596157074 -0.13563673198223114 0.17066234350204468
v -0.5586006045341492 -0.3722904622554779 0.020261026918888092
v -0.5767447352409363 -0.36716532707214355 0.027281861752271652
v 0.3058376908302307 -0.5143571496009827 -0.20347730815410614
v 0.8363437652587891 0.7841575145721436 -0.027071045711636543
v 0.8022268414497375 0.8014484643936157 -0.018635006621479988
v -0.3459502160549164 -0.7336426973342896 -0.05364904925227165
v -0.34444907307624817 -0.7240183353424072 -0.007456657011061907
v 0.1882944405078888 0.6762187480926514 0.18430735170841217
v 0.41324079036712646 0.4882725477218628 -0.07225830852985382
v 0.2832473814487457 -0.22378918528556824 0.07135368138551712
v -0.7689980864524841 0.7940220236778259 0.04098638519644737
v -0.7749961614608765 0.7959001064300537 0.025798335671424866
v 0.8671585917472839 0.37458479404449463 0.008381644263863564
v 0.22044287621974945 -0.7609106302261353 -0.2194126397371292
v -0.24018937349319458 0.5915336608886719 0.2521973252296448
v -0.23638464510440826 0.6100195050239563 0.2378932684659958
v -0.22138617932796478 0.6177678108215332 0.24998852610588074
v -0.4127225875854492 0.39153414964675903 0.07366392016410828
v -0.766897439956665 0.47988051176071167 -0.04761350899934769
v -0.03968503326177597 -0.020976906642317772 -0.2796424329280853
v -0.03901270776987076 -0.05374470353126526 -0.28507182002067566
v 0.33359938859939575 0.7266323566436768 -0.025126799941062927
v 0.36334943771362305 0.6864050030708313 -0.05659849941730499
v 0.3391720652580261 0.7266456484794617 -0.06661292910575867
v 0.27567315101623535 0.7057638168334961 -0.26457783579826355
v 0.2958122193813324 0.6677230596542358 -0.2688697576522827
v 0.31321340799331665 0.6845555901527405 -0.23751485347747803
v 0.32303616404533386 0.7239960432052612 0.011630923487246037
v -0.17238321900367737 0.6467066407203674 0.2554730176925659
v -0.20257413387298584 0.6323232650756836 0.26301848888397217
v -0.19582435488700867 0.6360949277877808 0.2530062794685364
v 0.17824479937553406 0.25602105259895325 -0.29980793595314026
v 0.1431778073310852 0.2881981134414673 -0.32201912999153137
v 0.56220942735672 0.4206758141517639 -0.10499969124794006
v 0.5265494585037231 0.42560702562332153 -0.09930583089590073
v 0.9194549322128296 0.7016769051551819 -0.05298776552081108
v 0.903296947479248 0.7256933450698853 -0.04576629400253296
v 0.9257659912109375 0.7130799889564514 -0.03840811550617218
v -0.7878608703613281 0.6785861253738403 -0.03980347886681557
v -0.7892276048660278 0.6509765982627869 -0.044168129563331604
v 0.30856889486312866 0.7194417715072632 0.04323039948940277
v -0.746914803981781 0.2869526445865631 0.09308431297540665
v -0.7122446298599243 0.28881746530532837 0.09480814635753632
v -0.7345638275146484 0.3030157685279846 0.09760544449090958
v 0.3328014612197876 0.2700473368167877 0.06295062601566315
v 0.33893829584121704 0.2553310990333557 0.02381223998963833
v -0.21288175880908966 0.6870376467704773 0.18182525038719177
v 0.39931800961494446 0.706779956817627 0.007872506976127625
v 0.42119187116622925 0.7191551923751831 0.020362328737974167
v 0.10767657309770584 -0.8221741914749146 0.26321911811828613
v 0.09287651628255844 -0.8008955717086792 0.2477952241897583
v 0.20796842873096466 -0.021995311602950096 0.07439786195755005
v 0.9195760488510132 0.7268264293670654 -0.01654084399342537
v 0.9029375910758972 0.7401781678199768 -0.03049665130674839
v -0.7587170004844666 0.6547526121139526 0.07447512447834015
v 0.2903498113155365 0.5149652361869812 0.17499400675296783
v 0.2737531363964081 0.4827859401702881 0.20231042802333832
v 0.9779916405677795 0.5317646861076355 -0.0013638302916660905
v 0.9630328416824341 0.5226320028305054 0.006474909372627735
v -0.4957829415798187 -0.25332319736480713 -0.10261456668376923
v -0.2137679159641266 0.5070780515670776 0.3228956162929535
v -0.19621898233890533 0.5348331332206726 0.32883420586586
v -0.1993623673915863 0.506639301776886 0.3296188712120056
v -0.2959354817867279 0.7967333793640137 -0.1514103263616562
v -0.3203752338886261 0.7760520577430725 -0.14278462529182434
v -0.6015812158584595 0.6085910201072693 -0.06307931989431381
v -0.616998553276062 0.5765814781188965 -0.06376931816339493
v -0.5851389169692993 0.5745446681976318 -0.06294484436511993
v -0.34686508774757385 -0.30741608142852783 -0.04057716950774193
v 0.32276496291160583 -0.7127893567085266 -0.023616863414645195
v 0.3365885317325592 -0.7227641344070435 -5.6629178288858384e-05
v 0.33898693323135376 -0.7261962890625 -0.02104214020073414
v -0.226974219083786 0.1719202697277069 -0.22181983292102814
v 0.8015015721321106 0.42740800976753235 -0.1109117940068245
v 0.25262439250946045 -0.05622239410877228 -0.25258171558380127
v -0.6105023622512817 0.7893509268760681 -0.022525668144226074
v -0.5831021070480347 0.7922232747077942 -0.01968645676970482
v 0.31566688418388367 -0.5209812521934509 -0.02440599352121353
v 0.0652293860912323 -0.6894628405570984 -0.2368646115064621
v 0.027206378057599068 -0.6702936887741089 -0.2446592003107071
v 0.05223463475704193 0.5677353739738464 0.2975432276725769
v -0.1420842558145523 0.46188414096832275 0.33601152896881104
v -0.1327531784772873 -0.8961592316627502 -0.10029112547636032
v -0.12699979543685913 -0.9039803147315979 -0.07259774953126907
v -0.1529451608657837 -0.9033409953117371 -0.07487264275550842
v 0.4536820352077484 -0.4003276824951172 -0.0003763015556614846
v 0.385091096162796 -0.5129750370979309 -0.05303184688091278
v 0.39557942748069763 -0.5124282836914062 -0.04249940812587738
v 0.06244523078203201 -0.7200108766555786 0.12882362306118011
v 0.06322778761386871 -0.7337440848350525 0.1590299755334854
v 0.3009461760520935 -0.625933051109314 -0.07256030291318893
v 0.288021981716156 -0.660662829875946 -0.09220117330551147
v 0.29741257429122925 -0.6374773979187012 -0.10333537310361862
v 0.19245189428329468 0.7714360356330872 -0.27881139516830444
v 0.1516602337360382 0.7891834378242493 -0.2860284447669983
v 0.3144082725048065 -0.5507268905639648 -0.08752788603305817
v 0.23635396361351013 0.141374409198761 0.0119792390614748
v 0.31768396496772766 -0.38826102018356323 0.025022344663739204
v 0.18565809726715088 -0.6947401165962219 0.10502307862043381
v 0.2162502110004425 -0.6935166716575623 0.08798334747552872
v 0.1960603892803192 -0.6864185929298401 0.06430407613515854
v -0.1766221970319748 0.08964017778635025 0.004878912586718798
v -0.30411142110824585 0.017947770655155182 -0.05445585399866104
v -0.8487563133239746 0.6219318509101868 -0.033166106790304184
v -0.3204170763492584 0.2443731725215912 0.12211576104164124
v -0.35773032903671265 0.26859691739082336 0.08853006362915039
v -0.34474003314971924 0.28384003043174744 0.1253053992986679
v -0.1102510318160057 0.7342219948768616 0.19245696067810059
v -0.13956688344478607 0.724646270275116 0.19083888828754425
v -0.13433150947093964 0.7117574214935303 0.20635540783405304
v 0.7804653644561768 0.5649093985557556 -0.11622428894042969
v 0.7918399572372437 0.5266990661621094 -0.11716116964817047
v -0.6331344842910767 0.5771833658218384 0.029927140101790428
v -0.32582661509513855 0.5826744437217712 -0.29133880138397217
v -0.3189622759819031 0.6071956753730774 -0.29123958945274353
v -0.6595845818519592 0.45755481719970703 0.03583917394280434
v -0.6797126531600952 0.5074836015701294 0.02780216746032238
v 0.29431766271591187 -0.5063046216964722 -0.23422379791736603
v 0.28880900144577026 -0.47897714376449585 -0.24923329055309296
v -0.5494260787963867 -0.3521007299423218 -0.0044851358979940414
v 0.610755980014801 0.5087423324584961 -0.11684373021125793
v 0.606735348701477 0.604180097579956 -0.008739550597965717
v 0.6414628028869629 0.6240766644477844 -0.004950257483869791
v 0.3020484149456024 0.6126668453216553 0.1197151318192482
v 0.15375208854675293 0.7066829800605774 0.18061292171478271
v 0.13418178260326385 0.6976230144500732 0.20023393630981445
v -0.08359590172767639 0.2544405460357666 0.2439926564693451
v -0.10744709521532059 0.2500075697898865 0.24859091639518738
v -0.3234943747520447 -0.7138187885284424 -0.14021436870098114
v -0.337450236082077 -0.7242631316184998 -0.1132814809679985
v -0.6616567373275757 0.5705944299697876 0.02915995381772518
v -0.6924516558647156 0.5616711974143982 0.030923472717404366
v -0.06082702800631523 -0.7065907716751099 0.08327261358499527
v -0.03133492171764374 -0.7191731929779053 0.07631129771471024
v -0.7226293683052063 0.38486161828041077 -0.03359154611825943
v -0.33973392844200134 -0.8753676414489746 -0.03530658408999443
v -0.3341084122657776 -0.8851925134658813 -0.013055719435214996
v -0.3415040373802185 -0.881881594657898 0.005304353777319193
v -0.31233593821525574 -0.2527126371860504 0.0621371865272522
v 0.7246421575546265 0.6402016282081604 0.005862105172127485
v -0.2499987632036209 -0.004243509378284216 0.046034395694732666
v -0.23130135238170624 -0.010362876579165459 0.06265302747488022
v -0.2602424621582031 -0.02986709587275982 0.05469090864062309
v -0.8800517320632935 0.559790849685669 0.09245599806308746
v -0.8788547515869141 0.5905946493148804 0.09168671071529388
v 0.2668094336986542 -0.3112075626850128 -0.28297099471092224
v 0.2532327473163605 -0.3386099636554718 -0.2870468497276306
v 0.23930564522743225 -0.31546419858932495 -0.29156365990638733
v -0.2486937940120697 0.4114042818546295 0.2556493282318115
v 0.15263015031814575 -0.8563550710678101 -0.19827504456043243
v 0.1799774467945099 -0.8601289391517639 -0.19613239169120789
v -0.9575923085212708 0.45506393909454346 0.07965084165334702
v -0.953889012336731 0.421703040599823 0.07571610063314438
v -0.9430258870124817 0.4289332926273346 0.08410589396953583
v 0.21170265972614288 0.8170487880706787 0.033194027841091156
v -0.0029118696693331003 -0.7880595326423645 -0.0025321519933640957
v -0.06582872569561005 -0.907897412776947 -0.038965802639722824
v -0.15600477159023285 -0.048862047493457794 0.13362686336040497
v -0.04256615415215492 0.4408038854598999 0.31928712129592896
v 0.25626155734062195 0.577899694442749 0.212324857711792
v 0.2644287645816803 0.5779768228530884 0.19366928935050964
v 0.25107911229133606 0.602656900882721 0.19512417912483215
v 0.11957566440105438 0.136454239487648 -0.2313161939382553
v 0.07553695142269135 0.12638476490974426 -0.23495124280452728
v -0.4129165709018707 -0.37989330291748047 -0.11964766681194305
v 0.2625020444393158 -0.33855706453323364 0.09995312988758087
v 0.8025442957878113 0.3238447904586792 -0.08291858434677124
v 0.9325950145721436 0.37153616547584534 -0.04518870264291763
v 0.9210221171379089 0.3581997752189636 -0.03373706340789795
v 0.3975192904472351 0.3919133245944977 0.006261137314140797
v 0.39778825640678406 0.3982354402542114 0.01034132856875658
v -0.4814920127391815 0.3360195457935333 0.004786413628607988
v -0.46888309717178345 0.3538219928741455 -0.0015268855495378375
v 0.027609746903181076 -0.8218148946762085 0.19740577042102814
v 0.6411629915237427 0.30881768465042114 -0.08456522971391678
v 0.6756458282470703 0.32471776008605957 -0.09282277524471283
v 0.1857638657093048 0.1805017590522766 -0.24508248269557953
v 0.2107481062412262 0.19267873466014862 -0.24027694761753082
v -0.25492990016937256 0.0013864294160157442 -0.21394582092761993
v -0.2765194773674011 -0.01942058838903904 -0.20746059715747833
v -0.2825131118297577 0.004948680754750967 -0.18687404692173004
v -0.2084135115146637 0.6997061967849731 0.1715860217809677
v 0.5077087879180908 -0.44368311762809753 0.026422176510095596
v 0.8684062957763672 0.31584522128105164 -0.045678067952394485
v 0.9437578916549683 0.682223379611969 -0.047595903277397156
v 0.9302319288253784 0.6712015867233276 -0.06216011568903923
v -0.08284422010183334 -0.7062886953353882 -0.2134322226047516
v -0.24907955527305603 -0.7366406321525574 -0.2277495414018631
v -0.23889760673046112 -0.720791220664978 -0.21934431791305542
v -0.2580535113811493 0.5044372081756592 0.25727173686027527
v 0.27619120478630066 0.7802205085754395 0.0060846805572509766
v 0.25364503264427185 0.8061812520027161 -0.007820344530045986
v 0.18505632877349854 -0.6850783824920654 -0.21878880262374878
v -0.14156624674797058 0.08972610533237457 -0.2195912003517151
v -0.1111195832490921 0.07417436689138412 -0.23809245228767395
v -0.569487988948822 -0.472181111574173 -0.018857646733522415
v -0.559283971786499 -0.43978357315063477 -0.036419786512851715
v -0.5721310377120972 -0.4857775568962097 -0.022400058805942535
v -0.4431802034378052 0.7075625061988831 -0.028764009475708008
v 0.11223738640546799 -0.6721630096435547 -0.241782546043396
v 0.39507463574409485 0.586450457572937 0.03798188641667366
v 0.39292535185813904 0.5329769849777222 0.03587885573506355
v -0.17422603070735931 0.5571567416191101 0.3301236629486084
v -0.1750549077987671 0.5336560010910034 0.3351915180683136
v -0.15541180968284607 0.5446535348892212 0.33643919229507446
v 0.1394171565771103 -0.8028728365898132 -0.2304013967514038
v 0.14893335103988647 -0.9353792071342468 0.07676761597394943
v -0.2019062042236328 0.18060319125652313 -0.24759544432163239
v -0.18352405726909637 0.155894473195076 -0.2326190024614334
v -0.18503622710704803 -0.6647056937217712 -0.20163226127624512
v -0.162518709897995 -0.6342325210571289 -0.2245907336473465
v -0.49853837490081787 0.6711353659629822 0.07648985832929611
v 0.6692906022071838 0.2590586543083191 -0.01990693062543869
v 0.6461778879165649 0.26261433959007263 -0.014772923663258553
v 0.017057403922080994 -0.8932273983955383 0.1087595522403717
v 0.7825749516487122 0.30807703733444214 -0.07821008563041687
v -0.9715547561645508 0.4877963662147522 0.07213624566793442
v -0.7420233488082886 0.773239254951477 0.06595735996961594
v -0.7099543809890747 0.7857732176780701 0.0627589225769043
v -0.7466899752616882 0.788676381111145 0.05453876033425331
v 0.8732293248176575 0.32650992274284363 -0.0186702199280262
v 0.15598520636558533 -0.044587790966033936 0.1174093633890152
v -0.6732494235038757 0.8041223883628845 0.05263202637434006
v -0.6981499791145325 0.8010450601577759 0.05283922702074051
v 0.07799920439720154 -0.9209648966789246 0.17320184409618378
v 0.14213299751281738 0.6565954685211182 0.23513774573802948
v 0.30951452255249023 0.7615782022476196 -0.11492812633514404
v -0.463991641998291 -0.4648229479789734 -0.0948992669582367
v -0.4538736045360565 -0.49582064151763916 -0.09145388752222061
v -0.47220948338508606 -0.4766625761985779 -0.09135028719902039
v 0.5423722863197327 0.3726516664028168 -0.0922606885433197
v 0.5135084390640259 0.35572871565818787 -0.08092145621776581
v -0.258516401052475 0.13327999413013458 -0.08336163312196732
v -0.5810123682022095 0.8077484965324402 0.0461755096912384
v -0.30541422963142395 -0.38194113969802856 0.08435500413179398
v 0.026410548016428947 -0.8953016996383667 -0.003656326560303569
v 0.03269520401954651 -0.8938005566596985 -0.03022552840411663
v 0.34674182534217834 -0.8924669027328491 -0.026881515979766846
v 0.3478175401687622 -0.8996883630752563 0.011161334812641144
v 0.3400978147983551 -0.9079415202140808 0.0005121590220369399
v -0.3660165071487427 -0.0340200774371624 -0.05912913754582405
v -0.368536114692688 -0.03755591809749603 -0.07794993370771408
v 0.10377704352140427 0.3053634464740753 0.2609904706478119
v 0.0763503909111023 0.3284497559070587 0.2825535833835602
v -0.7885288000106812 0.3370909094810486 -0.007727846037596464
v -0.8017263412475586 0.3546111285686493 -0.012083628214895725
v 0.3400251567363739 -0.2607431411743164 -0.03127921000123024
v 0.3230668902397156 -0.276288241147995 -0.0457155779004097
v 0.32263487577438354 -0.24787622690200806 -0.03887540474534035
v -0.39106467366218567 0.6957448720932007 -0.03656306862831116
v -0.39857053756713867 0.6757469177246094 -0.020219901576638222
v -0.38794994354248047 0.6929827928543091 -0.009392034262418747
v 0.2193031907081604 -0.7228258848190308 0.17473162710666656
v 0.22268255054950714 -0.7375178933143616 0.20259475708007812
v 0.25185510516166687 0.31148937344551086 -0.29210808873176575
v 0.27493470907211304 0.31786876916885376 -0.28042274713516235
v -0.23229998350143433 -0.21899908781051636 0.13503772020339966
v -0.304708868265152 -0.6207352876663208 -0.08546242862939835
v 0.9340389370918274 0.41036155819892883 -0.0038921718951314688
v 0.2740331292152405 -0.2680594027042389 -0.27928754687309265
v 0.28676772117614746 -0.29512014985084534 -0.27138713002204895
v 0.2842128574848175 -0.26238977909088135 -0.2726149559020996
v -0.8695192337036133 0.6484084129333496 0.08688781410455704
v -0.040652718394994736 -0.8334561586380005 -0.1728014349937439
v -0.32489198446273804 0.46312078833580017 -0.2965961694717407
v 0.3623596727848053 -0.4101746082305908 -0.09416085481643677
v 0.34112951159477234 -0.3858935534954071 -0.10236768424510956
v 0.360748291015625 -0.4015423357486725 -0.08128954470157623
v -0.27265962958335876 0.6704785823822021 -0.3017147481441498
v -0.28536999225616455 0.6371728777885437 -0.305045485496521
v -0.3443542718887329 -0.7388515472412109 -0.09177349507808685
v -0.4367082417011261 -0.19632501900196075 -0.13405098021030426
v 0.19814135134220123 0.08562607318162918 -0.0725514367222786
v -0.11180071532726288 -0.7931296229362488 -0.2347087562084198
v -0.3937562108039856 0.7285061478614807 0.015446626581251621
v -0.37702295184135437 0.7060458660125732 0.00978147517889738
v -0.41093266010284424 0.735066294670105 -0.0007575959316454828
v -0.14805804193019867 -0.7714232206344604 0.2366388738155365
v -0.15439116954803467 -0.7894240021705627 0.2500613033771515
v -0.12400850653648376 -0.793806254863739 0.24698401987552643
v -0.31570419669151306 0.7943922877311707 -0.06122763827443123
v 0.30457451939582825 -0.17066188156604767 -0.23280195891857147
v -0.21110063791275024 -0.7186221480369568 0.16999882459640503
v -0.19297857582569122 -0.7083255052566528 0.15149763226509094
v -0.21746458113193512 -0.7081205248832703 0.14795522391796112
v -0.035049255937337875 -0.48639923334121704 0.16287431120872498
v 0.40431979298591614 0.3871915638446808 -0.04936599358916283
v -0.07794395089149475 -0.1328791230916977 -0.288411408662796
v -0.1268322765827179 -0.10026780515909195 -0.27813026309013367
v -0.0797625258564949 -0.08492543548345566 -0.284064382314682
v -0.3162993788719177 -0.32837072014808655 -0.21511414647102356
v -0.07223465293645859 -0.8108019232749939 -0.20996035635471344
v 0.38639381527900696 0.551231324672699 -0.18967805802822113
v -0.3458179533481598 -0.34414294362068176 -0.09385661780834198
v -0.6681044697761536 0.6599438190460205 0.05902468413114548
v -0.6486818194389343 0.6231024265289307 0.04250079020857811
v -0.6253950595855713 0.6481858491897583 0.05242928862571716
v -0.40363839268684387 -0.3794722557067871 -0.06397651880979538
v 0.20144568383693695 -0.9420055747032166 0.17080792784690857
v -0.5914544463157654 -0.3739745616912842 0.009433159604668617
v 0.38966071605682373 -0.38176921010017395 -0.1617642045021057
v 0.3819829225540161 -0.39428117871284485 -0.15222369134426117
v 0.3638300597667694 -0.37067902088165283 -0.17030607163906097
v 0.3269422650337219 -0.741933286190033 -0.11928173899650574
v 0.3032981753349304 -0.7278363704681396 -0.13353291153907776
v -0.3272726833820343 -0.6982274055480957 0.004347702022641897
v -0.3378536105155945 -0.7087840437889099 -0.006517610978335142
v -0.3360438346862793 -0.7118944525718689 0.03125418350100517
v -0.2326129525899887 -0.731846034526825 0.187109112739563
v -0.31220585107803345 -0.22614125907421112 -0.2201114445924759
v -0.31901076436042786 -0.20985545217990875 -0.20906756818294525
v -0.3030290901660919 -0.21473370492458344 -0.22851890325546265
v 0.02800431102514267 0.7658326625823975 0.16659095883369446
v 0.023500779643654823 0.7495247721672058 0.18758973479270935
v 0.5300388932228088 0.8003110289573669 -0.0028363203164190054
v 0.5292232632637024 0.7960874438285828 -0.017898695543408394
v 0.4994114637374878 0.7860752940177917 -0.005776964593678713
v 0.07823071628808975 -0.6443747878074646 0.11263477802276611
v 0.06736763566732407 -0.6155285239219666 0.1259535402059555
v -0.8179526329040527 0.33250129222869873 0.0010918525513261557
v 0.4168647825717926 -0.15107829868793488 -0.046830952167510986
v 0.4078335464000702 -0.15472431480884552 -0.035617388784885406
v -0.39856836199760437 0.48893606662750244 0.11984297633171082
v 0.24299350380897522 0.22316060960292816 0.13683199882507324
v 0.4732787609100342 -0.4297184944152832 0.02492537908256054
v -0.25710344314575195 -0.9211963415145874 0.07360649853944778
v -0.27629685401916504 -0.9188068509101868 0.10231617838144302
v 0.2550205588340759 0.04102081060409546 -0.09250316768884659
v -0.12116923183202744 0.7464497089385986 0.173349529504776
v -0.4330577850341797 0.3921712338924408 -0.007002572063356638
v -0.4629974663257599 0.39065906405448914 -0.016503332182765007
v -0.27036044001579285 -0.3016406297683716 -0.24739263951778412
v -0.2804189622402191 -0.2674267590045929 -0.2436981499195099
v -0.28393054008483887 -0.6552290916442871 -0.10792706906795502
v -0.2837916612625122 -0.6609383821487427 -0.07768761366605759
v -0.9543496966362 0.43967747688293457 0.021268395707011223
v -0.29686132073402405 -0.5636400580406189 -0.1800074726343155
v -0.29246363043785095 -0.5389820337295532 -0.19588550925254822
v -0.30506590008735657 -0.5308347344398499 -0.1852516531944275
v -0.9243152141571045 0.37779438495635986 0.02594168111681938
v -0.13920976221561432 -0.5537534952163696 0.14051775634288788
v -0.15641038119792938 -0.5758345723152161 0.12967674434185028
v -0.1279234141111374 -0.5859812498092651 0.13309118151664734
v -0.2626650333404541 0.7000080943107605 -0.2952295243740082
v -0.3103586435317993 0.5519058704376221 -0.30562523007392883
v 0.2917099595069885 -0.6228117942810059 -0.16878511011600494
v 0.39893224835395813 -0.47673752903938293 -0.07120902091264725
v 0.37655362486839294 -0.43264585733413696 -0.08504355698823929
v 0.3804266154766083 -0.4359479546546936 -0.10082463920116425
v 0.41420412063598633 -0.25365832448005676 -0.17351344227790833
v -0.42215725779533386 -0.17027612030506134 0.002002255292609334
v -0.1144283190369606 0.8189181089401245 -0.2829930782318115
v 0.037981294095516205 0.29898181557655334 0.2617047131061554
v -0.7625614404678345 0.33533841371536255 -0.011625142768025398
v -0.6774663925170898 0.819253146648407 0.03241580352187157
v 0.006172317545861006 -0.05624670162796974 -0.289039671421051
v -0.03168100118637085 -0.09762036055326462 -0.2909662425518036
v -0.9132426977157593 0.6923149824142456 0.04906977340579033
v -0.9229044914245605 0.6852432489395142 0.04028095304965973
v -0.9382423758506775 0.6607351899147034 0.04739231616258621
v -0.262058824300766 0.13281486928462982 -0.0367063507437706
v 0.2913506031036377 -0.5776841044425964 -0.20693819224834442
v 0.2654118239879608 0.17037709057331085 -0.13225442171096802
v 0.2875061333179474 0.19275586307048798 -0.13603045046329498
v 0.27244383096694946 0.17033740878105164 -0.1077815517783165
v 0.9934046268463135 0.5015317797660828 -0.04653118550777435
v -0.42657917737960815 -0.3476147949695587 -0.02179822511970997
v -0.40651729702949524 -0.30718016624450684 -0.00912531279027462
v -0.11522408574819565 0.8481389880180359 -0.24977552890777588
v -0.6315187215805054 0.37131792306900024 -0.03285970538854599
v -0.4444366991519928 0.47900545597076416 -0.03524266183376312
v 0.08618402481079102 0.050618600100278854 -0.2597370743751526
v 0.24413540959358215 -0.7400595545768738 -0.19592519104480743
v 0.24161574244499207 -0.7580118775367737 -0.20959220826625824
v 0.21648171544075012 -0.73670893907547 -0.204180508852005
v -0.668388843536377 0.5953229665756226 0.034919969737529755
v 0.14725589752197266 0.30189815163612366 0.26038214564323425
v 0.36016860604286194 0.6901458501815796 -0.10530826449394226
v 0.38306307792663574 0.6434816718101501 -0.09705734997987747
v -0.8530107736587524 0.503628134727478 0.08569741994142532
v 0.4773193895816803 0.7346453070640564 -0.046894870698451996
v 0.15612618625164032 -0.544105052947998 -0.27711841464042664
v 0.1567082405090332 -0.49480006098747253 -0.2860417366027832
v 0.11534988880157471 -0.5098646879196167 -0.28570660948753357
v 0.1322288066148758 -0.1981171816587448 0.1644659787416458
v 0.28040817379951477 0.7635951638221741 -0.19566504657268524
v 0.2538588047027588 0.7850325703620911 -0.20307834446430206
v -0.5108144283294678 -0.46424758434295654 -0.08119474351406097
v -0.5227819085121155 -0.4613554775714874 -0.0726771131157875
v -0.5199581384658813 -0.4888284504413605 -0.06669668853282928
v 0.14132612943649292 -0.9045402407646179 0.25633925199508667
v 0.22310352325439453 0.4489445686340332 0.27208730578422546
v 0.20609913766384125 0.005323405377566814 0.0513579323887825
v -0.25745391845703125 0.14552292227745056 0.0557577982544899
v 0.44503864645957947 -0.2614859640598297 -0.015513635240495205
v -0.36183488368988037 0.5134023427963257 -0.2691386342048645
v -0.3891600966453552 0.4753836691379547 -0.23755453526973724
v 0.23404385149478912 0.2449638992547989 0.1579475849866867
v 0.20045368373394012 -0.5963020920753479 0.09184543043375015
v 0.20305928587913513 -0.6169548034667969 0.08162826299667358
v -0.1253112405538559 -0.8475971817970276 -0.2039865106344223
v -0.11484712362289429 -0.8369060158729553 -0.21294724941253662
v -0.212762713432312 -0.7822510004043579 0.2427494376897812
v -0.3439795672893524 -0.03208686783909798 -0.11346443742513657
v -0.35704919695854187 -0.0354110412299633 -0.0994667187333107
v -0.5748555660247803 -0.39058443903923035 -0.020779820159077644
v -0.3123028874397278 -0.8770187497138977 -0.08531251549720764
v -0.34465187788009644 0.46800127625465393 -0.28305700421333313
v -0.34147098660469055 0.5031917691230774 -0.2870226204395294
v 0.01702876202762127 -0.8770011067390442 -0.049524713307619095
v -0.2510260343551636 -0.6718984842300415 0.009417787194252014
v -0.26650282740592957 -0.6742659211158752 0.007213321980088949
v -0.2674948275089264 -0.6711136698722839 -0.0230723824352026
v -0.843527615070343 0.3385302722454071 0.09605136513710022
v -0.18983952701091766 -0.48117050528526306 0.14467072486877441
v -0.1973630040884018 -0.4540281891822815 0.14678256213665009
v -0.20746558904647827 0.6379664540290833 0.23896238207817078
v 0.8255578279495239 0.40669354796409607 -0.104184091091156
v -0.08899879455566406 -0.9217694997787476 0.01627543568611145
v -0.08566141873598099 -0.9158463478088379 -0.013516439124941826
v -0.05848381668329239 -0.9170499444007874 0.00992469023913145
v 0.7582961320877075 0.6919402480125427 0.035634204745292664
v 0.7736627459526062 0.6994129419326782 0.038149408996105194
v 0.7825706005096436 0.6756499409675598 0.03247978910803795
v -0.17677205801010132 -0.7681166529655457 0.23594671487808228
v -0.3091528117656708 -0.16239993274211884 0.048875842243433
v -0.3140002489089966 -0.18782944977283478 0.040318530052900314
v -0.4312722384929657 0.5947631001472473 -0.04166173189878464
v -0.43228408694267273 0.5944522619247437 -0.06713756918907166
v -0.7465268969535828 0.26000216603279114 0.0743141695857048
v -0.11188887804746628 0.7884294986724854 -0.30741962790489197
v 0.5421937108039856 0.2998547852039337 0.005134597886353731
v 0.5770821571350098 0.29808247089385986 0.00882469117641449
v 0.5481146574020386 0.28898289799690247 -0.0013990428997203708
v -0.3624565005302429 -0.03444335237145424 -0.04712414741516113
v -0.36233970522880554 -0.045123469084501266 -0.03292585909366608
v -0.30104300379753113 0.683920681476593 0.13965582847595215
v -0.4187977910041809 0.3373950719833374 -0.015789160504937172
v -0.3333170413970947 -0.08867945522069931 -0.005336018744856119
v 0.08920402824878693 -0.7836353778839111 -0.21422798931598663
v 0.06690474599599838 -0.7753117084503174 -0.2006954550743103
v 0.09916774183511734 -0.7577716112136841 -0.21123892068862915
v 0.8790643811225891 0.7130227088928223 0.022106006741523743
v 0.8324575424194336 0.736523449420929 0.029305534437298775
v -0.0793723613023758 0.07999837398529053 0.0707034319639206
v -0.11329304426908493 0.05829862132668495 0.08146074414253235
v 0.0025990295689553022 -0.026355495676398277 0.1383398324251175
v -0.29529842734336853 -0.2371586561203003 -0.23519371449947357
v 0.6765298247337341 0.48077553510665894 -0.12037070095539093
v 0.2753160297870636 -0.7140877842903137 -0.1396786868572235
v -0.8100234866142273 0.725442111492157 -0.02072470262646675
v -0.8044310212135315 0.7515504956245422 -0.010716907680034637
v -0.42446959018707275 0.6150916814804077 -0.03871668502688408
v -0.4130333960056305 0.6490675806999207 -0.0317002534866333
v 0.26242494583129883 0.7388357520103455 0.07610633224248886
v 0.27657920122146606 0.743416428565979 0.05765572935342789
v 0.25105705857276917 0.761229932308197 0.0650755986571312
v -0.02453002519905567 -0.33102256059646606 0.17012232542037964
v 0.004056146834045649 -0.3693145513534546 0.16892088949680328
v 0.29984408617019653 -0.040498729795217514 -0.14852704107761383
v 0.24454982578754425 -0.7226715683937073 -0.17789793014526367
v 0.2192724496126175 -0.5445833802223206 -0.2669607102870941
v 0.21489675343036652 -0.5775187015533447 -0.25881123542785645
v 0.19039970636367798 -0.5724817514419556 -0.2656072676181793
v 0.43506404757499695 0.6423685550689697 -0.0663924589753151
v -0.13884824514389038 0.6937543153762817 0.2198791354894638
v -0.16078823804855347 0.7007333636283875 0.2042502760887146
v -0.34464964270591736 0.5021181702613831 0.17406587302684784
v 0.17067502439022064 -0.902666449546814 0.2659437656402588
v 0.15244489908218384 -0.8906241059303284 0.27067866921424866
v 0.2804059386253357 -0.8674826622009277 -0.1630978137254715
v -0.3447003662586212 -0.8619497418403625 0.13325436413288116
v -0.3422865867614746 -0.8752376437187195 0.12437304854393005
v -0.3343883454799652 -0.879745602607727 0.14883264899253845
v -0.20228317379951477 -0.03874841704964638 -0.2505096197128296
v -0.169136181473732 -0.06210144981741905 -0.2643221318721771
v 0.02794032357633114 0.14957460761070251 0.18061725795269012
v 0.0821588858962059 0.14766117930412292 0.16632646322250366
v -0.4453911781311035 0.7717159986495972 0.02037336491048336
v -0.4717950224876404 0.787223756313324 0.021978164091706276
v -0.4621487557888031 0.780209481716156 0.00966243539005518
v -0.24718162417411804 -0.8201242089271545 -0.22596842050552368
v 0.4437800645828247 -0.5244399309158325 -0.03854476287961006
v 0.2534818649291992 0.14955030381679535 -0.07784856110811234
v 0.2784859240055084 0.17122140526771545 -0.08195089548826218
v 0.9026774168014526 0.5983143448829651 -0.09218789637088776
v 0.9066409468650818 0.5666729211807251 -0.09481333941221237
v 0.22483617067337036 0.3102152943611145 -0.3044790029525757
v 0.07953344285488129 -0.7834060788154602 0.22924108803272247
v 0.13388419151306152 0.4510277509689331 0.3090963661670685
v -0.07241097837686539 0.042089931666851044 -0.25911763310432434
v -0.05757564678788185 0.07661901414394379 -0.2470090538263321
v -0.30935120582580566 0.26391929388046265 0.15175122022628784
v -0.32783037424087524 0.2995946407318115 0.15585795044898987
v 0.39902710914611816 0.4731815755367279 0.03061707131564617
v -0.9044429063796997 0.532611072063446 0.0949028804898262
v -0.27068009972572327 -0.6741865873336792 -0.10363737493753433
v -0.16686345636844635 0.09788898378610611 0.06011364609003067
v 0.16804078221321106 -0.8989565372467041 -0.1122189313173294
v 0.44378888607025146 -0.4616045355796814 -0.10720843076705933
v -0.29682162404060364 -0.7368654012680054 -0.2001112848520279
v -0.2849665582180023 -0.7204231023788452 -0.19488254189491272
v 0.8213210105895996 0.7646201848983765 0.021191269159317017
v 0.7852312922477722 0.7763473987579346 0.025313373655080795
v 0.7994163036346436 0.7575662136077881 0.029739778488874435
v 0.669627845287323 0.26782315969467163 -0.008338416926562786
v 0.4203939139842987 -0.3645949959754944 -0.013884593732655048
v 0.20363688468933105 -0.938302218914032 0.06811320781707764
v 0.1891387552022934 -0.9354652166366577 0.05075393244624138
v 0.2201937586069107 -0.9363822340965271 0.04984576255083084
v 0.13653826713562012 0.6026877760887146 -0.35492363572120667
v 0.12845934927463531 0.6456992626190186 -0.35110121965408325
v -0.45127904415130615 -0.16175402700901031 -0.0171338077634573
v 0.7699880599975586 0.470181405544281 -0.017773088067770004
v 0.7360144853591919 0.49112948775291443 -0.028029996901750565
v -0.4829094409942627 0.7839171886444092 0.039535969495773315
v -0.4969203770160675 0.7767419815063477 0.051192644983530045
v -0.24447906017303467 -0.02699260599911213 -0.23080259561538696
v 0.4979279339313507 -0.3889620304107666 -0.022267749533057213
v 0.4861125349998474 -0.3780129551887512 -0.01327395811676979
v -0.21980346739292145 0.5251758694648743 0.31866538524627686
v -0.8788018226623535 0.5278849601745605 0.09269184619188309
v -0.33934593200683594 -0.7429913878440857 0.10276579856872559
v -0.3466821312904358 -0.7613492608070374 0.09259934723377228
v -0.3410278856754303 -0.7319232821464539 0.0702316090464592
v 0.8390044569969177 0.6274625658988953 -0.10117952525615692
v 0.8114851713180542 0.5988698601722717 -0.10961339622735977
v -0.8236156105995178 0.6508045792579651 0.0872492715716362
v -0.7949214577674866 0.6703705787658691 0.08519485592842102
v -0.7960588932037354 0.6410238742828369 0.08066268265247345
v 0.08207952231168747 0.36212360858917236 0.29994386434555054
v 0.1148473247885704 0.36611342430114746 0.2928633689880371
v -0.48376914858818054 0.3014551103115082 0.051122087985277176
v -0.5086982846260071 0.28949204087257385 0.05711124837398529
v -0.5099723935127258 0.2870672345161438 0.044804323464632034
v -0.2116098403930664 -0.1695641130208969 0.13731485605239868
v 0.07340540736913681 -0.8886335492134094 0.2313748598098755
v 0.04737398773431778 -0.875048041343689 0.21738600730895996
v 0.9899702072143555 0.5520976781845093 -0.010452419519424438
v -0.5307353138923645 0.5044525861740112 -0.054416172206401825
v -0.9657286405563354 0.6092215776443481 0.04793456196784973
v 0.2553357779979706 -0.09454083442687988 0.050590746104717255
v -0.10806653648614883 -0.9177730083465576 -0.011499467305839062
v -0.13670119643211365 -0.9190493226051331 -0.007787365932017565
v 0.3891603648662567 -0.09422122687101364 -0.08946555852890015
v 0.09382212907075882 -0.9256557822227478 0.06244148686528206
v 0.08682547509670258 -0.918943464756012 0.02235288918018341
v 0.6937634944915771 0.6067900657653809 -0.11466357111930847
v 0.6481661796569824 0.6096887588500977 -0.11267964541912079
v 0.12764590978622437 0.033977899700403214 -0.26029035449028015
v 0.1054677739739418 0.07214859127998352 -0.24488624930381775
v -0.7890158891677856 0.7419549822807312 0.07374537736177444
v -0.7559460997581482 0.755998969078064 0.07259690016508102
v -0.7718329429626465 0.7694190740585327 0.06306532770395279
v 0.3009748160839081 -0.3745124042034149 -0.25123921036720276
v -0.23228894174098969 -0.09889885038137436 0.10499220341444016
v 0.7852444052696228 0.4039623439311981 0.002006722614169121
v 0.745951771736145 0.39582598209381104 -0.0035483238752931356
v -0.5637081265449524 0.7389856576919556 0.07668602466583252
v -0.5822534561157227 0.7344292998313904 0.07801306247711182
v 0.1731196641921997 -0.2644883394241333 0.1408572643995285
v 0.18837827444076538 -0.23827843368053436 0.1369444578886032
v -0.4952318072319031 0.7157009840011597 0.07519146054983139
v -0.383587509393692 0.6553742289543152 0.06866215169429779
v -0.354536235332489 0.6803452968597412 -0.2184096723794937
v -0.36438313126564026 0.697667121887207 -0.18164314329624176
v 0.6914908289909363 0.7714008092880249 0.03956237807869911
v 0.6807335019111633 0.7560827136039734 0.04353023320436478
v 0.2808556854724884 -0.6704986691474915 -0.12305119633674622
v 0.29199862480163574 -0.644787073135376 -0.13462187349796295
v 0.3428003787994385 -0.29873088002204895 -0.19764897227287292
v 0.3588305115699768 -0.27635878324508667 -0.1991523951292038
v 0.3627476692199707 -0.31117668747901917 -0.19389495253562927
v 0.4936228096485138 -0.4263259470462799 -0.07830487936735153
v -0.9589017629623413 0.5802782773971558 0.07053801417350769
v -0.38190558552742004 0.7011962532997131 0.00012416373647283763
v -0.4723351001739502 0.33214864134788513 0.07641050219535828
v -0.45813465118408203 0.3291904032230377 0.06636742502450943
v -0.3273387849330902 -0.6957364678382874 -0.026484716683626175
v -0.38414961099624634 0.5276733040809631 -0.2431955188512802
v 0.37553954124450684 -0.3609181046485901 -0.17644082009792328
v 0.3821549117565155 -0.3408870995044708 -0.18422667682170868
v 0.301497220993042 -0.9319624900817871 0.05692388489842415
v 0.2701622247695923 -0.9367085099220276 0.06603671610355377
v -0.16964097321033478 -0.5917786955833435 0.1198805496096611
v 0.031101441010832787 -0.6424415707588196 0.12034567445516586
v 0.35431596636772156 -0.3620423674583435 -0.055185526609420776
v 0.36271020770072937 -0.39356911182403564 -0.0683213323354721
v 0.3677979111671448 -0.38186395168304443 -0.053459521383047104
v 0.09264947474002838 0.5507949590682983 0.31129190325737
v 0.10010455548763275 0.5742580890655518 0.30433493852615356
v 0.11951837688684464 0.5550052523612976 0.31024038791656494
v -0.21865497529506683 -0.9189457297325134 0.017183735966682434
v -0.20502318441867828 -0.9160690307617188 -0.005913610104471445
v -0.2920381724834442 0.029240626841783524 -0.06862549483776093
v 0.9342637658119202 0.5886944532394409 -0.0826188176870346
v -0.9649350643157959 0.5955411791801453 0.0253287460654974
v -0.9522908329963684 0.6286155581474304 0.023783598095178604
v -0.3131934404373169 -0.8802151083946228 0.1878299117088318
v -0.32541221380233765 -0.8778321146965027 0.1708717793226242
v -0.3172803521156311 -0.8911949992179871 0.16565623879432678
v -0.258860319852829 -0.5740799307823181 -0.2065347582101822
v -0.2384456992149353 -0.533277153968811 -0.22918681800365448
v -0.22155147790908813 -0.5824851393699646 -0.2215641587972641
v -0.046655215322971344 -0.9013702869415283 -0.0482594259083271
v -0.0748424232006073 0.450298011302948 0.321255624294281
v 0.1276635229587555 -0.21525610983371735 -0.3032114803791046
v 0.2248428612947464 -0.8165597915649414 -0.2232217788696289
v 0.37897396087646484 0.6804885268211365 0.005105954594910145
v 0.39533478021621704 0.6943892240524292 0.01581924967467785
v -0.6212067008018494 0.6964701414108276 0.07265865057706833
v -0.3093820810317993 -0.870555579662323 -0.107455313205719
v -0.08373037725687027 0.6180390119552612 0.2981560230255127
v -0.10139835625886917 0.6286882162094116 0.29365041851997375
v 0.07186012715101242 0.8226677179336548 0.10281427949666977
v 0.07785822451114655 0.7981220483779907 0.12064537405967712
v 0.034002404659986496 0.8075082898139954 0.12248391658067703
v 0.3848816454410553 0.6909195780754089 -0.005593937821686268
v 0.38948214054107666 0.6835613250732422 -0.02390342578291893
v -0.3390461802482605 -0.8409531712532043 0.16792680323123932
v -0.32532620429992676 -0.828048825263977 0.19373327493667603
v -0.32775983214378357 -0.849722146987915 0.18676526844501495
v 0.11794891953468323 0.06258601695299149 0.06527399271726608
v -0.08857998996973038 -0.24622076749801636 0.1842566281557083
v -0.10871021449565887 -0.26824453473091125 0.1777493953704834
v -0.048930104821920395 -0.8271031975746155 0.22169561684131622
v -0.04744657874107361 -0.8073344826698303 0.21413686871528625
v -0.03203365579247475 -0.8291686177253723 0.20460069179534912
v -0.5907931327819824 0.821067214012146 0.01085059717297554
v -0.5583206415176392 0.8174433708190918 0.0203535258769989
v -0.5546570420265198 0.8138391971588135 0.007923223078250885
v 0.23697346448898315 -0.02289244346320629 0.02282024547457695
v 0.2558184862136841 -0.02524675987660885 0.006512355525046587
v 0.25865548849105835 -0.04516978561878204 0.019061828032135963
v -0.19481034576892853 -0.7236524224281311 -0.23006194829940796
v -0.19393746554851532 -0.7454734444618225 -0.2437819093465805
v -0.22320035099983215 -0.7319607734680176 -0.23202604055404663
v -0.004304999951273203 -0.8432567715644836 0.04179535433650017
v 0.34567493200302124 -0.044966984540224075 -0.05765881761908531
v 0.3570230007171631 -0.05390782281756401 -0.06783413141965866
v 0.3303854763507843 -0.02342148683965206 -0.06855717301368713
v 0.23996469378471375 0.6034769415855408 0.2130170315504074
v -0.3482009172439575 -0.8608320951461792 0.10812678188085556
v 0.05518855154514313 0.3707713186740875 0.3181937038898468
v 0.26922541856765747 -0.4773106575012207 -0.2645623981952667
v 0.07709326595067978 0.5356222987174988 0.3113778233528137
v -0.7386814951896667 0.41953614354133606 0.060400206595659256
v -0.3617158532142639 0.24925142526626587 0.0476788766682148
v -0.3866758644580841 0.2888064384460449 0.0434398353099823
v -0.8271933197975159 0.7513852119445801 0.05773508921265602
v -0.8276253342628479 0.734504222869873 0.06849896907806396
v -0.17006202042102814 0.8421255350112915 0.07196425646543503
v -0.2100028693675995 0.8252665996551514 0.07164248079061508
v -0.18468134105205536 0.1161520928144455 -0.1673831045627594
v -0.21012847125530243 0.10069942474365234 -0.16510598361492157
v -0.15952518582344055 -0.9345261454582214 0.15100833773612976
v -0.242691308259964 -0.9263743758201599 0.1316804438829422
v 0.45930972695350647 0.6980352997779846 -0.057592663913965225
v 0.05605703964829445 0.25266599655151367 0.23585198819637299
v 0.07540030777454376 0.24311667680740356 0.2339187115430832
v -0.12156602740287781 0.662555992603302 -0.35140106081962585
v -0.17034858465194702 0.6581957936286926 -0.34326472878456116
v -0.15842294692993164 0.6982932090759277 -0.336514949798584
v -0.055990688502788544 0.4127930700778961 0.32634541392326355
v -0.0651387944817543 0.4045024812221527 0.3173714578151703
v -0.06522255390882492 0.383924663066864 0.3264159560203552
v -0.773459792137146 0.7845939993858337 0.05048274248838425
v -0.7946877479553223 0.780678927898407 0.04448464885354042
v 0.30289483070373535 0.7561951875686646 -0.0020339202601462603
v 0.1128479614853859 0.4218330979347229 0.2987269163131714
v 0.14220789074897766 -0.8946007490158081 -0.11795029789209366
v -0.28360870480537415 -0.3283861577510834 -0.24024389684200287
v -0.3049006164073944 -0.33378905057907104 -0.22646665573120117
v -0.29731979966163635 -0.2917143702507019 -0.23395924270153046
v -0.8214244842529297 0.5041484236717224 -0.040561798959970474
v 0.35360395908355713 -0.8687325716018677 -0.004236151464283466
v 0.3545650839805603 -0.8449850082397461 -0.019000928848981857
v 0.4883720576763153 -0.34967368841171265 -0.030736899003386497
v 0.49545466899871826 -0.362628698348999 -0.0379473976790905
v -0.7541936039924622 0.8023698925971985 0.030861718580126762
v 0.5782637000083923 0.7861259579658508 0.03270459920167923
v -0.32874077558517456 -0.32895711064338684 -0.1047108992934227
v -0.34057819843292236 -0.8887393474578857 0.051172804087400436
v -0.32569214701652527 -0.899573802947998 0.05768437311053276
v 0.09356421232223511 0.01652376353740692 0.10630610585212708
v -0.32412925362586975 -0.1676529198884964 -0.18534643948078156
v -0.3221166729927063 -0.187088742852211 -0.19779671728610992
v -0.3190019428730011 -0.1477850079536438 -0.19672976434230804
v 0.9920313358306885 0.5845370292663574 -0.016082357615232468
v 0.33479413390159607 -0.3738246262073517 -0.09327685832977295
v 0.3111060559749603 -0.40781155228614807 -0.21622735261917114
v -0.38505345582962036 -0.3229215741157532 -0.02605264075100422
v -0.36561092734336853 -0.30597665905952454 -0.02655087225139141
v -0.38466769456863403 -0.30606040358543396 -0.016315970569849014
v 0.2869374752044678 -0.2513415217399597 0.07317895442247391
v 0.38540196418762207 0.6366702914237976 -0.04309013858437538
v 0.10797193646430969 -0.9188796281814575 -0.0004247845208737999
v -0.31494811177253723 -0.17254437506198883 -0.21082885563373566
v 0.4566887617111206 0.39178770780563354 -0.07371095567941666
v 0.2461567223072052 -0.871613621711731 0.27401164174079895
v 0.24234101176261902 -0.8572191596031189 0.2768993377685547
v 0.40191033482551575 -0.4099784195423126 -0.14008429646492004
v 0.38271477818489075 -0.40946921706199646 -0.13810917735099792
v -0.5571545362472534 -0.479794979095459 -0.03577170521020889
v 0.19393765926361084 0.024704117327928543 0.04373296722769737
v -0.26171720027923584 -0.721135139465332 0.15748916566371918
v -0.2536911070346832 -0.7322428822517395 0.1794423609972
v -0.23418471217155457 -0.7190101146697998 0.16497288644313812
v -0.05327051505446434 -0.6051856279373169 0.13605836033821106
v 0.21446028351783752 -0.09395667165517807 -0.2799730896949768
v -0.2996828556060791 -0.7946196794509888 0.2098427712917328
v -0.3080616891384125 -0.8177720904350281 0.21162599325180054
v -0.3200004994869232 -0.8033952713012695 0.19399119913578033
v -0.5289453864097595 0.7437449097633362 0.07288792729377747
v -0.08889079093933105 0.37061917781829834 0.3106834292411804
v -0.08332917839288712 0.33943843841552734 0.29879748821258545
v -0.7871246337890625 0.5901955962181091 -0.04968560114502907
v -0.23744496703147888 0.29654163122177124 0.21966759860515594
v -0.22927998006343842 0.2763364613056183 0.21092069149017334
v -0.2288060486316681 -0.6894694566726685 0.09685809910297394
v 0.15745992958545685 0.4088185131549835 0.28255805373191833
v 0.16835598647594452 0.4247692823410034 0.2855801582336426
v 0.5220944285392761 0.727340042591095 0.04569054767489433
v -0.059367742389440536 -0.744759202003479 -0.19087941944599152
v -0.04264768213033676 -0.7719985246658325 -0.18808428943157196
v 0.4722537696361542 -0.2902485132217407 -0.02580575831234455
v -0.3570800721645355 -0.24680933356285095 -0.00798786710947752
v -0.3850247263908386 -0.2662341892719269 -0.0018575947033241391
v -0.3621346652507782 -0.2778731882572174 -0.01509916502982378
v -0.22583900392055511 -0.4412119686603546 0.13924576342105865
v -0.2561423182487488 -0.4508097767829895 0.12372056394815445
v 0.16271500289440155 0.4467909336090088 -0.34940609335899353
v -0.5003988742828369 0.32610654830932617 0.08345998078584671
v 0.22452975809574127 0.12735244631767273 -0.0316120870411396
v -0.17622540891170502 0.8831883668899536 -0.09077716618776321
v 0.3925550878047943 -0.09883493185043335 -0.07070422172546387
v -0.004849480930715799 -0.8487037420272827 -0.059768352657556534
v 0.7599207758903503 0.35083720088005066 0.010484675876796246
v 0.2085658460855484 -0.7945094704627991 0.26623690128326416
v -0.11076023429632187 0.5458351373672485 0.3377816081047058
v 0.7064980864524841 0.7941873073577881 -0.05147559568285942
v -0.35844457149505615 -0.14609867334365845 0.002520326990634203
v -0.37500372529029846 -0.1380549669265747 0.0022976205218583345
v 0.06805756688117981 -0.8873065114021301 -0.09654151648283005
v 0.3539082407951355 -0.874142050743103 0.039485253393650055
v 0.12485518306493759 -0.9332718253135681 0.17756426334381104
v 0.9333842396736145 0.523440957069397 -0.08793788403272629
v -0.2307172566652298 0.7952145338058472 0.09492048621177673
v -0.20427589118480682 0.790025532245636 0.11406758427619934
v 0.30950796604156494 0.5504245758056641 0.13451741635799408
v 0.30585530400276184 0.5857627391815186 0.1268860101699829
v 0.30006006360054016 0.5574938654899597 0.1388975828886032
v -0.5255858898162842 0.7841178178787231 0.05426323413848877
v -0.5641049146652222 0.794562041759491 0.054336026310920715
v 0.10077910870313644 0.7079129219055176 0.20643477141857147
v 0.050971582531929016 0.19041475653648376 0.2218940109014511
v 0.11118363589048386 0.08517199009656906 0.04070862755179405
v 0.6210768222808838 0.28801506757736206 0.005910588428378105
v 0.5845946073532104 0.2821294665336609 -0.00013822248729411513
v -0.022746732458472252 0.8441116213798523 0.09698160737752914
v 0.006388322915881872 0.8276296257972717 0.1101130023598671
v -0.2306753396987915 0.49788135290145874 0.31030648946762085
v 0.08475344628095627 0.8944372534751892 -0.0177113339304924
v 0.023302381858229637 0.9114791750907898 -0.05836641788482666
v 0.8767960667610168 0.7365078926086426 -0.053294166922569275
v 0.8375562429428101 0.7606611251831055 -0.05194951966404915
v 0.8510711789131165 0.7365763783454895 -0.06275971233844757
v -0.371445894241333 0.2479839026927948 0.0013894514413550496
v 0.21706798672676086 0.5870169997215271 -0.33689191937446594
v 0.45221835374832153 0.4600060284137726 0.02898586168885231
v -0.1698085069656372 0.6452276110649109 0.2677645683288574
v 0.33586326241493225 -0.8218325972557068 -0.14373910427093506
v 0.3388523757457733 -0.7981488704681396 -0.13875947892665863
v 0.6017886400222778 0.41683804988861084 -0.10970596224069595
v 0.31344717741012573 0.7605377435684204 -0.07703296095132828
v 0.2880573272705078 0.786661684513092 -0.05331840738654137
v -0.7336534261703491 0.7883456945419312 -0.009654420427978039
v -0.056499890983104706 -0.7278606295585632 -0.2058316171169281
v 0.24655352532863617 -0.0741857960820198 0.05839650705456734
v 0.11734268814325333 -0.5369563102722168 0.13702382147312164
v 0.12013117969036102 -0.4869304597377777 0.14470383524894714
v -0.4048023223876953 -0.08562863618135452 -0.038108281791210175
v -0.40173158049583435 -0.07485588639974594 -0.05561096966266632
v 0.3599525988101959 -0.0719703659415245 -0.12170431762933731
v 0.5333961844444275 0.563225269317627 -0.1041642501950264
v 0.5465385317802429 0.601138174533844 -0.10248889029026031
v 0.03879459947347641 -0.026529652997851372 0.1355249285697937
v -0.41683369874954224 0.33159536123275757 -0.06985773891210556
v -0.01553406659513712 0.7822219729423523 0.1442982405424118
v -0.011872615665197372 0.8048717975616455 0.12954877316951752
v 0.3957557678222656 0.3638562560081482 -0.10061296820640564
v -0.5100716352462769 0.31827661395072937 0.006413155701011419
v -0.2479795664548874 0.5958631038665771 0.22195562720298767
v -0.873134434223175 0.6100239753723145 -0.026711760088801384
v 0.3152017593383789 -0.4238901436328888 -0.17947402596473694
v 0.24491126835346222 0.7682750225067139 -0.23855973780155182
v 0.6226353645324707 0.2910902798175812 -0.07348167896270752
v 0.9620937705039978 0.5807366967201233 0.008703550323843956
v 0.488929808139801 -0.39454349875450134 -0.08728763461112976
v 0.49443623423576355 -0.38487955927848816 -0.07651271671056747
v -0.32504189014434814 -0.8963620066642761 0.1338561326265335
v 0.3291817903518677 0.5781334638595581 -0.27067288756370544
v 0.3038647472858429 0.5633068680763245 -0.2956857681274414
v 0.2913087010383606 0.609281063079834 -0.2955535352230072
v 0.43568339943885803 -0.2058214396238327 -0.13688132166862488
v 0.4268990457057953 -0.17882902920246124 -0.1302153766155243
v 0.14270822703838348 0.3405120372772217 0.27708011865615845
v 0.1128634586930275 0.3329048156738281 0.28086718916893005
v -0.33733999729156494 -0.8874498009681702 0.11815671622753143
v -0.34055835008621216 -0.8878443241119385 0.08232700079679489
v -0.3458576500415802 -0.876879870891571 0.09352735430002213
v -0.3184794783592224 -0.7395790219306946 0.13960734009742737
v -0.3069242238998413 -0.749732255935669 0.1666901558637619
v -0.6592296957969666 0.7900474667549133 -0.020601261407136917
v -0.6357643604278564 0.791868269443512 -0.020817331969738007
v 0.64192795753479 0.4670577347278595 -0.030013924464583397
v -0.030982203781604767 0.40960776805877686 0.34348881244659424
v -0.009639573283493519 0.42865121364593506 0.3438899517059326
v -0.021986179053783417 0.4325793981552124 0.3401579260826111
v -0.5289431214332581 -0.34211933612823486 -0.08747722953557968
v -0.5258834958076477 -0.4574294686317444 -0.02658168412744999
v -0.5640894770622253 -0.4876292645931244 -0.014920606277883053
v 0.9219436049461365 0.5821232199668884 0.022932713851332664
v 0.9457263946533203 0.5627668499946594 0.01589190773665905
v -0.6179332733154297 0.7744494676589966 -0.030375443398952484
v 0.2740705609321594 -0.6454086303710938 -0.18545444309711456
v -0.4235019087791443 0.3679540753364563 0.012170936912298203
v -0.615625262260437 0.804157555103302 -0.012376825325191021
v -0.5874843597412109 0.8121726512908936 -0.0037136126775294542
v 0.1148628294467926 -0.603157639503479 -0.26594454050064087
v -0.19617706537246704 0.5096505284309387 -0.3483480215072632
v -0.5446734428405762 -0.3462260663509369 -0.028982248157262802
v 0.19739846885204315 0.235454261302948 0.17596393823623657
v -0.44541987776756287 0.4565694034099579 -0.03903195634484291
v 0.16246601939201355 -0.6719712018966675 -0.23332220315933228
v -0.14306960999965668 -0.7049638628959656 0.1373390257358551
v -0.11628440022468567 -0.7051094174385071 0.12651115655899048
v 0.09300869703292847 0.25526055693626404 0.23373134434223175
v -0.22324883937835693 -0.8560795187950134 0.2582438886165619
v -0.24781204760074615 -0.8629328608512878 0.24798259139060974
v 0.1306438446044922 0.2393648326396942 0.23224781453609467
v 0.11637276411056519 0.2508319020271301 0.23707325756549835
v 0.42399585247039795 0.5947366952896118 0.042615361511707306
v 0.06682971864938736 0.5519125461578369 0.30309605598449707
v 0.217400923371315 0.3573048710823059 0.24185441434383392
v 0.23154626786708832 0.35127145051956177 0.22868123650550842
v 0.10820554941892624 0.27025455236434937 0.23990575969219208
v -0.028907882049679756 0.049855880439281464 0.10080177336931229
v -0.27932998538017273 -0.2143479436635971 0.10810260474681854
v -0.10381428897380829 -0.13177694380283356 0.16962409019470215
v -0.12950396537780762 -0.13073207437992096 0.16541382670402527
v -0.04646562039852142 0.17927615344524384 0.21250775456428528
v -0.06954312324523926 0.1835966557264328 0.21275463700294495
v -0.04285488650202751 -0.300703763961792 -0.29480183124542236
v -0.0066901263780891895 -0.2616094648838043 -0.29910698533058167
v 0.3859286904335022 -0.29984191060066223 -0.016126438975334167
v 0.36580735445022583 -0.3019205629825592 -0.024970313534140587
v -0.19073449075222015 0.239325150847435 0.21031668782234192
v -0.15205900371074677 0.21056489646434784 0.20696821808815002
v 0.11824651807546616 -0.7545576691627502 0.22106952965259552
v 0.10788600891828537 -0.7387236952781677 0.1958296149969101
v -0.17093050479888916 0.20154902338981628 0.19664961099624634
v -0.18400903046131134 0.1774619221687317 0.17321498692035675
v 0.48187363147735596 0.49414727091789246 -0.09483318030834198
v 0.4570855498313904 0.46795934438705444 -0.08646316081285477
v 0.04664214327931404 -0.8568356037139893 0.22426363825798035
v 0.035602737218141556 -0.831569254398346 0.21247687935829163
v -0.03860927373170853 -0.8672865033149719 0.2081938236951828
v 0.5690561532974243 0.3925371766090393 -0.10137791931629181
v -0.42532485723495483 0.4900096356868744 0.08348428457975388
v 0.18266451358795166 -0.9301064014434814 0.22605133056640625
v 0.18047554790973663 -0.9356768131256104 0.20867221057415009
v -0.6588439345359802 0.7180243134498596 -0.04821087419986725
v -0.25099292397499084 -0.6385486125946045 -0.1784600168466568
v -0.2726530134677887 -0.6258207559585571 -0.16802679002285004
v 0.446548730134964 -0.5190083384513855 0.00158128107432276
v 0.45508620142936707 -0.5195087194442749 -0.0015974420821294188
v 0.43615958094596863 -0.5650089383125305 0.006446266081184149
v 0.1593930721282959 0.6608145236968994 0.22026489675045013
v -0.9732763767242432 0.5608534216880798 0.026424409821629524
v -0.10316180437803268 -0.8492834568023682 -0.19518230855464935
v 0.1779715120792389 0.10536837577819824 -0.0975731909275055
v 0.175275519490242 0.10904296487569809 -0.12536576390266418
v 0.4178435206413269 0.39088165760040283 0.016467265784740448
v 0.1738404780626297 -0.4211236834526062 0.13635596632957458
v 0.17010189592838287 -0.4770086407661438 0.1322668343782425
v -0.08386045694351196 -0.889147162437439 0.23166589438915253
v -0.06393959373235703 -0.8864269852638245 0.2205692082643509
v 0.2860424518585205 0.5954090356826782 0.13679231703281403
v 0.2744651436805725 0.6387136578559875 0.12790219485759735
v 0.29528534412384033 -0.550008237361908 0.033579789102077484
v 0.3070874810218811 -0.5457891225814819 0.006164039950817823
v -0.5363916754722595 0.34495604038238525 0.0921827107667923
v 0.3805897831916809 -0.11232561618089676 -0.1374853253364563
v 0.21813486516475677 -0.7126064896583557 0.15060707926750183
v -0.018223362043499947 -0.7848235368728638 -0.15494833886623383
v -0.026222988963127136 -0.7759200930595398 -0.16753078997135162
v -0.5334621071815491 -0.4638177454471588 -0.05711210146546364
v 0.06364443153142929 0.6310622692108154 0.2650178372859955
v 0.08904964476823807 0.633707582950592 0.265383780002594
v 0.0811801627278328 0.6458359360694885 0.2536389231681824
v 0.8933441042900085 0.7502852082252502 -0.022840872406959534
v -0.5386136174201965 -0.46628445386886597 -0.05058279633522034
v 0.33063891530036926 0.5026450753211975 0.12752299010753632
v 0.31024637818336487 0.5096108317375183 0.1428675353527069
v 0.32615745067596436 0.4542372226715088 0.13595469295978546
v -0.09829898923635483 -0.1950068473815918 0.18124333024024963
v -0.10175100713968277 -0.16446098685264587 0.17654140293598175
v -0.12357859313488007 -0.19041955471038818 0.17648187279701233
v 0.03152911737561226 -0.8017838597297668 -0.17000848054885864
v 0.09739988297224045 0.34768277406692505 0.29112640023231506
v 0.5749837160110474 0.7206166386604309 -0.07875016331672668
v 0.5435648560523987 0.7374911308288574 -0.06622276455163956
v 0.5399210453033447 0.7133203148841858 -0.07489688694477081
v -0.2820744812488556 -0.6441367268562317 -0.1348290741443634
v 0.11820460855960846 -0.8635876178741455 -0.17875099182128906
v 0.08265488594770432 0.19710947573184967 -0.29332712292671204
v 0.032598238438367844 0.18911859393119812 -0.29471808671951294
v 0.07366766035556793 0.1639469861984253 -0.2722732722759247
v -0.31096041202545166 -0.5397205352783203 -0.17083071172237396
v -0.2299589365720749 0.6081414222717285 0.2661685645580292
v 0.26396799087524414 0.8072922825813293 -0.04405789449810982
v -0.27460387349128723 0.4836544394493103 0.23461757600307465
v -0.5325914025306702 0.7952300310134888 -0.009398735128343105
v -0.5452091097831726 0.8069483041763306 -0.0003696006315294653
v -0.496201753616333 0.790658175945282 -0.002064797095954418
v 0.2398390918970108 -0.25159063935279846 0.1049150750041008
v 0.2717648148536682 -0.2512136697769165 0.0858231633901596
v 0.20742841064929962 -0.9325554370880127 0.2206815481185913
v 0.19276052713394165 -0.9226689338684082 0.24286401271820068
v -0.12490563839673996 0.2657577097415924 0.2573775053024292
v 0.23453092575073242 -0.17366638779640198 0.10242851823568344
v 0.22180959582328796 -0.17112477123737335 0.11581560224294662
v -0.8897486925125122 0.36208170652389526 0.09081822633743286
v -0.866827666759491 0.35839593410491943 0.09576033055782318
v 0.8809093832969666 0.41470637917518616 -0.0940043032169342
v 0.8930003046989441 0.4448951184749603 -0.09592654556035995
v 0.9173651337623596 0.4318453073501587 -0.08520227670669556
v -0.9568825364112854 0.41152554750442505 0.06880760192871094
v -0.9687199592590332 0.43298274278640747 0.0618882030248642
v -0.2559814155101776 -0.6917950510978699 -0.1748933643102646
v -0.2523552477359772 0.6452959179878235 -0.3196384012699127
v 0.33876198530197144 -0.7744982838630676 -0.12750841677188873
v 0.024263501167297363 -0.3711221516132355 -0.29754409193992615
v -0.1972505897283554 0.30106502771377563 0.2562136650085449
v -0.21329616010189056 0.3181399703025818 0.2542650103569031
v -0.14701539278030396 0.3143770694732666 0.28214141726493835
v -0.146982342004776 0.3502618372440338 0.2947966456413269
v -0.16644024848937988 0.33292898535728455 0.28366684913635254
v 0.11572908610105515 -0.16361010074615479 -0.301249623298645
v -0.18288038671016693 -0.13422152400016785 0.1501948982477188
v -0.12369763851165771 -0.04103434458374977 0.13790111243724823
v -0.7232620716094971 0.5544012188911438 0.035960447043180466
v -0.6927735209465027 0.8105966448783875 0.001437934348359704
v 0.09272003173828125 -0.903598964214325 0.23108619451522827
v 0.13626497983932495 0.2446376532316208 -0.30675387382507324
v 0.2048029750585556 -0.07803677767515182 0.10729573667049408
v 0.19298310577869415 -0.10662735253572464 0.12391002476215363
v 0.18046016991138458 -0.0776510164141655 0.12026841938495636
v -0.9160135984420776 0.4455101490020752 -0.002801107708364725
v -0.9399045705795288 0.45065078139305115 0.008456667885184288
v -0.9244784116744995 0.4770964980125427 -0.004685768857598305
v 0.7146718502044678 0.698057234287262 0.035457879304885864
v 0.1545368880033493 -0.5875198841094971 -0.26681745052337646
v 0.18286290764808655 -0.6097906231880188 -0.25545617938041687
v -0.54500412940979 0.30241623520851135 0.00787684228271246
v -0.4949871599674225 0.6237680315971375 -0.053395532071590424
v -0.4812032878398895 0.5924330353736877 -0.052273526787757874
v -0.4631032347679138 0.6253177523612976 -0.04756942763924599
v 0.605696976184845 0.48945847153663635 -0.02745680883526802
v 0.6100969314575195 0.4446107745170593 -0.021031104028224945
v 0.05726057291030884 -0.7060462832450867 0.08193900436162949
v 0.083854079246521 -0.6976101398468018 0.08120492845773697
v 0.07691904157400131 -0.7064077258110046 0.10638757050037384
v -0.17103850841522217 0.0017920309910550714 0.10046883672475815
v 0.4101569354534149 -0.5072260499000549 -0.03252249211072922
v 0.41130974888801575 -0.5229078531265259 -0.034975942224264145
v -0.2958296537399292 -0.24861693382263184 0.09674129635095596
v -0.833424985408783 0.4668484330177307 -0.033448267728090286
v -0.8617421984672546 0.4644455909729004 -0.025741837918758392
v -0.0012343452544882894 0.025691647082567215 0.11428359150886536
v 0.0023212707601487637 0.04484531655907631 0.1030435562133789
v -0.21882906556129456 -0.10238838195800781 0.12028826028108597
v -0.231133833527565 -0.25832489132881165 0.14043182134628296
v -0.2008657306432724 -0.27013373374938965 0.15050563216209412
v 0.008658811450004578 -0.8065342903137207 -0.06324907392263412
v 0.008634635247290134 -0.7981356978416443 -0.02787344716489315
v -0.23945753276348114 -0.6255252957344055 0.06649750471115112
v -0.9795345067977905 0.46897342801094055 0.04512175917625427
v 0.7558559775352478 0.7841002345085144 0.027420740574598312
v 0.7689873576164246 0.7599513530731201 0.03460029512643814
v 0.13223537802696228 -0.7485419511795044 -0.21594518423080444
v 0.10988747328519821 -0.7369910478591919 -0.2012840062379837
v 0.14288021624088287 -0.7261698842048645 -0.20109665393829346
v -0.5980278253555298 0.5016728639602661 -0.058992426842451096
v -0.591485321521759 0.4671129286289215 -0.05405905470252037
v -0.00919429212808609 -0.7428921461105347 0.058180369436740875
v -0.00674964627251029 -0.7638865113258362 0.0814342051744461
v -0.013076149858534336 -0.7593939900398254 0.11583544313907623
v 0.306291788816452 -0.025462765246629715 -0.1305239498615265
v -0.11329527944326401 0.7019590139389038 -0.3441508710384369
v -0.3907076120376587 -0.2439061999320984 0.004186748992651701
v -0.3599016070365906 -0.22455190122127533 -0.0017430224688723683
v -0.3703414797782898 -0.19751541316509247 0.004603387322276831
v 0.11327563226222992 0.4457283914089203 -0.35640934109687805
v -0.26528602838516235 0.264521062374115 -0.27197784185409546
v -0.22643636167049408 0.25109654664993286 -0.2849527597427368
v -0.23599888384342194 0.29487285017967224 -0.3007492125034332
v 0.8184707760810852 0.38356754183769226 -0.10036608576774597
v 0.8427959680557251 0.3912387788295746 -0.09767455607652664
v 0.26606878638267517 0.590850293636322 0.17199385166168213
v 0.2401035726070404 0.6183608174324036 0.18320301175117493
v 0.261457234621048 0.5856083631515503 0.1799934059381485
v 0.251980721950531 0.6566020250320435 0.1325026899576187
v 0.7572446465492249 0.29544597864151 0.0006267312564887106
v -0.22315844893455505 -0.9103068113327026 -0.02507614903151989
v -0.5579458475112915 -0.4554389715194702 -0.04187780246138573
v -0.8997145891189575 0.6500418782234192 -0.008960023522377014
v -0.9180835485458374 0.630835235118866 -0.0036982400342822075
v -0.3090381622314453 0.6343556046485901 -0.2907435894012451
v 0.19797606766223907 -0.9404889941215515 0.09150592237710953
v -0.48157137632369995 0.6430915594100952 0.07529289275407791
v -0.6898394823074341 0.8015454411506653 -0.008982096798717976
v 0.23894405364990234 -0.7991144061088562 0.262745201587677
v 0.061739929020404816 0.4405790865421295 0.3106878995895386
v 0.36454206705093384 0.6563044190406799 0.006283079739660025
v -0.34641093015670776 -0.24663300812244415 -0.17054416239261627
v 0.13755667209625244 -0.7066347599029541 0.13958974182605743
v 0.1433960497379303 -0.7157410383224487 0.16371862590312958
v 0.12075725197792053 -0.7170063257217407 0.16006597876548767
v 0.11981597542762756 -0.9216350317001343 0.22101448476314545
v 0.11448810249567032 -0.9097866415977478 0.2376176118850708
v 0.26999038457870483 -0.7860755920410156 0.2414841502904892
v 0.18720337748527527 0.40670904517173767 0.2680114507675171
v 0.2394246757030487 0.0017611542716622353 -7.200182881206274e-05
v 0.30922138690948486 -0.5643652677536011 -0.02020229585468769
v 0.3093932569026947 -0.5821214318275452 -0.049368225038051605
v 0.27582529187202454 -0.49577438831329346 0.07621656358242035
v -0.9380043745040894 0.6148536205291748 0.00520738773047924
v -0.9214099645614624 0.6499404311180115 0.003673144616186619
v -0.1346026211977005 -0.2855488061904907 0.16361942887306213
v -0.16308079659938812 -0.2582676112651825 0.15747365355491638
v 0.1324932873249054 -0.9309198260307312 0.19964978098869324
v -0.2388359159231186 0.6114721298217773 0.219682976603508
v -0.9471105933189392 0.48231858015060425 0.006724025122821331
v -0.0036458810791373253 -0.8262743353843689 -0.06678485125303268
v -0.3428839445114136 -0.03308766707777977 -0.02858544886112213
v -0.768378734588623 0.7614524960517883 -0.016829639673233032
v -0.7328003644943237 0.7718923687934875 -0.02027285099029541
v -0.07251457870006561 -0.82554692029953 0.23774991929531097
v -0.09267345070838928 -0.841804027557373 0.25047123432159424
v 0.17120623588562012 0.34657397866249084 0.2669488787651062
v -0.07156889885663986 0.5080324411392212 0.33361536264419556
v -0.049119703471660614 0.5110546946525574 0.32062074542045593
v -0.4727914333343506 -0.4176848530769348 -0.11953966319561005
v -0.14198504388332367 0.5107394456863403 -0.35756662487983704
v 0.3641209602355957 -0.4120549261569977 -0.11344899982213974
v -0.580254077911377 0.43376532196998596 0.05265633389353752
v -0.60330730676651 0.4739067256450653 0.03523307293653488
v -0.6220840215682983 0.4378786087036133 0.0440305657684803
v 0.010486186482012272 -0.8060383200645447 -0.10077832639217377
v 0.24773287773132324 0.28359103202819824 0.16585031151771545
v -0.0037009993102401495 -0.8383961319923401 0.0038760111201554537
v -0.19789427518844604 -0.8546621203422546 0.2643631398677826
v -0.39685118198394775 -0.34738999605178833 -0.14290589094161987
v 0.7177624106407166 0.8019135594367981 0.023371296003460884
v 0.7188777923583984 0.787627100944519 0.03138859570026398
v 0.693260908126831 0.8053568005561829 0.02381223998963833
v -0.37344086170196533 0.5771942734718323 -0.24715232849121094
v -0.34138497710227966 0.6039023399353027 -0.27367082238197327
v -0.41296282410621643 0.7086933851242065 0.05672548711299896
v 0.36675965785980225 0.6433538198471069 0.017005177214741707
v -0.32014378905296326 -0.17113140225410461 -0.007474263198673725
v -0.33620697259902954 -0.18502329289913177 -0.004061928018927574
v 0.46010109782218933 -0.46513158082962036 -0.09894207864999771
v 0.10457286983728409 -0.11670787632465363 -0.29774025082588196
v -0.18594440817832947 0.011480087414383888 0.08163706958293915
v -0.4945749342441559 0.759276807308197 0.06083668768405914
v -0.1470065861940384 -0.9112348556518555 -0.04357956722378731
v -0.1714221090078354 -0.9165407419204712 -0.015436443500220776
v -0.3651810586452484 0.7011786699295044 0.052213154733181
v -0.3724466860294342 0.7030170559883118 0.028771957382559776
v -0.18846623599529266 -0.8846127986907959 -0.13175402581691742
v -0.26613691449165344 -0.6076523661613464 -0.185789555311203
v -0.23957432806491852 -0.6152618527412415 -0.19961969554424286
v -0.26163336634635925 -0.8686884045600891 -0.14752623438835144
v -0.26408687233924866 -0.8775919079780579 -0.12303575873374939
v -0.2856476902961731 -0.8653245568275452 -0.14061997830867767
v -0.538939893245697 0.45190057158470154 0.05769330635666847
v -0.5414925217628479 0.41882413625717163 0.06953064352273941
v 0.8832284212112427 0.40998026728630066 0.012312049977481365
v 0.908194899559021 0.4316865801811218 0.011401647701859474
v -0.15588133037090302 -0.9283693432807922 0.048847198486328125
v -0.16995178163051605 -0.9251245260238647 0.031044745817780495
v -0.13887247443199158 -0.9259511828422546 0.030698664486408234
v -0.1070723757147789 0.7029223442077637 0.22257736325263977
v -0.19740714132785797 0.4687110185623169 0.32421162724494934
v 0.2214811146259308 -0.22532565891742706 0.10917606204748154
v -0.31543970108032227 -0.686892569065094 -0.04542461410164833
v 0.021772604435682297 0.46008986234664917 0.3292727768421173
v -0.5936565399169922 0.7215227484703064 0.07822683453559875
v -0.3435673117637634 -0.07233188301324844 -0.14128126204013824
v -0.3176814615726471 -0.06293032318353653 -0.15167921781539917
v -0.8020437359809875 0.4727958142757416 -0.040888041257858276
v -0.17026259005069733 -0.7528117299079895 0.2210298627614975
v -0.22262059152126312 -0.04749755933880806 -0.24552775919437408
v -0.2081555873155594 -0.017046499997377396 -0.2430037558078766
v 0.29930391907691956 -0.9244301915168762 0.004728996194899082
v 0.32303616404533386 -0.9167237281799316 -0.005750423762947321
v -0.14437897503376007 0.38916003704071045 -0.34655144810676575
v -0.20007659494876862 0.39344534277915955 -0.3369691073894501
v -0.1570143848657608 0.45048537850379944 -0.3519631624221802
v 0.2820635735988617 -0.8272486925125122 -0.1949111968278885
v -0.1414758414030075 -0.910963773727417 0.23180700838565826
v 0.5320227742195129 0.6883029341697693 -0.08151658624410629
v -0.29004761576652527 0.23279808461666107 0.146127849817276
v -0.28077828884124756 0.24371187388896942 0.163253515958786
v -0.5014591217041016 0.30970826745033264 0.016628218814730644
v 0.5938199162483215 0.2635202705860138 -0.024278150871396065
v 0.5710334777832031 0.26742860674858093 -0.03215433657169342
v 0.4013306498527527 0.6241009831428528 -0.05578505992889404
v -0.06648567318916321 -0.8411471843719482 -0.18667125701904297
v -0.07509810477495193 -0.8516355752944946 -0.17977161705493927
v -0.09362136572599411 -0.8380985856056213 -0.20373305678367615
v -0.2709534764289856 0.0610298290848732 -0.06975630670785904
v -0.25645536184310913 0.06499321758747101 -0.039962198585271835
v -0.24939917027950287 0.08214541524648666 -0.0667186975479126
v 0.3690963089466095 -0.20132231712341309 -0.18873237073421478
v 0.3717679977416992 -0.23183512687683105 -0.19336815178394318
v 0.48638373613357544 -0.46233198046684265 0.007548367138952017
v 0.4836083948612213 -0.44993025064468384 0.017485670745372772
v 0.31375789642333984 0.6258004903793335 -0.2709462344646454
v -0.1275530904531479 -0.0696645975112915 0.14807648956775665
v 0.7155845165252686 0.7521303296089172 -0.07586903870105743
v -0.7243510484695435 0.3200225234031677 0.09804849326610565
v -0.6842977404594421 0.3200951814651489 0.09662448614835739
v 0.2541586458683014 -0.9164547920227051 -0.05273208022117615
v 0.24744631350040436 -0.9096851944923401 -0.07947096973657608
v -0.2981729209423065 0.19287924468517303 -0.1692546308040619
v -0.15227501094341278 0.4951215088367462 0.3413505554199219
v -0.1767941266298294 0.5101111531257629 0.33697041869163513
v 0.35467529296875 -0.8241934180259705 0.12078201770782471
v -0.34081849455833435 -0.33463114500045776 -0.07761048525571823
v -0.4634757936000824 -0.2756974995136261 -0.13775205612182617
v -0.43755465745925903 -0.26403865218162537 -0.1516902595758438
v 0.297445684671402 -0.6244540214538574 -0.14223574101924896
v 0.2846052944660187 -0.6476637125015259 -0.15858547389507294
v -0.05862269550561905 -0.9125332236289978 -0.01325851958245039
v -0.03881647810339928 -0.9110496640205383 0.003995050676167011
v 0.3480754494667053 -0.9011344313621521 0.12442586570978165
v -0.022881144657731056 0.28603556752204895 0.2531011402606964
v -0.04609089344739914 0.2882641851902008 0.25198131799697876
v -0.04213624820113182 0.3068138659000397 0.27102920413017273
v 0.04693540558218956 -0.8504738211631775 -0.1546705812215805
v 0.05096501111984253 -0.866387128829956 -0.13355275988578796
v -0.004860518034547567 -0.8630144596099854 0.023675594478845596
v 0.4690222442150116 -0.39853334426879883 0.01058164145797491
v 0.1846352368593216 0.14742308855056763 0.10824581980705261
v 0.18844883143901825 0.12796959280967712 0.06859606504440308
v 0.22500145435333252 0.16660763323307037 0.0939704030752182
v -0.06727040559053421 0.20140790939331055 0.23290030658245087
v 0.5880157947540283 0.39014101028442383 0.0016649767057970166
v 0.6130022406578064 0.4041188061237335 -0.008550086058676243
v 0.9052521586418152 0.6428181529045105 0.025763122364878654
v 0.5301424860954285 0.2808179259300232 -0.020552778616547585
v 0.5706145763397217 0.272816002368927 -0.012661154381930828
v 0.36608943343162537 -0.2655133306980133 -0.01997085101902485
v -0.1876329630613327 -0.6972927451133728 -0.20158377289772034
v -0.15731415152549744 -0.7005618214607239 -0.20217017829418182
v -0.16949330270290375 -0.6922645568847656 -0.19231006503105164
v -0.38238832354545593 -0.2716459035873413 -0.16724646091461182
v -0.39010801911354065 -0.2471267729997635 -0.16622142493724823
v -0.17322084307670593 0.723272979259491 -0.3242124319076538
v 0.24490024149417877 0.4350901246070862 0.23107726871967316
v 0.25098440051078796 0.4501570165157318 0.23342271149158478
v 0.5306097865104675 0.7868093252182007 0.02342871204018593
v -0.1011338010430336 0.09791092574596405 0.10866469144821167
v -0.09290936589241028 0.12216109037399292 0.14938369393348694
v -0.03924191743135452 0.08906928449869156 0.1075734943151474
v -0.455930233001709 -0.5065558552742004 -0.08605755865573883
v 0.6622057557106018 0.5453633069992065 -0.11946910619735718
v 0.6379247307777405 0.5661967992782593 -0.11677093803882599
v 0.6643329858779907 0.5816053152084351 -0.1168348640203476
v -0.9510828256607056 0.5527743697166443 0.005460839718580246
v -0.9319335222244263 0.543275773525238 -0.005977597087621689
v 0.5038731098175049 0.7429821491241455 0.03908621892333031
v -0.2250806838274002 -0.7623147964477539 -0.24480031430721283
v -0.27016210556030273 0.2100776880979538 -0.22694937884807587
v -0.2529658079147339 0.22756271064281464 -0.2556214928627014
v -0.23871465027332306 0.19565893709659576 -0.23837678134441376
v 0.3773912191390991 0.48153167963027954 0.0759938582777977
v 0.3548714816570282 0.49020805954933167 0.10525235533714294
v 0.3500858545303345 0.4380021095275879 0.11275815218687057
v 0.3886776566505432 -0.4991205632686615 -0.06707365065813065
v -0.14936523139476776 -0.2116784155368805 0.17099080979824066
v 0.34043076634407043 0.525394082069397 -0.2677256762981415
v -0.2776767611503601 -0.8144105076789856 0.23189516365528107
v -0.23880721628665924 -0.879926323890686 -0.12938210368156433
v -0.21386265754699707 -0.8800321221351624 -0.13832740485668182
v -0.293243944644928 -0.6294116377830505 -0.01924997940659523
v -0.4484575092792511 0.542195737361908 0.07654280960559845
v -0.5932730436325073 0.37435999512672424 -0.03223146125674248
v -0.3067103922367096 -0.19039754569530487 -0.22338049113750458
v -0.3334779143333435 -0.815695583820343 0.17832252383232117
v -0.7210797071456909 0.6855078935623169 -0.04965255409479141
v -0.7554545402526855 0.7001954913139343 -0.04169924184679985
v -0.7547623515129089 0.6665569543838501 -0.04811614379286766
v -0.5480439066886902 0.3526029586791992 0.09147070348262787
v -0.5564690232276917 0.3353603482246399 0.09322095662355423
v -0.014813194051384926 -0.8351689577102661 -0.13252770900726318
v -0.02277754247188568 -0.8255028128623962 -0.1555875539779663
v -0.11173902451992035 -0.9288322925567627 0.05382465571165085
v -0.13478559255599976 -0.9305384755134583 0.06318870186805725
v 0.4829294979572296 -0.3240060806274414 -0.031021293252706528
v -0.01901032216846943 0.21478396654129028 -0.30944982171058655
v -0.018697286024689674 0.1788705438375473 -0.2898772656917572
v -0.07081281393766403 0.1865307241678238 -0.29101473093032837
v -0.9626292586326599 0.5695232152938843 0.016123417764902115
v 0.9000189900398254 0.4740126132965088 -0.09722047299146652
v 0.904615044593811 0.5033394694328308 -0.09740343689918518
v 0.7224312424659729 0.38750019669532776 -0.10997931659221649
v -0.456490159034729 0.32106733322143555 0.05532355234026909
v -0.4543607234954834 0.320553719997406 0.04440975561738014
v -0.43915507197380066 0.6410767436027527 -0.04090564697980881
v -0.24263401329517365 -0.6597039103507996 -0.1694287806749344
v 0.21849645674228668 -0.345051109790802 -0.2944822311401367
v 0.24385765194892883 -0.36647534370422363 -0.28812262415885925
v 0.22235853970050812 -0.37920111417770386 -0.29182592034339905
v 0.34806007146835327 -0.8134118914604187 0.17410345375537872
v 0.3490343391895294 -0.8349044919013977 0.17766569554805756
v 0.6671457886695862 0.8225529789924622 0.008154601790010929
v -0.3105151355266571 -0.712017834186554 -0.15860755741596222
v -0.30830857157707214 0.315250039100647 0.18019850552082062
v -0.2875875234603882 0.33322882652282715 0.19962114095687866
v -0.5672571063041687 -0.4792857766151428 -0.014636277221143246
v -0.5463091135025024 -0.42784032225608826 -0.021632937714457512
v -0.5336670875549316 -0.4214962124824524 -0.020043576136231422
v -0.2683478593826294 -0.7035421133041382 0.11619479209184647
v 0.32321247458457947 -0.2847045063972473 -0.03560858592391014
v -0.0042058005928993225 0.41374972462654114 0.34658369421958923
v 0.8974751830101013 0.3354816436767578 -0.0389680340886116
v 0.8692615032196045 0.3157724440097809 -0.03287737816572189
v 0.19437412917613983 -0.5270454287528992 -0.27591267228126526
v 0.3389493525028229 -0.23058967292308807 -0.02711736224591732
v 0.3013143241405487 -0.4195629358291626 0.06161044165492058
v 0.31629952788352966 -0.34458598494529724 -0.18610693514347076
v 0.31805869936943054 -0.3557533025741577 -0.15577490627765656
v 0.317921906709671 -0.3925749361515045 -0.149164080619812
v 0.3717745542526245 -0.3286462426185608 -0.028792651370167732
v -0.023136895149946213 -0.9043704867362976 0.13265259563922882
v -0.43435394763946533 0.3568970561027527 0.07028679549694061
v -0.2818429470062256 -0.20855040848255157 -0.24179574847221375
v -0.6833542585372925 0.390817791223526 -0.03791651874780655
v -0.03135252743959427 -0.8107578158378601 0.19852113723754883
v 0.015487948432564735 -0.7404188513755798 0.05903348699212074
v 0.12618222832679749 0.09151169657707214 -0.2236384153366089
v 0.10396440327167511 0.11525482684373856 -0.2075730711221695
v 0.13149026036262512 0.11500584334135056 -0.19208301603794098
v 0.021014221012592316 -0.7302215099334717 0.06679720431566238
v 0.035113438963890076 -0.7171187996864319 0.07717098295688629
v 0.02473308891057968 -0.7299966216087341 0.08468782156705856
v -0.9045642018318176 0.5660292506217957 0.09262142330408096
v -0.15171508491039276 0.7335277199745178 0.1735941767692566
v 0.31840476393699646 -0.7325448989868164 0.11881576478481293
v 0.29675784707069397 -0.7247458696365356 0.12696970999240875
v 0.3140489161014557 -0.7406899929046631 0.14534081518650055
v 0.2726355195045471 -0.8897886276245117 -0.12785449624061584
v 0.2996389865875244 -0.8892772197723389 -0.11332116276025772
v 0.7855244278907776 0.7381370067596436 -0.07645536959171295
v 0.784887433052063 0.7152601480484009 -0.08538307249546051
v -0.3845728933811188 0.42323949933052063 -0.2349534034729004
v -0.6186628341674805 0.7543588280677795 0.07672793418169022
v -0.6135575771331787 0.7779720425605774 0.06826535612344742
v 0.28693971037864685 -0.11785195767879486 -0.24635440111160278
v 0.2985610365867615 -0.13862809538841248 -0.236013725399971
v 0.2792089879512787 -0.1261073350906372 -0.2568493187427521
v 0.5077263712882996 -0.4050053656101227 0.00158128107432276
v -0.18590472638607025 -0.3501366376876831 -0.2695707082748413
v -0.38038015365600586 -0.08622816950082779 -0.014958118088543415
v 0.2177535742521286 0.05243493989109993 -0.20230458676815033
v -0.5317140221595764 -0.47745394706726074 -0.046511344611644745
v -0.24784068763256073 0.7742576599121094 0.10575715452432632
v 0.39653176069259644 0.47224029898643494 0.03866077959537506
v 0.22720801830291748 0.3090645670890808 0.213914155960083
v 0.24185605347156525 0.3366389274597168 0.21355703473091125
v 0.2529637813568115 0.3246075212955475 0.19465024769306183
v 0.2718353569507599 -0.08795417845249176 0.0325833261013031
v 0.2726995050907135 -0.06744042038917542 0.018936218693852425
v 0.3533967435359955 -0.7701866030693054 -0.04353765398263931
v -0.5604611039161682 -0.40701353549957275 -0.06751006096601486
v -0.5632540583610535 -0.39917927980422974 -0.03729931265115738
v 0.07021564990282059 -0.5740887522697449 -0.27401912212371826
v 0.11547339707612991 -0.5595531463623047 -0.27654314041137695
v 0.6601646542549133 0.5090508460998535 -0.1203111857175827
v -0.3145579397678375 -0.8695151209831238 0.19603681564331055
v -0.31511345505714417 -0.8544350862503052 0.20273363590240479
v 0.2905856668949127 0.7857887148857117 -0.08396786451339722
v 0.3417269289493561 -0.8561478853225708 0.1999032348394394
v 0.32750433683395386 -0.8554997444152832 0.22363321483135223
v -0.2870563268661499 -0.4766603410243988 -0.21878662705421448
v 0.3145669996738434 -0.37879329919815063 -0.19824640452861786
v 0.07004155218601227 -0.4710679054260254 -0.29092440009117126
v -0.9621134400367737 0.41037049889564514 0.056912850588560104
v -0.7913327217102051 0.2656562626361847 0.0628933385014534
v -0.762883186340332 0.25800490379333496 0.06514405459165573
v 0.35529035329818726 -0.7953383326530457 -0.02172110043466091
v 0.14995846152305603 0.096226766705513 0.0314018651843071
v 0.18281888961791992 0.10309124737977982 -0.025395754724740982
v 0.19699063897132874 0.11757833510637283 0.021438151597976685
v 0.3828117251396179 -0.3089503347873688 -0.1903393417596817
v -0.3191165328025818 -0.41410717368125916 -0.19988641142845154
v -0.3243497312068939 -0.4109373092651367 -0.18812397122383118
v 0.20031046867370605 0.04774851351976395 -0.22246792912483215
v 0.4937860071659088 0.6550039649009705 -0.0815783366560936
v 0.20745481550693512 -0.8248812556266785 -0.22389855980873108
v 0.8399766087532043 0.3966107964515686 0.012532522901892662
v 0.8103521466255188 0.38433027267456055 0.01061908807605505
v -0.29908549785614014 -0.2628549039363861 -0.23305107653141022
v 0.15969066321849823 0.7016195058822632 -0.330929160118103
v 0.1970347911119461 0.7115259170532227 -0.3132854104042053
v -0.609173059463501 0.2826475203037262 0.010894613340497017
v -0.6317766308784485 0.27904993295669556 0.01155813317745924
v 0.3227936029434204 -0.35259225964546204 -0.030732497572898865
v 0.047660548239946365 -0.8858472108840942 0.20866340398788452
v 0.06581788510084152 -0.898253321647644 0.21466150879859924
v -0.06063750013709068 0.2589946687221527 0.24032241106033325
v -0.04591897130012512 0.2461344450712204 0.24090880155563354
v -0.8793617486953735 0.7299522161483765 0.025782963261008263
v 0.44734442234039307 -0.19715829193592072 -0.04883471503853798
v 0.43190738558769226 -0.16768819093704224 -0.05406128615140915
v 0.4263744056224823 -0.32175981998443604 -0.1694706380367279
v -0.44127562642097473 -0.22352910041809082 0.0075837112963199615
v -0.4221991002559662 -0.22170165181159973 0.009230293333530426
v -0.02226833999156952 -0.7651650309562683 0.1490728259086609
v 0.028048457577824593 -0.028425415977835655 -0.28540462255477905
v 0.7957085967063904 0.7619816064834595 -0.06215788051486015
v 0.8008161187171936 0.7759661078453064 -0.05182384327054024
v 0.8264461755752563 0.7505034804344177 -0.061906598508358
v 0.4883080720901489 0.6989567279815674 0.04603216424584389
v 0.4753684997558594 0.6720635294914246 0.04616880789399147
v -0.2612212002277374 -0.24167539179325104 0.12489321827888489
v -0.18514207005500793 0.6324664354324341 0.28119131922721863
v 0.34787705540657043 -0.8737430572509766 -0.06412860006093979
v 0.33737990260124207 -0.8817978501319885 -0.08456746488809586
v -0.3266598880290985 -0.01780698634684086 -0.031034497544169426
v -0.682983934879303 0.6881530284881592 -0.05293041095137596
v 0.28270289301872253 -0.07797949761152267 -0.2353237271308899
v -0.16795681416988373 -0.9310190081596375 0.1836041510105133
v -0.03318653628230095 -0.6723834276199341 0.10816645622253418
v 0.015677545219659805 -0.6788201332092285 0.10418546944856644
v 0.0036461439449340105 -0.7127431035041809 0.08343356847763062
v 0.26603567600250244 0.5477197766304016 0.21376870572566986
v 0.19974392652511597 -0.9328927397727966 0.029638344421982765
v -0.3501826226711273 -0.7890625596046448 0.011589010246098042
v -0.14676187932491302 0.04451250284910202 0.07902490347623825
v -0.13781879842281342 0.025879008695483208 0.09926096349954605
v 0.2277459353208542 0.6780900955200195 0.1424686312675476
v 0.21086715161800385 0.6918056607246399 0.14706465601921082
v -0.2270910143852234 -0.29178276658058167 0.14433568716049194
v 0.48670339584350586 -0.4909093379974365 -0.00843761581927538
v -0.3927114009857178 -0.16070033609867096 0.004843699745833874
v 0.688327431678772 0.5653393268585205 -0.11897750943899155
v -0.4244321286678314 0.7549761533737183 0.009845330379903316
v 0.0976114273071289 0.49441173672676086 0.31712234020233154
v -0.09507841616868973 -0.6900954842567444 0.08941616117954254
v -0.085877425968647 -0.698397159576416 0.08505374193191528
v 0.32249823212623596 -0.32022783160209656 -0.06265170872211456
v -0.11194182932376862 0.1610703319311142 -0.26556095480918884
v 0.06043272837996483 0.04149249941110611 0.09845856577157974
v 0.031590867787599564 0.05426021292805672 0.09471985697746277
v 0.3134647607803345 -0.17382070422172546 0.005114757921546698
v 0.23048818111419678 -0.13114647567272186 -0.2825544476509094
v -0.05305004119873047 0.2718196511268616 0.24149952828884125
v 0.035009775310754776 -0.2079949676990509 -0.30178970098495483
v 0.045833174139261246 -0.2686501443386078 -0.30255675315856934
v 0.8767695426940918 0.43300482630729675 0.014781003817915916
v 0.2969188094139099 -0.2170945256948471 -0.2559477984905243
v 0.2842547595500946 -0.19288627803325653 -0.26627302169799805
v 0.9652064442634583 0.4279942512512207 -0.05417809262871742
v -0.3134380877017975 -0.35989969968795776 -0.2159275859594345
v 0.4608881175518036 0.3654918074607849 -0.06665917485952377
v 0.4861125349998474 0.3660385310649872 -0.07621728628873825
v -0.35117238759994507 -0.83991938829422 0.05252625420689583
v -0.3504273295402527 -0.8576357960700989 0.0799529105424881
v -0.3509122133255005 -0.8255645036697388 0.0885234922170639
v -0.5185341238975525 0.80638188123703 0.023803437128663063
v -0.5200374722480774 0.8059894442558289 0.010588211007416248
v 0.16414348781108856 -0.666907787322998 0.07427001744508743
v 0.16268426179885864 -0.6845735907554626 0.06248773634433746
v 0.11621851474046707 -0.6763535141944885 0.08706413954496384
v -0.34378331899642944 -0.8133038878440857 0.15112514793872833
v -0.3338460922241211 -0.7888001799583435 0.1667584776878357
v 0.3351997435092926 -0.366091787815094 -0.16326533257961273
v 0.7234805226325989 0.7400989532470703 0.042908623814582825
v -0.7705588936805725 0.30909767746925354 0.09747090190649033
v -0.7729857563972473 0.2898315489292145 0.09143325686454773
v 0.2681518495082855 0.5382432341575623 0.22832845151424408
v 0.2586466670036316 0.5422859787940979 0.2468980848789215
v 0.23053008317947388 0.6819389462471008 0.13246524333953857
v -0.28091055154800415 0.03532031551003456 -0.039684440940618515
v -0.4147748351097107 -0.1062658354640007 -0.026467110961675644
v 0.31228986382484436 -0.171067476272583 -0.20146474242210388
v 0.33979588747024536 -0.18579921126365662 -0.19719712436199188
v 0.311593234539032 -0.33670979738235474 -0.2243526428937912
v -0.5959094166755676 -0.3691602349281311 0.026428746059536934
v -0.40581849217414856 -0.23351041972637177 0.007801950443536043
v -0.5061874985694885 0.43721508979797363 0.07400552928447723
v 0.07877742499113083 0.7218512296676636 -0.3411639928817749
v 0.07330621033906937 0.6949204206466675 -0.3492429852485657
v 0.4906293451786041 0.2987106442451477 -0.020687256008386612
v 0.44788891077041626 -0.3356274664402008 -0.15074680745601654
v 0.27785107493400574 0.34421539306640625 0.1705676019191742
v 0.26146170496940613 0.31325289607048035 0.17347291111946106
v 0.34596359729766846 -0.2879250645637512 -0.03319921717047691
v 0.35407355427742004 -0.31329506635665894 -0.034281544387340546
v 0.07272861897945404 -0.15775752067565918 -0.30120107531547546
v 0.14279204607009888 0.5306161642074585 0.3118384778499603
v 0.1436539739370346 0.5548575520515442 0.30632102489471436
v 0.2763918340206146 0.012994491495192051 -0.04430917650461197
v 0.2556178569793701 0.01596824638545513 -0.03816123306751251
v -0.487362265586853 -0.4630837142467499 -0.09198950231075287
v 0.1071365550160408 -0.90911865234375 -0.04796399548649788
v -0.3408052325248718 -0.7685156464576721 0.1335761398077011
v -0.3267105519771576 -0.7715598940849304 0.1661037653684616
v -0.010918132029473782 -0.8796838521957397 -0.0434737354516983
v 0.7843869924545288 0.3497549295425415 -0.09614918380975723
v -0.21736761927604675 -0.36429083347320557 0.14858786761760712
v -0.00324027962051332 -0.806216835975647 -0.06891646236181259
v -0.2940441071987152 0.7796913981437683 -0.19245991110801697
v -0.048224736005067825 0.5811445116996765 0.3034950792789459
v -0.017758240923285484 0.5631260871887207 0.2992449998855591
v -0.026280274614691734 0.5888333320617676 0.29150545597076416
v -0.11097190529108047 -0.9319889545440674 0.08368045091629028
v -0.13556592166423798 -0.9334019422531128 0.09150815010070801
v 0.42215967178344727 -0.20465975999832153 -0.15177184343338013
v 0.4119865298271179 -0.2125491499900818 -0.16452404856681824
v 0.09410645812749863 0.5592706799507141 -0.36248236894607544
v 0.0412261076271534 0.5061742067337036 -0.3652510344982147
v 0.1514948159456253 0.0945008248090744 -0.20682132244110107
v 0.18575060367584229 0.07949356734752655 -0.1987621784210205
v 0.1639781892299652 0.07015146315097809 -0.22495664656162262
v 0.032338086515665054 0.7564860582351685 -0.3330100476741791
v -0.0025040344335138798 0.7320442199707031 -0.3434852063655853
v 0.46838945150375366 -0.30417343974113464 -0.13109274208545685
v 0.21238155663013458 0.7334813475608826 -0.29403913021087646
v -0.2871048152446747 -0.06312208622694016 0.04571038857102394
v 0.15824905037879944 -0.9350727796554565 0.2000465840101242
v -0.34286412596702576 -0.7810739278793335 -0.14336661994457245
v 0.5259233713150024 0.30028244853019714 -0.05671977251768112
v 0.5479052066802979 0.30541640520095825 -0.0675651803612709
v 0.9260480999946594 0.42480897903442383 0.004429295193403959
v 0.9450254440307617 0.4335184395313263 -0.0017782349605113268
v -0.31923115253448486 -0.7561426162719727 0.16083750128746033
v -0.30410704016685486 -0.7734115719795227 0.19267728924751282
v 0.8528633117675781 0.7638067007064819 -0.04239797592163086
v -0.9518874287605286 0.5170857310295105 0.006175076588988304
v -0.9300774931907654 0.5100980401039124 -0.005673297680914402
v 0.6765385866165161 0.3953896462917328 -0.010119542479515076
v 0.7105276584625244 0.388099730014801 -0.005393436644226313
v 0.008815296925604343 -0.8044798374176025 0.0676349475979805
v 0.008182653225958347 -0.8221588134765625 0.03140620142221451
v -0.4116225838661194 -0.2734512686729431 -0.16185235977172852
v -0.3162640929222107 -0.5125253200531006 -0.1738000065088272
v 0.8779599070549011 0.5559201240539551 -0.10272257030010223
v 0.3551933765411377 -0.8202388286590576 -0.018610766157507896
v -0.2902372181415558 0.5661967992782593 0.19205135107040405
v 0.33875975012779236 -0.14588484168052673 -0.020929737016558647
v 0.32857346534729004 -0.15692207217216492 -0.02252126671373844
v -0.29662764072418213 -0.5518710017204285 0.04796544089913368
v -0.2928449809551239 -0.5802873969078064 0.03604637831449509
v -0.07335882633924484 0.6216254234313965 0.28720033168792725
v -0.3427208364009857 -0.3397165834903717 -0.12046550214290619
v -0.173531636595726 -0.4259578287601471 -0.26609885692596436
v -0.11519104242324829 -0.4340963363647461 -0.2765541076660156
v -0.20953327417373657 -0.92596435546875 0.056912850588560104
v -0.22860325872898102 -0.9260746240615845 0.07720185816287994
v 0.17768704891204834 -0.1883673071861267 0.1460595279932022
v 0.3349992334842682 0.7292997241020203 -0.11165466904640198
v 0.3361057937145233 0.7130624055862427 -0.15562282502651215
v -0.17392626404762268 0.6242067217826843 0.2943446636199951
v 0.504734992980957 -0.4324430525302887 -0.05762793868780136
v 0.9613046646118164 0.663135826587677 -0.042470768094062805
v -0.23545663058757782 -0.9263589978218079 0.1561334729194641
v -0.21525144577026367 -0.9307214021682739 0.13369518518447876
v -0.2234693169593811 0.8366543054580688 0.041295021772384644
v -0.19458770751953125 0.8654873967170715 0.004464507568627596
v -0.4161084294319153 0.514665424823761 0.08207788318395615
v 0.8596395254135132 0.45496904850006104 0.012651562690734863
v -0.3229895830154419 -0.5390041470527649 -0.06320059299468994
v 0.3551580309867859 0.3115908205509186 0.059758760035037994
v -0.3452448546886444 -0.8404505848884583 0.1466987431049347
v -0.3376552164554596 -0.8648197650909424 0.15734805166721344
v 0.8345516324043274 0.2967488467693329 -0.04676702991127968
v 0.19755496084690094 0.0007317120325751603 0.06628359854221344
v -0.07069817930459976 -0.8507537841796875 0.23832304775714874
v -0.05161059647798538 -0.84820556640625 0.22519610822200775
v -0.05640292540192604 -0.8686642646789551 0.2244906723499298
v -0.05435507744550705 0.8752659559249878 -0.22534897923469543
v -0.04265648499131203 0.8994302153587341 -0.16917526721954346
v 0.0490141287446022 -0.9099166393280029 0.1653079241514206
v 0.4637625515460968 0.7644152045249939 0.007336828857660294
v 0.17793840169906616 -0.8085358142852783 -0.23277108371257782
v 0.17807281017303467 -0.7867148518562317 -0.23329795897006989
v -0.015981515869498253 0.21724410355091095 0.2450331449508667
v 0.07962607592344284 -0.8715937733650208 -0.14554230868816376
v 0.2302214503288269 0.5252705812454224 0.2765246033668518
v 0.22419248521327972 0.49644631147384644 0.28262847661972046
v 0.20659947395324707 0.5265755653381348 0.290423184633255
v 0.41184765100479126 -0.47035589814186096 -0.10092383623123169
v -0.4529609680175781 0.662935197353363 -0.04152725264430046
v 0.3079714775085449 -0.30897456407546997 0.053194113075733185
v 0.09768421202898026 -0.7242807745933533 0.16576214134693146
v 0.08128159493207932 -0.7440406680107117 0.18942591547966003
v -0.2290000468492508 -0.7495449185371399 -0.23984046280384064
v -0.11654232442378998 0.6160219311714172 0.3082101345062256
v -0.121914342045784 -0.8774486184120178 -0.15141472220420837
v -0.3796660006046295 -0.0670745000243187 -0.02762879803776741
v 0.40528300404548645 -0.3394123613834381 -0.1776333749294281
v 0.4060281217098236 -0.3145802617073059 -0.18107882142066956
v 0.24897176027297974 -0.9395830035209656 0.17678605020046234
v 0.22563199698925018 -0.9400965571403503 0.18579310178756714
v -0.01849888637661934 -0.20380446314811707 -0.2978592813014984
v 0.4907020032405853 -0.2970842123031616 -0.06796861439943314
v 0.49467208981513977 -0.34425318241119385 -0.05647945776581764
v 0.04433861002326012 -0.8893786072731018 -0.06477228552103043
v 0.06521611660718918 -0.8943009972572327 -0.07103262841701508
v 0.22447247803211212 -0.07748566567897797 0.09085120260715485
v -0.22755837440490723 0.30747082829475403 0.23745901882648468
v -0.2540503740310669 0.3236684799194336 0.22081609070301056
v 0.5180317163467407 -0.42618489265441895 0.08506477624177933
v 0.522197961807251 -0.4320065975189209 0.07619673013687134
v 0.06915979832410812 -0.5049158930778503 0.15197156369686127
v -0.4840865731239319 -0.18855907022953033 -0.05380336940288544
v -0.2573569416999817 -0.5866491794586182 0.07651627063751221
v -0.24182498455047607 -0.5654057264328003 0.09837696701288223
v 0.037754252552986145 -0.057068876922130585 0.14728513360023499
v 0.008764580823481083 -0.7876120209693909 -0.0035307174548506737
v -0.38108113408088684 -0.056938864290714264 -0.04192405194044113
v -0.32939109206199646 -0.3263581693172455 -0.12094159424304962
v -0.11038991063833237 0.41903582215309143 0.31180328130722046
v -0.10837957262992859 0.44430214166641235 0.3230300545692444
v 0.050279416143894196 0.43861493468284607 -0.3604895770549774
v -0.6543293595314026 0.822641134262085 0.02596152201294899
v 0.28802645206451416 -0.4000830352306366 0.07950539141893387
v 0.3030095398426056 -0.3877033293247223 0.06209540367126465
v 0.29445207118988037 -0.36403292417526245 0.07462490350008011
v 0.14751605689525604 0.46540892124176025 0.31110888719558716
v -0.050537072122097015 0.9118627309799194 -0.10044104605913162
v -0.037822313606739044 0.9114704132080078 -0.041392840445041656
v 0.42079952359199524 -0.23523865640163422 -0.16427277028560638
v -0.0049354759976267815 0.5895894765853882 0.29121890664100647
v -0.006055248901247978 0.5430532097816467 0.30503588914871216
v 0.03394511714577675 0.548385500907898 0.29960212111473083
v -0.2610161602497101 -0.525859534740448 0.1010861024260521
v -0.2654535472393036 -0.555411159992218 0.08555854111909866
v -0.054339636117219925 0.2216705083847046 0.24231953918933868
v -0.7097911834716797 0.25389382243156433 0.03840285912156105
v -0.7564045786857605 0.2602776885032654 0.03952926769852638
v -0.7284201979637146 0.2644769251346588 0.027645550668239594
v -0.18364526331424713 -0.8538112640380859 -0.19972552359104156
v -0.21030040085315704 -0.8510293364524841 -0.20038017630577087
v -0.19260162115097046 -0.8654767274856567 -0.17810513079166412
v 0.2527853548526764 -0.39550894498825073 -0.2832355499267578
v -0.41140216588974 -0.3954031765460968 -0.08765795826911926
v 0.7138606309890747 0.5817859768867493 -0.11763069033622742
v 0.936882495880127 0.5536407232284546 -0.08542931824922562
v -0.1786414086818695 -0.5903260707855225 -0.23447507619857788
v -0.2792903184890747 -0.24355348944664001 0.11277799308300018
v 0.033707041293382645 -0.771764874458313 -0.177395299077034
v 0.15682505071163177 0.21014824509620667 0.18567407131195068
v 0.21566158533096313 0.6405718922615051 0.19045089185237885
v 0.23156610131263733 0.6244691014289856 0.2005358785390854
v -0.15723484754562378 0.8894268274307251 -0.04276389628648758
v -0.11655552685260773 -0.8665149807929993 0.25657525658607483
v -0.2718043625354767 -0.10154853016138077 0.0818442702293396
v -0.2558359205722809 -0.12129300087690353 0.10071571171283722
v 0.6426289081573486 0.7299235463142395 0.04546784237027168
v -0.6441187858581543 0.822632372379303 0.012576539069414139
v -0.31131312251091003 0.7969692349433899 -0.03755059838294983
v 0.49524521827697754 0.30282407999038696 -0.04336132854223251
v 0.4839038848876953 0.32178381085395813 -0.05465865135192871
v 0.18930181860923767 0.8580057621002197 -0.12296520173549652
v -0.37997016310691833 -0.11777042597532272 -0.1395530104637146
v -0.352186381816864 -0.09903332591056824 -0.14830656349658966
v -0.37529468536376953 -0.14397363364696503 -0.1529158651828766
v 0.15975242853164673 0.674497127532959 -0.33858928084373474
v 0.11934862285852432 0.6855850219726562 -0.3447989821434021
v 0.009913062676787376 -0.7790569067001343 0.06849239766597748
v 0.12265965342521667 -0.8452693223953247 0.27270445227622986
v 0.09961302578449249 -0.8405277132987976 0.2626306116580963
v 0.08574754744768143 -0.7141450643539429 0.13516990840435028
v -0.9460569024085999 0.5858728885650635 0.005203051958233118
v -0.4318696856498718 0.5687956809997559 -0.11961015313863754
v -0.9781105518341064 0.4649372398853302 0.05940164253115654
v 0.26611948013305664 -0.7377296090126038 -0.18074817955493927
v 0.03835825249552727 0.2840649485588074 0.24928322434425354
v 0.4313518702983856 0.39499062299728394 0.021770963445305824
v -0.1646260768175125 0.026020120829343796 0.08476060628890991
v 0.29926201701164246 -0.7166823148727417 0.09803745895624161
v -0.31544411182403564 -0.7858882546424866 0.1901092678308487
v -0.3324926197528839 -0.7524369955062866 0.1347489356994629
v -0.11736232787370682 -0.7158424854278564 0.15214578807353973
v 0.34834662079811096 -0.37687551975250244 -0.15997643768787384
v 0.4654996693134308 -0.2289959192276001 -0.050192635506391525
v 0.4552514851093292 -0.2027088701725006 -0.06227035075426102
v 0.2633596360683441 -0.2873343527317047 0.09611088037490845
v -0.47459903359413147 -0.4530847370624542 -0.05086936056613922
v 0.09276404231786728 -0.7965970039367676 -0.21665062010288239
v 0.4172990322113037 -0.5202361345291138 -0.06450996547937393
v -0.8046537041664124 0.753873884677887 0.0640285462141037
v -0.5669066905975342 0.46821069717407227 0.04423343017697334
v 0.021585242822766304 -0.5888469219207764 -0.26894912123680115
v 0.2300054430961609 0.8364272713661194 -0.07874129712581635
v -0.10520308464765549 0.3570271134376526 0.3048131763935089
v -0.09885673969984055 0.33107295632362366 0.2931654453277588
v -0.32563045620918274 -0.2882711589336395 -0.04693455249071121
v -0.3465255796909332 -0.2881036400794983 -0.029478246346116066
v 0.7923447489738464 0.7330272793769836 0.03752779960632324
v 0.8381535410881042 0.708261251449585 0.03374941274523735
v 0.322513610124588 -0.8889443278312683 -0.09390293806791306
v -0.32209908962249756 -0.5177121758460999 -0.027847036719322205
v -0.3255797326564789 -0.4539400041103363 -0.033298417925834656
v -0.5782105922698975 0.6456000804901123 -0.05992266908288002
v -0.592254638671875 0.6742392182350159 -0.05711650475859642
v 0.6695640087127686 0.25513482093811035 -0.03421979025006294
v 0.2167285978794098 0.47431680560112 0.28558671474456787
v 0.3104293942451477 -0.16026169061660767 -0.2102314829826355
v -0.22192180156707764 -0.6519953012466431 -0.1896647810935974
v -0.31115657091140747 -0.026088772341609 -0.14670176804065704
v -0.31116983294487 -0.04162737354636192 -0.1654454916715622
v 0.8621944189071655 0.5956911444664001 0.024242017418146133
v 0.1392650157213211 -0.8229655623435974 0.2747369110584259
v 0.06841915100812912 -0.9210332632064819 0.14950497448444366
v 0.09161780029535294 -0.928062915802002 0.15198929607868195
v -0.8750874400138855 0.4169482886791229 -0.012191630899906158
v 0.3645794987678528 -0.2537883222103119 -0.19760935008525848
v -0.49138084053993225 0.6912679076194763 0.07741352915763855
v -0.1908271312713623 -0.9328221678733826 0.11264804750680923
v -0.18693862855434418 -0.933573842048645 0.13917087018489838
v -0.2972338795661926 -0.678198516368866 -0.04451197758316994
v -0.5507817268371582 -0.4587719440460205 -0.048561424016952515
v -0.11125623434782028 -0.9335915446281433 0.11055158823728561
v 0.5009258985519409 -0.4462776780128479 0.028943948447704315
v 0.272794246673584 0.503449559211731 0.21284949779510498
v 0.2644970715045929 0.4937416613101959 0.22600507736206055
v 0.26862800121307373 0.5169646143913269 0.21912312507629395
v -0.41817834973335266 0.7517180442810059 0.0237791296094656
v -0.3353957533836365 0.3399322032928467 -0.258623868227005
v -0.360849529504776 0.37839171290397644 -0.24906353652477264
v -0.34145113825798035 0.3744790256023407 -0.2668086290359497
v -0.33209359645843506 0.7740064263343811 -0.022455111145973206
v -0.33936136960983276 0.7694190740585327 -0.06399412453174591
v 0.263882040977478 0.4717596769332886 0.22333785891532898
v 0.2553400993347168 0.4713607728481293 0.23544861376285553
v 0.1675492525100708 0.779089629650116 0.10404659062623978
v 0.2031562626361847 -0.9383551478385925 0.20007075369358063
v 0.02773982286453247 0.8878330588340759 0.030068254098296165
v 0.08310016244649887 0.880626916885376 0.022571129724383354
v -0.4186854064464569 -0.24600693583488464 -0.1573466658592224
v -0.31679755449295044 0.7575905323028564 -0.1901630163192749
v -0.3127393126487732 0.7464783191680908 -0.21232125163078308
v 0.4370368719100952 0.7411789894104004 0.012858765199780464
v 0.30003800988197327 -0.24972574412822723 -0.2546626031398773
v -0.38869282603263855 -0.18163079023361206 -0.1569124162197113
v 0.375720351934433 -0.0813300758600235 -0.06027979031205177
v 0.6120235323905945 0.7331485152244568 -0.07926593720912933
v 0.5753164887428284 0.7449396252632141 -0.06922509521245956
v 0.524792492389679 0.6614406108856201 -0.08726779371500015
v -0.2884141802787781 -0.8420443534851074 -0.18155498802661896
v -0.19157880544662476 0.6802570223808289 0.20553763210773468
v 0.4306597113609314 -0.168173149228096 -0.11328364908695221
v -0.9224216938018799 0.6093074679374695 0.0819588452577591
v -0.5419467091560364 0.6504496932029724 -0.056948982179164886
v 0.14105939865112305 -0.839703381061554 -0.21421918272972107
v 0.17287278175354004 -0.829721987247467 -0.22467449307441711
v 0.1794174611568451 -0.8486133217811584 -0.2098369151353836
v -0.1557314246892929 0.5218494534492493 0.3401953876018524
v -0.548231303691864 -0.35093680024147034 -0.04916319251060486
v -0.5295228958129883 -0.31053081154823303 -0.04329293966293335
v -0.9019211530685425 0.41268718242645264 0.09587937593460083
v -0.905000627040863 0.38327664136886597 0.09109151363372803
v 0.45637133717536926 -0.3901788592338562 -0.12533049285411835
v 0.46699199080467224 -0.3866540491580963 -0.11644469946622849
v 0.1923770010471344 -0.029252057895064354 0.09214302897453308
v 0.1771536022424698 -0.05110612511634827 0.11118646711111069
v 0.17021436989307404 -0.02528197132050991 0.10216403007507324
v -0.09049335867166519 -0.7642656564712524 0.21159958839416504
v -0.06549151241779327 -0.7683480978012085 0.20051169395446777
v -0.26680266857147217 0.40145817399024963 0.2389248013496399
v -0.29153114557266235 0.42996275424957275 0.21660345792770386
v -0.27488380670547485 0.44127780199050903 0.23596656322479248
v 0.3269731402397156 -0.8569436073303223 -0.13680203258991241
v -0.9065966010093689 0.6261598467826843 0.08330795913934708
v -0.9016147255897522 0.5958013534545898 0.09006653726100922
v 0.10591962188482285 0.2221090942621231 0.22909563779830933
v 0.22119231522083282 -0.5114539861679077 -0.2742042541503906
v -0.6016495823860168 0.797063946723938 0.057153161615133286
v 0.19357606768608093 0.09760899096727371 -0.1299552321434021
v -0.365729957818985 0.32592350244522095 0.12568458914756775
v -0.34601861238479614 0.3408845365047455 0.15699316561222076
v -0.21735218167304993 0.01166311465203762 -0.22962330281734467
v 0.30475306510925293 -0.5389665961265564 -0.1945166289806366
v -0.14816826581954956 0.6576359272003174 0.25198355317115784
v -0.1769946962594986 0.655517578125 0.24027615785598755
v 0.495780885219574 -0.4323945939540863 0.05239841341972351
v 0.8553035259246826 0.38316643238067627 0.01143686007708311
v -0.035397570580244064 0.6137205958366394 0.2818063795566559
v -0.057648371905088425 0.6031375527381897 0.29474371671676636
v -0.8273806571960449 0.3860276937484741 0.09682288765907288
v -0.7959221601486206 0.27101948857307434 0.04202686622738838
v 0.27083244919776917 -0.42273062467575073 -0.2729036808013916
v 0.31107965111732483 0.45834171772003174 0.14785826206207275
v 0.8298100233078003 0.3009503185749054 -0.057480257004499435
v -0.21204183995723724 -0.8308065533638 0.2619295120239258
v -0.8855206966400146 0.3233135938644409 0.07458312064409256
v -0.8521047830581665 0.3106538653373718 0.0835173949599266
v -0.8781074285507202 0.339361310005188 0.08788415044546127
v -0.47578272223472595 -0.4563383460044861 -0.09733951091766357
v -0.15431621670722961 -0.028046289458870888 -0.26170334219932556
v -0.12876549363136292 -0.02426796779036522 -0.2667292654514313
v 0.13583506643772125 0.4129297137260437 0.29080894589424133
v -0.29614707827568054 -0.35748371481895447 -0.2310561090707779
v -0.4895908534526825 0.7951793074607849 0.01345829851925373
v -0.3352965712547302 -0.7212012410163879 0.0671432837843895
v 0.513673722743988 0.31943389773368835 0.01105333212763071
v 0.2466747909784317 -0.8372983932495117 0.2745341658592224
v 0.23025666177272797 -0.8194959163665771 0.27447018027305603
v -0.11847329884767532 -0.21680139005184174 0.179118350148201
v -0.11291391402482986 -0.24032852053642273 0.1798854023218155
v 0.3078502118587494 0.6739900708198547 0.08301915973424911
v 0.20755401253700256 -0.6101455092430115 -0.2495727390050888
v 0.5028194785118103 -0.41910886764526367 0.06751590967178345
v -0.226866215467453 0.09243747591972351 -0.04669653996825218
v 0.24569383263587952 -0.8899120092391968 0.26679688692092896
v 0.2894130051136017 0.7528731226921082 0.029620738700032234
v -0.43918371200561523 -0.2274925410747528 -0.14360909163951874
v -0.8073914647102356 0.7645342350006104 0.05582835525274277
v 0.6737302541732788 0.2598191201686859 -0.0483299158513546
v 0.3273192048072815 -0.7698514461517334 0.17798970639705658
v 0.3417114317417145 -0.7886966466903687 0.17404170334339142
v 0.5781115889549255 0.3661884367465973 -0.0968523845076561
v 0.5425288677215576 0.34911125898361206 -0.08579307049512863
v -0.09220616519451141 -0.7194267511367798 0.14571568369865417
v -0.2500053942203522 -0.9246461987495422 0.10416115820407867
v -0.12912259995937347 0.41580861806869507 0.30869510769844055
v -0.15502165257930756 0.3838651478290558 0.2989540994167328
v -0.12806451320648193 0.3731100857257843 0.3045487105846405
v 0.744027316570282 0.5712006688117981 -0.11788197606801987
v 0.22736898064613342 -0.29515981674194336 0.11551143229007721
v 0.22312559187412262 -0.3511902987957001 0.11999066174030304
v 0.07159340381622314 0.8701077103614807 -0.22123344242572784
v 0.1160442903637886 0.8312845230102539 -0.26015588641166687
v 0.06130555272102356 0.8453791737556458 -0.2625851035118103
v -0.2959112226963043 -0.48302653431892395 0.07957372069358826
v -0.3084452152252197 -0.46705374121665955 0.06021284684538841
v -0.30147725343704224 -0.453241229057312 0.078890360891819
v -0.4303112030029297 -0.11391498148441315 -0.07313559949398041
v 0.4440159201622009 -0.35978731513023376 -0.008840983733534813
v -0.21677681803703308 0.1077975183725357 -0.07382999360561371
v 0.058442164212465286 -0.8505598306655884 0.23560063540935516
v -0.6030185222625732 0.36187005043029785 0.08359228819608688
v -0.22341859340667725 -0.32397744059562683 0.1468949019908905
v -0.5740179419517517 0.35778090357780457 0.08838684856891632
v 0.23695796728134155 -0.5550430417060852 0.08700238913297653
v -0.05697604641318321 0.5815589427947998 0.3098016679286957
v -0.43458321690559387 0.6730774641036987 0.0738225057721138
v 0.3124838173389435 0.2670362591743469 -0.2090720385313034
v 0.7662561535835266 0.42136141657829285 -0.1134578064084053
v -0.010561013594269753 0.7628942131996155 0.1748506724834442
v -0.01309598982334137 0.7781528234481812 0.15253588557243347
v 0.259667307138443 -0.6998608112335205 -0.12176606804132462
v -0.21492519974708557 0.2138250768184662 -0.26760441064834595
v -0.11034806072711945 0.12061594426631927 -0.22325704991817474
v -0.05609428882598877 0.11235399544239044 -0.2254834622144699
v 0.9032726287841797 0.7412562370300293 -0.011080661788582802
v 0.9244344830513 0.7157692909240723 -0.00590480724349618
v -0.08926775306463242 -0.7351372838020325 -0.20652595162391663
v -0.5266461372375488 -0.42559191584587097 -0.019728370010852814
v 0.10237287729978561 0.1504674106836319 -0.25324738025665283
v -0.5204541087150574 -0.30445560812950134 -0.027121763676404953
v 0.2464301437139511 -0.1574048101902008 -0.28152498602867126
v 0.2482597529888153 -0.18513569235801697 -0.2843928337097168
v 0.8169432282447815 0.5630069971084595 -0.11264660209417343
v 0.0013006973313167691 0.06330472230911255 0.09102319180965424
v 0.11570043861865997 -0.6906443238258362 0.07759208977222443
v 0.1503354161977768 -0.6898199915885925 0.08524110168218613
v -0.2859761714935303 0.24214018881320953 -0.2419147938489914
v 0.6981721520423889 0.7427882552146912 0.043990883976221085
v -0.015712561085820198 -0.5809972286224365 0.14392352104187012
v -0.0036745897959917784 -0.6133594512939453 0.13374589383602142
v 0.029205743223428726 -0.5834286212921143 0.14067870378494263
v 0.13469761610031128 0.8669334650039673 0.015367266722023487
v 0.28520259261131287 -0.7891242504119873 -0.1964961588382721
v 0.31331709027290344 -0.7873783707618713 -0.1733018457889557
v 0.30454587936401367 -0.801552414894104 -0.18311786651611328
v 0.4883080720901489 0.7744472622871399 -0.020314699038863182
v 0.47642436623573303 0.7611131072044373 -0.026857273653149605
v 0.49843722581863403 -0.41410499811172485 -0.07058518379926682
v -0.8157305717468262 0.4047890305519104 0.08999375253915787
v -0.8430382609367371 0.4082322418689728 0.09583088755607605
v -0.8752241134643555 0.5804987549781799 -0.0282283965498209
v -0.12051897495985031 0.9006447792053223 -0.09798096120357513
v -0.11196823418140411 0.8931124210357666 -0.1540864109992981
v -0.1696189045906067 0.8774350881576538 -0.14423733949661255
v 0.04053604602813721 0.3321089744567871 0.2920433580875397
v 0.35440635681152344 -0.7987021803855896 0.11240773648023605
v -0.8228904008865356 0.6880450248718262 -0.029094653204083443
v -0.30310630798339844 -0.1430235505104065 -0.22042664885520935
v 0.4059818685054779 0.3978738486766815 -0.05132567882537842
v 0.4014981687068939 0.38128161430358887 -0.03895476460456848
v 0.45695772767066956 -0.3552948236465454 -0.009945384226739407
v 0.07330621033906937 0.689253032207489 0.22970187664031982
v 0.24573351442813873 -0.918410062789917 0.24123938381671906
v 0.21985870599746704 -0.9251773953437805 0.236504465341568
v 0.3025553226470947 -0.60906982421875 -0.040345728397369385
v 0.2920515835285187 -0.6134234070777893 -0.005774730816483498
v -0.6768690347671509 0.27339133620262146 0.014983738772571087
v 0.24829943478107452 -0.8698766231536865 -0.17374271154403687
v 0.2730521559715271 -0.8774420022964478 -0.1519569754600525
v 0.3341659605503082 0.641879141330719 -0.23866774141788483
v 0.3505532145500183 0.657078206539154 -0.1984778493642807
v 0.02628270536661148 0.12011994421482086 0.15134337544441223
v -0.3337623178958893 -0.8438673615455627 -0.13135722279548645
v -0.17090849578380585 -0.6996800303459167 0.13020138442516327
v -0.19800890982151031 -0.6981391906738281 0.1270689070224762
v -0.02663739211857319 -0.6099316477775574 -0.25967973470687866
v -0.34695765376091003 -0.877433180809021 0.06155525892972946
v 0.4556548595428467 0.6164958477020264 0.04257134720683098
v 0.47361379861831665 0.5926579833030701 0.03409115970134735
v 0.25658345222473145 -0.45012423396110535 -0.2751389145851135
v 0.24509863555431366 -0.4730716645717621 -0.275224894285202
v 0.4819706082344055 -0.5271160006523132 0.028789695352315903
v 0.47449344396591187 -0.5290845036506653 0.030681058764457703
v 0.3372189402580261 -0.9034953117370605 -0.028162242844700813
v 0.8943250775337219 0.5548884272575378 0.023181699216365814
v 0.9068304300308228 0.5833181142807007 0.02532440982758999
v -0.054939236491918564 0.37271997332572937 0.3279898762702942
v -0.5344738364219666 0.28095903992652893 0.03254154324531555
v -0.5503915548324585 0.2706756591796875 0.04465440660715103
v -0.7154476046562195 0.6594567894935608 -0.05436328798532486
v -0.6735448241233826 0.6610990166664124 -0.05765441432595253
v 0.42728033661842346 0.6756102442741394 0.03837421536445618
v 0.4134722948074341 0.6497023701667786 0.038685087114572525
v -0.06572512537240982 0.6689950227737427 -0.35623517632484436
v -0.2544163167476654 0.5307748913764954 0.26427942514419556
v -0.24728523194789886 0.4985911250114441 0.27440619468688965
v 0.6418595910072327 0.42048847675323486 -0.018224937841296196
v 0.5142006278038025 0.49060916900634766 -0.10218912363052368
v 0.07832767814397812 -0.7657248973846436 0.21387013792991638
v 0.23007600009441376 -0.9354739785194397 0.20842309296131134
v 0.20304825901985168 0.08909346163272858 -0.10049616545438766
v -0.29536011815071106 -0.18642306327819824 0.08525660634040833
v -0.38109657168388367 0.31050407886505127 0.08707084506750107
v -0.10960295051336288 -0.8962187767028809 -0.0970287099480629
v 0.4310542643070221 -0.27811792492866516 -0.009603704325854778
v -0.28284600377082825 0.39102277159690857 0.21882104873657227
v -0.01711896061897278 -0.7388537526130676 0.08831839263439178
v -0.22107091546058655 -0.9293216466903687 0.10619796812534332
v 0.044182125478982925 -0.8793047070503235 -0.09657462686300278
v 0.14473412930965424 -0.9383419156074524 0.1544824242591858
v 0.1133396178483963 -0.4539421796798706 -0.2932896614074707
v 0.9643400311470032 0.5531910061836243 0.0077666062861680984
v -0.4965258240699768 0.6071714758872986 0.06540407240390778
v -0.2948421239852905 0.5986493825912476 0.18110445141792297
v 0.2107481062412262 -0.9234492182731628 -0.02451399527490139
v 0.23752005398273468 -0.9236608743667603 -0.02392326481640339
v 0.23049041628837585 -0.9168317317962646 -0.054581526666879654
v -0.5516304969787598 0.5436174869537354 0.0392427071928978
v -0.5914565920829773 0.5649799704551697 0.03197722136974335
v 0.03739713504910469 -0.9027524590492249 0.005504986736923456
v 0.023311184719204903 -0.8992695808410645 0.03445484861731529
v -0.3030952513217926 -0.004565415438264608 -0.15246617794036865
v 0.3354157507419586 -0.758922278881073 -0.12174399197101593
v 0.3269025683403015 -0.7675721645355225 -0.1468406468629837
v -0.8500393033027649 0.7453034520149231 0.05072752386331558
v -0.6819280385971069 0.25826072692871094 0.029153384268283844
v 0.4026796519756317 -0.36765021085739136 -0.16724862158298492
v 0.41399693489074707 -0.4009801745414734 -0.14377878606319427
v 0.2659519612789154 -0.8824789524078369 0.26241016387939453
v -0.7028363943099976 0.6796861290931702 0.07194218039512634
v -0.7359481453895569 0.6799396872520447 0.0775325745344162
v 0.2257244884967804 -0.8689684271812439 -0.1810038685798645
v 0.39687561988830566 -0.19392451643943787 -0.01884220913052559
v 0.16070027649402618 0.718039870262146 0.16327334940433502
v 0.3084167540073395 0.23207727074623108 0.06169413775205612
v -0.13189566135406494 0.5704953670501709 0.3314286470413208
v 0.2724812626838684 0.5358558893203735 0.20719091594219208
v 0.34139177203178406 -0.3667905330657959 -0.07382775843143463
v -0.5708105564117432 -0.35894080996513367 0.0029302642215043306
v -0.5603309869766235 -0.3597608208656311 -0.024260543286800385
v -0.4878626763820648 -0.42383721470832825 -0.02392766624689102
v -0.46790435910224915 -0.3847406804561615 -0.018701096996665
v 0.32728609442710876 0.6996356248855591 -0.1991986483335495
v 0.2697015702724457 -0.7698051929473877 -0.20063592493534088
v 0.2662428617477417 -0.7516986131668091 -0.19250622391700745
v 0.19149747490882874 0.6376291513442993 0.22796699404716492
v -0.2961316406726837 -0.8926653265953064 0.1926177740097046
v 0.1148628294467926 -0.8681637644767761 0.26750442385673523
v 0.7921397686004639 0.27803823351860046 -0.04406893253326416
v -0.46716588735580444 -0.31180498003959656 -0.1350892335176468
v 0.8209352493286133 0.7795899510383606 -0.04192628711462021
v -0.03388756886124611 -0.8746556639671326 -0.11024163663387299
v 0.4855195879936218 -0.27131524682044983 -0.06450115889310837
v 0.48417940735816956 -0.2681629955768585 -0.08017857372760773
v 0.02633775770664215 0.9030629992485046 -0.01008649729192257
v 0.816769003868103 0.3587002456188202 -0.09392717480659485
v 0.2660444676876068 0.4018285572528839 0.2086765468120575
v -0.41538098454475403 0.6247203350067139 -0.12741361558437347
v -0.4134720265865326 0.6490895748138428 -0.07787720859050751
v -0.3938333988189697 0.6730223894119263 -0.13429564237594604
v 0.4403786361217499 -0.2607872188091278 -0.1539740115404129
v -0.5274000763893127 -0.32288190722465515 -0.07840625196695328
v -0.5451496243476868 -0.36568397283554077 -0.07822992652654648
v -0.7257441878318787 0.2502014935016632 0.05153202638030052
v -0.28817394375801086 -0.7034274935722351 -0.17082855105400085
v 0.3259789049625397 -0.7267121076583862 -0.08884172141551971
v 0.31221261620521545 -0.7235069870948792 -0.11118955165147781
v 0.30150169134140015 -0.5051032304763794 -0.22066695988178253
v -0.3070807158946991 -0.4992065727710724 0.05198177322745323
v -0.17033091187477112 -0.7131795883178711 -0.21929806470870972
v -0.3440919518470764 0.7401120662689209 0.03562317043542862
v -0.32721757888793945 0.736990749835968 0.070075124502182
v -0.4689337909221649 0.3591322600841522 0.08475837856531143
v -0.44764405488967896 0.36718475818634033 0.0805017277598381
v -0.4114903509616852 0.3693649172782898 0.06154422089457512
v 0.27014240622520447 -0.5516108274459839 -0.24355927109718323
v 0.24727432429790497 -0.5478105545043945 -0.25720202922821045
v 0.9064425826072693 0.5348926782608032 -0.0968523845076561
v -0.29063841700553894 -0.10295269638299942 0.06169413775205612
v -0.26850441098213196 -0.06830674409866333 0.06946232169866562
v -0.11007470637559891 -0.6917223334312439 0.08355484157800674
v -0.16155758500099182 -0.8753126263618469 0.2612880766391754
v -0.1657612919807434 -0.8900884389877319 0.25342291593551636
v 0.2998594343662262 -0.9283847808837891 0.02816808968782425
v 0.3206201493740082 -0.926343560218811 0.05210961773991585
v -0.25495198369026184 0.4488828182220459 0.2531077265739441
v 0.35090139508247375 -0.8782641887664795 -0.031728893518447876
v 0.34352344274520874 -0.8863388299942017 -0.05798282474279404
v 0.001080224523320794 0.16771867871284485 0.1958560198545456
v 0.5781424641609192 0.5739473700523376 -0.012136513367295265
v 0.5724530220031738 0.6190552115440369 0.006547699216753244
v -0.5673078298568726 0.5323664546012878 -0.06022467091679573
v -0.20309214293956757 -0.6887882947921753 0.10004785656929016
v -0.20966118574142456 -0.6805351376533508 0.07078056037425995
v -0.010490456596016884 -0.8880383372306824 -0.005380166228860617
v -0.20389454066753387 -0.6258934140205383 -0.21241164207458496
v 0.5196497440338135 -0.4105515480041504 0.08658798038959503
v 0.48626694083213806 -0.40370258688926697 0.036430034786462784
v 0.5146700739860535 -0.4022344946861267 0.06522117555141449
v 0.06125273182988167 -0.36725348234176636 0.1629008650779724
v -0.011012864299118519 -0.8949357867240906 0.031445879489183426
v -0.017253438010811806 -0.9020581245422363 0.021036885678768158
v 0.05883673205971718 -0.9069628119468689 -0.009552987292408943
v -0.30038607120513916 -0.38746747374534607 -0.22543281316757202
v 0.5072215795516968 -0.41996636986732483 -0.017493095248937607
v 0.5048695802688599 -0.4092200994491577 -0.020949576050043106
v -0.43600723147392273 0.3939765393733978 -0.026240002363920212
v -0.5262582302093506 -0.3959035873413086 -0.10585714876651764
v 0.4331440329551697 0.4614873230457306 -0.07795216888189316
v 0.41333773732185364 0.4488431215286255 -0.06805677711963654
v -0.17031994462013245 -0.8679279685020447 -0.17547088861465454
v -0.16830512881278992 -0.8778475522994995 -0.15245074033737183
v 0.06806636601686478 -0.0027313395403325558 0.12118775397539139
v -0.41883963346481323 0.4799776077270508 0.08374877274036407
v -0.41661548614501953 0.44690999388694763 0.08364523947238922
v 0.14689654111862183 -0.005319332238286734 -0.27167809009552
v 0.4445471167564392 -0.5072348117828369 -0.00017790232959669083
v -0.0042190710082650185 -0.7032003402709961 -0.22796115279197693
v -0.010364782065153122 -0.6835198402404785 -0.23655156791210175
v 0.03182224929332733 -0.6980069279670715 -0.23273803293704987
v -0.21347911655902863 -0.8231044411659241 -0.23247794806957245
v 0.669511079788208 0.7043110132217407 0.037765879184007645
v 0.6456973552703857 0.7112327814102173 0.04127071425318718
v -0.03381037712097168 0.11493738740682602 0.1489582508802414
v -0.1591503918170929 -0.9219591021537781 0.00990708451718092
v 0.026968298479914665 0.15834569931030273 -0.2742064893245697
v -0.478172242641449 -0.19899670779705048 -0.018136775121092796
v -0.23998217284679413 0.6819190979003906 -0.3144426941871643
v -0.5240846872329712 -0.2934315800666809 -0.06001970171928406
v 0.1118890717625618 0.661907970905304 0.23511357605457306
v 0.0783299133181572 0.660470724105835 0.24674147367477417
v -0.47608256340026855 -0.2442963719367981 -0.12176383286714554
v -0.4557208716869354 -0.24852877855300903 -0.13850156962871552
v -0.13620080053806305 0.651126503944397 0.2634042501449585
v -0.032110847532749176 0.9012575745582581 0.004889949224889278
v -0.004498997703194618 0.6652542352676392 0.25686389207839966
v -0.004961885511875153 0.6306677460670471 0.27466413378715515
v 0.06796493381261826 -0.2328314483165741 0.18147483468055725
v -0.48655107617378235 0.7922981977462769 0.028714671730995178
v 0.3215481638908386 -0.4167479872703552 -0.02944296784698963
v 0.3202057480812073 -0.40533602237701416 0.004815056920051575
v 0.3151511549949646 -0.9315480589866638 0.09608881175518036
v 0.3309430778026581 -0.9245205521583557 0.10264242440462112
v 0.31765520572662354 -0.9292665719985962 0.13099931180477142
v 0.1404619812965393 0.8811780214309692 -0.12121718376874924
v 0.6005807518959045 0.7736448049545288 -0.0582098662853241
v -0.04662434011697769 0.6616058945655823 0.2589911222457886
v -0.08108076453208923 0.6854373216629028 0.24080303311347961
v -0.6066181659698486 0.541831910610199 -0.06253483891487122
v 0.3554026782512665 -0.8253837823867798 0.018900875002145767
v 0.30084919929504395 -0.7008064389228821 -0.011724276468157768
v -0.21546082198619843 0.07620461285114288 -0.1911042332649231
v -0.19227977097034454 0.07505612820386887 -0.20711012184619904
v -0.209612637758255 0.04899619519710541 -0.21519573032855988
v -0.22474780678749084 0.6249209642410278 0.23503854870796204
v -0.32871654629707336 -0.407357394695282 -0.16738533973693848
v 0.9149293303489685 0.6129534244537354 0.02464328333735466
v 0.8991460800170898 0.618788480758667 0.027696266770362854
v -0.19095273315906525 0.7006937265396118 0.18560796976089478
v -0.9308600425720215 0.4329299330711365 0.08998718112707138
v 0.2882336378097534 -0.28186529874801636 0.07633547484874725
v -0.2879931330680847 -0.8741596937179565 -0.11649765074253082
v 0.4906821548938751 -0.4547291398048401 0.011172371916472912
v 0.15273591876029968 0.26825305819511414 0.24192063510417938
v 0.8667221069335938 0.7643622756004333 -0.03210362046957016
v 0.8824920654296875 0.7453188300132751 -0.04280581325292587
v 0.32983216643333435 -0.734539806842804 0.10163058340549469
v 0.3372277319431305 -0.7326551079750061 0.07389753311872482
v 0.054502956569194794 -0.7563916444778442 0.18447276949882507
v 0.057558171451091766 -0.7793346643447876 0.2107795774936676
v 0.09768421202898026 -0.7545355558395386 0.21196997165679932
v 0.46433791518211365 0.6454347968101501 0.04499168321490288
v 0.43317702412605286 0.6275574564933777 0.04398878291249275
v 0.9628697633743286 0.6590642929077148 -0.006943052634596825
v 0.20202985405921936 0.4359718859195709 0.2795511782169342
v 0.1962587982416153 0.4266694486141205 0.27296459674835205
v -0.10608261078596115 -0.28800666332244873 0.1728469729423523
v 0.9625963568687439 0.44832295179367065 -0.007917311042547226
v -0.3175933063030243 -0.0729711651802063 -0.1649031788110733
v -0.3110992908477783 -0.06373705714941025 -0.18358515202999115
v -0.3200247585773468 -0.10055653750896454 -0.17305272817611694
v 0.4374866187572479 0.43972596526145935 -0.07687424123287201
v 0.7643184065818787 0.767999529838562 -0.06370315700769424
v 0.09389492124319077 0.2795923054218292 -0.3275476396083832
v 0.7106510400772095 0.8153689503669739 0.013264366425573826
v 0.6912901997566223 0.82364422082901 0.001550404354929924
v -0.3058793544769287 -0.08669769763946533 -0.20327450335025787
v -0.33313632011413574 0.23237921297550201 0.08698924630880356
v 0.2087223380804062 -0.2725563049316406 -0.29761457443237305
v 0.23320400714874268 -0.25495225191116333 -0.29293471574783325
v -0.5762928128242493 -0.39998823404312134 0.022937050089240074
v -0.6017466187477112 -0.390826940536499 0.04985233396291733
v 0.1426818072795868 -0.8195951581001282 -0.2264004945755005
v 0.2762904167175293 0.0014613218372687697 -0.03380538523197174
v 0.882681667804718 0.5274133086204529 -0.10292097181081772
v -0.028568435460329056 0.4941781461238861 0.31438010931015015
v 0.27083903551101685 -0.8423331379890442 -0.1929713487625122
v 0.28853124380111694 -0.8575652837753296 -0.17026422917842865
v -0.20553238689899445 -0.5833250284194946 0.10958389937877655
v -0.5370684266090393 0.49494072794914246 0.047352634370326996
v 0.48083749413490295 -0.28303802013397217 -0.03896139934659004
v 0.3151135742664337 -0.849369466304779 -0.15697410702705383
v -0.050367385149002075 -0.7619642615318298 0.1815585345029831
v -0.3615989685058594 -0.1756415069103241 0.0033645089715719223
v -0.6075154542922974 0.6088865399360657 0.039170049130916595
v 0.8080728054046631 0.47502657771110535 -0.005955523811280727
v -0.00259666470810771 0.07851260900497437 0.07832826673984528
v -0.13715967535972595 0.11462665349245071 -0.20036257803440094
v -0.1538114845752716 0.7859694957733154 0.1333535611629486
v -0.2962837815284729 0.22521069645881653 0.1322249323129654
v -0.3029695749282837 0.2160625159740448 0.11369942873716354
v 0.4667428731918335 -0.5134533643722534 -0.005027514882385731
v -0.12319066375494003 0.1981477290391922 0.2072305977344513
v -0.11240030825138092 0.19743125140666962 0.2141059935092926
v 0.3855496346950531 0.5639173984527588 0.03513163700699806
v -0.4328990578651428 0.3865368366241455 -0.0827753022313118
v 0.15811897814273834 -0.9337457418441772 0.05503252521157265
v 0.1767788827419281 -0.9374270439147949 0.0728173702955246
v 0.030098408460617065 0.8977106809616089 -0.1698409616947174
v 0.020681409165263176 0.9103460907936096 -0.11325500160455704
v 0.2895650267601013 -0.555375874042511 -0.22188152372837067
v 0.46255454421043396 -0.23524081707000732 -0.11305443942546844
v 0.2669350206851959 -0.7217567563056946 -0.16125939786434174
v 0.0592026524245739 -0.9196202754974365 0.12295784056186676
v 0.24559687077999115 0.04437362402677536 -0.17282791435718536
v 0.249571293592453 0.04753251001238823 -0.1508239358663559
v 0.07477646321058273 -0.923984944820404 0.09372352063655853
v 0.4089444577693939 0.5019242167472839 -0.12832841277122498
v -0.10052979737520218 0.9047977328300476 -0.0470007061958313
v 0.6077470183372498 0.6423552632331848 0.009649164974689484
v -0.11241792142391205 -0.9240378141403198 0.021389668807387352
v 0.8524598479270935 0.4121913015842438 -0.10017432272434235
v 0.2746966481208801 -0.20138846337795258 -0.2742351293563843
v 0.9845077991485596 0.6270305514335632 -0.02848624996840954
v -0.5103934407234192 -0.3348185122013092 -0.10446842014789581
v 0.43283316493034363 -0.1622147411108017 -0.0952012687921524
v -0.2601190209388733 0.562663197517395 0.233125239610672
v -0.2763894200325012 -0.8568620681762695 -0.16541461646556854
v 0.2053672969341278 -0.8617976903915405 -0.1931719183921814
v -0.3127150535583496 -0.7373172640800476 -0.1850951611995697
v 0.06408090889453888 0.021033862605690956 0.10981094092130661
v -0.2308075875043869 0.09646708518266678 -0.1420263648033142
v 0.3327374756336212 -0.11048497259616852 -0.022146541625261307
v -0.8823464512825012 0.7224727869033813 0.048986077308654785
v -0.9017249941825867 0.6941621899604797 0.0583280548453331
v 0.8113683462142944 0.2845035493373871 -0.036461636424064636
v -0.13254813849925995 -0.10006717592477798 0.1568542867898941
v 0.3543909788131714 -0.20948505401611328 -0.19642119109630585
v -0.01576767861843109 -0.6395825743675232 0.12398505210876465
v -0.5327081680297852 -0.3213322162628174 -0.06395227462053299
v 0.019116289913654327 0.27983248233795166 0.24963364005088806
v 0.48743078112602234 0.4612647593021393 -0.09439006447792053
v -0.24700523912906647 -0.6757362484931946 0.03538075461983681
v -0.2353551983833313 -0.6813727617263794 0.06646885722875595
v -0.14334073662757874 -0.00022717365936841816 0.11362887918949127
v 0.9540566802024841 0.400054007768631 -0.044507578015327454
v 0.10634072870016098 -0.7273580431938171 -0.2105511575937271
v 0.1475578397512436 -0.7085415720939636 -0.21487829089164734
v -0.5418893098831177 -0.3415660560131073 -0.037572670727968216
v -0.3577215373516083 0.7394508123397827 -0.004392637405544519
v 0.2361864447593689 0.5516260266304016 0.26606491208076477
v 0.2473956048488617 0.5232668519020081 0.2628290355205536
v -0.2871268093585968 0.3815748989582062 0.20839445292949677
v -0.29562243819236755 0.4157314896583557 0.2069086879491806
v -0.31019327044487 0.4158548414707184 0.1992507427930832
v 0.1982736587524414 -0.741904616355896 0.21451592445373535
v 0.22451439499855042 -0.7492186427116394 0.21938760578632355
v 0.21851183474063873 -0.7616623044013977 0.23647135496139526
v 0.4334525465965271 0.5193783640861511 0.03555484488606453
v 0.04565238207578659 -0.7871160507202148 -0.1861223727464676
v 0.4951592981815338 0.4311729967594147 -0.09298589825630188
v 0.48943671584129333 0.7202860713005066 -0.05881386995315552
v -0.20642735064029694 -0.7129480838775635 -0.22004975378513336
v -0.2262379676103592 -0.7059646844863892 -0.20798084139823914
v -0.21440936625003815 -0.6950486302375793 -0.19596928358078003
v -0.1905713677406311 0.4530359208583832 0.3188682496547699
v -0.780180811882019 0.2751350402832031 0.028930677101016045
v 0.2428855001926422 -0.7811113595962524 0.24876947700977325
v 0.09860565513372421 0.3306078314781189 -0.3405776023864746
v -0.24708683788776398 -0.32236382365226746 0.13777996599674225
v 0.33055731654167175 -0.20231430232524872 -0.20224729180335999
v -0.0781070739030838 0.27012011408805847 -0.3274329900741577
v -0.1299866884946823 0.23065327107906342 -0.3049507439136505
v -0.13593846559524536 0.27648189663887024 -0.3219000995159149
v -0.03026139736175537 0.07106620073318481 0.08497437834739685
v 0.43977031111717224 -0.17296764254570007 -0.06702733039855957
v -0.28145942091941833 -0.7367331385612488 0.1706557720899582
v -0.28347641229629517 -0.7599231004714966 0.1964820921421051
v -0.26417720317840576 -0.74857497215271 0.19510209560394287
v 0.9802995920181274 0.5778710842132568 -0.0021265505347400904
v 0.8499447703361511 0.4236583709716797 0.012523720040917397
v 0.8203643560409546 0.4136967658996582 0.008020189590752125
v -0.8322633504867554 0.34953224658966064 -0.0027591942343860865
v 0.2943330407142639 0.37285661697387695 0.15634948015213013
v -0.24348707497119904 -0.748746931552887 0.20461396872997284
v 0.7925806045532227 0.6902053356170654 -0.09273901581764221
v 0.7637189030647278 0.6685563325881958 -0.10128975659608841
v -0.40675976872444153 -0.10743638873100281 -0.10870962589979172
v 0.022400781512260437 0.13562096655368805 -0.2547485828399658
v 0.051046472042798996 0.13971443474292755 -0.25495579838752747
v -0.5091347694396973 -0.4537019431591034 -0.09736599028110504
v -0.38234424591064453 -0.35267823934555054 -0.053161922842264175
v 0.18490195274353027 0.7041391730308533 0.15904757380485535
v 0.6775856614112854 0.7926927208900452 0.03237389028072357
v 0.2822907269001007 -0.23317977786064148 -0.2722666561603546
v 0.2929069399833679 -0.25601696968078613 -0.2644566297531128
v -0.2668246626853943 0.6034173965454102 0.19932787120342255
v 0.3443567156791687 -0.7348307967185974 0.03581499680876732
v 0.34807321429252625 -0.739354133605957 0.0008472040062770247
v -0.27366700768470764 -0.5296532511711121 -0.21313022077083588
v -0.2859100103378296 -0.6283336877822876 -0.1476672887802124
v -0.05517948418855667 -0.829047441482544 -0.1892482042312622
v -0.47704142332077026 0.4256158471107483 0.08473853766918182
v 0.03479376807808876 0.8265010118484497 0.10729573667049408
v -0.2457752227783203 -0.8604286909103394 -0.17354431748390198
v -0.23638904094696045 -0.8712499737739563 -0.15309882164001465
v -0.21692897379398346 -0.8654987215995789 -0.17361263930797577
v 0.26874494552612305 0.77501380443573 0.02778666280210018
v -0.3661378026008606 0.7356526851654053 -0.04892071336507797
v 0.12338269501924515 -0.3756432831287384 0.15149106085300446
v 0.2420368492603302 -0.8864247798919678 -0.1460559070110321
v 0.7976329326629639 0.795221209526062 -0.034162502735853195
v -0.32728374004364014 -0.8649498820304871 0.17984139919281006
v -0.06522919237613678 -0.22744399309158325 0.18711358308792114
v 0.06102779507637024 -0.03455575555562973 -0.2869146168231964
v 0.41237005591392517 -0.14518387615680695 -0.12282191962003708
v -0.9308600425720215 0.6635964512825012 0.055848196148872375
v -0.13583487272262573 0.5193716883659363 0.34261807799339294
v -0.12896612286567688 0.7541009187698364 0.15744724869728088
v -0.12733043730258942 -0.1614256054162979 0.17191672325134277
v -0.15895645320415497 -0.15949232876300812 0.1640624850988388
v 0.09193957597017288 0.8854125738143921 -0.17216439545154572
v -0.39102059602737427 -0.2884629964828491 -0.006634416989982128
v 0.203218013048172 -0.838678240776062 -0.21652494370937347
v -0.06884872913360596 -0.8033974766731262 0.22792507708072662
v 0.5271203517913818 0.3194868564605713 -0.06976957619190216
v 0.05144103989005089 -0.006291488651186228 -0.2808372378349304
v -0.24635715782642365 0.5807080268859863 0.2638275921344757
v 0.5714390277862549 0.5214548707008362 -0.019060447812080383
v 0.5778096318244934 0.46918943524360657 -0.018465250730514526
v -0.08028276264667511 0.3636777102947235 0.30954599380493164
v -0.07574835419654846 0.3813124895095825 0.3141200840473175
v 0.1049189567565918 0.7529415488243103 0.15563970804214478
v 0.9883168935775757 0.47145774960517883 -0.04315629601478577
v -0.3059455156326294 -0.7538125514984131 -0.202699214220047
v -0.3010760545730591 -0.060732558369636536 0.017498942092061043
v 0.15995962917804718 -0.7401213049888611 -0.21443301439285278
v 0.3372211754322052 -0.8821439146995544 0.20015011727809906
v 0.07337229698896408 0.7751923203468323 0.1364286243915558
v -0.4485720694065094 -0.36412107944488525 -0.01979229226708412
v 0.32815247774124146 -0.7864106893539429 0.1950272023677826
v -0.17991332709789276 -0.03238886594772339 -0.2560073137283325
v 0.3693012595176697 -0.40975579619407654 -0.12874504923820496
v -0.04601593688130379 0.40939611196517944 0.33726367354393005
v 0.7692893147468567 0.8123182058334351 -0.0038017756305634975
v 0.7906562685966492 0.8048278093338013 -0.0047276820987463
v -0.3209814131259918 -0.5198261737823486 -0.15499018132686615
v 0.39315029978752136 -0.42102888226509094 -0.03828907757997513
v 0.37784531712532043 -0.4090503454208374 -0.05556688830256462
v -0.03346652910113335 -0.23157943785190582 0.18880431354045868
v -0.9167762994766235 0.3560527265071869 0.07492250204086304
v 0.1691671907901764 -0.7216906547546387 -0.19645647704601288
v 0.14998264610767365 0.5013664960861206 -0.3550470769405365
v 0.07418783754110336 0.22020459175109863 0.2338503897190094
v 0.8014046549797058 0.6858936548233032 0.0365578792989254
v 0.806080162525177 0.6585330963134766 0.030041713267564774
v 0.03428239747881889 -0.8488800525665283 -0.1426655799150467
v -0.006163317244499922 -0.8648704886436462 0.08241516351699829
v -0.3992407023906708 -0.15951664745807648 -0.14489638805389404
v 0.1525639295578003 0.09005457907915115 -0.021363981068134308
v 0.042584024369716644 -0.7466152906417847 0.15703284740447998
v -0.07289817184209824 0.5348706245422363 0.3320547044277191
v -0.3471890985965729 -0.015148501843214035 -0.058633141219615936
v -0.8884194493293762 0.7129477858543396 0.012909481301903725
v -0.9066693186759949 0.7038965821266174 0.029790494590997696
v 0.19354532659053802 -0.31920719146728516 -0.29878729581832886
v 0.1252078413963318 -0.9311953783035278 0.06533141434192657
v 0.4919496774673462 0.722007691860199 0.042820461094379425
v -0.43425920605659485 -0.11671450734138489 -0.061128437519073486
v -0.5865452885627747 0.278913289308548 0.017536386847496033
v 0.2611684501171112 -0.9227306246757507 -0.023824065923690796
v -0.02275330200791359 0.25354552268981934 0.24257968366146088
v 0.18055057525634766 0.8487871289253235 0.008046599105000496
v -0.2522560656070709 -0.7627688646316528 0.21531398594379425
v 0.18532739579677582 -0.7296240925788879 -0.20438994467258453
v -0.32471340894699097 0.0008000349625945091 -0.09827415645122528
v 0.3654039800167084 -0.15925872325897217 -0.020389657467603683
v -0.2716566026210785 -0.6647408604621887 -0.020367583259940147
v 0.30335336923599243 -0.31631508469581604 -0.2506197988986969
v 0.302641361951828 -0.34614670276641846 -0.2506594657897949
v -0.30894121527671814 -0.8355282545089722 -0.1746707260608673
v 0.10214360058307648 -0.8582397699356079 0.26365113258361816
v 0.07834318280220032 -0.8591039180755615 0.24920819699764252
v -0.34950804710388184 -0.7791098356246948 0.08058778941631317
v -0.35061246156692505 -0.7950319647789001 0.047753769904375076
v 0.4747072160243988 -0.44404903054237366 0.018003743141889572
v -0.11632848531007767 -0.7597114443778992 0.2180076241493225
v 0.07389917224645615 -0.752190113067627 -0.19401399791240692
v 0.27064287662506104 -0.13497768342494965 -0.26564693450927734
v 0.5446362495422363 0.5251515507698059 -0.10800866037607193
v -0.19225113093852997 -0.8760841488838196 -0.15386153757572174
v 0.03747425973415375 -0.172132208943367 0.17849674820899963
v -0.05626404285430908 -0.30216750502586365 0.17909851670265198
v -0.26708921790122986 0.1915501058101654 -0.20901250839233398
v -0.2879755198955536 0.20030803978443146 -0.19658870995044708
v -0.2692561149597168 0.17804397642612457 -0.18737885355949402
v -0.02641475200653076 0.5161092877388 -0.3660776913166046
v -0.5073381662368774 0.40581849217414856 0.08355917781591415
v 0.31969425082206726 -0.8136720061302185 -0.16905398666858673
v -0.002193230902776122 0.3555237650871277 0.3086774945259094
v 0.23784194886684418 0.2977120578289032 0.19446511566638947
v -0.1369767189025879 0.16173385083675385 0.17832699418067932
v 0.16054601967334747 -0.07323125004768372 0.1270226687192917
v -0.9837404489517212 0.49084293842315674 0.053260333836078644
v 0.3545607328414917 -0.7672194838523865 0.0291423462331295
v -0.6181911826133728 0.6383874416351318 -0.061545077711343765
v -0.7965041399002075 0.3077199161052704 0.09506160020828247
v -0.66133052110672 0.6298454999923706 -0.061344508081674576
v 0.3193172812461853 -0.4432135820388794 -0.09945791959762573
v 0.1764988899230957 0.13957345485687256 -0.19957344233989716
v 0.19078101217746735 0.12965822219848633 -0.1647268533706665
v 0.15644152462482452 0.11326873302459717 -0.16597013175487518
v 0.2671886086463928 0.7464497089385986 -0.23813870549201965
v -0.9499343633651733 0.6349155902862549 0.054827556014060974
v -0.07894028723239899 -0.6617870926856995 0.10940323770046234
v 0.40677323937416077 0.4302472174167633 -0.12159854918718338
v 0.3895328640937805 0.42612719535827637 -0.18166738748550415
v -0.11826169490814209 0.4855722188949585 0.3423205018043518
v -0.3262763023376465 -0.43762773275375366 -0.17321144044399261
v 0.2904931604862213 0.7824402451515198 -0.11629701405763626
v 0.09425860643386841 -0.07473908364772797 -0.2928774356842041
v 0.29316696524620056 -0.6314330101013184 -0.03266577422618866
v 0.49194759130477905 -0.4871442914009094 -0.053395532071590424
v 0.13146384060382843 -0.08723777532577515 -0.2925533652305603
v 0.05082389712333679 -0.715747594833374 0.10282978415489197
v -0.8384421467781067 0.7137082815170288 0.07488071918487549
v -0.42901280522346497 0.4332185983657837 0.0854879841208458
v -0.12895284593105316 0.6180014610290527 -0.356230765581131
v -0.07843548059463501 0.5693930983543396 -0.3640408515930176
v -0.07390330731868744 0.6210412979125977 -0.3616006076335907
v 0.43533509969711304 -0.5311235189437866 -0.03500235080718994
v 0.4317728579044342 -0.562877357006073 -0.00746112409979105
v 0.47073936462402344 -0.23202025890350342 -0.08307947218418121
v 0.47385185956954956 -0.2377185821533203 -0.0666503757238388
v 0.9442781805992126 0.6911906599998474 -0.007214242126792669
v -0.06419751793146133 0.1541464626789093 -0.2688256800174713
v 0.212877556681633 -0.9137257933616638 0.25520628690719604
v 0.4601937234401703 -0.26108258962631226 -0.02312086522579193
v -0.2535940706729889 0.07343149185180664 -0.15039849281311035
v -0.29778051376342773 -0.5253393054008484 0.05997699871659279
v -0.2826409637928009 -0.5394824743270874 0.07545161247253418
v -0.2021288424730301 0.45315930247306824 0.3113183081150055
v -0.22712188959121704 -0.6849218606948853 -0.17441503703594208
v -0.47528237104415894 -0.43706339597702026 -0.11213963478803635
v -0.2906692326068878 0.2783798277378082 0.1768103539943695
v -0.15470197796821594 0.7404581904411316 0.1610359102487564
v -0.3034611940383911 -0.7226141691207886 -0.18116922676563263
v 0.24274885654449463 -0.6843531131744385 0.0008273640996776521
v -0.14769434928894043 0.13627345860004425 0.14731377363204956
v -0.15751701593399048 0.11409977823495865 0.10755155235528946
v -0.060309022665023804 0.8165284991264343 -0.29626336693763733
v -0.0037892276886850595 0.8222443461418152 -0.2945307195186615
v -0.2360694408416748 0.07684829086065292 -0.17119887471199036
v 0.6454548239707947 0.2892054617404938 -0.0745948851108551
v -0.5730921030044556 0.40220552682876587 0.06867095828056335
v -0.5389090776443481 0.27438780665397644 0.05368577316403389
v -0.1603011041879654 -0.12705957889556885 0.15735462307929993
v 0.9506223797798157 0.4567832946777344 0.0018854493973776698
v 0.5114694237709045 0.7282658219337463 -0.06214690953493118
v 0.5090622305870056 0.7040442824363708 -0.07094229757785797
v 0.31348684430122375 -0.006179018411785364 -0.075245201587677
v -0.15065036714076996 0.7525910139083862 -0.3177977502346039
v -0.27420926094055176 0.29815077781677246 0.19638289511203766
v -0.873769223690033 0.5191027522087097 -0.028135767206549644
v 0.18285857141017914 -0.9216592907905579 -0.027492085471749306
v 0.18686163425445557 -0.9281378984451294 0.00496050575748086
v 0.3997831344604492 -0.4966737627983093 -0.07566840946674347
v 0.2712401747703552 -0.17316381633281708 -0.27252233028411865
v -0.2914297878742218 -0.01781138777732849 -0.19033053517341614
v 0.1683979034423828 -0.6321009397506714 0.09094606339931488
v -0.6291313767433167 0.5144582390785217 -0.06084410846233368
v 0.5016908049583435 0.746319591999054 -0.04955775663256645
v -0.28665289282798767 -0.6803014874458313 0.013828687369823456
v 0.642706036567688 0.8056169152259827 0.02549850195646286
v -0.13752783834934235 0.8115246295928955 0.11654087901115417
v 0.270195335149765 0.022510820999741554 -0.14808832108974457
v -0.1360597461462021 -0.4229114353656769 0.16300663352012634
v -0.29953518509864807 -0.4428829252719879 -0.21691733598709106
v -0.28565216064453125 -0.44923144578933716 -0.22526082396507263
v -0.5512468814849854 0.7262973189353943 -0.04419013857841492
v -0.19533498585224152 0.33653971552848816 -0.3266305923461914
v -0.14058305323123932 0.329776793718338 -0.3359462320804596
v 0.20784714818000793 0.2977055013179779 0.22511450946331024
v 0.7243643999099731 0.3474557399749756 0.009433159604668617
v -0.12745387852191925 0.2120727300643921 0.22451052069664001
v -0.627914547920227 0.47000062465667725 -0.05550513416528702
v -0.3017285466194153 0.3720012605190277 0.199535071849823
v 0.07905729115009308 0.746996283531189 -0.331742525100708
v -0.00588996009901166 0.24047809839248657 0.24519185721874237
v -0.029622118920087814 0.23159007728099823 0.24447761476039886
v -0.5511168241500854 -0.3899606168270111 -0.08115066587924957
v -0.5550229549407959 -0.37413766980171204 -0.06620732694864273
v 0.8275946378707886 0.33958402276039124 -0.08415299654006958
v 0.22901569306850433 0.14959444105625153 0.05589234083890915
v -0.3217639625072479 -0.20234958827495575 -0.013093231245875359
v -0.22094307839870453 -0.8991197347640991 0.2365463823080063
v 0.18179824948310852 -0.9097843766212463 0.26010662317276
v -0.9709441065788269 0.4519248902797699 0.06752470880746841
v -0.14605426788330078 -0.8596814274787903 0.264142781496048
v -0.14165657758712769 0.7275692820549011 -0.33092692494392395
v -0.10425516963005066 0.7569071650505066 -0.3262602686882019
v 0.23434145748615265 -0.8953722715377808 -0.12521368265151978
v 0.21832670271396637 -0.9022719264030457 -0.1070585772395134
v -0.08772030472755432 0.40944236516952515 0.31566089391708374
v -0.08575174957513809 0.42964544892311096 0.3157733678817749
v 0.23533332347869873 -0.9045049548149109 0.2601131796836853
v 0.49097543954849243 -0.33353114128112793 -0.0439123809337616
v -0.31966540217399597 -0.7263263463973999 -0.1647886037826538
v 0.22399409115314484 -0.47998011112213135 -0.27952122688293457
v 0.4778417944908142 -0.2526156008243561 -0.05612673982977867
v 0.4842168390750885 -0.2755277454853058 -0.05125952139496803
v 0.4737616181373596 -0.2614021897315979 -0.03691131994128227
v -0.08851607143878937 0.5179102420806885 -0.36321863532066345
v -0.13681359589099884 -0.7430222630500793 0.20448166131973267
v -0.16304552555084229 -0.7356376051902771 0.19943587481975555
v -0.14321506023406982 -0.7558603882789612 0.22116217017173767
v -0.38504016399383545 -0.2948203682899475 -0.16438958048820496
v 0.3053813874721527 -0.24254389107227325 -0.24367384612560272
v 0.49278298020362854 0.758436918258667 -0.03799371048808098
v 0.5239461064338684 0.7810008525848389 -0.033155135810375214
v -0.5020697712898254 0.5105102062225342 0.0584053099155426
v -0.5747188925743103 0.26461803913116455 0.040252309292554855
v -0.4937196373939514 -0.2965618073940277 -0.007392801344394684
v 0.03148943558335304 0.7822219729423523 0.13973519206047058
v -0.2620566487312317 0.5339337587356567 0.24764306843280792
v -0.032110847532749176 -0.7868228554725647 0.18672992289066315
v -0.04562577232718468 -0.7851806282997131 0.19972467422485352
v -0.182646706700325 0.855827808380127 0.041306059807538986
v -0.32752397656440735 -0.738225519657135 0.1232597753405571
v -0.3506036698818207 -0.8119989037513733 0.0116838738322258
v -0.3510555624961853 -0.8178779482841492 0.0489485003054142
v -0.869693398475647 0.35698744654655457 0.006920190528035164
v -0.8500921726226807 0.33435744047164917 0.010647730901837349
v -0.13743743300437927 -0.6730690002441406 0.08867117762565613
v 0.40161722898483276 0.5886592268943787 -0.08667699992656708
v -0.7084156274795532 0.27395355701446533 0.01625559665262699
v 0.3115028440952301 -0.715236246585846 -0.08871164172887802
v -0.31433746218681335 -0.39322301745414734 0.058475736528635025
v -0.3034038245677948 -0.4228166341781616 0.08192139863967896
v -0.23937377333641052 -0.8883094787597656 -0.1035580113530159
v -0.7033566832542419 0.7824534773826599 -0.01973053812980652
v -0.8238624930381775 0.6742920279502869 0.08663646876811981
v 0.025661097839474678 -0.632585883140564 -0.25762972235679626
v 0.052225831896066666 0.8164006471633911 -0.29421326518058777
v 0.38035619258880615 0.6712081432342529 0.015898609533905983
v -0.1845380663871765 -0.7856060862541199 0.24848514795303345
v 0.1170605942606926 0.5020652413368225 0.3178609013557434
v 0.10030072182416916 0.5243646502494812 0.3167365789413452
v 0.12185948342084885 0.5229494571685791 0.3159783184528351
v 0.2992069721221924 -0.09777908027172089 -0.21681374311447144
v 0.2936827838420868 -0.06682978570461273 -0.20999564230442047
v -0.08922366797924042 0.1944112479686737 0.22090201079845428
v 0.08258656412363052 0.6536879539489746 -0.3561866879463196
v 0.033063359558582306 0.6604486107826233 -0.358816534280777
v 0.13887713849544525 -0.13481232523918152 0.15211491286754608
v 0.5558321475982666 0.4482303261756897 -0.007604339625686407
v -0.6786589622497559 0.6272201538085938 0.046071842312812805
v 0.3127284646034241 -0.01624409854412079 -0.11035187542438507
v 0.39265206456184387 -0.24365931749343872 -0.18499596416950226
v -0.3926628530025482 0.32570305466651917 -0.1657738983631134
v -0.23733249306678772 0.47955426573753357 0.2814183831214905
v -0.2456297129392624 0.49839943647384644 0.29096320271492004
v -0.2358335256576538 0.4814501106739044 0.29581505060195923
v 0.2790524959564209 -0.3724292814731598 0.08864463120698929
v 0.39122581481933594 -0.44905295968055725 -0.1019907221198082
v 0.38717639446258545 -0.42960602045059204 -0.1190524697303772
v 0.9026510119438171 0.399029016494751 0.0056945825926959515
v -0.18220806121826172 -0.927745521068573 0.053280171006917953
v -0.17506811022758484 0.5874093174934387 0.31861481070518494
v -0.1562957465648651 0.5975383520126343 0.3172127306461334
v -0.15189804136753082 0.5714343786239624 0.329506516456604
v 0.18919828534126282 0.6916690468788147 -0.32426753640174866
v -0.16291543841362 -0.729207456111908 -0.23215387761592865
v 0.29856985807418823 -0.5563259720802307 -0.20374849438667297
v -0.307662695646286 0.7313608527183533 0.09895233064889908
v -0.34549611806869507 0.698961079120636 0.0870266929268837
v -0.3237457275390625 0.6938050389289856 0.11533734202384949
v 0.44117671251296997 -0.5588058829307556 -0.005638084840029478
v -0.4396047592163086 0.4267929494380951 -0.021703427657485008
v -0.21194711327552795 -0.8027405142784119 -0.2440904825925827
v -0.23669543862342834 -0.8041051030158997 -0.2381497323513031
v -0.21521393954753876 -0.7858882546424866 -0.24774976074695587
v -0.18120725452899933 0.23947954177856445 -0.29612666368484497
v -0.17129866778850555 0.2015666365623474 -0.27765852212905884
v 0.17778190970420837 0.6962717771530151 0.17391608655452728
v -0.2390342503786087 -0.694638729095459 -0.18789692223072052
v -0.2005637288093567 -0.9236630201339722 0.03498605638742447
v -0.9261250495910645 0.6781784296035767 0.026889530941843987
v -0.17561475932598114 -0.9091362953186035 -0.048169028013944626
v 0.46089693903923035 -0.518638014793396 -0.007787365932017565
v 0.12275662273168564 -0.8861955404281616 0.26319047808647156
v -0.3053348660469055 -0.1030871793627739 0.03308602422475815
v -0.18923775851726532 0.2846049666404724 -0.3127475678920746
v 0.22825072705745697 -0.20538495481014252 0.10628180205821991
v 0.8658667802810669 0.40545690059661865 0.01316740084439516
v 0.1715347021818161 -0.9316670894622803 0.03234747797250748
v 0.13966627418994904 -0.9293966293334961 0.037525568157434464
v -0.309736967086792 -0.8443104028701782 0.2106495052576065
v -0.09989498555660248 0.6524181962013245 0.2642023265361786
v -0.42183756828308105 0.3806071877479553 -0.13545292615890503
v -0.7441946268081665 0.3568706512451172 -0.0224529430270195
v 0.490316241979599 -0.48348066210746765 0.004462274257093668
v 0.4871266186237335 -0.5179238319396973 0.03366571664810181
v -0.09372273087501526 -0.2223827838897705 0.18374092876911163
v 0.14474517107009888 -0.8759430050849915 0.2754577100276947
v 0.2422792613506317 -0.28682953119277954 -0.2912043035030365
v 0.09906197339296341 -0.2297586351633072 0.17516154050827026
v 0.3267878592014313 0.5470364093780518 0.12166377902030945
v 0.09922069311141968 0.5033879280090332 -0.3614705502986908
v -0.884151816368103 0.3291243016719818 0.031060118228197098
v 0.2822840213775635 0.4039226472377777 -0.3028257191181183
v 0.4207223951816559 -0.5225022435188293 -0.02825920842587948
v -0.6949866414070129 0.2894083261489868 0.004369775298982859
v -0.31494370102882385 -0.15254423022270203 0.022551288828253746
v 0.0006173368892632425 -0.3238143026828766 -0.29815247654914856
v -0.06199975311756134 -0.3408937156200409 -0.2910081446170807
v -0.04247352480888367 0.5575513243675232 0.3098215162754059
v 0.07035005837678909 -0.879295825958252 -0.12043239176273346
v -0.45249584317207336 0.5954574942588806 -0.04657749831676483
v -0.4643024206161499 0.5632164478302002 -0.048768628388643265
v -0.34891292452812195 -0.8347082138061523 0.12517978250980377
v 0.3468013405799866 -0.9066828489303589 0.04359631985425949
v -0.5552786588668823 -0.3533836007118225 -0.01709412783384323
v 0.971993625164032 0.6359847187995911 -0.04730934277176857
v 0.22698098421096802 0.38858258724212646 0.24132543802261353
v 0.24119910597801208 0.38213473558425903 0.2286481261253357
v 0.25530490279197693 -0.6885347962379456 0.018360860645771027
v 0.39604678750038147 0.37784063816070557 -0.00610754219815135
v -0.32169342041015625 0.7740174531936646 0.01593828946352005
v 0.3827478885650635 0.6220729351043701 -0.14654967188835144
v 0.3997853696346283 0.5650902390480042 -0.13818413019180298
v -0.36059385538101196 -0.3516245484352112 -0.07914912700653076
v -0.38575881719589233 -0.3645266890525818 -0.06574877351522446
v -0.08447989076375961 0.14989204704761505 0.18063275516033173
v 0.031132318079471588 -0.6160377264022827 0.130571648478508
v 0.698818027973175 0.5762089490890503 -0.02396511286497116
v 0.6694229245185852 0.5773200392723083 -0.024712394922971725
v -0.7482175827026367 0.7040950059890747 0.08329245448112488
v 0.05423400178551674 0.42461055517196655 0.33012813329696655
v 0.0564141571521759 0.4385509490966797 0.3205853998661041
v 0.008257676847279072 -0.861515462398529 0.0752466470003128
v -0.2531576454639435 0.5588871240615845 0.2655954360961914
v -0.1833697408437729 -0.2721043825149536 -0.2731197774410248
v -0.08019020408391953 0.32426589727401733 -0.3416908085346222
v 0.3919511139392853 -0.2806418538093567 -0.1887279748916626
v 0.23323266208171844 0.06611081957817078 -0.11571069061756134
v 0.3469027876853943 -0.7485045194625854 0.08557181060314178
v -0.752434492111206 0.6382816433906555 -0.05210823938250542
v -0.25552070140838623 0.05299269035458565 -0.17722778022289276
v 0.33236050605773926 -0.895054817199707 -0.06425204128026962
v -0.2801147699356079 -0.5696910619735718 0.06282278150320053
v -0.16437913477420807 0.7117993235588074 0.19138112664222717
v -0.23987632989883423 -0.8963752388954163 -0.07492335885763168
v -0.14673763513565063 -0.31076449155807495 -0.27944403886795044
v 0.3522791564464569 0.5929775238037109 -0.23742012679576874
v 0.37096768617630005 0.607572615146637 -0.19534984230995178
v -0.4638637900352478 -0.42159759998321533 -0.03554026037454605
v 0.426729291677475 -0.5289235711097717 -0.0345945805311203
v -0.3483177423477173 -0.8378185629844666 -0.07216567546129227
v -0.0693623349070549 0.7090350389480591 -0.34748610854148865
v -0.02917683683335781 -0.6095789074897766 0.13524270057678223
v 0.6196219325065613 0.7219657897949219 0.04531135782599449
v 0.6253731846809387 0.6962805986404419 0.036844439804553986
v -0.43928074836730957 -0.2789533734321594 0.005125794559717178
v 0.03635665401816368 -0.9067225456237793 0.036262381821870804
v -0.9085893630981445 0.695110023021698 0.01913461834192276
v -0.9000033140182495 0.6838986277580261 0.0032366663217544556
v 0.4621974229812622 0.32235902547836304 -0.03992028534412384
v 0.3485802412033081 -0.9048399925231934 0.07583080232143402
v 0.3410104513168335 -0.9168162941932678 0.07714010775089264
v 0.4566425085067749 -0.5122740268707275 0.0023020878434181213
v -0.04777282103896141 -0.703874945640564 0.08780702203512192
v 0.19846326112747192 -0.0536058247089386 0.10096272826194763
v 0.09403380006551743 -0.8829749226570129 -0.1274092048406601
v -0.4149688184261322 0.7240224480628967 -0.010414907708764076
v 0.03351297602057457 -0.8645464777946472 -0.11738380789756775
v 0.4343629479408264 -0.22905543446540833 -0.14943960309028625
v 0.29686596989631653 -0.32155925035476685 -0.2608281970024109
v -0.12557579576969147 0.18853232264518738 0.2014683485031128
v 0.2725495994091034 -0.6413945555686951 0.006250100675970316
v 0.29103541374206543 -0.6491670608520508 -0.06076915189623833
v 0.8693938255310059 0.5596983432769775 0.01978263445198536
v 0.29231396317481995 0.7108492255210876 0.07123240828514099
v -0.1629529595375061 -0.8869560360908508 -0.12837690114974976
v -0.14488817751407623 -0.8798447847366333 -0.14775991439819336
v -0.12269250303506851 0.1925971508026123 -0.28587421774864197
v -0.2019921988248825 -0.7703232169151306 -0.2494647353887558
v 0.1866566687822342 0.5486258268356323 -0.3480614423751831
v -0.6402832269668579 0.49250277876853943 0.028284894302487373
v -0.21861089766025543 0.8568639755249023 -0.1338900327682495
v -0.25969359278678894 0.8199694752693176 -0.1687983125448227
v 0.27392512559890747 -0.7096415162086487 0.10473218560218811
v 0.3292083442211151 -0.9218444228172302 0.14303505420684814
v 0.063902348279953 -0.2573131322860718 0.1819002777338028
v 0.09347828477621078 -0.25409919023513794 0.17597930133342743
v -0.12224721908569336 -0.0534294992685318 -0.27311089634895325
v 0.1469605267047882 0.8663492798805237 -0.17244872450828552
v 0.1276833564043045 0.8537337183952332 -0.2199174463748932
v 0.09345397353172302 0.23542562127113342 0.23373357951641083
v 0.2256561666727066 -0.7043290138244629 -0.17796185612678528
v -0.24645859003067017 0.1801137626171112 -0.2152993381023407
v 0.7574254274368286 0.6181226968765259 0.0014203280443325639
v 0.7316983342170715 0.5991629958152771 -0.012017473578453064
v 0.44576171040534973 -0.46853509545326233 0.0017156932735815644
v 0.04709622636437416 0.4980885684490204 0.3088008761405945
v -0.15573589503765106 0.13124318420886993 -0.21737365424633026
v 0.1534964144229889 0.24379123747348785 0.22647467255592346
v 0.12005182355642319 -0.9154363870620728 -0.027498722076416016
v 0.1528901755809784 -0.9189876317977905 -0.029092485085129738
v 0.4420517683029175 -0.437561571598053 0.0010212960187345743
v -0.3876567482948303 0.7211678624153137 0.026241382583975792
v -0.027170836925506592 -0.8606866598129272 -0.12604472041130066
v -0.023703383281826973 -0.9072118997573853 0.018731119111180305
v -0.01801832765340805 -0.8960996866226196 -0.01573404297232628
v 0.2459384799003601 -0.4253053665161133 -0.2820341885089874
v -0.015944069251418114 -0.7327851057052612 0.0660698264837265
v -0.28141534328460693 -0.466011106967926 0.10180257260799408
v 0.14652182161808014 0.5058436393737793 0.31372106075286865
v -0.11596696823835373 0.6779270768165588 0.23867791891098022
v -0.1203668937087059 0.6675025820732117 0.24395744502544403
v -0.11058390885591507 0.46066075563430786 0.33448609709739685
v -0.01042653527110815 0.7405749559402466 0.20074084401130676
v -0.036329980939626694 0.7333623170852661 0.20725923776626587
v 0.11559900641441345 -0.8028022646903992 0.259070485830307
v 0.1968715935945511 0.6146332621574402 0.26013079285621643
v 0.8071315288543701 0.7083715200424194 0.03768862411379814
v -0.5533145666122437 0.7738630771636963 -0.02684623748064041
v -0.544825553894043 0.7875587940216064 -0.01794501207768917
v 0.28937333822250366 0.5547759532928467 0.16041429340839386
v 0.2805492877960205 0.5931143164634705 0.14977826178073883
v -0.7297053933143616 0.2824689745903015 0.011948361992835999
v -0.7237029075622559 0.3126333951950073 -0.006619044113904238
v -0.18901512026786804 0.41957148909568787 0.2894972860813141
v -0.27314236760139465 -0.6023265719413757 0.049995679408311844
v 0.1779560148715973 -0.36308059096336365 0.1367284506559372
v 0.139591246843338 -0.3286705017089844 0.14699199795722961
v -0.1495085209608078 -0.8455096483230591 -0.21084429323673248
v -0.7177136540412903 0.5554351210594177 -0.059131305664777756
v -0.04321423918008804 0.6906594634056091 0.2411094307899475
v -0.3434681296348572 -0.726963460445404 0.03424764424562454
v -0.3462323546409607 -0.7459980845451355 0.06294628977775574
v -0.19925659894943237 -0.9277300834655762 0.1872127801179886
v 0.1951390951871872 0.1680074781179428 -0.22464361786842346
v 0.8413940072059631 0.6981344819068909 -0.08223522454500198
v 0.11702301353216171 -0.8993930220603943 0.2509320378303528
v -0.1854594349861145 0.31602156162261963 0.2697969079017639
v 0.5268227458000183 0.7618669867515564 -0.048900872468948364
v -0.26095664501190186 0.32352524995803833 0.2111322283744812
v -0.13887688517570496 -0.7309533357620239 0.18811437487602234
v 0.15837033092975616 0.024426357820630074 0.07693514227867126
v 0.5907469987869263 0.8164204955101013 0.0051699415780603886
v -0.5120885968208313 0.7069650888442993 -0.044322382658720016
v 0.3285646438598633 -0.7966125011444092 -0.15675809979438782
v 0.2980011999607086 -0.5308435559272766 -0.21802175045013428
v 0.5790176391601562 0.6540669798851013 0.02262631244957447
v -0.3503810167312622 -0.02039274573326111 -0.08634635806083679
v -0.209504634141922 -0.9303907752037048 0.15796531736850739
v -0.1083575040102005 0.07958173006772995 0.05925172567367554
v -0.8783653378486633 0.697949230670929 -0.003078735200688243
v -0.7094957828521729 0.6249672174453735 -0.05841490253806114
v -0.005770920310169458 -0.7893732786178589 0.09784575551748276
v 0.8236554265022278 0.6836099624633789 -0.09030317515134811
v -0.0748688280582428 0.22438398003578186 -0.3103955090045929
v -0.30049189925193787 0.7204491496086121 -0.2531856894493103
v -0.49100828170776367 -0.31681326031684875 -0.11778494715690613
v 0.6569374203681946 0.6880010366439819 0.030383458361029625
v -0.24971003830432892 0.02976526878774166 -0.20194530487060547
v 0.8885893821716309 0.589693009853363 0.02636922523379326
v 0.3247467279434204 -0.018611619248986244 -0.09065812081098557
v 0.24777913093566895 -0.9388555288314819 0.07315688580274582
v 0.38545477390289307 -0.38033193349838257 -0.03624339774250984
v 0.4036209285259247 -0.3923875689506531 -0.024309027940034866
v 0.39765816926956177 -0.36828508973121643 -0.025146638974547386
v 0.41168013215065 0.527571976184845 0.03742413595318794
v -0.5732155442237854 0.6573911905288696 0.06112324818968773
v -0.2096765637397766 -0.9052059054374695 -0.05395105108618736
v -0.24360834062099457 -0.9030323624610901 -0.046030785888433456
v -0.4774249494075775 -0.3075483441352844 -0.0037224157713353634
v 0.11288107186555862 0.6528679132461548 0.24666881561279297
v -0.5877400636672974 0.6351558566093445 0.05040785297751427
v -0.17669275403022766 -0.7694128155708313 -0.24961242079734802
v -0.5485685467720032 -0.4172042906284332 -0.08667483180761337
v -0.2052810937166214 -0.42468369007110596 0.1481955349445343
v 0.4924677610397339 0.6548253893852234 0.0437660776078701
v -0.3264945447444916 -0.2158755511045456 -0.18584467470645905
v 0.21867501735687256 0.18684159219264984 0.12583225965499878
v -0.31475409865379333 -0.6879439949989319 -0.07094886898994446
v -0.20141908526420593 0.6485010385513306 0.22284409403800964
v 0.48874232172966003 -0.30264800786972046 -0.05089360103011131
v -0.21854250133037567 0.8416075706481934 -0.1819869875907898
v -0.21634040772914886 0.8207476735115051 -0.22422920167446136
v -0.004734843038022518 0.47853586077690125 0.3157776892185211
v 0.5776222944259644 0.8091616034507751 -0.02234053984284401
v -0.5665363073348999 0.8022465109825134 -0.01026058942079544
v 0.8699669241905212 0.6201220750808716 -0.09652167558670044
v 0.2636108696460724 -0.6884709000587463 -0.04680453985929489
v 0.30395960807800293 -0.06618393957614899 -0.17482280731201172
v 0.305387943983078 -0.0655733048915863 -0.16326093673706055
v -0.2695581018924713 0.35507625341415405 0.22056697309017181
v 0.23512178659439087 -0.07269563525915146 0.07649209350347519
v -0.13383550941944122 0.5472237467765808 0.3379051089286804
v -0.2403811365365982 0.7274259924888611 0.1454136073589325
v -0.4671967625617981 -0.1999908685684204 -0.007829148322343826
v -0.44738173484802246 -0.2023187130689621 0.002888350747525692
v 0.4500954747200012 -0.18954002857208252 -0.08243362605571747
v -0.43166905641555786 -0.252957284450531 0.008447864092886448
v -0.43814322352409363 0.34043267369270325 0.026499301195144653
v 0.24622727930545807 -0.9348501563072205 0.040475014597177505
v 0.22005711495876312 0.8279250264167786 0.0007920201751403511
v -0.5298469066619873 -0.30983203649520874 -0.05243447795510292
v -0.36502018570899963 0.7339333295822144 -0.09612710773944855
v -0.3903549015522003 0.6953679323196411 -0.08753451704978943
v -0.36946195363998413 0.7140345573425293 -0.1395287811756134
v 0.22779664397239685 0.05552103370428085 -0.05791009962558746
v 0.10796090215444565 -0.7006235718727112 0.10996532440185547
v 0.13146384060382843 -0.6982251405715942 0.11240773648023605
v -0.32430779933929443 -0.2596299350261688 -0.03162529319524765
v -0.31814658641815186 -0.3616301119327545 0.044319361448287964
v -0.9336859583854675 0.6581957936286926 0.01841367967426777
v -0.9181408286094666 0.6728062629699707 0.011965968646109104
v 0.30270522832870483 -0.006752142682671547 -0.04469934105873108
v -0.11810297518968582 -0.9205460548400879 0.2077176570892334
v -0.10613549500703812 -0.9105669856071472 0.22071242332458496
v -0.659015953540802 0.29031428694725037 0.002789151156321168
v -0.3193149268627167 -0.08096639066934586 -0.1574590653181076
v -0.1058754101395607 0.7318898439407349 -0.3362922966480255
v 0.5245963335037231 -0.40509793162345886 0.06278533488512039
v 0.5053279995918274 -0.39650535583496094 0.03713534027338028
v 0.29377540946006775 -0.10995816439390182 -0.23367267847061157
v 0.4859715700149536 -0.3953877389431 0.022793835029006004
v -0.7259513735771179 0.8004257082939148 0.04923953115940094
v -0.901458203792572 0.508607804775238 -0.018165484070777893
v 0.012825063429772854 -0.8210455775260925 -0.11624190211296082
v 0.12319532781839371 0.7912554740905762 0.11255541443824768
v 0.139375239610672 0.808171808719635 0.09248910844326019
v 0.36616000533103943 0.418672114610672 -0.22586704790592194
v 0.33896708488464355 0.3606444299221039 -0.24090078473091125
v 0.36426863074302673 0.3636687695980072 -0.2037418633699417
v 0.18345153331756592 -0.6833633184432983 0.051122087985277176
v 0.9173187613487244 0.7128265500068665 0.0028443350456655025
v 0.8970585465431213 0.7355733513832092 0.002945768414065242
v 0.008669848553836346 -0.799610435962677 0.030848579481244087
v 0.8061793446540833 0.6327619552612305 -0.10489825904369354
v 0.799735963344574 0.6632658839225769 -0.09915591776371002
v 0.8315669298171997 0.6572655439376831 -0.09608526527881622
v 0.15727466344833374 -0.6974227428436279 0.11475541442632675
v 0.18741269409656525 0.6321468949317932 0.24768051505088806
v -0.15808573365211487 -0.8952664136886597 -0.10297168791294098
v -0.5360125303268433 0.3288862407207489 0.09107614308595657
v -0.02193552814424038 0.4659182131290436 0.31732073426246643
v -0.22953790426254272 0.45592138171195984 0.2802059054374695
v 0.4342328608036041 -0.34823423624038696 -0.15815787017345428
v -0.06768041104078293 -0.7848433256149292 0.21607670187950134
v -0.7594906687736511 0.25647735595703125 0.05256146937608719
v -0.7933629751205444 0.2657025158405304 0.052912019193172455
v -0.16744321584701538 -0.7103469371795654 0.15484164655208588
v -0.29257601499557495 0.7062398195266724 -0.2704612910747528
v -0.3726957440376282 -0.3350675404071808 -0.1481456756591797
v -0.22894270718097687 -0.9230722784996033 0.1869305521249771
v 0.23193202912807465 0.06220905855298042 -0.08561228215694427
v 0.12005628645420074 -0.2494743913412094 0.16880632936954498
v 0.7879073023796082 0.7088145613670349 0.03899805620312691
v -0.6079210638999939 0.399661660194397 0.06332100927829742
v 0.4455612003803253 0.4901595711708069 0.031046979129314423
v 0.45002281665802 0.3383781313896179 -0.046328384429216385
v -0.16675768792629242 0.3055354356765747 0.27325114607810974
v -0.8076340556144714 0.30927833914756775 0.010914452373981476
v 0.46309903264045715 -0.3864622712135315 -0.0033190478570759296
v -0.45047006011009216 -0.445975661277771 -0.06849325448274612
v -0.32119083404541016 -0.6958796977996826 -0.0949874296784401
v -0.6312960386276245 0.4634735584259033 0.03485387936234474
v -0.44333675503730774 0.5269349217414856 -0.04187333583831787
v -0.5173349380493164 0.38012656569480896 0.08841758966445923
v -0.42607438564300537 0.6764237284660339 -0.031199852004647255
v 0.23808883130550385 0.7504351735115051 0.08559388667345047
v -0.06861728429794312 -0.6438347101211548 -0.243808314204216
v -0.12602107226848602 0.4481421709060669 0.32945358753204346
v -0.02022712677717209 -0.8907607197761536 -0.04441061243414879
v -0.6170558929443359 0.7328178286552429 0.07905130833387375
v -0.2407691329717636 -0.7873717546463013 -0.2417847067117691
v -0.4478027820587158 0.578316330909729 0.07676538079977036
v -0.43963339924812317 0.6121973991394043 0.07864794135093689
v -0.46507394313812256 0.6099973917007446 0.07476825267076492
v 0.7357896566390991 0.5533255338668823 -0.024322232231497765
v 0.768625795841217 0.5217766165733337 -0.020367583259940147
v 0.7368764281272888 0.5214900970458984 -0.028001289814710617
v -0.902886688709259 0.5394027829170227 -0.01921916753053665
v 0.32232847809791565 -0.019978275522589684 -0.055103935301303864
v -0.06855993717908859 -0.9278050065040588 0.09433409571647644
v -0.02905779704451561 0.09604610502719879 -0.2395230233669281
v 0.030896471813321114 -0.44361695647239685 -0.29217207431793213
v -0.1358172595500946 0.5674598217010498 -0.3584020733833313
v 0.2451096773147583 -0.7134352922439575 0.1399865448474884
v 0.14346660673618317 -0.24422581493854523 0.16069428622722626
v -0.713296115398407 0.7358686923980713 0.08091402798891068
v -0.7223935127258301 0.7575089335441589 0.0751693844795227
v -0.9300686717033386 0.41978079080581665 0.01132228784263134
v -0.6510030627250671 0.4931508004665375 -0.05846778675913811
v -0.6579533815383911 0.5283676981925964 -0.06153187155723572
v -0.11244439333677292 0.8172779679298401 0.11649686098098755
v 0.2678057551383972 0.3556096851825714 0.19243264198303223
v -0.27344220876693726 0.8199210166931152 0.00385617115534842
v 0.672954261302948 0.4377552270889282 -0.024906393140554428
v 0.02529517561197281 0.03339150547981262 -0.2696611285209656
v -0.022497616708278656 0.039914242923259735 -0.26549261808395386
v 0.047883253544569016 -0.9155884981155396 0.09324079751968384
v 0.12677952647209167 0.1573295146226883 -0.251534640789032
v 0.15893018245697021 0.15202148258686066 -0.22987018525600433
v 0.13595634698867798 0.12209276854991913 -0.20171602070331573
v -0.011925500817596912 0.3760881721973419 -0.3540065884590149
v 0.2395590990781784 -0.10564422607421875 0.08536237478256226
v -0.3868962526321411 0.6562405824661255 -0.1791301816701889
v 0.32591938972473145 -0.7569251656532288 0.16010789573192596
v 0.46180063486099243 -0.5158495306968689 -0.01764301024377346
v -0.15253068506717682 -0.1854950487613678 0.16882839798927307
v 0.25075289607048035 -0.49982377886772156 -0.26809823513031006
v 0.26750829815864563 -0.5029121041297913 -0.2597525119781494
v -0.14623722434043884 0.8841407299041748 0.002011058386415243
v -0.3275570273399353 -0.6964220404624939 -0.05852513760328293
v 0.23534882068634033 0.1798294335603714 -0.20243249833583832
v -0.07391434907913208 0.6054608821868896 0.30399763584136963
v 0.17848289012908936 0.59525465965271 -0.3471488058567047
v 0.14348867535591125 0.5542447566986084 -0.35641372203826904
v 0.42552128434181213 -0.36173155903816223 -0.15893156826496124
v 0.4631364643573761 -0.41225332021713257 -0.11327261477708817
v 0.6136614084243774 0.7567946910858154 -0.06895837187767029
v 0.8830807209014893 0.36619067192077637 0.0010456031886860728
v -0.4661695659160614 0.415281742811203 -0.02555670775473118
v 0.3449341654777527 -0.03864041343331337 -0.08441531658172607
v 0.13987794518470764 -0.8044202923774719 0.267469197511673
v 0.35555481910705566 -0.7864745855331421 0.049823690205812454
v 0.3936418294906616 -0.5358540415763855 -0.06734917312860489
v 0.3873858153820038 -0.5266839265823364 -0.07190335541963577
v 0.30826684832572937 -0.0034962932113558054 -0.061527471989393234
v 0.2765129804611206 0.5223851203918457 0.19794131815433502
v -0.4326830506324768 0.7245228886604309 -0.01876501739025116
v -0.34961390495300293 -0.7694458365440369 0.049124956130981445
v 0.24539624154567719 -0.7656940817832947 0.23305678367614746
v 0.20457816123962402 -0.9162585735321045 -0.056056249886751175
v -0.4972003102302551 -0.25614920258522034 -0.013013871386647224
v -0.18780271708965302 -0.3645707666873932 0.15643317997455597
v 0.16369162499904633 -0.9244301915168762 -0.006466894410550594
v -0.33679768443107605 0.6511154770851135 0.1314777135848999
v -0.062017425894737244 0.32605358958244324 0.28950610756874084
v 0.11458729952573776 -0.7084203958511353 0.13642428815364838
v 0.35185593366622925 -0.8870949149131775 0.009790278039872646
v 0.08762353658676147 0.03678176924586296 0.0956590324640274
v 0.29526329040527344 -0.1429530680179596 0.031251948326826096
v -0.9239383339881897 0.6054917573928833 -0.005428649019449949
v 0.9243683815002441 0.5163230299949646 0.018673833459615707
v -0.12083201855421066 -0.6472272276878357 0.10873301327228546
v -0.09454497694969177 -0.30591273307800293 -0.2881203889846802
v -0.5612789392471313 0.2807561755180359 0.02210824191570282
v 0.22153407335281372 0.6590245962142944 -0.32152312994003296
v 0.4140850901603699 -0.1349225640296936 -0.060896992683410645
v -0.31483128666877747 -0.1137099415063858 -0.19635063409805298
v -0.21088896691799164 0.45237016677856445 -0.34178999066352844
v -0.3428839445114136 -0.789450466632843 0.14283455908298492
v 0.9485722780227661 0.39005061984062195 -0.03477754071354866
v -0.6030185222625732 0.8227028846740723 0.024257522076368332
v 0.8858140110969543 0.6535159349441528 0.029428908601403236
v 0.8588768243789673 0.6566131114959717 0.03306828811764717
v -0.2966805398464203 0.7977980375289917 0.015936054289340973
v 0.28604915738105774 -0.012840633280575275 -0.17091888189315796
v -0.2911079525947571 -0.6075817942619324 0.01550837978720665
v -0.2546301484107971 0.7492623329162598 0.12329065799713135
v -0.8502553105354309 0.49622151255607605 -0.03295009955763817
v -0.41221553087234497 -0.18707554042339325 -0.1468648761510849
v 0.4207620918750763 0.4634735584259033 0.03207852318882942
v 0.2604476511478424 -0.24369899928569794 -0.2845405340194702
v -0.28289663791656494 -0.5600249171257019 -0.19567830860614777
v -0.40740343928337097 0.3272857666015625 -0.12100551277399063
v -0.19197776913642883 -0.04210786521434784 0.11430119723081589
v -0.27129068970680237 0.031420785933732986 -0.17943434417247772
v -0.2967577278614044 -0.7858132719993591 -0.21476589143276215
v 0.7753491401672363 0.603106677532196 -0.11260692030191422
v -0.5044240355491638 0.4722358286380768 0.06448262929916382
v 0.1499408632516861 0.3727574348449707 0.28196942806243896
v -0.1097484603524208 0.38695794343948364 0.3103373646736145
v -0.18175390362739563 -0.8128431439399719 -0.2420889437198639
v 0.21487244963645935 -0.3128035366535187 -0.2962985634803772
v 0.7386816740036011 0.3669775724411011 0.005313157103955746
v -0.42146068811416626 -0.1282212734222412 -0.10873163491487503
v 0.3250574469566345 0.2281622439622879 -0.11085884273052216
v 0.6709219217300415 0.4655478000640869 -0.03109625168144703
v -0.32299405336380005 -0.2272169589996338 -0.01932717114686966
v 0.30792075395584106 -0.12749606370925903 -0.2062019407749176
v 0.340311735868454 -0.8043431043624878 0.18899600207805634
v 0.2672393321990967 0.5130959749221802 0.2343882918357849
v -0.13571582734584808 0.8720828890800476 0.04022590070962906
v -0.09147648513317108 0.8974506855010986 -0.00019104135571978986
v 0.029829584062099457 -0.881118893623352 -0.06982686370611191
v -0.5341542363166809 0.292807400226593 0.01879063807427883
v 0.21475118398666382 -0.7021136283874512 0.12085257470607758
v -0.2568786144256592 0.8016446232795715 -0.20986339449882507
v -0.008561648428440094 -0.8329403400421143 -0.1128053218126297
v -0.36125728487968445 0.6546468138694763 0.10367186367511749
v 0.6635945439338684 0.8129199743270874 0.02042408101260662
v 0.08583137392997742 -0.2761934995651245 0.17530041933059692
v -0.32425934076309204 -0.5233950614929199 -0.1307995319366455
v -0.419536292552948 -0.21095098555088043 -0.14991576969623566
v 0.3608100414276123 0.6712611317634583 -0.15224793553352356
v -0.52592533826828 0.7665974497795105 -0.026328232139348984
v -0.20181363821029663 -0.8401309847831726 -0.21675638854503632
v 0.2621009349822998 -0.27553656697273254 -0.2849196493625641
v 0.2681982219219208 0.5908635854721069 -0.3141627907752991
v 0.29033219814300537 -0.6975924968719482 -0.04542238265275955
v 0.5015233159065247 0.3917965292930603 0.021967127919197083
v -0.560009241104126 -0.41974151134490967 -0.05603857710957527
v -0.7299125790596008 0.334584504365921 -0.015590761788189411
v -0.3876765966415405 -0.3720589578151703 -0.10878018289804459
v -0.38852307200431824 -0.36619094014167786 -0.12142215669155121
v -0.3694685995578766 -0.35896065831184387 -0.11737494170665741
v 0.4775772988796234 0.3474138379096985 -0.065669484436512
v -0.9161767959594727 0.3774350583553314 0.08505597710609436
v -0.8994015455245972 0.3514125645160675 0.08360108733177185
v -0.7656784057617188 0.684165358543396 0.08307644724845886
v 0.21053433418273926 0.20916295051574707 0.1516718566417694
v 0.17923009395599365 0.17050060629844666 0.14036349952220917
v 0.133478581905365 0.1566770374774933 0.15391363203525543
v -0.5010469555854797 0.773988664150238 -0.01701916940510273
v -0.9567590951919556 0.5952216386795044 0.015548059716820717
v -0.9463390707969666 0.6245329976081848 0.015012381598353386
v 0.27203598618507385 -0.5659149289131165 0.056789472699165344
v 0.5086609721183777 0.5265491604804993 -0.10115304589271545
v 0.17279119789600372 0.8356138467788696 0.040702056139707565
v -0.5884829163551331 0.2992352843284607 0.09137150645256042
v -0.01924176700413227 -0.4513036012649536 -0.28740620613098145
v -0.6531413197517395 0.7482418417930603 0.07870522886514664
v -0.4371226727962494 0.5628263354301453 -0.04276389628648758
v -0.8897927403450012 0.7214940786361694 0.03765340894460678
v 0.3758240044116974 0.6512388586997986 -0.029877211898565292
v 0.26657581329345703 0.2774980664253235 -0.26545077562332153
v 0.1112828403711319 -0.9259732365608215 0.04058735445141792
v -0.23890641331672668 -0.040994662791490555 0.07618778944015503
v -0.3037940561771393 -0.6847564578056335 -0.09550990164279938
v 0.06978140026330948 0.02357770875096321 -0.2717442512512207
v 0.6808944344520569 0.7505584955215454 -0.07672872394323349
v -0.15697909891605377 0.41342347860336304 0.30081236362457275
v -0.786445677280426 0.6960799694061279 0.08507804572582245
v 0.42889395356178284 0.4856537878513336 0.033570852130651474
v 0.4427924156188965 0.41829949617385864 0.028282660990953445
v -0.1743825227022171 -0.18729817867279053 0.16037239134311676
v 0.8958748579025269 0.6247225999832153 -0.0892605260014534
v -0.8868058323860168 0.670258104801178 -0.009381129406392574
v 0.11771517992019653 0.6352131366729736 0.26181942224502563
v -0.040608637034893036 -0.920371949672699 0.08816414326429367
v 0.283377468585968 -0.5045719742774963 -0.24838680028915405
v -0.11158911138772964 -0.8970343470573425 0.23882350325584412
v -0.8598442673683167 0.315466046333313 0.02696889080107212
v 0.25362521409988403 0.046584658324718475 -0.12153016030788422
v 0.02854222245514393 -0.7595725655555725 0.15295028686523438
v -0.6625208258628845 0.7449880838394165 -0.0406036451458931
v -0.5081361532211304 -0.28360018134117126 -0.01902957074344158
v 0.022539660334587097 -0.5398131012916565 0.15153074264526367
v 0.3140665292739868 -0.504386842250824 0.002390250563621521
v -0.14220105111598969 -0.7158159017562866 0.16118359565734863
v -0.0959756150841713 -0.8772568702697754 0.24470242857933044
v -0.042916640639305115 0.07776526361703873 0.07808361947536469
v 0.47667795419692993 -0.5029760003089905 -0.046650223433971405
v -0.6429152488708496 0.5957639217376709 -0.06348715722560883
v 0.010539136826992035 -0.787761926651001 0.10062754899263382
v -0.687798261642456 0.5871712565422058 -0.06171699985861778
v -0.006288926582783461 -0.8479013442993164 0.10728916525840759
v -0.16573481261730194 -0.4685593545436859 0.15266595780849457
v -0.3394451439380646 0.7649486660957336 -0.10493794083595276
v -0.15290547907352448 0.2727873623371124 0.26013079285621643
v -0.11197704076766968 0.8359091877937317 0.0987384244799614
v -0.07542651891708374 0.8648833632469177 0.07054247707128525
v -0.12490563839673996 0.8557770848274231 0.07163801044225693
v -0.2020164430141449 -0.31934165954589844 0.15288865566253662
v -0.8491509556770325 0.3735818862915039 -0.0071921683847904205
v -0.49079883098602295 -0.43195369839668274 -0.11470548808574677
v -0.2859034538269043 -0.5947216153144836 -0.17492200434207916
v -0.41212961077690125 0.6979602575302124 -0.02008989080786705
v 0.9725667834281921 0.4301214814186096 -0.04225469380617142
v 0.42738834023475647 -0.557732343673706 -0.006449288222938776
v -0.352038711309433 -0.3386121988296509 -0.1343022733926773
v -0.5276051163673401 -0.4477435350418091 -0.08963308483362198
v -0.08093084394931793 0.31199851632118225 0.2770404517650604
v -0.34560635685920715 0.450646311044693 0.17674636840820312
v 0.28426578640937805 0.1747131049633026 -0.04985759034752846
v -0.1406932920217514 -0.38655707240104675 -0.27628523111343384
v -0.12119793891906738 -0.3464464843273163 -0.28227004408836365
v 0.06617067009210587 -0.6804205179214478 0.0970742329955101
v -0.9042158722877502 0.4160996377468109 -0.0005768029950559139
v 0.2803618013858795 -0.027208611369132996 -0.2044803351163864
v 0.2675633430480957 -0.0393964983522892 -0.23180338740348816
v -0.3669005036354065 -0.34386301040649414 -0.13791076838970184
v 0.06104329600930214 0.40721383690834045 0.32956159114837646
v -0.4809277057647705 0.3036925494670868 0.040027499198913574
v 0.3413829505443573 -0.9153591990470886 0.10896005481481552
v 0.37270256876945496 0.5378838777542114 0.07239192724227905
v -0.33322224020957947 -0.7057178020477295 -0.07999777793884277
v 0.6142257452011108 0.6218216419219971 -0.1083017885684967
v 0.0021912602242082357 0.8526513576507568 -0.26272615790367126
v -0.22212019562721252 0.4765828847885132 0.310727596282959
v 0.04210563376545906 0.324689120054245 -0.343732088804245
v 0.0508437380194664 0.3770846426486969 -0.3529418706893921
v -0.019100720062851906 0.25848984718322754 -0.32681354880332947
v -0.018734797835350037 0.31070905923843384 -0.341529905796051
v -0.6648398041725159 0.5637190341949463 -0.06284347176551819
v -0.6375762820243835 0.5541477799415588 -0.06326891481876373
v -0.13476574420928955 0.595750629901886 0.3204333782196045
v -0.04936881735920906 0.7631851434707642 0.17247000336647034
v -0.6504277586936951 0.7046152949333191 0.0758020281791687
v -0.07696075737476349 0.7414149641990662 0.19386768341064453
v -0.03023715689778328 0.4465925395488739 0.3292287588119507
v 0.3054695427417755 -0.16124264895915985 0.02137863077223301
v -0.1815599799156189 -0.9013372659683228 -0.07800064980983734
v -0.9301700592041016 0.40158602595329285 0.08485757559537888
v -0.935341477394104 0.38534435629844666 0.0766044333577156
v -0.8861533403396606 0.6435059905052185 0.08503836393356323
v -0.34443140029907227 -0.258073627948761 -0.01787005364894867
v -0.5048428177833557 -0.481512188911438 -0.04224589094519615
v -0.19094610214233398 -0.19048787653446198 0.15178419649600983
v -0.32787007093429565 -0.722184419631958 0.09273376315832138
v -0.3095650374889374 -0.12969382107257843 -0.2100794017314911
v -0.06606240570545197 0.8445128798484802 0.09593889117240906
v -0.1898527294397354 -0.677336573600769 0.060691237449645996
v -0.17647011578083038 -0.6551365256309509 0.0846172645688057
v -0.3027315139770508 -0.021530190482735634 -0.17237599194049835
v -0.23337790369987488 -0.9215556383132935 0.04512175917625427
v 0.6517549753189087 0.7625767588615417 -0.0695887878537178
v 0.8799240589141846 0.621614396572113 0.02933627925813198
v 0.4119468629360199 -0.12614037096500397 -0.07441192120313644
v -0.30585727095603943 0.7986290454864502 -0.015495963394641876
v 0.05372263118624687 0.3938245177268982 0.33256396651268005
v -0.16377736628055573 -0.7214988470077515 0.17627467215061188
v -0.07170114666223526 -0.9267227053642273 0.1463857740163803
v 0.07896479219198227 0.5099612474441528 0.3139834403991699
v 0.8493737578392029 0.6777859330177307 -0.08719060570001602
v 0.9768234491348267 0.4551145136356354 -0.05394888296723366
v 0.752225399017334 0.8160699605941772 -0.015901565551757812
v 0.6053531169891357 0.5766322016716003 -0.018105965107679367
v 0.2493685483932495 -0.9293811917304993 0.0071251592598855495
v -0.06128117814660072 0.7577756643295288 -0.33155739307403564
v -0.06837040185928345 0.7344005703926086 -0.3401015102863312
v 0.5693824291229248 0.2691501975059509 -0.020753344520926476
v -0.021157370880246162 -0.8480424284934998 -0.1332375556230545
v 0.016517391428351402 -0.49142295122146606 0.1599690169095993
v -0.5161203742027283 -0.2818542718887329 -0.030739132314920425
v 0.2649577260017395 -0.5248322486877441 -0.2554098665714264
v 0.24174804985523224 -0.5233773589134216 -0.26583871245384216
v -0.3200688362121582 0.27783313393592834 -0.23748181760311127
v -0.13911719620227814 -0.6074318885803223 0.1224353015422821
v 0.24669909477233887 -0.6387096047401428 0.0396462045609951
v 0.4755801856517792 0.3180319666862488 -0.002291839336976409
v -0.08783487975597382 -0.38290226459503174 -0.285113662481308
v -0.19543859362602234 -0.9123569130897522 -0.027963843196630478
v 0.18868020176887512 -0.18289168179035187 -0.296906977891922
v -0.859956681728363 0.3044067919254303 0.07457642257213593
v 0.22126077115535736 -0.9304326176643372 0.01127157174050808
v 0.12658992409706116 -0.22552622854709625 0.16757191717624664
v 0.08357632160186768 0.11967019736766815 0.1345527619123459
v 0.3831733167171478 -0.4010904133319855 -0.044783104211091995
v -0.5837721824645996 0.7832624912261963 0.06351717561483383
v -0.4732895791530609 0.757542073726654 -0.01780172996222973
v -0.03430197387933731 -0.848421573638916 0.2079358994960785
v -0.18092510104179382 -0.16251233220100403 0.15552277863025665
v 0.009798490442335606 0.8792911171913147 -0.22037816047668457
v -0.18314486742019653 -0.9326921701431274 0.1618824601173401
v -0.28839656710624695 -0.8835480809211731 0.21023063361644745
v -0.2751350998878479 0.35059255361557007 0.20972582697868347
v -0.30426573753356934 -0.13386447727680206 0.050623856484889984
v 0.03455345705151558 0.524869441986084 0.3044407069683075
v 0.2693995237350464 -0.9328662157058716 0.03536301478743553
v 0.27171632647514343 -0.9276595711708069 0.004925293382257223
v 0.5029605627059937 0.3352523446083069 -0.06938821822404861
v 0.2554084360599518 0.36747580766677856 0.21144743263721466
v -0.1675446480512619 -0.3132311701774597 0.1602952629327774
v 0.7686830759048462 0.5732198357582092 -0.011838913895189762
v 0.41501086950302124 0.49483272433280945 0.03483627364039421
v 0.11005066335201263 0.6816392540931702 0.22317689657211304
v -0.6507429480552673 0.3168194890022278 -0.011984429322183132
v 0.12862686812877655 0.8510796427726746 0.048468004912137985
v -0.2963675558567047 0.22247502207756042 -0.21314124763011932
v -0.26971235871315 0.25634071230888367 0.17973116040229797
v 0.08874547481536865 -0.2985258996486664 0.16953817009925842
v 0.06069274991750717 -0.30149295926094055 0.17570601403713226
v -0.6058929562568665 0.6687238216400146 0.06222101300954819
v 0.48601335287094116 0.3839665949344635 0.023990800604224205
v 0.24369893968105316 -0.09008585661649704 0.07302023470401764
v 0.04160306602716446 -0.8090604543685913 0.21299941837787628
v 0.12582510709762573 -0.7664656043052673 -0.22320416569709778
v 0.37365710735321045 -0.3580678701400757 -0.03728170692920685
v -0.08334461599588394 0.8832479119300842 0.038885585963726044
v -0.02740011364221573 0.8848747611045837 0.04279181733727455
v 0.8305352926254272 0.446647584438324 0.005529293790459633
v -0.2704288363456726 -0.4224507212638855 0.11912216991186142
v 0.7372180223464966 0.6083486080169678 -0.11398021131753922
v 0.7697963714599609 0.6376996040344238 -0.10747954994440079
v 0.007874083705246449 -0.845439076423645 0.03317418694496155
v -0.12283795326948166 0.3422336280345917 0.29720818996429443
v -0.278232216835022 -0.49666494131088257 0.09643936157226562
v 0.04323650896549225 0.786282479763031 -0.31689393520355225
v -0.030358362942934036 0.7337568402290344 -0.3426717519760132
v 0.451704740524292 -0.3162202835083008 -0.1493426412343979
v -0.3442749083042145 -0.11986235529184341 -0.15927547216415405
v -0.17862597107887268 -0.4166378080844879 0.15576966106891632
v -0.13846248388290405 -0.8881992697715759 -0.12504175305366516
v -0.17463603615760803 -0.8439357280731201 -0.21410894393920898
v -0.9176316857337952 0.40773624181747437 0.09118848294019699
v 0.45752862095832825 -0.4588402807712555 0.006408819928765297
v 0.28415554761886597 -0.5305173397064209 -0.23885293304920197
v 0.5631065368652344 0.41056665778160095 0.0007413035491481423
v 0.17300285398960114 0.6176156997680664 0.26899898052215576
v 0.22469951212406158 -0.9402156472206116 0.08249229192733765
v 0.26119932532310486 -0.8544614911079407 -0.1872290074825287
v 0.3344128429889679 -0.7240117788314819 0.03942573443055153
v 0.24552631378173828 -0.7042607069015503 0.11092854291200638
v 0.04667525365948677 -0.7673231363296509 -0.18075475096702576
v -0.4397061765193939 -0.14520148932933807 -0.09937415271997452
v 0.22592735290527344 0.5784927010536194 0.262745201587677
v -0.6867335438728333 0.5423698425292969 -0.06104027479887009
v -0.07623772323131561 -0.8713932037353516 0.23690560460090637
v -0.04207232594490051 0.7476906776428223 0.19209760427474976
v 0.9245160818099976 0.5492607355117798 0.021010475233197212
v 0.7750096321105957 0.7796936631202698 -0.054493363946676254
v 0.18249264359474182 0.01979498565196991 0.06351941078901291
v 0.1827019602060318 -0.006335504353046417 0.08439468592405319
v 0.07707342505455017 0.14437668025493622 -0.2544488310813904
v -0.27501827478408813 -0.3547547459602356 -0.24247246980667114
v 0.2490752935409546 -0.9412758946418762 0.10324195772409439
v -0.3304116725921631 -0.7095754146575928 -0.10830402374267578
v 0.22441741824150085 -0.9096234440803528 -0.08238513767719269
v 0.5659083127975464 0.3775915205478668 0.010868203826248646
v 0.4864366948604584 0.3891843557357788 -0.0826871395111084
v 0.0674314871430397 0.48025748133659363 0.31126102805137634
v -0.2889300286769867 -0.5117030739784241 0.07932906597852707
v -0.04941289871931076 -0.808042049407959 -0.1950632780790329
v 0.03410160541534424 0.4319005012512207 0.33780592679977417
v 0.22446367144584656 -0.9424178004264832 0.1112218052148819
v -0.2768787741661072 -0.30365103483200073 0.11998855322599411
v 0.3389912545681 0.4128855764865875 -0.25979435443878174
v 0.7903850674629211 0.5462803840637207 -0.010778660885989666
v -0.019140399992465973 0.5795155167579651 -0.3662275969982147
v -0.01802719570696354 0.629733145236969 -0.3631855845451355
v 0.2206236571073532 -0.41141563653945923 0.11976584792137146
v 0.2684958279132843 -0.5875883102416992 0.049717921763658524
v -0.21602953970432281 0.12047916650772095 0.058786604553461075
v 0.4071038067340851 -0.45697763562202454 -0.02854136750102043
v -0.2797951102256775 -0.5831794738769531 -0.18749789893627167
v 0.5412724018096924 0.39762261509895325 0.011152531951665878
v 0.30606698989868164 -0.09534763544797897 -0.19346734881401062
v -0.965968906879425 0.5904778242111206 0.060369331389665604
v -0.28360646963119507 -0.43652772903442383 0.10587842762470245
v -0.17491379380226135 -0.8320343494415283 -0.22761289775371552
v -0.02282385714352131 0.32184332609176636 0.2880975902080536
v -0.08933167159557343 -0.7093021273612976 0.1198650524020195
v 0.10153526067733765 0.4388442039489746 0.3049301207065582
v 0.30918172001838684 -0.37487176060676575 -0.23054690659046173
v 0.2607783377170563 -0.14422492682933807 -0.2732696235179901
v -0.14244793355464935 -0.920279324054718 0.21524342894554138
v 0.09339668601751328 -0.0431615486741066 -0.2876817286014557
v 0.7162942290306091 0.7572113275527954 0.04120462387800217
v 0.7373106479644775 0.7657884955406189 0.03715294599533081
v -0.4122883379459381 -0.2638601064682007 0.005463073495775461
v 0.7904247641563416 0.4966954290866852 -0.013789796270430088
v 0.699225902557373 0.2588249146938324 -0.04376029595732689
v 0.25969162583351135 -0.21285994350910187 -0.2828211486339569
v -0.5211573243141174 -0.28540992736816406 -0.04270220920443535
v -0.1870928853750229 -0.9208722710609436 0.01203429140150547
v 0.5846518874168396 0.42628368735313416 -0.010271626524627209
v 0.7291147708892822 0.6412023305892944 -0.10885954648256302
v -0.9512438178062439 0.6095367670059204 0.06699783354997635
v -0.2930235266685486 -0.4454730451107025 0.09352512657642365
v 0.40277451276779175 0.619753897190094 0.03873133659362793
v 0.636145830154419 0.5253411531448364 -0.11874166131019592
v -0.3253725469112396 -0.24598053097724915 -0.19516247510910034
v 0.19757479429244995 -0.7282441258430481 0.19079697132110596
v 0.1547088772058487 0.16750267148017883 -0.24925312399864197
v 0.27019089460372925 -0.6170098185539246 0.029964586719870567
v -0.86482834815979 0.3009723722934723 0.06384565681219101
v 0.12386975437402725 -0.052702054381370544 -0.2872343063354492
v -0.6398026943206787 0.6794061064720154 0.06612487882375717
v -0.23629207909107208 0.05540422722697258 -0.19353125989437103
v 0.7959730625152588 0.43809908628463745 -0.0038195131346583366
v -0.018950803205370903 -0.6508886814117432 -0.24825896322727203
v -0.9590361714363098 0.61224365234375 0.05820021033287048
v 0.607268750667572 0.3883334696292877 -0.10552433133125305
v 0.9695379734039307 0.6052514910697937 -0.060910265892744064
v 0.1368667483329773 0.48569348454475403 0.3153391182422638
v 0.08340880274772644 -0.21153737604618073 -0.30348923802375793
v -0.6983329057693481 0.7525050640106201 0.07774633914232254
v -0.05810469016432762 0.8472903370857239 -0.2661120593547821
v -0.08928976207971573 -0.857245683670044 0.24756817519664764
v -0.31594449281692505 -0.4711362421512604 0.034313734620809555
v 0.5973071455955505 0.6782576441764832 0.03169946372509003
v 0.39688441157341003 -0.40820610523223877 -0.03185456991195679
v -0.2816467881202698 -0.6606408357620239 -0.04729607328772545
v -0.0953870564699173 -0.9199222922325134 0.1970728188753128
v -0.2220783531665802 0.46273723244667053 0.2977064251899719
v -0.5183401107788086 -0.3128630816936493 -0.08792251348495483
v -0.5243117809295654 0.5259165167808533 0.04841282218694687
v -0.7091959714889526 0.5151194930076599 -0.05771170184016228
v 0.3355942964553833 -0.31849077343940735 -0.19135774672031403
v 0.042079225182533264 -0.7627975344657898 0.1788317859172821
f 145 144 3425
f 3425 5127 145
f 5127 3030 145
f 3030 4654 145
f 145 146 144
f 6343 5931 1388
f 848 2086 2088
f 670 671 1351
f 3579 3577 1478
f 6392 1953 6529
f 1620 1737 1621
f 3914 913 86
f 980 4958 4554
f 6582 1271 6063
f 5857 6269 5842
f 5517 2824 4823
f 3853 3852 3407
f 4478 4479 1595
f 902 3699 903
f 3982 6580 5559
f 5585 5588 1655
f 4813 6262 1652
f 3478 6272 3479
f 1212 1410 4720
f 1880 3769 689
f 1601 4511 5929
f 2682 2681 4629
f 3661 3333 5185
f 4777 3194 6284
f 1724 1022 1021
f 6119 5040 6535
f 2499 4338 3949
f 4118 6655 4461
f 1296 6012 2158
f 6598 1705 1356
f 6245 3762 3965
f 4564 1614 1613
f 1798 1604 6189
f 3957 4867 1692
f 2078 1563 5101
f 4035 4934 4034
f 3020 4697 3021
f 3519 1168 3082
f 2167 2097 3080
f 2746 5374 2747
f 5887 3789 2460
f 399 1362 4798
f 4578 2937 4577
f 6621 5254 3164
f 527 526 914
f 423 2481 3838
f 2154 5860 5015
f 3252 4725 4237
f 4811 3108 1378
f 969 5608 4644
f 133 4195 301
f 1206 4468 4469
f 2038 2473 3915
f 4667 4574 4149
f 864 5854 4795
f 2657 3463 5797
f 4262 5979 2047
f 205 4532 6604
f 5690 4774 3840
f 6005 1008 6050
f 4951 4791 4824
f 1517 3065 1516
f 1766 371 370
f 45 574 1371
f 5893 1163 1165
f 4271 4272 2653
f 3710 2098 6307
f 2581 6355 3875
f 5282 3130 4080
f 1922 1923 2331
f 3859 4568 3860
f 5271 493 5754
f 1281 6502 4157
f 4440 4382 4383
f 4057 5738 1656
f 6574 5192 5191
f 578 6596 3641
f 5296 4900 4901
f 2284 1695 973
f 468 4260 469
f 2891 2710 2926
f 1901 5976 716
f 399 4798 400
f 1609 565 1610
f 1119 1095 3223
f 1614 1813 5789
f 4825 714 1884
f 4425 4423 2524
f 1198 2370 2896
f 2399 5747 2944
f 2165 2483 3793
f 6568 1492 4954
f 465 4109 466
f 1931 360 1932
f 2680 160 4641
f 6073 434 3651
f 4740 1552 4741
f 6623 5751 4915
f 273 5163 3792
f 5548 2719 6489
f 5652 6560 5653
f 3163 6621 3164
f 4174 4173 1719
f 3377 2291 3375
f 6005 6050 5773
f 5467 5466 3218
f 4344 2957 2801
f 937 5314 936
f 4826 5186 3243
f 5813 6468 6664
f 853 3930 2516
f 401 2994 6319
f 4562 1559 5085
f 1775 4788 2692
f 5980 4948 6294
f 6346 1778 3288
f 3786 5158 6082
f 2740 2324 1760
f 6069 2328 2506
f 4344 6389 3909
f 1533 2965 4228
f 4269 2787 2711
f 4275 5581 5059
f 6444 4566 5815
f 6504 4890 1351
f 3477 5627 6642
f 268 269 3627
f 6106 5261 2294
f 2103 5026 4125
f 2022 5404 2020
f 3401 5242 821
f 6221 2714 3670
f 4638 2446 4636
f 1462 6424 4384
f 3709 4333 4746
f 2115 6582 6063
f 2935 5716 1157
f 125 806 123
f 4230 1011 1009
f 6389 3835 3909
f 4437 5234 3992
f 2407 4477 2076
f 363 365 4126
f 3613 954 2256
f 569 5879 2285
f 2548 2953 2547
f 2221 1312 3036
f 1484 6341 5551
f 1682 1681 4706
f 6643 1093 1092
f 5502 1746 933
f 198 5507 199
f 2552 5501 812
f 524 5763 16
f 142 6646 6626
f 6596 6241 1874
f 69 6486 680
f 381 145 2658
f 2452 2695 4452
f 891 3247 5304
f 4750 4834 4878
f 1117 5199 5564
f 1317 3 1318
f 2881 2172 2174
f 3482 4399 3481
f 1130 5549 617
f 5295 4881 3122
f 5397 5942 6172
f 6613 5719 1194
f 6254 4533 5374
f 5942 3716 6172
f 637 636 4639
f 4277 4278 4849
f 1263 1148 6431
f 4982 674 673
f 5601 5706 2284
f 1071 5072 1072
f 2777 2290 2289
f 6613 3172 3171
f 2063 2064 4615
f 4687 814 886
f 1830 1829 1570
f 6569 2645 4955
f 3797 1876 1370
f 2062 211 1444
f 5206 1323 541
f 5399 4098 2890
f 4948 4022 6294
f 2396 2395 4414
f 1468 1052 4155
f 6078 4352 708
f 1591 6105 6336
f 5865 4671 4670
f 3996 6453 3995
f 1642 4696 1641
f 89 5835 6338
f 1999 6452 5626
f 1579 4730 2832
f 5241 2672 6054
f 4373 4369 3472
f 5201 5202 2253
f 6196 6570 5095
f 4689 5773 5820
f 4923 5655 3479
f 3492 3491 3134
f 3433 4531 3626
f 1979 2417 1980
f 5136 2560 3724
f 4014 2912 4015
f 5759 3953 3952
f 729 4187 5448
f 4884 1065 4662
f 207 417 419
f 2376 2377 3421
f 1036 1140 6379
f 618 2822 2241
f 6250 4783 965
f 1615 3374 1846
f 4664 4662 1965
f 5055 4756 5056
f 4601 215 5769
f 354 1423 355
f 21 5965 4443
f 4194 5338 2697
f 2882 2172 2881
f 1550 230 1551
f 3706 4002 1403
f 3359 3456 2406
f 3577 5777 5134
f 1494 4708 1960
f 1412 2320 1411
f 5981 747 6421
f 3397 2851 998
f 6045 1424 1425
f 6600 2676 1280
f 2836 4351 1961
f 5326 3602 1133
f 2662 531 533
f 2582 4236 32
f 2691 6198 3137
f 3575 719 6062
f 4385 4596 5139
f 1024 5281 4300
f 1450 358 3614
f 1956 4156 5341
f 740 739 6028
f 6052 1631 3603
f 4747 1369 3707
f 6110 2705 2704
f 898 2986 1433
f 6214 6563 6215
f 1376 2110 3999
f 1953 4437 1954
f 3547 2184 3548
f 550 5782 551
f 6222 1867 1865
f 1441 5026 1442
f 2200 2202 5275
f 3402 5242 3401
f 3357 268 3628
f 3886 1361 1360
f 4152 4151 6300
f 2629 2064 2630
f 1912 6663 6193
f 6150 4411 6417
f 4250 2237 2239
f 2055 5897 4765
f 4160 3617 5364
f 3294 552 2415
f 3771 3772 6376
f 2947 2946 5796
f 806 5014 804
f 4543 2916 6116
f 5120 287 6303
f 4210 2637 6599
f 5311 5220 5310
f 3530 2063 4615
f 3774 2635 809
f 4606 5592 4723
f 6135 6228 1892
f 6398 104 1447
f 1670 1060 1427
f 3843 2789 96
f 4035 6112 6308
f 6013 5699 2566
f 3505 504 3506
f 4453 3781 3780
f 1713 4681 3721
f 1323 261 1322
f 5925 4920 5924
f 6643 6279 6278
f 3822 816 6641
f 6063 1271 4776
f 4025 881 6649
f 4761 1427 483
f 5028 1253 3947
f 3174 1235 1234
f 5342 5880 413
f 1698 64 981
f 78 649 5220
f 4748 3015 4747
f 3456 1671 3958
f 1384 5022 1385
f 3809 6004 562
f 3347 1097 4845
f 747 5904 6421
f 6233 5129 2606
f 79 698 5191
f 2789 4789 96
f 768 4476 767
f 4252 2131 1301
f 945 4899 6210
f 345 344 1896
f 5279 753 2424
f 514 3898 515
f 2457 1515 3717
f 1811 1809 4339
f 3169 2050 6151
f 3712 4354 6639
f 2450 4907 2588
f 5170 4973 4656
f 1313 3854 3123
f 5186 5013 3243
f 4217 5648 4218
f 3583 3582 5670
f 3421 2377 4559
f 1855 1854 2439
f 6442 5273 4938
f 2313 3300 3111
f 5930 3861 2634
f 5429 840 3092
f 1387 755 1821
f 3873 5582 5945
f 2089 5595 2090
f 1908 4761 975
f 4226 1817 5702
f 6512 3797 694
f 1558 1827 1557
f 5078 4115 3334
f 2304 5761 2305
f 1541 3697 1542
f 2761 4902 6329
f 2429 3484 1132
f 4736 2695 3093
f 6652 1337 5252
f 4532 6579 6604
f 3449 4508 3107
f 5419 6283 1739
f 2742 231 3460
f 4809 2337 4741
f 3765 2156 3469
f 4654 3029 6003
f 2785 4631 4676
f 3465 5275 3466
f 4332 69 679
f 2925 1483 6522
f 307 5171 5172
f 3490 4009 2041
f 1671 5047 3958
f 5660 5661 2573
f 3289 2346 706
f 4103 477 4102
f 4001 5058 608
f 423 5255 4168
f 2131 1991 4645
f 5387 5907 5328
f 2676 6502 1281
f 3149 3530 3292
f 3881 1869 1868
f 4200 2089 440
f 1822 2552 812
f 4401 3635 2124
f 4301 4272 1872
f 84 5649 826
f 2693 4736 5139
f 3891 1964 1963
f 3439 3440 6064
f 6535 4745 6119
f 5749 4711 6662
f 6084 2409 4660
f 497 1275 1913
f 5946 1311 1993
f 5443 2931 3103
f 3634 2897 3179
f 5082 5083 4523
f 2328 515 2505
f 3933 3934 996
f 1767 370 772
f 1375 3999 3216
f 5423 1203 6665
f 5797 1188 2657
f 1203 5611 5490
f 1451 1450 5734
f 4331 2706 5424
f 4378 3685 2463
f 4353 6070 5206
f 2907 6030 2908
f 5395 2392 2391
f 2140 3051 3145
f 1416 4351 1417
f 3220 4086 1121
f 6598 1356 4673
f 3035 2222 3036
f 3520 2910 5470
f 281 2716 437
f 6496 2420 5142
f 3307 1555 3010
f 3006 1824 1823
f 4071 211 4070
f 3283 5465 2709
f 2970 4342 6328
f 2384 36 549
f 3157 2536 1799
f 5035 1726 1727
f 5818 4743 5426
f 6583 5631 2360
f 2079 2078 3562
f 1426 2870 6615
f 2640 2468 2639
f 5172 2570 3508
f 4120 5916 4121
f 3200 383 3785
f 3617 3618 5364
f 1704 893 5256
f 5310 3338 3337
f 210 2608 1415
f 1508 2050 1509
f 5118 741 740
f 3461 5238 5237
f 1178 342 6083
f 5647 4840 5116
f 3770 496 3212
f 6169 6168 3971
f 6208 994 6606
f 6602 5673 3803
f 1862 3253 1863
f 2083 1962 2084
f 4094 5503 2752
f 1282 1281 4355
f 310 2369 3652
f 5661 6593 3675
f 4907 3487 2588
f 4850 3095 4234
f 3320 6276 3321
f 4818 4820 4670
f 6653 912 911
f 4364 1007 4363
f 1456 1454 5320
f 3828 5307 1276
f 1325 1021 1443
f 4942 5063 4943
f 2250 1340 1342
f 4052 5785 467
f 1716 3647 1715
f 1921 4194 3649
f 2288 441 5535
f 2004 385 6152
f 2989 2070 2068
f 6013 2917 5699
f 2317 2509 6367
f 4106 2398 2945
f 5625 5367 5201
f 5630 184 6145
f 6189 1606 382
f 4678 217 344
f 1148 6285 1150
f 3088 6081 2879
f 5163 273 6437
f 3752 3946 5734
f 4442 6438 1662
f 4080 3603 3326
f 6104 2258 2803
f 3719 1925 3584
f 2554 2556 4787
f 5180 2650 5752
f 401 2791 3258
f 1285 3446 371
f 1234 601 2781
f 459 726 460
f 3234 2701 1879
f 5530 5732 6669
f 4200 1712 3073
f 1761 1763 4317
f 5175 3205 3206
f 4881 4880 1374
f 6351 6619 5482
f 6556 1515 3953
f 3589 811 6427
f 5441 643 6406
f 2047 2046 2125
f 4809 1552 1551
f 4176 4175 3670
f 2853 6620 823
f 2746 6254 5374
f 1831 1830 4538
f 579 578 3517
f 5037 621 1397
f 6552 6146 1446
f 5970 6091 5495
f 2694 5814 2695
f 6051 6518 397
f 3043 5584 3961
f 1469 1471 2720
f 1178 6083 5413
f 2132 2365 6212
f 3018 5393 3016
f 5809 4237 5883
f 5381 5464 2594
f 784 490 782
f 4812 6623 4915
f 4692 4805 6640
f 949 1899 2076
f 4686 2685 5164
f 4182 1556 4010
f 3568 6306 5155
f 2722 4401 2126
f 5291 6425 6513
f 2601 425 424
f 4152 6259 4150
f 540 708 541
f 2469 21 4444
f 1027 5020 2394
f 5741 2077 6324
f 1337 6652 1561
f 3063 3897 2135
f 6237 1747 6438
f 2422 5474 4298
f 6519 2500 2010
f 2352 4182 2353
f 5049 3946 3752
f 915 527 914
f 6485 4238 4240
f 4491 2629 88
f 2782 3368 2087
f 2050 6146 6151
f 6559 2654 5168
f 2728 5288 4235
f 4217 4219 108
f 3775 4722 341
f 5816 6549 2017
f 4673 1356 1358
f 955 956 2668
f 451 5263 3606
f 6256 2014 6607
f 6515 6514 5438
f 5278 2724 284
f 4947 4946 6048
f 6006 4097 3830
f 6661 6142 6527
f 6491 6492 298
f 1506 5371 4257
f 2564 5598 2565
f 4513 6629 4239
f 5502 3609 1315
f 2834 6277 2833
f 5305 6124 5770
f 953 3905 2845
f 1558 1559 4562
f 2782 5829 5539
f 2758 3922 5614
f 2442 441 2290
f 2037 2473 2038
f 3182 3180 5000
f 2315 33 2316
f 6171 6554 4290
f 6603 6010 1435
f 1941 2861 2860
f 6292 4982 4124
f 2215 5798 6
f 3664 4450 6483
f 3871 465 467
f 2295 4438 4609
f 3743 5697 6540
f 3899 3900 6450
f 5052 5876 4117
f 4177 5715 4175
f 187 2844 628
f 3032 951 950
f 2441 439 441
f 1524 3267 1522
f 3789 5887 4616
f 5365 3454 3595
f 6245 5021 2905
f 1142 2569 263
f 1816 1818 1467
f 901 4545 2390
f 3468 6264 4406
f 1675 3067 1674
f 6127 2944 5747
f 3487 4907 5778
f 3784 6231 5362
f 4893 6385 4892
f 3276 3621 4607
f 3140 1222 992
f 2687 2281 2239
f 2754 682 1228
f 3889 4989 3535
f 3487 5227 3083
f 1899 2407 2076
f 3450 5440 3451
f 6291 552 551
f 3637 3636 2391
f 646 5288 1146
f 326 6572 5027
f 2227 293 6610
f 224 223 6260
f 537 539 3977
f 3305 3303 3232
f 995 3933 996
f 3714 5942 5940
f 1176 5939 1175
f 674 5508 675
f 3900 1837 6450
f 6332 6496 5519
f 2977 1743 2978
f 522 521 6065
f 2181 1392 1393
f 808 1162 1161
f 791 792 3909
f 1648 1649 3085
f 958 6020 6345
f 5707 1988 1577
f 845 3741 4691
f 2048 4231 5615
f 2435 2755 4755
f 2267 3328 3326
f 4795 2956 5772
f 4523 5083 3673
f 4302 3798 280
f 127 3290 128
f 6496 6139 5519
f 5211 703 1728
f 1059 4379 484
f 410 1136 1135
f 866 865 1877
f 4128 4126 5675
f 2878 1576 3504
f 2822 843 2241
f 2131 4252 1304
f 5421 6183 6184
f 1030 3625 1029
f 2664 475 367
f 2238 5629 5627
f 6238 2976 1982
f 5720 5719 6527
f 6125 5582 6576
f 1294 4571 3627
f 3198 1744 2830
f 3057 5851 3253
f 4157 5919 4101
f 1921 985 1434
f 1345 6668 2223
f 42 1931 5512
f 1950 4881 4493
f 5430 5266 6659
f 190 3359 2406
f 2897 6008 3179
f 3632 2306 2305
f 3393 5237 4212
f 4088 5435 5434
f 137 7 8
f 1256 2927 1113
f 5097 5943 3238
f 4599 2650 5599
f 6060 6242 4570
f 5963 5985 6536
f 4451 5869 5105
f 2399 2945 2398
f 4540 781 779
f 2205 164 163
f 4968 4556 4967
f 2138 902 4013
f 5836 3195 6310
f 2777 4675 2290
f 41 6167 40
f 2716 2952 437
f 5475 3186 3834
f 3905 1128 2843
f 3594 326 5365
f 1147 3344 2005
f 2556 4785 4787
f 4985 6520 2903
f 5604 600 1234
f 6456 4861 4483
f 948 1043 1042
f 1246 4258 5077
f 1703 895 893
f 6631 2560 5136
f 2117 4955 1658
f 3267 1771 1522
f 1133 3602 1131
f 2777 6332 4675
f 6568 6031 6509
f 4833 4832 593
f 3964 3940 3939
f 1334 3104 1335
f 2654 3341 5168
f 4086 240 6637
f 3708 3707 1369
f 5268 5740 170
f 5638 2975 5069
f 5842 6474 5510
f 3378 80 4446
f 6228 2358 1894
f 3054 1395 6505
f 2783 1105 2782
f 312 634 4402
f 4180 3254 3702
f 5866 4585 4514
f 2173 3732 2639
f 2440 3865 3756
f 4688 4689 5820
f 4817 4800 2562
f 3601 5530 5024
f 1496 4825 1884
f 3562 3561 6095
f 2744 2527 2148
f 242 5660 241
f 3409 2809 2810
f 4182 1425 1423
f 5272 5274 214
f 3902 3981 5962
f 6366 6062 6161
f 677 2935 2936
f 3611 6365 6582
f 3815 5385 3042
f 3073 1111 3074
f 4812 4202 6623
f 1975 1181 1588
f 5069 6225 6226
f 2307 5493 3271
f 4533 2718 430
f 1031 1029 3856
f 5633 5830 5831
f 2059 1122 774
f 4181 6622 1661
f 2315 4721 4722
f 802 800 1109
f 6652 4285 1049
f 1226 3743 4893
f 103 3026 1449
f 189 2406 1949
f 912 6653 1543
f 2613 4486 4588
f 3255 4433 3254
f 6157 3835 6389
f 3512 2929 3399
f 511 1292 4740
f 1787 1789 3248
f 1674 4444 485
f 886 814 3226
f 883 2865 5366
f 4912 733 4024
f 1746 5502 1947
f 85 827 1494
f 2611 2610 206
f 744 4928 6089
f 4048 4836 4466
f 2237 5629 2238
f 4327 6356 2372
f 4358 4353 2179
f 2262 791 2263
f 891 5304 5306
f 5716 6505 1157
f 4431 5718 4974
f 4910 4869 4868
f 1409 1212 1214
f 1868 2539 2537
f 2009 4650 34
f 1329 1302 200
f 4211 5390 3394
f 1974 2648 5521
f 5148 3723 430
f 5419 3940 5420
f 3265 4901 4899
f 4362 2220 5608
f 2937 2935 5546
f 6399 2545 2903
f 2275 2274 4859
f 715 3980 663
f 5659 2472 1474
f 4843 3443 6175
f 2054 1059 1060
f 826 4965 4222
f 6585 2934 1476
f 3632 6640 3059
f 2918 2608 2609
f 5923 5575 1008
f 4444 21 4443
f 4676 6510 4677
f 4329 3370 655
f 5686 4846 5698
f 4696 6258 4968
f 3730 3735 6202
f 1787 2023 2814
f 110 3796 5336
f 3127 3591 5914
f 6314 5948 6368
f 860 6354 1473
f 1891 2188 1173
f 2086 1710 2087
f 6613 426 3172
f 1172 1891 1173
f 4108 6393 4729
f 360 1381 1932
f 4354 5534 6639
f 6407 2453 1873
f 1316 3148 1384
f 3025 2081 3026
f 6133 6215 5657
f 255 270 268
f 4870 4495 3228
f 6645 3423 2854
f 6488 4036 4034
f 1398 1399 5464
f 2826 5232 4232
f 1451 4558 4856
f 5827 2982 5350
f 162 164 5276
f 4176 5875 5703
f 1323 5725 3019
f 2476 3471 4628
f 5870 1287 5085
f 4979 1081 1079
f 3650 1633 1054
f 3233 3231 5926
f 617 5549 4159
f 6164 1153 1623
f 5905 5442 4876
f 3069 2663 6344
f 4479 336 1595
f 5618 3086 2726
f 3819 6111 5235
f 3780 2358 3855
f 2424 4732 1048
f 729 730 4188
f 263 6162 938
f 5844 688 687
f 4699 6548 5298
f 4180 3539 3533
f 3586 6459 4858
f 3068 6344 2873
f 4813 3895 1083
f 2604 4500 2059
f 1389 1421 2917
f 408 2567 1136
f 5011 1971 1970
f 690 1701 5132
f 1046 1045 3298
f 3297 1046 3298
f 2163 3938 1634
f 6581 1933 1382
f 5788 1618 1619
f 1202 2153 6665
f 3524 2640 6298
f 152 3994 5802
f 2158 1734 2835
f 5934 6664 6468
f 3672 669 4524
f 6645 3083 6523
f 6048 4316 1657
f 6655 4886 4885
f 1417 4351 1022
f 6146 1508 2980
f 407 4641 405
f 6187 6316 4539
f 4304 5668 2381
f 4705 3858 1027
f 967 5828 5608
f 6390 6391 3293
f 3380 553 3379
f 1902 716 507
f 4575 1416 3103
f 4319 3754 2180
f 2455 1611 5483
f 1620 29 1737
f 3788 4874 3786
f 4530 4551 4529
f 6661 3087 3089
f 4010 3306 2494
f 1923 4714 5319
f 5165 5156 1527
f 3079 2973 2168
f 5581 1144 1145
f 1953 1955 6529
f 5214 6091 539
f 5298 4517 4700
f 5394 1895 265
f 2094 2351 2095
f 4612 6250 1445
f 5373 3569 5651
f 6178 918 2683
f 6383 3676 722
f 1016 4523 4522
f 6325 3238 2437
f 700 6668 1346
f 5019 744 1594
f 612 4002 3320
f 1550 327 230
f 4879 3261 3260
f 3791 2458 2460
f 3015 868 1368
f 5508 6110 5509
f 4311 2816 1725
f 6366 6161 6162
f 6612 991 1062
f 2276 6568 4954
f 5137 1832 3245
f 2796 3266 1290
f 308 310 3653
f 5875 4226 5703
f 852 6326 6497
f 2686 5997 5418
f 240 738 6637
f 2185 3697 2301
f 1756 3679 998
f 2434 4810 229
f 42 5819 5998
f 5602 4880 1950
f 2737 986 988
f 4789 4984 3109
f 3201 3202 3216
f 4445 3047 5192
f 3805 6003 922
f 5464 5381 3748
f 1914 5890 3892
f 542 2800 2801
f 6036 2596 2834
f 6007 2371 6255
f 5967 4020 5578
f 2582 6602 2583
f 3724 2229 4017
f 5512 2266 6378
f 5507 3124 1624
f 2259 6664 2802
f 4732 753 752
f 6482 3664 6483
f 701 4757 4915
f 2841 5751 2840
f 3414 6024 3415
f 6461 6499 204
f 4688 5821 6129
f 4896 2760 5902
f 508 776 778
f 5169 6547 5303
f 5941 6475 3160
f 1218 3072 1219
f 3452 3937 2163
f 5129 3955 4016
f 6484 1440 5204
f 1880 689 5000
f 335 5453 1477
f 2571 1143 6228
f 4505 5619 5723
f 5258 6565 5125
f 2612 3653 6406
f 2528 2526 6321
f 3341 364 6547
f 6014 4789 2789
f 6034 1284 6660
f 6292 1208 5276
f 6063 5110 2475
f 883 222 221
f 4006 6544 3713
f 6669 5531 5530
f 174 176 2627
f 3189 1358 1357
f 3452 3451 6536
f 6095 6301 1854
f 4317 4316 1761
f 1841 1840 6300
f 6007 6255 6074
f 779 780 3610
f 3368 348 347
f 1473 6354 1474
f 1955 2098 6529
f 3942 3863 5822
f 1190 1975 1588
f 4746 3707 3709
f 5983 152 6029
f 2574 2573 3675
f 4454 4284 5385
f 6288 6419 6514
f 6632 5293 5594
f 506 3295 4212
f 3959 4829 543
f 3363 4085 4992
f 538 6159 5215
f 4369 4373 4370
f 4161 5248 1781
f 5100 5753 5409
f 1209 6261 711
f 6561 926 76
f 5631 6583 3952
f 5117 3677 3076
f 4137 5696 4561
f 1781 393 392
f 5936 1027 3860
f 5263 6069 2506
f 597 270 4158
f 583 585 5406
f 2952 6355 437
f 3833 601 587
f 5011 3336 5144
f 3044 4031 4189
f 2142 3051 2140
f 737 1187 5606
f 5132 1701 1700
f 6124 4283 5770
f 1820 6548 1819
f 1398 5037 1397
f 6252 6254 2746
f 1114 4308 1113
f 2218 2446 2445
f 2023 2815 2814
f 6629 2196 4239
f 662 715 663
f 4922 5193 6223
f 5130 2778 2779
f 4674 6635 4673
f 6226 4815 3041
f 3955 4014 4016
f 3459 5560 4096
f 4679 5634 5636
f 3718 5738 5578
f 5219 5218 4982
f 4865 5756 6308
f 4309 5373 5651
f 528 3344 5288
f 1291 3266 3265
f 4505 5618 5619
f 5381 3747 3748
f 4297 2541 395
f 3463 4063 4162
f 285 6404 3767
f 1709 2659 3351
f 6644 635 6611
f 4460 2096 3390
f 4524 669 667
f 6511 2508 6083
f 6270 2471 6586
f 2683 918 4734
f 6661 5719 3087
f 6021 5131 4855
f 5738 6405 5968
f 610 611 3408
f 4082 700 1844
f 908 3197 2831
f 602 5394 265
f 4854 729 5448
f 6107 6106 2294
f 4295 1602 1601
f 1909 2444 5270
f 4786 6358 5138
f 1091 4467 2206
f 1593 1668 1594
f 5565 4585 195
f 4545 5537 4233
f 4362 5691 4361
f 5860 5861 5015
f 2946 5732 3601
f 4335 6589 1106
f 3754 1453 2159
f 4940 6062 6366
f 4926 2888 4760
f 5103 6393 4550
f 494 496 6298
f 5091 2784 2786
f 2311 2970 6328
f 6591 3904 4216
f 3921 25 6363
f 5099 6433 457
f 3616 5572 5571
f 1790 6320 4530
f 5652 4999 6560
f 4398 4399 6587
f 4811 1380 5850
f 6251 2572 3432
f 5732 2948 6423
f 1086 5561 5379
f 1591 1592 2757
f 2721 6054 2723
f 4465 1810 4534
f 2603 4451 5105
f 3019 296 4267
f 3473 3471 2476
f 3839 6231 1784
f 3005 315 5559
f 6635 6577 4673
f 5933 1390 1391
f 5637 895 2665
f 370 6155 772
f 2808 102 842
f 6072 5767 5765
f 6323 6025 659
f 4496 6542 4553
f 4083 4082 1844
f 1686 6266 6267
f 358 357 3614
f 5941 3160 1414
f 3591 5480 6650
f 2735 2736 6171
f 6532 5580 5262
f 3669 4644 4463
f 4766 3448 3141
f 4941 5988 4942
f 2349 2512 2498
f 1353 2500 378
f 4185 543 4829
f 6525 2175 3896
f 4281 6412 6413
f 5212 4618 4029
f 1140 6413 6553
f 2681 2683 6462
f 3333 4427 3331
f 3358 3628 3643
f 4852 3279 4360
f 6492 3382 5905
f 5536 901 3903
f 2523 1535 2524
f 5333 3988 1006
f 4396 2227 6610
f 6546 3032 6195
f 4565 2205 163
f 4210 2638 2637
f 1845 3381 3379
f 3444 4253 4872
f 5724 6294 6059
f 5591 6660 6126
f 5921 6616 6358
f 6577 6615 6598
f 4661 685 2649
f 1271 1269 4776
f 702 3187 703
f 6264 1271 6582
f 5849 3284 2709
f 4685 2685 4686
f 2511 2512 1077
f 5445 4619 2877
f 6581 1382 5529
f 5364 5210 916
f 6224 4138 5898
f 4943 5063 5062
f 1686 6267 4064
f 5119 3951 1515
f 2837 1020 1022
f 4391 4108 4729
f 4838 5067 5861
f 4595 6445 6614
f 176 6243 3882
f 5780 414 3483
f 3806 5928 3807
f 2229 3056 2230
f 6405 2042 5968
f 5007 4137 4561
f 4761 1908 90
f 266 1895 219
f 3549 3565 1779
f 4434 1957 2253
f 1548 6642 3764
f 3375 1300 3376
f 1483 4883 5292
f 1068 1066 4953
f 3108 98 3109
f 5910 5267 6638
f 1402 5515 5514
f 6061 4246 5315
f 2423 5888 135
f 159 6575 1074
f 930 4739 412
f 3429 5065 3430
f 3926 3405 6436
f 1427 4761 1598
f 1301 4645 6409
f 2550 4201 2551
f 4621 5852 4622
f 4289 646 3698
f 3681 5999 3170
f 1543 4993 5995
f 6054 3966 2723
f 4578 4078 6627
f 465 5959 6190
f 1315 1385 5056
f 749 3631 3398
f 5990 4480 3939
f 5691 4419 4361
f 4699 5298 4700
f 5480 1977 6650
f 648 2212 649
f 4240 5128 6485
f 2756 2741 2755
f 4186 4490 6338
f 3218 1722 3219
f 4237 5809 2864
f 5072 6375 5071
f 3944 3945 4270
f 5211 4005 4744
f 1745 4756 2942
f 2321 4777 6284
f 1170 4713 2105
f 6121 6591 461
f 5304 5405 585
f 2113 5611 5863
f 6461 6010 3369
f 5798 5476 4
f 149 6218 1432
f 6538 4094 4095
f 559 561 4264
f 3227 2417 1969
f 2799 2800 6391
f 5048 6213 3447
f 3653 310 3652
f 2596 6036 2594
f 1038 1040 4586
f 651 652 5597
f 5649 84 5745
f 6545 3637 4266
f 4624 890 891
f 2341 5384 3815
f 6437 273 271
f 6355 2581 1826
f 658 630 2679
f 676 678 2134
f 6049 3772 5750
f 290 5603 1909
f 4766 4508 3448
f 5971 5577 28
f 4276 5527 3548
f 2037 4613 2473
f 2870 1705 6615
f 1837 1838 6153
f 3576 6437 271
f 4431 3850 3848
f 4667 2075 2074
f 2805 919 789
f 2684 5418 3426
f 1185 5133 1700
f 2863 5269 5322
f 647 1147 4680
f 4689 6005 5773
f 1636 4537 4120
f 3884 3886 1360
f 4990 6373 5404
f 1034 1401 3638
f 6387 4445 5192
f 5313 5059 5314
f 5837 4864 5967
f 1159 3481 6194
f 6162 937 938
f 925 924 4938
f 5013 5186 5554
f 1765 1764 6477
f 6495 1301 6409
f 2876 6041 5504
f 6423 2189 6669
f 6448 5803 4389
f 136 6156 6641
f 384 3343 383
f 5863 605 2113
f 1347 5074 6086
f 4526 3 1317
f 1563 5753 5101
f 982 5874 5873
f 2849 2607 4589
f 146 145 381
f 2312 6185 2313
f 4717 4718 3550
f 2219 2398 4106
f 982 5682 4778
f 3854 3396 3123
f 3663 2648 1191
f 3733 1772 5774
f 707 2858 705
f 5487 242 4727
f 5785 4052 6651
f 1771 3233 5926
f 3282 3280 5020
f 5490 6633 632
f 6114 2416 551
f 3759 4750 4878
f 3552 3539 5246
f 3463 4162 5797
f 5252 1337 1490
f 632 6633 630
f 202 1661 4536
f 6309 2156 5628
f 2624 2625 6199
f 3488 1654 1653
f 3977 539 6090
f 4386 2702 6445
f 1750 5620 4343
f 5925 1067 4920
f 6361 6441 6558
f 2528 6321 6589
f 917 5436 1986
f 4781 1989 4780
f 6279 3688 6114
f 5486 4605 6634
f 1229 1231 2498
f 1764 3806 6647
f 5716 3516 6505
f 1332 1926 6077
f 6240 3145 2487
f 1593 744 6089
f 4003 5285 6261
f 6654 1668 6089
f 6667 3149 3292
f 3062 3738 4989
f 1938 3737 6417
f 2670 2672 2698
f 6198 6199 5460
f 1774 2019 3129
f 4348 4347 5113
f 2841 3657 3772
f 2471 6667 6586
f 4977 3318 2252
f 5938 3524 6298
f 3050 3739 445
f 2848 429 2400
f 4248 2297 2507
f 1073 3993 1071
f 909 5795 6646
f 3608 4245 2738
f 5580 6532 5010
f 6479 656 654
f 3503 6492 5905
f 5897 2055 1097
f 2019 1775 2692
f 2619 3102 4150
f 6271 2248 6439
f 5715 6479 4175
f 6235 6412 4281
f 946 5074 947
f 1144 376 377
f 3055 4848 6590
f 953 6612 3905
f 5662 6450 2809
f 2246 4069 6353
f 4225 561 560
f 2838 5969 2837
f 5747 971 3915
f 2687 2282 2281
f 3788 1955 1954
f 5858 4745 6535
f 204 6499 2730
f 2810 6153 2707
f 6647 4122 6477
f 4063 3463 1685
f 6339 3783 1472
f 2523 1946 1536
f 1025 1023 3840
f 311 6395 312
f 5099 6213 4971
f 3868 787 786
f 5388 4093 5029
f 380 248 247
f 1404 1403 614
f 1345 1346 6668
f 6197 5871 5872
f 2066 1241 2787
f 5220 2884 5310
f 5326 4548 633
f 15 14 6656
f 5885 1268 6120
f 1079 1078 2435
f 3218 1726 5467
f 4908 116 6360
f 4550 6394 4551
f 4533 6254 2718
f 420 918 6178
f 1084 5123 3400
f 4144 4546 4143
f 9 3351 2659
f 6082 1603 4593
f 1182 4033 1181
f 4941 5276 5988
f 101 2558 6631
f 5725 1323 5206
f 6666 5892 2747
f 1340 4855 1341
f 4052 6617 6651
f 1077 2512 2349
f 4059 1945 6636
f 6401 5990 3939
f 4878 2889 3759
f 1298 3297 6433
f 2199 2198 5334
f 537 5181 538
f 1245 4731 4258
f 2254 2000 2253
f 6537 1280 1282
f 5227 3487 3486
f 5362 6017 5209
f 2371 6257 6255
f 3001 5906 4207
f 5746 5723 1361
f 1222 5982 992
f 6323 5987 6455
f 3892 5890 5843
f 4040 3566 6388
f 3490 2121 1464
f 4625 6625 6193
f 3171 3087 6613
f 3609 5502 3146
f 4998 4381 5475
f 171 5846 172
f 5471 5543 3033
f 223 855 6260
f 4883 2554 6624
f 5372 1654 2696
f 6463 6064 5504
f 1887 5790 4823
f 6369 1979 5845
f 5889 2166 699
f 4611 1435 1437
f 2448 6495 6409
f 2122 309 308
f 2104 2537 4764
f 3979 2278 6452
f 5916 3072 4121
f 298 6492 297
f 2663 3069 4494
f 6107 2294 2533
f 6265 2175 6525
f 5450 3988 260
f 4519 1690 5852
f 141 4061 5477
f 3383 4348 5442
f 1982 2976 5638
f 923 922 5075
f 1462 4384 1460
f 3900 3901 4409
f 173 172 4163
f 3454 3453 3595
f 3965 5420 3940
f 4555 3527 5516
f 336 5991 175
f 6432 6474 6473
f 4457 5039 1009
f 5405 3246 3885
f 3484 414 3607
f 937 5315 5314
f 2424 753 4732
f 3529 916 1729
f 4900 5297 3610
f 3200 385 383
f 5229 3410 5815
f 6488 4034 5900
f 532 5338 4895
f 2676 6600 2379
f 4864 4020 5967
f 5896 5356 2565
f 933 935 6427
f 4471 87 88
f 2118 2751 5804
f 5852 5853 5964
f 2545 6399 2543
f 3136 5243 5041
f 5069 5425 6225
f 4720 1410 6220
f 1078 2756 2435
f 376 5303 5744
f 834 835 5472
f 6602 2582 32
f 931 3488 2210
f 6557 6142 6144
f 5937 5020 5936
f 1436 4536 2380
f 2819 1567 2355
f 5418 6541 3478
f 5699 4432 3526
f 711 6261 5285
f 4342 4623 6328
f 2046 6464 2699
f 5960 4591 6521
f 3567 3427 4416
f 4103 478 477
f 6151 6146 6552
f 4370 5856 1663
f 731 732 856
f 6048 4946 4316
f 930 5737 4737
f 5333 1006 5485
f 6152 385 3199
f 4345 30 28
f 1488 1520 1489
f 2733 2734 4167
f 6572 6056 5027
f 5121 4063 4065
f 2166 5889 4888
f 6408 143 5698
f 3618 5210 5364
f 6460 722 6229
f 4302 280 438
f 1847 112 3171
f 3469 3468 3764
f 2130 3055 6590
f 2808 1163 5893
f 4920 3389 5098
f 6019 1319 3551
f 41 5512 6378
f 1617 4707 4313
f 6315 4664 2852
f 2020 3538 3536
f 5170 4683 4973
f 313 3075 1504
f 6453 2738 3995
f 1066 1067 4954
f 52 3162 53
f 5970 675 6091
f 932 1257 126
f 6146 2050 1508
f 2113 5190 6181
f 5944 4147 4146
f 4274 4275 5416
f 2636 2638 5543
f 4632 2269 3976
f 1365 6413 6340
f 6639 5534 5354
f 6431 1152 1039
f 5335 3383 3384
f 877 1716 3116
f 5209 1349 4394
f 3187 3834 3186
f 564 3878 3435
f 6263 588 590
f 3366 2472 1343
f 5279 3312 753
f 6608 6609 73
f 3832 851 3833
f 6405 4057 4058
f 4056 6497 653
f 3396 6517 6322
f 4151 4150 3102
f 3530 1534 3292
f 6076 1437 1436
f 6479 4330 656
f 24 2112 5700
f 2007 4024 733
f 1598 4761 90
f 3612 4900 3610
f 5036 1398 3748
f 442 4741 443
f 863 1439 862
f 4299 5468 5577
f 6625 535 2274
f 4002 612 1403
f 4359 189 4492
f 3439 6064 6463
f 517 519 844
f 1749 1748 749
f 6137 2455 5483
f 240 4086 238
f 1612 5052 4117
f 6453 3996 2028
f 2715 2716 3557
f 5588 6277 2595
f 2542 2134 5286
f 2869 5225 2868
f 340 1179 4634
f 3716 5942 3714
f 586 4840 2522
f 5280 5281 6476
f 250 2438 1089
f 3230 4870 3228
f 5097 3237 4023
f 3410 5662 2809
f 5453 2972 4506
f 2554 5760 6624
f 155 6111 3518
f 4605 5958 6634
f 682 5503 5505
f 1391 5357 5933
f 5098 3388 4830
f 4178 3731 3522
f 630 6633 6513
f 5289 4746 4333
f 5363 3418 3417
f 5482 6619 6375
f 2799 6390 6389
f 4750 1759 3147
f 5669 3582 6581
f 6586 6109 6434
f 3403 3423 5226
f 944 361 5998
f 782 2438 783
f 3598 3599 428
f 3878 564 4203
f 2561 5511 4976
f 3491 6123 3134
f 5753 492 5409
f 4440 5325 4441
f 4803 4804 4341
f 5974 3224 161
f 5484 6034 6137
f 5864 3381 1846
f 6143 6142 6661
f 151 150 287
f 4603 4962 2987
f 1350 5783 1349
f 951 6546 1868
f 2054 4139 6530
f 4785 2556 6200
f 2515 5718 6371
f 5039 4457 2136
f 2646 6605 3229
f 218 4367 222
f 1718 1141 829
f 2978 3197 5477
f 1211 4003 6261
f 5221 5069 6226
f 4702 4704 3424
f 4798 4799 3027
f 6343 5577 5971
f 4115 5078 5457
f 2632 3861 5422
f 6346 904 2572
f 4855 5131 1341
f 4586 4011 233
f 6546 3002 1868
f 5567 4025 6649
f 2271 2273 4542
f 5249 6631 5136
f 4929 478 4103
f 2011 5236 380
f 304 5535 2090
f 4118 3489 6655
f 4633 340 4634
f 6462 4733 4044
f 2309 2663 4494
f 2618 3173 2620
f 715 716 5976
f 1303 3055 2130
f 4399 5008 6587
f 6418 224 854
f 6667 2470 3149
f 848 5705 3877
f 6025 6323 6455
f 3508 3509 5172
f 3422 3096 1462
f 569 3640 5879
f 6665 5596 4331
f 1665 3536 2950
f 4816 2780 3941
f 2538 3646 4764
f 1195 1194 5720
f 583 5406 5106
f 6299 2763 5950
f 2497 785 787
f 5870 1557 2931
f 2514 1888 4974
f 5131 1698 4779
f 2264 5396 3556
f 3291 3290 127
f 22 771 23
f 3913 319 4635
f 270 597 269
f 3545 4285 4380
f 867 4292 4397
f 4609 3349 3348
f 4283 2251 3004
f 5581 4275 1144
f 1982 1984 6238
f 5370 6363 6047
f 6122 1980 2417
f 1737 1738 1621
f 5573 5344 6042
f 1203 1202 6665
f 4503 3953 4504
f 1883 5077 4107
f 1220 1252 6639
f 3477 2238 5627
f 2470 6667 2471
f 4759 1822 5780
f 3167 3318 4977
f 5266 1184 6659
f 4731 5439 4258
f 5347 2528 6589
f 823 5771 2853
f 5329 3018 6580
f 3327 3816 3961
f 5924 4920 5098
f 2848 1521 2607
f 3005 4624 3003
f 1131 4081 4657
f 2673 2674 2463
f 6417 4411 3156
f 1529 2401 5277
f 6451 4227 5126
f 5848 576 574
f 4857 5351 4716
f 5369 1176 5149
f 3457 3430 3458
f 3831 2056 6238
f 761 139 449
f 6033 1283 1284
f 2989 2068 4192
f 3874 2171 3875
f 6101 6100 4263
f 5671 3849 1379
f 4536 1661 2380
f 6605 2646 501
f 4109 6393 4108
f 4009 991 6612
f 1949 1950 4492
f 422 3684 421
f 2531 2533 1308
f 3758 4755 3760
f 6375 6619 6573
f 2679 630 6513
f 2427 3181 2426
f 855 4944 4723
f 6036 5381 2594
f 722 4576 6229
f 4008 3845 2454
f 108 4749 95
f 5690 3413 5817
f 6247 5337 6650
f 4837 4884 1034
f 970 2038 971
f 3773 6341 5666
f 3443 3862 6175
f 5899 6361 6289
f 3515 5412 5683
f 2289 2365 3954
f 3668 4659 3931
f 5146 6457 88
f 3163 3644 4877
f 4671 5865 1517
f 5003 4131 5002
f 3091 4306 3483
f 3657 5977 6376
f 5633 3892 5843
f 4479 4480 5990
f 1714 6247 1977
f 6419 3629 6576
f 5928 3806 1796
f 3196 3306 5874
f 4952 4824 2977
f 602 265 587
f 2306 3061 3277
f 1770 1235 3173
f 1968 1394 1330
f 2600 2599 5408
f 5157 5398 4863
f 6077 1926 3720
f 2545 4985 2903
f 28 29 3184
f 5073 5678 5072
f 4219 3796 108
f 4477 6364 2077
f 5004 1615 3695
f 535 534 4859
f 1953 6392 4437
f 5960 4590 4591
f 963 122 121
f 6603 3369 6010
f 6287 6288 6514
f 5471 5470 5543
f 1977 6247 6650
f 3430 5065 3458
f 3850 1888 1379
f 6658 6429 6587
f 1137 1139 4349
f 241 5660 2573
f 6153 4801 5862
f 989 3473 2476
f 48 2614 803
f 4713 1869 3881
f 5079 4489 3229
f 94 288 6488
f 2197 3386 2195
f 5479 1978 5480
f 1319 1320 3551
f 4607 6090 5509
f 1201 1200 2314
f 3645 5368 6087
f 5422 6048 1659
f 3170 379 4395
f 595 2342 3192
f 1794 3371 2874
f 2458 1828 4561
f 6600 1280 6076
f 4518 4519 5964
f 6646 5792 6626
f 3923 5614 3922
f 4584 1632 5985
f 6471 2776 4726
f 2190 3685 6555
f 5682 5329 5330
f 2057 6102 2975
f 6263 4567 588
f 3735 3730 1300
f 4836 2272 2271
f 6110 5508 5497
f 5394 3221 1896
f 3060 3960 1047
f 6248 3593 1703
f 1410 1447 6220
f 1583 4265 4264
f 3014 1384 1760
f 5804 2750 6176
f 4021 6579 4019
f 3387 629 2622
f 5565 4253 3444
f 3152 5667 5174
f 811 933 6427
f 2382 6237 6438
f 5616 2872 3392
f 4948 74 72
f 1764 6647 6477
f 5531 4000 5360
f 1665 1667 3536
f 156 3401 821
f 1620 1622 3184
f 5567 2014 6630
f 1670 1427 1598
f 4020 5579 5578
f 1788 2814 4314
f 3103 1416 1418
f 4921 2786 4676
f 12 5311 11
f 4347 3383 5335
f 1618 5788 6207
f 2508 759 6083
f 795 1318 1
f 690 5132 5000
f 6544 6145 3713
f 4760 6557 220
f 6537 1282 5064
f 3248 5982 2387
f 1458 2129 1457
f 4997 5899 6289
f 5674 2215 6
f 5857 2106 1741
f 4962 4603 5938
f 1890 1172 3332
f 1814 1812 4251
f 6404 3766 3767
f 1069 1012 5236
f 5851 105 106
f 5041 4642 5042
f 6419 6288 4156
f 3444 4872 3443
f 3412 3693 5520
f 3057 105 5851
f 2511 1077 5001
f 6003 6004 922
f 5255 423 3838
f 4758 4757 1344
f 6657 5823 5822
f 6550 6370 6551
f 4772 2947 4771
f 1808 1807 4266
f 242 5807 4727
f 4864 5837 6524
f 4820 5865 4670
f 6387 5226 5228
f 2204 2205 4565
f 6554 4053 4290
f 6592 5197 5195
f 6628 2606 4502
f 4317 1763 5687
f 6297 5507 198
f 172 5846 6439
f 1148 5573 6285
f 3749 6317 3750
f 5017 5623 5622
f 4671 1755 6157
f 1543 6653 1882
f 3171 112 6075
f 327 5712 328
f 2002 2003 3106
f 4865 5901 5756
f 3091 3092 3183
f 2561 4817 2562
f 2019 2692 2690
f 5346 6139 6053
f 6088 4242 6618
f 3446 3095 371
f 3842 6299 5950
f 6078 5525 4352
f 6404 3217 3766
f 3633 5452 5451
f 5980 6294 5724
f 4754 5207 3973
f 3555 648 4906
f 1843 5138 4913
f 3658 947 4738
f 1789 2283 6606
f 667 4522 4524
f 3208 3207 5124
f 4553 4552 1681
f 428 3599 3172
f 1012 1070 1260
f 571 2449 572
f 655 4611 654
f 1912 6501 976
f 5339 4354 183
f 5524 407 5154
f 3326 3603 1631
f 4810 5709 4809
f 1520 1114 2985
f 4062 3330 4767
f 5618 5759 3086
f 5210 5211 1728
f 2760 4896 2761
f 4409 2807 4792
f 2191 2190 6555
f 4663 4884 4662
f 6254 6253 2718
f 1336 2333 3687
f 274 5158 275
f 285 3767 994
f 3487 3083 2588
f 5824 5513 6648
f 565 4079 566
f 1037 121 4281
f 3894 3895 5372
f 5408 4112 2600
f 6269 6270 5842
f 2778 6333 2777
f 4501 4578 6628
f 1897 1354 5321
f 2807 3901 920
f 3742 5253 3743
f 1039 1405 1040
f 5165 4686 5164
f 287 286 2213
f 1095 4108 4391
f 1197 2897 6506
f 2800 3989 6391
f 5809 586 267
f 6616 3150 6358
f 167 166 6551
f 6504 1351 1463
f 4531 37 3626
f 5205 6484 5204
f 4266 3637 2391
f 2560 6631 2558
f 1876 6512 866
f 4746 4747 3707
f 3880 5009 6657
f 496 495 3212
f 5708 5746 805
f 6489 4209 4199
f 5376 5377 6524
f 721 557 3289
f 4028 1584 4264
f 4627 2476 4628
f 2094 6104 2351
f 5256 5258 6350
f 4836 4048 4835
f 4235 5288 646
f 3806 3808 6647
f 4315 907 2949
f 1408 1407 6522
f 1796 3806 5391
f 2854 2855 3039
f 2963 5145 1506
f 1020 4806 6534
f 4793 470 469
f 4106 4636 2219
f 5859 2846 3389
f 5034 2116 5415
f 2441 441 2442
f 482 3482 483
f 610 156 821
f 5088 2119 6033
f 4403 3075 4402
f 5515 5212 6138
f 4213 5389 3281
f 4151 1841 6300
f 970 5140 2037
f 4642 5216 5757
f 5176 3101 850
f 4453 5489 1805
f 5901 533 5902
f 1406 1484 5551
f 375 5744 6180
f 2111 1099 1221
f 1564 2079 6555
f 5601 5818 4012
f 4270 4677 131
f 5739 1651 4850
f 2441 4309 439
f 1998 2253 2000
f 3146 4834 3147
f 5542 6196 5540
f 1367 1368 6380
f 2280 3024 2281
f 3809 3314 2486
f 2652 2651 2198
f 3323 2720 3324
f 1810 2236 5089
f 3904 1575 4216
f 19 4609 5965
f 6511 342 341
f 537 3978 5181
f 2283 1618 6207
f 2948 456 6423
f 3005 5563 315
f 5048 4972 6213
f 2725 5618 2726
f 416 4548 3607
f 3991 5500 275
f 1655 5145 5144
f 5975 332 4418
f 2724 2414 3203
f 4510 3353 4509
f 1612 6092 5052
f 6107 2532 5681
f 2261 4752 3680
f 5758 5887 2460
f 5308 5890 1914
f 166 2532 6550
f 2213 6304 6303
f 4875 5919 6502
f 5704 455 453
f 1284 1285 6660
f 5068 2553 5425
f 3539 3552 2671
f 3889 3535 3534
f 1158 1157 6505
f 2091 6516 755
f 4328 4751 4329
f 2621 4299 2402
f 6398 1410 1409
f 5542 5541 6327
f 2171 3874 2170
f 2780 2822 618
f 2182 639 4454
f 6020 6138 6345
f 1763 1762 3420
f 1893 4076 1892
f 5549 3617 4159
f 6538 6507 6539
f 5822 1493 1491
f 561 4589 4264
f 5455 2758 5615
f 1790 1643 6320
f 2456 3332 1172
f 994 3767 992
f 4450 2664 6483
f 1441 4124 5026
f 2527 5346 2148
f 1015 4525 1014
f 4347 6428 5113
f 665 6047 26
f 6018 874 1531
f 1957 2252 2253
f 399 1553 1362
f 3304 5499 5978
f 3020 4687 3355
f 1859 2478 2479
f 3133 5184 3134
f 2748 4712 2746
f 2245 5593 3929
f 1440 6484 1502
f 3659 3658 4737
f 3965 4735 6245
f 2188 5631 1173
f 3046 3911 5841
f 220 6557 6144
f 5782 5781 551
f 902 904 5706
f 5932 6222 2802
f 6459 5922 4858
f 2788 3959 4763
f 3254 3703 3702
f 5526 3311 4413
f 3665 3664 6482
f 6543 3286 3470
f 859 6584 860
f 5404 5332 3538
f 643 5087 4067
f 512 875 6018
f 476 1673 3185
f 4794 4702 3424
f 1476 2233 6585
f 561 4225 2849
f 3453 4590 3595
f 5647 652 6326
f 6117 4460 3390
f 6391 6526 3293
f 5594 4888 5666
f 1692 179 178
f 4662 1065 1063
f 4094 5446 5503
f 3932 2409 2516
f 5032 351 5361
f 1285 1766 6660
f 1299 6400 4783
f 6450 1837 2809
f 6420 4625 6194
f 3631 5400 2954
f 5483 1611 1610
f 5152 4528 1839
f 1520 4961 1489
f 411 2696 412
f 162 1207 5733
f 5697 5253 1489
f 6183 5680 6182
f 2959 2960 2874
f 2362 3574 3572
f 5814 5957 4452
f 6361 6558 6362
f 3762 6446 3763
f 728 4854 1340
f 2996 907 6377
f 892 4119 124
f 5507 6297 5178
f 5078 3722 5457
f 949 951 1869
f 2022 3062 4990
f 2889 2888 4926
f 232 5389 5388
f 5083 4153 3673
f 2619 6192 2618
f 6379 6553 1013
f 1573 1200 727
f 1908 2410 90
f 6301 5143 2280
f 172 6439 6441
f 1720 5489 3855
f 1828 1558 4562
f 1988 3654 3652
f 1967 2403 2008
f 164 2205 5988
f 2466 2 3
f 6351 5951 3199
f 4396 6610 6106
f 6004 3029 5663
f 4431 3234 5718
f 3410 3409 6444
f 434 6073 3120
f 6602 31 5673
f 2365 2132 3954
f 5817 3412 4774
f 1781 5248 4179
f 5857 1741 1742
f 2911 1405 2394
f 3405 3406 6436
f 1963 2207 1160
f 3480 3428 3426
f 4583 2670 1251
f 6662 2894 5749
f 6096 1939 6578
f 53 3161 1904
f 4847 1544 4780
f 4224 4132 4223
f 1986 5436 4762
f 391 2602 2772
f 4133 4806 4807
f 5998 5819 944
f 4660 3209 6084
f 270 255 2083
f 4482 5701 6635
f 6399 6262 1082
f 2177 4072 4073
f 4959 2242 568
f 1744 6459 3586
f 2001 3354 6435
f 3131 3972 1359
f 3582 1933 6581
f 5548 5541 3324
f 4913 5642 1843
f 5494 5247 4656
f 6364 4629 2681
f 6649 881 4068
f 1685 3462 1684
f 1945 2812 6636
f 5509 6110 2704
f 3839 818 6422
f 2088 3368 347
f 3236 3235 4753
f 1731 4302 1730
f 281 282 3557
f 5259 6347 3622
f 5607 5410 5004
f 1548 1547 6642
f 6458 6168 5922
f 3437 339 338
f 4702 6464 4703
f 2792 5523 4123
f 770 5533 5339
f 1428 734 1429
f 6395 3465 6611
f 363 6205 6206
f 2002 4509 6132
f 6236 6039 1897
f 1486 6170 2136
f 1027 5838 4705
f 4397 4292 2201
f 5989 6045 622
f 2371 6007 2896
f 3210 6330 346
f 624 625 2181
f 4540 3437 781
f 4150 6259 2619
f 6341 6632 5666
f 2121 309 2122
f 2992 183 185
f 3310 2215 5674
f 5006 6658 6587
f 744 5019 743
f 4231 110 5454
f 6343 4299 5577
f 853 855 4723
f 6239 4668 1935
f 4226 5875 6350
f 4682 4973 4683
f 2070 2120 567
f 4129 1637 1636
f 6031 6197 6509
f 6150 5491 4412
f 3560 4121 3072
f 5582 609 6576
f 6608 73 74
f 6439 6490 6440
f 742 2234 4929
f 1188 1502 2657
f 4387 6042 5478
f 1734 1733 1688
f 3759 3760 4750
f 4662 1063 1965
f 4384 1864 1863
f 4587 2497 5792
f 2621 2402 2403
f 5574 6050 1008
f 3264 3829 3265
f 4848 4847 6590
f 445 3051 3050
f 2564 2566 3526
f 155 154 6308
f 3629 6125 6576
f 4183 5233 4184
f 2221 2220 4361
f 4477 2077 2076
f 5673 2031 3803
f 1553 399 6319
f 6543 6256 6607
f 1640 1096 2054
f 5869 3663 3728
f 4203 3031 4204
f 2259 5813 6664
f 4182 2352 1425
f 6056 835 5027
f 5440 5963 6536
f 4109 465 6190
f 1159 6663 976
f 2491 498 4129
f 5247 5494 2307
f 4617 1469 4029
f 2014 6256 6630
f 2869 5917 3914
f 4474 2455 433
f 456 2947 3142
f 5247 5170 4656
f 1381 1382 1932
f 6010 6011 1435
f 5496 6559 5168
f 2532 2531 6550
f 4072 2177 1307
f 4289 1976 1978
f 5490 6181 6633
f 1209 3329 1210
f 3284 1887 4822
f 1668 1593 6089
f 2598 3988 5450
f 4968 4473 4556
f 4086 6637 6617
f 6099 3588 6165
f 1065 4884 5743
f 4830 5943 5097
f 5920 6089 4928
f 6668 4082 2223
f 5348 1816 2960
f 961 1037 1036
f 1184 1185 6659
f 956 957 27
f 102 2982 3025
f 6185 1783 1784
f 2352 6045 1425
f 4719 4720 4404
f 4690 4688 6430
f 6108 318 3912
f 4654 3805 145
f 6599 2637 1224
f 6591 459 461
f 3369 6603 3370
f 3610 6365 3611
f 1210 6408 6275
f 2532 6107 2533
f 4200 440 5651
f 123 3525 3246
f 5012 885 1276
f 3482 977 975
f 3308 5434 3309
f 4909 2933 2934
f 5705 6504 1463
f 2189 5531 6669
f 6535 5624 5858
f 4439 4206 3521
f 6243 175 5991
f 4138 4765 5898
f 4645 1991 1990
f 4076 6283 4077
f 144 1630 5127
f 6181 5190 6633
f 6130 6038 5735
f 3772 3657 6376
f 368 2856 366
f 5512 3581 2266
f 1722 5466 1723
f 4508 4862 6087
f 5486 4606 4605
f 4090 6290 577
f 4589 561 2849
f 2827 6622 4181
f 6663 1912 976
f 6554 5038 6282
f 6060 1018 3628
f 3546 3545 1225
f 4102 2536 2534
f 1858 1857 3824
f 6224 2459 5696
f 3992 5234 3991
f 2656 3462 2657
f 119 632 631
f 201 5674 6
f 4168 4994 424
f 3727 3374 3373
f 4392 3475 833
f 5577 4345 28
f 5736 6402 4839
f 1848 5478 1847
f 2229 2231 4017
f 5623 115 116
f 6163 2714 6221
f 3895 4813 5372
f 6110 5497 1215
f 1818 2853 5771
f 2430 724 3873
f 6237 4460 6117
f 1353 5999 1354
f 246 4310 4085
f 1087 6561 76
f 1479 1595 1477
f 2466 2468 2412
f 4879 5807 942
f 6518 6051 6644
f 559 4265 6528
f 372 3637 6545
f 1717 2428 1716
f 6104 2803 3262
f 1700 5430 6659
f 5524 4641 407
f 2045 4415 4703
f 1514 3717 1515
f 5499 3346 6065
f 97 6594 96
f 6311 2679 6425
f 5059 5581 5010
f 846 844 519
f 1888 1380 1379
f 3089 6143 6661
f 5076 4059 6562
f 6660 1766 6126
f 3787 5621 4087
f 657 5044 117
f 488 2587 489
f 241 711 243
f 2297 4936 758
f 4238 4514 4239
f 621 4933 1397
f 2449 2448 6409
f 3407 3405 3457
f 2448 571 5177
f 4514 4513 4239
f 1917 3560 5173
f 4172 5799 4173
f 1061 2476 4627
f 1401 1400 4442
f 332 693 4418
f 3266 1291 1290
f 4327 6274 6356
f 5296 6187 5297
f 4306 4202 4812
f 2879 6143 3089
f 6009 766 765
f 587 601 602
f 1399 4208 4058
f 5375 3318 3167
f 3131 6071 3132
f 3014 2325 5522
f 6332 5519 4675
f 6637 736 6651
f 3493 5135 1928
f 5686 143 6626
f 827 4708 1494
f 372 4390 374
f 6198 4788 2624
f 4052 1094 6617
f 3419 2769 5926
f 2631 2592 5146
f 4777 2321 4775
f 5187 3661 5185
f 2249 2462 2250
f 4768 4767 3330
f 5748 3221 600
f 1914 1275 5308
f 2408 2092 2093
f 2129 4843 6175
f 3104 5867 1335
f 2296 2295 4072
f 2994 2739 6480
f 255 268 3357
f 98 3108 5850
f 1410 6398 1447
f 4835 4049 2465
f 635 312 6611
f 781 3437 1547
f 2432 5952 3993
f 2314 3112 725
f 2330 1471 3506
f 3489 4118 3155
f 6127 5747 3916
f 6283 5421 4077
f 4222 4965 5111
f 6178 422 420
f 4025 6256 4026
f 5519 6139 5347
f 4299 3949 5468
f 2642 2641 6093
f 4591 4105 6521
f 4655 5494 4656
f 4784 1299 4783
f 3510 1524 5047
f 5439 3998 5077
f 5678 5073 5762
f 2765 2766 4135
f 6617 1119 1121
f 6374 2099 105
f 3096 5912 3097
f 6019 2375 1319
f 661 2386 660
f 5953 6251 3432
f 2535 3592 4355
f 3799 2385 3800
f 3878 2195 3386
f 785 5033 786
f 5948 5947 6368
f 1771 1772 1522
f 5836 6080 3195
f 2378 5318 3962
f 5738 5968 5578
f 5518 5347 4334
f 3476 2239 2238
f 6383 6460 6384
f 3192 2342 2344
f 5021 6245 4735
f 6067 5231 613
f 2722 510 4525
f 6565 2383 5126
f 1564 1563 2078
f 3079 2105 2106
f 4607 5509 2704
f 4996 4164 5899
f 1549 6584 1513
f 4642 5154 5042
f 2194 6081 2192
f 835 833 5027
f 6316 4541 4539
f 570 569 2285
f 4554 4958 2914
f 5207 6515 3973
f 2678 1847 3171
f 6388 5392 6009
f 5953 6058 3199
f 913 5656 5745
f 314 4778 5330
f 4896 5902 4894
f 5009 6467 6657
f 6662 3846 2894
f 564 3313 562
f 5904 1984 6421
f 5518 4675 5519
f 5729 1599 2073
f 5199 5898 5564
f 89 87 6203
f 5182 2750 2749
f 3884 5406 3885
f 5145 2963 3736
f 2371 4026 6257
f 6504 5705 6447
f 2409 2410 6418
f 4351 2836 1022
f 165 2557 3969
f 6483 5722 6386
f 81 4544 1702
f 784 488 490
f 3912 3913 4392
f 6235 5630 6412
f 4239 5694 4240
f 2342 595 6121
f 3370 4751 3371
f 4283 641 2249
f 1089 4075 1565
f 6230 6113 2540
f 6666 5561 5892
f 5169 3341 6547
f 6375 6573 5071
f 434 3120 3119
f 6429 4398 6587
f 5377 4648 5742
f 6481 3270 6219
f 6370 521 6551
f 6422 818 5847
f 1061 4627 5571
f 2636 4376 5613
f 2601 4994 6230
f 2834 2596 6277
f 6273 2938 6498
f 4323 94 5900
f 4057 5588 2595
f 3723 4533 430
f 2715 1516 1480
f 2919 5427 2920
f 758 4936 6249
f 5506 3208 5093
f 1135 4494 4067
f 521 6370 6065
f 1320 1321 3615
f 1150 5949 3994
f 4756 1315 5056
f 4658 4337 3857
f 1147 5944 5431
f 415 414 5780
f 5614 3923 687
f 3041 4815 2589
f 6584 1549 6354
f 1361 6071 1359
f 5160 4782 1802
f 6307 2098 1955
f 5812 5065 6601
f 5433 5946 1992
f 2172 3236 2173
f 6645 2854 3039
f 1586 5272 1293
f 6246 509 3966
f 6312 6542 6442
f 3172 3599 4487
f 5129 4016 4502
f 6051 5327 6644
f 259 3989 2800
f 3527 2564 3526
f 6031 2276 5355
f 1680 2742 3393
f 6023 3412 5520
f 5701 5927 6635
f 3647 3649 1715
f 792 2958 3909
f 1385 3078 3077
f 6342 4113 6614
f 4218 5648 5650
f 5732 6423 6669
f 5311 78 5220
f 2669 1733 6564
f 4305 5312 1643
f 5099 3448 3447
f 557 556 2347
f 4979 2435 345
f 5767 36 4650
f 5937 3282 5020
f 2403 3387 2622
f 3737 6150 6417
f 214 215 5826
f 5118 681 680
f 730 728 2461
f 444 2649 2794
f 2452 4452 5426
f 4996 5899 4997
f 4098 4100 6557
f 882 1422 6274
f 5124 2053 889
f 3495 3496 4356
f 2526 4603 2987
f 2402 6343 1388
f 1698 981 983
f 5987 6520 6455
f 3354 1639 6435
f 542 541 1322
f 5585 1655 5144
f 709 6078 708
f 1094 1119 6617
f 1667 2020 3536
f 3749 5448 6317
f 6233 6097 5129
f 5445 4094 6538
f 548 3962 3070
f 3194 5250 6284
f 6399 2903 2902
f 5760 2485 6624
f 1867 5932 5357
f 5162 6000 6498
f 1916 1276 1274
f 5314 5010 936
f 6156 3822 6641
f 6234 4571 1294
f 2982 5827 3025
f 5020 1027 5936
f 656 4329 655
f 115 5018 3245
f 1167 1166 148
f 5408 4110 4112
f 3111 4819 5731
f 3783 6372 5247
f 3251 1759 2755
f 2191 5531 2189
f 6351 317 6619
f 3045 3252 2863
f 4021 4864 6524
f 904 6346 1695
f 2174 2467 4526
f 961 963 1037
f 5900 4034 5112
f 5791 2053 4808
f 1373 1372 1277
f 1094 4052 466
f 1422 880 4026
f 3512 3399 3398
f 1993 1311 6337
f 1021 6534 1443
f 4563 3494 6349
f 4559 3963 436
f 1879 3180 6371
f 5982 3248 993
f 6075 3087 3171
f 1141 264 829
f 912 5995 3074
f 6487 2567 1682
f 1140 6553 6379
f 3166 5328 6195
f 790 2900 5118
f 2077 6364 6324
f 5482 5951 6351
f 5653 6649 4068
f 3087 5719 6613
f 2346 5411 706
f 5611 5423 5863
f 3499 3497 6281
f 4548 1133 3607
f 2282 6301 2280
f 3157 3158 481
f 2644 3400 1751
f 1625 1624 3125
f 3451 5440 6536
f 6093 5280 6588
f 4064 3729 4065
f 954 4009 6612
f 3513 3631 2954
f 5267 6088 6638
f 5283 4701 4700
f 7 3351 9
f 700 4082 6668
f 5444 3103 3104
f 151 5120 1151
f 6060 4570 1017
f 1046 1298 1296
f 3073 1712 1112
f 3493 3492 5135
f 1423 4427 355
f 5184 1479 1478
f 952 3872 3744
f 609 5437 6576
f 2615 5847 6335
f 5955 3719 5283
f 6667 6109 6586
f 830 4090 3817
f 6593 5290 3675
f 2045 5979 4415
f 3604 4081 1131
f 5442 4348 6621
f 5141 6493 3325
f 1395 1396 6505
f 43 44 6542
f 1670 1598 1599
f 6201 2625 1935
f 1532 2965 1533
f 3352 3351 7
f 5807 243 942
f 2650 2652 5752
f 1891 2279 2186
f 1067 2276 4954
f 4364 4672 5923
f 2823 2553 841
f 1179 3475 4634
f 2750 5597 6176
f 1690 138 4622
f 5270 952 1910
f 4445 6387 5228
f 4500 1122 2059
f 3690 4029 3691
f 456 3142 457
f 2320 1412 5795
f 2485 5839 6624
f 6492 3503 297
f 6617 6637 6651
f 2538 6381 5972
f 6109 6667 3292
f 2144 5312 2964
f 2240 471 472
f 2278 3834 3187
f 1797 352 1795
f 3331 3434 1890
f 5275 3465 311
f 2909 5379 2747
f 4652 5188 3715
f 6286 4420 5691
f 6105 4981 6336
f 4800 1392 2181
f 293 294 6610
f 5489 4453 3780
f 5714 4214 5937
f 2274 535 4859
f 5235 6111 4036
f 3301 4819 3300
f 924 6154 6571
f 6596 3640 3641
f 5379 6666 2747
f 6506 2897 3633
f 6052 398 1631
f 3804 5589 1619
f 5874 3306 3307
f 1795 5928 1796
f 6412 5630 6544
f 2295 2294 5260
f 972 1272 970
f 4571 6242 3627
f 2153 5596 6665
f 4721 2315 6367
f 1064 5860 71
f 5406 3884 5106
f 6411 4040 6388
f 6597 5378 6310
f 2612 4588 308
f 5769 6244 3310
f 683 6040 5993
f 2552 2551 4878
f 3181 2515 6371
f 360 5998 361
f 5671 3108 4114
f 4176 2713 5875
f 4360 2164 4489
f 5589 5787 1619
f 3195 3196 6310
f 737 5688 736
f 5639 6309 5629
f 4407 4408 2316
f 4371 2439 337
f 5412 4277 4848
f 1911 2734 225
f 6414 6487 1682
f 5869 4451 3664
f 6463 5504 6041
f 2408 4519 4517
f 5404 3538 2020
f 2322 5251 1292
f 3406 576 6436
f 6558 5496 6362
f 6464 2045 4703
f 6183 5421 5420
f 3150 6616 3151
f 2481 134 3838
f 5513 5515 6648
f 1038 4586 245
f 5821 4009 6129
f 3283 4822 2824
f 4651 5789 5689
f 6340 6544 4006
f 6279 6114 5781
f 4409 1839 3900
f 1566 1529 5277
f 5698 4846 3321
f 4599 5523 2792
f 5705 347 6447
f 3977 3621 3978
f 3769 1881 3845
f 3272 2338 2339
f 5710 4127 5895
f 5293 5839 5594
f 4237 5562 5883
f 3676 720 722
f 1570 4199 4197
f 4315 4314 6377
f 3685 1045 2463
f 2742 3461 3393
f 3819 1952 3817
f 3821 3959 543
f 2601 6230 1326
f 1540 3555 3554
f 6089 5918 6654
f 3869 3871 5688
f 4644 2222 4463
f 5944 1147 2005
f 1801 477 1800
f 6340 6412 6544
f 2943 293 4549
f 1985 1986 4733
f 4330 5715 4328
f 4501 2937 4578
f 2217 5798 2215
f 4078 5299 6627
f 5390 1104 3394
f 5360 4000 1853
f 1736 2511 5001
f 5561 6666 5379
f 6597 982 4649
f 3259 6077 3720
f 3698 1714 1977
f 6655 4885 4927
f 4647 1540 1538
f 6575 2192 6081
f 3362 244 3363
f 5503 682 2754
f 5493 2492 3571
f 6441 6440 6558
f 830 831 5151
f 2979 4061 4062
f 1142 263 264
f 393 3523 126
f 5234 4898 4897
f 6348 2969 5892
f 1679 1104 1103
f 3629 6419 3630
f 3145 3051 446
f 5100 5143 3561
f 6461 204 203
f 2078 5101 3561
f 1483 1408 6522
f 2095 2350 2921
f 2965 1532 2144
f 2947 5796 4771
f 3335 3110 4984
f 5681 867 4396
f 4598 5911 3414
f 2769 1773 5926
f 2196 2195 3879
f 373 5956 3636
f 224 6260 854
f 4784 5208 3376
f 5460 5458 3137
f 558 3409 2447
f 2953 2548 3168
f 6652 1049 1561
f 3248 1789 993
f 4964 4323 5112
f 46 47 1744
f 6449 4983 6384
f 849 1711 848
f 4693 4692 6640
f 6584 859 1513
f 2606 5129 4502
f 4519 5852 5964
f 5491 6545 5492
f 3114 3115 3706
f 5656 5650 5745
f 6034 6033 1284
f 3175 1546 2183
f 4415 5979 4416
f 3841 3842 5950
f 6209 283 6208
f 1789 6606 993
f 5742 4648 64
f 5005 6592 3563
f 5569 3114 3705
f 4041 2771 3566
f 1457 6174 1459
f 2079 2191 6555
f 14 6267 6656
f 2908 6030 1717
f 4755 343 2435
f 6599 1226 4893
f 5937 4214 3282
f 3621 6023 3978
f 5921 6200 4858
f 767 5242 3402
f 1998 5626 5625
f 365 2653 5675
f 5423 6665 4331
f 1856 1808 2392
f 4944 4724 4723
f 565 5088 1610
f 4863 3671 2932
f 334 5721 523
f 2500 6519 378
f 4285 3061 3060
f 313 1505 4549
f 592 591 5387
f 5793 6051 398
f 902 2138 3699
f 303 3549 1779
f 2805 6486 69
f 935 3075 6427
f 2190 2189 458
f 4122 6552 1446
f 1424 6045 5016
f 4423 2525 2524
f 1605 1604 1054
f 6353 5855 4249
f 5338 4322 4895
f 291 1910 2384
f 3167 4977 5668
f 5562 5878 6160
f 5958 4104 6634
f 6467 5264 5915
f 4384 4857 1460
f 2846 62 3388
f 5947 4592 4075
f 5829 4963 5539
f 5054 2291 2293
f 3066 846 519
f 3716 5188 5689
f 6082 3787 3786
f 1252 1250 3712
f 5467 1726 4190
f 6079 6080 2043
f 1660 202 4043
f 4151 4247 1841
f 3377 3745 2292
f 1600 6169 3971
f 2828 5058 4001
f 2160 4837 3638
f 969 967 5608
f 3303 6525 3896
f 4894 532 4895
f 190 191 179
f 5059 5010 5314
f 3205 1570 1829
f 3600 5102 4485
f 3328 2267 5908
f 2677 2142 2141
f 3397 554 2851
f 84 86 5745
f 3940 5419 5104
f 1367 2991 3708
f 4759 5780 3483
f 384 2005 3343
f 1386 1821 1819
f 5749 3924 3922
f 5641 501 1262
f 4536 6011 203
f 6623 4202 1815
f 3920 1031 762
f 2954 2955 3513
f 5337 5914 6650
f 2260 2261 3680
f 2621 2403 2622
f 2416 6291 551
f 1163 841 1164
f 709 5081 2859
f 4806 4110 6534
f 3608 4820 4245
f 5626 6452 702
f 15 6656 6266
f 4630 130 131
f 1799 2536 1801
f 4300 1871 1024
f 5899 4163 6361
f 4165 4166 290
f 6403 1635 1637
f 4002 4003 6276
f 2073 5462 2074
f 1013 249 248
f 49 3971 6335
f 1025 6478 6476
f 3228 4852 3229
f 5642 1842 1843
f 6053 5142 3285
f 4099 4098 5399
f 3930 4054 3931
f 5154 3694 5042
f 2828 4233 1834
f 4141 1582 4897
f 2312 1200 1900
f 3148 1316 1314
f 5449 6021 4855
f 603 3811 5401
f 6073 3470 3120
f 302 304 2090
f 588 2981 589
f 2885 876 2795
f 2443 4335 4309
f 4789 6025 6455
f 5497 5508 5498
f 1102 5324 2821
f 3180 1880 5000
f 5039 2136 5040
f 764 1339 1765
f 5490 632 119
f 3653 3654 6406
f 6116 3902 5962
f 498 2966 4130
f 5605 1607 5386
f 923 6384 921
f 5065 6566 6601
f 764 1765 966
f 6452 2278 3187
f 2603 2605 4451
f 4775 5110 4776
f 1898 2500 1355
f 502 6014 1004
f 6605 501 3230
f 1521 2401 4582
f 1045 2673 2463
f 4321 133 4320
f 875 511 5317
f 5610 4097 5301
f 3578 3579 5510
f 5877 663 5808
f 6077 5284 5569
f 4854 5449 4855
f 5443 5444 1287
f 3183 838 1041
f 5747 1273 972
f 5956 5664 5395
f 3378 78 80
f 1718 829 4684
f 2742 1680 2434
f 2840 948 947
f 1845 1616 1615
f 6646 5795 5792
f 4847 5544 6590
f 6654 5058 1668
f 3795 3053 6227
f 3064 1231 5655
f 2551 5399 2890
f 15 966 6400
f 4242 4241 926
f 1791 4305 1790
f 5227 3486 5228
f 6230 4994 6128
f 1708 3351 1629
f 2931 2930 4575
f 4160 2623 4279
f 3350 3258 1232
f 4972 2669 6564
f 2802 6664 5934
f 3538 5331 3537
f 315 3982 5559
f 6123 3491 106
f 1514 804 5014
f 5847 49 6335
f 5493 3571 3271
f 6321 2526 1107
f 1482 2027 2029
f 6355 2951 3875
f 4069 881 882
f 3858 3860 1027
f 2673 1044 941
f 3326 6167 6378
f 3035 3037 3360
f 6623 4066 5751
f 5872 1491 6508
f 3211 3210 348
f 4256 683 6317
f 5732 5530 3601
f 4653 444 2795
f 6296 5193 5194
f 4525 510 4910
f 1594 5018 5019
f 2073 1599 92
f 5419 1739 5104
f 608 6654 5918
f 5433 1992 3317
f 5697 5092 6540
f 596 3733 5197
f 5065 5046 3458
f 624 3143 626
f 6404 285 284
f 4040 6411 3462
f 6344 2871 2873
f 6253 1090 1088
f 2314 2313 3112
f 1441 6292 4124
f 5848 43 6571
f 5247 6372 5170
f 2016 6119 5834
f 3628 1019 3643
f 4220 6032 5300
f 4285 6652 4380
f 1153 1154 199
f 4333 3709 2395
f 3005 3004 5563
f 5287 1780 3564
f 6232 6265 6525
f 4948 72 4022
f 1678 5318 1676
f 5392 3566 1796
f 5245 664 5877
f 2129 6175 1457
f 3789 3936 3790
f 5890 5308 5307
f 6478 6588 6476
f 5583 2751 2118
f 5392 5391 766
f 90 2410 91
f 4134 1277 1372
f 3806 1764 5391
f 624 2341 2919
f 3355 2591 3020
f 2838 4708 4223
f 44 2151 2616
f 6079 4208 1399
f 3794 3053 3795
f 5414 5882 5034
f 3214 3213 748
f 2955 2929 3512
f 1402 3706 1403
f 6543 6073 6074
f 6076 1280 6537
f 906 6325 905
f 1110 4116 3668
f 754 5159 2091
f 2321 2323 4775
f 6662 691 3846
f 2094 2096 5257
f 585 584 5305
f 398 6051 397
f 5489 3780 3855
f 4501 4015 2936
f 4521 5593 553
f 1006 1008 6005
f 3503 6517 4096
f 1521 2848 2400
f 3547 2185 2184
f 2096 4460 4459
f 5729 6435 1599
f 6446 3762 6245
f 3072 5916 1219
f 5619 2725 4346
f 4112 4111 3985
f 5209 4394 4393
f 43 6312 6571
f 1706 2926 1357
f 2500 1898 4921
f 2910 2529 4376
f 4310 5309 4085
f 5402 681 6028
f 6331 2293 2292
f 625 4800 2181
f 6560 5567 6649
f 3658 3657 2842
f 5746 1361 3886
f 3841 4338 421
f 1505 313 1504
f 1898 5091 2786
f 6273 6498 6334
f 5744 3666 6180
f 586 5883 5115
f 5566 3808 3807
f 6433 3297 457
f 5620 604 4343
f 6413 249 6553
f 4636 4911 4637
f 3253 1928 1863
f 3555 1540 4646
f 5628 3765 5627
f 3075 313 4402
f 3594 6219 6572
f 6275 5698 3321
f 87 4473 6203
f 2776 4429 4726
f 5002 5992 3983
f 6498 6000 6334
f 580 2071 2597
f 6078 709 2861
f 4917 4515 3442
f 4790 5028 2067
f 2864 5809 3906
f 500 1053 1798
f 3631 5994 5400
f 6569 2633 2645
f 4106 4911 4636
f 6663 1159 6194
f 1218 1220 5354
f 1467 2874 1816
f 4002 6276 3320
f 3389 3388 5098
f 5927 6577 6635
f 5199 6224 5898
f 192 194 288
f 5721 334 5685
f 1562 4378 4377
f 5055 5057 5935
f 3868 3801 3532
f 3435 3315 3313
f 3979 1999 2586
f 3434 5016 2745
f 4313 4707 4314
f 2759 3899 845
f 4009 5821 991
f 2912 677 2936
f 1522 2941 1523
f 3823 4714 4763
f 3124 5507 5178
f 5078 3334 2643
f 5553 2929 2955
f 2855 1983 3040
f 6496 6332 6333
f 5538 2617 2765
f 6604 6579 6595
f 3489 4886 6655
f 6248 1703 1704
f 6663 6194 6193
f 6109 2373 6434
f 6414 6531 6487
f 1729 1728 3186
f 2457 1172 5119
f 1711 2086 848
f 3334 4115 4114
f 5974 5343 4871
f 2117 3501 4955
f 3968 6246 3966
f 3613 2255 2039
f 5898 5897 5564
f 6465 6290 6241
f 6424 1864 4384
f 3737 372 5491
f 1833 1669 1668
f 3999 3217 3216
f 1603 6082 323
f 295 2154 5015
f 70 1452 5107
f 6541 4796 6272
f 4600 4918 6348
f 3340 6422 5587
f 5777 3577 6432
f 6430 3956 177
f 5201 1998 5625
f 4494 3069 4067
f 4685 2686 2685
f 1597 1115 386
f 1357 1356 1706
f 4348 5254 6621
f 6256 4025 6630
f 1503 1504 935
f 2204 2714 2203
f 1781 1782 5386
f 3274 6159 5181
f 6463 6040 4661
f 678 2133 2134
f 4721 6511 341
f 5360 5024 5530
f 2103 2102 5495
f 756 237 236
f 2997 2768 22
f 3170 3682 3681
f 2355 2356 2820
f 3494 4232 6349
f 3409 2810 2447
f 37 38 3856
f 4772 4766 3142
f 3863 3880 6657
f 6054 3967 3966
f 1625 6164 1623
f 3471 2018 2017
f 6548 5766 1819
f 2367 2255 2368
f 5065 3429 6566
f 591 2553 5387
f 6330 3679 5617
f 2831 3197 2830
f 1512 1603 322
f 3211 348 5539
f 1903 1904 3968
f 5346 6053 2148
f 3854 6517 3396
f 1984 1983 6421
f 2635 6484 5205
f 5481 3085 5479
f 1794 6499 3369
f 4034 4934 5112
f 2242 228 568
f 4481 1199 5700
f 4501 6628 4502
f 4180 3702 5246
f 2377 3963 4559
f 271 3575 3576
f 640 1392 2461
f 5068 5425 5069
f 2013 3285 2014
f 6517 3503 6322
f 4711 691 6662
f 6473 6270 6586
f 5075 2487 446
f 3531 1943 3320
f 2176 4988 3275
f 4692 4873 872
f 6357 2411 5866
f 2701 5672 1881
f 4726 4429 4727
f 2521 1244 2519
f 4937 5417 3678
f 4241 6154 926
f 4694 4059 4873
f 2715 5396 1516
f 2269 1885 3976
f 4043 4318 6349
f 3719 3584 4701
f 5436 3529 4762
f 5037 5036 5370
f 521 520 6551
f 4140 4142 4340
f 6526 1279 3293
f 6256 6543 6255
f 4148 4147 5025
f 675 5970 673
f 6039 5091 1898
f 2653 365 2654
f 1033 4664 6451
f 5310 2884 3338
f 2316 4408 2359
f 5417 3380 5864
f 5962 5976 5409
f 3713 184 3712
f 2068 2069 5845
f 538 5181 6159
f 6570 6196 1569
f 5230 1560 614
f 5436 916 3529
f 2364 4608 2665
f 468 3413 5570
f 1945 1944 2812
f 6044 2736 5195
f 3423 6645 5226
f 6557 2888 4098
f 3086 3085 2726
f 682 349 1228
f 4414 4215 5152
f 1660 4232 5232
f 3197 3198 2830
f 1201 2314 725
f 1972 1971 4835
f 2291 3377 2292
f 6583 3086 5759
f 3849 3850 1379
f 983 982 4778
f 664 663 5877
f 5839 2485 2484
f 261 1323 4267
f 4202 4306 3183
f 2303 4947 5061
f 5048 2667 2669
f 11 3337 1964
f 141 5477 142
f 1751 3400 5337
f 2949 907 905
f 6088 6618 6638
f 1939 6096 6218
f 2947 4772 3142
f 4059 6636 6562
f 4553 6542 44
f 3656 2635 5205
f 6515 5438 3973
f 6642 3765 3764
f 6478 2703 6588
f 5591 2107 6660
f 4668 2194 2193
f 1790 4529 1792
f 2104 3881 2537
f 6592 6121 595
f 2265 5427 5908
f 3704 4346 3402
f 6006 5302 5301
f 604 5189 2113
f 5686 6626 2496
f 930 4737 4739
f 6023 3620 4774
f 836 238 1589
f 4488 152 5983
f 4562 6658 5006
f 324 801 802
f 480 5062 5064
f 2606 6628 4905
f 4379 1059 6530
f 205 2611 206
f 3719 5955 3260
f 712 4297 713
f 110 5336 5454
f 5075 922 2486
f 6456 4097 4861
f 1544 4847 4849
f 136 7 137
f 4374 990 5820
f 3195 6080 2495
f 210 209 4432
f 6324 5349 1165
f 3998 3997 4107
f 2762 4934 4035
f 5349 5350 5893
f 2085 4158 2083
f 674 4982 5218
f 5634 4679 5431
f 728 729 4854
f 2559 2558 100
f 2283 6207 6606
f 2806 4792 2807
f 5007 6530 4137
f 6133 6216 6215
f 6286 4706 4420
f 6632 5594 5666
f 4883 6624 5292
f 4040 4041 3566
f 4905 6628 6627
f 5801 6608 5800
f 491 4543 6116
f 1291 3265 5841
f 5395 1889 455
f 2810 1837 6153
f 5528 6018 5529
f 6547 54 6397
f 1320 1676 3551
f 3301 2170 3995
f 6231 6185 1784
f 6408 5698 6275
f 2137 4013 5426
f 493 4048 491
f 6091 5214 5495
f 4628 3471 6549
f 1011 4369 2517
f 5558 4624 3005
f 3532 3801 1942
f 1488 1338 3686
f 3182 5133 2658
f 3114 3706 3705
f 383 3343 530
f 549 5767 1924
f 4012 902 5706
f 6512 5043 866
f 6215 5658 5657
f 4925 3758 3759
f 1656 418 1507
f 1269 4777 4776
f 5290 6278 3674
f 4242 6561 6618
f 5707 3048 3049
f 4693 394 396
f 5611 6181 5490
f 5825 1256 1113
f 2173 2468 2467
f 5536 5537 901
f 4455 1652 2902
f 3833 851 601
f 2443 5518 4334
f 5253 1490 1489
f 4884 1033 1034
f 6467 6532 5264
f 3829 6456 4901
f 3017 890 5558
f 4273 5934 6468
f 2828 4001 2827
f 5383 3692 6493
f 6658 5085 6429
f 4142 4436 4340
f 5271 5754 1563
f 447 2502 3676
f 5788 6209 6207
f 2375 6019 6131
f 6312 924 6571
f 445 5229 5815
f 139 761 2311
f 1644 4632 3976
f 5410 5607 2882
f 4457 3390 1485
f 2649 2336 4661
f 5768 6608 74
f 6035 6629 6177
f 3362 3361 5794
f 3989 5333 6526
f 5938 4602 3524
f 1967 3387 2403
f 915 5917 3936
f 2317 4572 4497
f 844 4691 517
f 4956 1665 2436
f 31 6602 32
f 1228 1227 6595
f 6163 654 1437
f 2740 1760 1758
f 5421 6184 4077
f 5293 6632 1484
f 3462 2656 5913
f 2774 2776 6471
f 6112 4035 4036
f 2302 1761 4947
f 5699 3526 2566
f 2637 5632 1224
f 4888 5174 5666
f 1539 1526 1538
f 852 6497 4247
f 5062 2585 5498
f 2064 2629 4490
f 4305 1643 1790
f 4181 2826 2827
f 5569 1333 1332
f 2830 1744 3586
f 3504 1576 1577
f 5523 4599 4598
f 6527 5719 6661
f 511 4653 5317
f 468 470 3411
f 6199 2625 6201
f 2675 4076 1893
f 3500 2818 2817
f 5627 3765 6642
f 1452 1139 1138
f 6397 53 3666
f 3428 3480 5223
f 1673 6578 3185
f 4751 2959 3371
f 405 1264 406
f 5463 5462 6084
f 1931 42 5998
f 3785 383 530
f 5935 5057 3077
f 1836 3840 1023
f 4639 636 2303
f 136 4538 1830
f 3980 5868 663
f 755 6516 1821
f 3002 6103 2539
f 5754 493 492
f 283 1732 5278
f 6347 6563 6214
f 5160 754 236
f 6415 2300 3997
f 6542 4496 6442
f 1234 2620 3174
f 6133 6115 6503
f 6028 5118 740
f 6520 4985 6454
f 5951 5953 3199
f 1419 1421 1390
f 6246 3968 3161
f 68 4332 4333
f 3064 4924 2729
f 5670 2563 626
f 4308 1114 1519
f 2369 310 2367
f 2647 2646 3229
f 1638 2054 1060
f 1311 3948 1310
f 5379 2909 3169
f 6401 5991 5990
f 2408 1690 4519
f 4597 4709 4598
f 518 2900 790
f 405 5973 4871
f 3556 5396 3557
f 5855 795 4249
f 4600 5122 4569
f 3814 2223 4092
f 1687 1734 1688
f 381 1185 382
f 954 6612 953
f 2659 1707 2426
f 1606 146 382
f 2107 6034 6660
f 3753 3916 169
f 5279 1860 2479
f 5582 6125 5945
f 5515 6138 6648
f 1199 1197 5700
f 2034 2327 2339
f 6326 652 6497
f 6012 1297 6564
f 2703 6094 6588
f 4163 6441 6361
f 149 148 5407
f 1493 6567 4953
f 4366 4886 5986
f 5311 697 78
f 6345 6138 3692
f 3482 975 483
f 2504 5599 5180
f 6495 6297 198
f 1861 871 1859
f 6619 6108 6573
f 4437 4436 4898
f 5371 978 980
f 3146 3148 1314
f 1405 1152 1151
f 1799 1800 3365
f 4328 2961 2959
f 5067 4838 2160
f 5709 3100 3441
f 3777 4568 3859
f 5256 893 6410
f 1729 5798 2217
f 4394 5782 3299
f 1518 2264 1754
f 2316 33 4407
f 4610 6290 4090
f 294 5261 6610
f 3700 4148 3699
f 418 5738 3718
f 2929 2928 3399
f 6559 2655 2654
f 4590 3596 3595
f 4160 2499 2623
f 3847 4472 6268
f 4853 4991 3023
f 5637 5813 895
f 317 318 6619
f 2327 5375 3167
f 4792 2806 67
f 6410 2258 6104
f 5828 967 4462
f 55 2097 3842
f 328 5250 3194
f 438 1826 1730
f 4359 5295 5646
f 4810 3404 5709
f 5840 3692 3691
f 5918 5919 4875
f 6480 1553 6319
f 2109 6137 2107
f 5071 834 5472
f 4147 5944 2004
f 418 417 1507
f 5401 5994 4343
f 3772 3152 5750
f 4338 420 421
f 4186 6338 2145
f 350 682 2354
f 4592 1528 4075
f 3607 1133 1132
f 5704 2392 455
f 2692 4788 6198
f 5048 3447 3449
f 5121 5248 4161
f 2608 1420 1237
f 470 6173 3411
f 3108 5671 1378
f 2812 5658 6636
f 3888 1439 2180
f 547 6130 5735
f 2265 3143 2920
f 6009 5392 766
f 3688 6643 1092
f 2833 3336 939
f 5684 5003 4111
f 2203 5063 4942
f 2801 2957 2859
f 6486 2805 790
f 6026 1617 4313
f 374 3519 373
f 3464 968 2309
f 3969 2150 1371
f 5702 1817 5348
f 4910 510 778
f 653 929 4056
f 1219 5916 4583
f 2715 1480 1482
f 1499 1501 1627
f 5076 873 4873
f 1007 2597 4363
f 6104 2094 6410
f 2694 2693 5139
f 2871 968 3669
f 3009 3662 5600
f 3863 6657 5822
f 1127 2590 3560
f 3691 4029 3323
f 5561 6348 5892
f 6262 6399 2902
f 4111 5003 3985
f 1696 65 1697
f 3830 3264 2798
f 951 3032 6546
f 2553 2823 5425
f 2008 1388 1386
f 2126 4401 2124
f 492 6116 5962
f 6629 4917 6177
f 1600 1500 6169
f 2306 3632 3059
f 3267 1524 3510
f 1484 1406 1408
f 4981 1701 6336
f 5479 1649 1978
f 2376 4717 2378
f 4962 3770 4963
f 6645 6523 5226
f 5422 3861 5061
f 5340 2992 23
f 3112 3111 5731
f 4003 1211 6276
f 316 1342 1341
f 1300 1299 3376
f 1119 1124 1120
f 454 6205 453
f 5804 6176 5805
f 568 3782 3641
f 2385 504 3505
f 6490 2655 6440
f 1722 3363 4992
f 3287 2652 2198
f 3783 2308 1472
f 575 3215 695
f 133 132 4312
f 1706 2891 2926
f 4459 4458 6565
f 1524 2422 5047
f 269 1294 3627
f 4671 6157 4669
f 6269 1742 2471
f 816 817 6641
f 6200 5921 6358
f 5318 2378 3550
f 1308 2296 1307
f 99 3372 5410
f 1979 1981 5845
f 6253 1088 2718
f 3108 3110 4114
f 1799 3365 6417
f 3640 4743 5879
f 2326 2993 3521
f 5730 6339 1472
f 3835 1755 2263
f 6609 2277 5925
f 360 362 2475
f 4352 5525 2179
f 1016 4522 6101
f 5665 4579 6369
f 1185 1700 6659
f 3549 3696 3547
f 5225 4575 2930
f 6320 1641 5103
f 1860 5279 2424
f 555 553 4447
f 4952 2979 4767
f 230 229 1551
f 2736 6044 5038
f 2961 4328 5715
f 4104 4105 6634
f 4265 5208 6528
f 95 93 5648
f 4742 6369 5546
f 4752 999 3680
f 4664 6315 6451
f 5537 4545 901
f 4935 5111 4965
f 6592 5195 3563
f 566 4078 5665
f 2071 4363 2597
f 1604 1606 6189
f 5048 3667 4498
f 2519 522 2520
f 2232 5622 6585
f 2028 3996 2951
f 4060 4694 4693
f 5931 5971 237
f 4207 1635 6403
f 6520 2901 2903
f 795 1240 1318
f 3262 2803 1865
f 1536 6466 2541
f 5584 3131 3961
f 3440 2356 6064
f 138 2311 6328
f 4542 2273 2962
f 3445 2120 2988
f 2760 5756 5902
f 6470 2226 5640
f 4010 1556 1555
f 5771 824 1052
f 565 5299 4079
f 1806 1808 1858
f 4389 1849 6448
f 3081 1016 1014
f 1097 3347 5897
f 4737 5737 6352
f 2200 5275 2228
f 2143 5835 6258
f 5378 4648 5377
f 5018 5137 3245
f 6134 5643 6471
f 3467 6518 6644
f 725 3112 2804
f 185 184 5630
f 2346 3289 2347
f 2218 5810 958
f 5227 5226 6523
f 3977 6090 4607
f 5410 3372 5004
f 329 3008 2883
f 4485 5102 6186
f 5400 4916 2954
f 4529 4551 6038
f 4891 3802 4184
f 2106 5857 4507
f 4963 3770 3211
f 5996 2390 3495
f 1962 2207 1963
f 3751 2877 4620
f 571 573 2525
f 6287 5207 5880
f 4503 6556 3953
f 3380 3381 5864
f 4904 1344 1345
f 1493 5823 6567
f 2021 3898 3897
f 925 1261 76
f 4581 2717 3433
f 260 2397 5450
f 1651 5739 1126
f 3848 6342 6614
f 4851 1650 5533
f 4562 5085 6658
f 5687 1763 4405
f 3837 5255 3838
f 3889 6373 4990
f 4985 4984 6454
f 817 3352 6641
f 6410 893 2258
f 6139 6496 5142
f 5547 5546 1156
f 5255 4987 5369
f 13 15 6400
f 4376 4375 5613
f 3068 2873 2613
f 176 2628 2627
f 2233 2232 6585
f 5108 2123 6413
f 2343 6121 461
f 776 5166 454
f 227 2242 1192
f 6414 1682 4706
f 2327 2033 1108
f 4470 5196 5774
f 301 4195 1434
f 411 3894 2696
f 3422 1462 1461
f 4867 4486 5616
f 50 49 818
f 5560 299 297
f 1461 4717 2376
f 2607 1521 276
f 2045 6464 2046
f 5074 1347 4739
f 4510 4845 1098
f 6467 5823 6657
f 4477 4303 6364
f 2169 2628 2763
f 1050 4155 1052
f 6365 780 4406
f 1658 1657 5583
f 5437 6514 6576
f 4510 4508 5368
f 3384 3382 6491
f 5933 1419 1390
f 2666 5789 4651
f 6068 5506 5093
f 86 913 5745
f 5355 6609 5801
f 3917 605 4802
f 1817 2852 1818
f 6507 5742 6539
f 4099 5720 4100
f 1046 3297 1298
f 1841 4247 4056
f 5779 6432 6434
f 38 763 3856
f 6394 6190 4551
f 6580 5558 5559
f 4675 5518 2442
f 6249 4936 6085
f 3168 1058 5552
f 1676 5318 3550
f 1735 6012 1733
f 6267 6266 6656
f 5363 3452 2163
f 5274 216 214
f 752 4937 2602
f 5532 4372 5024
f 2798 6006 3830
f 3697 3696 1542
f 1745 1503 934
f 2728 4236 529
f 736 5688 5785
f 6226 3041 3040
f 5091 4960 2784
f 1233 487 486
f 1635 4207 3534
f 1286 5444 1334
f 2847 5894 6311
f 1987 1988 3652
f 4458 2383 6565
f 770 6155 5533
f 6620 1965 823
f 2276 2277 5355
f 4596 4113 4115
f 6497 652 653
f 235 237 3184
f 5442 6621 4877
f 1299 13 6400
f 745 2856 368
f 5671 6342 3849
f 5349 2681 4046
f 4048 4049 4835
f 5917 915 3914
f 3884 3972 5106
f 3332 2456 5185
f 5300 5302 6426
f 3417 2898 5087
f 4461 6655 4927
f 448 5160 1802
f 1906 224 1907
f 6537 5063 6076
f 3369 3371 1794
f 2859 2957 2860
f 2966 2270 4130
f 3249 2387 2388
f 577 6465 578
f 4491 88 89
f 5290 6593 4430
f 5995 912 1543
f 4089 4762 4088
f 1571 5542 6327
f 3061 4285 3545
f 2268 2967 4169
f 4184 3802 544
f 4698 5953 3432
f 6643 3688 6279
f 2982 2808 5350
f 4105 4527 6521
f 5046 5560 3458
f 3437 4540 3438
f 3096 3098 6424
f 4403 3589 6427
f 2297 758 2507
f 6440 6559 6558
f 6519 2010 2011
f 54 364 6206
f 3418 5363 4360
f 4542 4554 2914
f 3087 6075 3088
f 2762 6329 4934
f 6076 5063 2714
f 124 123 3246
f 4935 4903 5111
f 1051 4042 1050
f 5415 2116 2118
f 6478 3276 2703
f 1912 225 6501
f 2379 1661 6622
f 4552 2616 5538
f 57 1899 1171
f 6269 5857 1742
f 1573 727 459
f 6050 4373 5773
f 3463 3462 1685
f 1665 4956 1666
f 770 5340 771
f 4301 5895 4128
f 4427 3434 3331
f 5216 4642 5041
f 3849 6342 3848
f 6640 3632 394
f 6561 1087 6618
f 669 5398 6306
f 2467 2174 2173
f 4953 6567 5859
f 6038 6191 6037
f 5902 533 4894
f 1904 3161 3968
f 5299 4905 6627
f 4415 4417 4703
f 5218 4941 4943
f 6579 6141 6595
f 6530 4139 4137
f 4602 5966 3524
f 4084 4083 4821
f 6457 2592 2593
f 5427 2265 2920
f 2014 3286 6607
f 3481 6420 6194
f 5233 4183 6594
f 608 5058 6654
f 143 142 6626
f 2743 2744 2149
f 369 6155 370
f 958 6345 959
f 2300 1882 4107
f 1088 1566 5277
f 3565 5526 4413
f 126 1257 392
f 6066 6370 1306
f 3449 3667 5048
f 5418 3478 3426
f 3372 5224 5004
f 4672 4364 2071
f 2817 4310 246
f 5080 1648 3086
f 547 548 3070
f 2357 2358 3780
f 2626 1936 2625
f 2404 556 2405
f 3654 5441 6406
f 2485 4787 4786
f 4839 1782 1258
f 1870 4271 6490
f 4435 6165 4436
f 2884 2212 735
f 6653 911 1882
f 6353 4069 4970
f 5846 6271 6439
f 1392 730 2461
f 3725 3724 4017
f 6058 4147 6152
f 1772 1773 5774
f 754 756 236
f 2731 4043 202
f 6507 6538 6179
f 6573 834 5071
f 5541 5548 6327
f 2266 2267 6378
f 1999 2000 2586
f 6354 5659 1474
f 6130 3071 6416
f 704 5211 4744
f 5346 2527 2528
f 3636 5395 2391
f 4388 4389 5961
f 1234 600 601
f 6207 6208 6606
f 133 4321 4194
f 5982 1223 2387
f 6090 675 5509
f 5546 2935 1156
f 6092 1612 1614
f 177 5646 6430
f 724 2431 3857
f 4467 5545 3544
f 2837 5969 1020
f 1825 1732 1730
f 5302 2797 6426
f 6241 6158 6407
f 4650 2009 1819
f 2827 606 2379
f 1464 4009 3490
f 5397 6172 4251
f 6082 5158 323
f 5805 5881 5414
f 4679 4680 5431
f 5045 5066 6022
f 1056 4748 1057
f 4282 3023 3022
f 4513 4917 6629
f 6625 2274 6193
f 5729 2003 6435
f 6555 3685 4378
f 5297 6217 3610
f 4015 2912 2936
f 4548 5326 1133
f 3827 1625 5891
f 6014 661 659
f 4552 5538 4136
f 5626 702 5858
f 6430 4688 3956
f 6603 4611 3370
f 3588 4340 6165
f 4834 5502 5501
f 4349 4171 6070
f 4693 6640 394
f 1187 1440 1502
f 1256 3687 390
f 1940 862 1438
f 1976 4289 3698
f 5555 4930 4931
f 6548 1820 5298
f 4893 4210 6599
f 3509 307 5172
f 3670 6479 6221
f 5388 4092 4093
f 1736 5001 282
f 3209 4659 3668
f 2592 6457 5146
f 4161 1781 5386
f 5692 6414 6286
f 4380 6652 5252
f 5018 115 5017
f 3960 1861 1047
f 6502 2676 607
f 5096 6570 3205
f 4919 5859 3389
f 2218 2445 5810
f 3581 1933 3582
f 6293 4280 6059
f 5809 5883 586
f 4838 4884 4837
f 4775 1383 5110
f 2568 4496 1683
f 6103 2058 6381
f 6541 6272 3478
f 3613 2039 2041
f 6428 1266 5113
f 892 3247 891
f 1817 6315 2852
f 3851 2593 746
f 6054 3552 3967
f 3822 6156 4198
f 2353 4182 4010
f 3178 6007 6074
f 5123 1084 4803
f 6231 6017 5362
f 5740 732 4294
f 1084 3400 2543
f 6174 5488 1459
f 5971 28 3184
f 4911 2878 4637
f 6049 5750 5751
f 1540 3554 1539
f 4859 6533 4167
f 4163 172 6441
f 3676 6383 447
f 6565 5126 5125
f 944 397 945
f 4075 2438 6368
f 5047 4298 3958
f 6456 3829 4097
f 6055 4594 5473
f 5378 6597 4649
f 4728 6134 4726
f 65 4620 66
f 3355 887 3356
f 1295 1587 1293
f 815 2990 4192
f 3568 3567 668
f 2869 3914 3296
f 5593 4521 3929
f 6012 1735 2158
f 4908 5157 4863
f 2020 5784 2021
f 3003 891 5306
f 2143 5312 2144
f 292 293 2943
f 4193 2659 145
f 3316 2488 6334
f 5239 5240 5975
f 5207 6287 6515
f 5996 3495 4356
f 6552 4122 6647
f 5417 5864 3678
f 3692 5840 6493
f 2893 4610 5151
f 6460 6383 722
f 108 95 4217
f 4719 6244 216
f 6273 2488 1001
f 3840 3619 1025
f 6211 5806 5287
f 3677 294 5935
f 6487 4047 2567
f 2135 3898 514
f 3883 141 6408
f 5551 6341 6376
f 496 5938 6298
f 6464 4702 3713
f 6493 5840 3325
f 3358 3357 3628
f 5345 1696 6021
f 3079 1170 2105
f 1531 5529 6018
f 3041 6645 3039
f 3474 1180 324
f 5868 4441 5808
f 6574 5521 6482
f 4233 2828 2826
f 41 42 5512
f 1075 2348 793
f 3554 619 1525
f 6168 6616 5922
f 2900 2677 2141
f 5181 6023 5520
f 4558 1253 1255
f 736 5785 6651
f 1024 1871 1835
f 2690 3135 5042
f 3027 4145 4143
f 4768 6280 4769
f 6577 1426 6615
f 5699 2609 4432
f 887 885 5012
f 6367 2509 2508
f 1105 3570 1106
f 3362 5794 1039
f 508 778 510
f 3311 5526 3515
f 5396 1518 1516
f 4227 4226 5125
f 4784 560 6528
f 6300 6140 4152
f 6392 4435 4437
f 442 511 4740
f 4859 6113 6533
f 2625 1936 1935
f 1972 4835 2465
f 2546 471 2240
f 5895 4127 4128
f 3115 5285 4003
f 5997 4357 6541
f 1956 839 3630
f 4455 2901 5986
f 5134 5777 5135
f 3270 4594 6055
f 98 5850 2709
f 3474 324 326
f 4019 6579 4532
f 2313 6185 3784
f 5914 3591 6650
f 387 388 130
f 5588 5585 6277
f 1407 1413 6522
f 1989 4781 3257
f 5397 1442 6475
f 4539 4540 779
f 5566 6151 3808
f 5875 5256 6350
f 4844 2127 6177
f 6020 5824 6648
f 3814 4092 3812
f 4713 949 1869
f 4961 5697 1489
f 6483 2664 5722
f 4061 141 3883
f 3925 3378 4446
f 4105 4591 6634
f 3197 908 5477
f 3876 2170 3874
f 6262 4813 1082
f 2096 4459 5257
f 1440 738 5204
f 2927 101 5249
f 3540 5215 3542
f 644 3068 2613
f 5805 6176 5116
f 5724 6059 1101
f 5755 2760 2762
f 6304 5838 1028
f 3640 6596 1874
f 4449 1927 671
f 4054 3930 5592
f 4677 6510 4630
f 5385 584 3042
f 5799 6263 590
f 3862 1997 6175
f 307 3509 4077
f 4669 6390 3293
f 450 2093 5159
f 2138 2139 3700
f 6292 1441 1208
f 6305 277 6192
f 5265 5430 6601
f 3679 6330 3680
f 6387 5722 5226
f 4021 6524 6179
f 2529 331 330
f 6266 1684 765
f 5968 2044 5967
f 1766 1767 6126
f 2178 4358 2179
f 5978 6232 6525
f 4418 693 4419
f 6566 5265 6601
f 5502 4834 3146
f 4850 1651 4851
f 5653 6560 6649
f 6190 5959 6191
f 5150 2733 4167
f 3388 62 4830
f 1597 387 4630
f 4963 3211 5539
f 4205 5694 3879
f 6161 5315 937
f 5958 4986 6494
f 3565 5527 5526
f 116 1527 6360
f 1141 1142 264
f 499 1274 497
f 3210 346 348
f 4081 3604 3603
f 4495 4852 3228
f 4880 5602 6318
f 6112 155 6308
f 1031 3856 762
f 3945 4677 4270
f 4152 5832 6305
f 6457 4471 88
f 585 5405 5406
f 967 3464 4462
f 6154 3927 6571
f 1418 5867 3104
f 5351 4718 4716
f 1891 2186 2188
f 228 3782 568
f 3150 5138 6358
f 5002 4902 5992
f 584 6124 5305
f 1370 1876 1878
f 3040 1983 3204
f 5055 292 4756
f 1230 1229 5223
f 3315 6028 739
f 5193 234 6223
f 5356 1391 6013
f 4356 3496 864
f 319 3785 2030
f 4791 48 4824
f 6291 2416 2415
f 1526 1409 1214
f 6217 4539 779
f 3962 548 3963
f 4109 6190 6394
f 3701 5896 1958
f 3539 2671 1635
f 1623 199 1624
f 2026 2025 2198
f 5374 2049 2747
f 3353 3354 2001
f 1733 6012 6564
f 5182 651 5597
f 6138 6020 6648
f 6435 1639 1599
f 582 580 2597
f 3808 6552 6647
f 1252 3712 6639
f 6385 4893 6540
f 6016 5147 4640
f 5959 6037 6191
f 5725 59 3019
f 83 3194 2155
f 4568 5714 3860
f 2630 3250 6443
f 153 3038 154
f 3455 4054 3453
f 2736 5038 6171
f 1011 4230 4369
f 3566 1797 1796
f 2785 2984 4631
f 6563 5658 6215
f 5795 1412 4587
f 5174 5667 5666
f 990 4374 3473
f 4459 5258 5257
f 4282 3022 5495
f 2972 2973 4507
f 6404 3201 3217
f 3084 1645 329
f 5910 1184 5267
f 2114 3611 2115
f 4497 4939 2317
f 3505 3987 3800
f 5859 452 2846
f 3648 1921 3649
f 2561 2885 5511
f 3053 525 6500
f 448 5161 5160
f 1265 6431 5794
f 487 1233 6282
f 5545 5640 3544
f 2183 2185 3175
f 6491 2758 5455
f 2383 1032 6451
f 646 1146 647
f 2323 5528 4775
f 2109 2455 6137
f 5628 2156 3765
f 5417 751 4520
f 3393 4211 3394
f 5327 635 6644
f 3053 6500 6227
f 2203 2714 5063
f 5835 6203 6258
f 4924 4573 2729
f 5235 4036 6488
f 4026 6256 6257
f 5352 5779 6131
f 1406 3154 1407
f 142 909 6646
f 4411 3158 3156
f 3832 6326 852
f 4594 5762 5473
f 5488 2007 658
f 6290 6158 6241
f 5906 2530 6002
f 6085 5456 5463
f 2824 1708 1629
f 5783 1350 4769
f 3237 6293 4022
f 154 3038 2660
f 6551 520 167
f 1014 4525 4868
f 2896 6007 6008
f 6068 5093 516
f 782 6314 6368
f 4856 1255 358
f 4229 6119 2016
f 2088 347 5705
f 5810 6020 958
f 3937 5985 3938
f 686 192 288
f 2033 3948 1108
f 5593 4447 553
f 5649 4965 826
f 2678 5983 1849
f 5688 3871 5785
f 1997 6174 6175
f 816 3822 543
f 3939 30 6401
f 5777 6432 5779
f 3083 6645 3041
f 6073 6543 3470
f 1154 1155 1329
f 5503 2754 2752
f 2470 3144 3149
f 2065 402 3250
f 4556 4473 4472
f 2867 2868 1557
f 4535 4250 5238
f 686 837 810
f 474 462 3851
f 4929 2234 478
f 5513 4166 1331
f 801 5413 800
f 5744 6397 3666
f 6608 5768 5800
f 5496 5060 6362
f 5366 3906 266
f 3467 6644 6611
f 2989 2120 2070
f 2877 4619 4620
f 5282 4080 3326
f 4587 4461 4927
f 2484 2165 4888
f 4159 4160 4279
f 4664 6620 2852
f 5336 3384 5454
f 4893 3743 6540
f 5763 3305 3511
f 162 5733 163
f 3898 4307 515
f 3347 4845 2035
f 1273 1272 972
f 4699 5765 5766
f 6514 5437 5438
f 6643 6278 1093
f 2880 6239 5269
f 4819 4818 5731
f 6144 6143 2879
f 3901 2759 920
f 2648 1974 1975
f 629 3387 186
f 1748 1750 4343
f 2569 6162 263
f 4989 3889 4990
f 5402 679 681
f 1067 1068 4920
f 2707 5862 2706
f 5293 1484 1483
f 1475 2932 1431
f 3265 3829 4901
f 4412 2584 4410
f 3853 3459 4096
f 2592 5903 746
f 4530 6320 4550
f 2913 752 2602
f 6532 5262 5264
f 4413 2542 5286
f 2731 202 204
f 45 2151 44
f 2770 4470 5774
f 2220 2222 4644
f 157 3132 6071
f 3812 4092 5388
f 5115 5881 5805
f 6222 2803 2802
f 2602 4937 2772
f 4886 1653 5986
f 6129 3957 3956
f 5092 5091 6039
f 1354 1736 5321
f 6292 5219 4982
f 159 111 161
f 4063 5121 4162
f 6276 6275 3321
f 5036 6363 5370
f 1030 4581 3625
f 5658 6563 6636
f 1721 3361 1722
f 5335 3795 6227
f 5231 614 613
f 2453 2893 2895
f 2409 3932 4660
f 3726 2833 939
f 2961 4177 5348
f 4113 4595 6614
f 4940 3575 6062
f 1918 2899 1919
f 1547 3477 6642
f 2354 5505 6064
f 5475 4381 4
f 4735 4480 5021
f 3139 3530 3149
f 6157 6390 4669
f 405 4871 1264
f 6373 5332 5404
f 4283 6124 4284
f 3867 3322 4846
f 372 373 3637
f 3352 136 6641
f 3989 6526 6391
f 3154 5737 2210
f 5969 4807 1020
f 1798 1053 1055
f 6495 2448 6297
f 1981 2068 5845
f 3497 5053 6281
f 2986 896 6494
f 78 697 79
f 4821 5029 4093
f 1250 5576 3713
f 6023 5181 3978
f 4398 6420 3481
f 2963 2273 3736
f 5029 6223 6295
f 4752 1000 999
f 2034 2340 2032
f 4436 6165 4340
f 5668 4304 3272
f 4832 2077 5741
f 4881 5295 4493
f 6480 2739 4882
f 2446 4638 2444
f 1221 1222 2110
f 1652 1654 5372
f 3062 3063 3507
f 5826 4601 4569
f 982 6597 5874
f 5189 5620 5190
f 5501 933 811
f 5934 5932 2802
f 6609 5925 73
f 3488 3155 2210
f 4822 1887 4823
f 2537 2538 4764
f 3981 5976 5962
f 3066 789 919
f 6055 6056 6572
f 3196 6597 6310
f 2797 5043 6426
f 72 5924 4023
f 2386 2575 660
f 2361 2480 6204
f 2730 1050 2731
f 2686 2390 5996
f 1943 3531 1942
f 6640 4805 3059
f 4643 5331 6026
f 6040 685 4661
f 1704 5052 6248
f 5338 4194 4321
f 2184 4276 3548
f 5184 3133 1479
f 5717 5716 677
f 3903 901 899
f 5127 1630 6188
f 3141 5099 457
f 1125 1651 1126
f 1001 4997 1002
f 2997 2998 5451
f 1587 599 1430
f 4786 5138 3793
f 4924 5772 4573
f 5901 4865 2662
f 6044 4470 4468
f 5857 5842 4506
f 3161 3162 2146
f 6591 6121 6592
f 3782 578 3641
f 5537 1834 4233
f 5783 5782 1349
f 6130 6416 6038
f 5865 4820 3608
f 1937 4390 3737
f 3581 2265 2266
f 5742 66 6539
f 5177 571 2525
f 1591 4499 6105
f 152 5802 6029
f 5189 604 5620
f 3108 4811 5850
f 2823 2822 2780
f 1220 6639 5354
f 1197 5451 5700
f 1346 4757 701
f 900 4686 5165
f 1851 4037 6166
f 112 6042 113
f 2468 2173 2639
f 4100 6142 6557
f 5285 710 711
f 5829 2987 4963
f 6618 5910 6638
f 5722 6387 6386
f 2956 5854 1941
f 3002 5984 6103
f 3644 3163 2899
f 6360 1527 5156
f 3137 6198 5460
f 3133 2906 4478
f 4250 4535 2237
f 4517 4518 4700
f 492 491 6116
f 3520 5589 2530
f 3495 4545 3494
f 4351 4350 1961
f 668 669 6306
f 738 736 6637
f 4581 3433 3626
f 3804 6002 5589
f 6093 2641 3825
f 4243 1099 2111
f 4522 667 6100
f 5956 5395 3636
f 420 2499 918
f 1546 4278 2183
f 6247 1751 5337
f 6341 3771 6376
f 3659 4737 6352
f 5585 3336 6277
f 5722 3403 5226
f 4995 5150 6128
f 428 427 3598
f 1198 2897 1197
f 1701 690 6336
f 5697 4960 5092
f 4076 3509 1892
f 6636 6563 6562
f 4856 4558 1255
f 5813 894 895
f 4031 4030 4189
f 6488 194 5235
f 1838 2991 6380
f 327 1702 230
f 3810 5032 5167
f 874 876 6302
f 1227 6604 6595
f 1171 949 4713
f 4674 4482 6635
f 6384 923 6382
f 4782 5160 236
f 5615 4231 5455
f 3696 4993 1542
f 2431 1131 4657
f 6072 4699 4701
f 3307 3010 5682
f 205 6604 2611
f 4173 1805 1719
f 4566 6444 558
f 2546 842 102
f 5423 5424 5863
f 814 6122 3226
f 1017 5380 3624
f 4511 1600 3971
f 1837 3900 1839
f 4898 5234 4437
f 4625 6420 1286
f 6495 198 200
f 2383 6451 5126
f 984 877 879
f 3773 3152 3772
f 4793 1994 1993
f 19 4073 2295
f 5965 3348 4443
f 5001 1077 1076
f 2325 4206 5522
f 6458 6335 6168
f 5303 6547 6397
f 1009 5039 4229
f 5682 5330 4778
f 6305 6192 6259
f 5832 278 6305
f 6499 6461 3369
f 5338 532 2697
f 1637 4130 6403
f 2635 3774 6484
f 2380 6600 6076
f 6533 5150 4167
f 966 965 6400
f 3335 4985 2544
f 6293 3237 3239
f 3331 1890 3332
f 3810 2610 5032
f 1070 1706 1260
f 4608 2362 6468
f 1866 4434 5447
f 5890 6118 5843
f 6239 5322 5269
f 4561 4562 5006
f 2326 2995 2993
f 2387 1223 1221
f 5619 3704 5723
f 4463 3035 3392
f 554 3379 553
f 3165 6531 4462
f 3869 6402 3870
f 2655 6559 6440
f 3405 3926 3457
f 5413 759 757
f 4725 5878 5562
f 2655 4271 2653
f 4249 2246 6353
f 4030 2626 5467
f 6115 3175 6503
f 3837 2986 6494
f 4472 4471 6268
f 3591 5481 5480
f 5240 4135 5975
f 4591 5486 6634
f 3669 968 969
f 2879 3089 3088
f 1673 2234 2233
f 4759 4812 4757
f 4983 921 6384
f 1334 5444 3104
f 3683 2682 4303
f 4616 527 3936
f 803 2615 6335
f 1324 2366 1325
f 5294 3622 4038
f 834 6108 833
f 1328 117 1327
f 1568 5361 351
f 429 5148 430
f 4638 5244 2444
f 2990 2989 4192
f 6516 1820 1821
f 1590 1591 6336
f 346 6447 347
f 4807 4132 4133
f 4989 3738 4286
f 3622 6347 4038
f 248 5236 1012
f 14 13 1300
f 2641 1858 3825
f 3921 956 27
f 5787 5589 5471
f 5693 5506 6068
f 1979 4742 2417
f 6443 3250 5654
f 4228 1321 1319
f 5190 6513 6633
f 6147 4527 6148
f 3065 5865 3608
f 2051 4552 4136
f 4403 4547 3589
f 3973 5438 822
f 5023 3601 5024
f 5448 4187 6317
f 4110 4806 5684
f 6347 5259 6562
f 3465 3467 6611
f 5995 4993 302
f 1192 2026 2199
f 6238 2056 2976
f 6401 6243 5991
f 4986 4987 6494
f 3354 1640 1639
f 2277 1067 5925
f 6205 363 4127
f 3722 3721 5457
f 1484 6632 6341
f 1151 1026 1405
f 2764 4345 5950
f 316 1341 314
f 874 5776 1530
f 1383 5529 1382
f 4269 2711 3944
f 4469 1675 1205
f 4687 3020 2990
f 5861 5067 5015
f 4547 4403 634
f 3525 806 805
f 5979 2045 2047
f 6449 6460 8
f 2035 1920 1919
f 6596 6465 6241
f 1206 4469 1205
f 283 285 6208
f 1573 1574 1200
f 5912 4534 3097
f 4096 5560 3502
f 547 1259 546
f 2618 6192 3173
f 3902 3980 3981
f 4435 6392 6099
f 134 300 3838
f 6201 4668 5459
f 3250 3757 5654
f 4453 39 3781
f 3124 5178 4424
f 3413 1836 5570
f 2666 4651 2363
f 409 2898 3417
f 5989 5370 4666
f 694 3797 695
f 372 6545 5491
f 5761 395 2305
f 5038 6554 6171
f 6054 2672 3552
f 1915 2112 24
f 952 953 3872
f 2234 1673 478
f 6568 6509 6508
f 126 3523 127
f 6505 3516 3054
f 3602 5793 6052
f 3326 3327 5282
f 6267 3729 4064
f 5215 3928 3542
f 5019 2232 743
f 2140 3145 2141
f 4132 4807 5969
f 3635 2047 2125
f 1815 4202 1041
f 101 6631 5249
f 5984 3002 6195
f 1125 1127 5353
f 6219 6055 6572
f 1999 5626 1998
f 2448 5177 6297
f 5250 2322 6284
f 1421 1389 1390
f 5005 3904 6591
f 5411 2493 4655
f 5787 5788 1619
f 6370 6550 1306
f 147 1431 4153
f 462 2593 3851
f 3612 2114 945
f 673 5970 2102
f 1359 6071 3131
f 2128 2129 5894
f 409 3418 4360
f 3923 5844 687
f 2248 1835 1871
f 960 959 1272
f 5328 5984 6195
f 5598 1959 1958
f 5772 2956 4573
f 2766 5721 5685
f 129 4270 131
f 4694 4060 4059
f 1497 4626 5179
f 344 343 4755
f 4636 2446 2219
f 5478 6042 112
f 5837 5376 6524
f 4136 5538 2765
f 6620 2853 2852
f 6242 6060 3627
f 4913 4914 5642
f 3190 5259 3622
f 2274 1912 6193
f 6252 1090 6253
f 4327 4482 5358
f 5834 6119 4745
f 1145 377 5506
f 851 3832 852
f 5943 4831 2437
f 1683 1682 2567
f 5562 5882 5883
f 2620 1234 2781
f 6386 5192 6482
f 3209 4116 1109
f 4025 5567 6630
f 6432 6473 6434
f 4625 536 6625
f 907 4315 6377
f 6035 2196 6629
f 6628 4578 6627
f 5499 6066 5978
f 546 932 3963
f 72 4023 4022
f 2692 6198 2691
f 6139 5346 5347
f 3915 3366 169
f 4469 4470 2770
f 3826 3225 3827
f 6626 5792 2496
f 5546 4579 4577
f 192 686 193
f 5739 4234 4697
f 2223 4082 4084
f 4619 5445 6539
f 1495 1961 5225
f 2700 4431 3848
f 2438 782 6368
f 153 155 3518
f 269 1295 1294
f 5866 4238 6357
f 2858 707 5888
f 1804 3776 449
f 3583 5670 626
f 1268 5758 5198
f 5655 1231 1230
f 1733 2668 1688
f 4214 3813 4213
f 3404 4810 2434
f 1179 342 1178
f 4194 2697 3649
f 803 6335 6458
f 536 535 6625
f 3270 6055 6219
f 5557 1613 2712
f 5067 4672 2072
f 2133 678 4014
f 1039 1038 3362
f 1424 4427 1423
f 97 5233 6594
f 4596 5457 5139
f 6578 1673 6096
f 325 802 1110
f 3611 6582 2115
f 5862 5424 2706
f 316 5203 1342
f 2975 5070 5069
f 197 1248 3950
f 1412 1413 4461
f 6141 2753 6595
f 6616 5921 5922
f 2637 2636 5632
f 5950 5468 3841
f 6470 5053 2226
f 1571 1569 5542
f 1515 6556 804
f 615 617 4159
f 2875 3751 3750
f 643 644 6406
f 4743 5818 5879
f 5503 5446 2876
f 859 1327 857
f 4417 4704 4703
f 5867 1417 1724
f 990 3473 989
f 4936 5456 6085
f 4828 5653 4068
f 1015 1016 6101
f 6251 5952 2432
f 6438 1747 2518
f 50 5929 4511
f 6045 2352 622
f 5403 5711 3385
f 6397 54 53
f 5062 5498 674
f 2064 2065 2630
f 877 3116 3918
f 3016 5695 3017
f 6061 717 4246
f 1822 812 5780
f 1827 3791 3790
f 3524 2413 2412
f 5683 3055 3054
f 1751 6247 1752
f 1078 6480 4882
f 1767 2768 5452
f 1756 4890 5617
f 5854 2956 4795
f 2529 330 4375
f 1503 935 934
f 3032 4833 6195
f 3110 3334 4114
f 6624 5839 5292
f 3018 3017 6580
f 5148 213 3723
f 4367 220 222
f 3959 3821 3823
f 4284 6124 5385
f 2277 6609 5355
f 47 6458 6459
f 5097 5098 4830
f 5757 5216 3836
f 6186 5296 4484
f 2134 6212 5286
f 6469 2774 6472
f 6455 6520 6454
f 1137 2159 1138
f 4126 365 5675
f 6174 4024 5488
f 2483 2485 3793
f 4236 4408 32
f 4066 6623 1815
f 2728 528 5288
f 3082 5082 3081
f 3441 3100 3099
f 3234 1879 6371
f 908 2831 2318
f 4902 2761 5992
f 5312 4305 2964
f 3017 4826 4119
f 4748 5289 1057
f 820 610 821
f 5711 5403 3436
f 6588 5280 6476
f 2646 1053 500
f 2827 2379 6622
f 4720 6220 4404
f 3143 2265 3583
f 1193 1192 6030
f 3574 2362 2363
f 6339 5175 6372
f 2893 2453 6407
f 6621 3163 4877
f 5984 5907 6102
f 4050 4200 5651
f 668 6306 3568
f 1472 860 1473
f 4717 3550 2378
f 3986 5713 3987
f 5458 5243 3136
f 5960 6481 3596
f 6152 4147 2004
f 4385 4386 4595
f 6620 4664 1965
f 1373 3122 1374
f 1684 3462 6411
f 2782 5539 3368
f 3046 5841 4899
f 962 961 1426
f 11 5310 3337
f 3943 1069 5236
f 4867 5109 4486
f 6591 4216 459
f 5462 92 91
f 287 2213 6303
f 1642 2143 6258
f 2204 4565 5557
f 5531 2191 2079
f 421 3684 3841
f 6393 5103 4729
f 16 3511 17
f 1856 5704 1857
f 3116 3117 2793
f 318 6108 6619
f 6289 6362 5590
f 4842 5030 2634
f 3924 5151 831
f 1128 1061 5572
f 244 1038 245
f 4527 6147 6521
f 2288 5806 6211
f 1087 5910 6618
f 5342 6287 5880
f 667 3567 6100
f 1506 5145 1507
f 6568 2276 6031
f 726 2940 460
f 6531 3165 6487
f 3646 5972 404
f 4086 6617 1121
f 1371 1370 1878
f 5371 980 4257
f 3938 5985 1632
f 1270 1271 6264
f 6137 6034 2107
f 6223 234 232
f 3129 2690 5042
f 6029 5803 6448
f 1186 1608 1187
f 5694 4205 4240
f 5886 5885 6120
f 3059 4805 3960
f 947 5074 4738
f 1267 1117 1118
f 5261 294 3677
f 2878 2368 4637
f 5773 4374 5820
f 6616 6168 3151
f 1971 2272 4836
f 6615 1705 6598
f 1704 5256 5051
f 5799 5800 6263
f 4933 621 623
f 1979 6369 4742
f 4879 943 3261
f 66 4619 6539
f 4456 1747 6117
f 3429 6088 6566
f 6017 6231 3839
f 8 9 6449
f 224 1906 6501
f 4584 4585 5866
f 3848 6614 6445
f 6398 1409 472
f 117 119 631
f 1807 5323 4266
f 6416 4529 6038
f 2681 6462 4046
f 5080 3086 6583
f 3219 5309 4311
f 3847 6268 462
f 5270 5244 2257
f 3160 5026 3159
f 3240 3734 3375
f 1596 1597 2984
f 6570 5096 5095
f 2225 2111 1376
f 1280 2676 1281
f 5414 5415 5805
f 1194 426 6613
f 2175 3275 3896
f 3439 6463 4661
f 4687 887 3355
f 1436 1435 6011
f 6044 4468 5038
f 6015 6281 6472
f 5985 3937 6536
f 4733 6462 4734
f 654 6221 6479
f 6111 3819 3818
f 6322 3503 5905
f 5430 5811 6601
f 2429 2430 5213
f 5162 5680 5621
f 914 3820 5656
f 4918 201 6348
f 6011 4536 1436
f 6456 5296 4901
f 5443 5870 2931
f 5749 2894 3924
f 1415 5940 1414
f 6070 5725 5206
f 1259 547 5735
f 1783 4930 277
f 1039 5794 6431
f 111 159 1074
f 3567 4416 6100
f 1650 1125 5353
f 4393 3299 3300
f 6234 214 5826
f 1469 4617 1470
f 295 581 296
f 5766 4650 1819
f 2049 5374 1509
f 3621 3977 4607
f 2645 5422 1659
f 3962 5318 3070
f 3927 3926 6436
f 1136 2567 4047
f 1794 1793 6499
f 2765 5764 2767
f 2560 2229 3724
f 6612 1062 3905
f 2409 6418 854
f 2946 3600 5796
f 431 1088 5277
f 6272 4923 3479
f 5209 4393 5362
f 846 2759 845
f 985 898 1433
f 1195 5720 4099
f 5624 5367 5625
f 2248 6271 1835
f 1479 4478 1595
f 1464 1466 6129
f 3113 5284 5285
f 5764 3969 1242
f 104 103 1447
f 2839 5411 4655
f 4648 981 64
f 2503 5815 4566
f 3213 2197 2196
f 6512 1876 3797
f 2040 2039 309
f 3200 317 6351
f 1832 1669 1833
f 1211 1210 6275
f 6381 3865 5972
f 5813 4608 6468
f 6240 741 2141
f 100 2882 2559
f 4263 6100 4416
f 6516 2092 1820
f 4479 5991 336
f 6569 4922 2633
f 413 1347 6086
f 6159 3273 5516
f 3099 2821 2820
f 3892 5633 3052
f 4909 2934 5622
f 2399 1273 5747
f 5733 4564 163
f 5750 3153 4915
f 6519 380 378
f 4862 4860 6043
f 5241 2721 2126
f 6205 4127 453
f 4657 4658 3857
f 4925 4678 3758
f 2617 5764 2765
f 1929 5352 4857
f 1946 4060 6466
f 1346 701 700
f 4335 5373 4309
f 4740 5251 6359
f 2226 4516 2225
f 2107 3634 2108
f 2687 3476 337
f 1562 5271 1563
f 1651 1650 4851
f 6135 2571 6228
f 312 6395 6611
f 1672 1312 17
f 2866 3249 2388
f 619 2240 1525
f 6064 5505 5504
f 500 75 77
f 3985 5003 3983
f 5041 3135 3136
f 2815 2023 2024
f 4211 3393 4212
f 4678 4367 218
f 3507 888 5791
f 5376 5836 6310
f 3615 1791 1677
f 4156 6287 5342
f 5396 2264 1518
f 6569 4955 3500
f 272 718 719
f 325 1110 3454
f 1340 2250 2462
f 5541 5141 3325
f 1935 1934 6239
f 6295 6223 232
f 2488 6273 6334
f 2680 2192 6575
f 6229 4576 2857
f 2192 5757 3836
f 1776 3993 1073
f 2499 5364 916
f 1937 149 5407
f 4037 3176 6166
f 888 2053 5791
f 3464 2309 2310
f 4258 5439 5077
f 3583 626 3143
f 2377 2378 3962
f 843 2546 2241
f 5716 2935 677
f 5838 1027 1028
f 5521 6574 5191
f 2840 1043 948
f 2559 2881 2229
f 2951 3996 3876
f 4739 1347 412
f 496 3770 5938
f 1630 1605 2411
f 5721 2520 523
f 4215 3709 5152
f 4647 1585 1430
f 3908 1622 4091
f 6320 1643 1641
f 1879 1880 3180
f 4869 5664 3082
f 37 3856 3625
f 6589 6321 1106
f 31 3775 5673
f 5459 5460 6201
f 4834 2552 4878
f 4375 330 6396
f 3459 3407 3457
f 406 1265 1721
f 4496 4870 6442
f 6491 2757 2758
f 6498 2938 5090
f 1637 4129 4130
f 4997 6289 5084
f 2057 2058 6102
f 5521 3665 6482
f 858 5044 2007
f 5966 4887 5652
f 29 30 5104
f 6430 5646 5568
f 1616 3397 998
f 6337 1311 1309
f 4179 5248 4178
f 5429 3092 3514
f 4467 3544 3543
f 5195 2736 3563
f 3102 3101 5176
f 481 2535 3157
f 1698 983 4779
f 406 1264 1265
f 6534 5408 1443
f 5057 1385 3077
f 748 749 2928
f 752 751 4937
f 1951 5602 1950
f 6410 5257 5256
f 12 1183 697
f 5244 4638 4637
f 3183 840 838
f 6380 4802 4801
f 3302 3305 3232
f 6081 3088 6075
f 6404 3203 3201
f 2044 5837 5967
f 6610 5261 6106
f 4499 5045 6105
f 4780 1989 1991
f 1031 3920 3907
f 1057 256 258
f 6609 6608 5801
f 5681 4396 6106
f 3590 3085 5481
f 6382 447 6383
f 4037 6216 3176
f 1150 6285 5949
f 1472 2308 860
f 3286 6543 6607
f 6364 4303 4629
f 4552 44 2616
f 6325 3239 3238
f 2084 1962 1964
f 6606 994 993
f 6592 595 5197
f 4274 5303 376
f 6605 3230 3229
f 1305 1395 1303
f 3789 3791 2460
f 6604 1227 2611
f 464 2604 3847
f 3085 1649 5479
f 490 1108 6314
f 5643 6472 6471
f 1952 832 3817
f 3834 783 5475
f 5276 164 5988
f 2414 2416 3689
f 5163 6437 6182
f 3982 314 5330
f 4488 4487 286
f 5088 5484 1610
f 3391 1693 1692
f 352 4464 3643
f 6229 2857 2423
f 4041 2983 2771
f 170 1549 5268
f 4704 4417 1229
f 1971 5011 2272
f 6474 3578 5510
f 2927 1115 1113
f 3356 2590 2591
f 4308 5825 1113
f 2105 4713 3881
f 2708 5469 2707
f 6173 3693 3411
f 6007 3178 3179
f 219 5366 266
f 4384 1929 4857
f 6346 3288 1695
f 221 2863 883
f 6098 105 3057
f 4457 1485 2136
f 5867 1418 1417
f 1144 4274 376
f 5137 1594 1669
f 3964 4735 3965
f 4865 154 2660
f 4312 132 2482
f 1435 4611 6603
f 2009 2008 1386
f 4397 2200 2227
f 3049 5985 5963
f 3927 6436 6571
f 4792 67 68
f 929 653 651
f 3511 3302 3510
f 2583 6602 3803
f 6161 6061 5315
f 2288 5535 5806
f 6164 3227 1153
f 2513 2427 5790
f 5602 4196 6318
f 5395 5664 1889
f 703 3186 1728
f 3485 3487 5778
f 3345 5763 524
f 1389 6013 1391
f 5811 5812 6601
f 1074 6575 6075
f 2379 6600 2380
f 3351 817 1629
f 4586 2911 4011
f 2207 2209 1160
f 3047 79 5191
f 6518 3046 397
f 2464 4049 4377
f 5659 1343 2472
f 4132 5969 4223
f 5992 4154 3983
f 4870 5273 6442
f 120 5630 6235
f 6599 1224 1226
f 517 2677 518
f 4876 5442 4877
f 1943 612 3320
f 3301 3299 2170
f 1772 2941 1522
f 560 559 6528
f 6078 2861 1940
f 6577 6598 4673
f 3832 4841 6326
f 4386 3093 5672
f 5552 5553 3168
f 1386 1387 1821
f 2953 3168 5553
f 6597 3196 5874
f 5587 5847 2615
f 6589 4335 4334
f 4781 1545 5657
f 6149 2127 2128
f 3972 3131 5584
f 1168 1167 5082
f 3969 1371 3970
f 4721 6367 2508
f 1477 3579 1478
f 2188 4421 5631
f 578 6465 6596
f 4508 4770 4862
f 1057 5289 256
f 1437 654 4611
f 903 5025 4698
f 5807 4879 4728
f 3716 5689 6172
f 3492 5184 5134
f 2287 878 3415
f 1703 2665 895
f 165 167 1243
f 1427 484 483
f 2969 2748 5892
f 2879 4018 6144
f 990 5821 5820
f 2474 4613 5095
f 1870 1872 4271
f 896 4104 6494
f 4669 1278 4670
f 356 355 3661
f 5081 2801 2859
f 6538 4095 6179
f 1918 5368 3645
f 2360 5080 6583
f 259 2800 542
f 393 4179 3522
f 4878 2551 2890
f 1330 1155 1969
f 5259 5076 6562
f 5944 4146 5431
f 4551 6191 6038
f 1150 3994 1149
f 3098 4326 4336
f 161 113 5344
f 6330 2260 3680
f 4024 2007 5488
f 685 684 2794
f 5334 2793 3117
f 2719 5319 6489
f 3794 3796 4219
f 6475 1442 5026
f 4560 435 4288
f 5034 5882 6160
f 4706 5239 4420
f 3188 4674 1358
f 2182 2341 2181
f 5624 6535 6170
f 6327 5548 6489
f 6517 3854 3853
f 2080 3026 2081
f 6102 5070 2975
f 863 3496 4563
f 5469 2405 2447
f 4053 6554 2790
f 886 887 4687
f 5260 4438 2295
f 6192 4930 5555
f 3704 2850 5723
f 2744 2148 2149
f 4320 3985 3984
f 5607 2172 2882
f 2456 3717 5554
f 5634 4148 3700
f 426 1196 427
f 5976 1901 5409
f 2279 4665 2186
f 4520 3312 3929
f 6084 6085 5463
f 3327 3961 5282
f 3544 1377 1375
f 522 3346 2520
f 5521 2648 3665
f 3409 558 6444
f 4276 4966 5527
f 1860 1859 2479
f 2973 3079 2106
f 905 6325 2437
f 3662 5187 5600
f 3767 3140 992
f 305 3576 306
f 668 3567 667
f 4385 4736 3093
f 4785 6200 4786
f 2753 1228 6595
f 6491 5455 5454
f 1338 1336 3686
f 5706 904 1695
f 3245 3903 3244
f 4474 995 1609
f 4684 4174 1719
f 1342 5203 2250
f 4569 5122 4570
f 5661 3675 2573
f 6594 4183 96
f 1718 1720 1141
f 5886 6120 6500
f 4354 5339 5534
f 3328 5428 3327
f 6362 5060 5590
f 5433 4592 5947
f 4540 4541 3438
f 5687 5182 4317
f 518 3066 519
f 1455 5092 6236
f 5052 5051 5876
f 6593 5661 4430
f 6592 5005 6591
f 1450 2944 5734
f 2863 5322 3045
f 3268 6481 6147
f 4153 5083 148
f 5334 2428 2199
f 6509 6197 5872
f 2810 5469 2447
f 5609 637 4639
f 3589 4547 416
f 5544 2130 6590
f 6580 3017 5558
f 3809 922 6004
f 4375 6396 5359
f 3194 4777 1269
f 1753 5078 2643
f 5289 4333 679
f 5858 704 4745
f 4658 4081 3130
f 3745 4265 1583
f 2286 2287 6148
f 1866 5447 1865
f 2183 4278 4276
f 5393 5600 3016
f 2027 6453 2028
f 5525 1940 1438
f 6360 5156 5157
f 1500 1600 1602
f 4613 6196 5095
f 5080 2360 2359
f 402 2065 403
f 4208 6079 2043
f 3105 173 4260
f 6278 6279 3674
f 4984 4789 6454
f 6438 2518 1662
f 2043 6080 6313
f 5347 6589 4334
f 4480 4735 3939
f 6475 5942 5397
f 4471 6457 6268
f 5188 4651 5689
f 3346 522 6065
f 6094 6093 6588
f 4842 5029 5030
f 2584 1217 5497
f 5150 6533 6128
f 2335 3441 3439
f 5008 5006 6587
f 6510 4631 4630
f 4813 1652 5372
f 5141 5140 6493
f 2069 566 5665
f 1501 1500 1602
f 3336 2833 6277
f 2575 3799 786
f 4874 5158 3786
f 5208 3377 3376
f 5022 3078 1385
f 4748 1056 3015
f 3053 3794 526
f 2570 4940 6366
f 3126 4341 768
f 4154 5992 4895
f 3785 2583 2030
f 47 803 6458
f 1548 3764 4406
f 1665 2950 2436
f 3895 4804 1083
f 2345 5596 6136
f 2193 5459 4668
f 2761 4896 5992
f 3302 3232 3233
f 3083 2589 2588
f 6575 6081 6075
f 6155 770 772
f 5583 2749 2751
f 4069 882 4970
f 6026 5331 6027
f 550 3299 5782
f 5053 4516 2226
f 346 6330 5617
f 4390 1166 374
f 2265 3581 3583
f 1961 4350 5225
f 1197 6506 5451
f 2764 5950 2763
f 6473 6586 6434
f 4238 6485 6357
f 5045 5046 5066
f 1095 4391 3223
f 2983 353 2771
f 727 1201 725
f 6585 5622 2934
f 5637 4608 5813
f 2485 4786 3793
f 5161 450 5159
f 1491 1492 6508
f 3488 931 1654
f 5128 5127 6188
f 2454 2453 4008
f 6500 525 5886
f 6102 5907 5070
f 3875 2171 3294
f 4051 5453 335
f 4387 4388 6042
f 4173 5799 590
f 1270 2157 2155
f 1205 1674 485
f 4294 168 170
f 3956 4688 6129
f 4504 3953 5759
f 1828 3791 1827
f 1321 2964 3615
f 4640 2303 5930
f 4314 2814 6377
f 6446 3710 6307
f 2979 4062 4767
f 4294 5049 3752
f 5999 3681 1736
f 1632 2411 1633
f 3850 4431 4974
f 6281 6469 6472
f 2899 1918 3645
f 6567 452 5859
f 3701 1867 5357
f 6159 3928 5215
f 330 2883 6396
f 4987 3837 6494
f 6584 6354 860
f 3516 3515 5683
f 6327 6489 4199
f 2702 2700 6445
f 4286 3256 3535
f 6096 1673 2233
f 4357 5997 4356
f 25 3921 27
f 1793 4155 2730
f 3761 6183 5420
f 5223 1229 4417
f 4798 3027 4053
f 6532 6467 5009
f 4653 442 444
f 3952 6583 5759
f 3878 4205 3879
f 5496 5168 5416
f 5818 4013 4012
f 6524 6507 6179
f 294 292 5055
f 1500 3151 6169
f 3986 4618 5713
f 389 1256 390
f 6333 2778 2419
f 2115 6063 2475
f 987 986 4143
f 2153 2493 6136
f 1706 1070 2891
f 3817 4090 3818
f 5363 2164 4360
f 1086 5122 5561
f 3098 1864 6424
f 5737 5550 6352
f 3302 3267 3510
f 1997 3862 1995
f 6365 6264 6582
f 4610 830 5151
f 5536 1832 1834
f 4965 4324 4964
f 3350 3349 3521
f 3809 562 3314
f 5087 643 5086
f 4061 2978 5477
f 5816 4628 6549
f 3310 2216 2215
f 4769 5781 5783
f 679 69 680
f 2164 1634 3342
f 4618 4617 4029
f 3992 4874 1954
f 3634 3179 2108
f 2393 1721 1723
f 2361 2360 2480
f 5298 2092 4517
f 6000 3317 6334
f 208 4853 209
f 333 18 693
f 5324 5877 5808
f 1628 545 544
f 5692 5828 4462
f 5669 6581 5529
f 5643 6015 6472
f 3746 1798 5909
f 5329 6580 3982
f 5446 2877 2876
f 5223 4416 3428
f 129 3725 4017
f 1192 1717 6030
f 6560 2015 5567
f 4902 4903 6329
f 6579 4021 6141
f 2631 2630 6443
f 2044 2043 6313
f 3828 3827 5307
f 6154 924 926
f 1090 251 3090
f 5842 6270 6474
f 4617 3986 1470
f 3185 6578 1939
f 964 966 6477
f 6577 5927 1426
f 735 2085 3338
f 5211 704 703
f 4416 4261 4263
f 4953 1066 4954
f 2437 4831 2436
f 4236 2582 529
f 6479 3670 4175
f 3697 2185 3547
f 6514 6419 6576
f 4521 553 3380
f 5175 3206 6372
f 2680 6575 159
f 5663 562 6004
f 162 5276 1208
f 2123 249 6413
f 5192 6574 6482
f 6481 5960 6147
f 4401 4525 1015
f 673 2102 2101
f 4589 4028 4264
f 5830 5843 6118
f 6108 834 6573
f 6420 4398 6429
f 2768 2997 5452
f 3798 5787 5320
f 440 439 5651
f 2533 2294 2296
f 6220 3308 4404
f 4488 150 152
f 6460 6229 8
f 5603 4166 5824
f 448 1804 449
f 2312 4931 1783
f 6550 2531 1306
f 1089 3090 250
f 2207 1962 254
f 2821 5324 2819
f 3050 2142 3739
f 402 2440 3757
f 6531 6414 5692
f 918 1985 4734
f 6062 6061 6161
f 1428 599 598
f 5702 5348 4177
f 300 2986 3837
f 326 3594 6572
f 536 4625 1334
f 1283 6033 2119
f 81 1702 82
f 1059 2054 6530
f 4764 3646 1740
f 120 2992 185
f 6436 5848 6571
f 3054 3516 5683
f 6570 1569 3205
f 1852 6166 3997
f 1259 5735 4839
f 4985 2545 2544
f 2969 5 2968
f 1822 4759 1823
f 4890 6447 5617
f 5605 1782 6402
f 693 692 4419
f 1913 1914 3052
f 5595 2089 3074
f 4271 2655 6490
f 5043 6512 6426
f 2426 3182 2658
f 3071 1792 6416
f 3592 480 5064
f 2875 6041 2876
f 359 1576 4911
f 4287 4433 3255
f 3389 4920 4919
f 3308 6220 1448
f 6526 3121 1279
f 2419 2420 6333
f 4799 1363 3193
f 1592 1590 3922
f 1993 6337 4793
f 36 5767 549
f 2236 2235 3241
f 145 2659 2658
f 4708 827 4222
f 6068 516 2328
f 388 5136 3724
f 1475 2934 2932
f 3648 3647 877
f 3713 4794 4006
f 4278 1546 4849
f 1020 6534 1021
f 3500 4922 6569
f 5133 381 2658
f 1492 6568 6508
f 1458 1459 6311
f 4046 6462 4044
f 314 4779 4778
f 5693 1145 5506
f 4945 1177 1175
f 5299 4078 4079
f 1288 6420 6429
f 5256 5875 5051
f 3175 3176 6503
f 5569 5284 3113
f 352 3643 1795
f 4152 6140 5832
f 5595 3074 302
f 911 910 2006
f 5356 6013 2566
f 6567 5915 452
f 1251 2699 1250
f 4771 5796 4483
f 3565 3549 3548
f 5823 5915 6567
f 1537 4297 712
f 6088 5265 6566
f 2246 4249 1
f 1268 5885 5758
f 2513 1886 2514
f 3416 5523 3414
f 2796 4291 2797
f 5526 4966 3515
f 4574 797 3106
f 6565 5258 4459
f 4771 4862 4770
f 754 2091 755
f 708 5206 541
f 2636 5613 5632
f 474 475 463
f 5680 5163 6182
f 4062 3883 3329
f 224 6418 1907
f 2634 5030 6016
f 1297 4972 6564
f 5267 1184 5266
f 2940 4268 460
f 6563 6347 6562
f 5082 4523 3081
f 533 532 4894
f 4242 926 6561
f 5830 4424 4425
f 4999 2015 6560
f 1888 1887 1380
f 4473 4968 6203
f 6500 6428 6227
f 5981 2855 2856
f 4626 1535 5179
f 2245 2243 5593
f 369 3095 4850
f 6374 6098 6099
f 340 4633 5673
f 4886 3489 1653
f 344 217 1896
f 2196 5694 4239
f 3004 2251 5563
f 6559 5496 6558
f 1245 1927 4730
f 1987 3504 1577
f 1184 5909 382
f 2987 5829 1107
f 5402 6028 3436
f 3541 4853 4282
f 4604 5939 4605
f 3602 6052 3603
f 6094 2703 2705
f 4760 2888 6557
f 1464 2121 1465
f 3872 188 3744
f 748 258 257
f 578 3782 3517
f 6556 4503 804
f 1047 2424 1048
f 6243 4345 3882
f 5332 6373 6001
f 5533 5534 5339
f 6046 1955 3788
f 4527 2286 6148
f 5363 2163 2164
f 3762 3761 3965
f 3285 3286 2014
f 6411 6388 6009
f 4460 6237 4458
f 3220 1120 1189
f 3305 3302 3511
f 5102 6316 6186
f 4984 3110 3109
f 1564 6555 4378
f 997 2606 4905
f 5918 4875 608
f 6328 4623 4622
f 3076 3078 5522
f 6554 6282 2790
f 136 3352 7
f 692 2221 4361
f 6234 5826 4569
f 5806 1780 5287
f 6043 4876 3644
f 3380 5417 4520
f 2461 728 2462
f 1380 1887 3284
f 2332 2913 2333
f 6177 2127 6035
f 5751 4066 2840
f 5328 592 5387
f 3486 3485 3925
f 3340 6017 6422
f 3508 6135 1892
f 839 840 3630
f 6079 4933 2495
f 4341 4804 4475
f 1081 5604 181
f 2048 5615 810
f 4206 4439 5522
f 1305 4252 1302
f 3805 4654 6003
f 5203 316 315
f 4344 2799 6389
f 2423 2858 5888
f 6036 2834 5382
f 4250 3024 5238
f 2493 2492 4655
f 5816 4004 4628
f 4809 4741 1552
f 946 948 5222
f 2847 6425 5291
f 4357 4796 6541
f 4101 4102 2534
f 4565 1613 5557
f 1776 5180 1777
f 5461 3970 1877
f 4718 6019 3551
f 4917 4513 4515
f 552 2171 550
f 2338 5181 3558
f 4708 4222 4223
f 5756 5755 6308
f 5114 4214 5714
f 1154 200 199
f 3758 4678 4755
f 4796 4797 6272
f 2682 3683 422
f 2193 5458 5459
f 5532 5360 1855
f 3781 37 4531
f 437 6355 1826
f 1548 780 781
f 2488 4996 1001
f 3748 1689 3921
f 2042 2044 5968
f 4036 6111 6112
f 4780 1991 5544
f 6553 249 1013
f 5331 5332 6027
f 4665 2279 2745
f 6151 6552 3808
f 2491 4129 3559
f 5503 2876 5504
f 3610 780 6365
f 2587 3318 489
f 414 3484 3483
f 3486 3925 5228
f 3619 6478 1025
f 1297 1298 4971
f 6402 3869 5605
f 4054 3455 3931
f 3601 5102 3600
f 648 4646 2211
f 333 524 16
f 2897 2896 6008
f 4969 6274 5358
f 5056 1385 5057
f 3804 1617 6026
f 3156 1799 6417
f 4060 1946 1945
f 6393 6394 4550
f 3528 4432 3541
f 3878 5711 3435
f 4757 4812 4915
f 4827 5653 4828
f 1844 700 2974
f 3930 853 5592
f 6551 166 6550
f 5323 6545 4266
f 1311 5946 5948
f 4171 5725 6070
f 2805 789 790
f 5451 2998 5700
f 216 6244 215
f 3471 2017 6549
f 2805 67 2806
f 5709 3404 3100
f 3733 596 2941
f 3814 2224 2223
f 992 5982 993
f 487 1206 485
f 1366 5108 6413
f 6155 369 4851
f 2730 4155 1050
f 2180 1439 4318
f 1515 2457 5119
f 5895 4301 4300
f 1299 4784 3376
f 1532 2145 2144
f 5883 5881 5115
f 5296 6456 4484
f 2718 1088 431
f 538 5215 539
f 225 2732 5153
f 3253 3493 1928
f 5609 4639 4640
f 4121 3560 3559
f 474 3851 473
f 2768 772 771
f 1424 5016 3434
f 5123 3128 5914
f 2451 5832 6140
f 2887 4256 4187
f 6402 5736 3870
f 4122 964 6477
f 6548 4699 5766
f 782 490 6314
f 6547 364 54
f 2355 350 2354
f 3736 5011 5144
f 5053 6470 6281
f 1429 734 2211
f 2451 6140 5929
f 4253 197 2579
f 1582 4141 2292
f 3466 2202 3910
f 1371 1878 3970
f 5739 4850 4234
f 2292 4141 6331
f 3926 3431 3457
f 3639 4442 1662
f 2256 952 2257
f 1275 1276 5307
f 2129 2127 4843
f 1527 114 3244
f 326 5027 3474
f 40 397 5819
f 6511 4721 2508
f 1025 6476 1024
f 2584 4412 5492
f 3002 6546 6195
f 5323 5492 6545
f 1570 3205 1569
f 265 1895 266
f 6544 5630 6145
f 1415 2608 1238
f 1810 1811 4534
f 6156 1830 4198
f 4797 4795 5772
f 22 2768 771
f 1714 3698 645
f 1729 3186 5476
f 751 3312 4520
f 2757 6491 298
f 2287 3415 6148
f 5312 2143 1642
f 4935 4964 5112
f 246 6296 5194
f 6255 6543 6074
f 2569 6366 6162
f 720 2502 2501
f 6469 5640 5545
f 6134 6471 4726
f 5251 5712 6359
f 1792 3071 1678
f 485 4443 486
f 43 6542 6312
f 4100 5720 6527
f 5680 3761 5621
f 5440 4957 5963
f 3569 2783 2087
f 4728 4879 6057
f 2580 3294 2415
f 5997 6541 5418
f 3178 6074 3651
f 4926 4925 2889
f 6040 683 685
f 3741 3740 4691
f 3729 3731 4065
f 6025 6014 659
f 4189 4725 3044
f 6385 6540 5092
f 2330 503 1005
f 5770 3004 3003
f 1676 1320 1677
f 2 2247 1
f 3178 2109 2108
f 1927 1245 1247
f 6299 2167 2763
f 2933 4908 2932
f 2891 2892 2711
f 47 6459 1744
f 5445 6538 6539
f 2774 6469 5545
f 3449 3107 3667
f 800 757 6249
f 6228 1143 2358
f 5064 5063 6537
f 5942 6475 5941
f 3937 3452 6536
f 1937 6218 149
f 6017 3839 6422
f 5894 1458 6311
f 6396 5761 5359
f 1696 1698 6021
f 2883 4296 6396
f 5787 4302 1731
f 6535 5040 6170
f 1838 6380 4801
f 5528 1383 4775
f 5638 5069 5221
f 1755 4671 1517
f 4101 5919 4103
f 4974 5718 2514
f 2985 4961 1520
f 5649 4324 4965
f 6267 14 3730
f 456 458 6423
f 6501 225 224
f 5143 6301 6095
f 5190 5291 6513
f 1628 2824 1629
f 4234 3445 3021
f 2066 4526 1317
f 1652 4455 1653
f 2098 2099 6529
f 2435 4979 1079
f 5168 5169 5416
f 2872 4463 3392
f 6217 6187 4539
f 1777 5180 5752
f 1773 2770 5774
f 2156 83 2155
f 2421 2419 5727
f 4075 1528 1565
f 2243 4448 4447
f 4982 2101 4124
f 5033 785 4885
f 6534 4110 5408
f 1959 5598 4304
f 6533 6113 6128
f 4730 4448 2832
f 2157 1270 3468
f 6421 2855 5981
f 573 1946 2523
f 5010 6532 5009
f 5380 3169 5566
f 1051 1052 5316
f 6531 5692 4462
f 1555 1554 3010
f 2333 2433 3687
f 3125 6118 5891
f 3536 3537 2950
f 2988 2120 2989
f 4799 4145 3027
f 3306 3196 2494
f 2585 2584 5498
f 1382 1933 1932
f 2927 5249 1115
f 635 5327 633
f 2791 401 400
f 5007 4379 6530
f 3427 3568 2684
f 4523 1016 3081
f 6372 3783 6339
f 2099 6392 6529
f 3207 4433 5124
f 1589 1189 1190
f 1454 5321 5320
f 5077 3998 4107
f 2480 666 6204
f 3319 3728 1120
f 5212 1404 1560
f 3820 4218 5656
f 2877 3751 2875
f 6166 6415 3997
f 29 1620 3184
f 1514 5013 3717
f 3067 1675 2769
f 929 927 4056
f 5788 1731 6209
f 5208 4784 6528
f 3024 4250 2281
f 2110 3140 3999
f 1923 1005 4763
f 3360 1693 3391
f 2027 1482 1481
f 6527 6142 4100
f 4756 2943 2942
f 6337 470 4793
f 2012 3945 2011
f 3480 3479 1230
f 5954 5955 5283
f 18 1312 692
f 5333 3121 6526
f 3413 468 3411
f 4887 5966 4602
f 1922 2330 1005
f 5422 5061 6048
f 5034 1727 2116
f 3303 5978 6525
f 1146 3344 1147
f 5332 6001 6027
f 995 997 1609
f 1278 4818 4670
f 4532 419 5579
f 2042 6405 4058
f 1051 3755 4042
f 6252 251 1090
f 5377 6507 6524
f 5974 5973 3224
f 3083 5227 6523
f 1413 2925 6522
f 6208 285 994
f 1968 1158 1396
f 1372 1374 6318
f 6147 5960 6521
f 1156 2935 1157
f 1743 3198 2978
f 5779 6434 6131
f 5712 1948 6359
f 5597 652 6176
f 3920 3919 3907
f 20 2176 2177
f 2901 6520 5987
f 3270 6481 3268
f 2984 2784 2985
f 4702 4794 3713
f 380 6519 2011
f 6518 3467 3046
f 3422 1461 2376
f 3154 3155 1407
f 3157 1799 3156
f 6037 5736 5735
f 1049 3060 1047
f 4240 4205 4204
f 4018 220 6144
f 2536 4102 1801
f 2738 4245 3995
f 6517 3853 4096
f 2091 2092 6516
f 1307 2177 6265
f 5147 4083 1842
f 4498 2667 5048
f 5111 4903 4224
f 272 2939 718
f 4301 1872 1871
f 6287 6514 6515
f 1278 4669 3293
f 923 5075 6382
f 4921 4676 2010
f 3356 887 5012
f 3176 6216 6503
f 4400 4263 4262
f 1622 1621 4091
f 846 3066 919
f 1338 1488 1490
f 4516 5980 5724
f 4022 6293 6294
f 3455 3668 3931
f 3132 4337 3130
f 2957 2956 2860
f 6425 2679 6513
f 3699 4148 5025
f 6512 694 6426
f 4989 4286 3535
f 4753 4752 2261
f 5849 1380 3284
f 1497 5831 4626
f 4268 1278 1277
f 5402 5403 256
f 5552 1058 2689
f 604 5401 4343
f 5114 3007 4904
f 3310 4719 4404
f 1535 4626 2524
f 342 6511 6083
f 1957 4434 1958
f 4509 3107 4508
f 4595 4386 6445
f 3802 1628 544
f 3177 6415 6166
f 413 5880 411
f 5031 2610 349
f 2097 6299 3842
f 6443 2592 2631
f 3225 3227 6164
f 1833 1668 5058
f 4060 396 6466
f 4631 6510 4676
f 5951 5482 5952
f 5669 5670 3582
f 6502 5919 4157
f 1501 1602 4405
f 3445 1285 1283
f 4498 3667 798
f 2345 2405 5469
f 5074 5222 6086
f 1005 1004 4763
f 6509 5872 6508
f 6047 4666 5370
f 5281 5895 4300
f 5516 3527 3528
f 5851 3493 3253
f 1876 866 1877
f 2348 1075 2349
f 3697 1541 2301
f 4097 6006 5301
f 2531 1308 1306
f 4831 4956 2436
f 2711 2710 2891
f 1657 4316 2749
f 2767 2521 2766
f 3384 6491 5454
f 5185 5554 5186
f 253 2208 254
f 1724 1417 1022
f 288 194 6488
f 5377 5742 6507
f 3693 2340 3558
f 4887 4999 5652
f 377 375 3208
f 4874 3990 5158
f 182 1362 1080
f 1849 5983 6448
f 1130 1128 5572
f 6506 3633 5451
f 4645 1990 6409
f 745 368 3851
f 1396 1158 6505
f 4890 6504 6447
f 4758 4904 3006
f 6216 6133 6503
f 4350 4575 5225
f 5486 4591 4055
f 2248 1870 6490
f 5612 3864 1965
f 1621 4580 4091
f 6466 396 2541
f 1263 5343 5573
f 2918 1421 1420
f 2912 4014 678
f 607 4875 6502
f 5202 5447 4434
f 5977 3659 6352
f 3934 3935 5726
f 815 814 4687
f 3431 3927 4241
f 605 5863 4801
f 5878 5035 6160
f 5060 5059 5590
f 1148 1152 6431
f 6046 6446 6307
f 4297 1537 2541
f 1362 1363 4798
f 1085 5380 1017
f 2230 4526 2066
f 804 4503 5708
f 1702 327 82
f 6501 1906 976
f 4933 623 2495
f 4486 5109 4588
f 2674 2465 2463
f 5709 3441 2335
f 6120 6428 6500
f 691 3769 3846
f 5856 1664 1663
f 6499 1793 2730
f 1531 5669 5529
f 6305 278 277
f 5604 1234 181
f 4174 5871 4512
f 3856 763 762
f 6173 470 6337
f 3883 6408 1210
f 6056 5473 835
f 5855 6353 1786
f 6279 6280 3674
f 5162 6498 5090
f 4056 4247 6497
f 4731 1579 5556
f 1298 6433 4971
f 2420 6496 6333
f 1809 4140 4340
f 4288 5912 4560
f 672 670 1757
f 5500 1584 4027
f 3015 1058 868
f 1301 6495 200
f 5523 3416 4123
f 1351 1352 1463
f 2092 2408 4517
f 4677 4630 131
f 3227 1155 1153
f 6123 2904 3134
f 6092 6248 5052
f 4104 5958 6494
f 4275 5060 5416
f 5334 3117 2428
f 4318 4563 6349
f 6413 1035 4281
f 2813 2996 6377
f 4016 4015 4502
f 2965 1321 4228
f 3256 3533 3535
f 6437 305 6182
f 5839 5293 5292
f 1930 5779 5352
f 2132 6212 2134
f 1712 1711 1112
f 3029 3031 5663
f 814 813 1980
f 4196 2344 6318
f 3813 5114 3814
f 4296 4297 395
f 5981 2856 745
f 5140 5383 6493
f 6492 6491 3382
f 6439 2248 6490
f 4871 5343 1263
f 4209 6489 5319
f 5475 783 4998
f 939 940 3726
f 4130 2270 6403
f 5221 3204 5638
f 5770 4283 3004
f 2365 2288 6211
f 303 3696 3549
f 1708 1709 3351
f 4308 3686 5825
f 4773 836 4007
f 282 5001 3556
f 3967 5246 1903
f 2133 3954 2132
f 2385 3505 3800
f 2740 2326 2324
f 512 511 875
f 3001 4207 4632
f 3273 4555 5516
f 291 2384 549
f 2114 3612 3611
f 6485 5128 6188
f 3624 3807 3887
f 94 6488 5900
f 986 2737 2735
f 1609 5299 565
f 161 5343 5974
f 6363 3748 3921
f 5987 4365 5986
f 3152 3153 5750
f 2839 4973 707
f 3158 4410 479
f 5949 6285 5961
f 6160 5035 5034
f 6111 3818 3518
f 2885 2561 6302
f 5955 5644 6057
f 3858 1196 3859
f 4742 5547 2418
f 6283 2675 1739
f 876 2885 6302
f 4277 4849 4848
f 2380 6076 1436
f 6043 5786 4876
f 3165 4047 6487
f 5767 6072 1924
f 4716 4717 1461
f 5045 6022 6105
f 4156 5342 5341
f 3223 4391 774
f 4676 2012 2010
f 5438 820 822
f 3281 5389 233
f 6428 6120 1266
f 2525 573 2523
f 2464 4378 2463
f 4402 313 312
f 3749 3751 5345
f 680 6486 790
f 1052 1467 5771
f 5518 2443 2442
f 1507 5145 1655
f 6357 6485 6188
f 841 1163 842
f 2994 6480 6319
f 1454 6236 1897
f 3012 2414 3689
f 5558 890 4624
f 450 140 2093
f 3476 2687 2239
f 2373 2375 6131
f 5262 6069 5263
f 5940 1415 1236
f 1337 2334 1336
f 1502 6484 3774
f 3877 5705 1463
f 6469 6470 5640
f 3347 1116 5564
f 872 871 3960
f 4541 5023 3438
f 2779 2289 3954
f 5903 6443 5654
f 1579 1581 5556
f 2898 1135 5087
f 3176 3177 6166
f 643 5441 5086
f 2361 2317 2316
f 5776 2563 1530
f 395 394 2305
f 1829 1831 4683
f 6001 6002 6027
f 2944 6127 3753
f 2002 6132 2001
f 2586 2254 2252
f 6184 307 4077
f 6483 6386 6482
f 6481 6219 3596
f 5569 3113 3114
f 1638 1670 1639
f 1495 3296 85
f 2741 2740 1758
f 641 640 2249
f 6480 1078 1553
f 3578 6474 6432
f 1480 3065 1481
f 5715 4330 6479
f 836 4773 239
f 4243 4516 5724
f 3040 5221 6226
f 6392 6374 6099
f 3730 14 1300
f 2499 3949 2623
f 4483 4861 4771
f 5841 3911 1289
f 5599 2504 5676
f 3619 3276 6478
f 966 1765 6477
f 4500 5105 5775
f 6047 25 26
f 6316 6187 6186
f 1997 4024 6174
f 6476 5281 1024
f 3702 1905 5679
f 4188 2887 4187
f 3579 5453 5510
f 4960 2985 2784
f 1747 6237 6117
f 4564 1812 1813
f 6378 6167 41
f 5933 5357 5932
f 5966 5217 3524
f 748 5894 750
f 6016 5030 4821
f 4299 6343 2402
f 3431 3430 3457
f 5132 3182 5000
f 964 6250 965
f 6192 277 4930
f 3799 2575 2385
f 3160 6475 5026
f 2103 3159 5026
f 6474 6270 6473
f 3585 2245 3929
f 3955 5130 2779
f 5353 1218 5354
f 5159 2093 2091
f 4306 4759 3483
f 5845 5665 6369
f 996 6233 2606
f 2983 2209 353
f 6158 2893 6407
f 1179 1180 3475
f 6251 5953 5952
f 2371 1422 4026
f 5092 6039 6236
f 1364 2510 3682
f 2998 24 5700
f 1694 1695 3288
f 6472 2774 6471
f 2213 5838 6304
f 6470 6469 6281
f 4685 2389 2390
f 6468 2362 4273
f 201 2969 6348
f 4213 3813 3812
f 5823 6467 5915
f 3064 5655 4923
f 2961 5348 2960
f 5814 4452 2695
f 3422 3421 4560
f 1434 4195 1921
f 1258 392 1257
f 4903 4934 6329
f 5885 5887 5758
f 2147 4866 1465
f 497 1913 498
f 5821 990 991
f 2580 2581 3294
f 3180 3181 6371
f 5796 4485 4483
f 1946 6466 1536
f 5778 4907 4906
f 6452 3187 702
f 4884 4838 5743
f 3575 272 719
f 577 6290 6465
f 3336 5011 1970
f 4892 1456 4210
f 6464 3713 2699
f 2787 1241 1239
f 52 54 6206
f 5761 2304 5359
f 4768 3674 6280
f 599 1428 1430
f 4802 869 3917
f 3299 550 2170
f 1721 1265 3361
f 6040 6463 6041
f 1032 1033 6451
f 1454 1897 5321
f 3846 3845 2895
f 2106 2104 1741
f 5860 2154 71
f 5997 5996 4356
f 4734 6462 2683
f 1713 3722 1752
f 5800 5884 6263
f 5370 5989 4255
f 203 6010 6461
f 4145 3193 4144
f 5300 694 696
f 3776 3920 762
f 1024 1835 1023
f 1645 3008 329
f 2202 3466 5275
f 3472 4369 2018
f 6245 3710 6446
f 3796 3795 5336
f 6384 6460 6449
f 499 1916 1274
f 3051 445 446
f 3513 3398 3631
f 5700 2112 5701
f 4491 89 6338
f 1992 2490 3317
f 5411 2346 6136
f 4768 3330 2574
f 3935 3118 5727
f 6459 6458 5922
f 2431 4657 3857
f 2889 4925 3759
f 3820 4219 4218
f 1007 1006 2598
f 1452 1453 3864
f 1104 1680 3394
f 2513 2515 2427
f 4327 1198 4481
f 6457 2593 6268
f 1683 2567 2568
f 5682 982 5873
f 4484 6456 4483
f 974 2026 4959
f 3424 4704 2498
f 5580 5693 5262
f 5250 5712 5251
f 1775 5466 4788
f 4789 6455 6454
f 4908 4863 2932
f 875 874 6018
f 1940 2861 1941
f 1572 3329 1209
f 4217 95 5648
f 3553 619 3554
f 2348 1231 3064
f 3237 5097 3238
f 5254 1267 1118
f 5629 6309 5628
f 6356 1422 2372
f 2736 2737 3563
f 6453 2027 2738
f 5695 4826 3017
f 1999 3979 6452
f 177 3956 178
f 4158 270 2083
f 1344 4757 1346
f 5128 4240 4204
f 5374 1510 1509
f 5140 1272 5383
f 5130 5129 6097
f 5786 6322 4876
f 4235 4236 2728
f 1122 4500 5775
f 2432 6346 2572
f 662 664 3295
f 4945 4944 5153
f 1639 1670 1599
f 6451 6315 4227
f 40 5819 42
f 629 4279 2622
f 5662 3899 6450
f 1380 5849 5850
f 4482 4674 5358
f 6363 25 6047
f 9 4983 6449
f 1068 4953 5859
f 1434 985 1433
f 6109 3292 2374
f 6448 5983 6029
f 179 191 177
f 247 379 380
f 700 699 2166
f 2450 3553 4907
f 6364 5349 6324
f 2444 1909 2445
f 6447 346 5617
f 4432 209 3541
f 186 187 628
f 305 6184 6182
f 6046 3763 6446
f 2414 3202 3203
f 1213 1538 1214
f 1980 6122 814
f 2700 3848 6445
f 2610 3810 206
f 1859 3190 2478
f 5711 3386 3385
f 1063 5612 1965
f 1368 4802 6380
f 5401 5400 5994
f 246 245 6296
f 6444 5815 3410
f 568 3641 569
f 5305 5770 5306
f 928 4295 927
f 5114 4904 2224
f 365 3341 2654
f 5733 1812 4564
f 5836 5837 6313
f 289 549 1924
f 3445 1283 2119
f 5357 1391 5356
f 5903 2592 6443
f 5853 6015 5645
f 1050 4043 2731
f 6067 5230 5231
f 1350 4950 4769
f 6312 6442 4938
f 764 6266 765
f 3209 6249 6085
f 4879 3260 6057
f 6441 6439 6440
f 2382 6438 4442
f 4922 6223 4842
f 305 6437 3576
f 1905 3703 6180
f 4534 5912 4288
f 4322 4154 4895
f 6138 5212 3690
f 5755 4035 6308
f 4044 4733 2082
f 576 5848 6436
f 6250 964 1445
f 2952 2716 2029
f 5263 2506 3606
f 5205 5183 239
f 3584 6072 4701
f 3525 3886 3885
f 5896 5598 1958
f 2003 2001 6435
f 2885 2887 5511
f 633 4547 634
f 5887 5886 4616
f 5258 5125 6350
f 4005 5816 4744
f 4053 2790 2791
f 3478 3480 3426
f 3870 5736 5959
f 6080 5836 6313
f 2058 3865 6381
f 3866 5054 2236
f 6072 5765 4699
f 2488 2489 4996
f 6434 2373 6131
f 2493 5411 6136
f 6433 5099 4971
f 4698 6058 5953
f 3577 3578 6432
f 3335 2544 2643
f 235 4782 236
f 1263 6431 1265
f 1422 2371 2372
f 4808 4287 4286
f 3129 3694 1774
f 1644 1645 2999
f 5612 5107 3864
f 5568 4690 6430
f 5167 5361 4440
f 3440 3099 2820
f 3311 2542 4413
f 182 1080 1079
f 160 3224 4641
f 2851 1757 998
f 195 4584 196
f 5547 1156 1158
f 229 4810 1551
f 5085 1288 6429
f 1759 4750 2755
f 4195 133 4194
f 2356 3440 2820
f 4679 2694 4681
f 6239 3597 4668
f 6428 4347 6227
f 233 234 4586
f 1747 1010 2518
f 375 6180 3207
f 3093 4426 5672
f 5871 4684 5833
f 5028 3947 5049
f 2203 4942 2205
f 3161 2146 6246
f 3377 5208 3745
f 3374 3727 3678
f 5222 5341 6086
f 388 3725 130
f 906 2996 4280
f 3075 4403 6427
f 3249 3248 2387
f 694 5300 6426
f 6323 4365 5987
f 6224 5199 5198
f 3995 2170 3876
f 5557 2714 2204
f 4254 2579 2577
f 4207 3890 3534
f 1365 1366 6413
f 5166 6205 454
f 3648 877 984
f 5023 6316 5102
f 5425 4816 6225
f 2847 6311 6425
f 1462 3096 6424
f 2189 6423 458
f 266 3906 267
f 5081 709 540
f 6422 5847 5587
f 176 175 6243
f 1466 1465 4866
f 5979 4261 4416
f 1983 2855 6421
f 3574 2363 4652
f 5316 1052 824
f 3105 468 5570
f 4741 2337 443
f 3670 2713 4176
f 2874 2960 1816
f 114 115 3245
f 2200 2228 2227
f 4141 4898 4142
f 1438 3888 2179
f 5678 4710 5677
f 2483 2165 2484
f 5532 5024 5360
f 5973 4641 3224
f 4683 3206 1829
f 300 301 1433
f 1909 291 290
f 3200 3785 319
f 1028 5120 6303
f 1002 4997 5084
f 6420 1288 1286
f 932 1259 1257
f 6419 4156 3630
f 1913 2966 498
f 970 1272 5140
f 6418 2410 1907
f 4828 2246 2247
f 1938 6417 3365
f 3827 5891 5307
f 1263 5573 1148
f 2656 4039 5913
f 2486 2487 5075
f 5224 3372 3374
f 115 5623 5017
f 1792 4529 6416
f 2663 968 2871
f 4424 5178 4423
f 1203 119 1204
f 5668 4977 2381
f 5633 5831 1498
f 3175 6115 1546
f 6133 1545 6115
f 5187 3662 3661
f 319 2031 4635
f 305 307 6184
f 364 363 6206
f 3281 4011 3280
f 4992 4085 5309
f 4510 5368 1920
f 5498 5508 674
f 6415 3177 2300
f 1143 3855 2358
f 1099 2388 1221
f 2079 4000 5531
f 6414 4706 6286
f 2779 2777 2289
f 1304 1303 2130
f 1035 6413 1140
f 1683 4496 4553
f 6413 6412 6340
f 4190 4030 5467
f 597 1295 269
f 1684 6411 6009
f 4537 5916 4120
f 610 3408 156
f 1486 1487 5200
f 65 1696 4620
f 2094 5257 6410
f 2146 508 6246
f 306 4940 5171
f 748 6149 5894
f 3345 3304 5763
f 3268 6024 5911
f 1990 2449 6409
f 141 143 6408
f 6373 3890 6001
f 5923 1664 5575
f 6234 5272 214
f 2096 2095 3390
f 4135 5685 5975
f 1823 4758 3006
f 6407 1873 6241
f 2430 5945 5213
f 171 3105 5570
f 52 6206 5166
f 4133 4131 5684
f 5717 2100 3516
f 564 563 4203
f 4665 5728 2186
f 5470 4376 5543
f 2612 6406 644
f 2957 4344 2958
f 193 832 1952
f 448 450 5161
f 5753 5100 5101
f 5241 2126 2125
f 4057 6405 5738
f 3289 705 721
f 5075 447 6382
f 2217 2216 5435
f 1889 454 455
f 5800 5768 5884
f 649 3378 650
f 2850 157 6071
f 2870 6379 1013
f 5731 4818 2804
f 3128 3127 5914
f 4572 2317 2361
f 4568 3007 5714
f 1430 1429 4647
f 3203 6404 284
f 5105 5869 3728
f 3807 5928 3887
f 5225 2869 1495
f 6375 5072 1071
f 2270 4207 6403
f 1782 4839 6402
f 5286 6212 5287
f 2870 1426 6379
f 4647 1429 4646
f 6401 30 6243
f 3561 5143 6095
f 2992 5340 183
f 4783 6400 965
f 4836 2271 4466
f 351 350 2355
f 1921 3648 984
f 2543 6399 1082
f 2154 295 59
f 5789 6092 1614
f 3069 6344 3068
f 104 6398 472
f 2539 6103 6381
f 5303 6397 5744
f 1530 5669 1531
f 5254 4348 5113
f 938 3880 262
f 4588 2147 308
f 6216 4037 6214
f 5450 2397 582
f 5639 4544 6309
f 6349 4232 1660
f 1715 3649 2697
f 6385 5092 1455
f 3419 3067 2769
f 2419 2778 6097
f 3348 5965 4609
f 3623 3622 5294
f 5644 6134 6057
f 2058 6103 6102
f 5239 4706 2052
f 721 705 2858
f 4296 5761 6396
f 3113 5285 3115
f 3893 3894 4754
f 4191 3291 127
f 4933 6079 1399
f 3867 4846 2496
f 5908 5428 3328
f 4601 5769 4918
f 3465 6395 311
f 639 641 4284
f 6213 4972 4971
f 5830 6118 4424
f 4061 2979 2978
f 4109 6394 6393
f 6374 6392 2099
f 2406 3958 1949
f 4191 3242 3291
f 5421 6283 5419
f 6390 2799 6391
f 4579 5665 4578
f 5013 1514 5014
f 5016 5989 4666
f 1738 4580 1621
f 3415 6024 6148
f 6390 6157 6389
f 5391 1339 766
f 1944 572 2811
f 6240 2141 3145
f 3566 5392 6388
f 3242 3241 3291
f 1929 1930 5352
f 3605 2505 1666
f 6387 5192 6386
f 690 4711 6336
f 764 966 6266
f 5736 6037 5959
f 6132 3353 2001
f 5270 1910 1909
f 5388 6295 232
f 2357 3433 1894
f 6167 1631 40
f 5616 2873 2872
f 5108 1366 4395
f 3755 4422 4042
f 4892 6385 1455
f 3749 5345 5449
f 5940 5941 1414
f 3137 5458 3136
f 3979 2586 2587
f 709 2859 2861
f 150 4488 286
f 1559 1557 5870
f 4021 6179 6141
f 5133 3182 5132
f 3373 3372 99
f 778 5664 4869
f 1641 4695 5103
f 5402 256 679
f 3362 1038 244
f 2751 2750 5804
f 5335 3384 5336
f 6338 5835 2145
f 4584 3049 196
f 5534 1650 5354
f 5412 4966 4277
f 6384 6382 6383
f 1267 1268 1117
f 525 527 4616
f 942 243 710
f 1731 1732 6209
f 3315 739 3314
f 4573 2958 792
f 6173 2032 3693
f 1653 4455 5986
f 1254 3048 1578
f 4790 1253 5028
f 3890 5906 6001
f 387 130 4630
f 3283 3284 4822
f 5827 4046 4045
f 1447 103 1449
f 3788 3787 4087
f 3721 2694 5139
f 1758 1759 3251
f 1585 1587 1430
f 5920 4928 4103
f 1374 4880 6318
f 2538 2539 6381
f 2991 1367 6380
f 2563 5670 1530
f 1426 1036 6379
f 4119 892 3017
f 1910 3744 2384
f 5135 1930 1928
f 5725 60 59
f 6378 2267 3326
f 3427 3428 4416
f 4641 5524 4642
f 5858 5624 5626
f 451 3606 63
f 4570 1086 1017
f 2814 2813 6377
f 3761 5420 3965
f 4216 1575 1573
f 3827 6164 1625
f 2938 6273 1003
f 1089 1566 1088
f 828 3942 5833
f 4960 5697 4961
f 2366 1324 2540
f 2734 1911 2275
f 2127 4844 4843
f 5620 5291 5190
f 4207 5906 3890
f 5321 1736 3798
f 1324 6230 2540
f 5217 5966 4827
f 5977 5551 6376
f 5482 6375 1071
f 4821 4083 6016
f 6374 105 6098
f 3498 3499 4621
f 957 4572 6204
f 3945 3943 2011
f 4060 4693 396
f 4518 5954 5283
f 6373 3889 3890
f 666 957 6204
f 417 5371 1506
f 2136 6170 5040
f 3172 426 428
f 339 4371 337
f 5311 12 697
f 1920 4845 4510
f 3206 5170 6372
f 5380 1085 5379
f 5053 5980 4516
f 3819 194 1952
f 5973 405 4641
f 1099 1100 2388
f 3568 5155 5164
f 2235 1810 4465
f 6187 6217 5297
f 5326 5327 5793
f 5954 4518 5964
f 5718 3234 6371
f 4291 4292 5043
f 597 4158 598
f 517 4691 2142
f 1901 1902 5100
f 6370 6066 6065
f 4950 4952 4767
f 1322 259 542
f 3034 1456 5320
f 3727 2773 2772
f 4146 5634 5431
f 5873 3307 5682
f 2942 1505 1503
f 5682 5393 5329
f 5894 2129 1458
f 3623 5294 3364
f 3633 5591 5452
f 6183 3761 5680
f 2566 2565 5356
f 4672 2161 1664
f 4166 5513 5824
f 3775 340 5673
f 5726 6097 6233
f 4326 3587 4336
f 1948 1552 6359
f 3396 6322 5786
f 3082 1168 5082
f 5492 5323 1217
f 6369 4579 5546
f 637 3150 1626
f 4009 1464 6129
f 1687 1689 5382
f 4437 3992 1954
f 4245 4820 4819
f 4981 6022 4980
f 3063 2022 3897
f 1857 5704 5710
f 3195 2495 2494
f 2652 3287 5752
f 5947 4075 6368
f 3269 3268 5911
f 2317 6367 2315
f 2869 3296 1495
f 5679 1905 1903
f 2570 6366 2569
f 6309 81 2156
f 865 5461 1877
f 2937 5546 4577
f 6264 6365 4406
f 2681 5349 6364
f 5036 3748 6363
f 5878 4725 4189
f 6240 739 741
f 3722 1753 1752
f 6289 6361 6362
f 1127 1218 5353
f 4256 6317 4187
f 4643 6026 4313
f 629 615 4279
f 2864 2863 3252
f 308 3653 2612
f 4695 4967 775
f 4908 6360 5157
f 4270 4269 3944
f 800 6249 3209
f 1578 1255 1254
f 4131 5003 5684
f 4815 6226 4816
f 260 3988 259
f 1552 4740 6359
f 1732 283 6209
f 3784 4393 3300
f 4381 4998 252
f 2614 3339 5586
f 6200 6358 4786
f 607 2379 606
f 4762 3529 5435
f 5110 1383 1381
f 1261 77 76
f 534 2540 6113
f 4564 4565 163
f 5664 5956 3082
f 3066 518 788
f 5937 3860 5714
f 5886 525 4616
f 1834 1833 2828
f 4433 3703 3254
f 3031 4203 563
f 798 799 4557
f 4280 2024 6059
f 5159 754 5160
f 4696 4967 4695
f 4567 3498 4623
f 1809 5089 4140
f 2162 3891 1963
f 3268 6147 6024
f 1875 2452 5426
f 6188 2411 6357
f 858 2007 731
f 4322 4320 3984
f 2694 4679 5636
f 6274 1422 6356
f 3777 3859 3779
f 6153 1838 4801
f 5517 2427 2425
f 2469 2176 20
f 4087 5621 3761
f 2492 5494 4655
f 4504 5618 4505
f 594 595 3192
f 5831 4425 4626
f 5691 4420 4419
f 1216 1807 2641
f 121 6235 4281
f 3974 822 821
f 2465 4049 2464
f 2395 68 4333
f 6280 5781 4769
f 1105 5829 2782
f 1333 1402 5514
f 6355 2952 2951
f 1853 6095 1854
f 5927 2112 962
f 351 5031 349
f 4581 3626 3625
f 2649 685 2794
f 2594 4058 2595
f 4585 4515 4514
f 4599 2792 2650
f 5242 3974 821
f 1549 5659 6354
f 4229 2016 4230
f 2505 4307 1666
f 6296 245 234
f 6353 4970 1786
f 5961 5573 4388
f 5439 5556 4975
f 3634 2107 5591
f 5550 5977 6352
f 4538 136 135
f 3199 3200 6351
f 5125 4226 6350
f 4646 1429 2211
f 242 5487 5660
f 5591 6126 5452
f 948 1042 5222
f 2426 1707 2425
f 4672 5067 2161
f 1660 4043 6349
f 2080 1448 1449
f 5561 4600 6348
f 4020 4019 5579
f 4038 6347 6214
f 1886 5790 1887
f 865 867 5681
f 1402 1333 3705
f 701 3153 699
f 2507 2509 4248
f 1778 6346 2432
f 4995 5369 5149
f 959 6345 3692
f 4312 2482 2600
f 2663 2871 6344
f 5957 2139 4452
f 940 1044 1296
f 5931 6343 5971
f 5632 5613 3278
f 6122 3227 3226
f 5763 3511 16
f 5415 2118 5804
f 5502 1315 1947
f 1592 3922 2758
f 4185 4184 544
f 3935 5727 5726
f 139 140 450
f 4113 6342 5671
f 6341 3773 3771
f 5854 862 1941
f 5373 3570 3569
f 3979 488 2278
f 5 4381 2968
f 5512 1933 3581
f 4830 4831 5943
f 4141 4140 6331
f 3012 3202 2414
f 2515 3181 2427
f 1042 1956 5222
f 5661 5487 4430
f 881 4025 880
f 4887 2743 4999
f 581 295 580
f 3118 2922 5727
f 5978 6066 6232
f 1365 6340 4006
f 1785 1786 4969
f 6339 5730 5175
f 2781 851 3101
f 3961 3131 5282
f 5787 3798 4302
f 5910 1087 3746
f 4490 4491 6338
f 5137 5018 1594
f 6173 6337 1309
f 4711 1590 6336
f 554 555 2851
f 5648 93 4324
f 4197 1830 1570
f 4273 5933 5934
f 2039 2255 2367
f 4943 5062 5218
f 3246 3525 3885
f 3781 39 37
f 3971 6168 6335
f 2323 513 512
f 3317 3316 6334
f 459 727 726
f 2777 6333 6332
f 4612 4071 6250
f 6087 5368 4508
f 2686 4685 2390
f 2293 6331 4140
f 5367 5624 6170
f 1857 5710 5895
f 2418 1968 1969
f 4365 6323 2576
f 5958 5939 4986
f 5352 6131 5351
f 2705 2642 6093
f 5369 4987 1176
f 6114 3688 3689
f 6067 3801 3800
f 6330 3210 2260
f 5301 6032 5610
f 3709 3708 4528
f 4137 4138 5696
f 2762 2761 6329
f 4370 5574 5575
f 3731 6202 3522
f 1182 1183 10
f 3461 4535 5238
f 4377 5271 1562
f 593 5741 1165
f 3612 945 6210
f 4861 4862 4771
f 3950 1248 3048
f 5703 4177 4176
f 357 4911 4106
f 1103 2821 3099
f 4951 3339 4791
f 138 6328 4622
f 838 839 1041
f 3133 4478 1479
f 4957 5707 5963
f 5223 3480 1230
f 1770 1768 1235
f 5596 2153 6136
f 3749 5449 5448
f 4556 4472 2060
f 1694 3288 3287
f 3440 3441 3099
f 664 4211 3295
f 3591 3590 5481
f 3980 2915 5868
f 5038 487 6282
f 1415 1238 1236
f 5162 5090 3792
f 774 1122 3223
f 4825 1497 5179
f 2875 5993 6041
f 3942 5822 1491
f 1108 3948 6314
f 831 832 688
f 1307 6265 6232
f 3580 3030 5127
f 3717 5013 5554
f 5393 3018 5329
f 6327 4199 1571
f 3502 5560 297
f 4037 4038 6214
f 6244 4719 3310
f 5315 4246 5313
f 5685 332 5975
f 2148 6053 2013
f 4841 5647 6326
f 4554 2962 4257
f 5532 1855 4371
f 3378 3925 650
f 1387 756 755
f 5844 3923 831
f 2302 4947 2303
f 5195 5196 6044
f 4715 4902 4131
f 1625 3125 5891
f 6325 906 3239
f 816 543 545
f 5834 4745 4744
f 4873 873 872
f 1674 2469 4444
f 4039 4040 5913
f 6176 652 5647
f 3817 832 830
f 3395 3396 5786
f 373 3519 5956
f 1165 5741 6324
f 2362 3572 4273
f 6323 659 2576
f 6015 5643 5645
f 5890 5891 6118
f 2787 1239 2711
f 6322 5905 4876
f 5246 3702 5679
f 4712 252 251
f 5432 6000 5621
f 435 4559 436
f 4690 5485 4689
f 4337 3408 723
f 4580 1030 4091
f 1786 4970 4969
f 2080 4244 1448
f 6321 1107 1106
f 4033 4007 1181
f 5972 2440 404
f 5553 2955 2953
f 4246 5084 5313
f 1337 1561 2334
f 5260 5117 4438
f 6293 3239 4280
f 6320 5103 4550
f 3616 5571 4627
f 399 401 6319
f 5743 4838 5861
f 4273 1419 5933
f 3033 5787 5471
f 5465 97 2709
f 2344 1372 6318
f 5044 1327 117
f 3666 1905 6180
f 6317 683 3750
f 2211 734 735
f 4466 2271 4542
f 5923 4672 1664
f 5427 2919 3815
f 2396 4792 68
f 4414 4792 2396
f 1306 1307 6232
f 1822 4201 2550
f 2532 5461 5681
f 3588 3587 4339
f 5776 874 6302
f 4541 6316 5023
f 6315 1817 4227
f 3948 5948 6314
f 1946 573 1944
f 6274 4327 5358
f 1587 1586 1293
f 1762 1761 2302
f 3731 3730 6202
f 1212 4719 5274
f 876 4653 2795
f 5837 2044 6313
f 4389 5803 5949
f 1601 5929 1840
f 3070 3071 6130
f 924 6312 4938
f 3924 831 3923
f 6311 1459 2679
f 3244 3903 899
f 1886 1888 2514
f 2964 4305 3615
f 5456 2074 5462
f 4956 3605 1666
f 5378 5376 6310
f 4748 4746 5289
f 2365 6211 6212
f 3366 1343 169
f 5903 5904 747
f 5737 3154 5550
f 5428 3816 3327
f 4621 3499 5853
f 5324 1102 5877
f 6035 3213 2196
f 5093 3208 5124
f 5831 1497 1498
f 900 2389 4686
f 5938 4603 4602
f 3121 5485 4690
f 5909 1798 6189
f 2364 2666 2363
f 3522 6202 3242
f 5713 5230 3987
f 3540 5495 5214
f 4486 2873 5616
f 540 542 5081
f 4544 81 6309
f 1287 5444 1286
f 2719 2331 5319
f 5748 3222 3221
f 2680 5757 2192
f 2164 3342 4489
f 798 4557 4939
f 4707 1788 4314
f 966 15 6266
f 333 334 524
f 3061 2306 3059
f 5641 4870 3230
f 3242 6202 3240
f 2127 6149 3213
f 154 4865 6308
f 1955 6046 6307
f 2520 3346 523
f 427 4705 3598
f 978 3810 979
f 4439 5117 5522
f 1865 2803 6222
f 1996 4912 4024
f 5398 5155 6306
f 6101 4400 1015
f 6014 2789 1004
f 3859 1196 1195
f 1227 349 2611
f 5272 6234 1293
f 5210 1728 916
f 5474 5602 1951
f 4512 5871 6197
f 1311 5948 3948
f 4152 6305 6259
f 3231 3419 5926
f 1707 2825 5517
f 4238 5866 4514
f 6304 1028 6303
f 1942 6067 613
f 2561 5776 6302
f 5915 451 452
f 3801 6067 1942
f 5579 419 3718
f 3645 4862 6043
f 3877 1463 847
f 4154 4322 3984
f 1149 3994 151
f 2504 1072 5676
f 307 306 5171
f 5710 5704 453
f 6301 2282 1854
f 6300 1840 6140
f 2167 6299 2097
f 6298 2640 494
f 6113 6230 6128
f 5177 5178 6297
f 5764 2150 3969
f 107 6123 106
f 1179 340 342
f 2872 3669 4463
f 3944 2892 1069
f 1813 1814 5789
f 5094 2472 2474
f 2825 2824 5517
f 5491 6150 3737
f 1432 1475 1431
f 4172 5801 5799
f 234 5193 6296
f 4309 5651 439
f 4376 2636 5543
f 5388 5029 6295
f 6294 6293 6059
f 4712 6252 2746
f 572 1990 2811
f 5219 6292 5276
f 5634 3700 5635
f 3587 3058 4336
f 4924 3064 4923
f 552 6291 2415
f 1438 1439 3888
f 2410 1908 1907
f 3957 1466 4866
f 5945 6125 5213
f 5100 1902 5143
f 5441 5440 5086
f 6290 4610 6158
f 2835 5382 2834
f 4044 2082 4045
f 5612 70 5107
f 639 2182 1393
f 209 4853 3541
f 2159 1137 4358
f 4731 4730 1579
f 4597 5676 5677
f 2880 3597 6239
f 4988 3067 3419
f 3078 3014 5522
f 1244 2767 1242
f 5084 6289 5590
f 1658 5583 2118
f 5855 796 795
f 3918 3116 4123
f 6288 6287 4156
f 5692 6286 5691
f 1315 3609 1314
f 3936 5917 3790
f 3159 2103 3023
f 2251 4283 2249
f 2326 2740 2995
f 1734 1687 2835
f 80 3047 4446
f 5766 5767 4650
f 5747 3915 3916
f 1282 3592 5064
f 5961 6285 5573
f 3773 5667 3152
f 1828 2458 3791
f 5265 5266 5430
f 5807 4728 4727
f 2139 5957 5635
f 3881 1868 2537
f 4253 195 197
f 4743 1875 5426
f 4389 1848 1849
f 2322 2321 6284
f 2675 6283 4076
f 5604 4978 5748
f 6282 1233 2790
f 1135 4067 5087
f 4411 4410 3158
f 4666 6047 5728
f 713 4296 2883
f 3390 4457 6117
f 6022 5812 4980
f 2004 384 385
f 4448 2243 2832
f 5712 327 1948
f 6015 3499 6281
f 3734 3735 1300
f 6280 6279 5781
f 2552 4834 5501
f 1093 6278 5290
f 4978 3222 5748
f 318 319 3913
f 1188 5797 1186
f 3445 2988 3021
f 4118 1413 1407
f 6277 2596 2595
f 5739 2591 1126
f 475 4814 463
f 2984 1597 4631
f 5304 585 5305
f 1200 2312 2314
f 4401 4400 3635
f 6276 1211 6275
f 1044 940 941
f 1018 1019 3628
f 3928 6159 5516
f 3301 4245 4819
f 3811 603 2549
f 3273 3272 4555
f 5853 5645 5964
f 3025 4045 2081
f 3886 3525 805
f 495 2260 3210
f 593 1165 1164
f 4544 5639 3460
f 4209 4714 3822
f 4969 882 6274
f 3700 2139 5635
f 4598 4709 5911
f 6273 1001 1003
f 6252 4712 251
f 2919 2341 3815
f 5551 5977 5550
f 6272 4797 4923
f 4652 4651 5188
f 760 4028 4589
f 6271 5846 1835
f 6270 6269 2471
f 3031 3580 4204
f 2593 462 6268
f 799 797 4574
f 5946 5433 5947
f 4089 2082 4733
f 4253 5565 195
f 4368 4678 4925
f 5893 5350 2808
f 2813 2815 2024
f 883 2863 2865
f 5544 2131 2130
f 3729 6267 3730
f 1684 6266 1686
f 2908 1715 531
f 3738 3507 5791
f 5867 2366 1335
f 2339 3167 5668
f 4180 3256 3254
f 2591 4697 3020
f 6265 2177 2175
f 255 1962 2083
f 5839 4889 5594
f 5497 1217 1215
f 2980 1444 1446
f 1349 5782 4394
f 1693 190 179
f 3468 1270 6264
f 6263 5884 4567
f 2064 4490 4615
f 1652 6262 2902
f 3616 5549 5572
f 2117 3028 3501
f 1774 3694 2393
f 4170 70 58
f 1209 1211 6261
f 1154 1329 200
f 3028 1727 1725
f 4980 1699 1701
f 855 854 6260
f 2619 6259 6192
f 4709 4597 5677
f 4968 6258 6203
f 4218 5650 5656
f 1642 6258 4696
f 5556 1581 4975
f 1332 6077 5569
f 4485 6186 4484
f 986 3027 4143
f 5790 2427 5517
f 1535 1537 5179
f 6257 6256 6255
f 2401 1529 1511
f 4263 4400 6101
f 5535 441 440
f 5031 351 5032
f 4711 5749 1590
f 4837 1034 3638
f 6043 4860 5786
f 27 666 26
f 3612 6210 4900
f 4932 3741 845
f 3221 5394 600
f 3966 509 2723
f 5072 5678 1072
f 4604 4724 1175
f 6218 6096 1432
f 1293 6234 1294
f 3590 2727 2726
f 5931 756 1387
f 4801 5863 5862
f 4988 2176 2469
f 1723 5466 1775
f 1272 959 5383
f 6254 6252 6253
f 2041 2040 3490
f 3930 3932 2516
f 5485 1006 6005
f 19 20 4073
f 6251 2432 2572
f 1453 3755 3864
f 4071 4783 6250
f 562 3313 3314
f 5262 5693 6069
f 6125 5429 3514
f 6016 4640 5930
f 2003 5729 2075
f 757 758 6249
f 3947 4558 1451
f 1584 1583 4264
f 5541 3325 3324
f 3593 6248 6092
f 4108 1095 466
f 1535 2523 1536
f 3181 3182 2426
f 3381 1845 1846
f 4110 5684 4111
f 2323 512 6018
f 1270 2155 1269
f 4123 3116 2793
f 363 4126 4127
f 6247 1714 1752
f 815 4192 813
f 508 509 6246
f 3710 6245 2905
f 4138 6224 5696
f 20 2177 4073
f 2409 854 2516
f 5871 4174 4684
f 2530 5589 6002
f 1476 2934 1475
f 6002 3804 6027
f 1692 178 3957
f 3593 2665 1703
f 5612 1063 71
f 4958 4383 2914
f 4684 829 5833
f 4232 4545 4233
f 4462 3464 2310
f 4136 5240 2051
f 4490 4186 4615
f 1742 1740 3144
f 215 6244 5769
f 5816 5834 4744
f 30 4345 6243
f 5494 5493 2307
f 5590 5059 5313
f 4497 2667 4498
f 4528 2991 1839
f 3517 3038 153
f 5600 5187 3016
f 996 3934 6233
f 6242 4571 4570
f 6241 1873 1874
f 1659 6048 1657
f 472 1409 1526
f 1928 1929 1863
f 1242 2557 1243
f 5142 2924 3285
f 5542 1569 6196
f 5237 506 4212
f 4220 5300 696
f 5300 6032 5301
f 3298 2190 458
f 1323 3019 4267
f 574 575 1370
f 6084 91 2409
f 6118 3124 4424
f 5707 1577 3048
f 2487 739 6240
f 1607 1186 4162
f 3467 3911 3046
f 886 3225 3826
f 4787 2485 5760
f 1934 5322 6239
f 4592 5433 5432
f 1825 2580 5278
f 2874 1467 1468
f 1935 4668 6201
f 6238 1984 3831
f 1886 2513 5790
f 4794 2510 4006
f 1337 1338 1490
f 1563 5754 5753
f 6237 2382 4458
f 3425 144 5127
f 4396 4397 2227
f 1455 6236 1454
f 121 120 6235
f 5487 4429 4430
f 4571 6234 4569
f 3934 5726 6233
f 6066 1306 6232
f 3213 6149 748
f 130 3725 129
f 1327 5044 858
f 6185 6231 3784
f 5184 3492 3134
f 5320 5787 3033
f 1373 1279 3122
f 4803 1084 1083
f 2764 2628 3882
f 4292 867 866
f 761 3776 762
f 6230 1324 1326
f 6049 2841 3772
f 595 596 5197
f 6098 3058 3588
f 6229 2423 8
f 3954 3955 2779
f 6228 1894 1892
f 4347 5335 6227
f 539 6091 6090
f 4567 4623 4342
f 1644 3976 1646
f 2061 213 211
f 1716 2428 3117
f 6226 6225 4816
f 5641 1262 5273
f 6224 5198 2459
f 3015 1369 4747
f 4298 5474 1951
f 4842 6223 5029
f 3300 4819 3111
f 2026 2242 4959
f 5932 1867 6222
f 1400 2382 4442
f 654 6163 6221
f 2298 2074 5456
f 2233 1476 6096
f 1448 6220 1447
f 1018 6060 1017
f 5683 5412 4848
f 1968 5547 1158
f 5852 1690 4622
f 3973 3975 4754
f 6219 3594 3596
f 3190 3623 2478
f 3276 3619 3621
f 4904 4758 1344
f 682 5505 2354
f 3658 2842 947
f 1196 426 1194
f 4817 2561 4976
f 5255 5369 4168
f 1532 4186 2145
f 2137 2138 4013
f 4272 5675 2653
f 4705 2214 3598
f 1258 1782 392
f 1939 6218 1937
f 2899 3163 2036
f 6217 779 3610
f 6216 6214 6215
f 5879 5601 2285
f 3290 4288 128
f 6213 5099 3447
f 6212 6211 5287
f 345 1896 3222
f 6210 4899 4900
f 6209 6208 6207
f 3512 3398 3513
f 6206 6205 5166
f 2416 6114 3689
f 4166 5603 290
f 4572 2361 6204
f 5835 89 6203
f 3240 6202 3735
f 651 5182 5687
f 503 2330 3506
f 1911 1912 2275
f 3714 5940 1236
f 6201 5460 6199
f 2614 48 4791
f 4614 5540 6196
f 6200 2556 4858
f 6199 6198 2624
f 2468 2640 2412
f 2120 3445 2119
f 6197 6031 4512
f 337 3476 338
f 4566 2501 2503
f 873 5076 5259
f 5202 4434 2253
f 1439 863 4563
f 3903 1832 5536
f 5576 2699 3713
f 3843 4183 4185
f 5007 4561 5006
f 2454 2695 2452
f 3491 5851 106
f 2370 2371 2896
f 4613 4614 6196
f 3435 5711 3436
f 4833 3166 6195
f 2865 3906 5366
f 6194 4625 6193
f 2267 2265 5908
f 6192 5555 3173
f 6191 4551 6190
f 3942 5872 5833
f 5909 6189 382
f 6077 3261 5284
f 261 259 1322
f 3467 3466 3911
f 1630 2411 6188
f 6187 5296 6186
f 5023 4372 3438
f 6185 2312 1783
f 5212 5515 1404
f 1237 3573 1236
f 5662 4932 3899
f 4440 5361 5325
f 4584 2411 1632
f 3339 3340 5586
f 1628 817 545
f 6184 6183 6182
f 5611 2113 6181
f 6180 3703 3207
f 45 5848 574
f 2629 2631 5146
f 1991 2131 5544
f 683 5993 3750
f 6179 4095 6141
f 422 6178 2683
f 6177 4917 4844
f 4765 4138 4139
f 697 1183 698
f 5116 6176 5647
f 4770 4508 4766
f 344 4755 4678
f 3101 851 850
f 6175 6174 1457
f 2032 6173 1309
f 2826 4181 5232
f 883 5366 884
f 4566 558 557
f 6172 5689 4251
f 2735 6171 4290
f 1292 5251 4740
f 3845 1881 4426
f 5051 5875 5876
f 5155 5156 5164
f 6170 1486 5367
f 3893 3975 4475
f 3528 3541 3542
f 5817 3413 3412
f 3151 6168 6169
f 1030 1031 3907
f 4067 3069 642
f 81 83 2156
f 3326 1631 6167
f 2161 1691 1664
f 4381 252 2968
f 1487 3660 5200
f 1852 1851 6166
f 5643 6134 5644
f 3330 4062 3329
f 1557 1827 2867
f 1578 1576 359
f 5728 665 2186
f 6099 6165 4435
f 6164 3827 3225
f 1437 2714 6163
f 2565 5598 5896
f 1662 2518 1663
f 6162 6161 937
f 1469 2720 3323
f 1960 2838 2836
f 4450 4814 2664
f 4153 1431 2932
f 6160 5882 5562
f 6159 3274 3273
f 4610 2893 6158
f 501 5641 3230
f 1755 3835 6157
f 1808 1856 1858
f 1830 6156 136
f 6155 4851 5533
f 2981 39 589
f 2178 2159 4358
f 6032 3395 5610
f 3927 6154 4241
f 2707 6153 5862
f 6058 6152 3199
f 177 191 5646
f 3169 6151 5566
f 6150 4412 4411
f 3292 1533 2374
f 6149 2128 5894
f 2486 3314 739
f 6024 6147 6148
f 3755 1051 5316
f 6146 2980 1446
f 1604 1055 1054
f 4129 4120 3559
f 191 4359 5646
f 868 1058 3168
f 3257 4781 5657
f 6125 3514 5213
f 5828 5692 4362
f 3297 458 457
f 3223 1122 1124
f 6145 184 3713
f 6144 6142 6143
f 2022 2021 3897
f 4095 2753 6141
f 1840 5929 6140
f 6139 5142 6053
f 5685 334 332
f 4139 2054 2055
f 4458 2382 2383
f 6138 3690 3692
f 5434 2216 3309
f 1528 1529 1565
f 5484 6137 5483
f 5713 4618 1560
f 5476 5798 1729
f 5079 4360 4489
f 5462 91 6084
f 2952 2029 2028
f 2656 1502 3774
f 2346 2345 6136
f 2482 425 2600
f 2571 6135 3508
f 5999 1736 1354
f 6134 4728 6057
f 768 4341 4475
f 4710 4709 5677
f 4931 1769 1770
f 1545 6133 5657
f 5066 5065 5812
f 1780 304 303
f 4542 2962 4554
f 4080 4081 3603
f 3799 3801 3868
f 5272 1212 5274
f 4949 4948 5980
f 4199 4198 4197
f 5165 1527 899
f 4509 3353 6132
f 5114 2224 3814
f 4958 980 979
f 1992 5946 1993
f 4419 692 4361
f 2337 5709 2335
f 919 2807 920
f 5236 248 380
f 5540 4614 5141
f 6023 3621 3620
f 5740 856 732
f 2368 5244 4637
f 1611 4474 1609
f 1488 4308 1519
f 4802 1368 869
f 5035 5878 4190
f 5672 2701 2702
f 6131 6019 5351
f 547 3070 6130
f 1466 3957 6129
f 5437 609 820
f 4994 4995 6128
f 3916 3753 6127
f 6126 1767 5452
f 3058 6098 3057
f 3976 1884 1646
f 4592 5432 4593
f 4225 4074 2849
f 5606 1187 1608
f 5693 6068 6069
f 836 1589 1588
f 730 4976 4188
f 3629 5429 6125
f 6124 584 5385
f 5350 4046 5827
f 1780 5806 304
f 4914 5609 5642
f 556 558 2405
f 5897 3347 5564
f 1064 5743 5860
f 4405 1763 3420
f 5778 4906 650
f 107 2904 6123
f 4043 4319 4318
f 3227 6122 2417
f 837 686 288
f 2343 2342 6121
f 6120 1268 1266
f 5040 6119 4229
f 3501 2816 2818
f 2778 5130 6097
f 3125 3124 6118
f 4457 4456 6117
f 2916 3902 6116
f 2340 2034 2339
f 1562 1564 4378
f 2648 3663 3665
f 1545 1546 6115
f 5047 2422 4298
f 1664 5856 5575
f 302 4993 303
f 4371 1855 2439
f 2972 5453 4051
f 6088 3429 4242
f 3677 5935 3077
f 4441 5325 5808
f 5280 6093 3825
f 1368 868 869
f 482 5008 4399
f 5648 4324 5649
f 4816 3941 2589
f 5781 6114 551
f 4859 534 6113
f 6112 6111 155
f 1807 1806 2641
f 1010 1011 2517
f 3721 4681 2694
f 5553 2689 2929
f 3257 5658 2812
f 555 4449 672
f 5405 3247 3246
f 2963 1506 4257
f 5613 4375 5359
f 760 275 4027
f 3573 4652 3715
f 5021 2906 2905
f 29 5104 1737
f 2549 603 3917
f 769 3126 768
f 1278 4268 4818
f 2705 6110 1215
f 4148 5634 4146
f 2373 6109 2374
f 719 717 6061
f 5881 5882 5414
f 1478 3577 5134
f 5033 2575 786
f 6108 3912 833
f 6107 5681 6106
f 5230 6067 3987
f 4476 3975 5242
f 6022 4981 6105
f 1699 5811 5430
f 6104 3262 2351
f 5229 4932 3410
f 6103 5984 6102
f 6101 4522 6100
f 1694 974 973
f 4555 2564 3527
f 4422 4319 4043
f 2262 2264 1076
f 3097 4534 4325
f 6099 6098 3588
f 5702 4177 5703
f 5726 2419 6097
f 3259 3720 3260
f 6096 1476 1432
f 2922 3118 3120
f 2532 165 5461
f 4749 837 95
f 4098 2888 2890
f 1853 3562 6095
f 6094 2705 6093
f 2926 3189 1357
f 2894 5151 3924
f 5789 3593 6092
f 4117 5876 2713
f 387 1597 386
f 2786 2785 4676
f 5198 5758 2459
f 2581 3875 3294
f 675 6090 6091
f 5527 3565 3548
f 4718 3551 3550
f 4825 5179 712
f 1896 1895 5394
f 1375 1376 3999
f 5918 6089 5920
f 2522 4841 3832
f 1565 1529 1566
f 6088 5267 5265
f 3498 5768 3497
f 2924 2421 2922
f 6087 4862 3645
f 5341 413 6086
f 1769 1900 4546
f 5622 2232 5017
f 3279 4852 3768
f 1785 4969 3188
f 3209 6085 6084
f 4583 2671 2670
f 3646 2538 5972
f 3193 1768 4144
f 4867 5616 3391
f 4991 3160 3023
f 4008 2453 2895
f 6083 759 5413
f 5676 4597 5599
f 3787 6082 4593
f 810 5614 687
f 1525 2240 472
f 2879 6081 2194
f 6080 6079 2495
f 2998 22 24
f 3123 4220 696
f 2080 2082 4088
f 3672 4524 3673
f 5525 6078 1940
f 3259 3261 6077
f 2774 5545 2775
f 1437 6076 2714
f 6075 112 1074
f 4337 4658 3130
f 3271 861 2307
f 213 5148 4074
f 6074 6073 3651
f 5596 2345 2708
f 4993 3696 303
f 6072 3584 1924
f 2850 6071 1361
f 4902 5002 4131
f 3755 3754 4319
f 3864 3755 5316
f 1483 2925 2319
f 4349 6070 4353
f 3831 5904 5654
f 1576 2878 4911
f 5484 5088 6033
f 6069 6068 2328
f 3247 892 124
f 461 460 2343
f 2184 2183 4276
f 2489 4164 4996
f 4489 2647 3229
f 3987 6067 3800
f 6066 5499 6065
f 5458 2193 5243
f 3459 3853 3407
f 148 5083 1167
f 3852 3406 3407
f 836 1588 4007
f 3337 2084 1964
f 629 186 628
f 3537 2949 2950
f 4891 5465 3283
f 2356 2354 6064
f 2237 5639 5629
f 5110 6063 4776
f 6062 719 6061
f 5592 853 4723
f 3627 6060 3628
f 3115 4003 3706
f 6059 2024 1101
f 5187 5186 5695
f 4147 6058 4698
f 3260 5955 6057
f 6056 6055 5473
f 5294 1850 3364
f 4373 6050 4370
f 5241 6054 2721
f 1584 5500 4897
f 6053 3285 2013
f 4132 4224 4715
f 5795 4587 5792
f 646 4289 4235
f 4497 957 2667
f 3794 4219 3820
f 2956 1941 2860
f 2490 1992 1994
f 4028 4027 1584
f 4301 4128 4272
f 5903 747 746
f 5793 398 6052
f 844 845 4691
f 504 503 3506
f 5327 6051 5793
f 4370 6050 5574
f 2841 6049 5751
f 3162 52 5166
f 5061 4947 6048
f 4796 864 4795
f 448 1802 1804
f 5115 5805 5116
f 289 1926 1332
f 3790 5917 2867
f 1740 3138 3144
f 4443 1232 486
f 5640 2226 1377
f 3154 1406 5550
f 5560 3459 3458
f 6047 665 5728
f 3058 1862 4336
f 3779 3859 1195
f 3763 6046 3788
f 1213 1585 4647
f 1884 714 1646
f 4967 773 775
f 2743 2149 4999
f 5957 5814 5636
f 5687 928 651
f 2375 4228 1319
f 4388 5573 6042
f 3841 5468 4338
f 6045 5989 5016
f 756 5931 237
f 379 247 4395
f 648 3555 4646
f 5196 4470 6044
f 5324 1567 2819
f 5340 770 5339
f 3645 6043 3644
f 4682 135 5888
f 6042 5344 113
f 3240 3866 3241
f 5345 6021 5449
f 2282 2687 2439
f 4808 2053 4287
f 5118 6028 681
f 3500 5194 4922
f 1416 4575 4350
f 2316 2359 2361
f 2580 2724 5278
f 3748 1398 5464
f 5924 5098 4023
f 272 3575 271
f 5993 6040 6041
f 6039 1898 1897
f 2900 741 5118
f 6038 6037 5735
f 5381 6036 5382
f 2024 1100 1101
f 832 193 688
f 2817 5194 3500
f 2127 3213 6035
f 1848 4389 4387
f 1472 1474 5730
f 6034 5484 6033
f 2829 3950 1254
f 6032 4220 3395
f 677 2100 5717
f 2112 5927 5701
f 4083 5147 6016
f 5070 5387 5068
f 6031 5355 4512
f 2656 809 4039
f 3968 3967 1903
f 6000 5162 5621
f 2817 246 5194
f 5515 1402 1404
f 324 1180 801
f 5028 5049 4293
f 3594 5365 3595
f 1474 5094 5730
f 2907 1193 6030
f 257 3386 3214
f 3970 1878 1877
f 1124 1123 1120
f 4773 5205 239
f 2016 5834 2017
f 6029 5802 5803
f 6028 3315 3436
f 4173 590 1805
f 2938 2939 5090
f 5373 4335 1106
f 3804 6026 6027
f 4789 6014 6025
f 5911 6024 3414
f 3868 3532 3867
f 1818 5771 1467
f 1675 4469 2770
f 3412 6023 4774
f 6022 5066 5812
f 698 1974 5191
f 6021 1698 5131
f 665 2480 2186
f 4365 4366 5986
f 6020 5810 5824
f 4931 2312 1769
f 6019 4718 5351
f 5528 2323 6018
f 73 5924 72
f 3655 3656 4773
f 5954 5645 5644
f 109 4231 2048
f 1917 499 2491
f 5678 5762 4710
f 2590 3356 5173
f 1861 1860 1047
f 6017 3340 5209
f 5520 3693 3558
f 5930 2634 6016
f 3499 6015 5853
f 5906 3000 2530
f 6014 502 661
f 6013 1389 2917
f 1296 1297 6012
f 3810 5167 979
f 6011 6010 203
f 1684 6009 765
f 5254 1118 3164
f 812 5501 811
f 827 826 4222
f 6008 6007 3179
f 6006 2798 5302
f 5919 5920 4103
f 3350 2993 3258
f 5485 6005 4689
f 4756 1745 1947
f 4379 5007 5008
f 6004 6003 3029
f 2246 4828 4068
f 581 582 296
f 1372 2344 4134
f 1184 5910 5909
f 5906 6002 6001
f 3232 3303 3896
f 3317 6000 5432
f 4244 3308 1448
f 2918 1420 2608
f 3911 3910 1289
f 3170 5999 1353
f 3824 1857 5895
f 360 1931 5998
f 5997 2686 5996
f 5619 4346 3704
f 3074 5995 302
f 3631 4343 5994
f 5993 2875 3750
f 2922 2421 5727
f 5992 4896 4895
f 5991 4479 5990
f 4482 4481 5701
f 4940 2570 5172
f 3869 5606 5605
f 4505 5746 5708
f 226 227 2661
f 5989 622 4255
f 5988 2205 4942
f 2901 5987 5986
f 724 611 3873
f 1741 4764 1740
f 1822 1824 3778
f 1114 1115 1596
f 5985 3049 4584
f 2060 2604 2059
f 5889 5174 4888
f 5907 5984 5328
f 3539 4180 5246
f 4488 5983 2678
f 824 825 5316
f 4881 1374 3122
f 5982 1222 1223
f 5981 745 747
f 4576 722 721
f 3971 51 4511
f 5053 4949 5980
f 5768 74 4949
f 151 287 5120
f 5979 4262 4261
f 3941 2450 2589
f 5789 1814 5689
f 2005 3344 3343
f 3543 1375 3216
f 5355 5801 4172
f 3304 5978 3303
f 626 2563 625
f 5952 5482 3993
f 3657 3659 5977
f 3981 715 5976
f 5239 5975 4418
f 5974 4871 5973
f 3865 2440 5972
f 237 5971 3184
f 2478 3623 2862
f 4147 4698 5025
f 2102 5970 5495
f 5969 2838 4223
f 1685 1686 4064
f 676 2134 2542
f 1556 1423 354
f 5541 5540 5141
f 5968 5967 5578
f 233 4011 3281
f 5966 5652 4827
f 5965 21 19
f 5041 5243 3836
f 5645 5954 5964
f 5631 4421 2360
f 1291 5841 1289
f 1917 2491 3559
f 892 890 3017
f 125 3243 5013
f 2206 3543 3013
f 2938 1003 718
f 4290 4053 3027
f 5707 3049 5963
f 2089 4200 3073
f 3043 5106 5584
f 2915 4441 5868
f 4320 4312 3985
f 3118 3935 3119
f 5473 5762 5472
f 5884 3498 4567
f 3624 5566 3807
f 5746 3886 805
f 4053 400 4798
f 2819 2355 2820
f 3840 1836 5690
f 3046 4899 945
f 497 1274 1275
f 492 5962 5409
f 4389 5949 5961
f 787 3867 2496
f 1984 5904 3831
f 2291 3240 3375
f 974 4959 570
f 3560 2590 5173
f 4590 5960 3596
f 1644 2999 3001
f 465 3870 5959
f 1030 3907 4091
f 2507 759 2508
f 4605 5939 5958
f 3218 5466 1722
f 5389 232 233
f 1350 1348 4951
f 4914 637 5609
f 4467 1091 2775
f 5957 5636 5635
f 5956 3519 3082
f 168 4294 3752
f 5955 5954 5644
f 5953 5951 5952
f 3034 5320 3033
f 5950 4345 5468
f 3994 5949 5803
f 5948 5946 5947
f 3313 564 3435
f 908 2318 909
f 2430 3873 5945
f 1906 975 976
f 3907 3919 1803
f 2004 5944 2005
f 5939 4604 1175
f 2941 596 594
f 5784 4307 2021
f 3238 5943 2437
f 1581 1850 4975
f 5942 5941 5940
f 5939 1176 4986
f 2331 1923 5319
f 3770 4962 5938
f 2767 5764 1242
f 3860 5937 5936
f 69 4332 68
f 1048 4732 2332
f 2811 3257 2812
f 294 5055 5935
f 5934 5933 5932
f 1388 5931 1387
f 3871 3870 465
f 211 212 4070
f 2303 3861 5930
f 2451 5929 50
f 1636 1635 4537
f 5928 1795 3887
f 5927 962 1426
f 2216 3310 3309
f 2040 309 2121
f 1667 5784 2020
f 1773 1771 5926
f 4259 2489 1994
f 73 5925 5924
f 5549 1130 5572
f 3333 3332 5185
f 4596 4115 5457
f 3775 31 4722
f 5923 1008 4364
f 5922 5921 4858
f 4659 3932 3931
f 4433 2053 5124
f 4446 4445 5228
f 5920 5919 5918
f 1770 5555 4931
f 5917 2869 2867
f 3764 3468 4406
f 4867 3391 1692
f 2590 1127 1126
f 5901 2662 533
f 5916 4537 4583
f 4395 1366 1364
f 4307 1667 1666
f 5915 5264 451
f 5337 5123 5914
f 4040 3462 5913
f 5912 3096 4560
f 3605 4956 61
f 4709 3269 5911
f 5910 3746 5909
f 5407 1166 1937
f 4084 4093 2223
f 5427 5428 5908
f 5133 1185 381
f 5907 5387 5070
f 4 5476 5475
f 5846 171 5570
f 27 957 666
f 5872 3942 1491
f 1678 1677 1792
f 3390 2095 2921
f 1525 1526 1539
f 3000 5906 3001
f 3290 4534 4288
f 894 2258 893
f 5442 5905 3382
f 1559 5870 5085
f 319 317 3200
f 2229 2881 3056
f 491 4466 4543
f 5904 5903 5654
f 5730 5094 5096
f 1694 3287 2025
f 5756 5901 5902
f 4724 4945 1175
f 3393 3461 5237
f 4323 5900 5112
f 4164 4163 5899
f 4471 4473 87
f 4765 5897 5898
f 1497 4825 1496
f 5762 5073 5472
f 4782 235 3908
f 2578 2829 4790
f 4564 1813 1614
f 2798 2797 5302
f 5050 4193 4983
f 5356 5896 3701
f 5281 3824 5895
f 5894 2847 750
f 1165 5349 5893
f 582 2597 5450
f 885 886 3828
f 5892 2748 2747
f 2257 952 5270
f 5470 2910 4376
f 1308 2533 2296
f 2370 1198 2372
f 4386 5672 2702
f 2315 4722 33
f 5891 5890 5307
f 4158 735 598
f 5174 5889 699
f 804 5708 805
f 707 4682 5888
f 4950 1350 4951
f 3587 4326 4339
f 2454 3094 2695
f 292 2943 4756
f 3752 5734 2944
f 4912 5028 4293
f 5887 5885 5886
f 3726 2835 2833
f 5884 5768 3498
f 5883 5882 5881
f 5264 5263 451
f 5880 5207 411
f 2543 2644 2544
f 174 2627 4051
f 5818 5601 5879
f 5878 4189 4190
f 609 610 820
f 5877 1102 5245
f 5876 5875 2713
f 2916 4542 2914
f 3247 5405 5304
f 3135 2690 2691
f 1687 5382 2835
f 2270 2966 2268
f 5384 2182 4454
f 359 1255 1578
f 2892 1070 1069
f 3031 563 5663
f 5874 3307 5873
f 5872 5871 5833
f 5615 5614 810
f 5443 1287 5870
f 3663 5869 3664
f 4783 4071 560
f 5868 5808 663
f 2740 2739 2995
f 2741 3251 2755
f 2366 5867 1724
f 5866 2411 4584
f 5755 2762 4035
f 1517 5865 3065
f 3678 5864 1846
f 5863 5424 5862
f 5743 5861 5860
f 1798 1055 1604
f 5740 4294 170
f 1305 1302 1329
f 2031 2030 3803
f 1068 5859 4919
f 4909 5623 116
f 1575 987 4143
f 452 63 2846
f 2753 2754 1228
f 978 5371 207
f 5858 702 704
f 4507 5857 4506
f 5856 4370 5575
f 5855 1786 796
f 2082 2081 4045
f 576 3406 3215
f 4618 5212 1560
f 1528 4592 1512
f 862 5854 864
f 3232 3896 3231
f 2699 1251 2670
f 1321 2965 2964
f 2325 2326 3521
f 3671 3673 4153
f 4621 5853 5852
f 3517 153 3518
f 5547 1968 2418
f 3491 3493 5851
f 252 4998 250
f 3917 870 2549
f 878 3416 3415
f 3242 4191 3522
f 5850 5849 2709
f 386 5249 5136
f 1076 2264 3556
f 1226 1225 3742
f 3096 3422 4560
f 5848 45 43
f 5331 4643 3537
f 1561 1048 2332
f 5513 1331 5514
f 2489 4259 4164
f 5361 1568 5325
f 4648 5378 4649
f 5847 818 49
f 148 147 4153
f 298 299 4499
f 102 3026 103
f 5846 5570 1835
f 4390 1937 1166
f 4303 2407 56
f 5845 2069 5665
f 5844 831 688
f 4282 5495 3540
f 5105 3319 5775
f 4186 1534 4615
f 212 4074 4225
f 998 3679 999
f 5633 5843 5830
f 2243 2244 2832
f 4506 5842 5510
f 5403 3385 256
f 5706 5601 4012
f 615 629 627
f 3365 3185 1939
f 5841 3265 4899
f 2214 4705 2213
f 309 2039 2367
f 2353 4010 2494
f 2722 509 510
f 2979 4952 2977
f 5840 3691 3325
f 4889 5839 2484
f 2213 4705 5838
f 5837 5836 5376
f 5835 2143 2145
f 2431 2429 1132
f 5834 5816 2017
f 1738 2717 4580
f 829 828 5833
f 278 5832 2451
f 1795 3643 3887
f 5831 5830 4425
f 2398 2219 1273
f 3992 3990 4874
f 5829 1105 1107
f 5828 4362 5608
f 5384 4454 5385
f 2563 4800 625
f 2247 2 2412
f 2836 2837 1022
f 3025 5827 4045
f 4374 3472 3473
f 1078 1080 1553
f 3951 1174 3952
f 5580 5581 1145
f 1967 1966 1249
f 2585 5062 480
f 1384 3367 1760
f 5152 3709 4528
f 3236 4753 3732
f 3375 3734 1300
f 4597 4599 5599
f 215 4601 5826
f 5104 1739 1737
f 3686 1256 5825
f 1207 4251 1812
f 1378 5671 1379
f 473 368 367
f 5810 5603 5824
f 5823 1493 5822
f 5821 4688 5820
f 5819 397 944
f 2605 4814 4451
f 1213 1212 1586
f 4013 5818 5426
f 3763 3788 4087
f 5817 4774 5690
f 2051 5240 2052
f 4005 4004 5816
f 2503 445 5815
f 5814 2694 5636
f 1574 1575 4143
f 1078 4882 2756
f 3688 1092 3011
f 2259 894 5813
f 3093 3094 4426
f 5812 5811 4980
f 234 245 4586
f 5811 1699 4980
f 462 474 463
f 3448 4508 3449
f 3656 5205 4773
f 9 2659 5050
f 5244 2255 2257
f 2685 3568 5164
f 1616 1845 3397
f 1290 2202 2201
f 5462 2073 92
f 2085 2084 3337
f 5165 899 900
f 2817 2816 4311
f 4004 3616 4627
f 2615 2614 5586
f 1384 3148 3367
f 2445 5603 5810
f 65 64 1697
f 3805 4193 145
f 2521 5721 2766
f 1444 211 4612
f 267 3906 5809
f 5325 5324 5808
f 4063 1685 4064
f 5807 242 243
f 1638 1640 2054
f 5806 5535 304
f 2038 3915 971
f 2060 3847 2604
f 1600 4511 1601
f 5415 5804 5805
f 3816 5428 3815
f 5803 5802 3994
f 5801 5800 5799
f 5798 4 6
f 4144 1768 4546
f 1186 5797 4162
f 1733 2669 2668
f 1978 1977 5480
f 477 3185 1800
f 3600 4485 5796
f 588 4342 2981
f 5795 909 2320
f 2430 2431 724
f 5105 4500 2603
f 856 5740 857
f 4183 3843 96
f 3361 1265 5794
f 3602 5326 5793
f 2501 557 721
f 672 4449 671
f 5775 3319 1123
f 5792 2497 2496
f 2672 5241 2698
f 2705 1215 2642
f 3007 4568 1824
f 1681 1683 4553
f 4808 3738 5791
f 2644 1751 1753
f 4890 670 1351
f 5769 5674 4918
f 5790 5517 4823
f 2950 905 2436
f 3220 1121 1120
f 819 818 3839
f 5345 3751 4620
f 189 1949 4492
f 3796 110 108
f 5789 2666 3593
f 4326 1811 4339
f 3444 4515 5565
f 4201 1822 3778
f 3505 1470 3987
f 1075 1077 2349
f 5788 5787 1731
f 5474 2422 3191
f 2340 3693 2032
f 1862 1864 4336
f 3342 1634 3650
f 5467 2626 4788
f 4033 3891 2162
f 914 526 3820
f 4860 3395 5786
f 3871 467 5785
f 1019 3624 3642
f 5784 1667 4307
f 4635 2031 4633
f 5783 5781 5782
f 1224 5632 3546
f 256 3385 257
f 4643 4315 2949
f 812 415 5780
f 1930 5777 5779
f 3452 3417 3450
f 5094 2474 5095
f 4832 3032 2077
f 4804 3893 4475
f 3485 5778 650
f 570 2285 973
f 978 207 206
f 5777 1930 5135
f 5776 2561 2563
f 1122 5775 1123
f 5196 3733 5774
f 4373 4374 5773
f 4191 127 3523
f 4924 4797 5772
f 824 5771 823
f 5770 3003 5306
f 2769 1675 2770
f 3310 5674 5769
f 5768 4949 3497
f 5592 4606 4055
f 1093 5290 4430
f 1809 4340 4339
f 5605 1608 1607
f 4762 5435 4088
f 4547 4548 416
f 3654 4957 5441
f 5767 5766 5765
f 5469 2810 2707
f 2857 721 2858
f 2617 2150 5764
f 3304 3305 5763
f 5762 4594 4710
f 5607 3235 2172
f 507 3024 2280
f 4190 1726 5035
f 5761 4296 395
f 2554 4787 5760
f 1648 2359 4408
f 5759 5618 4504
f 5758 2460 2459
f 5757 2680 4642
f 3204 1982 5638
f 2760 5755 5756
f 708 4352 5206
f 1723 1774 2393
f 1328 859 861
f 5754 492 5753
f 1033 4663 4664
f 4235 4289 1647
f 3287 1777 5752
f 5390 1102 1104
f 5187 5695 3016
f 5751 5750 4915
f 3922 1590 5749
f 5748 600 5604
f 971 5747 972
f 4535 5639 2237
f 2554 4883 4221
f 4861 5610 4860
f 3488 3489 3155
f 4667 2299 4574
f 2025 3287 2198
f 4505 5723 5746
f 5650 5649 5745
f 3137 3135 2691
f 4913 5138 3150
f 5440 3450 5086
f 376 5744 375
f 776 2146 5166
f 4354 184 183
f 1065 5743 1064
f 221 5269 2863
f 66 5742 64
f 2775 1091 4428
f 4753 3235 3695
f 593 4832 5741
f 460 4268 2343
f 5740 5268 857
f 3340 5587 5586
f 5739 4697 2591
f 4544 231 1702
f 1780 1779 3564
f 2575 5033 2576
f 572 2449 1990
f 5201 2253 1998
f 1656 5738 418
f 5238 3024 506
f 943 710 5284
f 5737 930 2210
f 1567 351 2355
f 4169 5633 1498
f 5736 4839 5735
f 4952 4951 4824
f 5696 2458 4561
f 3946 1451 5734
f 2511 3682 2510
f 5489 1720 1719
f 261 2397 260
f 1207 1812 5733
f 2946 2948 5732
f 1486 5200 5367
f 1850 1581 3364
f 2804 3112 5731
f 2733 1177 2732
f 5730 5096 5175
f 809 807 4039
f 2688 2929 2689
f 4358 4349 4353
f 1085 1086 5379
f 5729 2073 2075
f 2914 4382 2915
f 4665 4666 5728
f 5727 2419 5726
f 4976 5511 4188
f 5725 4171 60
f 2759 3901 3899
f 4243 5724 1101
f 1102 5390 5245
f 5723 2850 1361
f 5722 2664 3403
f 5721 2521 2520
f 1194 5719 5720
f 4916 2547 2954
f 5718 2515 2514
f 5717 3516 5716
f 2527 2744 2526
f 2300 3177 2301
f 5715 4177 2961
f 5714 3007 5114
f 1645 3084 2999
f 2066 2231 2230
f 4145 4799 3193
f 5228 3925 4446
f 3678 3727 2772
f 1560 5230 5713
f 5712 5250 328
f 742 743 2234
f 5711 3878 3386
f 453 4127 5710
f 5709 2337 4809
f 932 546 1259
f 212 213 4074
f 1896 217 219
f 4503 4505 5708
f 3367 3148 3147
f 5707 4957 1988
f 2885 2795 2886
f 345 3222 4979
f 5706 1695 2284
f 3797 575 695
f 5042 3694 3129
f 2088 5705 848
f 354 356 1554
f 1331 1333 5514
f 5704 1856 2392
f 4420 5239 4418
f 5703 4226 5702
f 2312 1900 1769
f 637 4914 3150
f 4481 5700 5701
f 5699 2917 2609
f 143 5686 5698
f 5253 5697 3743
f 60 4170 58
f 3862 4872 2577
f 2722 2126 2721
f 3975 3893 4754
f 2977 46 1743
f 1072 5678 5676
f 2459 2458 5696
f 5186 4826 5695
f 4817 4976 1392
f 5694 2196 3879
f 3650 1634 1633
f 4244 4088 5434
f 982 981 4649
f 3475 4392 4634
f 445 3739 5229
f 3975 3974 5242
f 5580 1145 5693
f 286 4487 3599
f 648 650 4906
f 5692 5691 4362
f 1836 3413 5690
f 5689 1814 4251
f 3427 2684 3426
f 3450 3417 5087
f 1725 1726 3219
f 737 3869 5688
f 5687 4405 928
f 4518 5283 4700
f 635 634 312
f 4846 5686 2496
f 2766 5685 4135
f 4769 4950 4767
f 3811 4916 5401
f 2842 2840 947
f 4563 3496 3494
f 3955 2133 4014
f 4019 4532 5579
f 4133 5684 4806
f 2510 1364 1365
f 408 1136 410
f 3055 5683 4848
f 3010 5393 5682
f 5280 3825 3824
f 5461 865 5681
f 5157 5155 5398
f 2067 4912 1996
f 4142 4898 4436
f 5162 5163 5680
f 1009 1747 4456
f 2309 4494 1134
f 252 4712 2968
f 5246 5679 1903
f 1225 4380 3742
f 5678 5677 5676
f 1217 5323 1216
f 5610 3395 4860
f 603 5401 604
f 4128 5675 4272
f 5588 4057 1656
f 5674 201 4918
f 2031 5673 4633
f 1881 5672 4426
f 4113 5671 4114
f 5670 5669 1530
f 3240 2291 3866
f 2489 2490 1994
f 5668 3272 2339
f 5248 5121 4065
f 5667 3773 5666
f 5665 4078 4578
f 4868 4525 4910
f 1148 1149 1152
f 5664 778 1889
f 2023 2866 1100
f 4749 108 109
f 563 562 5663
f 2509 2317 4557
f 2304 2306 3277
f 3869 737 5606
f 3728 1191 1189
f 4932 5662 3410
f 4074 2848 2849
f 1360 1359 3972
f 5487 5661 5660
f 1343 5659 1549
f 3592 1282 4355
f 1177 2733 5149
f 5658 3257 5657
f 913 914 5656
f 3479 5655 1230
f 2649 443 2336
f 3757 3831 5654
f 1176 1177 5149
f 4827 5652 5653
f 3477 1547 338
f 5651 3569 4050
f 5650 5648 5649
f 3691 3323 3325
f 4772 4770 4766
f 5647 4841 4840
f 5568 5646 5295
f 5645 5643 5644
f 5642 5609 1842
f 1256 389 320
f 3703 4433 3207
f 5641 5273 4870
f 5640 1377 3544
f 5639 4535 3460
f 1414 4991 208
f 2407 1899 57
f 2976 2975 5638
f 4209 3822 4198
f 4608 5637 2665
f 5636 5634 5635
f 5633 4169 3052
f 3271 1328 861
f 280 281 438
f 5632 3278 3546
f 4328 2959 4751
f 5631 3952 1173
f 120 185 5630
f 5629 5628 5627
f 5626 5624 5625
f 5623 4909 5622
f 5432 5621 3787
f 5620 1750 5291
f 393 1781 4179
f 2262 793 791
f 2725 5619 5618
f 2348 2729 793
f 3679 1756 5617
f 4224 4903 4715
f 5616 3392 3391
f 1875 4743 1874
f 5447 5202 3660
f 5615 2758 5614
f 5141 4614 2037
f 1352 2006 847
f 2724 3203 284
f 5613 5359 3278
f 5033 4366 2576
f 70 5612 71
f 3843 4185 3844
f 5423 5611 1203
f 1180 5413 801
f 1574 4546 1900
f 3429 3431 4242
f 3529 2217 5435
f 1782 5605 5386
f 2477 2245 3585
f 4861 4097 5610
f 1842 5609 4640
f 5608 2220 4644
f 5464 1399 4058
f 3235 5607 5004
f 5606 1608 5605
f 4407 33 32
f 1081 4978 5604
f 1909 5603 2445
f 3318 5375 489
f 3263 5447 3660
f 3433 1893 1894
f 279 819 1784
f 50 819 2451
f 5602 5474 4196
f 5601 2284 2285
f 2651 2793 5334
f 3580 5128 4204
f 4845 1920 2035
f 784 3834 2278
f 794 1240 795
f 749 3399 2928
f 2214 286 3598
f 5393 3009 5600
f 1111 3073 1112
f 1809 1810 5089
f 5563 5203 315
f 326 325 5365
f 2244 1580 2832
f 2650 5180 5599
f 2717 2675 1893
f 2564 4304 5598
f 4323 4964 4324
f 5120 1028 1026
f 2750 5182 5597
f 4331 5596 2708
f 2090 5595 302
f 3346 5499 3345
f 5594 4889 4888
f 5593 2243 4447
f 3078 5022 3014
f 4054 5592 4055
f 2713 2712 4117
f 2318 2831 4221
f 2951 3876 3875
f 3741 4932 5229
f 3633 3634 5591
f 5295 3122 5568
f 5084 5590 5313
f 5471 5589 3520
f 5588 1656 1655
f 5587 2615 5586
f 3571 118 3271
f 3336 5585 5144
f 2739 2741 4882
f 5106 3972 5584
f 2781 601 851
f 2749 5583 1657
f 5109 4867 4866
f 3873 609 5582
f 5581 5580 5010
f 2480 2360 4421
f 4560 3421 4559
f 3553 3555 4906
f 5579 3718 5578
f 5413 757 800
f 2200 4397 2201
f 2804 4818 2940
f 2584 5492 1217
f 4991 1414 3160
f 2639 3732 494
f 5577 5468 4345
f 4804 3895 3893
f 5143 507 2280
f 4534 1811 4325
f 1250 2699 5576
f 1008 5575 5574
f 1711 849 1112
f 295 5015 580
f 2937 4501 2936
f 5344 5573 5343
f 2906 4480 4478
f 4499 1591 2757
f 5572 1061 5571
f 5570 1836 1835
f 263 938 262
f 1333 5569 3705
f 99 5410 100
f 3122 4690 5568
f 4105 897 4527
f 2015 2014 5567
f 715 662 505
f 4521 3380 4520
f 2165 2166 4888
f 5380 5566 3624
f 5565 4515 4585
f 3733 5196 5197
f 432 995 4474
f 1116 1117 5564
f 2251 5203 5563
f 4237 4725 5562
f 5500 4027 275
f 5004 5224 1615
f 516 889 514
f 3264 2796 2798
f 5122 4600 5561
f 5043 4292 866
f 2235 3291 3241
f 5560 5046 299
f 5559 5558 3005
f 17 3510 1671
f 2712 2714 5557
f 616 2843 1129
f 5439 4731 5556
f 2627 2169 2971
f 3173 5555 1770
f 4653 876 5317
f 4816 5425 2780
f 2456 5554 5185
f 763 38 2970
f 5553 5552 2689
f 1406 5551 5550
f 4083 1844 1842
f 3616 3617 5549
f 2719 5548 3324
f 5268 1513 857
f 5547 4742 5546
f 2381 2252 1957
f 5545 4467 2775
f 5079 4852 4360
f 4847 4780 5544
f 2638 3033 5543
f 775 4391 4729
f 2570 2571 3508
f 5542 5540 5541
f 4790 2829 1253
f 2716 281 3557
f 348 3368 5539
f 3739 2142 3740
f 1689 3747 5382
f 1541 1543 1882
f 5538 2616 2617
f 5537 5536 1834
f 5535 440 2090
f 5534 5533 1650
f 1242 3969 2557
f 4593 5432 3787
f 4372 5532 4371
f 523 3345 524
f 3660 5202 5200
f 4387 5478 1848
f 5531 5360 5530
f 1190 2648 1975
f 1383 5528 5529
f 4966 5526 5527
f 5525 1438 2179
f 4311 5309 4310
f 4542 2916 4543
f 3667 3107 3106
f 4642 5524 5154
f 4973 2839 4656
f 5523 4598 3414
f 5117 3076 5522
f 4355 2534 2535
f 1974 5521 5191
f 5049 4294 4293
f 5240 4136 4135
f 2564 4555 4304
f 5233 97 5465
f 3558 5181 5520
f 5519 5347 5518
f 1707 5517 2425
f 3528 3928 5516
f 2743 4887 2526
f 5515 5513 5514
f 1931 1933 5512
f 5511 2887 4188
f 3656 1162 808
f 3349 4439 3521
f 5453 4506 5510
f 915 913 3914
f 675 5508 5509
f 199 5507 1624
f 2996 2813 4280
f 3035 3360 3392
f 5506 377 3208
f 5505 5503 5504
f 734 1428 598
f 1764 1339 5391
f 5073 5071 5472
f 5260 3677 5117
f 5502 933 5501
f 4897 5500 3991
f 5499 3304 3345
f 3959 3823 4763
f 2584 5497 5498
f 4201 5399 2551
f 2574 3674 4768
f 5060 5496 5416
f 2500 4921 2010
f 3910 2202 1289
f 3022 2103 5495
f 2492 5493 5494
f 1087 75 3746
f 5492 4412 5491
f 4429 2776 4428
f 4113 4596 4595
f 5217 4827 2413
f 3312 5279 3585
f 3308 4244 5434
f 1155 3227 1969
f 238 3220 1589
f 1203 5490 119
f 1805 5489 1719
f 658 1459 5488
f 4429 5487 4727
f 4606 5486 4055
f 482 4399 3482
f 4760 4368 4926
f 1232 3258 2791
f 3121 5333 5485
f 698 1183 1973
f 5484 5483 1610
f 3993 5482 1071
f 147 149 1432
f 4818 4268 2940
f 5481 5479 5480
f 19 2295 4609
f 482 4379 5008
f 3282 4214 3281
f 5478 112 1847
f 5446 5445 2877
f 651 928 929
f 2222 2221 3036
f 5477 908 142
f 4392 4635 4634
f 5476 3186 5475
f 5474 3191 4196
f 456 2948 2947
f 1732 1825 5278
f 3127 2727 3590
f 2169 2168 2971
f 4047 1134 1136
f 835 5473 5472
f 3520 5470 5471
f 2708 2345 5469
f 4969 5358 3188
f 2558 101 100
f 3543 3216 3013
f 4338 5468 3949
f 3261 943 5284
f 2544 2644 2643
f 4185 4829 3844
f 4788 5466 5467
f 4891 5233 5465
f 3776 1804 3919
f 5464 4058 2594
f 2156 2157 3469
f 5463 5456 5462
f 2341 2182 5384
f 5461 165 3970
f 5460 5459 5458
f 5324 1568 1567
f 4994 2601 424
f 2300 1541 1882
f 5457 3721 5139
f 5183 240 239
f 2298 5456 4936
f 5455 4231 5454
f 2685 2684 3568
f 5453 3579 1477
f 5452 2997 5451
f 5176 4151 3102
f 2597 2598 5450
f 5449 4854 5448
f 5447 3263 1865
f 5446 4094 5445
f 5444 5443 3103
f 3383 5442 3382
f 2232 5019 5017
f 3048 1577 1578
f 4582 2401 1511
f 1177 4945 2732
f 4957 5440 5441
f 5439 4975 3998
f 2530 3084 331
f 2334 2333 1336
f 5438 5437 820
f 917 916 5436
f 1356 1705 1706
f 910 912 1111
f 2216 5434 5435
f 5433 3317 5432
f 4680 1147 5431
f 1699 5430 1700
f 5429 3629 840
f 4422 3755 4319
f 5428 5427 3815
f 618 2240 619
f 3266 2796 3264
f 2667 957 955
f 4452 2137 5426
f 5260 5261 3677
f 5425 2823 2780
f 5424 5423 4331
f 2645 2632 5422
f 2402 1388 2008
f 311 313 4549
f 5421 5419 5420
f 2686 5418 2684
f 5417 4937 751
f 684 2886 2795
f 5169 4274 5416
f 4928 744 742
f 5415 5414 5034
f 1180 1178 5413
f 1736 3681 2511
f 3298 1045 2190
f 1518 1755 1517
f 771 5340 23
f 1831 135 4682
f 3515 4966 5412
f 4213 3812 5389
f 577 579 3818
f 5411 2839 706
f 4259 173 4164
f 3769 691 689
f 1224 3546 1225
f 5410 2882 100
f 2466 3 4526
f 3132 3408 4337
f 1901 5100 5409
f 389 2773 320
f 5408 2599 1443
f 2667 955 2668
f 1084 2543 1082
f 1166 5407 148
f 5406 5405 3885
f 1244 2521 2767
f 2717 4581 4580
f 2022 4990 5404
f 5403 5402 3436
f 4916 5400 5401
f 4201 4099 5399
f 3951 3953 1515
f 2049 2050 3169
f 5398 669 4863
f 5269 4018 2880
f 543 4185 544
f 223 225 5153
f 5397 4251 1442
f 1041 839 1042
f 4380 5252 3742
f 5396 2715 3557
f 686 688 193
f 1990 1989 2811
f 1917 5173 1916
f 2392 5395 455
f 3731 4178 4065
f 600 5394 602
f 2472 5094 1474
f 5393 3010 3009
f 5392 1796 5391
f 3623 3364 2862
f 5294 4038 1851
f 3951 5119 1174
f 593 1164 591
f 5245 5390 4211
f 5389 3812 5388
f 5387 2553 5068
f 1607 4161 5386
f 3815 5384 5385
f 959 3692 5383
f 1956 5341 5222
f 4828 2247 2413
f 3747 5381 5382
f 299 5045 4499
f 5380 5379 3169
f 5378 5377 5376
f 5375 2327 489
f 5374 4533 1510
f 3570 5373 1106
f 3894 5372 2696
f 4979 3222 4978
f 133 4312 4320
f 5371 417 207
f 5037 5370 4255
f 5369 4995 4168
f 4291 2796 1290
f 5368 1918 1920
f 4001 606 2827
f 423 425 2481
f 1735 1734 2158
f 5200 5201 5367
f 884 5366 219
f 5365 325 3454
f 2499 4160 5364
f 3452 5363 3417
f 612 1943 613
f 799 2299 4248
f 2954 2547 2953
f 5362 4393 3784
f 3698 646 645
f 1787 2814 1788
f 5032 5361 5167
f 5089 5054 2293
f 2160 3638 1691
f 5360 1853 1855
f 5359 2304 3278
f 5358 4674 3188
f 4259 4793 469
f 4509 2002 3107
f 5357 5356 3701
f 1749 5291 1750
f 3720 1926 1925
f 5355 4172 4512
f 3852 3854 1313
f 1650 5353 5354
f 4857 5352 5351
f 4796 4357 864
f 5350 5349 4046
f 279 2451 819
f 1658 4955 2645
f 1816 5348 1817
f 5347 5346 2528
f 1696 5345 4620
f 5344 5343 161
f 5067 2160 2161
f 1092 2206 3011
f 5342 413 5341
f 5340 5339 183
f 468 3105 4260
f 5338 4321 4322
f 3400 5123 5337
f 3795 5335 5336
f 991 989 1062
f 3537 4643 2949
f 855 223 4944
f 2198 2651 5334
f 2727 3127 3711
f 3915 2473 3366
f 3988 5333 3989
f 4737 3658 4738
f 5158 3990 275
f 5332 5331 3538
f 3672 3671 669
f 5330 5329 3982
f 3166 592 5328
f 1648 4408 1647
f 2922 3470 2923
f 5327 5326 633
f 4623 3498 4621
f 548 546 3963
f 738 5183 5204
f 5325 1568 5324
f 2497 4587 4927
f 5323 1807 1216
f 5252 5253 3742
f 235 1622 3908
f 432 434 3119
f 3045 5322 1934
f 5173 5012 1916
f 3094 2454 4426
f 3158 479 481
f 5321 3798 5320
f 4872 4253 4254
f 2608 1237 1238
f 4714 4209 5319
f 5318 1678 3070
f 3573 3574 4652
f 1533 4228 2374
f 876 875 5317
f 1195 4099 3779
f 825 3864 5316
f 5315 5313 5314
f 3828 886 3826
f 683 4256 684
f 5312 1642 1643
f 2548 2549 870
f 322 4582 1511
f 5311 5310 11
f 4992 5309 3219
f 5308 1275 5307
f 2357 4531 3433
f 2420 2421 2924
f 5306 5304 5305
f 4274 5169 5303
f 3140 3766 3999
f 2422 1523 3191
f 1456 4892 1455
f 3420 1501 4405
f 2119 565 567
f 785 2497 4927
f 5302 5300 5301
f 2969 201 5
f 5277 2400 431
f 1609 4905 5299
f 3564 4413 5286
f 5167 4383 979
f 61 4831 62
f 3119 3935 3933
f 5214 539 5215
f 3063 2135 3507
f 2926 794 3189
f 808 1161 807
f 4201 3778 3779
f 2635 3656 808
f 2574 3329 1572
f 2092 5298 1820
f 5297 4900 5296
f 5295 4359 4493
f 4714 1923 4763
f 2733 5150 5149
f 1032 2383 1400
f 1850 5294 1851
f 3695 1000 4752
f 5293 1483 5292
f 2847 5291 1749
f 3675 5290 3674
f 256 5289 679
f 3344 1146 5288
f 5287 3564 5286
f 5285 5284 710
f 4409 5152 1839
f 5283 3719 4701
f 3131 3130 5282
f 3858 4705 1196
f 5281 5280 3824
f 5279 2479 3585
f 283 5278 284
f 1377 2225 1376
f 3443 4844 3442
f 4814 4450 4451
f 1538 1213 4647
f 5277 2401 2400
f 4941 5219 5276
f 107 3710 2905
f 3635 4400 4262
f 2228 5275 311
f 116 4908 4909
f 4719 216 5274
f 5273 1262 4938
f 1212 5272 1586
f 3913 4635 4392
f 5271 4377 493
f 118 3571 1204
f 5270 2444 5244
f 4667 2298 2299
f 1725 2816 3028
f 3673 4524 4523
f 221 4018 5269
f 2180 3754 2178
f 4722 31 33
f 1513 5268 1549
f 1749 749 2847
f 4372 339 3438
f 4405 1602 4295
f 3655 4033 2162
f 2218 958 960
f 5267 5266 5265
f 5264 5262 5263
f 5261 5260 2294
f 3494 4545 4232
f 1349 5209 1348
f 873 5259 3190
f 4256 2887 2886
f 1546 1544 4849
f 1649 1647 4289
f 5258 5256 5257
f 4443 3348 1232
f 4987 5255 3837
f 5177 2525 4423
f 901 2389 900
f 3216 3202 3013
f 1267 5254 5113
f 5253 5252 1490
f 2322 5250 5251
f 1115 5249 386
f 1585 1213 1586
f 5248 4065 4178
f 4468 1206 487
f 4344 2801 2799
f 3783 5247 2307
f 4122 1446 1445
f 1545 4781 1544
f 3967 3552 5246
f 2645 1659 1658
f 5245 4211 664
f 4205 3878 4203
f 2255 5244 2368
f 3334 3335 2643
f 3209 4660 4659
f 5243 2193 3836
f 2060 4472 3847
f 1117 1268 5198
f 5242 767 4476
f 5241 2125 2698
f 2318 4221 2319
f 5240 5239 2052
f 1248 196 3049
f 1926 289 1924
f 5238 506 5237
f 2011 3943 5236
f 3067 4988 2469
f 4410 2584 479
f 850 4247 5176
f 194 3819 5235
f 3573 3714 1236
f 1326 2599 2601
f 2041 4009 3613
f 5218 5062 674
f 2824 4891 3283
f 871 1861 3960
f 5234 4897 3991
f 5233 4891 4184
f 425 2601 2600
f 4181 1660 5232
f 3618 4005 5210
f 1114 1596 2985
f 4066 1043 2840
f 4604 4606 4724
f 5231 5230 614
f 3739 3741 5229
f 105 2099 107
f 5228 5226 5227
f 1755 1754 2263
f 2868 5225 2930
f 2236 5054 5089
f 1007 4364 1008
f 3367 1759 1760
f 3822 3821 543
f 1149 151 1151
f 1615 5224 3374
f 5223 4417 4416
f 5074 946 5222
f 2536 3157 2535
f 3040 3204 5221
f 5220 649 2884
f 1508 1510 2061
f 5219 4941 5218
f 5217 2413 3524
f 5216 5041 3836
f 84 827 85
f 4346 2725 769
f 3540 5214 5215
f 3514 2429 5213
f 3690 5212 4029
f 4005 5211 5210
f 3572 3573 4032
f 5209 3340 1348
f 4265 3745 5208
f 1677 1791 1792
f 5207 4754 411
f 2003 2075 4149
f 4352 4353 5206
f 5183 5205 5204
f 5203 2251 2250
f 5202 5201 5200
f 3945 2012 4677
f 1118 1116 3164
f 1341 5131 314
f 5199 1117 5198
f 5197 5196 5195
f 5194 5193 4922
f 5192 3047 5191
f 2113 5189 5190
f 129 2787 4269
f 1850 1852 4975
f 718 1003 717
f 5188 3716 3715
f 2067 1995 2577
f 2404 2347 556
f 5187 5185 5186
f 5184 1478 5134
f 240 5183 738
f 5182 2749 4317
f 2338 3274 5181
f 1776 2504 5180
f 1538 1526 1214
f 5179 1537 712
f 1582 1584 4897
f 5178 5177 4423
f 4151 5176 4247
f 1811 4326 4325
f 3278 3277 3546
f 4369 4230 2018
f 5096 3205 5175
f 3643 3642 3887
f 182 180 1362
f 3152 5174 699
f 3356 5012 5173
f 849 847 910
f 4940 5172 5171
f 4221 4883 2319
f 2168 2973 2971
f 3872 2845 187
f 5170 3206 4683
f 3341 5169 5168
f 5167 4440 4383
f 2732 4945 5153
f 2146 3162 5166
f 741 2900 2141
f 2016 2018 4230
f 1626 638 637
f 2032 1309 1310
f 4316 4946 1761
f 4594 3269 4710
f 5115 4840 586
f 5165 5164 5156
f 5163 5162 3792
f 1215 1216 2642
f 5161 5159 5160
f 3778 1824 3777
f 4368 4367 4678
f 323 5158 274
f 2720 2719 3324
f 5157 5156 5155
f 253 255 3358
f 1885 2268 4169
f 407 3694 5154
f 247 5108 4395
f 4944 223 5153
f 2682 422 2683
f 4409 4414 5152
f 3008 1645 1646
f 3553 2450 619
f 2753 4095 2752
f 2154 58 71
f 640 2462 2249
f 2894 2893 5151
f 2554 4221 2555
f 1715 2908 1717
f 5150 4995 5149
f 714 3008 1646
f 5148 429 4074
f 1842 4640 5147
f 5009 3880 936
f 2629 5146 88
f 5145 3736 5144
f 2571 2569 1142
f 5143 1902 507
f 5142 2420 2924
f 4872 4254 2577
f 5141 2037 5140
f 4736 4385 5139
f 5138 1843 3793
f 833 3475 3474
f 3950 3048 1254
f 5137 1669 1832
f 1617 1618 4707
f 5136 388 386
f 1910 952 3744
f 4287 3255 3256
f 3952 1174 1173
f 3492 5134 5135
f 5133 5132 1700
f 806 125 5014
f 1403 612 614
f 314 5131 4779
f 3955 5129 5130
f 3580 5127 5128
f 5126 4227 5125
f 1128 1129 2843
f 5109 2147 4588
f 5093 5124 889
f 3128 5123 4803
f 5122 1086 4570
f 5121 4161 4162
f 1202 1204 3571
f 1312 1672 3036
f 630 658 631
f 5120 1026 1151
f 2151 2150 2616
f 3904 5005 988
f 331 3084 329
f 5119 1172 1174
f 5118 680 790
f 5117 4439 4438
f 5050 2659 4193
f 4497 798 4939
f 475 2664 4814
f 2907 2662 2661
f 5116 4840 5115
f 3975 4476 4475
f 3813 4214 5114
f 3363 244 4085
f 1927 4448 4730
f 1266 1267 5113
f 4935 5112 4934
f 995 432 3933
f 1091 1093 4428
f 4574 3106 4149
f 5111 4224 4222
f 2925 1411 2319
f 4833 593 3166
f 5110 1381 2475
f 4928 742 4929
f 2147 5109 4866
f 3128 4803 4341
f 5108 247 2123
f 5107 1452 3864
f 4967 4556 773
f 3043 583 5106
f 3445 4234 3446
f 2959 2874 3371
f 3037 3359 3360
f 3319 5105 3728
f 30 3940 5104
f 4868 3082 1014
f 5103 4695 4729
f 3601 5023 5102
f 2973 2106 4507
f 5101 5100 3561
f 3448 5099 3141
f 3573 3715 3714
f 5098 5097 4023
f 5096 5094 5095
f 516 5093 889
f 621 5037 4255
f 4593 1603 1512
f 355 3333 3661
f 5092 4960 5091
f 3852 1313 3215
f 2167 3080 2168
f 5090 2939 3792
f 5089 2293 4140
f 1722 3361 3363
f 168 3753 169
f 565 2119 5088
f 3450 5087 5086
f 1288 5085 1287
f 1002 5084 4246
f 5083 5082 1167
f 542 2801 5081
f 1648 5080 2359
f 4031 1934 1936
f 4852 5079 3229
f 5078 1753 3722
f 841 843 2823
f 1883 1246 5077
f 4059 5076 4873
f 5075 446 447
f 5074 4739 4738
f 5073 5072 5071
f 293 2228 4549
f 5070 5068 5069
f 2575 2386 2385
f 1827 3790 2867
f 3191 3192 4196
f 5015 5067 2072
f 3991 275 3990
f 5066 5046 5065
f 5064 5062 5063
f 5061 3861 2303
f 5060 4275 5059
f 2828 1833 5058
f 5057 5055 5056
f 4312 2600 4112
f 3943 3944 1069
f 2291 5054 3866
f 264 262 828
f 4949 5053 3497
f 2659 1709 1707
f 1704 5051 5052
f 9 5050 4983
f 5049 3947 3946
f 4972 5048 2669
f 3510 5047 1671
f 2577 2578 2067
f 5046 5045 299
f 2007 5044 657
f 1332 1331 4165
f 4291 5043 2797
f 5042 3135 5041
f 4229 5039 5040
f 5038 4468 487
f 3732 4753 2261
f 1398 5036 5037
f 2725 2727 3711
f 432 4474 433
f 5035 1727 5034
f 2414 2724 2415
f 4366 5033 4885
f 2610 5031 5032
f 5030 5029 4821
f 2956 2958 4573
f 2067 5028 4912
f 5027 833 3474
f 5026 4124 4125
f 903 3699 5025
f 4372 5023 5024
f 5022 1384 3014
f 4480 2906 5021
f 1936 2626 4031
f 2394 5020 3280
f 5019 5018 5017
f 1348 3339 4951
f 4165 289 1332
f 5016 4666 2745
f 1381 360 2475
f 5015 2072 580
f 5014 125 5013
f 2701 1881 1879
f 1916 5012 1276
f 5011 3736 2272
f 5010 5009 936
f 5008 5007 5006
f 5005 3563 988
f 3235 5004 3695
f 5003 5002 3983
f 3719 3720 1925
f 5001 1076 3556
f 689 690 5000
f 39 4453 589
f 4999 2149 2015
f 4998 783 250
f 1537 1536 2541
f 705 3289 706
f 1001 4996 4997
f 1823 4759 4758
f 4995 4994 4168
f 788 518 790
f 2224 4904 1345
f 3683 3684 422
f 1261 501 77
f 4449 555 4447
f 4993 1543 1542
f 1505 2943 4549
f 3170 4395 3682
f 1722 4992 3219
f 3476 3477 338
f 4991 4853 208
f 3062 4989 4990
f 3275 4988 3419
f 1176 4987 4986
f 4985 3335 4984
f 3533 1635 3534
f 4193 921 4983
f 4982 673 2101
f 55 3684 56
f 4981 4980 1701
f 4979 4978 1081
f 1492 1493 4953
f 2381 4977 2252
f 4976 730 1392
f 356 3662 3009
f 4975 1852 3998
f 261 4267 2397
f 1888 3850 4974
f 4973 4682 707
f 4972 1297 4971
f 1762 636 638
f 4970 882 4969
f 3028 2816 3501
f 1986 4089 4733
f 4696 4968 4967
f 4277 4966 4276
f 4208 2042 4058
f 4935 4965 4964
f 2987 4962 4963
f 4961 2985 4960
f 1252 1220 1251
f 4959 568 570
f 502 2386 661
f 2586 2000 2254
f 4383 4958 979
f 4957 3654 1988
f 4956 4831 61
f 3500 4955 3501
f 1492 4953 4954
f 797 3667 3106
f 4952 4950 4951
f 587 2522 3833
f 4949 74 4948
f 3517 3782 226
f 4947 1761 4946
f 4945 4724 4944
f 4943 4941 4942
f 4805 872 3960
f 1618 2283 4707
f 3575 4940 306
f 4939 4557 2317
f 1247 1246 1352
f 1262 925 4938
f 4937 3678 2772
f 2297 2298 4936
f 4903 4935 4934
f 4933 1399 1397
f 4427 3333 355
f 3899 4932 845
f 2894 3846 2895
f 4931 4930 1783
f 4929 4103 4928
f 4885 785 4927
f 4926 4368 4925
f 3880 938 936
f 4797 4924 4923
f 2633 4922 4842
f 4912 4293 732
f 1972 2465 2674
f 1898 2786 4921
f 2793 2792 4123
f 2009 1386 1819
f 4920 1068 4919
f 4600 4601 4918
f 2103 4125 2101
f 4917 3442 4844
f 3811 2547 4916
f 3153 701 4915
f 3150 4914 4913
f 389 391 2773
f 733 4912 732
f 359 4911 357
f 2087 1710 4050
f 1460 4716 1461
f 4492 1950 4493
f 778 4869 4910
f 2627 2971 4051
f 4909 4908 2933
f 1303 1395 3054
f 1768 1769 4546
f 3744 35 2384
f 4907 3553 4906
f 1609 997 4905
f 4904 3007 3006
f 4903 4902 4715
f 4901 4900 4899
f 4898 4141 4897
f 4896 4894 4895
f 4495 2568 3768
f 3572 4032 1419
f 4893 4892 4210
f 2824 3802 4891
f 657 117 631
f 4632 1644 3001
f 4890 1756 670
f 4889 2484 4888
f 2526 4887 4602
f 4886 4366 4885
f 1033 4884 4663
f 4382 4441 2915
f 4883 1483 2319
f 3635 4262 2047
f 4882 2741 2756
f 1950 4880 4881
f 2579 2829 2578
f 2517 4370 1663
f 4704 1229 2498
f 943 4879 942
f 4878 2890 2889
f 2585 480 479
f 3644 4876 4877
f 4875 607 608
f 4874 3788 1954
f 4749 109 2048
f 4692 4694 4873
f 2 2466 2412
f 3862 3443 4872
f 3554 1525 1539
f 1264 4871 1263
f 1710 2086 1711
f 4496 4495 4870
f 3082 4868 4869
f 3957 4866 4867
f 4824 46 2977
f 2467 2466 4526
f 3121 4690 3122
f 310 309 2367
f 4865 2660 2662
f 4129 1636 4120
f 1800 3185 3365
f 4864 4021 4020
f 4863 669 3671
f 794 1785 3189
f 1444 4612 1445
f 2509 4557 4248
f 208 210 1415
f 477 1801 4102
f 4862 4861 4860
f 3090 1089 1090
f 2275 4859 4167
f 3768 2568 408
f 2556 3586 4858
f 1460 4857 4716
f 2851 555 672
f 1451 4856 358
f 2913 4732 752
f 93 94 4323
f 2116 1727 3028
f 267 587 265
f 1340 4854 4855
f 4282 4853 3023
f 3938 1632 1634
f 4852 4495 3768
f 369 4850 4851
f 645 647 1714
f 1420 4032 1237
f 4849 4847 4848
f 3958 1951 1949
f 4846 3322 3321
f 212 4225 4070
f 4845 1097 1098
f 4844 3443 4843
f 2725 3711 769
f 2633 4842 2634
f 2522 4840 4841
f 4839 1258 1259
f 4838 4837 2160
f 2147 2122 308
f 4836 4835 1971
f 1882 1883 4107
f 647 4680 4681
f 2166 2974 700
f 4834 4750 3147
f 4833 3032 4832
f 4831 4830 62
f 1139 1452 70
f 4829 3959 3844
f 2413 4827 4828
f 2773 3373 320
f 2366 2540 1335
f 4826 3243 4119
f 714 4825 712
f 4824 48 46
f 2824 4822 4823
f 4821 4093 4084
f 4820 4818 4819
f 4800 4817 1392
f 2125 2046 2698
f 4377 4049 493
f 2589 4815 4816
f 4814 2605 463
f 1082 4813 1083
f 4759 4306 4812
f 2835 3726 2158
f 4811 1378 1380
f 4810 4809 1551
f 3738 4808 4286
f 4807 4806 1020
f 1102 2821 1103
f 4805 4692 872
f 615 4159 4279
f 4804 4803 1083
f 1235 3193 180
f 4802 605 4801
f 425 2482 2481
f 3917 869 870
f 4800 2563 2562
f 3657 2841 2842
f 1802 4782 1803
f 1363 4799 4798
f 4797 4796 4795
f 3194 83 328
f 1768 3193 1235
f 55 57 1169
f 4794 3424 2510
f 4793 4259 1994
f 4414 4409 4792
f 2369 2878 1987
f 4791 3339 2614
f 2578 4790 2067
f 899 1527 3244
f 4789 3109 96
f 4788 2626 2624
f 4787 4785 4786
f 1182 10 3891
f 3687 2433 390
f 4784 4783 560
f 648 2211 2212
f 4782 3908 1803
f 4781 4780 1544
f 4779 983 4778
f 38 2981 2970
f 4777 4775 4776
f 3620 3840 4774
f 4007 3655 4773
f 4772 4771 4770
f 4769 4767 4768
f 1143 2571 1142
f 616 615 627
f 3142 4766 3141
f 4765 4139 2055
f 1822 2550 2552
f 3496 863 864
f 1741 2104 4764
f 1004 2788 4763
f 4089 1986 4762
f 4761 483 975
f 220 4368 4760
f 4759 4757 4758
f 1315 4756 1947
f 3756 3865 2056
f 3760 4755 2755
f 3701 1866 1867
f 3038 3517 226
f 4754 3894 411
f 3263 3262 1865
f 4753 3695 4752
f 4329 4751 3370
f 4750 3760 2755
f 4515 3444 3442
f 837 4749 2048
f 4748 4747 4746
f 4745 704 4744
f 4743 3640 1874
f 807 4041 4039
f 1681 4552 2051
f 432 3119 3933
f 4171 4170 60
f 2898 409 410
f 4742 2418 2417
f 1915 963 962
f 4741 442 4740
f 414 416 3607
f 4739 4737 4738
f 2695 4736 2693
f 4735 3964 3939
f 4734 1985 4733
f 4732 2913 2332
f 2075 4667 4149
f 4731 1245 4730
f 4695 775 4729
f 4728 4726 4727
f 3044 4725 3252
f 4724 4606 4723
f 1155 1330 1329
f 4722 4721 341
f 2153 2152 2493
f 2868 2930 1557
f 225 2734 2732
f 471 2546 102
f 1710 1712 4050
f 2605 464 463
f 4720 4719 1212
f 2512 3424 2498
f 1927 4449 4448
f 4718 4717 4716
f 4132 4715 4131
f 441 2288 2290
f 4714 3823 3822
f 1170 1171 4713
f 4712 2748 2968
f 691 4711 690
f 3269 4709 4710
f 2988 2990 3021
f 2097 1169 3080
f 4613 2474 2473
f 4708 2838 1960
f 4481 1198 1199
f 647 4681 1713
f 4707 2283 1788
f 4706 1681 2052
f 1196 4705 427
f 4704 4702 4703
f 4590 3453 4055
f 4236 1647 4408
f 253 4464 352
f 4701 4699 4700
f 903 4698 3432
f 4291 1290 2201
f 4697 4234 3021
f 1641 4696 4695
f 4694 4692 4693
f 402 3757 3250
f 4691 3740 2142
f 4690 4689 4688
f 1105 2783 3569
f 2990 815 4687
f 4686 2389 4685
f 1718 4684 1719
f 1831 4682 4683
f 4681 4680 4679
f 656 4330 4329
f 1612 2712 1613
f 218 217 4678
f 2012 4676 4677
f 35 188 1249
f 4675 2442 2290
f 4674 4673 1358
f 3100 1679 1103
f 4672 2071 2072
f 2446 2218 2219
f 4671 4669 4670
f 4668 3597 2194
f 4537 2671 4583
f 4667 2074 2298
f 167 520 1243
f 4666 4665 2745
f 4664 4663 4662
f 4661 2336 3439
f 3932 4659 4660
f 4081 4658 4657
f 2839 4655 4656
f 3029 4654 3030
f 511 442 4653
f 1260 2870 1013
f 4652 2363 4651
f 1885 4169 1496
f 4650 36 34
f 981 4648 4649
f 35 1249 1966
f 1540 4647 4646
f 1301 2131 4645
f 3669 969 4644
f 4315 4643 4313
f 366 2856 2854
f 3175 2185 2301
f 2680 4641 4642
f 4640 4639 2303
f 4638 4636 4637
f 4635 4633 4634
f 4632 4207 2269
f 4631 1597 4630
f 4303 2682 4629
f 4628 4004 4627
f 3963 932 436
f 4069 2246 4068
f 4626 4425 2524
f 4625 1286 1334
f 2788 2789 3844
f 4624 891 3003
f 4623 4621 4622
f 4620 4619 66
f 4618 3986 4617
f 3789 4616 3936
f 2334 1561 2332
f 2993 2994 3258
f 1534 3530 4615
f 2037 4614 4613
f 211 4071 4612
f 3370 4611 655
f 1160 2209 1161
f 830 4610 4090
f 4609 4438 3349
f 4608 2364 2362
f 2186 2480 2187
f 139 450 449
f 4607 2704 3276
f 4606 4604 4605
f 64 1698 1697
f 4031 3044 1934
f 4603 2526 4602
f 4601 4600 4569
f 4599 4597 4598
f 4596 4385 4595
f 4594 3270 3269
f 885 3828 1276
f 1512 4592 4593
f 4591 4590 4055
f 2607 760 4589
f 2612 2613 4588
f 1554 356 3009
f 2501 721 720
f 4526 3056 2174
f 4018 221 220
f 4587 1412 4461
f 1040 2911 4586
f 3215 1313 695
f 4585 4584 195
f 290 289 4165
f 4583 1251 1219
f 322 1521 4582
f 324 802 325
f 4581 1030 4580
f 4579 4578 4577
f 721 2857 4576
f 3103 2931 4575
f 1519 1114 1520
f 2299 799 4574
f 2729 4573 792
f 4572 957 4497
f 1580 2244 2862
f 2481 132 134
f 4571 4569 4570
f 1575 3904 987
f 3777 1824 4568
f 173 4259 4260
f 1093 4430 4428
f 588 4567 4342
f 4566 557 2501
f 55 3842 3684
f 4565 4564 1613
f 1439 4563 4318
f 1828 4562 4561
f 435 4560 4559
f 1253 4558 3947
f 129 4017 2787
f 799 4248 4557
f 4556 2060 773
f 4555 3272 4304
f 980 4554 4257
f 44 4552 4553
f 4530 4550 4551
f 1510 3723 2061
f 2228 311 4549
f 4548 4547 633
f 3757 3756 3831
f 4143 4546 1574
f 3495 2390 4545
f 443 2337 2336
f 231 4544 3460
f 4466 4542 4543
f 4541 4540 4539
f 1057 258 2688
f 4538 135 1831
f 4537 1635 2671
f 202 4536 203
f 3364 1580 2862
f 4535 3461 3460
f 3290 4465 4534
f 4533 3723 1510
f 4532 205 419
f 531 2697 532
f 2206 3013 3011
f 2357 3781 4531
f 3980 3902 2915
f 1181 1975 1973
f 1790 4530 4529
f 2991 4528 3708
f 174 336 175
f 897 2286 4527
f 2109 3178 3651
f 953 2845 3872
f 3056 4526 2230
f 1371 2151 45
f 4268 4134 2343
f 2722 4525 4401
f 253 3358 4464
f 4524 4522 4523
f 1318 3 1
f 4521 4520 3929
f 4519 4518 4517
f 4516 4243 2225
f 4170 1139 70
f 3353 4510 1098
f 4515 4513 4514
f 4172 4174 4512
f 2776 2775 4428
f 50 4511 51
f 4510 4509 4508
f 2972 4507 4506
f 4505 4503 4504
f 4015 4501 4502
f 2619 2781 3102
f 4500 2604 2603
f 2757 298 4499
f 1202 3571 2152
f 4498 798 4497
f 4496 2568 4495
f 2007 733 731
f 4494 1135 1134
f 534 536 1335
f 4359 4492 4493
f 4311 1725 3219
f 4487 2678 3172
f 4280 2813 2024
f 2629 4491 4490
f 4489 3342 2647
f 4488 2678 4487
f 2613 2873 4486
f 4485 4484 4483
f 4482 4327 4481
f 4480 4479 4478
f 1111 912 3074
f 3973 822 3974
f 4477 2407 4303
f 4476 768 4475
f 584 583 3042
f 4210 3034 2638
f 1611 2455 4474
f 2394 3280 2911
f 4473 4471 4472
f 917 1985 918
f 4470 4469 4468
f 3711 3126 769
f 4467 3543 2206
f 4048 4466 491
f 1508 2062 2980
f 2235 4465 3290
f 63 3606 61
f 4464 3358 3643
f 2222 3035 4463
f 1246 2006 1352
f 3165 4462 2310
f 2187 2480 4421
f 1413 4118 4461
f 4460 4458 4459
f 4457 1009 4456
f 1523 594 3191
f 2901 4455 2902
f 639 4284 4454
f 4453 1805 589
f 2534 4355 4157
f 1980 813 1981
f 4452 2139 2137
f 1255 359 358
f 2620 3173 3174
f 4451 4450 3664
f 2336 2335 3439
f 4449 4447 4448
f 3047 4445 4446
f 2609 210 4432
f 494 3732 2261
f 4444 4443 485
f 3639 1401 4442
f 4382 4440 4441
f 3138 3646 404
f 4439 3349 4438
f 4437 4435 4436
f 1958 4434 1866
f 2352 623 622
f 2053 4433 4287
f 3526 4432 3528
f 3234 4431 2700
f 4430 4429 4428
f 67 2805 69
f 2296 4072 1307
f 4427 1424 3434
f 896 897 4104
f 2454 3845 4426
f 4425 4424 4423
f 4042 4422 4043
f 2866 2023 1787
f 2188 2187 4421
f 1595 335 1477
f 811 3589 415
f 4420 4418 4419
f 4417 4415 4416
f 2395 4215 4414
f 3565 4413 3564
f 617 616 1129
f 4412 4410 4411
f 2836 1961 1960
f 3402 4346 767
f 3901 2807 4409
f 1897 1355 1354
f 509 2722 2723
f 3655 2162 1162
f 611 723 3408
f 4408 4407 32
f 780 1548 4406
f 3614 4106 2945
f 4405 4295 928
f 3043 3816 3042
f 3531 3320 3322
f 3308 3310 4404
f 634 4403 4402
f 4401 1015 4400
f 623 2353 2495
f 4399 4398 3481
f 2114 361 945
f 867 4397 4396
f 2507 758 759
f 3682 4395 1364
f 4394 3299 4393
f 3912 4392 833
f 4391 775 774
f 4390 372 3737
f 4389 4388 4387
f 4386 4385 3093
f 3098 3097 4325
f 1929 4384 1863
f 884 218 222
f 3606 2506 3605
f 4383 4382 2914
f 122 2992 120
f 4 4381 5
f 2803 2258 2259
f 3386 2197 3214
f 3545 4380 1225
f 4379 482 484
f 4378 2464 4377
f 4376 2529 4375
f 197 3950 2579
f 4374 4373 3472
f 4372 4371 339
f 4169 1498 1496
f 2517 4369 4370
f 220 4367 4368
f 4366 4365 2576
f 2071 4364 4363
f 2220 4362 4361
f 3279 409 4360
f 191 189 4359
f 3274 2338 3272
f 1315 1316 1385
f 1137 4349 4358
f 4357 4356 864
f 3638 3639 1691
f 4157 4355 1281
f 184 4354 3712
f 4353 4352 2179
f 515 4307 2505
f 1416 4350 4351
f 3752 2944 3753
f 1139 4171 4349
f 3383 4347 4348
f 1075 793 2262
f 711 241 2573
f 4346 769 767
f 3882 4345 2764
f 1554 1556 354
f 3867 3532 3322
f 4344 3909 2958
f 1748 4343 3631
f 2850 3704 158
f 2981 4342 2970
f 3126 3128 4341
f 4340 3588 4339
f 3397 1845 3379
f 2324 2325 3014
f 4252 1305 1304
f 4338 2499 420
f 3857 4337 723
f 3012 3689 3011
f 1094 1095 1119
f 1864 3098 4336
f 366 3423 3403
f 4335 2443 4334
f 4333 4332 679
f 253 353 2208
f 2706 4331 2708
f 4330 4328 4329
f 3456 1672 1671
f 1198 4327 2372
f 4326 3098 4325
f 93 4323 4324
f 4322 4321 4320
f 4319 2180 4318
f 1654 931 2696
f 4317 2749 4316
f 4315 4313 4314
f 4112 3985 4312
f 4311 4310 2817
f 2441 2443 4309
f 3316 2490 2488
f 4308 1488 3686
f 2386 502 504
f 4307 3898 2021
f 4306 3091 3183
f 4305 1791 3615
f 4304 2381 1959
f 3091 3484 2429
f 1840 4295 1601
f 877 3918 878
f 3683 4303 56
f 3277 3061 3545
f 4302 438 1730
f 4301 1871 4300
f 3949 4299 2621
f 4298 1951 3958
f 4297 4296 713
f 3373 99 320
f 4295 1840 927
f 732 4293 4294
f 4292 4291 2201
f 3027 2735 4290
f 1649 4289 1978
f 2711 2892 3944
f 435 128 4288
f 2971 2972 4051
f 4000 3562 1853
f 4287 3256 4286
f 4285 3060 1049
f 641 4283 4284
f 3541 4282 3540
f 1035 1037 4281
f 3239 906 4280
f 4279 2623 2622
f 2225 4243 2111
f 4278 4277 4276
f 4275 4274 1144
f 1481 3608 2738
f 4273 3572 1419
f 181 1235 180
f 1872 4272 4271
f 950 949 2076
f 2506 2505 3605
f 4270 129 4269
f 4268 1277 4134
f 327 1550 1948
f 4267 296 2397
f 1808 4266 2391
f 4265 559 4264
f 4263 4261 4262
f 4260 4259 469
f 1245 4258 1246
f 954 952 2256
f 2962 2963 4257
f 2830 3586 2555
f 2062 2061 211
f 3404 1679 3100
f 4256 2886 684
f 2845 2844 187
f 3799 3868 786
f 622 621 4255
f 4254 4253 2579
f 4252 1301 1302
f 1207 1442 4251
f 2281 4250 2239
f 731 856 858
f 4249 795 1
f 4248 2299 2297
f 852 4247 850
f 3406 3852 3215
f 717 1002 4246
f 4245 3301 3995
f 4244 2080 4088
f 4243 1101 1099
f 3431 4241 4242
f 2029 2715 1482
f 4240 4238 4239
f 2598 1006 3988
f 4237 2864 3252
f 4236 4235 1647
f 3348 3350 1232
f 3573 1237 4032
f 4234 3095 3446
f 2350 2351 3263
f 2826 4232 4233
f 1672 3037 3036
f 110 4231 109
f 3905 1062 1128
f 4230 1009 4229
f 4228 2375 2374
f 4227 1817 4226
f 1127 3560 3072
f 4225 560 4070
f 4224 4223 4222
f 4221 2831 2555
f 4220 3123 3395
f 4219 4217 4218
f 4216 1573 459
f 3709 4215 2395
f 2453 2452 1873
f 3281 4214 4213
f 3295 4211 4212
f 1456 3034 4210
f 1627 1501 3420
f 4199 4209 4198
f 2042 4208 2043
f 4207 2270 2269
f 4206 2325 3521
f 4205 4203 4204
f 4202 3183 1041
f 1044 2673 1045
f 3779 4099 4201
f 1712 4200 4050
f 1571 4199 1570
f 2785 2784 2984
f 4198 1830 4197
f 3192 2344 4196
f 4195 4194 1921
f 3805 921 4193
f 2068 813 4192
f 1053 2647 1054
f 3522 4191 3523
f 1606 1605 1630
f 4030 4190 4189
f 4004 3618 3616
f 4188 4187 729
f 4186 1532 1534
f 4033 3655 4007
f 1164 841 591
f 4185 4183 4184
f 1556 4182 1423
f 1661 1660 4181
f 3256 4180 3533
f 3522 4179 4178
f 4177 4175 4176
f 3177 3175 2301
f 4174 4172 4173
f 4171 1139 4170
f 2967 3052 4169
f 3851 368 473
f 4116 3209 3668
f 423 4168 424
f 101 2927 321
f 1843 1844 2974
f 2734 2275 4167
f 4166 4165 1331
f 4164 173 4163
f 4162 4161 1607
f 3617 4160 4159
f 2085 735 4158
f 1658 2118 2117
f 2660 3038 2661
f 4101 2534 4157
f 4156 1956 3630
f 1468 4155 1793
f 3983 4154 3984
f 4153 2932 3671
f 4152 4150 4151
f 3106 2003 4149
f 4148 4146 4147
f 437 1826 438
f 156 158 3401
f 4145 4144 4143
f 4142 4140 4141
f 4139 4138 4137
f 4136 2765 4135
f 4134 2344 2343
f 3085 3590 2726
f 258 2929 2688
f 2518 2517 1663
f 748 257 3214
f 4133 4132 4131
f 4130 4129 498
f 2905 2904 107
f 4128 4127 4126
f 3639 1662 1691
f 3353 1098 1096
f 4125 4124 2101
f 3686 1336 3687
f 3416 3918 4123
f 964 4122 1445
f 3559 4120 4121
f 2167 2169 2763
f 3243 124 4119
f 2350 1487 2921
f 2942 1503 1745
f 2939 272 273
f 3155 4118 1407
f 4117 2712 1612
f 4116 1110 1109
f 4115 4113 4114
f 4112 4110 4111
f 2983 4041 807
f 466 4109 4108
f 3997 2300 4107
f 1063 1064 71
f 2641 1806 1858
f 1714 1713 1752
f 1161 2983 807
f 4106 3614 357
f 3708 1369 1367
f 897 4105 4104
f 4103 4102 4101
f 4100 4098 4099
f 4097 3829 3830
f 3503 4096 3502
f 2917 1421 2918
f 4095 4094 2752
f 4093 4092 2223
f 3907 3908 4091
f 4090 577 3818
f 2082 4089 4088
f 3761 3763 4087
f 3220 238 4086
f 4085 244 246
f 146 1606 1630
f 4084 4082 4083
f 1500 1499 3151
f 2302 636 1762
f 4081 4080 3130
f 4079 4078 566
f 3509 4076 4077
f 2438 4075 1089
f 4074 429 2848
f 3919 1804 1803
f 3039 2855 3040
f 4073 4072 2295
f 139 2311 138
f 4071 4070 560
f 881 4069 4068
f 642 643 4067
f 1043 4066 1815
f 4065 4063 4064
f 2560 2559 2229
f 4062 4061 3883
f 3472 2018 3471
f 4060 1945 4059
f 4058 4057 2595
f 927 1841 4056
f 3453 4054 4055
f 2791 400 4053
f 4052 467 466
f 174 4051 335
f 3569 2087 4050
f 4049 4048 493
f 4047 3165 1134
f 4046 4044 4045
f 4043 1050 4042
f 2244 2245 2477
f 3359 3037 3456
f 4041 4040 4039
f 4038 4037 1851
f 3470 3286 2923
f 4036 4035 4034
f 3026 2080 1449
f 4033 1182 3891
f 4032 1420 1419
f 4031 2626 4030
f 4029 1469 3323
f 4028 760 4027
f 880 4025 4026
f 1997 1996 4024
f 4023 3237 4022
f 4021 4019 4020
f 2880 4018 2879
f 4017 2231 2787
f 4016 4014 4015
f 974 1694 2025
f 1961 1495 1494
f 1689 1688 956
f 4013 902 4012
f 4011 2911 3280
f 3306 4010 1555
f 3613 4009 954
f 3008 714 713
f 1787 3249 2866
f 2895 3845 4008
f 1588 1181 4007
f 520 522 2519
f 3354 1096 1640
f 4006 2510 1365
f 4005 3618 4004
f 4003 4002 3706
f 4001 608 606
f 4000 2079 3562
f 3766 3217 3999
f 1852 3997 3998
f 3996 3995 3876
f 1159 977 3481
f 151 3994 152
f 3993 1776 2432
f 3992 3991 3990
f 259 3988 3989
f 1470 3986 3987
f 3985 3983 3984
f 314 3982 315
f 3981 3980 715
f 488 3979 2587
f 537 3977 3978
f 2646 500 501
f 3976 1885 1884
f 3728 1189 1120
f 3975 3973 3974
f 3972 3884 1360
f 51 3971 49
f 3970 165 3969
f 3968 3966 3967
f 3965 3940 3964
f 941 1970 2674
f 480 3592 481
f 3963 2377 3962
f 2286 897 898
f 3816 3043 3961
f 3060 3059 3960
f 2599 1326 1443
f 3959 2788 3844
f 849 910 1112
f 3408 3132 157
f 1627 1626 1499
f 2406 3456 3958
f 178 3956 3957
f 3955 3954 2133
f 3953 3951 3952
f 2579 3950 2829
f 620 2450 3941
f 2623 3949 2621
f 1310 3948 2033
f 3947 1451 3946
f 3945 3944 3943
f 3863 3942 828
f 3170 1353 378
f 2780 620 3941
f 3940 30 3939
f 2163 3937 3938
f 527 915 3936
f 3935 3934 3933
f 3932 3930 3931
f 3312 3585 3929
f 3138 404 403
f 3542 3928 3528
f 3927 3431 3926
f 3925 3485 650
f 3924 3923 3922
f 3647 1716 877
f 1689 956 3921
f 3920 3776 3919
f 3918 3416 878
f 603 605 3917
f 3916 3915 169
f 3296 3914 86
f 318 3913 3912
f 3911 3466 3910
f 3835 791 3909
f 1547 3437 338
f 3908 3907 1803
f 2864 3906 2865
f 2159 2178 3754
f 1905 3666 1904
f 2845 3905 2843
f 2452 1875 1873
f 3904 988 987
f 2056 2057 2976
f 1832 3903 3245
f 3902 2916 2915
f 3901 3900 3899
f 2135 3897 3898
f 3896 3275 3231
f 3895 3894 3893
f 3133 2904 2906
f 2055 1096 1097
f 1914 3892 3052
f 3891 10 1964
f 3890 3889 3534
f 2180 2179 3888
f 3642 3624 3887
f 3886 3884 3885
f 3329 3883 1210
f 2884 735 3338
f 3882 2628 176
f 258 748 2928
f 3084 2530 3000
f 119 118 1204
f 3818 579 3518
f 2105 3881 2104
f 1244 520 2519
f 3880 3863 262
f 2195 3878 3879
f 662 3295 505
f 848 3877 847
f 3876 3874 3875
f 3873 611 609
f 188 3872 187
f 3871 3869 3870
f 3868 3867 787
f 2986 898 896
f 2046 2699 2698
f 3866 2236 3241
f 2056 3865 2058
f 3864 825 1965
f 262 3863 828
f 2308 861 860
f 1995 3862 2577
f 2634 3861 2632
f 3860 3858 3859
f 724 3857 723
f 1826 2581 1825
f 3602 3604 1131
f 670 1756 1757
f 3625 3856 1029
f 1143 1720 3855
f 3854 3852 3853
f 1915 122 963
f 1116 2036 3164
f 745 3851 746
f 3850 3849 3848
f 2327 1108 489
f 464 3847 462
f 1487 2350 3660
f 3846 3769 3845
f 2789 3843 3844
f 3842 3841 3684
f 3619 3840 3620
f 3839 1784 819
f 2369 1987 3652
f 300 3837 3838
f 2193 2192 3836
f 791 3835 2263
f 3834 784 783
f 3833 2522 3832
f 3831 3756 2056
f 3830 3829 3264
f 3828 3826 3827
f 3825 1858 3824
f 3823 3821 3822
f 3794 3820 526
f 3819 3817 3818
f 3042 3816 3815
f 3814 3812 3813
f 3811 2549 2547
f 3810 978 206
f 692 1312 2221
f 1026 1027 2394
f 922 3809 2486
f 3808 3806 3807
f 921 3805 922
f 2109 3651 433
f 3804 1619 1617
f 2030 2583 3803
f 1628 3802 2824
f 3801 3799 3800
f 3798 1736 280
f 575 3797 1370
f 3796 3794 3795
f 1843 2165 3793
f 3792 2939 273
f 3791 3789 3790
f 3788 3786 3787
f 2583 3785 530
f 3784 3300 2313
f 520 1244 1243
f 3202 3012 3013
f 2308 3783 2307
f 3782 228 226
f 3781 2357 3780
f 3779 3778 3777
f 3776 761 449
f 83 82 328
f 340 3775 341
f 3774 809 2656
f 3109 98 96
f 3773 3772 3771
f 3138 3139 3144
f 3770 3212 3211
f 2504 1073 1072
f 1881 3769 1880
f 3279 3768 408
f 3767 3766 3140
f 3765 3469 3764
f 1130 617 1129
f 3763 3761 3762
f 1450 2945 2944
f 3760 3759 3758
f 2440 3756 3757
f 3755 1453 3754
f 168 3752 3753
f 3751 3749 3750
f 3748 3747 1689
f 75 1798 3746
f 2292 3745 1583
f 642 3068 644
f 188 35 3744
f 1226 3742 3743
f 3741 3739 3740
f 3738 3062 3507
f 3737 1938 1937
f 3736 2273 2272
f 407 406 2393
f 3735 3734 3240
f 1772 3733 2941
f 2173 3236 3732
f 3731 3729 3730
f 3663 1191 3728
f 3727 3373 2773
f 3726 940 2158
f 3725 388 3724
f 3723 213 2061
f 1713 3721 3722
f 975 1906 1908
f 3720 3719 3260
f 3359 190 1693
f 419 418 3718
f 2456 2457 3717
f 3716 3714 3715
f 3713 3712 1250
f 3127 3126 3711
f 2098 3710 107
f 3709 3707 3708
f 3706 1402 3705
f 3704 3402 158
f 3703 1905 3702
f 1958 1866 3701
f 2138 3700 3699
f 1976 3698 1977
f 1970 941 939
f 2907 2661 1193
f 3697 3547 3696
f 1615 1000 3695
f 2393 3694 407
f 2244 2477 2862
f 3412 3411 3693
f 3692 3690 3691
f 2036 2035 1919
f 3689 3688 3011
f 1256 3686 3687
f 1045 3685 2190
f 1000 1616 998
f 3684 3683 56
f 2511 3681 3682
f 999 3679 3680
f 3374 3678 1846
f 870 868 3168
f 3076 3677 3077
f 2502 720 3676
f 3675 3674 2574
f 3673 3671 3672
f 3670 2714 2713
f 2871 3669 2872
f 3455 1110 3668
f 798 3667 797
f 3666 53 1904
f 3665 3663 3664
f 3662 356 3661
f 2350 3263 3660
f 3659 3657 3658
f 3656 3655 1162
f 3654 3653 3652
f 3651 434 433
f 3342 3650 1054
f 2069 2070 566
f 3649 3647 3648
f 3646 3138 1740
f 3645 3644 2899
f 3643 1019 3642
f 3641 3640 569
f 813 2068 1981
f 1401 3639 3638
f 373 3636 3637
f 3531 3532 1942
f 1003 1002 717
f 2124 3635 2125
f 2897 3634 3633
f 394 3632 2305
f 749 1748 3631
f 840 3629 3630
f 268 3627 3628
f 3626 37 3625
f 1019 1017 3624
f 3190 3622 3623
f 3621 3619 3620
f 3618 3617 3616
f 1320 3615 1677
f 3614 2945 1450
f 2256 2255 3613
f 3612 3610 3611
f 3609 3146 1314
f 3065 3608 1481
f 3484 3607 1132
f 3606 3605 61
f 3604 3602 3603
f 2946 3601 3600
f 3599 3598 286
f 2194 3597 2880
f 3596 3594 3595
f 1075 2262 1076
f 3593 2666 2665
f 3592 2535 481
f 3127 3590 3591
f 3589 416 415
f 2100 3311 3515
f 3588 3058 3587
f 3586 2556 2555
f 2479 2477 3585
f 1924 3584 1925
f 2966 1913 2967
f 3583 3581 3582
f 3580 3031 3030
f 3579 3578 3577
f 3576 3575 306
f 3574 3573 3572
f 3571 2492 2152
f 3139 403 2063
f 3570 1105 3569
f 1707 1708 2825
f 2739 2994 2995
f 3568 3427 3567
f 3566 2771 1797
f 3565 3564 1779
f 3563 2737 988
f 3562 2078 3561
f 3560 1917 3559
f 659 660 2576
f 2338 3558 2340
f 282 3556 3557
f 3555 3553 3554
f 3552 2672 2671
f 3551 1676 3550
f 3549 3547 3548
f 3277 3545 3546
f 3544 1375 3543
f 3542 3541 3540
f 3533 3539 1635
f 3538 3537 3536
f 3535 3533 3534
f 104 471 102
f 3532 3531 3322
f 2408 140 1690
f 3530 3139 2063
f 3529 1729 2217
f 1170 3079 3080
f 3528 3527 3526
f 123 806 3525
f 2640 3524 2412
f 3523 393 3522
f 2993 3350 3521
f 2910 3520 2530
f 374 1168 3519
f 1233 1232 2791
f 579 3517 3518
f 3285 2924 2923
f 2100 3515 3516
f 3514 3092 2429
f 1110 3455 3454
f 2955 3512 3513
f 3511 3510 17
f 3509 3508 1892
f 1471 1470 3506
f 1785 3188 3189
f 2135 888 3507
f 1470 3505 3506
f 2878 3504 1987
f 3503 3502 297
f 3501 2818 3500
f 3499 3498 3497
f 3496 3495 3494
f 3493 3491 3492
f 3490 2040 2121
f 1922 2331 2330
f 3489 3488 1653
f 3487 3485 3486
f 3484 3091 3483
f 977 3482 3481
f 3480 3478 3479
f 3477 3476 2238
f 447 445 2503
f 2662 2908 531
f 1180 3474 3475
f 3473 3472 3471
f 3287 1778 1777
f 1376 2111 2110
f 3470 2922 3120
f 2844 2843 616
f 2157 3468 3469
f 3467 3465 3466
f 968 3464 967
f 2657 3462 3463
f 3461 2742 3460
f 3459 3457 3458
f 3037 1672 3456
f 3387 1967 1249
f 1240 1241 1318
f 3455 3453 3454
f 3452 3450 3451
f 3449 3447 3448
f 1285 3445 3446
f 3444 3443 3442
f 3441 3440 3439
f 339 3437 3438
f 3315 3435 3436
f 3434 2745 1890
f 3433 2717 1893
f 2572 903 3432
f 3431 3429 3430
f 3428 3427 3426
f 3424 2512 2510
f 366 2854 3423
f 3422 2376 3421
f 3420 1762 1627
f 3275 3419 3231
f 3418 409 3417
f 3416 3414 3415
f 3413 3411 3412
f 3410 2809 3409
f 157 156 3408
f 3407 3406 3405
f 3404 2434 1679
f 2664 366 3403
f 158 3402 3401
f 34 35 1966
f 711 2573 1572
f 2543 3400 2644
f 3399 749 3398
f 554 3397 3379
f 3123 3396 3395
f 1680 3393 3394
f 3392 3360 3391
f 3390 2921 1485
f 3389 2846 3388
f 3387 1249 186
f 3386 257 3385
f 3384 3383 3382
f 3381 3380 3379
f 78 3378 649
f 3377 3375 3376
f 3374 3372 3373
f 3371 3369 3370
f 3368 2088 2087
f 1759 3367 3147
f 2472 3366 2473
f 1939 1938 3365
f 3364 1581 1580
f 1192 2242 2026
f 3363 3361 3362
f 3360 3359 1693
f 92 1598 90
f 3198 1743 1744
f 3358 255 3357
f 2591 3355 3356
f 3354 3353 1096
f 3352 817 3351
f 3350 3348 3349
f 3347 2035 1116
f 3346 3345 523
f 528 530 3343
f 3344 528 3343
f 1044 1046 1296
f 2647 3342 1054
f 2149 2013 2015
f 3341 365 364
f 3340 3339 1348
f 3338 2085 3337
f 939 3336 1970
f 3110 3335 3334
f 3333 3331 3332
f 3330 3329 2574
f 3328 3327 3326
f 3325 3323 3324
f 3322 3320 3321
f 1123 3319 1120
f 3318 2587 2252
f 1169 1170 3080
f 2490 3316 3317
f 3315 3314 3313
f 753 3312 751
f 871 3190 1859
f 2542 3311 2100
f 3225 886 3226
f 3310 3308 3309
f 3307 3306 1555
f 3305 3304 3303
f 3267 3302 3233
f 3301 3300 3299
f 1394 1305 1330
f 458 3297 3298
f 3296 86 85
f 505 3295 506
f 2171 552 3294
f 1279 1278 3293
f 1534 1533 3292
f 3291 2235 3290
f 639 1393 640
f 3289 557 2347
f 3288 1778 3287
f 3286 3285 2923
f 3284 3283 2709
f 3282 3281 3280
f 409 3279 408
f 2304 3277 3278
f 2704 2703 3276
f 2175 2176 3275
f 3274 3272 3273
f 3271 118 1328
f 3270 3268 3269
f 3267 3233 1771
f 599 1587 1295
f 3266 3264 3265
f 2351 3262 3263
f 3261 3259 3260
f 627 2844 616
f 2994 401 3258
f 1720 1143 1141
f 2287 879 878
f 1989 3257 2811
f 1183 1181 1973
f 3256 3255 3254
f 1862 3057 3253
f 3045 3044 3252
f 2741 1758 3251
f 2065 3250 2630
f 1787 3248 3249
f 3247 124 3246
f 1056 1058 3015
f 3245 3244 114
f 3243 125 124
f 3242 3240 3241
f 3239 3237 3238
f 3236 2172 3235
f 2700 2701 3234
f 1499 1626 3150
f 3233 3232 3231
f 3230 3228 3229
f 2926 2710 1240
f 3212 495 3210
f 3227 3225 3226
f 161 3224 160
f 1124 1119 3223
f 3222 1896 3221
f 1589 3220 1189
f 3219 1726 3218
f 3217 3201 3216
f 575 576 3215
f 2197 3213 3214
f 3212 3210 3211
f 800 3209 1109
f 3208 375 3207
f 3206 3205 1829
f 1983 1982 3204
f 3203 3202 3201
f 385 3200 3199
f 3198 3197 2978
f 3196 3195 2494
f 2428 1192 2199
f 2155 3194 1269
f 1262 1261 925
f 180 3193 1363
f 594 3192 3191
f 871 873 3190
f 3189 3188 1358
f 3187 3186 703
f 3185 477 476
f 1622 235 3184
f 1394 1395 1305
f 3092 840 3183
f 2232 2234 743
f 3182 3181 3180
f 1401 1034 1032
f 3179 3178 2108
f 1411 2320 2319
f 3177 3176 3175
f 1967 2009 34
f 3174 3173 1235
f 3172 2678 3171
f 379 3170 378
f 2909 2049 3169
f 3168 2548 870
f 2339 2327 3167
f 3166 593 592
f 3165 2310 1134
f 2036 3163 3164
f 3162 3161 53
f 3160 3159 3023
f 3158 3157 3156
f 3155 3154 2210
f 3153 3152 699
f 1499 3150 3151
f 3144 3139 3149
f 3148 3146 3147
f 446 2487 3145
f 2470 1742 3144
f 353 2209 2208
f 3143 624 2920
f 3142 3141 457
f 1222 3140 2110
f 3139 3138 403
f 3137 3136 3135
f 2904 3133 3134
f 3132 3130 3131
f 2019 2690 3129
f 3128 3126 3127
f 3125 1624 3124
f 1313 3123 696
f 3122 1279 3121
f 3120 3118 3119
f 3117 3116 1716
f 3115 3114 3113
f 2313 3111 3112
f 3110 3108 3109
f 1131 2431 1132
f 3107 2002 3106
f 171 173 3105
f 3104 3103 1418
f 3102 2781 3101
f 3100 1103 3099
f 3098 3096 3097
f 3095 369 371
f 2695 3094 3093
f 884 219 218
f 133 301 134
f 3092 3091 2429
f 2345 2347 2404
f 250 3090 251
f 166 165 2532
f 3089 3087 3088
f 3086 1648 3085
f 3000 2999 3084
f 3083 3041 2589
f 3082 3081 1014
f 3080 3079 2168
f 2333 2913 2433
f 3078 3076 3077
f 3075 935 1504
f 2269 2268 1885
f 2089 3073 3074
f 1218 1127 3072
f 1678 3071 3070
f 642 3069 3068
f 1674 3067 2469
f 573 572 1944
f 429 431 2400
f 3066 788 789
f 1516 3065 1480
f 2729 2348 3064
f 3063 3062 2022
f 3061 3059 3060
f 3058 3057 1862
f 3056 2881 2174
f 1303 3054 3055
f 3053 526 525
f 2967 1913 3052
f 3051 2142 3050
f 3049 3048 1248
f 3047 80 79
f 778 777 1889
f 945 397 3046
f 1934 3044 3045
f 513 2322 1292
f 583 3043 3042
f 3041 3039 3040
f 1582 2292 1583
f 628 2844 627
f 671 1247 1351
f 3038 226 2661
f 3037 3035 3036
f 3034 3033 2638
f 2077 3032 950
f 3031 3029 3030
f 2117 2116 3028
f 986 2735 3027
f 102 3025 3026
f 3024 507 506
f 3023 2103 3022
f 2990 3020 3021
f 59 296 3019
f 3018 3016 3017
f 122 24 23
f 10 11 1964
f 1369 3015 1368
f 2324 3014 1760
f 3013 3012 3011
f 3010 1554 3009
f 3008 713 2883
f 3007 1824 3006
f 3005 3003 3004
f 3002 2539 1868
f 3001 2999 3000
f 2998 2997 22
f 2996 906 907
f 2995 2994 2993
f 2651 2650 2792
f 2992 122 23
f 2991 1838 1839
f 684 2795 2794
f 2990 2988 2989
f 2526 2987 1107
f 1220 1219 1251
f 2986 300 1433
f 2985 1596 2984
f 2209 2983 1161
f 2808 2982 102
f 38 39 2981
f 2980 2062 1444
f 2979 2977 2978
f 2057 2975 2976
f 1843 2974 2166
f 2973 2972 2971
f 1688 2668 956
f 2311 763 2970
f 2329 2331 2720
f 2748 2969 2968
f 2114 362 361
f 2268 2966 2967
f 1058 1057 2689
f 2965 2144 2964
f 2273 2963 2962
f 2961 2960 2959
f 2958 2956 2957
f 2742 2434 229
f 2955 2954 2953
f 2952 2028 2951
f 57 1171 1169
f 2330 2329 1471
f 2950 2949 905
f 2948 2946 2947
f 2945 2399 2944
f 1505 2942 2943
f 2941 594 1523
f 2940 726 2804
f 1471 2329 2720
f 2939 2938 718
f 2937 2936 2935
f 2934 2933 2932
f 1557 2930 2931
f 2929 258 2928
f 2927 1256 321
f 794 2926 1240
f 2925 1413 1411
f 2924 2922 2923
f 2921 1487 1485
f 624 2919 2920
f 2918 2609 2917
f 2916 2914 2915
f 2913 2602 2433
f 2912 678 677
f 1040 1405 2911
f 2910 2530 2529
f 2049 2909 2747
f 2662 2907 2908
f 464 2605 2604
f 2906 2904 2905
f 2903 2901 2902
f 2900 518 2677
f 2899 2036 1919
f 1081 182 1079
f 2898 410 1135
f 2897 1198 2896
f 475 473 367
f 2895 2893 2894
f 1183 12 10
f 1070 2892 2891
f 2890 2888 2889
f 2462 728 1340
f 2887 2885 2886
f 649 2212 2884
f 330 329 2883
f 2882 2881 2559
f 2880 2879 2194
f 2878 2369 2368
f 2877 2875 2876
f 1468 1794 2874
f 1153 199 1623
f 2873 2871 2872
f 1705 2870 1260
f 2869 2868 2867
f 1100 2866 2388
f 2865 2863 2864
f 2477 2478 2862
f 2861 2859 2860
f 2858 2423 2857
f 2661 227 1193
f 2856 2855 2854
f 2853 1818 2852
f 2851 672 1757
f 2850 158 157
f 2849 2848 2607
f 749 750 2847
f 2846 63 62
f 2845 2843 2844
f 2842 2841 2840
f 2839 707 706
f 2838 2837 2836
f 2835 2834 2833
f 1580 1579 2832
f 1968 1396 1394
f 2831 2830 2555
f 1253 2829 1254
f 2828 2827 2826
f 1708 2824 2825
f 2583 530 529
f 843 2822 2823
f 2821 2819 2820
f 2818 2816 2817
f 919 2805 2807
f 2815 2813 2814
f 1944 2811 2812
f 1837 2810 2809
f 1163 2808 842
f 2807 2805 2806
f 2804 726 725
f 2259 2802 2803
f 2801 2800 2799
f 2798 2796 2797
f 18 333 16
f 2795 444 2794
f 2793 2651 2792
f 2791 2790 1233
f 2789 2788 1004
f 2231 2066 2787
f 2786 2784 2785
f 2783 2782 2087
f 2619 2620 2781
f 620 2780 618
f 2779 2778 2777
f 2776 2774 2775
f 391 2772 2773
f 2771 353 1797
f 1773 2769 2770
f 2768 1767 772
f 2767 2766 2765
f 2764 2763 2628
f 2762 2760 2761
f 920 2759 846
f 2758 2757 1592
f 2756 2755 2435
f 2754 2753 2752
f 2710 1239 1240
f 2751 2749 2750
f 2748 2746 2747
f 2745 2279 1890
f 447 2503 2502
f 2744 2743 2526
f 231 2742 229
f 909 2318 2320
f 2741 2739 2740
f 2027 1481 2738
f 2737 2736 2735
f 2734 2733 2732
f 2731 204 2730
f 2729 792 793
f 332 333 693
f 528 2728 529
f 2727 2725 2726
f 2724 2580 2415
f 2723 2722 2721
f 2331 2719 2720
f 430 2718 431
f 2675 2717 1738
f 2716 2715 2029
f 2714 2712 2713
f 2241 2546 2240
f 1511 1528 1512
f 2711 1239 2710
f 97 98 2709
f 2708 2707 2706
f 2705 2703 2704
f 2702 2701 2700
f 2699 2670 2698
f 1715 2697 531
f 2696 931 412
f 2695 2693 2694
f 2692 2691 2690
f 513 2323 2322
f 1057 2688 2689
f 2439 2687 337
f 2686 2684 2685
f 2683 2681 2682
f 159 160 2680
f 1459 658 2679
f 2678 1849 1847
f 1062 1061 1128
f 1797 353 352
f 517 2142 2677
f 1970 1972 2674
f 607 2676 2379
f 2675 1738 1739
f 2674 2673 941
f 2672 2670 2671
f 2669 2667 2668
f 2666 2364 2665
f 2664 367 366
f 1289 2202 1290
f 968 2663 2309
f 2662 2660 2661
f 2659 2426 2658
f 1502 2656 2657
f 2655 2653 2654
f 2652 2650 2651
f 2649 444 443
f 2648 1190 1191
f 1053 2646 2647
f 2633 2632 2645
f 2644 1753 2643
f 1216 2641 2642
f 2640 2639 494
f 2638 2636 2637
f 2635 808 809
f 2634 2632 2633
f 2631 2629 2630
f 2628 2169 2627
f 2626 2625 2624
f 2623 2621 2622
f 2620 2619 2618
f 2617 2616 2150
f 2615 803 2614
f 2070 567 566
f 2287 898 879
f 644 2613 2612
f 349 2610 2611
f 2609 2608 210
f 276 760 2607
f 2606 997 996
f 2605 2603 2604
f 391 2433 2602
f 2601 2599 2600
f 2598 2597 1007
f 1762 638 1627
f 2596 2594 2595
f 2593 2592 746
f 2591 2590 1126
f 2589 2450 2588
f 2587 2586 2252
f 479 2584 2585
f 529 2582 2583
f 2581 2580 1825
f 2579 2578 2577
f 2264 2263 1754
f 660 2575 2576
f 1572 2573 2574
f 904 903 2572
f 2571 2570 2569
f 2568 2567 408
f 2566 2564 2565
f 2563 2561 2562
f 1440 1187 737
f 2560 2558 2559
f 2557 165 1243
f 2556 2554 2555
f 2553 591 841
f 2552 2550 2551
f 2549 2548 2547
f 2546 843 842
f 2545 2543 2544
f 1277 1279 1373
f 676 2542 2100
f 2541 396 395
f 2540 534 1335
f 2539 2538 2537
f 2536 2535 2534
f 2533 2531 2532
f 2530 331 2529
f 2528 2527 2526
f 2525 2523 2524
f 587 586 2522
f 2521 2519 2520
f 2518 1010 2517
f 854 853 2516
f 2515 2513 2514
f 794 796 1785
f 2512 2511 2510
f 2509 2507 2508
f 2506 2328 2505
f 1073 2504 1776
f 2503 2501 2502
f 1353 1355 2500
f 916 918 2499
f 1231 2349 2498
f 2497 787 2496
f 2495 2353 2494
f 2152 2492 2493
f 2491 499 498
f 2490 2489 2488
f 2487 2486 739
f 494 2261 495
f 2485 2483 2484
f 2482 132 2481
f 2480 665 666
f 1784 277 279
f 2479 2478 2477
f 989 2476 1061
f 1208 1442 1207
f 362 2115 2475
f 2474 2472 2473
f 1742 2470 2471
f 21 2469 20
f 2468 2466 2467
f 2465 2464 2463
f 2462 640 2461
f 2460 2458 2459
f 933 1746 934
f 2457 2456 1172
f 2208 2207 254
f 2455 2109 433
f 2454 2452 2453
f 279 278 2451
f 2450 620 619
f 571 2448 2449
f 558 2447 2405
f 2446 2444 2445
f 137 2423 135
f 1162 2162 1160
f 322 274 276
f 2443 2441 2442
f 2440 402 404
f 1854 2282 2439
f 2438 250 783
f 905 2437 2436
f 345 2435 343
f 2434 1680 1679
f 2433 391 390
f 1776 1778 2432
f 2431 2430 2429
f 1192 2428 1717
f 2427 2426 2425
f 1860 2424 1047
f 137 8 2423
f 2422 1524 1523
f 2421 2420 2419
f 2219 960 1273
f 1969 2417 2418
f 2416 2414 2415
f 2413 2247 2412
f 2411 1605 1633
f 91 2410 2409
f 140 2408 2093
f 2407 57 56
f 190 2406 189
f 2405 2345 2404
f 2403 2402 2008
f 2401 1521 2400
f 2399 2398 1273
f 296 582 2397
f 2396 68 2395
f 2394 1405 1026
f 1327 858 857
f 2393 406 1721
f 1808 2391 2392
f 2032 1310 2033
f 901 2390 2389
f 2388 2387 1221
f 2006 1246 1883
f 2386 504 2385
f 35 36 2384
f 2383 2382 1400
f 2381 1957 1959
f 1661 2379 2380
f 2378 2377 2376
f 2375 2373 2374
f 2372 2371 2370
f 2369 2367 2368
f 2366 1724 1325
f 2288 2365 2289
f 2364 2363 2362
f 2361 2359 2360
f 2358 2357 1894
f 2356 2355 2354
f 623 2352 2353
f 2351 2350 2095
f 1231 2348 2349
f 2347 2345 2346
f 2344 2342 2343
f 2341 624 2181
f 2340 2339 2338
f 2337 2335 2336
f 2334 2332 2333
f 2331 2329 2330
f 2328 516 515
f 2034 2033 2327
f 2326 2325 2324
f 2323 2321 2322
f 2320 2318 2319
f 2317 2315 2316
f 2314 2312 2313
f 761 763 2311
f 2310 2309 1134
f 861 2308 2307
f 2306 2304 2305
f 2303 636 2302
f 1541 2300 2301
f 2299 2298 2297
f 2296 2294 2295
f 2293 2291 2292
f 2290 2288 2289
f 1962 255 254
f 2287 2286 898
f 374 1166 1168
f 2285 2284 973
f 2283 1789 1788
f 2282 2280 2281
f 2279 1891 1890
f 488 784 2278
f 2277 2276 1067
f 2275 1912 2274
f 2273 2271 2272
f 2270 2268 2269
f 2267 2266 2265
f 403 2065 2063
f 2264 2262 2263
f 2261 2260 495
f 894 2259 2258
f 2257 2255 2256
f 2254 2253 2252
f 2251 2249 2250
f 1870 2248 1871
f 2247 2246 1
f 2245 2244 2243
f 228 2242 227
f 618 2241 2240
f 2239 2237 2238
f 1810 2235 2236
f 2234 2232 2233
f 2231 2229 2230
f 2228 293 2227
f 2226 2225 1377
f 2224 1345 2223
f 2222 2220 2221
f 2219 2218 960
f 2217 2215 2216
f 286 2214 2213
f 2212 2211 735
f 930 931 2210
f 2209 2207 2208
f 1092 1091 2206
f 2205 2204 2203
f 2202 2200 2201
f 1974 698 1973
f 2199 2026 2198
f 2197 2195 2196
f 773 2059 774
f 2194 2192 2193
f 2191 2189 2190
f 2188 2186 2187
f 2185 2183 2184
f 2182 2181 1393
f 2180 2178 2179
f 2177 2176 2175
f 2174 2172 2173
f 550 2171 2170
f 2169 2167 2168
f 1843 2166 2165
f 2164 2163 1634
f 2162 1963 1160
f 2161 2160 1691
f 1453 1138 2159
f 940 1296 2158
f 2157 2156 2155
f 58 2154 59
f 2153 1202 2152
f 1371 2150 2151
f 2149 2148 2013
f 2122 2147 1465
f 508 2146 776
f 2145 2143 2144
f 2142 2140 2141
f 2139 2138 2137
f 1485 1486 2136
f 888 2135 514
f 2134 2133 2132
f 2131 1304 2130
f 2129 2128 2127
f 2126 2124 2125
f 247 249 2123
f 2122 1465 2121
f 2120 2119 567
f 2118 2116 2117
f 911 2006 1883
f 362 2114 2115
f 605 604 2113
f 2112 1915 962
f 2111 1221 2110
f 2109 2107 2108
f 2106 2105 2104
f 2103 2101 2102
f 676 2100 677
f 2099 2098 107
f 1766 1285 371
f 2097 55 1169
f 2096 2094 2095
f 2093 2092 2091
f 716 505 507
f 440 2089 2090
f 2088 2086 2087
f 2085 2083 2084
f 2082 2080 2081
f 2079 1564 2078
f 2077 950 2076
f 2075 2073 2074
f 2072 2071 580
f 2070 2069 2068
f 1995 2067 1996
f 1241 2066 1317
f 2065 2064 2063
f 2062 1508 2061
f 773 2060 2059
f 2058 2057 2056
f 1096 2055 2054
f 2053 888 889
f 2052 1681 2051
f 2050 2049 1509
f 837 2048 810
f 2047 2045 2046
f 2044 2042 2043
f 2041 2039 2040
f 970 2037 2038
f 2036 1116 2035
f 2034 2032 2033
f 319 2030 2031
f 2029 2027 2028
f 2026 974 2025
f 597 599 1295
f 2024 2023 1100
f 2022 2020 2021
f 1775 2019 1774
f 2018 2016 2017
f 2015 2013 2014
f 2012 2011 2010
f 2009 1967 2008
f 658 2007 657
f 910 847 2006
f 2005 384 2004
f 2003 2002 2001
f 2000 1999 1998
f 1997 1995 1996
f 1994 1992 1993
f 1991 1989 1990
f 1988 1987 1577
f 1986 1985 917
f 1984 1982 1983
f 1981 1979 1980
f 1978 1976 1977
f 1975 1974 1973
f 1972 1970 1971
f 1328 118 117
f 1969 1968 1330
f 1967 34 1966
f 1965 825 823
f 1964 1962 1963
f 1961 1494 1960
f 1959 1957 1958
f 839 1956 1042
f 1955 1953 1954
f 194 193 1952
f 1951 1950 1949
f 1550 1552 1948
f 1745 1746 1947
f 1946 1944 1945
f 1943 1942 613
f 862 1940 1941
f 1939 1937 1938
f 1936 1934 1935
f 1933 1931 1932
f 1930 1929 1928
f 671 1927 1247
f 1926 1924 1925
f 1923 1922 1005
f 985 1921 984
f 1920 1918 1919
f 499 1917 1916
f 122 1915 24
f 1275 1914 1913
f 1912 1911 225
f 1910 291 1909
f 1908 1906 1907
f 1905 1904 1903
f 1902 1901 716
f 1574 1900 1200
f 949 1171 1899
f 1898 1355 1897
f 1896 219 1895
f 1894 1893 1892
f 1172 1890 1891
f 454 1889 777
f 1888 1886 1887
f 1885 1496 1884
f 911 1883 1882
f 1881 1880 1879
f 1878 1876 1877
f 1875 1874 1873
f 1872 1870 1871
f 1633 1605 1054
f 898 985 879
f 1869 951 1868
f 1867 1866 1865
f 1864 1862 1863
f 1861 1859 1860
f 1858 1856 1857
f 1855 1853 1854
f 1852 1850 1851
f 1849 1848 1847
f 1846 1845 1615
f 1844 1843 1842
f 927 1840 1841
f 1839 1838 1837
f 1023 1835 1836
f 1834 1832 1833
f 1831 1829 1830
f 1558 1828 1827
f 1826 1825 1730
f 1824 1822 1823
f 1821 1820 1819
f 1818 1816 1817
f 1043 1815 1041
f 1814 1813 1812
f 205 207 419
f 1811 1810 1809
f 1808 1806 1807
f 1805 590 589
f 1804 1802 1803
f 1801 1800 1799
f 500 1798 75
f 1797 1795 1796
f 1794 1468 1793
f 1792 1791 1790
f 1789 1787 1788
f 796 1786 1785
f 1784 1783 277
f 1782 1781 392
f 1780 303 1779
f 1778 1776 1777
f 1723 1775 1774
f 1773 1772 1771
f 1770 1769 1768
f 1767 1766 370
f 1339 1764 1765
f 1763 1761 1762
f 1760 1759 1758
f 502 1004 503
f 1757 1756 998
f 1518 1754 1755
f 1753 1751 1752
f 1750 1748 1749
f 1010 1747 1009
f 1746 1745 934
f 46 1744 1743
f 1742 1741 1740
f 1739 1738 1737
f 1736 282 280
f 1735 1733 1734
f 1732 1731 1730
f 1729 916 1728
f 1727 1726 1725
f 1325 1724 1021
f 1723 1721 1722
f 1720 1718 1719
f 126 128 932
f 1717 1716 1715
f 1714 647 1713
f 1712 1710 1711
f 1709 1708 1707
f 1706 1705 1260
f 893 1704 1703
f 1702 231 230
f 1701 1699 1700
f 1698 1696 1697
f 1695 1694 973
f 1693 179 1692
f 1662 1664 1691
f 1690 140 138
f 1689 1687 1688
f 1686 1685 1684
f 1683 1681 1682
f 1680 1104 1679
f 1678 1676 1677
f 1205 1675 1674
f 478 1673 476
f 1672 17 1671
f 1670 1638 1060
f 1669 1594 1668
f 1667 1665 1666
f 1664 1662 1663
f 1661 202 1660
f 1659 1657 1658
f 1656 1507 1655
f 1654 1652 1653
f 1651 1125 1650
f 1649 1648 1647
f 1646 1645 1644
f 1643 1642 1641
f 1640 1638 1639
f 1637 1635 1636
f 1634 1632 1633
f 40 1631 398
f 146 1630 144
f 817 1628 1629
f 1627 638 1626
f 1625 1623 1624
f 1622 1620 1621
f 1619 1618 1617
f 1616 1000 1615
f 1614 1612 1613
f 1611 1609 1610
f 1608 1186 1607
f 1606 1604 1605
f 322 1603 323
f 1602 1600 1601
f 1599 1598 92
f 1115 1597 1596
f 1595 336 335
f 744 1593 1594
f 1592 1591 1590
f 1589 1190 1588
f 1587 1585 1586
f 1584 1582 1583
f 1581 1579 1580
f 1578 1577 1576
f 1575 1574 1573
f 1209 711 1572
f 1571 1570 1569
f 1568 351 1567
f 1089 1565 1566
f 1564 1562 1563
f 1561 1049 1048
f 1560 1404 614
f 1559 1558 1557
f 1556 1554 1555
f 1553 1080 1362
f 1552 1550 1551
f 170 1343 1549
f 1548 781 1547
f 1546 1545 1544
f 1543 1541 1542
f 1540 1539 1538
f 1537 1535 1536
f 1534 1532 1533
f 1531 874 1530
f 1529 1528 1511
f 1527 116 114
f 1526 1525 472
f 1524 1522 1523
f 1521 322 276
f 1488 1519 1520
f 926 925 76
f 1518 1517 1516
f 804 1514 1515
f 1513 859 857
f 1512 322 1511
f 1510 1508 1509
f 417 1506 1507
f 1505 1504 1503
f 1188 1187 1502
f 1501 1499 1500
f 1498 1497 1496
f 1495 85 1494
f 1493 1492 1491
f 1490 1488 1489
f 1487 1486 1485
f 1484 1408 1483
f 1482 1480 1481
f 1479 1477 1478
f 1476 1475 1432
f 1474 1472 1473
f 1471 1469 1470
f 1468 1467 1052
f 1466 1464 1465
f 1463 1352 847
f 1462 1460 1461
f 1459 1458 1457
f 1456 1455 1454
f 1453 1452 1138
f 1451 358 1450
f 1449 1448 1447
f 1446 1444 1445
f 1326 1325 1443
f 1208 1441 1442
f 1440 737 738
f 1439 1438 862
f 1437 1435 1436
f 301 1434 1433
f 1432 1431 147
f 1430 1428 1429
f 1060 484 1427
f 1426 961 1036
f 1425 1424 1423
f 1422 882 880
f 1421 1419 1420
f 1418 1416 1417
f 1415 1414 208
f 1413 1412 1411
f 1410 1212 1409
f 1408 1406 1407
f 1152 1405 1039
f 1404 1402 1403
f 1401 1032 1400
f 1399 1398 1397
f 1396 1395 1394
f 1393 1392 640
f 1391 1390 1389
f 1388 1387 1386
f 1316 1384 1385
f 1383 1382 1381
f 1380 1378 1379
f 1377 1376 1375
f 1374 1372 1373
f 574 1370 1371
f 1369 1368 1367
f 1366 1365 1364
f 1363 1362 180
f 1361 1359 1360
f 1358 1356 1357
f 1355 1353 1354
f 1247 1352 1351
f 1350 1349 1348
f 1347 413 412
f 1346 1345 1344
f 170 169 1343
f 1342 1340 1341
f 1339 764 766
f 1338 1337 1336
f 536 1334 1335
f 1333 1331 1332
f 1330 1305 1329
f 1328 1327 859
f 1326 1324 1325
f 541 1323 1322
f 1321 1320 1319
f 1241 1317 1318
f 1316 1315 1314
f 1313 696 695
f 1312 18 17
f 1311 1310 1309
f 1308 1307 1306
f 1305 1303 1304
f 1302 1301 200
f 13 1299 1300
f 1298 1297 1296
f 1295 1293 1294
f 511 513 1292
f 1291 1289 1290
f 1288 1287 1286
f 1285 1284 1283
f 1282 1280 1281
f 1279 1277 1278
f 1276 1275 1274
f 1273 960 1272
f 1271 1270 1269
f 1268 1267 1266
f 1265 1264 1263
f 1262 501 1261
f 1012 1260 1013
f 1259 1258 1257
f 321 1256 320
f 1255 1253 1254
f 1252 1251 1250
f 1249 188 186
f 196 1248 197
f 1247 1245 1246
f 1244 1242 1243
f 1241 1240 1239
f 1238 1237 1236
f 1235 181 1234
f 1233 486 1232
f 1231 1229 1230
f 349 1227 1228
f 1226 1224 1225
f 1223 1222 1221
f 1220 1218 1219
f 1217 1216 1215
f 1214 1212 1213
f 1211 1209 1210
f 1208 1207 162
f 1206 1205 485
f 1204 1202 1203
f 1201 727 1200
f 1199 1198 1197
f 1196 1194 1195
f 227 1192 1193
f 1191 1190 1189
f 1188 1186 1187
f 1185 1184 382
f 1183 1182 1181
f 1180 1179 1178
f 1177 1176 1175
f 1174 1172 1173
f 1171 1170 1169
f 1168 1166 1167
f 1165 1163 1164
f 1162 1160 1161
f 977 1159 976
f 1158 1156 1157
f 1155 1154 1153
f 1152 1149 1151
f 963 121 1037
f 1150 1149 1148
f 647 1146 1147
f 1145 1144 377
f 1143 1142 1141
f 1036 1035 1140
f 1139 1137 1138
f 1136 1134 1135
f 1133 1131 1132
f 1130 1129 1128
f 1127 1125 1126
f 1124 1122 1123
f 1121 1119 1120
f 1118 1117 1116
f 1115 1114 1113
f 910 1111 1112
f 1110 802 1109
f 1108 490 489
f 1107 1105 1106
f 1104 1102 1103
f 1101 1100 1099
f 1098 1097 1096
f 1095 1094 466
f 1093 1091 1092
f 1090 1089 1088
f 75 1087 76
f 1086 1085 1017
f 1084 1082 1083
f 181 182 1081
f 1080 1078 1079
f 1077 1075 1076
f 111 1074 112
f 1073 1071 1072
f 1070 1012 1069
f 1068 1067 1066
f 1065 1064 1063
f 1062 989 1061
f 1060 1059 484
f 1058 1056 1057
f 1055 1053 1054
f 1052 1051 1050
f 1049 1047 1048
f 1046 1044 1045
f 1043 1041 1042
f 1040 1038 1039
f 1037 1035 1036
f 1034 1033 1032
f 1031 1030 1029
f 1028 1027 1026
f 1025 1024 1023
f 1022 1020 1021
f 1019 1018 1017
f 1016 1015 1014
f 1013 248 1012
f 1011 1010 1009
f 1008 1006 1007
f 503 1004 1005
f 1003 1001 1002
f 1000 998 999
f 997 995 996
f 994 992 993
f 991 990 989
f 988 986 987
f 985 984 879
f 983 981 982
f 980 978 979
f 977 976 975
f 974 570 973
f 972 970 971
f 969 968 967
f 966 964 965
f 454 777 776
f 963 961 962
f 960 958 959
f 957 956 955
f 954 953 952
f 951 949 950
f 948 946 947
f 945 361 944
f 943 942 710
f 941 940 939
f 938 937 936
f 935 933 934
f 128 436 932
f 931 930 412
f 929 928 927
f 926 924 925
f 923 921 922
f 920 846 919
f 918 916 917
f 915 914 913
f 912 910 911
f 142 908 909
f 907 906 905
f 904 902 903
f 901 900 899
f 898 897 896
f 895 894 893
f 892 891 890
f 889 888 514
f 887 886 885
f 884 222 883
f 882 881 880
f 879 877 878
f 876 874 875
f 873 871 872
f 870 869 868
f 867 865 866
f 864 863 862
f 861 859 860
f 858 856 857
f 855 853 854
f 852 850 851
f 849 848 847
f 846 845 844
f 843 841 842
f 840 839 838
f 837 288 95
f 238 836 239
f 835 834 833
f 832 831 830
f 829 264 828
f 827 84 826
f 825 824 823
f 822 820 821
f 50 818 819
f 817 816 545
f 815 813 814
f 812 811 415
f 686 810 687
f 809 808 807
f 806 804 805
f 48 803 47
f 802 801 800
f 799 798 797
f 796 794 795
f 793 792 791
f 790 789 788
f 787 785 786
f 784 782 783
f 781 780 779
f 778 776 777
f 775 773 774
f 772 770 771
f 769 768 767
f 766 764 765
f 763 761 762
f 760 276 275
f 759 758 757
f 756 754 755
f 753 751 752
f 750 749 748
f 747 745 746
f 744 743 742
f 741 739 740
f 738 737 736
f 735 734 598
f 733 732 731
f 730 729 728
f 727 725 726
f 611 724 723
f 722 720 721
f 719 718 717
f 716 715 505
f 714 712 713
f 243 711 710
f 709 708 540
f 707 705 706
f 704 702 703
f 701 699 700
f 79 697 698
f 696 694 695
f 693 18 692
f 691 690 689
f 688 686 687
f 685 683 684
f 349 682 350
f 681 679 680
f 678 676 677
f 675 673 674
f 672 671 670
f 669 668 667
f 666 665 26
f 664 662 663
f 661 660 659
f 658 657 631
f 656 655 654
f 653 652 651
f 650 648 649
f 647 645 646
f 644 643 642
f 641 639 640
f 638 636 637
f 635 633 634
f 632 630 631
f 629 628 627
f 626 625 624
f 623 621 622
f 620 618 619
f 617 615 616
f 614 612 613
f 611 610 609
f 608 607 606
f 605 603 604
f 602 601 600
f 599 597 598
f 596 595 594
f 593 591 592
f 590 588 589
f 267 586 587
f 585 583 584
f 582 581 580
f 579 577 578
f 576 575 574
f 573 571 572
f 570 568 569
f 567 565 566
f 564 562 563
f 561 559 560
f 558 556 557
f 555 554 553
f 552 550 551
f 289 291 549
f 548 547 546
f 545 543 544
f 542 540 541
f 539 537 538
f 536 534 535
f 533 531 532
f 530 528 529
f 527 525 526
f 334 523 524
f 522 520 521
f 519 517 518
f 516 514 515
f 513 511 512
f 510 509 508
f 507 505 506
f 504 502 503
f 501 500 77
f 499 497 498
f 496 494 495
f 493 491 492
f 490 488 489
f 487 485 486
f 484 482 483
f 481 479 480
f 478 476 477
f 475 474 473
f 472 471 104
f 470 468 469
f 467 465 466
f 464 462 463
f 461 459 460
f 458 456 457
f 455 454 453
f 452 451 63
f 450 448 449
f 447 446 445
f 444 442 443
f 441 439 440
f 281 437 438
f 128 435 436
f 434 432 433
f 431 429 430
f 428 426 427
f 425 423 424
f 422 421 420
f 99 101 320
f 419 417 418
f 416 414 415
f 413 411 412
f 410 409 408
f 407 405 406
f 111 113 161
f 404 402 403
f 401 399 400
f 398 397 40
f 396 394 395
f 393 126 392
f 391 389 390
f 388 387 386
f 385 384 383
f 146 381 382
f 380 379 378
f 377 376 375
f 374 373 372
f 371 369 370
f 368 366 367
f 365 363 364
f 362 360 361
f 359 357 358
f 356 354 355
f 353 253 352
f 351 349 350
f 348 346 347
f 345 343 344
f 342 340 341
f 339 337 338
f 336 174 335
f 334 333 332
f 331 329 330
f 82 327 328
f 326 324 325
f 323 274 322
f 321 320 101
f 319 318 317
f 316 314 315
f 313 311 312
f 310 308 309
f 307 305 306
f 304 302 303
f 301 300 134
f 299 298 297
f 59 295 296
f 294 293 292
f 291 289 290
f 288 94 95
f 287 150 286
f 285 283 284
f 282 281 280
f 279 277 278
f 276 274 275
f 273 272 271
f 270 269 268
f 267 265 266
f 264 263 262
f 261 260 259
f 258 256 257
f 255 253 254
f 252 250 251
f 249 247 248
f 246 244 245
f 243 242 241
f 240 238 239
f 237 235 236
f 234 233 232
f 231 229 230
f 228 227 226
f 225 223 224
f 222 220 221
f 219 217 218
f 216 215 214
f 213 212 211
f 210 208 209
f 207 205 206
f 204 202 203
f 201 6 5
f 200 198 199
f 197 195 196
f 194 192 193
f 191 190 189
f 188 187 186
f 185 183 184
f 182 181 180
f 179 177 178
f 176 174 175
f 173 171 172
f 170 168 169
f 167 165 166
f 164 162 163
f 161 160 159
f 158 156 157
f 155 153 154
f 152 150 151
f 149 147 148
f 143 141 142
f 140 139 138
f 137 135 136
f 134 132 133
f 131 130 129
f 128 126 127
f 125 123 124
f 122 120 121
f 119 117 118
f 116 115 114
f 113 111 112
f 110 109 108
f 107 106 105
f 104 102 103
f 101 99 100
f 98 97 96
f 95 94 93
f 92 90 91
f 89 88 87
f 86 84 85
f 83 81 82
f 80 78 79
f 77 75 76
f 74 73 72
f 58 70 71
f 69 68 67
f 66 64 65
f 63 61 62
f 60 58 59
f 57 55 56
f 54 52 53
f 51 49 50
f 48 47 46
f 45 44 43
f 42 41 40
f 39 38 37
f 36 35 34
f 33 31 32
f 30 29 28
f 27 26 25
f 24 22 23
f 21 20 19
f 18 16 17
f 15 13 14
f 12 11 10
f 9 8 7
f 6 4 5
f 3 2 1
