v 0.5159460306167603 0.16260449588298798 0.23646250367164612
v 0.23610424995422363 0.11233612149953842 -0.06807955354452133
v 0.411722332239151 0.16479285061359406 0.18974138796329498
v -0.026994850486516953 0.6277731657028198 0.12520277500152588
v -0.008726534433662891 0.5930078029632568 0.12060748040676117
v -0.014101540669798851 -0.8329136371612549 0.01829719729721546
v 0.2875106632709503 0.08959206938743591 -0.0930030420422554
v 0.10272697359323502 0.4588777422904968 0.13324616849422455
v 0.07213322818279266 -0.7609198093414307 0.03641452640295029
v 0.10960520058870316 -0.8920322060585022 -0.1387910395860672
v -0.15902896225452423 0.5822329521179199 -0.17468993365764618
v 0.35349398851394653 0.17703701555728912 0.035954851657152176
v -0.07338464260101318 0.1635916829109192 0.11861751973628998
v 0.04634660482406616 -0.8134464025497437 0.13570494949817657
v -0.035036034882068634 -0.8320324420928955 0.13079410791397095
v -0.09084389358758926 0.4739053547382355 0.17059415578842163
v 0.33467116951942444 0.266147643327713 -0.12082469463348389
v 0.05118529871106148 0.4735831022262573 0.08310407400131226
v -0.3400738537311554 0.15054503083229065 0.20527152717113495
v -0.35020190477371216 0.16171656548976898 0.040556855499744415
v 0.08044932037591934 0.46679043769836426 0.11706694960594177
v 0.08951134234666824 0.6016055941581726 0.06192174553871155
v -0.527755856513977 0.18567992746829987 0.1869896501302719
v -0.27279025316238403 0.1654486507177353 -0.006887626834213734
v -0.4060751795768738 0.18403694033622742 0.2655327022075653
v 0.4713906943798065 0.24069900810718536 0.17406027019023895
v -0.06913868337869644 -0.8451849818229675 0.1777496337890625
v 0.13768604397773743 0.26253941655158997 0.043166615068912506
v 0.39505860209465027 0.203867107629776 0.2232334464788437
v 0.1533784419298172 0.5173450708389282 -0.024200456216931343
v -0.4787360727787018 0.21851161122322083 0.24008189141750336
v 0.32103413343429565 0.26058101654052734 -0.14575038850307465
v 0.1358087807893753 0.49141645431518555 -0.15992380678653717
v 0.3672301769256592 0.24871768057346344 -0.06435875594615936
v 0.1170378029346466 0.4333549439907074 0.1166432723402977
v 0.1002163514494896 -0.8184607625007629 0.157890185713768
v -0.4914400279521942 0.22737979888916016 0.18977981805801392
v 0.009282592684030533 0.9180517196655273 0.018137210980057716
v 0.48232555389404297 0.20038971304893494 0.25433871150016785
v 0.2497119903564453 0.21343395113945007 -0.011507632210850716
v -0.26406627893447876 -0.3313751816749573 -0.09550909698009491
v -0.35568511486053467 0.13626576960086823 0.2261158972978592
v 0.24725322425365448 -0.8451894521713257 0.08698486536741257
v 0.09098077565431595 0.8253871202468872 -0.25243741273880005
v 0.5157904624938965 0.21836277842521667 0.1657397449016571
v -0.19372662901878357 0.6232048869132996 -0.12706740200519562
v -0.020360033959150314 0.6947254538536072 0.07268760353326797
v 0.18316298723220825 -0.3539525270462036 -0.20576143264770508
v -0.22463813424110413 0.004429928492754698 -0.04058244451880455
v -0.40507906675338745 0.23053494095802307 0.1688656061887741
v -0.08175930380821228 -0.8837161064147949 0.053641654551029205
v -0.18007387220859528 0.6455726623535156 -0.1372157484292984
v -0.270142138004303 -0.8035774827003479 -0.03560633212327957
v -0.13173919916152954 0.3512105345726013 0.02542339451611042
v -0.42746487259864807 0.19686947762966156 0.2666708528995514
v 0.02888735756278038 -0.09316336363554001 -0.3128111958503723
v 0.041023384779691696 -0.7378692030906677 -0.14968310296535492
v 0.1371925175189972 0.5891405940055847 -0.1682826727628708
v 0.3651387691497803 0.16023141145706177 0.22436019778251648
v -0.0790233388543129 0.4407154321670532 0.1150815561413765
v 0.21857959032058716 -0.8823098540306091 0.10885912925004959
v -0.1900937408208847 0.10299012809991837 -0.026183633133769035
v -0.12177339941263199 -0.5113044381141663 0.03214377909898758
v -0.15922051668167114 0.8358621597290039 -0.09988126903772354
v -0.08640415966510773 -0.8864700794219971 0.13643287122249603
v -0.09197299927473068 -0.8787400126457214 -0.07952378690242767
v 0.17246027290821075 0.5684944987297058 -0.10074218362569809
v -0.09389989823102951 -0.8160538673400879 0.16011911630630493
v 0.15222898125648499 -0.8832000494003296 0.09170185774564743
v -0.23717083036899567 -0.8819289207458496 0.07915115356445312
v -0.0968656986951828 -0.014169645495712757 0.14619582891464233
v 0.09904445707798004 -0.19436946511268616 -0.3413540720939636
v 0.24775132536888123 -0.8248049020767212 0.04509344324469566
v 0.38973766565322876 0.09670469909906387 0.1025601401925087
v -0.19709588587284088 -0.30710527300834656 -0.218014657497406
v -0.21496309340000153 -0.19961148500442505 -0.2523652911186218
v -0.16224274039268494 -0.8868554830551147 0.025080852210521698
v 0.30330905318260193 0.2042863517999649 -0.18136532604694366
v 0.1718134731054306 -0.1937970072031021 -0.30959972739219666
v -0.10925647616386414 0.548736572265625 0.12436213344335556
v 0.030936021357774734 -0.4021068811416626 -0.1748296469449997
v -0.015478555113077164 -0.8470825552940369 -0.04856271296739578
v 0.19903123378753662 -0.7121862769126892 -0.20373083651065826
v 0.3682149350643158 0.16410091519355774 0.12906783819198608
v 0.10950835049152374 0.44174090027809143 0.11091665923595428
v -0.07881150394678116 0.9805777668952942 -0.11776197701692581
v 0.3725082576274872 0.1930922567844391 0.17290650308132172
v 0.17993800342082977 -0.6457117199897766 0.03446056693792343
v 0.3921784460544586 0.19012638926506042 -0.13575531542301178
v -0.2095271646976471 -0.8920119404792786 -0.013858268968760967
v 0.4341599941253662 0.19005881249904633 0.2251061350107193
v -0.12933677434921265 0.4535072445869446 0.0896194726228714
v -0.2722088098526001 -0.5744796395301819 -0.06769644469022751
v 0.0037453838158398867 0.6539316177368164 0.15626975893974304
v 0.020747104659676552 0.8142471313476562 -0.2784515917301178
v -0.08431049436330795 0.7440697550773621 0.0707944929599762
v -0.026974568143486977 0.43874573707580566 0.13766562938690186
v 0.15670257806777954 0.8332321047782898 -0.08525490015745163
v 0.1094542145729065 0.41500094532966614 0.12888085842132568
v -0.34113311767578125 0.2050255686044693 0.0053746700286865234
v 0.4094325602054596 0.18337886035442352 0.2222418189048767
v -0.050351984798908234 0.17381659150123596 -0.23138122260570526
v 0.12444112449884415 0.3648632764816284 0.03567759320139885
v -0.017878759652376175 -0.24010337889194489 -0.32340580224990845
v -0.20279543101787567 0.10464440286159515 -0.10243695974349976
v -0.22187960147857666 -0.8815345168113708 0.10895826667547226
v -0.1478845626115799 0.6887667179107666 -0.021448709070682526
v -0.3047519624233246 0.2703755497932434 -0.1502622663974762
v 0.14902885258197784 -0.878636360168457 0.14938925206661224
v 0.11453402787446976 -0.27524271607398987 0.11282333731651306
v -0.4117341637611389 0.17093630135059357 0.26697054505348206
v 0.023061607033014297 0.6681838631629944 0.1422969102859497
v 0.21285754442214966 -0.280500590801239 0.05109959840774536
v -0.16901955008506775 0.6219202876091003 -0.17281483113765717
v -0.14030319452285767 0.6432581543922424 -0.1703651249408722
v -0.1233532503247261 -0.7604172825813293 0.05895587429404259
v -0.4974776804447174 0.1843457669019699 0.20790386199951172
v 0.07831279933452606 0.17020392417907715 0.11885864287614822
v 0.1543182134628296 0.57756108045578 -0.17110884189605713
v -0.1351490169763565 -0.36382362246513367 -0.22027288377285004
v 0.46515926718711853 0.11845713108778 -0.05992352217435837
v 0.10439696162939072 0.18675497174263 -0.20230653882026672
v -0.11203072220087051 0.5648593902587891 0.04131407290697098
v 0.34647151827812195 0.13361544907093048 0.21350419521331787
v 0.2552650570869446 -0.8418923616409302 -0.13529106974601746
v 0.19542758166790009 -0.20924372971057892 0.08449237793684006
v 0.07971910387277603 -0.23172415792942047 -0.3388862907886505
v -0.2571001350879669 -0.8793372511863708 0.022121701389551163
v -0.35950735211372375 0.18556278944015503 0.1612527221441269
v -0.35328948497772217 0.2533421218395233 -0.049473199993371964
v 0.5068298578262329 0.16469143331050873 0.06845057755708694
v -0.23493745923042297 0.2768503725528717 -0.025045525282621384
v 0.03764740750193596 0.7630592584609985 0.07172969728708267
v -0.15913037955760956 -0.656923770904541 0.0386141799390316
v -0.1888969987630844 -0.8682400584220886 -0.19708023965358734
v -0.3393549919128418 0.12974581122398376 -0.1583980917930603
v 0.05020267516374588 -0.8777033090591431 0.1231609582901001
v -0.377854585647583 0.07086394727230072 -0.09927725046873093
v -0.08423835784196854 -0.8305653929710388 0.17420010268688202
v 0.008816065266728401 0.6165453195571899 0.13032987713813782
v 0.4113932251930237 0.23681150376796722 0.18163271248340607
v -0.09588085860013962 -0.8832045197486877 0.0974036231637001
v -0.2887868583202362 0.146939218044281 -0.1688055545091629
v 0.5311357975006104 0.18083223700523376 0.22670398652553558
v 0.4624570906162262 0.10350178927183151 0.13826285302639008
v 0.48891308903694153 0.12952053546905518 -0.008812304586172104
v 0.419729620218277 0.18943001329898834 -0.10176759213209152
v -0.10210549831390381 -0.23604898154735565 -0.3368174135684967
v 0.21195605397224426 -0.18180739879608154 -0.24964509904384613
v 0.16494424641132355 0.5989575386047363 -0.17846937477588654
v 0.15301333367824554 0.2919071316719055 -0.17981025576591492
v -0.20728251338005066 0.14279916882514954 -0.03744080662727356
v 0.1896401047706604 0.18575434386730194 -0.00687862653285265
v -0.2225557416677475 -0.12056362628936768 -0.1902402937412262
v 0.12020879238843918 -0.8798510432243347 0.1085120216012001
v -0.41520026326179504 0.04737154021859169 0.008899349719285965
v -0.17786972224712372 0.5941526889801025 -0.11992999166250229
v 0.1591297835111618 -0.5501466393470764 -0.2133450210094452
v -0.4370249807834625 0.058452945202589035 -0.043451327830553055
v -0.1868371218442917 -0.12907804548740387 -0.27104148268699646
v 0.006846387404948473 -0.4170442819595337 -0.026086781173944473
v -0.4762142300605774 0.17919152975082397 0.26123493909835815
v 0.0027334773913025856 0.9997250437736511 -0.09977756440639496
v -0.15810047090053558 0.356529176235199 -0.13013018667697906
v 0.12483779340982437 0.5177438855171204 0.12016808986663818
v -0.4787495732307434 0.18105992674827576 0.2090149074792862
v 0.3922211527824402 0.20828884840011597 0.17723354697227478
v -0.5120341777801514 0.14943856000900269 0.06505203247070312
v -0.1438932865858078 -0.29097118973731995 -0.2900850772857666
v 0.16407889127731323 -0.11950214952230453 0.12994004786014557
v 0.4800741970539093 0.18542081117630005 0.26049572229385376
v -0.2043144255876541 -0.8592952489852905 0.1368025541305542
v 0.058110807090997696 0.35995030403137207 0.11448661237955093
v 0.38695207238197327 0.20425251126289368 0.01870059035718441
v 0.3599056899547577 0.13388584554195404 0.19811832904815674
v -0.06715993583202362 0.4578704237937927 0.1432412564754486
v 0.2615640461444855 -0.879621148109436 -0.03101104497909546
v 0.21917466819286346 -0.8238223195075989 0.08082329481840134
v 0.11906161159276962 0.7442523241043091 0.05044594779610634
v 0.15078212320804596 -0.2763470411300659 -0.2959311902523041
v -0.503172755241394 0.17087557911872864 0.1850469708442688
v 0.1707339882850647 0.5522027015686035 -0.14588110148906708
v 0.06550741195678711 -0.8781225085258484 -0.15667174756526947
v 0.13277305662631989 0.6967266798019409 0.02943045273423195
v 0.19231972098350525 -0.8860058188438416 -0.06125318259000778
v 0.17022690176963806 -0.6951327323913574 -0.21207399666309357
v 0.00519225001335144 0.7490954399108887 0.06622177362442017
v 0.15057256817817688 -0.12212768942117691 -0.2999156713485718
v 0.1933000534772873 0.6221028566360474 -0.1285480558872223
v -0.1331026405096054 0.11235197633504868 -0.19708251953125
v -0.011444496922194958 0.6403937339782715 0.15226270258426666
v -0.47334977984428406 0.09764890372753143 0.12169152498245239
v 0.16942010819911957 0.1114279180765152 0.028154855594038963
v -0.15417233109474182 -0.07010149210691452 -0.25753745436668396
v 0.015261612832546234 -0.8078753352165222 -0.01003833208233118
v 0.008822916075587273 -0.3060009479522705 0.1135602742433548
v -0.25981131196022034 -0.8822062015533447 -0.014498351141810417
v 0.4945022761821747 0.18816126883029938 0.059598106890916824
v 0.08437296003103256 0.7920821905136108 0.03098088689148426
v -0.06382902711629868 0.9607340693473816 -0.20644201338291168
v 0.15002046525478363 -0.8389444947242737 0.1646241396665573
v 0.01061004027724266 0.9111216068267822 -0.26522472500801086
v 0.4108748435974121 0.20829340815544128 0.013366218656301498
v 0.052183639258146286 0.5488267540931702 0.15910035371780396
v -0.04850400984287262 0.47688695788383484 0.08532172441482544
v -0.44131144881248474 0.06415470689535141 0.06614735722541809
v 0.06486517935991287 0.7665885090827942 0.06555469334125519
v 0.4494488835334778 0.20498500764369965 0.2336566299200058
v -0.09013845771551132 0.8677607774734497 0.007808591704815626
v -0.14248470962047577 0.43142572045326233 0.055185507982969284
v -0.04748760163784027 0.4572281837463379 0.08401227742433548
v -0.10994384437799454 -0.8004606366157532 0.1195528581738472
v 0.04399381950497627 0.8871762752532959 -0.268932044506073
v -0.08398595452308655 -0.8809238076210022 0.15683771669864655
v 0.17022018134593964 0.10218334197998047 -0.15603844821453094
v -0.1767113357782364 0.5553827285766602 -0.11604463309049606
v 0.45609498023986816 0.09481602162122726 -0.06251299381256104
v 0.4371798634529114 0.24018976092338562 0.11637958884239197
v -0.052799541503190994 0.4806438684463501 0.106492780148983
v 0.1481003612279892 0.22885137796401978 0.0632423385977745
v 0.3496312201023102 0.14208923280239105 0.18174313008785248
v -0.19951409101486206 0.20641373097896576 -0.1844235509634018
v 0.17940619587898254 -0.8548239469528198 0.16016869246959686
v 0.092085100710392 -0.2679363191127777 -0.32392188906669617
v -0.07285498082637787 0.6758486032485962 0.08469964563846588
v 0.0463714562356472 0.6511865854263306 -0.24390041828155518
v 0.14254729449748993 0.47974467277526855 0.09638271480798721
v 0.2542012929916382 -0.8589391708374023 0.08849257975816727
v 0.1339629590511322 0.927882194519043 -0.13552320003509521
v -0.026102431118488312 -0.6244257688522339 -0.08085116744041443
v 0.10008107870817184 0.9113175868988037 -0.2250957190990448
v -0.016447678208351135 -0.20019520819187164 -0.33103445172309875
v -0.391076922416687 0.1592217981815338 0.18803539872169495
v -0.07703331112861633 0.6497622728347778 0.0855538472533226
v 0.1211034283041954 -0.39027512073516846 0.050605934113264084
v 0.140805184841156 0.6390031576156616 -0.1685599386692047
v 0.16655337810516357 0.35808202624320984 -0.11543390154838562
v 0.052666015923023224 -0.8616819381713867 -0.16141574084758759
v 0.141445130109787 0.897040605545044 -0.07188606262207031
v -0.44222643971443176 0.24098297953605652 0.16918785870075226
v -0.18052911758422852 -0.8401254415512085 0.15801860392093658
v 0.13553152978420258 0.4637051522731781 0.09936658293008804
v -0.46670588850975037 0.22628004848957062 0.22746577858924866
v -0.3895917236804962 0.14336711168289185 0.16218121349811554
v 0.3639284670352936 0.17474964261054993 0.0652211531996727
v -0.09902928024530411 0.9157822132110596 -0.021419357508420944
v 0.1743602305650711 -0.820757269859314 0.14238032698631287
v 0.11150959134101868 0.19001825153827667 0.1105448380112648
v -0.08502035588026047 0.4634144604206085 0.16102732717990875
v -0.17048440873622894 0.3579806089401245 -0.10384546965360641
v -0.0416911356151104 0.965266227722168 -0.03029211051762104
v -0.027053486555814743 0.792677104473114 0.05244947597384453
v 0.0345892533659935 -0.21370375156402588 0.17273738980293274
v -0.2690401077270508 -0.5323989391326904 -0.11667115241289139
v -0.004728543572127819 0.4978191554546356 -0.23512008786201477
v -0.09082132577896118 0.7119345664978027 0.0667828693985939
v 0.12030564248561859 -0.378711462020874 -0.21588942408561707
v -0.16321179270744324 -0.5967842936515808 0.03645966202020645
v -0.1542264074087143 -0.5631616711616516 0.049636878073215485
v 0.37822815775871277 0.20482487976551056 0.14794467389583588
v -0.08799972385168076 0.7875792980194092 0.031098157167434692
v -0.0990675613284111 -0.8792020082473755 -0.1827896237373352
v 0.21508190035820007 0.006814416963607073 -0.1297290176153183
v -0.1243223026394844 0.9115656018257141 -0.04998479411005974
v -0.09851089864969254 -0.8742845058441162 -0.03559954836964607
v 0.5070912837982178 0.13771264255046844 0.11905019730329514
v 0.20661039650440216 -0.22683818638324738 -0.25776055455207825
v -0.4404640793800354 0.2314184308052063 0.20015114545822144
v 0.4728917181491852 0.21308012306690216 0.24773761630058289
v -0.5079798102378845 0.12460070103406906 0.10081116110086441
v 0.34478795528411865 0.15580511093139648 0.1711125373840332
v -0.3720558285713196 0.21290214359760284 -0.0027657165192067623
v -0.39864930510520935 0.22015675902366638 0.13478317856788635
v -0.5066185593605042 0.14830493927001953 0.15656502544879913
v -0.029791664332151413 0.4644353687763214 0.17398598790168762
v -0.1943577080965042 -0.8863146901130676 -0.06848973035812378
v -0.521427571773529 0.18851737678050995 0.1438317596912384
v -0.2976032495498657 0.10068919509649277 -0.12563860416412354
v -0.13856784999370575 0.6880049109458923 0.015266045928001404
v 0.11427262425422668 -0.29344117641448975 -0.30008018016815186
v -0.48984667658805847 0.0905182734131813 0.054099179804325104
v -0.09571408480405807 -0.8609066009521484 -0.19651007652282715
v 0.24840940535068512 -0.8721705675125122 0.09124433249235153
v 0.203964501619339 0.09954201430082321 -0.066921167075634
v -0.2414618581533432 -0.3931327760219574 -0.15446537733078003
v -0.036530185490846634 0.43039581179618835 -0.2281179428100586
v 0.4224340617656708 0.17851102352142334 0.27353551983833313
v 0.43870556354522705 0.21467125415802002 0.0466124452650547
v 0.18658410012722015 -0.5452268719673157 0.042715806514024734
v -0.5233070850372314 0.21171224117279053 0.19702313840389252
v 0.18372422456741333 -0.08040082454681396 -0.23197394609451294
v -0.19861260056495667 0.024233097210526466 0.03087731823325157
v 0.14360420405864716 0.683091938495636 -0.00020095739455427974
v -0.02004905976355076 0.3947560787200928 0.15532328188419342
v 0.5192747116088867 0.21274442970752716 0.1931963562965393
v -0.11149662733078003 -0.2913002371788025 -0.30413228273391724
v -0.2274642288684845 -0.8410449624061584 -0.1795375645160675
v -0.046556830406188965 -0.8759093284606934 -0.11244553327560425
v -0.16300223767757416 -0.23492443561553955 0.10376574844121933
v -0.4001096785068512 0.21793010830879211 0.2079804241657257
v 0.12275541573762894 0.49219852685928345 0.1456887423992157
v -0.2888004183769226 0.09050927311182022 -0.060955710709095
v 0.5284944176673889 0.17023992538452148 0.22080166637897491
v -0.11766941845417023 0.6834750175476074 -0.20373983681201935
v 0.06964974105358124 -0.8524101972579956 -0.1845475286245346
v -0.01944054663181305 -0.37661778926849365 -0.1843109130859375
v 0.20698665082454681 -0.32561928033828735 -0.19591505825519562
v -0.2665002644062042 -0.8068746328353882 -0.12069177627563477
v -0.10143619775772095 0.9514241814613342 -0.1774596869945526
v -0.3781723380088806 0.04905952885746956 -0.009154845029115677
v -0.4001254439353943 0.1680876910686493 0.18397420644760132
v -0.11806381493806839 0.424910306930542 0.11628945171833038
v -0.25174763798713684 0.11318133026361465 -0.06158901005983353
v 0.4418630003929138 0.054750144481658936 -0.007268586196005344
v 0.0598619319498539 -0.15616726875305176 -0.3363306224346161
v -0.10499022901058197 -0.3685203194618225 -0.22002719342708588
v 0.15199014544487 0.8262277245521545 -0.1703425645828247
v 0.48861339688301086 0.20380626618862152 0.21340277791023254
v -0.25333425402641296 -0.8442091345787048 -0.13958211243152618
v -0.1647871434688568 -0.8849736452102661 0.12938794493675232
v -0.07201212644577026 -0.8785596489906311 0.012415164150297642
v -0.2133471667766571 0.11424508690834045 -0.10636509954929352
v 0.33731934428215027 0.1618044227361679 0.20582148432731628
v -0.17499177157878876 0.33630919456481934 -0.13947618007659912
v -0.2691032290458679 -0.8494128584861755 0.058489348739385605
v -0.1423112154006958 -0.7161279320716858 -0.21243232488632202
v 0.2256719321012497 -0.6834360957145691 -0.1890639066696167
v 0.4143523871898651 0.23626598715782166 0.13578836619853973
v 0.04039471969008446 0.43518492579460144 0.14867031574249268
v -0.16631735861301422 0.11256609857082367 0.031073305755853653
v 0.015290896408259869 -0.3692549765110016 -0.18792350590229034
v -0.43217727541923523 0.1819208413362503 0.2729675769805908
v 0.0033847081940621138 0.19578543305397034 0.10790807753801346
v -0.1659635454416275 0.5980064868927002 -0.08177071809768677
v -0.08664756268262863 0.1822701096534729 -0.213955819606781
v -0.1501922756433487 0.3024385869503021 0.005135697312653065
v -0.1757265031337738 0.5708158612251282 -0.16450102627277374
v -0.1602865606546402 -0.5475864410400391 -0.21302954852581024
v 0.16125057637691498 0.1320468783378601 -0.16288739442825317
v -0.020062560215592384 -0.27672114968299866 -0.30371540784835815
v -0.2066064327955246 -0.7935982346534729 -0.19477473199367523
v -0.057732801884412766 -0.8784447312355042 -0.07576234638690948
v 0.4119701683521271 0.1843322068452835 0.20549465715885162
v 0.35300034284591675 0.18365612626075745 0.17418882250785828
v 0.07218736410140991 -0.23981940746307373 0.15219742059707642
v -0.006898776162415743 -0.436450719833374 -0.06126446649432182
v -0.13748830556869507 -0.04253902658820152 0.1304989904165268
v -0.02353323996067047 -0.7530364990234375 -0.10130784660577774
v 0.1353083997964859 0.6558201909065247 0.037023041397333145
v -0.08253230154514313 -0.7391448020935059 0.031177008524537086
v -0.012647957541048527 0.7662798166275024 0.06183832511305809
v 0.21841959655284882 0.008292716927826405 -0.01164290215820074
v -0.19729872047901154 -0.5424976348876953 -0.20260851085186005
v 0.019514359533786774 0.9795207381248474 -0.20033229887485504
v 0.0759284496307373 -0.12492229044437408 0.17865784466266632
v -0.17896504700183868 -0.8739914894104004 0.14969351887702942
v 0.04103923588991165 -0.6590625643730164 -0.025056807324290276
v -0.029246285557746887 -0.6346168518066406 -0.11823750287294388
v 0.2359599769115448 0.22320818901062012 -0.18835847079753876
v -0.4220897853374481 0.04836544767022133 -0.0222689937800169
v 0.2710588872432709 -0.8512541055679321 -0.0862487405538559
v 0.13078753650188446 0.7249292135238647 0.03934882953763008
v 0.04668242856860161 -0.785554826259613 0.060283321887254715
v 0.10691430419683456 -0.5635470747947693 0.027593625709414482
v 0.05989121273159981 -0.860944926738739 0.17204102873802185
v -0.0348038449883461 -0.38507136702537537 0.03324367105960846
v 0.16007855534553528 0.8428396582603455 -0.12697048485279083
v 0.15857312083244324 0.16884048283100128 -0.17637792229652405
v 0.13964228332042694 0.4159969985485077 0.06527286767959595
v -0.10398510843515396 0.4464735984802246 0.09661255031824112
v 0.05719360336661339 0.43640637397766113 0.09968212246894836
v -0.08998075872659683 0.4265194535255432 0.14398275315761566
v -0.027544798329472542 0.8898400068283081 0.027591342106461525
v -0.024441443383693695 0.9711235165596008 -0.21239396929740906
v -0.12524628639221191 -0.6706036329269409 0.03725073114037514
v 0.14670521020889282 0.47193339467048645 0.060736283659935
v 0.08426253497600555 0.4155192971229553 0.14919541776180267
v 0.03586471453309059 -0.8467106819152832 0.08824917674064636
v 0.019108684733510017 -0.8175728917121887 0.0398402065038681
v -0.48790401220321655 0.18119962513446808 0.025139421224594116
v 0.4082809388637543 0.1737850308418274 0.26999956369400024
v -0.17814020812511444 0.23390647768974304 0.0019422747427597642
v 0.25281527638435364 -0.8826366066932678 0.018529320135712624
v 0.3736395835876465 0.1514059454202652 0.2177276611328125
v 0.35494986176490784 0.14582131803035736 0.0700552761554718
v -0.1131327673792839 0.37877756357192993 0.08924979716539383
v -0.0780835673213005 0.4800015091896057 0.07303686439990997
v 0.27162227034568787 -0.8136627078056335 -0.09494572132825851
v -0.026239918544888496 0.6778385639190674 0.11216297000646591
v -0.4479124844074249 0.08940951526165009 0.1196068599820137
v 0.04279935732483864 -0.8268151879310608 0.1561819165945053
v -0.376479834318161 0.16931144893169403 -0.15619400143623352
v -0.4886004328727722 0.2200666218996048 0.22599418461322784
v -0.5196899175643921 0.2017667293548584 0.21867187321186066
v -0.17087209224700928 -0.19097313284873962 -0.3120134174823761
v 0.10911167412996292 -0.477627694606781 0.02592363767325878
v -0.3861165940761566 0.17254099249839783 0.191702201962471
v -0.16097164154052734 -0.5301316976547241 0.04935290664434433
v 0.11877092719078064 -0.33953800797462463 -0.24178196489810944
v -0.0025717441458255053 0.008718675933778286 -0.28744831681251526
v -0.20509643852710724 0.11812587082386017 -0.056164368987083435
v -0.29852503538131714 0.08643908053636551 -0.09177479892969131
v -0.37070366740226746 0.17159222066402435 0.129144549369812
v 0.12038234621286392 -0.8692272305488586 -0.00014910608297213912
v 0.2441183626651764 -0.8589571714401245 0.11048398166894913
v 0.057955387979745865 0.9688653349876404 -0.19993339478969574
v -0.24326255917549133 -0.43460044264793396 -0.018207868561148643
v 0.25316011905670166 -0.8101379871368408 -0.14672623574733734
v 0.42272019386291504 0.16851365566253662 0.2678269147872925
v -0.2486150562763214 -0.7467870116233826 0.004520466551184654
v -0.3740187883377075 0.18951572477817535 0.0394209623336792
v -0.18712559342384338 -0.4345441162586212 0.026043057441711426
v -0.15931522846221924 0.8428689241409302 -0.13388027250766754
v 0.06829972565174103 -0.8864430785179138 0.12459882348775864
v -0.03226400539278984 0.11491431295871735 -0.2501814663410187
v -0.052028756588697433 -0.6256719827651978 -0.013398592360317707
v 0.19349618256092072 0.07929045706987381 -0.1253839135169983
v 0.14696675539016724 -0.7905625104904175 -0.20908105373382568
v -0.03323984518647194 0.48160165548324585 0.09784086048603058
v 0.02219625562429428 0.9857927560806274 -0.0565519779920578
v -0.1434583216905594 0.7917260527610779 -0.186668261885643
v 0.3451959192752838 0.0586850680410862 -0.020123545080423355
v -0.13821402192115784 -0.8869524002075195 -0.11137956380844116
v 0.012676703743636608 0.6809666752815247 0.1386459618806839
v 0.039324112236499786 0.30304253101348877 -0.22526699304580688
v 0.1359574794769287 -0.04041822627186775 0.13162359595298767
v 0.529294490814209 0.19974291324615479 0.19975903630256653
v -0.13943326473236084 0.6231642961502075 0.0013021931517869234
v -0.17458388209342957 -0.8594079613685608 0.16283929347991943
v -0.07787173241376877 0.2818196415901184 0.08004135638475418
v 0.0789438858628273 0.6478443145751953 0.08537572622299194
v -0.1506272405385971 0.8487938046455383 -0.1712011992931366
v -0.5261309742927551 0.16340912878513336 0.22384639084339142
v 0.10899668186903 0.5652222037315369 0.04786547273397446
v 0.07198452204465866 0.29491129517555237 -0.21300248801708221
v 0.13050584495067596 -0.25711867213249207 -0.3214450478553772
v 0.16672465205192566 0.649203360080719 -0.08286147564649582
v -0.15268033742904663 -0.42559701204299927 -0.20844554901123047
v -0.07112421095371246 0.4877226650714874 0.08529230952262878
v -0.09093631058931351 -0.8664078712463379 0.16876189410686493
v 0.09968896955251694 0.947687566280365 -0.05623871833086014
v -0.22813358902931213 0.13418111205101013 -0.04678230360150337
v -0.1914391815662384 0.6299682259559631 -0.14739789068698883
v -0.08463503420352936 0.11728980392217636 -0.231354221701622
v 0.12186749279499054 -0.8165361881256104 0.1374989151954651
v -0.12527786195278168 0.6687202453613281 0.05416459962725639
v 0.0869421511888504 0.9752094149589539 -0.1282595843076706
v 0.36303383111953735 0.20792829990386963 0.004405480343848467
v 0.05778411775827408 0.8831601738929749 0.020656835287809372
v 0.17479734122753143 -0.8342771530151367 0.15948346257209778
v -0.1629548817873001 -0.3510250151157379 -0.21697118878364563
v 0.2870599925518036 0.09885922074317932 -0.033589236438274384
v -0.37434110045433044 0.15301737189292908 0.1369084119796753
v 0.21174192428588867 -0.8795400261878967 -0.15844987332820892
v -0.13173240423202515 0.15785150229930878 -0.1866254061460495
v -0.1569848656654358 -0.8831188678741455 0.09397578984498978
v 0.008969335816800594 0.41186606884002686 0.16348837316036224
v -0.46676450967788696 0.24165691435337067 0.12384603917598724
v 0.4125674068927765 0.06938551366329193 -0.08166930079460144
v -0.17615245282649994 0.14571090042591095 -0.005470043979585171
v 0.14750313758850098 0.7237415909767151 -0.0277161356061697
v -0.0835757777094841 -0.39248597621917725 0.04581465944647789
v 0.3827512860298157 0.2160302698612213 -0.009621372446417809
v 0.14150597155094147 0.1916273832321167 0.0903608426451683
v 0.22190384566783905 -0.044139161705970764 0.02406894601881504
v 0.15771448612213135 -0.888953685760498 -0.1843401938676834
v -0.2641293406486511 -0.40314584970474243 -0.08552759140729904
v -0.14646248519420624 0.26251912117004395 0.021526755765080452
v 0.014384976588189602 0.8623135685920715 -0.28044384717941284
v 0.0263880155980587 -0.7582694888114929 -0.11771462112665176
v -0.001810027053579688 -0.3429681062698364 -0.2116818130016327
v -0.03118896298110485 -0.7730131149291992 -0.016729502007365227
v 0.4019819498062134 0.2011987864971161 0.25502151250839233
v -0.15892082452774048 -0.8715102076530457 0.15929876267910004
v -0.060040589421987534 -0.8757719397544861 -0.15318527817726135
v -0.4247491657733917 0.16980725526809692 0.26874426007270813
v 0.21666404604911804 -0.11707273125648499 -0.2002827227115631
v 0.4216271638870239 0.20741449296474457 -0.042903732508420944
v 0.2869834005832672 0.26011893153190613 -0.029985638335347176
v -0.0662517324090004 -0.8793462514877319 0.08415427058935165
v 0.22155673801898956 0.14369837939739227 -0.15194575488567352
v -0.1363254189491272 0.7450771927833557 0.022682931274175644
v 0.11478643119335175 -0.7371750473976135 0.046540308743715286
v 0.15839512646198273 0.35695284605026245 -0.023206548765301704
v -0.05687188357114792 -0.8069738149642944 0.14214149117469788
v -0.07855009287595749 0.6484866738319397 -0.23024989664554596
v -0.26815441250801086 -0.8641045689582825 0.017916372045874596
v -0.0985807552933693 -0.26668551564216614 -0.32476475834846497
v 0.033838752657175064 -0.7723595499992371 -0.007996519096195698
v 0.022477945312857628 0.6135681867599487 0.10520361363887787
v 0.20675009489059448 -0.7802338600158691 0.0445932000875473
v -0.03705978021025658 -0.49689221382141113 -0.14275074005126953
v -0.36643069982528687 0.21478624641895294 -0.15069273114204407
v 0.1586700975894928 -0.8939973711967468 -0.16206704080104828
v -0.0584765188395977 -0.8311851024627686 0.17227086424827576
v 0.33817341923713684 0.060830581933259964 -0.06071680411696434
v 0.24368783831596375 -0.12247251719236374 0.006019184365868568
v 0.13296005129814148 -0.5973680019378662 0.03486624360084534
v 0.267132967710495 -0.8476707935333252 0.056445252150297165
v -0.11738773435354233 -0.7922099232673645 -0.2041860818862915
v -0.06677460670471191 0.46631720662117004 0.12325780838727951
v 0.15961430966854095 0.2517758309841156 0.01655735820531845
v 0.058234792202711105 -0.7993202805519104 0.1076759546995163
v -0.039631254971027374 -0.8389602899551392 0.1574552208185196
v -0.04703235998749733 0.502143919467926 0.18069294095039368
v 0.2506427764892578 -0.6247659921646118 -0.013243038207292557
v 0.40510323643684387 0.14853934943675995 -0.13160856068134308
v -0.08281856030225754 0.5617155432701111 0.13493643701076508
v -0.06829804182052612 0.3955787122249603 0.14798080921173096
v -0.4724167287349701 0.10749299824237823 -0.050056930631399155
v 0.10128239542245865 0.4630560874938965 0.10065574198961258
v 0.15582136809825897 -0.8213275074958801 0.15167447924613953
v -0.15280432999134064 0.8898964524269104 -0.12278765439987183
v 0.5100075602531433 0.20320460200309753 0.21756982803344727
v -0.033138424158096313 -0.862326443195343 -0.11724137514829636
v 0.13316060602664948 0.16442546248435974 -0.18608903884887695
v 0.03922054171562195 0.6398122310638428 0.09887533634901047
v -0.02831101417541504 0.6752469539642334 0.08556284755468369
v 0.058969441801309586 -0.49220457673072815 -0.17460881173610687
v -0.1639735847711563 0.6651729941368103 -0.0892123207449913
v 0.1898835152387619 0.346849650144577 -0.0903640016913414
v 0.07457400113344193 -0.7737342715263367 0.0744972974061966
v 0.1512555032968521 0.8924273252487183 -0.10941210389137268
v 0.04043528810143471 -0.8539428114891052 0.15806816518306732
v 0.027940869331359863 -0.6290615200996399 -0.1148817390203476
v 0.14541390538215637 0.2554064989089966 -0.18904583156108856
v -0.16612359881401062 0.5842523574829102 -0.09600041061639786
v 0.4385658800601959 0.2029499113559723 -0.0016411072574555874
v -0.08586327731609344 0.4354192018508911 0.07971896231174469
v -0.13223722577095032 0.40368741750717163 0.03151726722717285
v 0.4595949351787567 0.07448560744524002 0.07478342205286026
v -0.16593874990940094 0.31776362657546997 -0.16121068596839905
v -0.13373593986034393 0.5328593254089355 0.06559740751981735
v -0.1322011500597 0.6448131799697876 0.037888530641794205
v 0.20085664093494415 -0.14448648691177368 -0.2564016282558441
v -0.5035580992698669 0.17458952963352203 0.20318914949893951
v -0.1904047131538391 -0.8918902277946472 0.04114951938390732
v 0.2774007320404053 -0.8421740531921387 -0.04221636801958084
v 0.3798462748527527 0.1309673935174942 0.12385060638189316
v 0.05150527134537697 -0.33541375398635864 0.08163236081600189
v -0.2234865128993988 0.15931864082813263 -0.029003014788031578
v 0.037953946739435196 0.9934642910957336 -0.08885399997234344
v 0.45645779371261597 0.18610131740570068 0.2544625699520111
v 0.011110284365713596 0.9531324505805969 -0.23581194877624512
v -0.33239105343818665 0.10642695426940918 0.025741083547472954
v -0.08982748538255692 0.2217094749212265 0.106679767370224
v -0.5008807182312012 0.11530198901891708 0.02798573486506939
v -0.21762920916080475 -0.7036696672439575 -0.19511277973651886
v -0.11960988491773605 0.49837353825569153 0.1474241465330124
v -0.10432993620634079 0.46079114079475403 0.10281926393508911
v 0.1908615678548813 -0.8728196024894714 -0.19111250340938568
v -0.12301742285490036 -0.2785421311855316 0.10657619684934616
v -0.45638182759284973 0.06055104359984398 -0.0013391338288784027
v 0.4783230721950531 0.18724393844604492 0.21452967822551727
v 0.15665757656097412 -0.24729707837104797 0.10392802208662033
v 0.19638991355895996 -0.88984614610672 -0.0004692140209954232
v -0.16321629285812378 0.5549522042274475 -0.07569027692079544
v -0.03601409122347832 -0.8372520208358765 0.09214353561401367
v 0.024362053722143173 -0.7753163576126099 -0.041134607046842575
v 0.04575837403535843 -0.43354347348213196 -0.1714581698179245
v -0.13385985791683197 0.6016889810562134 -0.17632386088371277
v -0.15071743726730347 0.626858115196228 -0.16629043221473694
v -0.46604329347610474 0.20658057928085327 0.25301799178123474
v 0.24027130007743835 -0.25540584325790405 0.024147797375917435
v 0.2040119171142578 0.07703680545091629 -0.05512767657637596
v 0.14249317348003387 -0.4384384751319885 0.03506464883685112
v 0.07677136361598969 -0.07909365743398666 -0.301763653755188
v -0.515128493309021 0.17502233386039734 0.1907014548778534
v -0.11217499524354935 0.3699476420879364 0.056316833943128586
v 0.4985543489456177 0.1739383041858673 0.19144967198371887
v 0.24792930483818054 -0.8864272832870483 -0.06519261002540588
v 0.2723501920700073 -0.8630048036575317 0.060713715851306915
v 0.20398707687854767 -0.8432896137237549 0.1330478936433792
v -0.09666742384433746 0.8221845626831055 -0.24737338721752167
v 0.16072091460227966 0.5248092412948608 -0.10738150030374527
v 0.1880558282136917 -0.41096386313438416 -0.19822512567043304
v -0.2182309329509735 -0.42419520020484924 0.008220984600484371
v 0.23993775248527527 -0.5415353178977966 -0.17234386503696442
v 0.14804622530937195 -0.33123090863227844 -0.23873725533485413
v 0.08159863948822021 0.11971244215965271 -0.23175761103630066
v -0.11939354240894318 -0.8683866262435913 0.0020414101891219616
v -0.2620221674442291 -0.3671095371246338 -0.06534137576818466
v -0.118194580078125 -0.4433470070362091 -0.2070910930633545
v 0.2626052498817444 -0.5798771977424622 -0.14171633124351501
v 0.255938857793808 -0.8842412233352661 0.057853832840919495
v -0.03501346707344055 -0.6447584629058838 -0.04073343425989151
v -0.14116182923316956 -0.8870651125907898 -0.06348205357789993
v -0.06734026968479156 -0.4773099422454834 0.004687304608523846
v -0.15902674198150635 0.3821648061275482 -0.1070389598608017
v -0.10421494394540787 0.17030078172683716 0.1109887957572937
v 0.037726256996393204 0.4925950765609741 0.18402834236621857
v 0.20318256318569183 0.09631474316120148 -0.09684783220291138
v 0.10791035741567612 0.5567281246185303 0.11319516599178314
v -0.3812418282032013 0.19179865717887878 0.07506739348173141
v -0.05023256689310074 -0.26100853085517883 0.14525377750396729
v 0.14532604813575745 -0.6517763733863831 0.038057517260313034
v -0.25019484758377075 -0.8264907002449036 0.044135671108961105
v 0.07808753103017807 -0.7424576878547668 0.029957830905914307
v -0.061410821974277496 0.11490316689014435 0.11724507063627243
v 0.137327641248703 0.4134165048599243 0.02376469038426876
v 0.08790220320224762 0.3436945080757141 0.06958875060081482
v -0.22046880424022675 -0.8228847980499268 0.07913987338542938
v -0.4565328359603882 0.13738809525966644 -0.08172786980867386
v -0.0736054852604866 0.594227135181427 0.07468657195568085
v -0.052139174193143845 0.7997650504112244 0.044525496661663055
v -0.13273081183433533 -0.1811516135931015 -0.33274051547050476
v -0.20033665001392365 -0.8726009130477905 0.12827906012535095
v 0.13433262705802917 0.7638729214668274 -0.008733452297747135
v -0.00529420655220747 -0.42626187205314636 -0.12113123387098312
v -0.2194163203239441 -0.8815075159072876 -0.14021989703178406
v 0.11761703342199326 -0.5124944448471069 0.03018767014145851
v -0.34732845425605774 0.06731884926557541 -0.0885700210928917
v 0.4776492714881897 0.1511671096086502 -0.027409661561250687
v -0.16864772140979767 0.6051799654960632 -0.17782479524612427
v -0.20556746423244476 -0.8437989354133606 0.13321231305599213
v 0.11194898933172226 0.780768632888794 0.013445070944726467
v 0.23989719152450562 -0.10871150344610214 -0.13894881308078766
v -0.38752511143684387 0.09897178411483765 -0.12534335255622864
v 0.25610339641571045 0.24807076156139374 -0.18321558833122253
v -0.044373031705617905 0.32350823283195496 0.08967576175928116
v 0.18099504709243774 -0.7616117596626282 0.05148042365908623
v 0.06751994043588638 0.6106880307197571 0.07619871944189072
v -0.0991937667131424 0.4074579179286957 0.13675513863563538
v 0.35680684447288513 0.06958163529634476 0.027462923899292946
v -0.34886544942855835 0.1525644063949585 0.17458321154117584
v 0.4432220160961151 0.2258833646774292 0.20836353302001953
v -0.25625279545783997 -0.8838648796081543 0.060323890298604965
v -0.14016792178153992 0.43459442257881165 0.019852200523018837
v -0.09875202178955078 0.672774612903595 0.07697850465774536
v -0.005968071985989809 -0.4384970963001251 -0.09029636532068253
v 0.017569398507475853 0.7828285694122314 0.05505695194005966
v -0.12138800323009491 -0.839235246181488 0.15896065533161163
v -0.023233482614159584 0.12874290347099304 0.11979841440916061
v 0.01132897287607193 -0.443718820810318 -0.09728951007127762
v -0.14082150161266327 -0.4946993589401245 0.034174442291259766
v 0.350492000579834 0.15174849331378937 0.23198436200618744
v -0.0900438204407692 -0.7832537889480591 -0.1931813806295395
v -0.09405538439750671 0.4984908103942871 0.1679573953151703
v 0.17432181537151337 -0.5583928823471069 0.04796917364001274
v -0.04446766525506973 -0.41635921597480774 -0.17738083004951477
v -0.06269991397857666 0.19787909090518951 0.11611374467611313
v 0.27237948775291443 -0.7245003581047058 -0.04032325744628906
v -0.06512940675020218 0.8986092209815979 0.011790798977017403
v 0.0001980021334020421 0.3368884027004242 0.10139939188957214
v -0.5119125247001648 0.18478301167488098 0.2345581203699112
v -0.44864940643310547 0.24206702411174774 0.12296268343925476
v 0.05214078724384308 0.7937678694725037 0.046815283596515656
v 0.07897316664457321 -0.4967321455478668 0.010905162431299686
v 0.04517471045255661 -0.865272045135498 0.08318064361810684
v -0.5145222544670105 0.1743776947259903 0.16765086352825165
v 0.02786645106971264 -0.8012810349464417 0.046995554119348526
v -0.03356210142374039 -0.8495526313781738 0.13524070382118225
v -0.421936571598053 0.23870675265789032 0.1389276534318924
v -0.24398598074913025 -0.10708436369895935 -0.12307612597942352
v -0.13003313541412354 -0.8806195259094238 0.10319337248802185
v -0.40029221773147583 0.15122568607330322 0.174840047955513
v -0.10717403143644333 -0.11335192620754242 0.16543105244636536
v 0.10777293890714645 0.46021875739097595 0.08877655863761902
v 0.05386047810316086 -0.03034658171236515 0.16568788886070251
v -0.05139324069023132 0.2700892984867096 0.0917334258556366
v 0.4112422466278076 0.22528614103794098 0.22735092043876648
v -0.2064058780670166 -0.5043924450874329 0.019162684679031372
v -0.0248403362929821 -0.8383653163909912 -0.1141560897231102
v 0.4044497311115265 0.2147996723651886 -0.026158850640058517
v -0.1508503556251526 -0.34993648529052734 0.06191046163439751
v 0.04519271105527878 -0.26288357377052307 0.14532363414764404
v 0.24645087122917175 0.11653701961040497 -0.12387847900390625
v -0.09680034220218658 -0.34414902329444885 0.07489611953496933
v 0.2479608803987503 -0.09161736071109772 -0.08195549249649048
v -0.11119687557220459 0.7846788763999939 0.012874840758740902
v 0.0390852726995945 0.2656629979610443 0.09296388179063797
v -0.4460937976837158 0.218425914645195 0.056533101946115494
v 0.2625715136528015 -0.24079525470733643 -0.022232994437217712
v -0.09090474247932434 -0.4399236738681793 0.026962678879499435
v -0.49340298771858215 0.17515519261360168 0.19716285169124603
v -0.09027144312858582 -0.8486691117286682 0.17542828619480133
v -0.25816839933395386 -0.5569911003112793 -0.14925943315029144
v 0.11868079006671906 0.45154428482055664 0.0946023091673851
v -0.1417657732963562 0.16863307356834412 0.08350075036287308
v 0.16939982771873474 -0.8783704042434692 -0.01786082796752453
v 0.07870947569608688 -0.8781945705413818 0.011509109288454056
v 0.004112641327083111 -0.39487484097480774 0.004935143049806356
v 0.1955808401107788 -0.8749110102653503 0.12634310126304626
v -0.023274049162864685 -0.4475230574607849 -0.13130879402160645
v 0.06673115491867065 -0.6371026635169983 0.004290628246963024
v -0.24128380417823792 -0.05979986861348152 -0.0792938768863678
v 0.02635873295366764 -0.8399609327316284 -0.12221971154212952
v 0.20141330361366272 -0.8875834345817566 -0.12860669195652008
v -0.4465332329273224 0.21668151021003723 0.21866972744464874
v 0.17126809060573578 -0.8705590963363647 0.15741237998008728
v 0.08956775814294815 0.4729655981063843 0.07182212173938751
v -0.308499813079834 0.2440209835767746 -0.17013300955295563
v 0.14001183211803436 -0.17929907143115997 -0.32800552248954773
v -0.25552478432655334 -0.7993293404579163 0.00015058371354825795
v -0.04320335388183594 -0.8399204015731812 -0.156124085187912
v -0.1700449436903 -0.5537232756614685 0.05009440705180168
v 0.06537442654371262 0.11450877785682678 0.11753348261117935
v 0.26744166016578674 -0.2302727997303009 -0.10287191718816757
v 0.09928330034017563 0.37488991022109985 0.10705387592315674
v 0.004473316948860884 0.6066381335258484 0.1131591647863388
v 0.14075104892253876 0.6224522590637207 0.0007275302777998149
v 0.05260960012674332 -0.8370198607444763 -0.16971832513809204
v 0.18766814470291138 -0.3568642735481262 0.04324546828866005
v 0.27473241090774536 -0.8617540001869202 -0.041578568518161774
v 0.02724665217101574 -0.49230819940567017 -0.060351695865392685
v 0.04764920100569725 0.635656476020813 0.08652961999177933
v 0.23149552941322327 -0.8739306926727295 0.11755833029747009
v 0.14801008999347687 0.8880934715270996 -0.1600612848997116
v -0.2541816234588623 -0.39702484011650085 -0.03651681914925575
v -0.36425361037254333 0.16231150925159454 0.22460132837295532
v -0.09890079498291016 0.5728892087936401 0.09628357738256454
v -0.43089497089385986 0.16662511229515076 0.25548577308654785
v 0.3698376417160034 0.15899866819381714 0.11043670028448105
v 0.014673382043838501 0.8796917796134949 0.03270944207906723
v 0.07241491973400116 -0.30161529779434204 -0.2947863042354584
v -0.10799438506364822 0.9586269855499268 -0.11778447777032852
v -0.4754907786846161 0.17286553978919983 0.2483709752559662
v 0.24984726309776306 -0.38735660910606384 -0.13974887132644653
v 0.12304382026195526 0.5508595705032349 0.07703264057636261
v 0.15532341599464417 0.38709136843681335 -0.12120108306407928
v -0.16188663244247437 -0.8766824007034302 -0.015106864273548126
v -0.0844186320900917 -0.15499316155910492 -0.3358956575393677
v 0.09715591371059418 -0.8885412216186523 -0.16371002793312073
v 0.08049444854259491 0.9752702713012695 -0.08902305364608765
v 0.07298742979764938 0.48690688610076904 0.07938327640295029
v -0.1447136402130127 0.7398102879524231 -0.02404940128326416
v -0.13598737120628357 -0.5964530110359192 0.035008229315280914
v -0.22237318754196167 0.1204652264714241 -0.06540894508361816
v -0.2758372724056244 -0.8487728238105774 -0.07096429169178009
v -0.12114910036325455 -0.8566809892654419 0.15776391327381134
v 0.44668370485305786 0.1865498572587967 -0.04629999399185181
v 0.2746534049510956 -0.7556912899017334 -0.11494037508964539
v 0.04246353358030319 0.9954092502593994 -0.1285458356142044
v 0.16645653545856476 -0.5978345274925232 0.03578358143568039
v 0.08130566775798798 -0.4595983028411865 -0.19416171312332153
v -0.053270500153303146 0.7387601137161255 0.08133938908576965
v 0.03496779501438141 0.5084158778190613 -0.23184552788734436
v 0.5186053514480591 0.1738435924053192 0.24180373549461365
v 0.4646431803703308 0.2000156044960022 0.25812265276908875
v 0.16920599341392517 -0.5328879952430725 0.04867454245686531
v -0.16320279240608215 -0.3210555613040924 -0.24094362556934357
v -0.23195809125900269 -0.8728713989257812 0.11787386983633041
v 0.1905798763036728 0.33947333693504333 -0.12068498879671097
v 0.07977323234081268 -0.823409914970398 0.17142122983932495
v -0.05537323281168938 -0.4819863736629486 -0.1714063137769699
v 0.054597411304712296 0.8255516290664673 -0.27069443464279175
v 0.15252652764320374 0.3220479190349579 -0.1646655797958374
v -0.1425410509109497 -0.5458511114120483 0.04851911962032318
v -0.18969257175922394 0.11716809868812561 -0.13153642416000366
v -0.14511924982070923 0.2110857218503952 -0.18730828166007996
v 0.060384877026081085 0.4612081050872803 0.1359167844057083
v -0.026783013716340065 -0.20170514285564423 0.17764593660831451
v -0.059824250638484955 -0.8619095087051392 -0.16853058338165283
v -0.4944915473461151 0.11050843447446823 0.11583420634269714
v 0.20007914304733276 0.12924998998641968 -0.0397283099591732
v 0.04944774508476257 0.4706667959690094 0.17749494314193726
v -0.2335694432258606 -0.26711374521255493 0.03162553533911705
v -0.027711568400263786 -0.5055305361747742 -0.06303130835294724
v 0.0372011624276638 -0.4954295754432678 -0.14477233588695526
v -0.0027767985593527555 -0.15600499510765076 -0.3277914822101593
v -0.13670852780342102 0.4923292398452759 -0.15901781618595123
v 0.26741692423820496 -0.8752874135971069 0.05947640538215637
v -0.24854063987731934 0.29752105474472046 -0.0469580739736557
v 0.08824259787797928 -0.3869644105434418 -0.20982706546783447
v -0.03689979389309883 -0.7370218634605408 -0.14170505106449127
v -0.19592170417308807 -0.3366510570049286 -0.20269864797592163
v 0.15318460762500763 -0.8568904995918274 -0.2126058042049408
v 0.3404316306114197 0.14515423774719238 0.044615764170885086
v -0.1776781678199768 0.6338603496551514 -0.16026633977890015
v 0.22003330290317535 0.1136905699968338 -0.06719841808080673
v -0.08291091024875641 -0.4450260102748871 -0.1945493221282959
v 0.22547593712806702 0.2232464700937271 -0.012307699769735336
v -0.15252484381198883 -0.8836057186126709 0.141417995095253
v 0.22118718922138214 0.14288030564785004 -0.03589702397584915
v 0.07054208964109421 -0.33847424387931824 -0.2434767484664917
v -0.14041811227798462 0.21926654875278473 0.0724509209394455
v 0.2788723111152649 -0.7460253238677979 -0.07081330567598343
v -0.15659047663211823 -0.8039313554763794 0.1069231703877449
v -0.032680898904800415 0.24419453740119934 -0.2279038280248642
v -0.043169569224119186 -0.8611838221549988 0.08592795580625534
v 0.3937424421310425 0.2224779725074768 0.15710368752479553
v -0.08773832023143768 -0.6016026735305786 -0.19708923995494843
v -0.12680357694625854 -0.3886614739894867 -0.21316704154014587
v -0.049874238669872284 0.44372186064720154 0.08775108307600021
v 0.12159480899572372 0.45874932408332825 0.10195377469062805
v -0.23816245794296265 0.12496809661388397 -0.1300399899482727
v 0.4269346594810486 0.12908557057380676 0.17173905670642853
v 0.10212302953004837 0.6388184428215027 0.07404205203056335
v -0.1517360657453537 0.8631384968757629 -0.07805885374546051
v 0.11511769145727158 0.9153472185134888 -0.03921893239021301
v -0.43061548471450806 0.10747499763965607 -0.10324374586343765
v 0.12090744078159332 -0.8316380977630615 0.15471018850803375
v 0.0868317261338234 0.6893031001091003 -0.23133164644241333
v -0.3799617290496826 0.19058619439601898 0.11663427203893661
v -0.014205243438482285 0.47166743874549866 0.09171542525291443
v -0.20602498948574066 0.1318170428276062 -0.13661852478981018
v 0.0821755900979042 -0.3832504153251648 0.05085619166493416
v -0.011329510249197483 -0.8263464570045471 -0.028444135561585426
v 0.12026507407426834 0.38357555866241455 0.04811116307973862
v 0.0236678384244442 -0.4470768868923187 -0.1345338523387909
v 0.42386966943740845 0.18263749778270721 0.22255951166152954
v -0.0856085866689682 -0.21875199675559998 0.15723881125450134
v -0.17489264905452728 0.10370906442403793 -0.1499287188053131
v 0.2061731517314911 0.07125605642795563 -0.08587241172790527
v 0.08003692328929901 -0.80760258436203 0.15288478136062622
v 0.269896000623703 -0.23791952431201935 -0.06566363573074341
v 0.012690137140452862 -0.8455275297164917 -0.040496811270713806
v -0.07181607186794281 -0.6378170847892761 0.008378821425139904
v -0.08214469254016876 -0.8877118825912476 -0.14913994073867798
v 0.14747370779514313 0.7196444272994995 0.005895197857171297
v -0.10764284431934357 0.5121075510978699 -0.193625345826149
v 0.5256209969520569 0.16638170182704926 0.23407815396785736
v 0.010688891634345055 0.6728940010070801 -0.253954142332077
v 0.11660969257354736 0.5922978520393372 0.035650596022605896
v 0.18204979598522186 -0.4297415614128113 0.02843654528260231
v -0.41374441981315613 0.2117978036403656 -0.023443171754479408
v -0.0031982583459466696 -0.3046802878379822 -0.27274754643440247
v -0.1983421891927719 -0.22354334592819214 -0.27835017442703247
v 0.1485353261232376 0.6205500960350037 -0.16631978750228882
v -0.03972139209508896 0.9958553910255432 -0.11410195380449295
v 0.3214218020439148 0.26932308077812195 -0.055738408118486404
v 0.034460701048374176 -0.863482654094696 -0.12102752923965454
v -0.22473055124282837 -0.8644539713859558 -0.16891597211360931
v -0.1207885593175888 0.7041255831718445 0.04684684798121452
v 0.4229433238506317 0.05000843480229378 0.018858427181839943
v -0.10209649801254272 -0.48655229806900024 0.02366555482149124
v 0.1896108239889145 0.6195246577262878 -0.15675966441631317
v -0.19165323674678802 -0.08123017847537994 -0.2230539172887802
v 0.10268640518188477 0.4436677098274231 0.10003366321325302
v 0.018423601984977722 0.5636559128761292 0.15394169092178345
v -0.5330452919006348 0.16979368031024933 0.2271525114774704
v -0.010962185449898243 0.6069986820220947 0.11102264374494553
v -0.10940518230199814 -0.5549086332321167 0.028578532859683037
v 0.2033875584602356 -0.8620132207870483 0.1354953944683075
v -0.06977197527885437 0.26246514916419983 -0.21490909159183502
v -0.0435977466404438 0.3457137644290924 0.1031528040766716
v -0.19328944385051727 -0.004345837980508804 0.05884317308664322
v 0.4878808856010437 0.09451176971197128 0.06568311154842377
v 0.34668105840682983 0.13836844265460968 0.22694067656993866
v -0.021599560976028442 0.9892071485519409 -0.06480950117111206
v 0.43326064944267273 0.17579755187034607 0.2575141489505768
v -0.023990700021386147 0.8855918645858765 -0.2741561233997345
v -0.19203414022922516 -0.6074824929237366 0.02943260222673416
v -0.07168087363243103 0.5016616582870483 -0.2183324247598648
v -0.026474256068468094 -0.44709715247154236 -0.030323678627610207
v -0.5031095743179321 0.22125422954559326 0.1842694729566574
v -0.16368281841278076 0.6702819466590881 -0.11163646727800369
v -0.12058571726083755 0.7373673319816589 0.05037609487771988
v 0.19002321362495422 -0.19451816380023956 -0.29040512442588806
v -0.27582818269729614 -0.809775173664093 -0.07202354818582535
v -0.02914036624133587 0.9897975325584412 -0.17364196479320526
v -0.10909871011972427 0.07605861127376556 0.10694573819637299
v 0.05699976533651352 -0.20227080583572388 -0.34044358134269714
v -0.31809601187705994 0.10881144553422928 -0.14247584342956543
v 0.18435974419116974 0.22952531278133392 0.0015635989839211106
v 0.18354395031929016 -0.24888592958450317 -0.2837342321872711
v 0.26285094022750854 -0.8319445252418518 0.021520039066672325
v -0.0042033810168504715 0.015998143702745438 0.15865196287631989
v 0.08075129240751266 0.2753448188304901 0.08112083375453949
v -0.09938982129096985 0.9498962163925171 -0.06023899465799332
v -0.21582622826099396 0.008092162199318409 -3.640337672550231e-05
v 0.5123378038406372 0.17543244361877441 0.19300708174705505
v 0.1111534833908081 0.1594853550195694 0.11036456376314163
v -0.22052744030952454 -0.5508249998092651 0.011831366457045078
v -0.05624536797404289 0.41359007358551025 0.15902379155158997
v 0.009616133756935596 0.998179018497467 -0.1521756649017334
v 0.08422653377056122 0.4009920656681061 0.14313754439353943
v 0.05503237247467041 -0.41494613885879517 0.022419242188334465
v -0.01827765256166458 0.9399168491363525 0.0025597887579351664
v 0.38638195395469666 0.20215211808681488 0.1698436588048935
v -0.043187569826841354 0.43597814440727234 0.10329250246286392
v -0.23342296481132507 0.29065412282943726 -0.16712884604930878
v 0.02747434191405773 -0.6240718364715576 -0.06670932471752167
v -0.14483527839183807 0.4893205165863037 0.06578896194696426
v -0.026165498420596123 0.9373635053634644 -0.2475559413433075
v -0.3880546987056732 0.13310162723064423 0.13635630905628204
v 0.1899872124195099 0.10484938323497772 -0.12720489501953125
v -0.26927450299263 -0.23132076859474182 -0.07935923337936401
v -0.09092274308204651 0.4451078772544861 0.07291515916585922
v -0.41815486550331116 0.18332485854625702 0.21345020830631256
v 0.3480919301509857 0.17575699090957642 0.16509738564491272
v 0.13440020382404327 0.7461656928062439 0.028278708457946777
v 0.045785509049892426 0.42423194646835327 0.1576422154903412
v -0.37446731328964233 0.20030857622623444 0.014587679877877235
v 0.010231364518404007 0.6861615180969238 0.08535544574260712
v -0.4064785838127136 0.20429979264736176 -0.11473754048347473
v 0.24508298933506012 -0.08146458119153976 -0.03811010718345642
v 0.0766923800110817 0.3057447075843811 0.07581789046525955
v -0.2413671612739563 -0.8908873200416565 -0.04316963627934456
v -0.33240461349487305 0.2715744376182556 -0.11999312788248062
v 0.37184789776802063 0.1504661738872528 0.13593478500843048
v 0.11222624033689499 0.9528416395187378 -0.14862383902072906
v 0.018590305000543594 0.6947413086891174 0.07217594236135483
v 0.0042501953430473804 -0.42704614996910095 -0.11784310638904572
v 0.20812255144119263 -0.8926249146461487 0.030802899971604347
v 0.42012399435043335 0.16540808975696564 0.2526145875453949
v 0.18247120082378387 0.34342852234840393 -0.056964434683322906
v -0.34638190269470215 0.13863655924797058 0.22274434566497803
v 0.3693012595176697 0.1928105652332306 0.031415846198797226
v -0.1748836487531662 0.5645281672477722 -0.1022273376584053
v 0.15305162966251373 -0.4236453175544739 -0.20853568613529205
v 0.05699748173356056 -0.8120490908622742 0.15313033759593964
v -0.058305248618125916 0.025242719799280167 -0.2749696969985962
v -0.09533319622278214 0.9250380396842957 -0.2198852002620697
v -0.16348448395729065 0.5351491570472717 -0.10013817250728607
v -0.251039981842041 -0.872479259967804 0.08771736919879913
v 0.5050854682922363 0.16944442689418793 0.2343192845582962
v 0.14710189402103424 -0.5473904013633728 0.049298904836177826
v 0.1971561312675476 -0.8460773825645447 -0.2017904371023178
v 0.3290415406227112 0.13193416595458984 -0.1602393388748169
v 0.1475345641374588 -0.3588903546333313 -0.2189972847700119
v 0.03521348536014557 -0.8020292520523071 -0.1344301551580429
v -0.27248600125312805 -0.8628177642822266 0.061128392815589905
v 0.14705903828144073 0.5504380464553833 -0.15259261429309845
v -0.01920164003968239 0.8245711922645569 -0.2795243561267853
v -0.07193999737501144 0.9797505736351013 -0.15832366049289703
v 0.009172174148261547 -0.22095386683940887 -0.327962726354599
v -0.19797258079051971 0.18225881457328796 -0.17536380887031555
v 0.4620424211025238 0.17625507712364197 0.2514494061470032
v -0.2710030674934387 -0.8699235916137695 -0.0462707094848156
v -0.12905500829219818 0.8445073366165161 -0.215375617146492
v 0.152352973818779 0.5272905826568604 -0.13600322604179382
v 0.5268290042877197 0.189860537648201 0.18989694118499756
v -0.14595088362693787 0.5996922254562378 -0.172920823097229
v 0.0961124449968338 -0.8380700945854187 -0.20168673992156982
v 0.05767141282558441 -0.25815537571907043 -0.32633331418037415
v -0.3315819799900055 0.19528061151504517 -0.17484542727470398
v -0.17306266725063324 -0.3996165990829468 -0.20525433123111725
v 0.13419507443904877 0.5287644267082214 0.083640456199646
v 0.450064092874527 0.19025936722755432 0.22402222454547882
v 0.22955499589443207 -0.8539157509803772 0.12593069672584534
v -0.3441214859485626 0.15846900641918182 0.22139890491962433
v 0.21813790500164032 -0.6288654804229736 0.017123021185398102
v 0.12948493659496307 0.4483644366264343 0.09222466498613358
v 0.39777207374572754 0.22033259272575378 0.21341407299041748
v -0.18040964007377625 0.2762305736541748 -0.005580463446676731
v -0.17466729879379272 0.31611618399620056 -0.021613195538520813
v -0.09851768612861633 -0.7564733624458313 0.05300385504961014
v 0.17783090472221375 0.32090073823928833 -0.02562697045505047
v 0.2669638395309448 0.300944447517395 -0.1322869211435318
v 0.051367852836847305 -0.757009744644165 0.01254815049469471
v -0.2728961706161499 -0.7454370856285095 -0.12624482810497284
v -0.17127548158168793 -0.8214942216873169 0.14677049219608307
v -0.3801668584346771 0.14242050051689148 0.1804945319890976
v 0.035233769565820694 0.933363139629364 0.003591979155316949
v 0.0865500420331955 0.8721171021461487 -0.25280922651290894
v 0.12070003896951675 -0.846300482749939 0.15952859818935394
v -0.38914552330970764 0.2152843475341797 -0.009580804966390133
v -0.19836018979549408 -0.8866346478462219 -0.1309189796447754
v 0.44203653931617737 0.14528723061084747 -0.09401266276836395
v -0.198714017868042 0.3380580246448517 -0.0731886550784111
v 0.08864827454090118 -0.14685505628585815 -0.33342787623405457
v 0.13305018842220306 0.48585212230682373 0.1275894045829773
v -0.08978913724422455 0.4803057610988617 0.07447472959756851
v 0.0479850247502327 -0.8765832185745239 -0.11241846531629562
v -0.00807295273989439 0.6236015558242798 0.14082075655460358
v -0.1686544418334961 0.033022429794073105 -0.20002581179141998
v 0.2844412326812744 0.12991264462471008 -0.15690836310386658
v -0.047841425985097885 0.5670950412750244 0.1460786908864975
v -0.2465912401676178 0.1401195526123047 -0.034569576382637024
v 0.32994747161865234 0.23203137516975403 -0.16298431158065796
v 0.5221594572067261 0.19412000477313995 0.2277158945798874
v 0.12616968154907227 -0.13460183143615723 -0.319292813539505
v -0.07483372837305069 0.6055676341056824 0.07108518481254578
v -0.10989199578762054 0.4764542579650879 0.15993428230285645
v -0.39791008830070496 0.20453648269176483 0.18374665081501007
v -0.5195479393005371 0.20537711679935455 0.13767918944358826
v 0.15773248672485352 0.100806325674057 0.05694562941789627
v 0.10584382712841034 0.4752553701400757 0.15997028350830078
v -0.099836066365242 -0.6481186151504517 0.026230178773403168
v 0.4218391180038452 0.0519532635807991 -0.036514535546302795
v 0.010060093365609646 -0.8270608186721802 -0.025881661102175713
v -0.12590666115283966 0.5414909720420837 0.09960555285215378
v -0.13729675114154816 -0.25976449251174927 -0.3187181055545807
v -0.30401045083999634 0.1689126193523407 0.008290835656225681
v -0.034988682717084885 0.6398010849952698 -0.24524815380573273
v -0.0448552742600441 -0.7536224722862244 0.0017191529041156173
v -0.25466614961624146 -0.2651192247867584 -0.003362946677953005
v -0.13443008065223694 0.48091429471969604 0.12202506512403488
v 0.12460339069366455 0.5420904755592346 0.03596828505396843
v -0.4803406894207001 0.1843119114637375 0.2195599228143692
v 0.3883177936077118 0.1619216948747635 0.1873367577791214
v 0.14209648966789246 -0.8865670561790466 -0.060088008642196655
v 0.09572476893663406 -0.43726205825805664 0.0296850074082613
v -0.16085222363471985 0.1624467819929123 -0.17153480648994446
v -0.07156366854906082 -0.39206451177597046 -0.20325309038162231
v -0.14661796391010284 0.09545382112264633 0.06824102252721786
v -0.24760086834430695 0.1827276349067688 -0.014953594654798508
v -0.020632723346352577 -0.4627399444580078 -0.06479143351316452
v -0.04006171599030495 0.6650377511978149 0.089204803109169
v -0.03720404952764511 -0.11948864907026291 0.187388613820076
v 0.46415865421295166 0.20442377030849457 0.03725288063287735
v -0.12235256284475327 0.45734304189682007 0.10058803856372833
v 0.4779985249042511 0.1744588315486908 0.2468835413455963
v -0.5206680297851562 0.16902075707912445 0.241172656416893
v -0.17937295138835907 -0.39437001943588257 0.03524263575673103
v -0.16899025440216064 0.5749942064285278 -0.1718119978904724
v -0.2946937382221222 0.2488122582435608 -0.021290939301252365
v -0.04055752605199814 -0.8682288527488708 0.13791802525520325
v -0.5078896880149841 0.1696382611989975 0.23199349641799927
v -0.11492674052715302 0.5961359739303589 0.037741973996162415
v 0.2710001766681671 -0.5479831695556641 -0.10551774501800537
v -0.20256781578063965 0.08672990649938583 -0.06169714406132698
v -0.1124589666724205 0.7573665380477905 0.04753193259239197
v -0.10917305946350098 -0.0677914172410965 -0.28596311807632446
v -0.017648855224251747 -0.8472155332565308 0.01758054830133915
v -0.254080206155777 0.21901185810565948 -0.18844866752624512
v -0.26699379086494446 -0.842268705368042 0.027462923899292946
v 0.5148304104804993 0.1602155715227127 0.22662284970283508
v 0.14712445437908173 0.15880927443504333 0.08433910459280014
v -0.05069009214639664 -0.4143173396587372 0.019708063453435898
v 0.39895522594451904 0.18125590682029724 0.25565487146377563
v 0.1682053655385971 0.5732453465461731 -0.1712372601032257
v -0.19153831899166107 0.34256088733673096 -0.11030451953411102
v 0.40869563817977905 0.16707807779312134 0.25643908977508545
v 0.15384498238563538 -0.8757989406585693 -0.20173180103302002
v 0.23406915366649628 0.10892415046691895 -0.0908462405204773
v -0.37207162380218506 0.18550409376621246 0.1871362030506134
v -0.04104205593466759 0.4321536421775818 0.152526393532753
v 0.17154306173324585 -0.143769770860672 -0.2944144010543823
v -0.07409907877445221 -0.7895686030387878 0.10274940729141235
v 0.16400675475597382 0.6766170859336853 -0.1043999195098877
v 0.2102680653333664 0.1826464980840683 -0.017096826806664467
v -0.25904959440231323 0.30625852942466736 -0.13368193805217743
v -0.12635961174964905 0.5413647294044495 0.032754577696323395
v 0.38422060012817383 0.20002689957618713 0.0818239152431488
v -0.4252742826938629 0.21992690861225128 0.23786196112632751
v -0.008462845347821712 0.6864498853683472 0.08313779532909393
v 0.08895467966794968 -0.8654094338417053 0.16957782208919525
v 0.3822779357433319 0.08032935857772827 -0.10943909734487534
v -0.04406649246811867 -0.8211697340011597 0.14939382672309875
v 0.0728837251663208 0.4400550425052643 0.12716801464557648
v 0.10555528849363327 0.8709407448768616 -0.006013273727148771
v 0.11219467222690582 -0.438433974981308 -0.20648036897182465
v -0.08440741151571274 0.4832446277141571 0.09053439646959305
v 0.11703336983919144 0.28971877694129944 0.049427326768636703
v 0.08324620127677917 -0.8427397012710571 0.17721997201442719
v -0.36649376153945923 0.11729195713996887 0.08132138848304749
v -0.1591935157775879 -0.8287195563316345 0.15973372757434845
v 0.2815813422203064 0.1790383905172348 -0.1821473240852356
v -0.060502614825963974 0.47871920466423035 0.18032555282115936
v 0.36329296231269836 0.13499461114406586 0.2194269448518753
v 0.18919843435287476 0.6393885612487793 -0.11801209300756454
v 0.08483719825744629 0.4837314486503601 0.08844529837369919
v -0.17920845746994019 0.5756589770317078 -0.14531993865966797
v -0.02798875793814659 -0.34983277320861816 0.06475234031677246
v -0.017838193103671074 0.2627895474433899 0.09613930433988571
v -0.17706972360610962 -0.25712767243385315 -0.2896569073200226
v 0.02169359289109707 0.681672215461731 0.12161724269390106
v -0.0030495552346110344 0.4491080641746521 0.09221566468477249
v -0.3627481758594513 0.13198374211788177 0.21166078746318817
v 0.38059449195861816 0.04667074233293533 -0.02572617307305336
v -0.10544997453689575 0.11181788146495819 0.10132954269647598
v 0.2702069580554962 0.09688940644264221 -0.06765816360712051
v 0.4013215899467468 0.1922607421875 0.21023420989513397
v 0.06896908581256866 0.5631511211395264 0.14184851944446564
v 0.34778308868408203 0.1611981838941574 -0.1664910465478897
v -0.4914896786212921 0.19748470187187195 0.2490876317024231
v -0.042662475258111954 0.6099780797958374 0.08621636778116226
v 0.10354504734277725 -0.7585377097129822 0.05680807679891586
v 0.05628768354654312 0.9698411822319031 -0.04597095027565956
v -0.00218185200355947 0.1745918095111847 -0.2386493980884552
v 0.03286284580826759 -0.8372092247009277 0.1368858367204666
v 0.007783875335007906 0.9711393713951111 -0.02909093350172043
v -0.33388298749923706 0.1398671567440033 0.03186437487602234
v 0.2426692247390747 0.12204951047897339 -0.048981886357069016
v 0.15375927090644836 -0.8016799092292786 0.10565657168626785
v 0.008746214210987091 -0.27008184790611267 -0.3075195550918579
v -0.06526689231395721 0.012462045066058636 0.15040801465511322
v 0.023670122027397156 0.6018106937408447 0.10672261565923691
v -0.4076504707336426 0.190509632229805 0.20575377345085144
v -0.07194677740335464 -0.8107262253761292 0.1592513471841812
v 0.04605363309383392 -0.502470076084137 -0.02073199301958084
v 0.1189219132065773 -0.2285442352294922 -0.3353254795074463
v -0.41519805788993835 0.23291701078414917 0.20572234690189362
v -0.14444544911384583 0.3778083622455597 -0.1449751853942871
v 0.15297049283981323 -0.3683512806892395 0.053641654551029205
v 0.5038639903068542 0.12889616191387177 0.05342753231525421
v -0.4175531268119812 0.18245266377925873 0.2739006280899048
v 0.2610299587249756 -0.4031165838241577 -0.057169489562511444
v -0.09617383033037186 0.44048330187797546 0.12611782550811768
v -0.2647964358329773 -0.24283485114574432 -0.11789717525243759
v 0.16415102779865265 0.176009401679039 0.05892202630639076
v 0.05431786924600601 -0.39227184653282166 -0.19555450975894928
v -0.4553969204425812 0.16319043934345245 -0.07135418057441711
v -0.14814597368240356 -0.22350049018859863 -0.3257811665534973
v -0.27781593799591064 0.21738015115261078 -0.007985235191881657
v -0.23831573128700256 -0.888464629650116 0.0330926850438118
v 0.17342045903205872 0.5874773263931274 -0.1033722311258316
v 0.23742040991783142 -0.8808268904685974 0.08025091141462326
v -0.11950396001338959 -0.8851426839828491 0.05199195072054863
v -0.19107407331466675 0.13101696968078613 -0.03250526264309883
v -0.3950389325618744 0.18740849196910858 0.18109861016273499
v 0.006316725164651871 0.6701694130897522 0.1508316844701767
v -0.04080764949321747 -0.7900824546813965 0.05688021332025528
v 0.016866182908415794 -0.8401209115982056 0.029513737186789513
v 0.05865846946835518 -0.8790014386177063 0.15474632382392883
v -0.375091552734375 0.15625807642936707 0.11540152877569199
v 0.009106889367103577 -0.40879812836647034 -0.14816860854625702
v 0.02808285504579544 -0.4658905863761902 -0.04239892214536667
v 0.1359664797782898 0.024483220651745796 -0.23557761311531067
v 0.1068827360868454 0.45224979519844055 0.0843706727027893
v 0.2558555603027344 -0.7403234243392944 -0.1571269929409027
v 0.14867044985294342 -0.7544472813606262 0.05551448091864586
v -0.48851701617240906 0.1809607893228531 0.2507823407649994
v -0.4940926432609558 0.1894030123949051 0.20799627900123596
v -0.2567012310028076 -0.8705770969390869 -0.09984070062637329
v -0.0625557154417038 -0.7575235366821289 0.02569151669740677
v -0.032056666910648346 0.6458589434623718 0.13473588228225708
v 0.37234824895858765 0.1844359040260315 0.11745019257068634
v 0.4885728359222412 0.1939125955104828 0.24636287987232208
v -0.4754772186279297 0.19433856010437012 0.26287564635276794
v -0.013653079979121685 0.661720335483551 0.15169261395931244
v -0.21498337388038635 0.1528325378894806 -0.15807126462459564
v -0.03013877384364605 0.6679697632789612 0.12990619242191315
v 0.32670891284942627 0.16612473130226135 0.021319350227713585
v -0.17571300268173218 0.33854255080223083 -0.04285866394639015
v -0.14517110586166382 0.5553421378135681 -0.1590425968170166
v -0.4016016125679016 0.18525397777557373 0.2499101310968399
v -0.14370845258235931 0.3358606696128845 -0.159087672829628
v -0.4893869459629059 0.22548212110996246 0.109494648873806
v -0.11947011202573776 0.4465794563293457 0.09846065938472748
v -0.11470811814069748 0.3300912082195282 -0.18401336669921875
v 0.12060318142175674 -0.8614407777786255 0.15478917956352234
v 0.0010386380599811673 0.7279807925224304 0.06889910250902176
v -0.23997442424297333 0.24961461126804352 -0.016513163223862648
v 0.16138127446174622 -0.22596825659275055 -0.31509870290756226
v -0.2132209688425064 -0.777928352355957 0.040667276829481125
v -0.5167534351348877 0.15297679603099823 0.12066390365362167
v 0.1163504347205162 0.5366388559341431 -0.18762831389904022
v -0.11449849605560303 0.5565297603607178 0.055038951337337494
v -0.15208089351654053 -0.8929314017295837 -0.17351576685905457
v -0.5150946974754333 0.16137631237506866 0.22677168250083923
v 0.16392561793327332 0.38557007908821106 -0.054832421243190765
v -0.18480880558490753 -0.5398609042167664 0.043281469494104385
v 0.16429072618484497 0.5418289303779602 -0.08480637520551682
v -0.12155705690383911 -0.7798936367034912 0.08911237865686417
v 0.13936959207057953 0.49696722626686096 0.01887642778456211
v -0.06941365450620651 -0.8865512013435364 0.14162082970142365
v 0.09979939460754395 -0.7909005880355835 -0.19829268753528595
v 0.4812640845775604 0.22526128590106964 0.22222596406936646
v 0.02045641466975212 -0.11068346351385117 0.18902930617332458
v 0.3363952934741974 0.14785413444042206 0.2141307145357132
v 0.11987068504095078 0.22614933550357819 0.09414706379175186
v -0.11124644428491592 0.2867259085178375 0.055974289774894714
v 0.04476460441946983 -0.8758350014686584 -0.0035026497207581997
v -0.4807012379169464 0.13069242238998413 0.16881830990314484
v 0.1770239919424057 0.5919147729873657 -0.17466965317726135
v 0.38359180092811584 0.17181749641895294 0.19111397862434387
v 0.2518777847290039 -0.39569517970085144 -0.02985493466258049
v 0.00772087462246418 0.26062387228012085 -0.2308966964483261
v 0.195495143532753 -0.1349421590566635 0.09787014871835709
v 0.025991341099143028 -0.36054906249046326 0.053549233824014664
v 0.12346535176038742 0.465765118598938 0.12897099554538727
v -0.08648300915956497 -0.1992170810699463 -0.34164026379585266
v 0.4887058138847351 0.1772218495607376 0.19830545783042908
v -0.40564244985580444 0.05880005285143852 0.05045951530337334
v -0.18498685956001282 0.6136131882667542 -0.09451975673437119
v 0.23172080516815186 -0.406828373670578 -0.0023194728419184685
v -0.06446453928947449 0.9407641887664795 -0.014525351114571095
v -0.24004656076431274 0.11189673095941544 -0.09394959360361099
v 0.4639738202095032 0.23442257940769196 0.21179822087287903
v 0.49300798773765564 0.22505173087120056 0.12494365125894547
v 0.1639346182346344 0.3874293267726898 -0.08847760409116745
v -0.4365200996398926 0.17392700910568237 0.2602703273296356
v 0.3907855749130249 0.14249034225940704 0.16340939700603485
v 0.26839497685432434 -0.8598992228507996 0.018869711086153984
v 0.3628107011318207 0.14464271068572998 0.22962713241577148
v 0.05925798416137695 -0.8357915878295898 0.1737132966518402
v 0.09283775091171265 0.4310043156147003 0.13895706832408905
v 0.1616855412721634 -0.8848519325256348 0.13450376689434052
v -0.2912095785140991 0.17579984664916992 -0.1810159981250763
v 0.06231626868247986 -0.7757805585861206 -0.17286446690559387
v -0.28003358840942383 -0.7386895418167114 -0.0903572142124176
v 0.03301840275526047 0.47590887546539307 0.09073279798030853
v 0.09580133110284805 -0.8683640360832214 -0.192575141787529
v -0.41720157861709595 0.17375345528125763 0.19546572864055634
v 0.06291121989488602 0.46148979663848877 0.16287986934185028
v -0.4146571755409241 0.09809071570634842 0.12350349873304367
v -0.05187998712062836 0.70497065782547 0.07713862508535385
v -0.40779024362564087 0.20706282556056976 0.022698648273944855
v -0.19778324663639069 -0.3134043514728546 0.05161569267511368
v -0.1586458534002304 0.1778506487607956 0.056805793195962906
v 0.15582594275474548 -0.1734643131494522 0.13279321789741516
v 0.18781469762325287 0.6203652620315552 -0.0994260236620903
v -0.13996057212352753 -0.44073495268821716 0.035003796219825745
v 0.18793855607509613 0.013933762907981873 -0.18261614441871643
v 0.12347663193941116 0.6375811100006104 0.054015763103961945
v -0.048377808183431625 -0.8557096123695374 0.16640226542949677
v -0.27668461203575134 -0.8409029841423035 -0.02230956219136715
v 0.3398163914680481 0.1898086965084076 0.01605026237666607
v -0.15309280157089233 -0.8724477291107178 -0.20454441010951996
v 0.461745023727417 0.17505833506584167 0.21031534671783447
v -0.01972001977264881 -0.8160290718078613 0.034634120762348175
v 0.3904948830604553 0.05972397327423096 0.043984685093164444
v -0.25524309277534485 -0.36969900131225586 -0.12718909978866577
v -0.16127139329910278 -0.14167389273643494 -0.30375590920448303
v -0.2321406453847885 -0.8402628898620605 0.1157936379313469
v -0.5187614560127258 0.21765969693660736 0.16640010476112366
v -0.06147845461964607 -0.7850410342216492 -0.1711786985397339
v 0.21276512742042542 0.10730144381523132 -0.07524625211954117
v 0.1400366723537445 0.8657099604606628 -0.04906530678272247
v -0.1922301948070526 0.18525168299674988 -0.01181188877671957
v 0.1929125189781189 0.024915896356105804 0.041886452585458755
v 0.024416055530309677 -0.4898832142353058 -0.10499486327171326
v -0.22269095480442047 0.21397946774959564 -0.013013199903070927
v -0.09490951895713806 0.34917542338371277 0.06819145381450653
v 0.47119686007499695 0.18016743659973145 0.2618952989578247
v -0.08726050704717636 -0.8416422009468079 -0.19671963155269623
v 0.036617498844861984 0.6572084426879883 0.12480394542217255
v 0.1994413435459137 -0.8295444250106812 0.11674697697162628
v -0.18314337730407715 -0.6997617483139038 -0.2099645435810089
v -0.12971308827400208 0.7691397070884705 -0.004755678121000528
v 0.016007546335458755 0.6442339420318604 0.15158890187740326
v 0.026340732350945473 0.6290915012359619 0.1330861896276474
v 0.20446716248989105 -0.5788968801498413 0.023976527154445648
v -0.38879621028900146 0.20996783673763275 0.1601799726486206
v -0.3733404278755188 0.14422574639320374 0.22179771959781647
v 0.5164980888366699 0.18305446207523346 0.1364261656999588
v -0.12327433377504349 -0.18703371286392212 0.15060171484947205
v 0.02559479884803295 0.11635446548461914 -0.25121361017227173
v 0.12497535347938538 0.38971683382987976 0.08461850881576538
v -0.06914768368005753 0.9756422638893127 -0.06909824907779694
v 0.4286249279975891 0.10376319289207458 -0.09984291344881058
v -0.06609174609184265 -0.8680282235145569 0.17019304633140564
v -0.38808855414390564 0.20074354112148285 0.16958896815776825
v -0.12463106215000153 -0.3899933695793152 0.04963016137480736
v -0.12275823950767517 0.022373704239726067 -0.24609550833702087
v 0.05624254792928696 0.20523512363433838 -0.2243272215127945
v 0.08446094393730164 0.35280153155326843 0.08269611746072769
v 0.11960699409246445 0.6730405688285828 0.06114867702126503
v 0.10002708435058594 -0.6697494983673096 -0.20347842574119568
v -0.022059304639697075 -0.7870985865592957 -0.057041071355342865
v -0.14196860790252686 0.7254611849784851 0.020580267533659935
v 0.19772864878177643 -0.5560197830200195 -0.20392467081546783
v 0.18686136603355408 -0.313922643661499 -0.22169718146324158
v 0.10933922976255417 0.761734127998352 0.04610763117671013
v -0.04760480672121048 -0.8071473240852356 0.09967540204524994
v -0.34973087906837463 0.1717769354581833 0.16863347589969635
v -0.2006995528936386 0.07963971048593521 -0.10545460879802704
v 0.1242811307311058 0.12304113805294037 -0.20208340883255005
v -0.16498547792434692 0.382006973028183 -0.07202126085758209
v 0.4300040900707245 0.07777145504951477 0.09834124147891998
v -0.4926457703113556 0.14190225303173065 -0.0065923696383833885
v -0.2875901758670807 0.10107001662254333 -0.036667805165052414
v 0.3548867404460907 0.10879344493150711 0.06561097502708435
v -0.07322237640619278 -0.2981221079826355 -0.2982727587223053
v 0.06212686374783516 0.9486768841743469 -0.22291414439678192
v 0.04077782854437828 0.48232516646385193 0.10206432640552521
v -0.13300122320652008 -0.8938373923301697 -0.14499089121818542
v -0.34957990050315857 0.13695985078811646 0.19922037422657013
v 0.3849305212497711 0.11668800562620163 -0.13609564304351807
v -0.4086916744709015 0.16349241137504578 -0.1319601684808731
v 0.5190921425819397 0.20807243883609772 0.1528080850839615
v -0.4162212610244751 0.16687294840812683 0.25257858633995056
v 0.2339543104171753 -0.7826476097106934 0.023820973932743073
v -0.23827515542507172 -0.22598405182361603 -0.18321558833122253
v -0.07362805306911469 -0.15427422523498535 0.17952103912830353
v 0.13719694316387177 0.2077750414609909 -0.18912246823310852
v -0.005546612199395895 -0.2580990195274353 0.15301991999149323
v 0.1317385882139206 -0.651483416557312 -0.21320532262325287
v -0.4550454020500183 0.16168728470802307 0.20098735392093658
v -0.20201793313026428 -0.20307087898254395 0.07863720506429672
v 0.1254417449235916 0.8143237233161926 -0.21701404452323914
v -0.2577739953994751 0.2460109442472458 -0.1846737414598465
v -0.08534940332174301 0.3713809549808502 0.11475929617881775
v -0.2316470593214035 -0.563127875328064 -0.18300603330135345
v 0.04239596426486969 0.4014473259449005 0.15643660724163055
v 0.4090224504470825 0.21464425325393677 0.060668714344501495
v -0.09685897827148438 0.8845462203025818 -0.2418653964996338
v 0.0897277444601059 0.4355883300304413 0.07598688453435898
v 0.43212488293647766 0.181878000497818 0.21216560900211334
v 0.08450151234865189 0.6745347380638123 0.08234228938817978
v 0.4298802316188812 0.19356778264045715 0.26322945952415466
v 0.37326547503471375 0.05698122829198837 -0.07367318123579025
v 0.14416316151618958 0.5781470537185669 -0.1622495949268341
v -0.4164443612098694 0.06721299141645432 -0.07874621450901031
v -0.031583357602357864 0.7448630928993225 0.07958383113145828
v -0.11500108987092972 0.46078670024871826 0.1341746598482132
v 0.07347195595502853 0.5960232615470886 0.07612214982509613
v 0.4650917053222656 0.0687161460518837 0.023248594254255295
v -0.1704484075307846 -0.4911137521266937 0.03207392990589142
v 0.49172112345695496 0.1308072805404663 0.1524452567100525
v 0.0833723321557045 -0.3599022626876831 -0.22279472649097443
v 0.03746042028069496 -0.8644787073135376 0.1365838646888733
v 0.23780809342861176 -0.8923860192298889 -0.032613396644592285
v -0.21487745642662048 -0.39487484097480774 -0.1829136162996292
v 0.05872388929128647 -0.8794724345207214 -0.08558165282011032
v -0.009172778576612473 -0.40988436341285706 -0.14757364988327026
v 0.15474417805671692 0.315618097782135 -0.0005187817150726914
v -0.23678994178771973 -0.8577898144721985 0.12059404700994492
v 0.2534080743789673 -0.24625366926193237 -0.1484796404838562
v 0.07741816341876984 0.9265614748001099 -0.010910536162555218
v 0.02113478071987629 -0.7893094420433044 -0.07394593954086304
v 0.040937814861536026 0.6108187437057495 0.08770151436328888
v -0.5302056074142456 0.18202897906303406 0.23457396030426025
v 0.3775767683982849 0.2289280891418457 -0.12306034564971924
v 0.17746351659297943 0.554391086101532 -0.12472133338451385
v -0.0633106455206871 -0.312676340341568 0.100876584649086
v 0.09385879337787628 0.742902398109436 0.06671302020549774
v 0.234308123588562 0.3087218701839447 -0.0543636754155159
v 0.46367183327674866 0.12948212027549744 0.17491675913333893
v 0.257748544216156 -0.8685330748558044 -0.10020802170038223
v -0.0614919550716877 -0.3528234362602234 -0.22411766648292542
v -0.07252144068479538 0.33753064274787903 0.08184648305177689
v -0.47413405776023865 0.23878560960292816 0.19334962964057922
v 0.045456402003765106 0.458884596824646 0.08470193296670914
v 0.041737884283065796 0.12040665745735168 0.12136026471853256
v 0.18710248172283173 0.13807089626789093 -0.15174520015716553
v -0.1715436726808548 -0.007636246737092733 0.08853771537542343
v 0.2994011342525482 0.1201946884393692 0.0003128541284240782
v 0.0585300512611866 -0.45508643984794617 0.003767682472243905
v -0.273962140083313 -0.7391515374183655 -0.041542500257492065
v 0.3787509500980377 0.14157085120677948 0.14969579875469208
v 0.07591044902801514 0.5121795535087585 -0.21653172373771667
v -0.17221975326538086 0.553568422794342 -0.14726261794567108
v -0.03508782014250755 -0.8013914227485657 -0.1319330930709839
v 0.46581292152404785 0.18167744576931 0.22305089235305786
v 0.02497728541493416 -0.16039295494556427 0.18844780325889587
v -0.10972294211387634 0.6386516094207764 0.06770236045122147
v 0.023446999490261078 -0.8616322875022888 -0.0018213778967037797
v -0.2507289946079254 -0.7512876391410828 -0.16371002793312073
v -0.18795044720172882 -0.1229412630200386 0.10680603235960007
v -0.13859935104846954 0.4550352394580841 0.08204488456249237
v 0.20110690593719482 0.1819455623626709 -0.17699316143989563
v 0.21180963516235352 0.11318133026361465 -0.11307433247566223
v -0.429666668176651 0.1815873086452484 0.22511298954486847
v 0.3786315321922302 0.1460850089788437 0.18987666070461273
v -0.26927000284194946 -0.8744670748710632 0.05882517248392105
v -0.2401524782180786 -0.8043662905693054 -0.16760887205600739
v -0.15708178281784058 0.3679350018501282 -0.02272873744368553
v -0.4087885916233063 0.20185230672359467 0.25731801986694336
v 0.08952262252569199 -0.8764187097549438 -0.05974546819925308
v 0.3561217486858368 0.25739431381225586 -0.09268300235271454
v 0.35180145502090454 0.19498535990715027 -0.16458666324615479
v 0.03829420357942581 -0.8194299340248108 0.09311044216156006
v -0.11035623401403427 0.4560224413871765 0.09323657304048538
v 0.16283486783504486 0.6130092740058899 -0.06535487622022629
v 0.09411334246397018 -0.012420806102454662 0.1472100168466568
v -0.12831586599349976 0.8709428906440735 -0.03136265277862549
v 0.1393493115901947 0.09464475512504578 0.07883789390325546
v -0.4371398985385895 0.19561415910720825 0.2585733234882355
v 0.4254405200481415 0.22401726245880127 0.2271953672170639
v 0.4401727318763733 0.20514942705631256 0.2217797189950943
v 0.17214030027389526 -0.016695985570549965 0.0918392762541771
v -0.4362834692001343 0.1827659159898758 0.2136349081993103
v 0.3310563564300537 0.08396688103675842 -0.11517249792814255
v 0.044284507632255554 0.6591848731040955 0.09068766981363297
v -0.06444653868675232 -0.24676527082920074 -0.33202385902404785
v 0.12403329461812973 0.9380530118942261 -0.093897745013237
v -0.15550871193408966 -0.8513826131820679 0.16763286292552948
v 0.2009107768535614 -0.5066100358963013 0.02248452603816986
v 0.4831279218196869 0.09836555272340775 -0.0065699368715286255
v -0.010328887961804867 -0.4133685529232025 -0.015771662816405296
v 0.12568071484565735 0.8798449635505676 -0.2132706642150879
v -0.2103745937347412 0.10891729593276978 -0.08192620426416397
v 0.1582418531179428 -0.8379799723625183 -0.21570466458797455
v 0.23042277991771698 -0.8499650359153748 -0.17194947600364685
v -0.4601747691631317 0.18541181087493896 0.2514088451862335
v 0.5057278275489807 0.18157373368740082 0.23595984280109406
v -0.14300529658794403 0.2924345135688782 -0.17974719405174255
v 0.17483118176460266 0.6206921339035034 -0.17180970311164856
v 0.2304294854402542 -0.8006229400634766 -0.17726363241672516
v 0.19291923940181732 -0.7929243445396423 -0.20131491124629974
v -0.2885277271270752 0.13430052995681763 -0.005997423082590103
v -0.483619749546051 0.08958978950977325 -0.006718639750033617
v 0.11766203492879868 -0.8741875886917114 0.14058636128902435
v 0.2508951723575592 0.14794427156448364 -0.022343413904309273
v 0.07789597660303116 -0.8821294903755188 0.08756180852651596
v -0.033300694078207016 -0.869499921798706 -0.016244906932115555
v 0.22461502254009247 -0.290220707654953 -0.18817591667175293
v -0.22813808917999268 -0.35793930292129517 0.00930502638220787
v 0.14344650506973267 -0.8872882127761841 -0.11049607396125793
v -0.11879174411296844 0.21376533806324005 0.09667125344276428
v 0.3788996636867523 0.18434348702430725 0.18350781500339508
v -0.26559877395629883 -0.23507541418075562 -0.03142343834042549
v 0.06596937030553818 0.9778192043304443 -0.17317093908786774
v -0.44580981135368347 0.20078182220458984 0.22250550985336304
v 0.39551156759262085 0.1533486247062683 0.17756935954093933
v 0.22188356518745422 -0.12002731114625931 0.056251414120197296
v -0.33633726835250854 0.0625365749001503 -0.050237201154232025
v 0.1623729020357132 0.6646974682807922 -0.12643638253211975
v -0.44171032309532166 0.12995092570781708 0.17689314484596252
v 0.11445517838001251 0.3106127083301544 -0.18732856214046478
v -0.4507521390914917 0.20162703096866608 0.0077905915677547455
v -0.11595214903354645 -0.1314106285572052 -0.32200172543525696
v 0.11860637366771698 -0.13198977708816528 0.16159969568252563
v 0.13667185604572296 0.370116651058197 -0.15904037654399872
v 0.24860996007919312 0.18485286831855774 -0.012643524445593357
v 0.1843327432870865 -0.8804730772972107 0.09474657475948334
v -0.43726831674575806 0.1992921084165573 -0.04809846729040146
v 0.055555183440446854 0.9194624423980713 -0.25056907534599304
v 0.10489505529403687 0.4973030686378479 0.1606757789850235
v -0.05919095128774643 0.91695636510849 -0.24996735155582428
v -0.04544800519943237 -0.4363110065460205 0.0019219908863306046
v -0.34143057465553284 0.1773502677679062 0.02201799862086773
v -0.12293857336044312 0.9086380004882812 -0.19987933337688446
v 0.253662645816803 0.2775039076805115 -0.16931265592575073
v 0.0939037874341011 -0.32626381516456604 0.08693301677703857
v 0.46611934900283813 0.2394256889820099 0.11827726662158966
v 0.08428282290697098 -0.8840993046760559 0.14702746272087097
v -0.1164366751909256 -0.735725998878479 0.04572223871946335
v -0.3388231098651886 0.27115076780319214 -0.09003039449453354
v 0.39831286668777466 0.18113648891448975 0.1857614666223526
v 0.27855461835861206 0.22474518418312073 -0.009371250867843628
v -0.12569253146648407 -0.8215550780296326 0.14319168031215668
v 0.4999493658542633 0.1742447018623352 0.2073359191417694
v -0.1394444853067398 0.5003906488418579 0.016911182552576065
v -0.22630362212657928 -0.29743024706840515 -0.1854940801858902
v 0.44354426860809326 0.24281294643878937 0.163129985332489
v -0.4106118381023407 0.21574857831001282 0.07258390635251999
v -0.04456908628344536 -0.08901216834783554 -0.3108076751232147
v 0.11693866550922394 -0.8850210309028625 0.046051349490880966
v 0.2722870707511902 -0.8057004809379578 -0.045986734330654144
v -0.37697336077690125 0.14355410635471344 0.1563148945569992
v -0.19463489949703217 -0.8411283493041992 -0.20417708158493042
v -0.4952239692211151 0.20406323671340942 0.20926058292388916
v 0.23478136956691742 -0.21944385766983032 -0.1879280060529709
v -0.05261020362377167 -0.8796482682228088 0.1412985771894455
v 0.005370236933231354 -0.4349272847175598 -0.0647711455821991
v -0.04414762556552887 -0.5011222958564758 -0.023747427389025688
v 0.18156971037387848 0.6412906646728516 -0.14682993292808533
v -0.12810173630714417 0.398965984582901 0.08170677721500397
v -0.14794312417507172 -0.8470780253410339 -0.21449892222881317
v -0.25255221128463745 -0.8491085767745972 0.08494976907968521
v -0.16735854744911194 -0.8859404921531677 -0.1872767060995102
v -0.025246011093258858 0.6097323894500732 0.10275384038686752
v 0.4938937723636627 0.22244197130203247 0.1863677054643631
v -0.22497616708278656 -0.1202278658747673 0.04957159608602524
v 0.10974718630313873 0.09182087332010269 0.10362376272678375
v 0.08484848588705063 -0.793016791343689 0.11317716538906097
v 0.15333788096904755 -0.8582495450973511 0.16625355184078217
v -0.13796383142471313 0.9157822132110596 -0.1545420140028
v -0.16392622888088226 -0.7595383524894714 0.05596300587058067
v 0.22187228500843048 -0.39211857318878174 -0.17708107829093933
v -0.36246421933174133 0.1587304174900055 0.07058937102556229
v 0.3086862862110138 0.14454129338264465 0.013235515914857388
v -0.13348352909088135 0.9245399832725525 -0.09305939078330994
v 0.07421117275953293 0.2095487266778946 0.11295175552368164
v 0.04961901530623436 0.4436338543891907 0.08938506990671158
v 0.18396306037902832 0.12207436561584473 -0.015174432657659054
v -0.11984878778457642 -0.8730471730232239 0.14255160093307495
v 0.15433621406555176 0.6607692837715149 -0.15140265226364136
v 0.1002320647239685 -0.6453916430473328 0.026985112577676773
v -0.3556377589702606 0.14983509480953217 0.23282955586910248
v -0.18813078105449677 -0.8796280026435852 0.09603117406368256
v -0.1200583428144455 -0.6340308785438538 -0.2108975350856781
v -0.20348508656024933 -0.1679518222808838 -0.2676023840904236
v 0.3484794795513153 0.1660458892583847 0.21999260783195496
v -0.1597997546195984 -0.7945154309272766 -0.20891878008842468
v 0.15395082533359528 -0.4916861951351166 0.034289296716451645
v 0.04234183207154274 0.7422556281089783 0.0807197242975235
v -0.11684685200452805 -0.339199960231781 -0.2447320520877838
v 0.17477934062480927 0.20429079234600067 0.01774953491985798
v -0.19650772213935852 -0.8234211802482605 0.10517661273479462
v -0.38520610332489014 0.04917008429765701 -0.04990137368440628
v -0.21003204584121704 -0.013696401380002499 -0.15917786955833435
v -0.18586577475070953 0.6080917119979858 -0.16419005393981934
v -0.16628585755825043 -0.14260688424110413 0.12855403125286102
v 0.024276351556181908 -0.43267133831977844 -0.019397828727960587
v -0.18949201703071594 0.6360148191452026 -0.11177845299243927
v 0.18046538531780243 0.5794609189033508 -0.15456229448318481
v 0.5101765394210815 0.17444539070129395 0.17336846888065338
v 0.07976866513490677 0.4920293986797333 0.17603236436843872
v 0.04057499021291733 0.3303098678588867 0.09201283007860184
v -0.16175593435764313 0.6274373531341553 -0.06393057852983475
v 0.0943477526307106 -0.19702650606632233 0.16199637949466705
v 0.035396039485931396 0.6745031476020813 0.08738825470209122
v -0.35799291729927063 0.06932465732097626 0.02104894444346428
v -0.15501518547534943 0.5192515850067139 -0.12838128209114075
v 0.2615213394165039 -0.3631475567817688 -0.1019027978181839
v 0.21430212259292603 -0.3929547369480133 0.014668814837932587
v -0.5355017781257629 0.19054105877876282 0.21085844933986664
v -0.37417206168174744 0.24099883437156677 -0.11620468646287918
v -0.02317713014781475 -0.4821666479110718 -0.10237160325050354
v -0.062415942549705505 0.8383006453514099 -0.26741310954093933
v -0.37440869212150574 0.14463815093040466 -0.15372616052627563
v 0.11434019356966019 0.9340482354164124 -0.18405622243881226
v -0.24597373604774475 -0.10173642635345459 -0.015183432959020138
v -0.45552313327789307 0.07441804558038712 -0.0472082644701004
v 0.4515741169452667 0.0715310275554657 -0.041204459965229034
v 0.06590408831834793 0.018657470121979713 -0.27485471963882446
v 0.49277815222740173 0.19873329997062683 0.20794886350631714
v -0.45686185359954834 0.06308651715517044 0.04484788700938225
v 0.13577722012996674 -0.06773741543292999 -0.27100998163223267
v -0.15842951834201813 0.6639785766601562 -0.13870090246200562
v -0.16947928071022034 0.2086472362279892 0.015860991552472115
v -0.4626583158969879 0.181163489818573 0.2212546318769455
v -0.11761984974145889 0.24316905438899994 -0.19225282967090607
v 0.1377987414598465 0.44152891635894775 0.08326406031847
v 0.25383174419403076 -0.7880339026451111 -0.0009244577377103269
v -0.004160596989095211 0.6867519021034241 0.12761197984218597
v 0.05873960629105568 0.7059442400932312 0.07551820576190948
v -0.23699277639389038 -0.6542419195175171 0.005412953905761242
v -0.043239422142505646 0.6417008638381958 0.09242307394742966
v 0.16551218926906586 0.34156927466392517 -0.14187860488891602
v -0.3523203730583191 0.17298723757266998 0.20663726329803467
v -0.05621608346700668 0.7654482126235962 0.0701228454709053
v 0.4133787751197815 0.19134113192558289 0.2702135443687439
v 0.106319360435009 0.7084345817565918 0.059109147638082504
v 0.23221661150455475 0.2695731818675995 -0.02227349393069744
v 0.23242174088954926 -0.8397806882858276 0.11390281468629837
v -0.42826035618782043 0.17551130056381226 0.27133142948150635
v -0.4212920069694519 0.17529502511024475 0.27269718050956726
v -0.42523592710494995 0.18214397132396698 0.2733079791069031
v 0.4156346917152405 0.17647363245487213 0.272746741771698
v 0.41817688941955566 0.1837349683046341 0.2735198140144348
v 0.4100433588027954 0.180561825633049 0.27145543694496155
v 0.42602860927581787 0.18462973833084106 0.2702564001083374
v 0.4223732352256775 0.19416728615760803 0.2660600543022156
v -0.42807331681251526 0.16690222918987274 0.2625690996646881
v -0.43142229318618774 0.17070874571800232 0.2664274573326111
v -0.4328601360321045 0.1699628084897995 0.25639182329177856
v -0.4177943170070648 0.16981181502342224 0.26845571398735046
v -0.4145286977291107 0.17578184604644775 0.2710317373275757
v 0.4043188989162445 0.17581112682819366 0.2655237019062042
v 0.40324169397354126 0.1740712821483612 0.25426429510116577
v 0.40833279490470886 0.169692263007164 0.26484304666519165
v 0.41535744071006775 0.17072002589702606 0.2692444920539856
v 0.41550400853157043 0.16648755967617035 0.263817697763443
v 0.42265933752059937 0.17314265668392181 0.2704997956752777
v -0.43390583992004395 0.17776495218276978 0.2677639126777649
v -0.4344174265861511 0.187194362282753 0.2672026753425598
v -0.4379444718360901 0.18547266721725464 0.2585936188697815
v -0.40839648246765137 0.17817291617393494 0.26639360189437866
v -0.41078081727027893 0.18359526991844177 0.2693166136741638
v -0.4069766104221344 0.17570513486862183 0.2611199617385864
v -0.40437135100364685 0.18413835763931274 0.26121464371681213
v 0.4274146258831024 0.17062988877296448 0.26487016677856445
v 0.4283769428730011 0.17701001465320587 0.2679598927497864
v 0.432550847530365 0.1856236457824707 0.2596190869808197
v -0.4814246594905853 0.1795499324798584 0.2580977976322174
v -0.4754524230957031 0.18509626388549805 0.26171502470970154
v -0.48315101861953735 0.18673469126224518 0.25905343890190125
v -0.46969881653785706 0.18115006387233734 0.25852832198143005
v -0.4680694043636322 0.18964184820652008 0.2600630521774292
v -0.4296509325504303 0.18916861712932587 0.27021583914756775
v -0.4318753182888031 0.19734042882919312 0.26287564635276794
v -0.4221709072589874 0.19004309177398682 0.2708423435688019
v -0.40695860981941223 0.19021880626678467 0.26383569836616516
v -0.41354385018348694 0.19140426814556122 0.26814016699790955
v 0.40087977051734924 0.19331994652748108 0.2551116645336151
v 0.4051235318183899 0.1844494640827179 0.26641160249710083
v 0.40643513202667236 0.19677704572677612 0.261074960231781
v 0.4602034389972687 0.19206462800502777 0.2570093274116516
v 0.46363356709480286 0.18328872323036194 0.2596709430217743
v 0.46829870343208313 0.18801471590995789 0.26218828558921814
v 0.47397345304489136 0.1911677122116089 0.26164960861206055
v 0.47521519660949707 0.1826983541250229 0.26093968749046326
v 0.4809666872024536 0.19286470115184784 0.258311927318573
v 0.47475767135620117 0.1990239918231964 0.2585553228855133
v -0.4187588691711426 0.1999209076166153 0.26269081234931946
v -0.4247806668281555 0.167080357670784 0.25372791290283203
v -0.4207534193992615 0.1662464439868927 0.2631010413169861
v -0.41337257623672485 0.16875477135181427 0.2621387243270874
v -0.4083130657672882 0.1753648817539215 0.25022339820861816
v 0.42197883129119873 0.16612930595874786 0.26137691736221313
v 0.41476020216941833 0.16661383211612701 0.25389474630355835
v 0.42662811279296875 0.16992667317390442 0.25444912910461426
v -0.4758738875389099 0.17599810659885406 0.25595685839653015
v -0.4819498360157013 0.176275372505188 0.2488982230424881
v -0.4680784046649933 0.17744725942611694 0.24977043271064758
v 0.4696464240550995 0.17469552159309387 0.2492881864309311
v 0.47421687841415405 0.1762009561061859 0.2567027807235718
v 0.46681126952171326 0.17720156908035278 0.2573338747024536
v 0.45903828740119934 0.1811230629682541 0.2522743344306946
v 0.4799366295337677 0.17960621416568756 0.2559027075767517
v 0.48433807492256165 0.1846703141927719 0.24673698842525482
v 0.48423224687576294 0.1872890740633011 0.255452036857605
v -0.4901735186576843 0.19039006531238556 0.24858282506465912
v -0.4842034876346588 0.1960986852645874 0.25599056482315063
v -0.4702374041080475 0.2005542665719986 0.25787466764450073
v -0.46198445558547974 0.19737884402275085 0.25179651379585266
v 0.4853951334953308 0.19812706112861633 0.25062236189842224
v -0.4254477620124817 0.20667071640491486 0.2553979158401489
v -0.417203813791275 0.21279171109199524 0.24683398008346558
v 0.40551120042800903 0.2117076814174652 0.24413622915744781
v 0.4119183421134949 0.20953959226608276 0.25003868341445923
v 0.47693705558776855 0.20774118602275848 0.25057950615882874
v 0.46995067596435547 0.20874181389808655 0.25102347135543823
v -0.469547837972641 0.17777623236179352 0.23554517328739166
v -0.4610694646835327 0.18347357213497162 0.23673748970031738
v 0.4147309362888336 0.17379403114318848 0.2379792332649231
v 0.4089413285255432 0.1755000203847885 0.23758254945278168
v 0.5168880820274353 0.16733276844024658 0.2392052561044693
v 0.5112403035163879 0.1706501692533493 0.23969422280788422
v 0.5117924213409424 0.16490326821804047 0.23652108013629913
v 0.5201377868652344 0.1641077697277069 0.23579542338848114
v 0.5231013894081116 0.16996052861213684 0.2377132624387741
v 0.5121552348136902 0.17773795127868652 0.2393403947353363
v 0.5046324729919434 0.1771407127380371 0.23449726402759552
v -0.4417892396450043 0.1983456164598465 0.24007061123847961
v -0.4397834241390228 0.18811170756816864 0.2411569356918335
v 0.4366457760334015 0.19071461260318756 0.24118849635124207
v 0.434295117855072 0.20009002089500427 0.2431761771440506
v -0.4034857153892517 0.19479608535766602 0.25266188383102417
v 0.45350322127342224 0.19529861211776733 0.24457119405269623
v 0.4547923803329468 0.20335102081298828 0.24401681125164032
v -0.4840187132358551 0.2198096364736557 0.2322864681482315
v -0.4902794361114502 0.2092399001121521 0.23628439009189606
v -0.4851274788379669 0.20763304829597473 0.2466648668050766
v -0.47770166397094727 0.20556867122650146 0.2535543739795685
v -0.43236204981803894 0.20806801319122314 0.24822671711444855
v 0.4273177683353424 0.2070605307817459 0.24718552827835083
v 0.4190963804721832 0.20866523683071136 0.25057950615882874
v 0.48241567611694336 0.21061691641807556 0.24206970632076263
v 0.476484090089798 0.2194986641407013 0.23585399985313416
v 0.4865151643753052 0.21011653542518616 0.2325253039598465
v -0.47228601574897766 0.2124558985233307 0.24822671711444855
v 0.4200495779514313 0.22440937161445618 0.22571693360805511
v -0.3630073070526123 0.13909636437892914 0.22584763169288635
v -0.3561832010746002 0.14211851358413696 0.2292957454919815
v -0.3634963929653168 0.14699777960777283 0.22966085374355316
v -0.35216715931892395 0.1371762603521347 0.22522568702697754
v -0.349859356880188 0.144701287150383 0.22851596772670746
v 0.34806036949157715 0.14486798644065857 0.22918088734149933
v 0.35517969727516174 0.1411990374326706 0.228851780295372
v 0.3565724492073059 0.14818768203258514 0.23115728795528412
v -0.5240192413330078 0.16440290212631226 0.2336026281118393
v -0.5203344821929932 0.16298316419124603 0.22486957907676697
v -0.5177743434906006 0.16390037536621094 0.23505620658397675
v -0.5291418433189392 0.16774971783161163 0.22424978017807007
v -0.52785724401474 0.16875706613063812 0.23518919944763184
v -0.514186441898346 0.1687660664319992 0.23821806907653809
v -0.5117073655128479 0.16531123220920563 0.22986368834972382
v 0.3569488227367401 0.1555909961462021 0.23014310002326965
v 0.3637009263038635 0.15178462862968445 0.22874808311462402
v 0.5091127753257751 0.16393636167049408 0.22977355122566223
v 0.5153916478157043 0.16134917736053467 0.23324652016162872
v 0.5213029384613037 0.16255491971969604 0.23102658987045288
v -0.5321099758148193 0.1751461923122406 0.2326785773038864
v -0.5335230231285095 0.1862117499113083 0.22404922544956207
v -0.5347580313682556 0.17971676588058472 0.22047483921051025
v -0.5254210233688354 0.17473380267620087 0.2390677034854889
v -0.4297027289867401 0.17217588424682617 0.24413180351257324
v -0.4231084883213043 0.17343562841415405 0.23771554231643677
v 0.4160943627357483 0.1816481500864029 0.22264735400676727
v 0.4219495356082916 0.17455580830574036 0.23824062943458557
v -0.5173122882843018 0.17531746625900269 0.2403523027896881
v -0.5216866731643677 0.1825607866048813 0.23699432611465454
v -0.5094063878059387 0.1763000786304474 0.2342245727777481
v -0.47774672508239746 0.17809633910655975 0.23451754450798035
v -0.4854452908039093 0.18327301740646362 0.23346735537052155
v -0.4348298907279968 0.17884455621242523 0.24117036163806915
v -0.41695818305015564 0.1774495393037796 0.2284843921661377
v -0.42392203211784363 0.18098323047161102 0.22141018509864807
v -0.4043578505516052 0.187480628490448 0.22559751570224762
v -0.41076281666755676 0.17966490983963013 0.22996068000793457
v -0.41326889395713806 0.18372824788093567 0.21163822710514069
v 0.4288863241672516 0.17804449796676636 0.24027344584465027
v 0.4566742181777954 0.18298903107643127 0.23833748698234558
v 0.45867544412612915 0.18388380110263824 0.22445033490657806
v 0.4636381268501282 0.17899782955646515 0.23705288767814636
v 0.453151673078537 0.1885443776845932 0.24057313799858093
v 0.4714718461036682 0.1775982528924942 0.2347496747970581
v 0.5254858732223511 0.1777898073196411 0.2353401780128479
v 0.5283344388008118 0.17262884974479675 0.23208577930927277
v 0.5270475745201111 0.18730035424232483 0.22763703763484955
v 0.5202910304069519 0.18313102424144745 0.2361515313386917
v -0.5165550708770752 0.1948726624250412 0.22460360825061798
v -0.5240553021430969 0.19312839210033417 0.22612260282039642
v -0.45301708579063416 0.19527605175971985 0.23173652589321136
v -0.4528975784778595 0.19054333865642548 0.22318603098392487
v -0.43754327297210693 0.18952928483486176 0.2246757447719574
v 0.4043504595756531 0.1796153485774994 0.2350742071866989
v 0.40609487891197205 0.1857859194278717 0.2185097336769104
v 0.39993786811828613 0.18547937273979187 0.23579086363315582
v 0.4302677810192108 0.18499484658241272 0.22593776881694794
v 0.4341486990451813 0.18551994860172272 0.23671935498714447
v 0.4367133378982544 0.19384275376796722 0.2253202497959137
v 0.5140056014060974 0.18750762939453125 0.2336859107017517
v 0.5158625841140747 0.1985214650630951 0.22240181267261505
v 0.5076591968536377 0.19308781623840332 0.22645387053489685
v -0.4004634916782379 0.20228955149650574 0.2290276288986206
v -0.4043578505516052 0.21022695302963257 0.2340712994337082
v 0.3968525826931 0.19554202258586884 0.2347249537706375
v 0.3970170021057129 0.1978880912065506 0.21669547259807587
v 0.3954799771308899 0.2087823748588562 0.21895812451839447
v 0.3974993824958801 0.20089223980903625 0.2379138022661209
v 0.40032312273979187 0.20927590131759644 0.23814593255519867
v 0.4490116238594055 0.1978498101234436 0.23042935132980347
v -0.45745909214019775 0.21016395092010498 0.23705288767814636
v -0.45305314660072327 0.20154589414596558 0.23533561825752258
v 0.43346133828163147 0.21529105305671692 0.226413294672966
v -0.4723220765590668 0.2238212674856186 0.23233374953269958
v -0.4654754400253296 0.21733514964580536 0.23853589594364166
v -0.4594806134700775 0.22297607362270355 0.22257079184055328
v -0.3588312566280365 0.13426895439624786 0.22175715863704681
v -0.36798349022865295 0.1365993171930313 0.21591569483280182
v -0.3532511293888092 0.13390156626701355 0.21801835298538208
v 0.34621238708496094 0.13606521487236023 0.22078581154346466
v 0.3416215181350708 0.1419810950756073 0.22303059697151184
v 0.3413488268852234 0.13938933610916138 0.2131999433040619
v 0.3546094596385956 0.13603807985782623 0.22405366599559784
v 0.36277228593826294 0.14003385603427887 0.22549380362033844
v 0.354046106338501 0.13326604664325714 0.21692530810832977
v -0.3445248603820801 0.14863848686218262 0.22341600060462952
v -0.3503821790218353 0.15344776213169098 0.22875036299228668
v 0.34303009510040283 0.14978337287902832 0.22586791217327118
v -0.3698517382144928 0.15465578436851501 0.22340014576911926
v -0.35958626866340637 0.15484505891799927 0.23000796139240265
v -0.3531970679759979 0.16048382222652435 0.22564935684204102
v 0.33746132254600525 0.15757881104946136 0.20852136611938477
v 0.34073132276535034 0.1558525413274765 0.22148674726486206
v 0.3412339985370636 0.1632535755634308 0.2117057889699936
v 0.34858545660972595 0.15724970400333405 0.22793900966644287
v 0.37036046385765076 0.15611393749713898 0.22062811255455017
v 0.36758628487586975 0.14722318947315216 0.2254306674003601
v 0.527234673500061 0.1677924394607544 0.22864452004432678
v 0.5217244625091553 0.16518495976924896 0.22223268449306488
v -0.348477840423584 0.16555236279964447 0.21317294239997864
v -0.3567916750907898 0.1679457128047943 0.21671119332313538
v 0.3579247295856476 0.16408292949199677 0.22176843881607056
v 0.5022504329681396 0.1729556769132614 0.22063039243221283
v 0.5074090957641602 0.16720877587795258 0.21653763949871063
v -0.5015996694564819 0.18061140179634094 0.22115549445152283
v -0.5025597214698792 0.18690139055252075 0.2221042662858963
v -0.5013833045959473 0.17842988669872284 0.21686002612113953
v -0.4965130686759949 0.1846950203180313 0.20899461209774017
v -0.47301843762397766 0.18102164566516876 0.2215273231267929
v 0.530419111251831 0.17565099895000458 0.2223995178937912
v -0.4947529435157776 0.19427771866321564 0.21053390204906464
v -0.5026070475578308 0.19757255911827087 0.215266615152359
v 0.47801652550697327 0.1829327493906021 0.22763703763484955
v 0.47154396772384644 0.18210111558437347 0.2207002490758896
v -0.4915708005428314 0.19171079993247986 0.23101086914539337
v -0.48720085620880127 0.19128485023975372 0.2165534943342209
v -0.4934210777282715 0.20040328800678253 0.23220747709274292
v 0.44523897767066956 0.20719580352306366 0.2231251746416092
v 0.4440445005893707 0.19787466526031494 0.22122763097286224
v 0.48386940360069275 0.1888125091791153 0.2307494580745697
v 0.4886268377304077 0.1986183077096939 0.22744548320770264
v 0.4840068221092224 0.19425742328166962 0.21630550920963287
v 0.5302523970603943 0.19055691361427307 0.21387387812137604
v 0.5268605947494507 0.19704973697662354 0.21427954733371735
v -0.49258720874786377 0.21292242407798767 0.21794621646404266
v -0.4463101327419281 0.20557323098182678 0.2270173728466034
v -0.4397631585597992 0.20789216458797455 0.23604097962379456
v 0.491146445274353 0.21079719066619873 0.20511610805988312
v 0.4900331199169159 0.2102946639060974 0.21717099845409393
v 0.485706090927124 0.22386854887008667 0.2055126577615738
v -0.4356840252876282 0.21810594201087952 0.22759419679641724
v -0.40646958351135254 0.22461220622062683 0.2101980745792389
v -0.4109160900115967 0.21879102289676666 0.2318897843360901
v 0.4042130410671234 0.2234877347946167 0.22143490612506866
v -0.4202125370502472 0.22541455924510956 0.22501599788665771
v 0.4727497100830078 0.23110288381576538 0.2160283923149109
v 0.4696914255619049 0.22180189192295074 0.23402845859527588
v 0.46263065934181213 0.21845977008342743 0.2349345088005066
v -0.34262505173683167 0.14458857476711273 0.2148880660533905
v -0.3418768346309662 0.15467378497123718 0.21066004037857056
v 0.3693801164627075 0.14285102486610413 0.21836546063423157
v -0.5213486552238464 0.16973739862442017 0.2071826457977295
v -0.5151532888412476 0.16758745908737183 0.20999523997306824
v -0.5089669227600098 0.1729353964328766 0.19808004796504974
v -0.5097489953041077 0.16816440224647522 0.21455667912960052
v -0.5057148337364197 0.17156966030597687 0.21849845349788666
v -0.5002790093421936 0.17864400148391724 0.2076401710510254
v -0.479351282119751 0.18522925674915314 0.2131887972354889
v -0.46976637840270996 0.17873628437519073 0.21349291503429413
v -0.4692299962043762 0.17268970608711243 0.2064705640077591
v -0.45806753635406494 0.17364747822284698 0.2112482637166977
v 0.45424243807792664 0.1836448311805725 0.21720699965953827
v 0.4434271454811096 0.1882334053516388 0.21716643869876862
v 0.4453606903553009 0.17493891716003418 0.20956256985664368
v 0.46412038803100586 0.1820019781589508 0.21694330871105194
v -0.48707014322280884 0.19177165627479553 0.2086430788040161
v -0.4323778450489044 0.18581520020961761 0.21721599996089935
v -0.4423729181289673 0.1909828633069992 0.21748654544353485
v -0.4257340133190155 0.18245266377925873 0.21210019290447235
v 0.41067200899124146 0.18599089980125427 0.21302196383476257
v 0.41841116547584534 0.18420149385929108 0.21379274129867554
v 0.40584689378738403 0.1879245787858963 0.2056209295988083
v 0.42074379324913025 0.18148589134216309 0.20814725756645203
v 0.4267115294933319 0.18440662324428558 0.21628080308437347
v 0.43785151839256287 0.1939937323331833 0.21777266263961792
v 0.43302851915359497 0.18906047940254211 0.21889498829841614
v 0.47214120626449585 0.18195684254169464 0.21244500577449799
v 0.5005150437355042 0.18921375274658203 0.22385095059871674
v 0.4990253150463104 0.18260136246681213 0.22173243761062622
v 0.49588602781295776 0.18409335613250732 0.2094859927892685
v -0.5280623435974121 0.19696860015392303 0.2171124368906021
v -0.5298720598220825 0.20100495219230652 0.20523324608802795
v -0.5206883549690247 0.20677883923053741 0.20786772668361664
v -0.4495914578437805 0.18235352635383606 0.21553030610084534
v -0.40384402871131897 0.19468794763088226 0.19954262673854828
v -0.3998797535896301 0.19807292520999908 0.2144259810447693
v 0.5007651448249817 0.20226025581359863 0.21252843737602234
v -0.3976261019706726 0.2095598727464676 0.1971762776374817
v 0.5138726234436035 0.20898520946502686 0.20582818984985352
v 0.521557629108429 0.203666552901268 0.21059246361255646
v -0.48911425471305847 0.22444993257522583 0.20595218241214752
v -0.4943811297416687 0.21847319602966309 0.19802376627922058
v -0.48259663581848145 0.22947347164154053 0.21313238143920898
v -0.4861484467983246 0.23199309408664703 0.19464322924613953
v -0.4443606734275818 0.2263273298740387 0.209436297416687
v -0.43162062764167786 0.22659102082252502 0.21679918467998505
v 0.43542203307151794 0.2269199937582016 0.20943185687065125
v 0.4402155876159668 0.2171030342578888 0.21664363145828247
v 0.44728991389274597 0.21332581341266632 0.22482672333717346
v 0.45403745770454407 0.21530462801456451 0.23122042417526245
v -0.4769894480705261 0.22915348410606384 0.2212929129600525
v -0.4683961570262909 0.23077835142612457 0.21621094644069672
v -0.4580833315849304 0.2296537309885025 0.20773258805274963
v -0.4287268817424774 0.23276387155056 0.2034122794866562
v 0.41323450207710266 0.23292386531829834 0.20104819536209106
v 0.4035413861274719 0.2293967604637146 0.19688330590724945
v 0.45350322127342224 0.2297505885362625 0.20893147587776184
v -0.3723510801792145 0.13752108812332153 0.19473107159137726
v -0.3768584430217743 0.14266619086265564 0.20196540653705597
v -0.35706213116645813 0.13453936576843262 0.20269106328487396
v -0.34763050079345703 0.13716726005077362 0.21202576160430908
v 0.346557080745697 0.13755708932876587 0.20088593661785126
v 0.3414119780063629 0.14387193322181702 0.19845187664031982
v 0.35309502482414246 0.1335274577140808 0.20596574246883392
v 0.35570478439331055 0.1372191160917282 0.1885627806186676
v 0.3616049587726593 0.13435909152030945 0.20862950384616852
v 0.3695988059043884 0.13901980221271515 0.19257427752017975
v 0.37006303668022156 0.14018940925598145 0.20694823563098907
v -0.38591375946998596 0.150141641497612 0.18750359117984772
v -0.3830943703651428 0.15290695428848267 0.20092421770095825
v -0.3437654376029968 0.14322055876255035 0.2031598687171936
v 0.37619748711586 0.14834323525428772 0.2051069736480713
v -0.38902154564857483 0.1640942096710205 0.1924435794353485
v -0.3800428807735443 0.15889939665794373 0.20773258805274963
v -0.3749067783355713 0.16696766018867493 0.20829153060913086
v -0.34335747361183167 0.15996544063091278 0.19048745930194855
v -0.34485170245170593 0.16449302434921265 0.1990649551153183
v 0.3813134431838989 0.15732412040233612 0.1998717486858368
v 0.3838554918766022 0.15363489091396332 0.19072173535823822
v -0.4831690788269043 0.17812106013298035 0.20382022857666016
v -0.4757296144962311 0.1656447798013687 0.19776451587677002
v -0.44363272190093994 0.1733185052871704 0.20806841552257538
v -0.436553955078125 0.16436918079853058 0.19861643016338348
v -0.42881253361701965 0.17698973417282104 0.2057132124900818
v -0.36751246452331543 0.1734897643327713 0.2058890461921692
v -0.3789002597332001 0.17866428196430206 0.1921461671590805
v -0.3487280309200287 0.17162594199180603 0.1905663162469864
v 0.3442651331424713 0.1718626320362091 0.19131453335285187
v 0.3504379987716675 0.17540544271469116 0.19642134010791779
v 0.3750617206096649 0.16687066853046417 0.206175297498703
v 0.38208407163619995 0.17718800902366638 0.18984510004520416
v 0.37054985761642456 0.17187391221523285 0.20468786358833313
v 0.3645978271961212 0.175885409116745 0.20198796689510345
v 0.3866140842437744 0.16722449660301208 0.19114553928375244
v 0.3783925771713257 0.16170528531074524 0.20518139004707336
v 0.5137712359428406 0.16792771220207214 0.21061275899410248
v 0.505795419216156 0.1724914312362671 0.20130960643291473
v -0.5270820260047913 0.17389772832393646 0.20622259378433228
v -0.531735897064209 0.17715871334075928 0.21054962277412415
v -0.5215785503387451 0.17869128286838531 0.189101442694664
v -0.49893805384635925 0.17685674130916595 0.1992812305688858
v -0.49625393748283386 0.18219567835330963 0.2030741572380066
v -0.41834190487861633 0.18137089908123016 0.20514754951000214
v -0.4109836518764496 0.1864551454782486 0.19824904203414917
v -0.3641431927680969 0.18057312071323395 0.1975819617509842
v 0.4819673001766205 0.1850557029247284 0.2075454592704773
v 0.4747689664363861 0.17332306504249573 0.20365795493125916
v 0.4962082803249359 0.17613565921783447 0.19432540237903595
v 0.4988856017589569 0.17456024885177612 0.19799663126468658
v 0.4943331480026245 0.17938536405563354 0.20226295292377472
v 0.5212105512619019 0.172980397939682 0.2071872055530548
v 0.5202684998512268 0.18086151778697968 0.19241200387477875
v 0.5275006890296936 0.17961305379867554 0.2073201984167099
v -0.5320175886154175 0.18640786409378052 0.19741524755954742
v -0.49221310019493103 0.18407079577445984 0.20358353853225708
v -0.4880753457546234 0.1872372180223465 0.20615045726299286
v 0.4859495162963867 0.19409972429275513 0.20891804993152618
v 0.4893074929714203 0.2044486254453659 0.2061460167169571
v 0.4900015592575073 0.18807785212993622 0.20493127405643463
v 0.5304799675941467 0.18533511459827423 0.2102116495370865
v 0.5289091467857361 0.19532346725463867 0.19537344574928284
v 0.5243273973464966 0.2067202776670456 0.19652947783470154
v -0.5129784941673279 0.20936831831932068 0.20414477586746216
v -0.5149234533309937 0.21678978204727173 0.18828324973583221
v -0.5075764060020447 0.20341643691062927 0.21033334732055664
v -0.49992966651916504 0.21248289942741394 0.19768565893173218
v 0.4944052994251251 0.21099774539470673 0.19995731115341187
v -0.4540131986141205 0.2348506897687912 0.19628164172172546
v 0.4323998689651489 0.2336946427822113 0.19909195601940155
v 0.425093412399292 0.23501980304718018 0.1967751681804657
v 0.4768356382846832 0.2340821921825409 0.19853529334068298
v 0.46643945574760437 0.23899973928928375 0.19266441464424133
v -0.004577489569783211 -0.10849066823720932 0.1876184493303299
v -0.00609877472743392 -0.14667028188705444 0.18974824249744415
v 0.021504322066903114 -0.13594727218151093 0.19022148847579956
v -0.37852615118026733 0.14126445353031158 0.17087584733963013
v -0.36904945969581604 0.1373249590396881 0.1846931427717209
v -0.36122238636016846 0.1399911344051361 0.18097233772277832
v -0.3434295952320099 0.15181618928909302 0.19028005003929138
v -0.34977373480796814 0.14447587728500366 0.18664482235908508
v 0.3467283546924591 0.1481223851442337 0.17784421145915985
v 0.33982083201408386 0.15252384543418884 0.1904040426015854
v 0.4467061161994934 0.15356503427028656 0.19515931606292725
v 0.44659343361854553 0.1278572678565979 0.17201173305511475
v 0.4625743627548218 0.1531345099210739 0.19364702701568604
v -0.4866374731063843 0.15413512289524078 0.1839810609817505
v -0.46836915612220764 0.14755216240882874 0.18759144842624664
v -0.4488905966281891 0.14659439027309418 0.18935827910900116
v -0.42937368154525757 0.15270639955997467 0.18858306109905243
v -0.4117273688316345 0.15978288650512695 0.1853175163269043
v -0.420250803232193 0.13966432213783264 0.17419782280921936
v -0.34889480471611023 0.16216281056404114 0.1707114279270172
v 0.4323074519634247 0.15952377021312714 0.19675716757774353
v 0.4772300124168396 0.1542591154575348 0.1880669742822647
v -0.4011463522911072 0.16218309104442596 0.1828947365283966
v -0.406120240688324 0.1706658899784088 0.18701450526714325
v 0.41253140568733215 0.17656376957893372 0.19779835641384125
v 0.4057815968990326 0.18213939666748047 0.1962365061044693
v 0.40477412939071655 0.17183107137680054 0.18824267387390137
v 0.4213184714317322 0.16945800185203552 0.1987651288509369
v 0.4185824394226074 0.1518791913986206 0.1862211525440216
v -0.503100574016571 0.17398786544799805 0.19366960227489471
v -0.5000693798065186 0.1710422784090042 0.189036026597023
v -0.5085927844047546 0.1739608645439148 0.18648484349250793
v -0.40584298968315125 0.19044877588748932 0.18899774551391602
v 0.37413766980171204 0.18853765726089478 0.18111661076545715
v 0.3614426851272583 0.18109148740768433 0.1926712542772293
v 0.36287155747413635 0.18867509067058563 0.17515115439891815
v 0.504781186580658 0.17470908164978027 0.1906091570854187
v 0.5118938088417053 0.17769967019557953 0.1844317466020584
v 0.5184813737869263 0.18329329788684845 0.17805390059947968
v 0.40065667033195496 0.18996867537498474 0.19473335146903992
v 0.39446136355400085 0.20738963782787323 0.20215696096420288
v 0.3964378833770752 0.19946123659610748 0.19400770962238312
v 0.3941345512866974 0.21573273837566376 0.19269154965877533
v 0.5031337738037109 0.2124558985233307 0.200908362865448
v -0.49405884742736816 0.22560381889343262 0.18727147579193115
v 0.5086644291877747 0.21741172671318054 0.18844550848007202
v -0.44227826595306396 0.23696692287921906 0.18819767236709595
v -0.4290604293346405 0.23767228424549103 0.18308401107788086
v -0.402178555727005 0.2252388447523117 0.18703250586986542
v -0.4097171425819397 0.23254746198654175 0.18462558090686798
v 0.44364798069000244 0.23519779741764069 0.19118154048919678
v -0.4552234411239624 0.24082528054714203 0.17715013027191162
v 0.42422792315483093 0.23946182429790497 0.17378543317317963
v 0.4551123380661011 0.23955196142196655 0.18623928725719452
v -0.07824355363845825 -0.847091555595398 0.1771952509880066
v -0.07769367843866348 -0.8575485944747925 0.17493246495723724
v -0.06732670217752457 -0.8554030656814575 0.17504745721817017
v -0.09032551199197769 -0.8585582971572876 0.1717480570077896
v -0.07937487959861755 -0.8669374585151672 0.17066629230976105
v -0.05919995158910751 -0.8501070141792297 0.17381471395492554
v -0.05720320716500282 -0.8625112771987915 0.16837650537490845
v 0.0709703341126442 -0.8519595265388489 0.17604351043701172
v 0.07006441056728363 -0.8398978114128113 0.17691799998283386
v 0.059115998446941376 -0.8488855361938477 0.17319491505622864
v 0.07244648784399033 -0.863525390625 0.17179089784622192
v 0.08618950098752975 -0.8539764881134033 0.17370201647281647
v -0.07611832022666931 -0.8379528522491455 0.17699913680553436
v -0.08928210288286209 -0.8399744629859924 0.17454937100410461
v 0.08295537531375885 -0.8330285549163818 0.17389585077762604
v 0.06892623752355576 -0.8287398219108582 0.17318591475486755
v 0.005577507894486189 -0.20762109756469727 0.17624863982200623
v 0.030654331669211388 -0.18917694687843323 0.18023541569709778
v -0.0012939318548887968 -0.17786797881126404 0.18465714156627655
v 0.060477159917354584 -0.20342469215393066 0.17043188214302063
v 0.05862246826291084 -0.17635126411914825 0.17788934707641602
v -0.03037767857313156 -0.16141386330127716 0.1856667697429657
v -0.058550938963890076 -0.14310947060585022 0.18357767164707184
v -0.0529482439160347 -0.1750982403755188 0.17940378189086914
v 0.052733585238456726 -0.1477295458316803 0.18403063714504242
v 0.08246641606092453 -0.1596086621284485 0.17418654263019562
v 0.046799566596746445 -0.11696230620145798 0.18473827838897705
v 0.06500488519668579 -0.07758365571498871 0.17329177260398865
v 0.0375911220908165 -0.07018262147903442 0.17745894193649292
v -0.022102156654000282 -0.05214642733335495 0.17453807592391968
v -0.03413676470518112 0.013322965241968632 0.15548770129680634
v -0.053538691252470016 -0.05461648479104042 0.16982337832450867
v 0.007698307279497385 -0.05617605522274971 0.17672644555568695
v 0.02679825946688652 -0.0032325126230716705 0.16135413944721222
v 0.3679129481315613 0.13948404788970947 0.1769382804632187
v 0.378072589635849 0.1434459686279297 0.17235884070396423
v 0.36455726623535156 0.14244763553142548 0.16515608131885529
v -0.4600733518600464 0.12834849953651428 0.17238584160804749
v -0.3620765209197998 0.14709463715553284 0.1653250753879547
v 0.38486969470977783 0.146452397108078 0.17369972169399261
v 0.394966185092926 0.14625400304794312 0.17389585077762604
v 0.3871729075908661 0.1506284475326538 0.18129916489124298
v 0.40569591522216797 0.1577230840921402 0.18240121006965637
v 0.409056156873703 0.14433617889881134 0.17692027986049652
v -0.39421406388282776 0.1563483476638794 0.18163271248340607
v -0.38976526260375977 0.1486203521490097 0.17687971889972687
v 0.34637680649757385 0.16566720604896545 0.16847120225429535
v 0.33968570828437805 0.16037555038928986 0.19060459733009338
v 0.3413826823234558 0.16751974821090698 0.18810082972049713
v 0.39100196957588196 0.15911352634429932 0.1827414631843567
v 0.49073633551597595 0.15507274866104126 0.1781800240278244
v 0.47851917147636414 0.13320520520210266 0.1686447560787201
v 0.5017500519752502 0.15516960620880127 0.16446414589881897
v 0.4990749955177307 0.1717432141304016 0.184023916721344
v -0.39555272459983826 0.16388237476348877 0.1847134232521057
v -0.39387595653533936 0.17163722217082977 0.18578174710273743
v -0.35519158840179443 0.17892783880233765 0.16440100967884064
v -0.35648518800735474 0.18082095682621002 0.1808169186115265
v 0.3976953625679016 0.16611802577972412 0.18254320323467255
v 0.39301908016204834 0.16952328383922577 0.18486441671848297
v 0.5033118724822998 0.17557215690612793 0.18583574891090393
v -0.5205869078636169 0.1823738068342209 0.17370644211769104
v -0.5148377418518066 0.17667418718338013 0.18010014295578003
v -0.5089601874351501 0.1703639179468155 0.1761743575334549
v -0.39800700545310974 0.19514091312885284 0.18073350191116333
v -0.4045944809913635 0.18251579999923706 0.18671023845672607
v -0.39915183186531067 0.17684103548526764 0.18459172546863556
v -0.38982391357421875 0.17998260259628296 0.18491855263710022
v 0.35136649012565613 0.181352898478508 0.17000363767147064
v 0.39003291726112366 0.17632493376731873 0.18599802255630493
v 0.3885994851589203 0.1845981776714325 0.18195268511772156
v -0.38392600417137146 0.18714936077594757 0.18222537636756897
v -0.5203524827957153 0.2131568193435669 0.15848740935325623
v -0.528168261051178 0.2014421969652176 0.17593994736671448
v -0.5283012986183167 0.20568136870861053 0.1863248497247696
v -0.5220518112182617 0.21357592940330505 0.18420419096946716
v 0.3949977457523346 0.19600626826286316 0.1814524382352829
v 0.39074498414993286 0.20516528189182281 0.1712162345647812
v 0.3911169469356537 0.1933402270078659 0.17744080722332
v 0.5231757760047913 0.21010538935661316 0.180728942155838
v 0.525111734867096 0.2052982598543167 0.17915137112140656
v 0.5173071622848511 0.21483124792575836 0.16141043603420258
v 0.5171066522598267 0.2155141830444336 0.18129688501358032
v -0.39652857184410095 0.21685506403446198 0.1800212860107422
v -0.39833375811576843 0.22189658880233765 0.1646084189414978
v -0.39388951659202576 0.20989570021629333 0.17273294925689697
v 0.3921895921230316 0.21576887369155884 0.1714707911014557
v 0.39675331115722656 0.22365671396255493 0.1833769828081131
v -0.4120541512966156 0.2345014363527298 0.15782704949378967
v -0.41949358582496643 0.23750558495521545 0.17153620719909668
v 0.4145011007785797 0.23767228424549103 0.15985314548015594
v 0.40234479308128357 0.22828571498394012 0.1432255357503891
v 0.4031875729560852 0.23122458159923553 0.17132437229156494
v 0.45997804403305054 0.24283552169799805 0.16665251553058624
v 0.007567604072391987 0.4672119617462158 0.17586325109004974
v -0.002846717368811369 0.47444844245910645 0.18049010634422302
v -0.04267597571015358 0.46983516216278076 0.1762373447418213
v -0.008417777717113495 0.49993982911109924 0.1816011369228363
v -0.05034976825118065 0.4884888827800751 0.1823696494102478
v -0.007203033193945885 0.48322880268096924 0.18399678170681
v 0.03922054171562195 0.479571133852005 0.1823449283838272
v 0.07008469849824905 0.47893333435058594 0.17762793600559235
v 0.060679998248815536 0.4936678409576416 0.1794196218252182
v -0.0703173577785492 0.5019456148147583 0.1749483197927475
v -0.08104036748409271 0.48588812351226807 0.1759466677904129
v 0.02433263696730137 0.5269660353660583 0.17121395468711853
v -0.0126344570890069 0.5309775471687317 0.169437974691391
v -0.08808986097574234 -0.8733965754508972 0.16275359690189362
v -0.07514698058366776 -0.875859797000885 0.16326068341732025
v 0.05949682369828224 -0.8689725399017334 0.1649848073720932
v 0.07263360917568207 -0.873673677444458 0.16410589218139648
v 0.07277330756187439 -0.8818929195404053 0.15255124866962433
v 0.08627278357744217 -0.8762046098709106 0.1586676836013794
v -0.16773945093154907 -0.8654612898826599 0.16234120726585388
v -0.15587382018566132 -0.8613438010215759 0.16415317356586456
v -0.16657654941082 -0.855802059173584 0.1656968891620636
v -0.17824162542819977 -0.8507921099662781 0.16001084446907043
v -0.16838175058364868 -0.8449505567550659 0.16436044871807098
v 0.050912611186504364 -0.8585605025291443 0.16585473716259003
v 0.049129918217659 -0.8448807001113892 0.16666151583194733
v 0.10360360890626907 -0.8544295430183411 0.16569460928440094
v 0.10240472108125687 -0.8450813293457031 0.16735787689685822
v 0.17797060310840607 -0.8458227515220642 0.15896522998809814
v 0.1649465262889862 -0.8462757468223572 0.1647278368473053
v 0.1679326742887497 -0.855842649936676 0.1644980013370514
v 0.17553439736366272 -0.8623805046081543 0.1592739224433899
v 0.16260503232479095 -0.8658084273338318 0.16242676973342896
v -0.16949285566806793 -0.8336912393569946 0.16022497415542603
v -0.15714041888713837 -0.839519202709198 0.16369792819023132
v -0.1414119452238083 -0.8345317840576172 0.15853026509284973
v -0.13972623646259308 -0.8450024127960205 0.16241104900836945
v -0.10018988698720932 -0.83430415391922 0.1675291508436203
v -0.10519078373908997 -0.8438800573348999 0.16711004078388214
v -0.06434512138366699 -0.8389828205108643 0.17553426325321198
v -0.05326828360557556 -0.8428952693939209 0.1709502637386322
v -0.04760252311825752 -0.8357983231544495 0.1648901104927063
v -0.04364959895610809 -0.8457055687904358 0.1618882417678833
v 0.04130735620856285 -0.8392825722694397 0.15769405663013458
v 0.04959188029170036 -0.83128422498703 0.16412831842899323
v 0.1617148220539093 -0.8369365334510803 0.16305112838745117
v 0.1514807641506195 -0.8466724157333374 0.16544005274772644
v -0.1060156375169754 -0.8272433876991272 0.1600131392478943
v -0.10941196233034134 -0.8189971446990967 0.1490669995546341
v -0.12351773679256439 -0.8288232684135437 0.15325433015823364
v -0.09010695666074753 -0.823153018951416 0.16703790426254272
v -0.0710994228720665 -0.8296277523040771 0.17397013306617737
v -0.06443075835704803 -0.8215979337692261 0.16720017790794373
v -0.07711894810199738 -0.8207392692565918 0.169133722782135
v 0.09817682206630707 -0.8283341526985168 0.16492611169815063
v 0.10153023153543472 -0.8365308046340942 0.16628968715667725
v 0.12040034681558609 -0.8392623066902161 0.15971115231513977
v 0.092098668217659 -0.820234477519989 0.16326525807380676
v 0.10873527824878693 -0.8240048289299011 0.1557198166847229
v -0.08544182032346725 -0.8129505515098572 0.15870153903961182
v 0.0673103854060173 -0.818230926990509 0.16484497487545013
v 0.05795310437679291 -0.8237929940223694 0.16565632820129395
v 0.0780559629201889 -0.8146565556526184 0.16248762607574463
v 0.06988414376974106 -0.8085694313049316 0.15210272371768951
v -0.01308063417673111 -0.23200362920761108 0.1659448742866516
v 0.013429353944957256 -0.23401394486427307 0.16505466401576996
v -0.05776436999440193 -0.20996038615703583 0.16785597801208496
v -0.07890613377094269 -0.18693679571151733 0.16936597228050232
v 0.057207170873880386 -0.2270365208387375 0.16218121349811554
v 0.08150850981473923 -0.2252538949251175 0.15493787825107574
v -0.10400988906621933 -0.20551614463329315 0.1530177742242813
v -0.09830134361982346 -0.1681433767080307 0.16674265265464783
v 0.09739703685045242 -0.12681761384010315 0.1691180020570755
v 0.108809694647789 -0.1634286642074585 0.1633666753768921
v -0.1177753433585167 -0.15082155168056488 0.15969544649124146
v -0.08846396952867508 -0.139814555644989 0.17461921274662018
v -0.07269949465990067 -0.10893919318914413 0.1766994446516037
v 0.08744024485349655 -0.07591380178928375 0.16538363695144653
v 0.07237663120031357 -0.018652230501174927 0.1561390608549118
v -0.10170438885688782 -0.05362929776310921 0.1543496549129486
v -0.0824444517493248 -0.057830192148685455 0.16276045143604279
v -0.08750169724225998 -0.00481693260371685 0.14687420427799225
v -0.38595205545425415 0.1440296322107315 0.168836310505867
v -0.3846990168094635 0.14234164357185364 0.1575363576412201
v 0.38487640023231506 0.1382918655872345 0.1535675823688507
v 0.4054277837276459 0.13346660137176514 0.16308942437171936
v -0.5047953724861145 0.16372238099575043 0.17469806969165802
v -0.5108374357223511 0.16184498369693756 0.16121216118335724
v -0.498980849981308 0.15974904596805573 0.1783422976732254
v -0.49533218145370483 0.1405927985906601 0.1632765382528305
v -0.39225780963897705 0.14588217437267303 0.16700176894664764
v -0.5252181887626648 0.1881522685289383 0.1707451492547989
v -0.5191400647163391 0.18048740923404694 0.15507087111473083
v -0.37734296917915344 0.19577185809612274 0.17552970349788666
v -0.38786542415618896 0.20421651005744934 0.16679450869560242
v -0.38247236609458923 0.19524233043193817 0.1747589111328125
v -0.3681006133556366 0.18978841602802277 0.1813623011112213
v 0.3839930593967438 0.1926392912864685 0.17588581144809723
v 0.5211181044578552 0.19056133925914764 0.16521236300468445
v 0.5152946710586548 0.17745625972747803 0.1564050316810608
v -0.5286865830421448 0.19283756613731384 0.17676930129528046
v -0.3897382616996765 0.1952333301305771 0.1763659119606018
v 0.37997928261756897 0.198063924908638 0.16897372901439667
v -0.39277392625808716 0.20328344404697418 0.17240841686725616
v -0.5087528824806213 0.22248482704162598 0.17759180068969727
v 0.5056197047233582 0.22166675329208374 0.16963638365268707
v -0.49287569522857666 0.23034338653087616 0.18483297526836395
v -0.4977436065673828 0.22875909507274628 0.17174361646175385
v 0.4833374619483948 0.23213507235050201 0.17779920995235443
v 0.008581659756600857 0.46302908658981323 0.1700487732887268
v 0.056301116943359375 0.4659882187843323 0.17099983990192413
v -0.09102866053581238 0.4706239402294159 0.16739845275878906
v -0.0748765766620636 0.47019127011299133 0.17185847461223602
v -0.08393638581037521 0.47481128573417664 0.17284780740737915
v -0.047489818185567856 0.46460220217704773 0.1692419946193695
v 0.07997378706932068 0.47233450412750244 0.17037788033485413
v 0.09107319265604019 0.4806978702545166 0.17063701152801514
v 0.08993058651685715 0.46743282675743103 0.16110388934612274
v -0.10149476677179337 0.4849303364753723 0.16642940044403076
v -0.08969227969646454 0.4790257513523102 0.17162862420082092
v -0.09588085860013962 0.47410592436790466 0.16748414933681488
v 0.10562970489263535 0.4846147894859314 0.1633012592792511
v 0.0925966277718544 0.4971069395542145 0.16746830940246582
v 0.09040382504463196 0.5272138714790344 0.15272022783756256
v 0.0770597755908966 0.5258864164352417 0.16131357848644257
v 0.05883430689573288 0.5523514151573181 0.15441051125526428
v 0.06452935189008713 0.5227674245834351 0.1674051731824875
v -0.04800141602754593 0.5320053100585938 0.16594715416431427
v -0.07217440009117126 0.5302248597145081 0.1607005000114441
v -0.01879824697971344 0.5620309710502625 0.15233483910560608
v 0.048850513994693756 0.5229206681251526 0.17096826434135437
v 0.04150347784161568 0.5525903701782227 0.158453568816185
v -0.07538139075040817 -0.8835110664367676 0.15206214785575867
v -0.06652670353651047 -0.8793530464172363 0.15658073127269745
v -0.06135446950793266 -0.8825510144233704 0.14026866853237152
v -0.05805056169629097 -0.8745887279510498 0.1578180491924286
v 0.10222660005092621 -0.8704825639724731 0.15517443418502808
v 0.10067159682512283 -0.8777934312820435 0.1443297266960144
v -0.17843088507652283 -0.8666805624961853 0.15572895109653473
v -0.16880770027637482 -0.8734123110771179 0.15545625984668732
v -0.1556011438369751 -0.8777664303779602 0.1504688709974289
v -0.1389283835887909 -0.8781179785728455 0.14017853140830994
v -0.14029861986637115 -0.8720511198043823 0.15125764906406403
v -0.05032498389482498 -0.8691956996917725 0.15631261467933655
v 0.13479001820087433 -0.8696846961975098 0.151924729347229
v 0.15013989806175232 -0.8690694570541382 0.1582755744457245
v 0.13614003360271454 -0.860660970211029 0.1592356264591217
v 0.15996141731739044 -0.8753008842468262 0.15427979826927185
v -0.19113942980766296 -0.8664078712463379 0.14450784027576447
v -0.18719550967216492 -0.8585785627365112 0.1517196148633957
v -0.14040231704711914 -0.8639085292816162 0.15793518722057343
v -0.13918986916542053 -0.8547202944755554 0.16204151511192322
v -0.12209565192461014 -0.8654612898826599 0.1536758542060852
v -0.105328269302845 -0.8523809313774109 0.16615670919418335
v -0.10511193424463272 -0.8610373735427856 0.16274231672286987
v 0.04794231057167053 -0.8670434355735779 0.15720953047275543
v 0.10744839906692505 -0.8621100187301636 0.1596548706293106
v 0.11825711280107498 -0.868557870388031 0.15006762742996216
v -0.1922234743833542 -0.8498072624206543 0.1481429487466812
v -0.12181168049573898 -0.8486353158950806 0.16102060675621033
v 0.1202537938952446 -0.8552093505859375 0.15953531861305237
v 0.13660427927970886 -0.8431115746498108 0.16168083250522614
v 0.13679127395153046 -0.8516259789466858 0.16236604750156403
v -0.04171813651919365 -0.8305810689926147 0.154336079955101
v -0.05134817585349083 -0.8255577087402344 0.16203466057777405
v 0.0378345288336277 -0.8319220542907715 0.1479942351579666
v 0.035583026707172394 -0.8459038734436035 0.14867261052131653
v 0.13740435242652893 -0.8350389003753662 0.15861140191555023
v 0.15314632654190063 -0.8305248022079468 0.15926048159599304
v 0.13936959207057953 -0.8269459009170532 0.15280364453792572
v 0.16577816009521484 -0.8272367119789124 0.15689627826213837
v -0.05679081380367279 -0.8164076805114746 0.15759721398353577
v -0.05184848606586456 -0.8125336170196533 0.14391061663627625
v -0.06227174028754234 -0.8077896237373352 0.14787711203098297
v 0.04955587908625603 -0.8199437856674194 0.1563238948583603
v 0.0919656828045845 -0.8141698241233826 0.1563688963651657
v 0.03747613728046417 -0.23961657285690308 0.16005825996398926
v 0.01946250908076763 -0.2588742971420288 0.15089254081249237
v -0.0389573909342289 -0.2342933565378189 0.16169212758541107
v -0.030889207497239113 -0.2601228356361389 0.14813850820064545
v -0.06925816833972931 -0.24107244610786438 0.15027274191379547
v 0.06209314987063408 -0.24915412068367004 0.148961141705513
v -0.1372786909341812 -0.12547895312309265 0.14754128456115723
v -0.14418847858905792 -0.16678886115550995 0.1402348130941391
v 0.10740555077791214 -0.07897195965051651 0.15720953047275543
v 0.04808201268315315 0.0359295979142189 0.14568644762039185
v 0.018092211335897446 0.06785307824611664 0.13967587053775787
v -0.46235179901123047 0.09440819919109344 0.12218290567398071
v -0.4642696678638458 0.11042501777410507 0.1478455364704132
v -0.47762274742126465 0.11130393296480179 0.14195893704891205
v -0.44709211587905884 0.10947852581739426 0.14978593587875366
v 0.4743768572807312 0.11350130289793015 0.14359964430332184
v 0.4629529118537903 0.113030344247818 0.15180303156375885
v -0.3967899680137634 0.13805745542049408 0.155165433883667
v -0.410219669342041 0.12665608525276184 0.15380655229091644
v -0.39694324135780334 0.11368842422962189 0.12425628304481506
v -0.4286547601222992 0.11454477161169052 0.15208472311496735
v 0.39414140582084656 0.12324853986501694 0.1403452306985855
v 0.3857373297214508 0.12313126772642136 0.12969207763671875
v 0.40534892678260803 0.10805194079875946 0.13023757934570312
v -0.36406657099723816 0.1541306972503662 0.1519111692905426
v -0.3746543824672699 0.14737416803836823 0.1472775936126709
v 0.35767677426338196 0.15262526273727417 0.15440593659877777
v 0.3607800602912903 0.14694364368915558 0.15846256911754608
v -0.3733246922492981 0.19740356504917145 0.1626995950937271
v -0.5226579904556274 0.1932208091020584 0.14361092448234558
v 0.3644807040691376 0.1934596449136734 0.16165155172348022
v 0.36327722668647766 0.1905117779970169 0.15254667401313782
v 0.3748565912246704 0.19916141033172607 0.16248546540737152
v 0.38323354721069336 0.20621317625045776 0.16046394407749176
v 0.5244671106338501 0.19935980439186096 0.17328961193561554
v 0.5189186334609985 0.1941852867603302 0.14407731592655182
v 0.38621971011161804 0.21208634972572327 0.1452876329421997
v 0.38882261514663696 0.2122034877538681 0.16275815665721893
v 0.5058336853981018 0.22189202904701233 0.1506311297416687
v 0.49358052015304565 0.22716110944747925 0.15765134990215302
v 0.48183202743530273 0.2345689982175827 0.1502704620361328
v -0.44693663716316223 0.2427138239145279 0.15073926746845245
v -0.432436466217041 0.24084556102752686 0.1557040959596634
v -0.4338494837284088 0.2392025738954544 0.1269358992576599
v 0.42855051159858704 0.24164561927318573 0.14922697842121124
v 0.4776942729949951 0.23180824518203735 0.11797744035720825
v 0.4694908857345581 0.24099883437156677 0.14641667902469635
v -0.04648919776082039 0.39301180839538574 0.14957180619239807
v -0.03626877814531326 0.4056323766708374 0.16004697978496552
v -0.06299517303705215 0.40548136830329895 0.1549423187971115
v -0.004248449113219976 0.40565937757492065 0.16217435896396637
v 0.010337350890040398 0.39403271675109863 0.15318447351455688
v 0.02488029934465885 0.40859824419021606 0.1621023565530777
v -0.024698348715901375 0.41323181986808777 0.16139914095401764
v 0.02271449938416481 0.4181876480579376 0.16076591610908508
v 0.007774875033646822 0.42775219678878784 0.15652216970920563
v -0.013362390920519829 0.42152532935142517 0.1593686193227768
v -0.04856036230921745 0.4225213825702667 0.15665744245052338
v 0.04676813259720802 0.4142594337463379 0.15931004285812378
v 0.0677407756447792 0.41959166526794434 0.1533670276403427
v 0.06548041105270386 0.4109194576740265 0.15465618669986725
v 0.040417153388261795 0.4308127462863922 0.15251296758651733
v 0.0016404356574639678 0.43390706181526184 0.15112237632274628
v -0.02113981731235981 0.4612216651439667 0.16255760192871094
v -0.06693459302186966 0.4597815275192261 0.15289150178432465
v -0.0029435690958052874 0.4593735635280609 0.1548701822757721
v -0.10266672819852829 0.46865198016166687 0.1589832305908203
v -0.10933983325958252 0.4989257752895355 0.15641403198242188
v -0.11645017564296722 0.4855929911136627 0.15393726527690887
v -0.08787130564451218 0.5356359481811523 0.1501826047897339
v -0.06691881269216537 0.562407374382019 0.13942131400108337
v 0.0438135489821434 0.5698399543762207 0.1444762796163559
v -0.0024635414592921734 0.6478714346885681 0.15490631759166718
v -0.004210164770483971 0.6571769118309021 0.154964879155159
v -0.013826634734869003 0.6502603888511658 0.15183903276920319
v 0.0012640435015782714 0.6402720212936401 0.1528419405221939
v 0.007614888250827789 0.6500845551490784 0.1547688990831375
v -0.16553308069705963 -0.8799930214881897 0.1467660665512085
v -0.08671741187572479 -0.883867084980011 0.14645279943943024
v -0.09864610433578491 -0.8771376609802246 0.1513477861881256
v -0.09974364191293716 -0.8806623816490173 0.13666056096553802
v -0.1045958399772644 -0.8692790865898132 0.15705625712871552
v 0.1538088470697403 -0.8811852931976318 0.14479410648345947
v 0.16865618526935577 -0.8786949515342712 0.146256685256958
v -0.0431402213871479 -0.8637597560882568 0.15066713094711304
v -0.04577704519033432 -0.8717783689498901 0.13805557787418365
v 0.03888015076518059 -0.8599938750267029 0.14880558848381042
v 0.04604234918951988 -0.8717535734176636 0.14650237560272217
v 0.13558337092399597 -0.8764570355415344 0.1443050056695938
v 0.1832171231508255 -0.8731035590171814 0.14172224700450897
v 0.20018285512924194 -0.8694210648536682 0.13293063640594482
v 0.18705064058303833 -0.8659818768501282 0.14696890115737915
v 0.17874139547348022 -0.8793890476226807 0.13093167543411255
v -0.03817310556769371 -0.859466552734375 0.13539168238639832
v -0.03950055316090584 -0.8532441258430481 0.15198101103305817
v 0.19033876061439514 -0.8582472801208496 0.14815650880336761
v 0.19148364663124084 -0.8489373326301575 0.14741729199886322
v 0.20460230112075806 -0.8532192707061768 0.1361308991909027
v -0.036507684737443924 -0.8443781137466431 0.14853747189044952
v 0.18707548081874847 -0.8379574418067932 0.14819936454296112
v -0.17814698815345764 -0.8310115337371826 0.15303577482700348
v -0.16293460130691528 -0.8251970410346985 0.15454348921775818
v -0.1433906853199005 -0.826100766658783 0.15251967310905457
v 0.13985183835029602 -0.8188011050224304 0.14159154891967773
v 0.12452910840511322 -0.8236487507820129 0.1476021260023117
v 0.1764156073331833 -0.8274598121643066 0.1503313183784485
v 0.16508851945400238 -0.819301426410675 0.14567974209785461
v 0.13533325493335724 -0.1569989025592804 0.14967551827430725
v 0.12809891998767853 -0.1864454746246338 0.14660151302814484
v -0.11378634721040726 -0.02403402142226696 0.1392793208360672
v -0.12519222497940063 -0.0788998231291771 0.14750070869922638
v 0.15036529302597046 -0.08177555352449417 0.1313057839870453
v 0.12847302854061127 -0.08456330001354218 0.14687862992286682
v 0.14323009550571442 -0.1254090964794159 0.14474667608737946
v 0.11564507335424423 -0.026114117354154587 0.13914862275123596
v 0.06625119596719742 0.05186312645673752 0.13582207262516022
v -0.43074849247932434 0.09204170852899551 0.12096130847930908
v 0.42820796370506287 0.09914762526750565 0.13016988337039948
v 0.44607746601104736 0.10514464229345322 0.14290998876094818
v -0.3898463845252991 0.14146500825881958 0.15470348298549652
v -0.38397330045700073 0.14164070785045624 0.1467907875776291
v 0.3739032745361328 0.14457057416439056 0.14381590485572815
v 0.500891387462616 0.13401655852794647 0.1337892711162567
v 0.5087748169898987 0.15717312693595886 0.14737443625926971
v -0.5158857107162476 0.16593317687511444 0.14735201001167297
v -0.51283198595047 0.15076586604118347 0.13962186872959137
v 0.3598381280899048 0.16164672374725342 0.14471739530563354
v 0.3675996959209442 0.15762165188789368 0.13379840552806854
v 0.36057278513908386 0.1814723163843155 0.14483238756656647
v 0.35778045654296875 0.17046305537223816 0.14543861150741577
v -0.5181552171707153 0.16980497539043427 0.1281956434249878
v -0.3800203800201416 0.20306932926177979 0.14624768495559692
v -0.3916763663291931 0.2151423543691635 0.15100295841693878
v -0.40371784567832947 0.22732794284820557 0.15131621062755585
v 0.5072805285453796 0.21533605456352234 0.13396966457366943
v -0.504628598690033 0.22392483055591583 0.14657893776893616
v -0.4858013391494751 0.23406875133514404 0.15197201073169708
v -0.4745735228061676 0.23461413383483887 0.11972856521606445
v -0.4707152247428894 0.24144278466701508 0.15008346736431122
v -0.4590073823928833 0.24071700870990753 0.1237424686551094
v -0.4603595435619354 0.24319390952587128 0.15653344988822937
v 0.0719146728515625 0.38261106610298157 0.13117507100105286
v 0.06648103147745132 0.3995496332645416 0.14828720688819885
v 0.048703957349061966 0.3780360519886017 0.13375554978847504
v -0.08199592679738998 0.4009333848953247 0.14434100687503815
v -0.07932309806346893 0.41185706853866577 0.15032902359962463
v 0.08378029614686966 0.4095582962036133 0.14764726161956787
v -0.09400802850723267 0.41834762692451477 0.14213021099567413
v -0.07416664808988571 0.42072755098342896 0.15160462260246277
v -0.07131126523017883 0.4296994209289551 0.14796267449855804
v 0.08793377131223679 0.4226702153682709 0.14499008655548096
v 0.06990214437246323 0.42751792073249817 0.14955152571201324
v 0.06788961589336395 0.4333796799182892 0.14495636522769928
v -0.11405232548713684 0.4685438573360443 0.14694176614284515
v -0.10103952139616013 0.4623304307460785 0.14965751767158508
v -0.09732772409915924 0.45868176221847534 0.13834398984909058
v -0.0018009598134085536 0.4593421220779419 0.14432300627231598
v 0.05610284581780434 0.45938941836357117 0.1501217633485794
v 0.11073209345340729 0.4611269533634186 0.13172487914562225
v 0.10059502720832825 0.4637097418308258 0.14762242138385773
v 0.09022355824708939 0.460162490606308 0.1459457129240036
v 0.11324943602085114 0.47019127011299133 0.1459457129240036
v 0.11695223301649094 0.4842812716960907 0.15216585993766785
v 0.115176260471344 0.49312931299209595 0.1519337296485901
v 0.12630051374435425 0.49004173278808594 0.1381591558456421
v 0.12214918434619904 0.4787169098854065 0.14334267377853394
v 0.005174115765839815 0.6331683993339539 0.14792439341545105
v 0.010526620782911777 0.6266801357269287 0.14066748321056366
v 0.02090480737388134 0.6366976499557495 0.14224734902381897
v 0.0038242354057729244 0.6190919876098633 0.13469074666500092
v 0.015306747518479824 0.6210909485816956 0.13133734464645386
v -0.010272536426782608 0.6344395279884338 0.1478026807308197
v -0.020745426416397095 0.642591118812561 0.14547233283519745
v -0.023880280554294586 0.6540848612785339 0.14431172609329224
v -0.021860968321561813 0.6661510467529297 0.1408974677324295
v -0.031921397894620895 0.6565774083137512 0.13110065460205078
v 0.004640020430088043 0.6600750684738159 0.15452763438224792
v 0.012482866644859314 0.6581189632415771 0.15230098366737366
v 0.015139909461140633 0.6679922938346863 0.14745557308197021
v 0.021177496761083603 0.6578169465065002 0.14627240598201752
v 0.028558382764458656 0.662948489189148 0.1358717828989029
v 0.02760276012122631 0.6496450304985046 0.14000725746154785
v -0.0028985014650970697 0.6678616404533386 0.15073470771312714
v 0.01744997873902321 0.6756840348243713 0.14032495021820068
v 0.00960941705852747 0.67718505859375 0.1433606743812561
v 0.0005361102521419525 0.6783029437065125 0.14223605394363403
v -0.010033697821199894 0.6743477582931519 0.14200393855571747
v -0.07959350198507309 -0.8868329524993896 0.1372172236442566
v 0.06417553126811981 -0.88392573595047 0.13927032053470612
v 0.07366123050451279 -0.885604739189148 0.13364285230636597
v -0.17328350245952606 -0.8801417946815491 0.14033623039722443
v -0.18893305957317352 -0.8729863166809082 0.13881279528141022
v -0.1824469417333603 -0.8785077929496765 0.12936080992221832
v -0.15726213157176971 -0.8839234709739685 0.134927436709404
v 0.05301755666732788 -0.8789833784103394 0.13819971680641174
v 0.04452119767665863 -0.8721569776535034 0.12948022782802582
v 0.06047044321894646 -0.8826884627342224 0.12341108173131943
v 0.13867537677288055 -0.8802139163017273 0.13598892092704773
v -0.20402374863624573 -0.8675301671028137 0.13315147161483765
v 0.03436613082885742 -0.8512045741081238 0.1356666535139084
v -0.1921490579843521 -0.8413266539573669 0.14572258293628693
v -0.2065320760011673 -0.8511166572570801 0.13632474839687347
v -0.1885882467031479 -0.8322082161903381 0.13955429196357727
v -0.03629806265234947 -0.8357668519020081 0.14494052529335022
v -0.0339227095246315 -0.8404071927070618 0.13239210844039917
v -0.03928421437740326 -0.8257130980491638 0.13803529739379883
v 0.1889820247888565 -0.8315095901489258 0.13842283189296722
v 0.20303145051002502 -0.8351628184318542 0.1257617175579071
v 0.1846482753753662 -0.8245052099227905 0.12824977934360504
v -0.10015831887722015 -0.809382975101471 0.14307454228401184
v -0.11860468983650208 -0.8108095526695251 0.1314544826745987
v 0.043921682983636856 -0.820193886756897 0.1471288949251175
v 0.03918897733092308 -0.8240905404090881 0.13523612916469574
v 0.05066920444369316 -0.8119386434555054 0.14281529188156128
v 0.10896512120962143 -0.8182782530784607 0.14924727380275726
v 0.15322518348693848 -0.8133878111839294 0.1336924135684967
v 0.13344457745552063 -0.809396505355835 0.12545974552631378
v -0.08903191983699799 -0.8040958046913147 0.13836655020713806
v -0.06370282173156738 -0.8007649183273315 0.12700803577899933
v -0.0752394050359726 -0.8007649183273315 0.13350313901901245
v -0.04534437134861946 -0.8148549795150757 0.12807850539684296
v -0.05391736701130867 -0.8059844374656677 0.12367033958435059
v 0.09836837649345398 -0.810293436050415 0.1431736797094345
v 0.08239655941724777 -0.8031042218208313 0.13683855533599854
v 0.0685611292719841 -0.8021824955940247 0.13347600400447845
v -0.05902189761400223 -0.2843768894672394 0.12453125417232513
v -0.03207695111632347 -0.2862091362476349 0.1281145066022873
v 0.15319132804870605 -0.20628464221954346 0.12220761924982071
v 0.12794794142246246 -0.22076231241226196 0.13300733268260956
v 0.16025210916996002 -0.14558403193950653 0.13314247131347656
v -0.152304008603096 -0.0982251837849617 0.1330568939447403
v -0.10147898644208908 0.024059543386101723 0.13031187653541565
v -0.08438034355640411 0.04990701749920845 0.12945324182510376
v 0.4493677318096161 0.09183215349912643 0.1206706166267395
v -0.48211660981178284 0.10292484611272812 0.11877979338169098
v -0.49019378423690796 0.12165068835020065 0.14435000717639923
v 0.46104180812835693 0.09144233167171478 0.11199627071619034
v 0.47650209069252014 0.1005382090806961 0.11188356578350067
v -0.5007071495056152 0.1291080117225647 0.13758449256420135
v 0.3820570707321167 0.1149301677942276 0.11262278258800507
v 0.38124358654022217 0.13346445560455322 0.13227039575576782
v -0.381025493144989 0.14558476209640503 0.13706167042255402
v 0.3770809769630432 0.1438290774822235 0.13020601868629456
v -0.35954341292381287 0.16271261870861053 0.1513139307498932
v -0.36120888590812683 0.17299853265285492 0.14604713022708893
v -0.37030699849128723 0.16108320653438568 0.13441134989261627
v -0.37029120326042175 0.19078446924686432 0.14213693141937256
v -0.3856680691242218 0.20316174626350403 0.1240488812327385
v 0.3742075264453888 0.19478480517864227 0.12878158688545227
v -0.5069363713264465 0.21461041271686554 0.12143683433532715
v -0.410544216632843 0.22998283803462982 0.13268278539180756
v 0.3906661570072174 0.21426330506801605 0.12319695949554443
v 0.3822824954986572 0.20361927151679993 0.11812856048345566
v 0.39973944425582886 0.21886543929576874 0.10761953890323639
v 0.4265289902687073 0.2382335215806961 0.1244117021560669
v 0.44149118661880493 0.2431713491678238 0.13687241077423096
v 0.450332373380661 0.23939412832260132 0.11562465131282806
v 0.4561671018600464 0.24354088306427002 0.1416749656200409
v 0.08079642802476883 0.3680274188518524 0.11102493107318878
v 0.09107319265604019 0.38769087195396423 0.1252659112215042
v 0.09637384861707687 0.41609397530555725 0.14145627617835999
v 0.09685609489679337 0.40572479367256165 0.13632017374038696
v 0.10242272168397903 0.42365726828575134 0.1356598138809204
v -0.06958942115306854 0.4364446699619293 0.14072833955287933
v -0.09248002618551254 0.43291541934013367 0.13588520884513855
v -0.034544724971055984 0.4368457794189453 0.14461369812488556
v -0.06347069889307022 0.43955251574516296 0.13385911285877228
v 0.010215647518634796 0.4372830092906952 0.1442711502313614
v 0.0543697215616703 0.4375467002391815 0.14038364589214325
v 0.01825004816055298 0.4388110339641571 0.1332056075334549
v 0.08461407572031021 0.43692919611930847 0.13403266668319702
v -0.05874020978808403 0.4608182907104492 0.13213956356048584
v -0.018521057441830635 0.4640635550022125 0.1315784603357315
v 0.0886257067322731 0.45896115899086 0.1360452026128769
v -0.12280330806970596 0.4774707555770874 0.14275000989437103
v -0.12624919414520264 0.46857085824012756 0.12737756967544556
v 0.129047691822052 0.4748947024345398 0.1292346864938736
v -0.12628977000713348 0.4930076003074646 0.13580407202243805
v -0.12354252487421036 0.5194747447967529 0.12502922117710114
v -0.1321718692779541 0.5076812505722046 0.11125476658344269
v 0.1236749067902565 0.5012695789337158 0.13590550422668457
v 0.11606874316930771 0.5104104280471802 0.13900206983089447
v 0.13007760047912598 0.5043525695800781 0.12143240123987198
v -0.11449849605560303 0.5229341387748718 0.13643516600131989
v -0.10325267910957336 0.5242412686347961 0.14637382328510284
v -0.09765448421239853 0.5514724850654602 0.13119979202747345
v -0.021306589245796204 0.6343605518341064 0.14000040292739868
v -0.02076570875942707 0.6257899403572083 0.13131478428840637
v -0.029609110206365585 0.6358683109283447 0.12778553366661072
v 0.032389603555202484 0.6425865292549133 0.12960422039031982
v -0.01845342293381691 0.6771039366722107 0.13213056325912476
v 0.006790103390812874 0.6836305856704712 0.1350378692150116
v -0.09138026833534241 -0.8842975497245789 0.12313839048147202
v -0.10788846760988235 -0.8791636824607849 0.11967456340789795
v 0.11832696199417114 -0.8786115050315857 0.1293541043996811
v 0.09866134822368622 -0.8811085820198059 0.12645365297794342
v 0.17200730741024017 -0.8821114897727966 0.11441218852996826
v 0.1890721619129181 -0.8790713548660278 0.1138848140835762
v -0.21975892782211304 -0.8661149144172668 0.12673304975032806
v -0.22138828039169312 -0.858790397644043 0.1284390389919281
v -0.23448671400547028 -0.8660405278205872 0.1182614117860794
v -0.21666686236858368 -0.8724026679992676 0.12365005165338516
v -0.1926088035106659 -0.8774463534355164 0.11582749336957932
v -0.1749579906463623 -0.881203293800354 0.11442575603723526
v 0.2137860208749771 -0.8743904232978821 0.12274628132581711
v 0.2171349972486496 -0.867460310459137 0.126944899559021
v 0.23016579449176788 -0.8634217977523804 0.12319695949554443
v 0.21786293387413025 -0.8581233620643616 0.12950736284255981
v -0.2196575105190277 -0.8423340320587158 0.123203806579113
v -0.23510423302650452 -0.8487277030944824 0.11810142546892166
v -0.22169704735279083 -0.8510534763336182 0.1279860883951187
v 0.21846917271614075 -0.8490094542503357 0.12824520468711853
v -0.20134635269641876 -0.8336145281791687 0.123203806579113
v -0.21442443132400513 -0.8327964544296265 0.11070482432842255
v 0.23098158836364746 -0.8474498987197876 0.12131526321172714
v 0.2189154177904129 -0.8414663672447205 0.12312495708465576
v -0.18289318680763245 -0.8229276537895203 0.12614938616752625
v -0.16270019114017487 -0.8152899146080017 0.12831519544124603
v -0.1799972504377365 -0.8115848302841187 0.10394830256700516
v -0.15006157755851746 -0.8199369311332703 0.14382947981357574
v -0.13993358612060547 -0.8128852248191833 0.12798836827278137
v -0.04090457037091255 -0.8214784860610962 0.11689352989196777
v 0.05120786651968956 -0.808179497718811 0.12334351241588593
v 0.048278000205755234 -0.80687016248703 0.10147824883460999
v 0.04339887201786041 -0.816529393196106 0.11841468513011932
v 0.036754921078681946 -0.8287060260772705 0.11668169498443604
v 0.16663451492786407 -0.8146362900733948 0.12901155650615692
v 0.18122488260269165 -0.8180460929870605 0.11276020109653473
v 0.10608723759651184 -0.8049703240394592 0.12657079100608826
v -0.0933387354016304 -0.7947588562965393 0.1150679886341095
v -0.002400473691523075 -0.2826167643070221 0.13349857926368713
v -0.02677401341497898 -0.30829524993896484 0.10858872532844543
v 0.029933113604784012 -0.2844400107860565 0.1304854303598404
v 0.05053621903061867 -0.3097758889198303 0.10585726052522659
v 0.0679548978805542 -0.2920236587524414 0.1170760840177536
v -0.0836636945605278 -0.2699759304523468 0.12716345489025116
v -0.09010917693376541 -0.29897403717041016 0.10452981293201447
v 0.08138909190893173 -0.27201545238494873 0.12749026715755463
v 0.10552157461643219 -0.3044910132884979 0.09906917810440063
v -0.10095617175102234 -0.24280549585819244 0.13695797324180603
v 0.08842286467552185 -0.2510562241077423 0.13822229206562042
v -0.12451164424419403 -0.23125991225242615 0.13033443689346313
v -0.14843665063381195 -0.25652366876602173 0.10427512973546982
v -0.14423583447933197 -0.2111819088459015 0.12603896856307983
v 0.10808391124010086 -0.23774152994155884 0.13608361780643463
v 0.1338299661874771 -0.26540321111679077 0.10891541838645935
v -0.16556693613529205 -0.19020463526248932 0.11660955846309662
v -0.1253432184457779 0.015655601397156715 0.11832911521196365
v 0.059424687176942825 0.11071798950433731 0.12175022810697556
v 0.0767623633146286 0.06577284634113312 0.12724243104457855
v 0.10036733746528625 0.04069843888282776 0.12534475326538086
v 0.0877242162823677 0.09900791943073273 0.1146375983953476
v -0.046392276883125305 0.11509686708450317 0.12188764661550522
v -0.06186606362462044 0.07524282485246658 0.12876586616039276
v -0.04013606905937195 0.07100364565849304 0.13575008511543274
v -0.012693025171756744 0.07466588169336319 0.13761377334594727
v 0.007468468975275755 0.123924620449543 0.12170052528381348
v 0.37228283286094666 0.12037952244281769 0.10031535476446152
v 0.3732587397098541 0.09877579659223557 0.08291023969650269
v 0.49862876534461975 0.1176503449678421 0.09504411369562149
v 0.48940661549568176 0.10960023105144501 0.10719142854213715
v -0.5083764791488647 0.13550855219364166 0.12772239744663239
v -0.5022081136703491 0.11823400855064392 0.10922867059707642
v -0.5116758942604065 0.13728439807891846 0.10773452371358871
v -0.3765316903591156 0.1547752171754837 0.12764354050159454
v -0.3750329911708832 0.16722449660301208 0.12187864631414413
v -0.3798040449619293 0.14276531338691711 0.1241592988371849
v 0.37095096707344055 0.1643330454826355 0.12137826532125473
v 0.37298834323883057 0.15397514402866364 0.12424271553754807
v 0.5116639733314514 0.15939077734947205 0.12520277500152588
v 0.3678476810455322 0.1711098551750183 0.12722429633140564
v -0.365040123462677 0.18200641870498657 0.14164339005947113
v -0.3736266791820526 0.17894141376018524 0.12549574673175812
v -0.007590708788484335 0.36770743131637573 0.12896870076656342
v -0.032254938036203384 0.3686787784099579 0.12842561304569244
v -0.024029050022363663 0.3440054655075073 0.10479579120874405
v 0.020891375839710236 0.37138766050338745 0.13105565309524536
v -0.055582787841558456 0.37331461906433105 0.12864188849925995
v -0.07678768783807755 0.382169246673584 0.1302803009748459
v -0.06589790433645248 0.3589496612548828 0.10962306708097458
v 0.031905077397823334 0.3518483340740204 0.11102936416864395
v -0.1099618449807167 0.41512706875801086 0.12538760900497437
v -0.1235155239701271 0.4153863191604614 0.10224003344774246
v -0.11576280742883682 0.40231040120124817 0.10943379253149033
v -0.10412709414958954 0.42536553740501404 0.13204728066921234
v -0.10864346474409103 0.4336297810077667 0.12205434590578079
v 0.11444389075040817 0.4270761013031006 0.12183122336864471
v 0.10722527652978897 0.43095701932907104 0.12742042541503906
v -0.05931265652179718 0.4395885169506073 0.12508106231689453
v -0.029861584305763245 0.4379005432128906 0.12191236019134521
v -0.06407693028450012 0.43749257922172546 0.10921066999435425
v -0.08415950834751129 0.4418354630470276 0.12105601280927658
v 0.09609444439411163 0.4406365752220154 0.12017937004566193
v 0.10199232399463654 0.4367353618144989 0.12470696121454239
v 0.11254850029945374 0.4382476508617401 0.11485158652067184
v -0.09179716557264328 0.4591527283191681 0.12057376652956009
v -0.08665428310632706 0.46492448449134827 0.11401551216840744
v 0.09760202467441559 0.4592541456222534 0.11933645606040955
v 0.10981932282447815 0.45938941836357117 0.12113270908594131
v 0.13722407817840576 0.4862622320652008 0.11125476658344269
v 0.13499057292938232 0.47304901480674744 0.11327629536390305
v -0.11658766120672226 0.5458472967147827 0.11440090835094452
v 0.08631335198879242 0.5595158934593201 0.12807393074035645
v 0.10598353296518326 0.5291926860809326 0.13793160021305084
v 0.11903461813926697 0.5322102904319763 0.1185566708445549
v 0.07282059639692307 0.5848608613014221 0.10221303254365921
v 0.05723417177796364 0.58748859167099 0.1124153807759285
v -0.04597538337111473 0.5902336239814758 0.11595375835895538
v -0.06403636187314987 0.5840923190116882 0.11299232393503189
v -0.033814508467912674 0.592690110206604 0.11803828924894333
v -0.034578509628772736 0.6106180548667908 0.09708807617425919
v -0.022870657965540886 0.58255535364151 0.13287433981895447
v -0.020553871989250183 0.5977270603179932 0.11429049074649811
v 0.0008516510133631527 0.5815253257751465 0.1349612921476364
v 0.04263937100768089 0.5864700078964233 0.1221919059753418
v 0.02426278404891491 0.5841419100761414 0.129784494638443
v 0.03409787639975548 0.6039223670959473 0.10084958374500275
v 0.00841038953512907 0.5956018567085266 0.11707380414009094
v 0.02392924390733242 0.6743319034576416 0.13305918872356415
v 0.0302260871976614 0.670421838760376 0.12224603444337845
v -0.02729460783302784 0.6743385791778564 0.12028979510068893
v -0.016815003007650375 0.6824541091918945 0.11828169971704483
v 0.015728140249848366 0.6817104816436768 0.13232439756393433
v 0.009604849852621555 0.685911238193512 0.12211520224809647
v -0.14727376401424408 -0.883432149887085 0.11820969730615616
v -0.1404203176498413 -0.881753146648407 0.12687046825885773
v -0.12397976219654083 -0.8778903484344482 0.12249159067869186
v -0.11331082135438919 -0.8808268904685974 0.09944543242454529
v -0.08042285591363907 -0.8853567838668823 0.11770931631326675
v -0.052109889686107635 -0.8716837167739868 0.07954554259777069
v -0.0494820661842823 -0.8724139332771301 0.11417550593614578
v -0.058778561651706696 -0.8794295787811279 0.11433105915784836
v -0.04191875830292702 -0.8655650019645691 0.11957085877656937
v 0.06997642666101456 -0.884315550327301 0.11393438279628754
v 0.08206073939800262 -0.8838738799095154 0.11929145455360413
v 0.10858429223299026 -0.8829250931739807 0.09624072909355164
v 0.14619140326976776 -0.8832000494003296 0.09556920826435089
v 0.15374571084976196 -0.8834163546562195 0.11157474666833878
v 0.138080433011055 -0.881629228591919 0.12151125073432922
v 0.20771458745002747 -0.8786881566047668 0.11542638391256332
v 0.22463074326515198 -0.8790464997291565 0.11174386739730835
v -0.21086139976978302 -0.8771150708198547 0.11718422174453735
v -0.22771213948726654 -0.8770655393600464 0.1129968911409378
v -0.20716309547424316 -0.8797653913497925 0.10458381474018097
v 0.23915353417396545 -0.8662163019180298 0.11418235301971436
v 0.2370283007621765 -0.8565592765808105 0.11892849206924438
v 0.23975977301597595 -0.8492663502693176 0.11213597655296326
v 0.2162853628396988 -0.8346107006072998 0.11349498480558395
v -0.13081292808055878 -0.8021013736724854 0.11392081528902054
v -0.05789957195520401 -0.7979432940483093 0.10246086865663528
v 0.05866975337266922 -0.8046705722808838 0.13000990450382233
v 0.06927106529474258 -0.7950068116188049 0.11202098429203033
v 0.03677305579185486 -0.3242129981517792 0.09287375211715698
v 0.06693398952484131 -0.33268678188323975 0.08470193296670914
v 0.17732609808444977 -0.11982447654008865 0.11558865010738373
v 0.17746351659297943 -0.15550468862056732 0.11545795202255249
v 0.16953952610492706 -0.07523758709430695 0.11331243067979813
v 0.15086553990840912 -0.025311900302767754 0.11376310884952545
v 0.18761186301708221 -0.08656682819128036 0.09686052799224854
v -0.1533541977405548 -0.021726233884692192 0.10964563488960266
v -0.18144860863685608 -0.07029975950717926 0.09779801219701767
v -0.16522210836410522 -0.08128874748945236 0.11811942607164383
v -0.17738749086856842 -0.13118749856948853 0.11623317003250122
v -0.14066822826862335 0.03892260044813156 0.09735405445098877
v 0.12488508224487305 0.017800983041524887 0.11822997778654099
v -0.08282527327537537 0.09084953367710114 0.11487872153520584
v -0.08663849532604218 0.11546426266431808 0.10940894484519958
v -0.10448770225048065 0.0998891219496727 0.10064446181058884
v -0.38919731974601746 0.08364905416965485 0.0768410861492157
v -0.3779425024986267 0.10052907466888428 0.08500390499830246
v -0.0655936524271965 0.14364652335643768 0.11731036007404327
v -0.05165236443281174 0.15090113878250122 0.11826369911432266
v -0.37592318654060364 0.12096547335386276 0.1014399603009224
v -0.37292125821113586 0.138269305229187 0.10222646594047546
v -0.08422935754060745 0.1654532253742218 0.11626245081424713
v -0.08360955864191055 0.14144015312194824 0.1136549711227417
v -0.010029197670519352 0.16291330754756927 0.11392994970083237
v 0.023217162117362022 0.1633639931678772 0.1137361079454422
v 0.07038895785808563 0.14444215595722198 0.11758533120155334
v 0.06155220419168472 0.15323592722415924 0.11841025203466415
v 0.08698499947786331 0.13792447745800018 0.11358055472373962
v 0.10771665722131729 0.13274995982646942 0.10544701665639877
v 0.5057525634765625 0.13361087441444397 0.08931750059127808
v 0.510543942451477 0.15567441284656525 0.09498769789934158
v -0.04178355634212494 0.1682792454957962 0.11694081872701645
v -0.06951729208230972 0.17395630478858948 0.11800228804349899
v -0.029072798788547516 0.19563443958759308 0.11144188791513443
v 0.05406774953007698 0.17230887711048126 0.11616774648427963
v 0.03923182561993599 0.20100495219230652 0.11001074314117432
v 0.07703720778226852 0.18321888148784637 0.11716394126415253
v 0.09265747666358948 0.16336169838905334 0.11564721912145615
v 0.37105467915534973 0.17301423847675323 0.10976061969995499
v -0.37596595287323 0.17286325991153717 0.11127733439207077
v -0.08605033159255981 0.18596847355365753 0.11512441188097
v 0.095086969435215 0.18229039013385773 0.11537452787160873
v 0.09596817195415497 0.19950179755687714 0.11237265914678574
v 0.11208197474479675 0.1768590360879898 0.11028571426868439
v 0.5129215717315674 0.1744295358657837 0.10474608838558197
v 0.5127727389335632 0.1879674345254898 0.11085137724876404
v -0.09797230362892151 0.19732700288295746 0.11019100993871689
v -0.07862894982099533 0.21177752315998077 0.11061254143714905
v 0.37729281187057495 0.1922854632139206 0.09824653714895248
v -0.09369027614593506 0.38990625739097595 0.1262349635362625
v 0.10580769926309586 0.394447386264801 0.11827954649925232
v 0.11894219368696213 0.40290090441703796 0.10544030368328094
v 0.13119764626026154 0.41438570618629456 0.08749424666166306
v 0.12410086393356323 0.4241260886192322 0.10538173466920853
v 0.12620124220848083 0.4356851577758789 0.10260285437107086
v 0.014001867733895779 0.4374024569988251 0.10397758334875107
v 0.014741084538400173 0.43770670890808105 0.11761461198329926
v 0.05894244462251663 0.4369111955165863 0.10843317210674286
v 0.10521731525659561 0.44391340017318726 0.10674518346786499
v 0.09368967264890671 0.4409385323524475 0.10940451174974442
v -0.11686035245656967 0.45814308524131775 0.11598975956439972
v -0.1290460079908371 0.4607776999473572 0.10797792673110962
v -0.13073399662971497 0.4570613503456116 0.09419219940900803
v -0.1016390398144722 0.4578411281108856 0.12144368886947632
v -0.1102503165602684 0.4579402506351471 0.10473036766052246
v 0.12377189099788666 0.46180304884910583 0.11510184407234192
v 0.12977105379104614 0.4605838656425476 0.1021837443113327
v 0.13170473277568817 0.46617522835731506 0.11042769998311996
v -0.1370646357536316 0.46982845664024353 0.10088558495044708
v -0.051999472081661224 0.47337356209754944 0.11558637022972107
v -0.07942451536655426 0.47470542788505554 0.10600824654102325
v -0.07249893993139267 0.4824152886867523 0.09931258112192154
v -0.0012555806897580624 0.4713744521141052 0.12141212075948715
v -0.0014944863505661488 0.47952383756637573 0.10856159031391144
v 0.045393265783786774 0.4746423065662384 0.11555708199739456
v 0.07270117104053497 0.4737430810928345 0.11271735280752182
v 0.06751322001218796 0.48276224732398987 0.09784542769193649
v 0.13837797939777374 0.4679984748363495 0.09954684972763062
v 0.1285090297460556 0.5252396464347839 0.10637335479259491
v 0.13489829003810883 0.5064980983734131 0.10686688870191574
v 0.12407158315181732 0.5429220199584961 0.0994071513414383
v -0.0878915935754776 0.5717736482620239 0.11350170522928238
v -0.10576101392507553 0.5609943270683289 0.1118902862071991
v -0.0708041712641716 0.5905625820159912 0.09355883300304413
v -0.010349171236157417 0.6017295718193054 0.11215396970510483
v -0.015861663967370987 0.6080511212348938 0.11075223982334137
v -0.0003090257232543081 0.6009002327919006 0.11340700089931488
v 0.012126757763326168 0.6045151948928833 0.10833632200956345
v -0.004814178682863712 0.6067259907722473 0.11568322032690048
v -0.025840958580374718 0.6219585537910461 0.11400879919528961
v -0.01736266538500786 0.6164460778236389 0.12065033614635468
v -0.010080981999635696 0.6131625175476074 0.12120027840137482
v 0.0063911438919603825 0.6127252578735352 0.12245330959558487
v -0.0019812975078821182 0.6138003468513489 0.126153826713562
v 0.01542159914970398 0.6149090528488159 0.11930488795042038
v 0.024999717250466347 0.6223169565200806 0.11822084337472916
v -0.0365549698472023 0.6458160877227783 0.11674926429986954
v -0.03373115509748459 0.6334343552589417 0.1105448380112648
v -0.03343139961361885 0.6251047253608704 0.0964345633983612
v 0.038357339799404144 0.6481013298034668 0.11210440844297409
v 0.03340151160955429 0.634768545627594 0.11594019085168839
v -0.03709134832024574 0.6559485793113708 0.11138319224119186
v -0.03498418256640434 0.664580225944519 0.10858644545078278
v -0.04439103230834007 0.6546302437782288 0.09406149387359619
v -0.03236313909292221 0.6705794930458069 0.10338720679283142
v -0.2398662269115448 -0.8727587461471558 0.10636207461357117
v -0.23676066100597382 -0.8780525922775269 0.09915474057197571
v -0.15809597074985504 -0.8833082318305969 0.11018657684326172
v -0.17141295969486237 -0.8828980326652527 0.09370766580104828
v -0.14971452951431274 -0.8833758234977722 0.09587562084197998
v -0.08020880073308945 -0.8828078508377075 0.09242978692054749
v -0.0692153126001358 -0.8837341666221619 0.1156877875328064
v 0.060103051364421844 -0.8791884779930115 0.10616367310285568
v 0.17027203738689423 -0.8835606575012207 0.09004758298397064
v 0.20486599206924438 -0.8805767893791199 0.10252400487661362
v 0.049019500613212585 -0.8719225525856018 0.10763538628816605
v 0.041336774826049805 -0.8643096685409546 0.11163787543773651
v 0.05583687126636505 -0.8742371201515198 0.08045146614313126
v 0.24555395543575287 -0.8660202622413635 0.10306494683027267
v 0.24109165370464325 -0.8727610111236572 0.10339391976594925
v -0.24486491084098816 -0.8645372986793518 0.10442611575126648
v -0.24546435475349426 -0.8544926047325134 0.10408800840377808
v -0.25373315811157227 -0.8611229658126831 0.0882311761379242
v -0.038094256073236465 -0.8548622727394104 0.11281877011060715
v 0.03826720640063286 -0.8574450016021729 0.08380044251680374
v 0.03696461021900177 -0.8546526432037354 0.11441890895366669
v 0.2520850598812103 -0.8659233450889587 0.09055253118276596
v 0.2486032396554947 -0.8589279055595398 0.09890690445899963
v -0.240359827876091 -0.8437426090240479 0.10209360718727112
v -0.035547561943531036 -0.8444164395332336 0.11397266387939453
v -0.03655946999788284 -0.8492640852928162 0.08689472824335098
v 0.034875378012657166 -0.8419734835624695 0.11546909809112549
v -0.036647386848926544 -0.8331773281097412 0.11420263350009918
v 0.03444726765155792 -0.8346444964408875 0.09105505794286728
v -0.22594301402568817 -0.8327559232711792 0.09828253835439682
v -0.21093803644180298 -0.8205454349517822 0.08892311155796051
v -0.038761336356401443 -0.8222131729125977 0.09352054446935654
v -0.11597242951393127 -0.7916938066482544 0.10471908748149872
v -0.13893288373947144 -0.7903935313224792 0.09652241319417953
v 0.11636172235012054 -0.7948399782180786 0.10706744343042374
v -0.11057035624980927 -0.3167104721069336 0.08842945098876953
v -0.08047470450401306 -0.32590997219085693 0.08668289333581924
v 0.1342446506023407 -0.3142629861831665 0.08470193296670914
v 0.12495049834251404 -0.3449355661869049 0.0715111494064331
v 0.178220734000206 -0.2240864336490631 0.09573591500520706
v 0.17605949938297272 -0.189377561211586 0.10846017301082611
v -0.18364819884300232 -0.22255843877792358 0.0906832367181778
v -0.18400201201438904 -0.1744423657655716 0.10481379181146622
v 0.13928617537021637 0.03756358474493027 0.09931472688913345
v 0.1495290994644165 0.05482899397611618 0.083439901471138
v 0.1315898895263672 0.09204399585723877 0.08942563831806183
v 0.3913557827472687 0.07987868040800095 0.07884461432695389
v 0.4095722734928131 0.09000889956951141 0.10671590268611908
v 0.4128153920173645 0.07074452936649323 0.07596216350793839
v 0.4755420386791229 0.0857788547873497 0.0740262046456337
v -0.10400988906621933 0.13977916538715363 0.10575356334447861
v 0.3618257939815521 0.15019120275974274 0.08504904061555862
v 0.3556349575519562 0.13235557079315186 0.07167113572359085
v 0.36483895778656006 0.13460250198841095 0.09287375211715698
v 0.3733668923377991 0.14166784286499023 0.1154736652970314
v -0.5176052451133728 0.1722908765077591 0.10930309444665909
v -0.51436448097229 0.15048417448997498 0.08941663801670074
v -0.12235934287309647 0.16801555454730988 0.09917959570884705
v -0.11508222669363022 0.19180993735790253 0.10371174663305283
v -0.13034868240356445 0.19202406704425812 0.09299317002296448
v 0.12545987963676453 0.19104599952697754 0.1020079106092453
v 0.12874343991279602 0.17640607059001923 0.1006467416882515
v -0.5034093856811523 0.19238688051700592 0.07820910215377808
v -0.490344762802124 0.20417137444019318 0.07064122706651688
v -0.10275007784366608 0.2181532233953476 0.10200347751379013
v 0.11564050614833832 0.20541539788246155 0.10397087037563324
v 0.09838408976793289 0.22163961827754974 0.10363276302814484
v 0.49467355012893677 0.20735135674476624 0.09366710484027863
v 0.5069785714149475 0.19869716465473175 0.10681946575641632
v -0.010191468521952629 0.22803102433681488 0.1024901494383812
v -0.03803111985325813 0.22937647998332977 0.10502105951309204
v 0.022042984142899513 0.23154012858867645 0.10136111080646515
v 0.05298599228262901 0.23796753585338593 0.10148952901363373
v 0.4119003415107727 0.22537170350551605 0.09909389168024063
v 0.3954619765281677 0.20884093642234802 0.07189425081014633
v -0.05698458477854729 0.23627284169197083 0.10377474874258041
v -0.07052697986364365 0.24525600671768188 0.09905561059713364
v -0.039565905928611755 0.2654985785484314 0.09553308039903641
v 0.019223535433411598 0.32777896523475647 0.09736533463001251
v 0.046644147485494614 0.3450872302055359 0.10007194429636002
v 0.10967733711004257 0.3804384171962738 0.09897218644618988
v -0.10878995060920715 0.39206746220588684 0.1108265295624733
v -0.1189562976360321 0.388247549533844 0.08863914012908936
v -0.09804215282201767 0.37530001997947693 0.10430897772312164
v -0.12893788516521454 0.4354689121246338 0.09575848281383514
v -0.1344570815563202 0.4263031780719757 0.08157379180192947
v 0.12504291534423828 0.4416844844818115 0.10033348947763443
v 0.13280905783176422 0.4458718001842499 0.0912376120686531
v -0.11050500720739365 0.44195717573165894 0.11102264374494553
v -0.11987806856632233 0.43863746523857117 0.10639364272356033
v 0.022065551951527596 0.441057950258255 0.09634671360254288
v -0.01919485628604889 0.44091367721557617 0.0966486856341362
v 0.09697107970714569 0.4396967887878418 0.09111133962869644
v 0.0855155661702156 0.43696749210357666 0.10071887820959091
v 0.0753740668296814 0.43555447459220886 0.09169729053974152
v 0.11899176239967346 0.442899227142334 0.10470108687877655
v 0.11427262425422668 0.4450041651725769 0.1034097746014595
v 0.12393631041049957 0.4489976465702057 0.09624972939491272
v -0.10202442854642868 0.44437092542648315 0.1106259748339653
v -0.11092189699411392 0.44736823439598083 0.1005677580833435
v -0.09329137951135635 0.4426242411136627 0.10538388788700104
v 0.08756650984287262 0.4663713276386261 0.11021586507558823
v 0.08924093097448349 0.4610458314418793 0.11744334548711777
v 0.07815738022327423 0.4656095504760742 0.12085773795843124
v 0.10750481486320496 0.4600834846496582 0.10318880528211594
v -0.09479910135269165 0.4699208736419678 0.09830967336893082
v 0.08303435891866684 0.4727763235569 0.10678346455097198
v 0.09453258663415909 0.47179585695266724 0.09498769789934158
v -0.03905659541487694 0.48290425539016724 0.10047090798616409
v -0.0649942010641098 0.4851647615432739 0.09509368240833282
v -0.053703244775533676 0.4840514361858368 0.0928264632821083
v -0.0049493820406496525 0.481218546628952 0.10048890858888626
v -0.11372999846935272 0.5584521293640137 0.09552179276943207
v 0.08753494918346405 0.5793347954750061 0.09266863018274307
v 0.06108567491173744 0.6005104184150696 0.0844629555940628
v 0.013972584158182144 0.6093425750732422 0.11002874374389648
v 0.022234538570046425 0.6086393594741821 0.1017937883734703
v 0.03153768554329872 0.6252489686012268 0.10268399119377136
v 0.041147369891405106 0.6498569846153259 0.09670953452587128
v 0.039252109825611115 0.6584186553955078 0.10399571806192398
v 0.04383383318781853 0.6664620637893677 0.09206467866897583
v 0.035245053470134735 0.6667550206184387 0.10622452199459076
v -0.027281107380986214 0.6755601763725281 0.09589590132236481
v -0.017662355676293373 0.6822062730789185 0.09998409450054169
v -0.020328465849161148 0.681769073009491 0.08513917028903961
v 0.027215085923671722 0.6765202283859253 0.10422999411821365
v -0.006993478629738092 0.6866370439529419 0.10317537188529968
v 0.0156830046325922 0.6839731335639954 0.10350662469863892
v 0.0036912488285452127 0.6872522830963135 0.10444868355989456
v 0.02167115919291973 0.681911051273346 0.08689244836568832
v -0.22728845477104187 -0.8808584809303284 0.09463158994913101
v -0.24396120011806488 -0.8791006207466125 0.0842331200838089
v 0.22467359900474548 -0.8809666037559509 0.09780257940292358
v 0.2362688034772873 -0.8779264688491821 0.09985338896512985
v 0.24481473863124847 -0.8772637844085693 0.08675502985715866
v 0.2520017921924591 -0.8525139093399048 0.08850614726543427
v 0.24573422968387604 -0.851698100566864 0.10092615336179733
v 0.23912197351455688 -0.8423272967338562 0.10025006532669067
v 0.23619666695594788 -0.8345971703529358 0.08259241282939911
v 0.22666355967521667 -0.8333914279937744 0.09865664690732956
v -0.23757871985435486 -0.8353363871574402 0.0822003036737442
v 0.19039517641067505 -0.8119071125984192 0.0904691144824028
v 0.2060401737689972 -0.8259633183479309 0.10166080296039581
v 0.053786057978868484 -0.7931519746780396 0.08547715097665787
v 0.04284435883164406 -0.8018511533737183 0.07916015386581421
v -0.14298051595687866 -0.7761749625205994 0.07577060908079147
v -0.16298417747020721 -0.7853519916534424 0.07777413725852966
v -0.09944617003202438 -0.7829496264457703 0.0947217270731926
v 0.08670559525489807 -0.7672369480133057 0.06779934465885162
v 0.07987008988857269 -0.7813382148742676 0.09181227535009384
v 0.09836608916521072 -0.7773041725158691 0.08590082079172134
v 0.12483108043670654 -0.7786405086517334 0.08208317309617996
v 0.15497401356697083 -0.31029877066612244 0.078172966837883
v 0.1971832662820816 -0.18043945729732513 0.08914394676685333
v -0.12926235795021057 0.08401644229888916 0.0882987454533577
v -0.15683388710021973 0.04704928398132324 0.07891903072595596
v 0.44316786527633667 0.07335428148508072 0.08307693898677826
v -0.12425924092531204 0.13856670260429382 0.09273847937583923
v -0.141357883810997 0.13078483939170837 0.0738639310002327
v -0.12435387074947357 0.11089825630187988 0.08738382160663605
v 0.14045578241348267 0.12352337688207626 0.08032748103141785
v 0.1270824521780014 0.13141807913780212 0.0936468169093132
v 0.12952549755573273 0.15850286185741425 0.09790842980146408
v -0.36241236329078674 0.13885067403316498 0.07692893594503403
v -0.3701537251472473 0.15633706748485565 0.09516797214746475
v -0.5148828625679016 0.175418883562088 0.0941966325044632
v -0.37345990538597107 0.17511247098445892 0.09310144186019897
v 0.14483924210071564 0.17637678980827332 0.08767451345920563
v 0.3581388592720032 0.15861999988555908 0.06986815482378006
v 0.36648866534233093 0.16783300042152405 0.08959919214248657
v 0.37122365832328796 0.18077823519706726 0.09093564003705978
v -0.3812756836414337 0.19174465537071228 0.09606945514678955
v -0.3725201487541199 0.17843660712242126 0.07241035252809525
v -0.1415223628282547 0.19531218707561493 0.08114783465862274
v -0.12963424623012543 0.21813294291496277 0.08411826938390732
v 0.37318891286849976 0.18752118945121765 0.0704316720366478
v -0.49200576543807983 0.1657979041337967 0.015069924294948578
v -0.5066501498222351 0.17216232419013977 0.06239498779177666
v 0.13228853046894073 0.20830240845680237 0.09258077293634415
v 0.5022211670875549 0.17713400721549988 0.06604821979999542
v -0.39182737469673157 0.20638902485370636 0.10155937820672989
v -0.39312103390693665 0.20399110019207 0.07484427094459534
v -0.40439391136169434 0.2185160517692566 0.10370274633169174
v 0.47843119502067566 0.1975928395986557 0.045140862464904785
v 0.47987136244773865 0.21502508223056793 0.08187805116176605
v -0.41862818598747253 0.2296401709318161 0.1098574697971344
v 0.4662500321865082 0.22213542461395264 0.0788063257932663
v 0.42458173632621765 0.22825415432453156 0.09032027423381805
v -0.44575566053390503 0.23057779669761658 0.08920923620462418
v -0.46017247438430786 0.23208993673324585 0.09509583562612534
v 0.011960054747760296 0.2630510926246643 0.09551507979631424
v 0.09944113343954086 0.25180068612098694 0.08670089393854141
v 0.0782700851559639 0.2451658695936203 0.09696865826845169
v -0.08442313224077225 0.2493847757577896 0.0936851054430008
v -0.09939432144165039 0.24840214848518372 0.08719898760318756
v -0.06420313566923141 0.2776954472064972 0.08763623237609863
v 0.06325376033782959 0.2694379389286041 0.08848586678504944
v 0.03615768998861313 0.29588034749031067 0.09082965552806854
v 0.011881068348884583 0.29750534892082214 0.09425076842308044
v -0.024646565318107605 0.3236727714538574 0.09427104890346527
v -0.030352827161550522 0.2965114414691925 0.09273633360862732
v -0.008273574523627758 0.3052850365638733 0.09493141621351242
v -0.047192346304655075 0.2939579486846924 0.0889185443520546
v -0.04132602736353874 0.33534014225006104 0.09302930533885956
v -0.07877993583679199 0.35615506768226624 0.09711521118879318
v -0.05841116979718208 0.3422430753707886 0.0931600034236908
v 0.07040239125490189 0.3536354601383209 0.09838180989027023
v 0.0922337993979454 0.36381766200065613 0.09539337456226349
v 0.06372256577014923 0.34430745244026184 0.08867285400629044
v -0.0926017314195633 0.35990071296691895 0.08681359142065048
v -0.10068798065185547 0.3626006245613098 0.07673294842243195
v -0.08872766047716141 0.3417225480079651 0.07475413382053375
v 0.10673175007104874 0.37102940678596497 0.08209660649299622
v -0.12923306226730347 0.448501855134964 0.09165672212839127
v -0.08314760029315948 0.4382612109184265 0.09696422517299652
v -0.0946841761469841 0.4406725764274597 0.08772408217191696
v -0.06876235455274582 0.436201274394989 0.09226080030202866
v -0.04901110380887985 0.4396899342536926 0.09255377948284149
v -0.032119736075401306 0.4458470940589905 0.09121504426002502
v 0.05394832789897919 0.43955251574516296 0.09177842736244202
v 0.030262088403105736 0.4461919069290161 0.09163200855255127
v 0.06726981699466705 0.43988150358200073 0.08337676525115967
v -0.10802366584539413 0.44941461086273193 0.09259649366140366
v -0.11625862121582031 0.45071277022361755 0.09531895816326141
v 0.1109619289636612 0.4479069113731384 0.0969439446926117
v 0.11185213178396225 0.45213037729263306 0.09032484143972397
v 0.10571756213903427 0.4464081823825836 0.08987631648778915
v -0.12759242951869965 0.455558180809021 0.0917874276638031
v -0.12145335972309113 0.45363351702690125 0.09330642968416214
v -0.11854162067174911 0.4562951326370239 0.0960424542427063
v -0.10836177319288254 0.46100983023643494 0.09647056460380554
v 0.10589568316936493 0.46366915106773376 0.09345969557762146
v 0.11534309387207031 0.4584473669528961 0.09473300725221634
v 0.11468730121850967 0.455675333738327 0.09133002907037735
v 0.12150467187166214 0.4551253914833069 0.09477129578590393
v 0.12754453718662262 0.4547175467014313 0.09535052627325058
v 0.13296005129814148 0.45500823855400085 0.09362424910068512
v -0.09800837188959122 0.4709304869174957 0.09020313620567322
v -0.1399087905883789 0.4891965389251709 0.09343041479587555
v -0.14323292672634125 0.4691546559333801 0.07623028755187988
v -0.018895165994763374 0.4777614176273346 0.09493356198072433
v 0.011473243124783039 0.47823238372802734 0.09673425555229187
v 0.011745932511985302 0.4724810719490051 0.09296844899654388
v 0.037568554282188416 0.48051759600639343 0.09397578984498978
v 0.053026556968688965 0.482065886259079 0.08657018840312958
v 0.06109924241900444 0.4854171574115753 0.08965319395065308
v -0.07765761017799377 0.48657333850860596 0.08728683739900589
v 0.07825423032045364 0.48623523116111755 0.08231072872877121
v -0.13656653463840485 0.5157990455627441 0.08645748347043991
v 0.11486300081014633 0.5565274357795715 0.0930134505033493
v 0.12776309251785278 0.5432330965995789 0.07958826422691345
v -0.0829176977276802 0.5856090784072876 0.08157151192426682
v -0.06130261719226837 0.6018738746643066 0.08031176030635834
v 0.029905980452895164 0.615242600440979 0.09529652446508408
v 0.03726658225059509 0.6265043020248413 0.09167928993701935
v -0.04205174371600151 0.6234844326972961 0.08515489101409912
v 0.042042139917612076 0.6382662057876587 0.09059309959411621
v 0.04795345664024353 0.6474950909614563 0.08897039294242859
v 0.0024179366882890463 0.6878427863121033 0.08573183417320251
v -0.21631525456905365 -0.8816788196563721 0.0846230760216713
v -0.16900154948234558 -0.8858143091201782 0.07563990354537964
v -0.19070446491241455 -0.8859562873840332 0.06779034435749054
v -0.12805667519569397 -0.8842254281044006 0.07589902728796005
v -0.10678870975971222 -0.8841195702552795 0.07574347406625748
v 0.152075856924057 -0.8857264518737793 0.07225707918405533
v 0.13753505051136017 -0.8871304392814636 0.062327418476343155
v 0.1731431931257248 -0.8864092230796814 0.06858127564191818
v 0.21249699592590332 -0.8823459148406982 0.08192989975214005
v 0.2539871633052826 -0.8785912394523621 0.07419975847005844
v 0.24547281861305237 -0.8830062747001648 0.06625334173440933
v 0.26098495721817017 -0.8800809383392334 0.05855020135641098
v 0.258158802986145 -0.8737525939941406 0.07605230063199997
v 0.2612890899181366 -0.867656409740448 0.07616271823644638
v 0.2651474177837372 -0.8613325357437134 0.07211066037416458
v 0.2693100571632385 -0.8674400448799133 0.05970865860581398
v -0.02862655557692051 -0.8271487951278687 0.06408753991127014
v -0.03451315686106682 -0.8117808699607849 0.0707290768623352
v -0.21737901866436005 -0.8085062503814697 0.06270824372768402
v -0.19995355606079102 -0.8063833117485046 0.07744503021240234
v -0.031285881996154785 -0.8006342053413391 0.047067686915397644
v -0.04448794946074486 -0.7994847893714905 0.07806939631700516
v -0.18381267786026 -0.7947363257408142 0.07536493241786957
v 0.036750487983226776 -0.7939926385879517 0.052609462291002274
v 0.03304097056388855 -0.8082065582275391 0.06821173429489136
v 0.19155578315258026 -0.7619633078575134 0.05057893320918083
v 0.16920599341392517 -0.7842251658439636 0.07236749678850174
v 0.1843755841255188 -0.7940985560417175 0.07289259135723114
v 0.21016664803028107 -0.8061016201972961 0.06436695158481598
v -0.18606410920619965 -0.7570592761039734 0.05219478905200958
v -0.056015532463788986 -0.7886108160018921 0.07765015214681625
v 0.06668387353420258 -0.7867898344993591 0.09155087172985077
v 0.05952838808298111 -0.7795442342758179 0.06706012785434723
v -0.012542038224637508 -0.3287857174873352 0.08776236325502396
v 0.0010070705320686102 -0.352577805519104 0.059332266449928284
v 0.01491678785532713 -0.3337753117084503 0.08261054754257202
v -0.17768266797065735 -0.26849299669265747 0.08040633052587509
v -0.16190019249916077 -0.29709669947624207 0.07902044802904129
v -0.20187371969223022 -0.2589666545391083 0.06440979987382889
v -0.19699446856975555 -0.15729187428951263 0.09361524879932404
v 0.20932601392269135 -0.12891806662082672 0.07530851662158966
v 0.19749195873737335 -0.0656910389661789 0.07626413553953171
v -0.4440361261367798 0.07572735846042633 0.09129846096038818
v -0.4253418445587158 0.06114155799150467 0.05885674059391022
v -0.42740172147750854 0.07374182343482971 0.08727112412452698
v -0.40870073437690735 0.07603617757558823 0.0827636867761612
v -0.4572720527648926 0.07929502427577972 0.09247935563325882
v -0.46704399585723877 0.08162752538919449 0.08677759766578674
v -0.44834741950035095 0.064082570374012 0.057520292699337006
v -0.500159502029419 0.10860632359981537 0.07728733122348785
v -0.49135667085647583 0.098419688642025 0.08345333486795425
v -0.36242586374282837 0.09667985141277313 0.05891759321093559
v 0.4967896640300751 0.11116423457860947 0.05728360265493393
v -0.5054692625999451 0.11987699568271637 0.07020170241594315
v -0.5103168487548828 0.13407739996910095 0.07598916441202164
v -0.5053836107254028 0.14744402468204498 0.039713937789201736
v -0.4664264917373657 0.22256366908550262 0.07686808705329895
v -0.4312420189380646 0.22980928421020508 0.09540008753538132
v 0.13151317834854126 0.25574904680252075 0.060508593916893005
v 0.11767560243606567 0.25668439269065857 0.07266732305288315
v 0.13396966457366943 0.23016083240509033 0.07856521010398865
v 0.4385027289390564 0.2283218502998352 0.0838702917098999
v 0.4529353976249695 0.22673299908638 0.080787293612957
v 0.4521082043647766 0.21179552376270294 0.04373227804899216
v -0.12700870633125305 0.2487785369157791 0.0648154765367508
v -0.11367814987897873 0.24878297746181488 0.07778085768222809
v -0.09388633072376251 0.28204047679901123 0.07265818864107132
v -0.06048005074262619 0.30631038546562195 0.08407984673976898
v 0.07824751734733582 0.2895859181880951 0.07578632980585098
v 0.0583677813410759 0.29156458377838135 0.08454637974500656
v 0.0594315379858017 0.3167427182197571 0.08357960730791092
v 0.08094284683465958 0.3224220275878906 0.0727754607796669
v 0.06700384616851807 0.33676886558532715 0.08125825226306915
v -0.057854507118463516 0.3284190595149994 0.08602038025856018
v 0.08364730328321457 0.35055243968963623 0.07464143633842468
v -0.1128082275390625 0.37405383586883545 0.07321485131978989
v -0.10653401911258698 0.36072778701782227 0.06138079613447189
v 0.13459175825119019 0.40652257204055786 0.07029183208942413
v 0.13941016793251038 0.42802488803863525 0.07328255474567413
v -0.06939108669757843 0.43856534361839294 0.08291251957416534
v 0.09997066110372543 0.4461580514907837 0.07919615507125854
v -0.12560918927192688 0.45150598883628845 0.09154858440160751
v -0.13269025087356567 0.4544200003147125 0.08700071275234222
v -0.04789777845144272 0.4487113952636719 0.08512789011001587
v -0.02752223052084446 0.4535275399684906 0.08876527100801468
v 0.02476544678211212 0.45530349016189575 0.08929493278265
v 0.046024348586797714 0.44844555854797363 0.0861036628484726
v -0.0477377250790596 0.4693146347999573 0.08384101092815399
v -0.030251476913690567 0.46364888548851013 0.08809375762939453
v -0.03409619629383087 0.473112016916275 0.08911237865686417
v -0.009564886800944805 0.4616769254207611 0.09088822454214096
v 0.01401758473366499 0.4634280502796173 0.09096935391426086
v 0.034129444509744644 0.46634647250175476 0.08825146406888962
v 0.10766024142503738 0.45766085386276245 0.08522474020719528
v 0.13781902194023132 0.456304132938385 0.0905885323882103
v 0.14431414008140564 0.4803689122200012 0.07938327640295029
v 0.1421753466129303 0.46352946758270264 0.08605866134166718
v 0.14381161332130432 0.45553332567214966 0.07304586470127106
v -0.08831077069044113 0.4816805124282837 0.0826825499534607
v -0.0977964699268341 0.4677707850933075 0.08231529593467712
v 0.04548797011375427 0.4749804139137268 0.08600224554538727
v 0.050013404339551926 0.46868813037872314 0.08342862129211426
v 0.09948384761810303 0.46788349747657776 0.08026663213968277
v 0.10035376995801926 0.4591617286205292 0.07729404419660568
v 0.09732933342456818 0.4721700847148895 0.08614879846572876
v 0.0899035856127739 0.4797424077987671 0.07839608937501907
v -0.06315294653177261 0.4782819449901581 0.07971224933862686
v -0.05955827608704567 0.48304179310798645 0.08494976907968521
v -0.07466695457696915 0.4847613573074341 0.07812796533107758
v -0.04186918959021568 0.47975367307662964 0.0910460576415062
v 0.06243797391653061 0.4799655079841614 0.08040861785411835
v -0.08159931749105453 0.48592424392700195 0.07883104681968689
v 0.14017638564109802 0.5002328157424927 0.0914900153875351
v -0.1387661248445511 0.5152198076248169 0.06543070822954178
v -0.1307588517665863 0.5364607572555542 0.07820910215377808
v 0.10048460960388184 0.5707460045814514 0.07888061553239822
v 0.04419894143939018 0.6245233416557312 0.08549071848392487
v -0.07596055418252945 0.6300920844078064 0.07948684692382812
v -0.05787479132413864 0.6255555152893066 0.08146337419748306
v -0.05948392674326897 0.6432446241378784 0.08612394332885742
v -0.05497205629944801 0.6118733286857605 0.07815039902925491
v 0.07438915967941284 0.6305744647979736 0.08103969693183899
v 0.06146206706762314 0.6403644680976868 0.08542758226394653
v 0.05696819722652435 0.6239238381385803 0.0820133164525032
v 0.08517759293317795 0.6237502694129944 0.07540993392467499
v 0.0886504203081131 0.6437945365905762 0.08103512972593307
v -0.09015202522277832 0.6597347855567932 0.08172477781772614
v -0.10496316105127335 0.6558314561843872 0.07364537566900253
v -0.09270314872264862 0.6424355506896973 0.0776478722691536
v 0.06274666637182236 0.6549389362335205 0.08726440370082855
v -0.05851937085390091 0.6571565866470337 0.0875055268406868
v 0.09654054790735245 0.6586823463439941 0.07885589450597763
v 0.08123809844255447 0.6591240167617798 0.08467493206262589
v -0.07461738586425781 0.6642330884933472 0.08554928004741669
v -0.08186750113964081 0.6748344302177429 0.08218902349472046
v -0.058737993240356445 0.6716319918632507 0.08551327884197235
v -0.03168255835771561 0.672686755657196 0.08801934123039246
v 0.062336552888154984 0.6659888029098511 0.08661975711584091
v 0.05778855085372925 0.6760424375534058 0.0843525379896164
v -0.04602945223450661 0.6844216585159302 0.08142280578613281
v -0.0649062842130661 0.6850053071975708 0.08173834532499313
v -0.05377759784460068 0.7240458726882935 0.07867562770843506
v -0.03732797130942345 0.7277913689613342 0.07840065658092499
v -0.04397185519337654 0.7411107420921326 0.08077372610569
v 0.06670643389225006 0.7416628003120422 0.07517781108617783
v 0.05022524297237396 0.7268223166465759 0.07699207216501236
v 0.0766112431883812 0.725152313709259 0.07205424457788467
v -0.0402645543217659 0.7554102540016174 0.07617628574371338
v -0.05409085378050804 0.7509885430335999 0.07812796533107758
v -0.2548261880874634 -0.8788414001464844 0.07360024005174637
v -0.26281097531318665 -0.874038815498352 0.07143901288509369
v -0.26196354627609253 -0.8790397644042969 0.05952610448002815
v -0.24769550561904907 -0.8829588294029236 0.0679413303732872
v -0.23474134504795074 -0.8847392201423645 0.062052447348833084
v -0.21292121708393097 -0.8848587274551392 0.06410326063632965
v -0.09060277044773102 -0.8838513493537903 0.07394278049468994
v -0.09650515764951706 -0.8844913840293884 0.05493525043129921
v -0.07226903736591339 -0.8808832168579102 0.06215829774737358
v 0.0626385286450386 -0.8781293034553528 0.04838156700134277
v 0.0771116241812706 -0.8808900117874146 0.031357280910015106
v 0.10291852802038193 -0.884543240070343 0.05547162890434265
v 0.15885481238365173 -0.889731228351593 0.03989192470908165
v -0.263205349445343 -0.8668496012687683 0.07469785213470459
v -0.2699550986289978 -0.8691551089286804 0.05988664552569389
v -0.263692170381546 -0.8579678535461426 0.07401277124881744
v -0.2700227200984955 -0.8544498085975647 0.05994749814271927
v -0.2627118229866028 -0.8488877415657043 0.06772264093160629
v -0.030907275155186653 -0.8545917868614197 0.04808187857270241
v -0.027641650289297104 -0.8421988487243652 0.05717318505048752
v 0.2611088156700134 -0.8534402251243591 0.07439588010311127
v 0.2568403482437134 -0.8456311225891113 0.0711866021156311
v 0.26914092898368835 -0.856475830078125 0.058489348739385605
v 0.02716108411550522 -0.8431025147438049 0.057234037667512894
v 0.027420205995440483 -0.830880880355835 0.06405141204595566
v 0.24798116087913513 -0.8359989523887634 0.06612478941679001
v 0.23319695889949799 -0.82246333360672 0.062011878937482834
v 0.2587830126285553 -0.8375787138938904 0.051581840962171555
v 0.01859258860349655 -0.8277392387390137 0.03642352670431137
v 0.0270213820040226 -0.8191617131233215 0.06244455650448799
v 0.023730972781777382 -0.8105616569519043 0.04594764485955238
v 0.16534991562366486 -0.7564305067062378 0.058004822582006454
v 0.1485464721918106 -0.7781740427017212 0.0748329907655716
v -0.12484290450811386 -0.7678701877593994 0.06932277977466583
v -0.1380629688501358 -0.763329029083252 0.05978979542851448
v 0.12822291254997253 -0.7626935243606567 0.06060558184981346
v -0.11280600726604462 -0.7582176923751831 0.05829322710633278
v -0.1073678657412529 -0.7691503167152405 0.07384136319160461
v -0.08763240277767181 -0.7716022729873657 0.07271003723144531
v -0.14129474759101868 -0.31877484917640686 0.07868677377700806
v -0.1246175616979599 -0.3439732491970062 0.07118432223796844
v 0.18698750436306 -0.2635822296142578 0.07621456682682037
v 0.17527072131633759 -0.30677396059036255 0.06879539787769318
v 0.19787506759166718 -0.31667211651802063 0.05033553019165993
v 0.2041696310043335 -0.24199192225933075 0.06795933097600937
v -0.20324167609214783 -0.11985597759485245 0.08240985870361328
v -0.21456190943717957 -0.1716613471508026 0.06715469807386398
v -0.19805821776390076 -0.06397819519042969 0.0746595710515976
v -0.18448883295059204 -0.006180380005389452 0.07047895342111588
v -0.20512127876281738 -0.044900812208652496 0.056805793195962906
v 0.4422326683998108 0.06200704351067543 0.04875567555427551
v 0.4245772957801819 0.061344392597675323 0.05682836100459099
v -0.47850164771080017 0.08782509714365005 0.08328891545534134
v 0.15253780782222748 0.13515688478946686 0.06974873691797256
v 0.15039901435375214 0.09330158680677414 0.07168913632631302
v 0.5058832168579102 0.14897873997688293 0.06124337762594223
v -0.15136423707008362 0.19719845056533813 0.06464192271232605
v -0.15145209431648254 0.17361818253993988 0.06873682886362076
v 0.15573808550834656 0.16636814177036285 0.0735146775841713
v 0.1531486064195633 0.18875165283679962 0.07650982588529587
v 0.14549504220485687 0.20822356641292572 0.07887846231460571
v 0.15766948461532593 0.20305132865905762 0.06195102632045746
v 0.37870368361473083 0.1952400505542755 0.054741546511650085
v 0.38812851905822754 0.20289349555969238 0.045140862464904785
v 0.09812497347593307 0.28036150336265564 0.06952790170907974
v 0.09340798109769821 0.30201035737991333 0.06531800329685211
v -0.07436270266771317 0.31009888648986816 0.07762987166643143
v -0.08835133165121078 0.3133193254470825 0.06972388923168182
v 0.12106971442699432 0.38554537296295166 0.06243327260017395
v 0.10387186706066132 0.36758115887641907 0.06720440089702606
v -0.14151336252689362 0.4432913362979889 0.06844614446163177
v -0.13674236834049225 0.41722074151039124 0.0646824911236763
v -0.08765490353107452 0.4394893944263458 0.07746303081512451
v -0.09976392984390259 0.4443550705909729 0.0835593193769455
v -0.10137984901666641 0.4524323344230652 0.0827006846666336
v -0.07002666592597961 0.44320347905158997 0.0793314278125763
v -0.09296683967113495 0.4639418423175812 0.07396306842565536
v -0.06559143215417862 0.4670451283454895 0.07764343917369843
v -0.08250980079174042 0.4641154110431671 0.07240806519985199
v -0.06886827200651169 0.45244133472442627 0.07774928957223892
v 0.06916064023971558 0.4487542510032654 0.07820910215377808
v 0.0886504203081131 0.4539332091808319 0.07333655655384064
v 0.06765292584896088 0.4742659032344818 0.07751273363828659
v 0.06862883269786835 0.4635271728038788 0.07700778543949127
v 0.08007292449474335 0.48188120126724243 0.07582245767116547
v -0.08479052037000656 0.4787304997444153 0.07308871299028397
v 0.14199507236480713 0.49933359026908875 0.06846414506435394
v -0.12018004804849625 0.5518984794616699 0.07745403051376343
v -0.1253049224615097 0.5444139838218689 0.06160620227456093
v -0.1057271659374237 0.5665091276168823 0.07747659832239151
v -0.09627074748277664 0.5745795369148254 0.06465992331504822
v 0.11248993128538132 0.5595497488975525 0.06034860759973526
v 0.09669153392314911 0.5790801048278809 0.06026303768157959
v -0.07225324958562851 0.5973483920097351 0.07062765955924988
v 0.06589280068874359 0.6040936708450317 0.07558577507734299
v 0.052697449922561646 0.6120468974113464 0.08029819279909134
v -0.09315389394760132 0.6211270689964294 0.06852956116199493
v -0.11409510672092438 0.6701152920722961 0.06508131325244904
v -0.1184987723827362 0.6545941233634949 0.06170990690588951
v 0.11489013582468033 0.6377996802330017 0.062203433364629745
v 0.1215992420911789 0.6537039279937744 0.05947425588965416
v 0.11036913096904755 0.6570754647254944 0.06980959326028824
v 0.10406342148780823 0.6747624278068542 0.07184912264347076
v -0.024919254705309868 0.6820462942123413 0.0794418454170227
v -0.03264483064413071 0.6815707683563232 0.0798722356557846
v -0.03219408541917801 0.6992306113243103 0.07494354248046875
v 0.014416543766856194 0.6877142190933228 0.07785070687532425
v 0.029101477935910225 0.6865851879119873 0.0783105194568634
v -0.09361141920089722 0.6941777467727661 0.0699988603591919
v -0.0779731497168541 0.6894517540931702 0.07750359922647476
v -0.07277163118124008 0.7071973085403442 0.07404877245426178
v -0.012208497151732445 0.6892895102500916 0.07621456682682037
v -0.0011586617911234498 0.6981691122055054 0.07164856791496277
v 0.0030714510940015316 0.6905922293663025 0.07574347406625748
v 0.04857097193598747 0.6877503395080566 0.07993993908166885
v 0.03450583666563034 0.6998909711837769 0.07412533462047577
v 0.07244876772165298 0.6902518272399902 0.07809410989284515
v 0.012910975143313408 0.7087411284446716 0.07020854949951172
v 0.030665481463074684 0.7171563506126404 0.0731382817029953
v 0.09506668150424957 0.6917325854301453 0.07092519849538803
v 0.08514830470085144 0.7080153226852417 0.06965859979391098
v -0.02568325586616993 0.7179608345031738 0.07328026741743088
v -0.019181355834007263 0.7372028231620789 0.07318341732025146
v 0.023841392248868942 0.7330537438392639 0.07453101128339767
v -0.07019565254449844 0.7251186370849609 0.07488040626049042
v 0.09971382468938828 0.724210262298584 0.06218758225440979
v -0.0871906578540802 0.7304732799530029 0.06898695230484009
v -0.06859108805656433 0.7412571310997009 0.07602744549512863
v 0.004694155417382717 0.7421789169311523 0.06800217926502228
v 0.021195631474256516 0.7447773814201355 0.0738256499171257
v -0.007692127954214811 0.7480610609054565 0.06645618379116058
v -0.02282108925282955 0.7546913623809814 0.0709814801812172
v -0.07303303480148315 0.7534586191177368 0.07127002626657486
v 0.022513944655656815 0.7563387751579285 0.06977802515029907
v 0.03814550116658211 0.7535014152526855 0.07598245143890381
v 0.04995698854327202 0.7649456858634949 0.06954361498355865
v 0.05604870989918709 0.7544660568237305 0.07473842054605484
v 0.07841193675994873 0.755072295665741 0.06747480481863022
v 0.08794733881950378 0.7648463845252991 0.05541305989027023
v 0.10020507127046585 0.7539792656898499 0.058254942297935486
v -0.03287023678421974 0.7668185234069824 0.06709384173154831
v -0.15391315519809723 -0.8860036134719849 0.07248920202255249
v -0.15319642424583435 -0.888349711894989 0.05153227224946022
v -0.24844150245189667 -0.8856723308563232 0.047710053622722626
v -0.21604034304618835 -0.8900850415229797 0.034510135650634766
v 0.04383598268032074 -0.8706605434417725 0.04119465500116348
v 0.1970592737197876 -0.8858616352081299 0.0655456930398941
v 0.03457111865282059 -0.8627704381942749 0.043299600481987
v 0.034154295921325684 -0.8695224523544312 -0.006053841672837734
v 0.02935616858303547 -0.853913426399231 0.04881424456834793
v -0.2611274719238281 -0.8406234383583069 0.052609462291002274
v -0.25054195523262024 -0.8378177285194397 0.06564026325941086
v -0.23423653841018677 -0.8225895166397095 0.061374079436063766
v 0.2275988906621933 -0.8051978945732117 0.04475318640470505
v 0.23945780098438263 -0.8091846108436584 0.03395804017782211
v 0.22297431528568268 -0.7722310423851013 0.03246388956904411
v -0.23322691023349762 -0.8064847588539124 0.04035401716828346
v -0.06771887838840485 -0.7744284272193909 0.06135151535272598
v -0.07936816662549973 -0.7601558566093445 0.04395311698317528
v -0.05220231041312218 -0.7765063047409058 0.04425065591931343
v 0.06605050712823868 -0.35483595728874207 0.06725839525461197
v 0.03981320559978485 -0.34583479166030884 0.07185140252113342
v 0.054520707577466965 -0.37293750047683716 0.05167197808623314
v 0.21667976677417755 -0.2243749052286148 0.05902344360947609
v 0.21761952340602875 -0.1863170564174652 0.0641145408153534
v 0.23299424350261688 -0.18891103565692902 0.040655992925167084
v 0.1851462423801422 0.00021331573952920735 0.06620363891124725
v 0.20542721450328827 -0.04373348876833916 0.05457242578268051
v -0.38456153869628906 0.0627506896853447 0.03865702822804451
v -0.17403621971607208 0.039046451449394226 0.061766188591718674
v 0.37441936135292053 0.07948201149702072 0.06162648648023605
v 0.3727380931377411 0.06404885649681091 0.035610027611255646
v -0.4747155010700226 0.07727120816707611 0.05198751762509346
v 0.16510435938835144 0.047042567282915115 0.07059165835380554
v 0.17361415922641754 0.059818677604198456 0.052095651626586914
v 0.46118608117103577 0.06930208951234818 0.04673643037676811
v 0.47640523314476013 0.08073060214519501 0.04182345047593117
v 0.3520921468734741 0.08829847723245621 0.043236467987298965
v -0.35027626156806946 0.1277107149362564 0.0559832900762558
v -0.35024696588516235 0.1452556550502777 0.05367550626397133
v -0.1531175822019577 0.1429501622915268 0.059868648648262024
v -0.15839116275310516 0.10645637661218643 0.05114459618926048
v -0.16071473062038422 0.14987795054912567 0.04462691396474838
v 0.1601123958826065 0.14097362756729126 0.05786740034818649
v 0.35287877917289734 0.16054695844650269 0.05445072427392006
v 0.3506971299648285 0.14392606914043427 0.05984608083963394
v 0.36689889430999756 0.18499484658241272 0.04879181087017059
v -0.42829641699790955 0.21868732571601868 0.06324462592601776
v 0.4243316054344177 0.21693848073482513 0.05536121129989624
v 0.14163681864738464 0.2524993419647217 0.048766959458589554
v 0.13337929546833038 0.26795950531959534 0.04425065591931343
v -0.10064741224050522 0.32457199692726135 0.06041631102561951
v 0.10108184069395065 0.3227600157260895 0.058804888278245926
v 0.10438339412212372 0.3642705976963043 0.05819637328386307
v -0.12093954533338547 0.3846167325973511 0.06610235571861267
v -0.14423811435699463 0.4572641849517822 0.05736245587468147
v 0.14292140305042267 0.4396088123321533 0.06034189090132713
v 0.07991521805524826 0.6072443723678589 0.07040224969387054
v 0.0819028988480568 0.5996990203857422 0.06550955772399902
v 0.09546564519405365 0.6148661971092224 0.06503403186798096
v -0.09862131625413895 0.5989598035812378 0.05408346652984619
v -0.11050950735807419 0.6184180378913879 0.053652938455343246
v -0.11020303517580032 0.688239336013794 0.06238827109336853
v -0.12273573875427246 0.6852329969406128 0.04980815201997757
v 0.11288204044103622 0.6906530857086182 0.05948997288942337
v -0.10746700316667557 0.7069628834724426 0.05863361805677414
v -0.10565509647130966 0.7247422337532043 0.05905729532241821
v -0.12051358819007874 0.7213504314422607 0.04783618822693825
v -0.011489564552903175 0.7091084122657776 0.07042481750249863
v -0.10304083675146103 0.7397878170013428 0.06092112138867378
v 0.12347663193941116 0.7370495200157166 0.04633532091975212
v 0.11078837513923645 0.744211733341217 0.0558885894715786
v 0.1136685386300087 0.7327360510826111 0.054205168038606644
v -0.09712716937065125 0.7510765194892883 0.061087824404239655
v -0.11718039214611053 0.7469545006752014 0.04964359477162361
v -0.0013164321426302195 0.7569338083267212 0.06261139363050461
v -0.08610440045595169 0.7621849179267883 0.058435212820768356
v 0.011139702051877975 0.764188289642334 0.06203216314315796
v -0.0005839988589286804 0.7725562453269958 0.0581648088991642
v 0.11548952013254166 0.7511283755302429 0.049289770424366
v 0.028565099462866783 0.7705550193786621 0.06244455650448799
v -0.04032312333583832 0.7983226180076599 0.05052265152335167
v -0.05439739301800728 0.7795088887214661 0.0557016022503376
v -0.03968982398509979 0.7765926122665405 0.06104953959584236
v -0.020010707899928093 0.7762500643730164 0.05874175578355789
v 0.04489302262663841 0.774988055229187 0.06066643074154854
v 0.034111443907022476 0.7945026755332947 0.05148942023515701
v 0.059233132749795914 0.7769126892089844 0.05604185909032822
v -0.17512476444244385 -0.8906124234199524 0.03059549443423748
v -0.14449501037597656 -0.885147213935852 0.03559417650103569
v 0.226201593875885 -0.8864476084709167 0.05756757780909538
v -0.059263087809085846 -0.8778993487358093 0.026883693411946297
v -0.05224509537220001 -0.8742574453353882 0.042517535388469696
v 0.06510858237743378 -0.8786273002624512 0.0011422063689678907
v 0.09206024557352066 -0.8794679641723633 0.02746064029633999
v -0.038019903004169464 -0.8650286197662354 0.03814536705613136
v -0.2601989209651947 -0.8323074579238892 0.03379805013537407
v -0.26773300766944885 -0.8463094830513 0.0458575114607811
v -0.018892882391810417 -0.8335312008857727 0.03499922901391983
v -0.12229399383068085 -0.753642737865448 0.05268844962120056
v -0.14114375412464142 -0.7431991696357727 0.05030396208167076
v 0.07432159781455994 -0.76517254114151 0.04998842254281044
v 0.08453294634819031 -0.7589366436004639 0.04658987745642662
v -0.10570687800645828 -0.7497212886810303 0.047948889434337616
v 0.1101280078291893 -0.7516505122184753 0.04898108169436455
v 0.1303638517856598 -0.740801215171814 0.050364814698696136
v -0.21844948828220367 -0.291439950466156 0.04045315459370613
v -0.23177775740623474 -0.3089442551136017 0.020582417026162148
v -0.2133832424879074 -0.3378251791000366 0.030050115659832954
v -0.21856218576431274 -0.23289155960083008 0.05342309921979904
v 0.2259874790906906 -0.2737981379032135 0.03780954331159592
v -0.23134729266166687 -0.20478592813014984 0.04099853336811066
v -0.49692773818969727 0.10308711230754852 0.04226512834429741
v 0.4867652952671051 0.09531640261411667 0.03114100731909275
v 0.4937179386615753 0.11196886748075485 0.02291277050971985
v -0.3499089479446411 0.10771383345127106 0.04850783944129944
v -0.332512766122818 0.12216221541166306 0.03204464539885521
v 0.1661568433046341 0.10648109018802643 0.04359257593750954
v 0.1671641767024994 0.13822872936725616 0.03775997459888458
v 0.34357547760009766 0.12670336663722992 0.05172382667660713
v 0.3581635653972626 0.17487135529518127 0.04684913158416748
v 0.34769296646118164 0.1634744107723236 0.04167918115854263
v 0.35950231552124023 0.18411365151405334 0.03461612015962601
v -0.47074002027511597 0.21020667254924774 0.05256446450948715
v -0.47022613883018494 0.19517019391059875 0.019108550623059273
v 0.10896740108728409 0.352497398853302 0.051707975566387177
v 0.12013208866119385 0.33011603355407715 0.03996862471103668
v -0.11894501745700836 0.3635178208351135 0.04206900671124458
v -0.11144249886274338 0.344142884016037 0.049368757754564285
v 0.1207541674375534 0.3783718943595886 0.04170389845967293
v -0.12362594157457352 0.38330742716789246 0.04419880732893944
v -0.1299542784690857 0.40020328760147095 0.05473697930574417
v -0.1372944712638855 0.417594850063324 0.04331760108470917
v 0.12866002321243286 0.39472222328186035 0.04039686918258667
v 0.13151317834854126 0.40006130933761597 0.05490824952721596
v 0.13811428844928741 0.4173380136489868 0.051638126373291016
v 0.14231504499912262 0.47916316986083984 0.04200815409421921
v 0.1372736543416977 0.5098177790641785 0.049093782901763916
v -0.1295396089553833 0.5329291820526123 0.04658772796392441
v -0.1218838170170784 0.5462372899055481 0.044410642236471176
v 0.12476794421672821 0.5457121729850769 0.05758114531636238
v 0.11809027940034866 0.5570165514945984 0.04275865480303764
v -0.0928587019443512 0.5795376300811768 0.058243658393621445
v -0.11105716973543167 0.5605593919754028 0.04674086347222328
v -0.0937083438038826 0.5855346322059631 0.05523507297039032
v -0.11123744398355484 0.5755665898323059 0.04077997803688049
v 0.10901468247175217 0.5767070055007935 0.04297049343585968
v 0.09425761550664902 0.5930439233779907 0.054730262607336044
v 0.09920001029968262 0.6024034023284912 0.054326869547367096
v 0.10962320119142532 0.6174782514572144 0.055755604058504105
v 0.12099985778331757 0.6200181841850281 0.043416738510131836
v -0.12905050814151764 0.6587544679641724 0.04572223871946335
v -0.1221204400062561 0.6392533779144287 0.05217450484633446
v 0.13004831969738007 0.6465485692024231 0.04420780763030052
v 0.12851360440254211 0.664810061454773 0.048877377063035965
v 0.12565815448760986 0.6848656535148621 0.04621361941099167
v 0.12170293927192688 0.7026404142379761 0.04532784968614578
v 0.11841938644647598 0.718161404132843 0.04883909597992897
v 0.0760614350438118 0.7764056324958801 0.048654258251190186
v 0.09536422789096832 0.7739288210868835 0.03911227360367775
v -0.07027007639408112 0.7957286834716797 0.0389094352722168
v -0.07509519904851913 0.7750353217124939 0.05040094628930092
v 0.06690698862075806 0.7974144220352173 0.04027731716632843
v -0.026415688917040825 0.840153157711029 0.04036973416805267
v -0.04158743470907211 0.8425646424293518 0.03645281121134758
v -0.0034799480345100164 0.7944462299346924 0.0522669218480587
v 0.015611004084348679 0.8221349716186523 0.045393265783786774
v -0.007049829699099064 0.8369101881980896 0.04259195178747177
v 0.23982277512550354 -0.8880206346511841 0.04295920953154564
v -0.07556844502687454 -0.8810838460922241 0.03181252256035805
v -0.095614954829216 -0.8807434439659119 0.03327295556664467
v 0.20156215131282806 -0.8925843834877014 0.011615095660090446
v 0.1609484702348709 -0.8867021799087524 0.023611418902873993
v 0.25269815325737 -0.8844846487045288 0.0395967997610569
v 0.23830389976501465 -0.8891452550888062 0.019133400171995163
v 0.2619563043117523 -0.8779534697532654 0.03961923345923424
v -0.024103403091430664 -0.857915997505188 0.004412331152707338
v 0.26197871565818787 -0.8730652332305908 0.018500035628676414
v 0.2677639126777649 -0.8694278001785278 0.040326882153749466
v 0.27100932598114014 -0.861749529838562 0.045460835099220276
v -0.2707461714744568 -0.854251503944397 0.04366014525294304
v 0.2689359486103058 -0.8523786664009094 0.03993034362792969
v 0.019372373819351196 -0.8502737879753113 0.018276913091540337
v 0.2646898925304413 -0.8413311839103699 0.038857582956552505
v 0.2680591642856598 -0.846483051776886 0.018955279141664505
v 0.2553079128265381 -0.8276265263557434 0.035932283848524094
v -0.24981173872947693 -0.812932550907135 0.024152230471372604
v -0.23802496492862701 -0.7898232936859131 0.020350294187664986
v 0.06408539414405823 -0.7622855305671692 0.029824845492839813
v 0.06174832582473755 -0.7696167826652527 0.04464719817042351
v 0.04965057969093323 -0.7741444110870361 0.034769389778375626
v -0.08944887667894363 -0.7512561082839966 0.03939396142959595
v -0.07440555095672607 -0.7405015230178833 0.026775557547807693
v 0.07430130988359451 -0.756502628326416 0.032105498015880585
v 0.09071480482816696 -0.7526533603668213 0.041830167174339294
v 0.09689665585756302 -0.7352144122123718 0.039423245936632156
v 0.2113453894853592 -0.723954975605011 0.03115900792181492
v 0.19860300421714783 -0.7026621699333191 0.03469497337937355
v 0.18158327043056488 -0.7036560773849487 0.040971532464027405
v 0.1645701378583908 -0.7036718726158142 0.044701334089040756
v -0.17424584925174713 -0.6406815052032471 0.03603370115160942
v -0.18166044354438782 -0.6919685006141663 0.04064927622675896
v -0.16171763837337494 -0.7011927962303162 0.04437679424881935
v 0.14919112622737885 -0.5976677536964417 0.037408433854579926
v 0.15624061226844788 -0.5738148093223572 0.043533872812986374
v 0.13938303291797638 -0.5737382173538208 0.04066270962357521
v 0.172417551279068 -0.5743534564971924 0.04115408658981323
v 0.16241562366485596 -0.5556591749191284 0.04938904196023941
v -0.17982369661331177 -0.5730711221694946 0.040088046342134476
v -0.17732885479927063 -0.5502480864524841 0.046909984201192856
v -0.19038893282413483 -0.5654243230819702 0.03579701483249664
v -0.13739138841629028 -0.5667833685874939 0.041922587901353836
v -0.1218162477016449 -0.5781193375587463 0.03293941542506218
v -0.126436248421669 -0.549479603767395 0.038032665848731995
v 0.13190528750419617 -0.528572142124176 0.038891300559043884
v 0.14879444241523743 -0.5199224948883057 0.04277222231030464
v 0.1338818222284317 -0.5045772194862366 0.034009888768196106
v -0.15239642560482025 -0.5141847133636475 0.04197215661406517
v -0.15439996123313904 -0.49053680896759033 0.03501279652118683
v -0.16482771933078766 -0.5127986669540405 0.0409286804497242
v -0.12892208993434906 -0.5043473839759827 0.033595215529203415
v -0.14175905287265778 -0.5202764272689819 0.04194515570998192
v -0.13025176525115967 -0.5266340374946594 0.03868402913212776
v -0.11483432352542877 -0.4391123354434967 0.032860562205314636
v -0.10952688753604889 -0.4157439172267914 0.039312828332185745
v -0.1328592300415039 -0.41527965664863586 0.040182746946811676
v -0.08907698839902878 -0.41410547494888306 0.03615768998861313
v -0.10314225405454636 -0.39180082082748413 0.048983365297317505
v 0.16165168583393097 -0.43436384201049805 0.033759769052267075
v 0.1687823235988617 -0.40153899788856506 0.03846990689635277
v 0.15074384212493896 -0.407418817281723 0.04150562733411789
v 0.10184120386838913 -0.3861102759838104 0.052203789353370667
v 0.09003200381994247 -0.4102337062358856 0.03884858265519142
v 0.1105179712176323 -0.41430383920669556 0.04051171988248825
v -0.15858501195907593 -0.4157416820526123 0.03634696081280708
v -0.15048754215240479 -0.3933491110801697 0.044410642236471176
v -0.05545208603143692 -0.386705219745636 0.04147634282708168
v -0.06740333884954453 -0.40647226572036743 0.0325540229678154
v -0.04383665323257446 -0.3997247517108917 0.024808162823319435
v -0.033282630145549774 -0.37259724736213684 0.0441875234246254
v -0.058884479105472565 -0.3690702021121979 0.05589758977293968
v 0.20196782052516937 -0.3705238699913025 0.029590439051389694
v 0.21475736796855927 -0.34395745396614075 0.028459113091230392
v 0.21105241775512695 -0.01978127285838127 0.03176752105355263
v 0.22168073058128357 -0.07434523850679398 0.03858489543199539
v -0.4290694296360016 0.05503639951348305 0.03893415257334709
v -0.40988612174987793 0.05193297937512398 0.028323844075202942
v -0.434874951839447 0.05315900593996048 0.02444748766720295
v 0.40512797236442566 0.053424980491399765 0.030654197558760643
v 0.44596248865127563 0.05861964821815491 0.024192798882722855
v -0.18204805254936218 0.06626422703266144 0.030692480504512787
v -0.17431341111660004 0.0619167722761631 0.046774715185165405
v -0.19513742625713348 0.005205280147492886 0.04741707816720009
v 0.17763935029506683 0.07997110486030579 0.03095160238444805
v -0.31231755018234253 0.10179566591978073 -0.0034755151718854904
v -0.3404930830001831 0.09019602090120316 0.021916579455137253
v -0.32380905747413635 0.08230360597372055 -0.012465537525713444
v 0.3242816925048828 0.12941911816596985 0.027726612985134125
v 0.3241555690765381 0.11436893790960312 0.026255030184984207
v -0.5068213939666748 0.13376186788082123 0.04549911990761757
v 0.4972201883792877 0.1445300132036209 0.0244880560785532
v 0.4853432774543762 0.13941633701324463 -0.014146809466183186
v 0.4941687285900116 0.15700414776802063 0.022313255816698074
v 0.4970330595970154 0.1288827359676361 0.022105984389781952
v -0.3439975678920746 0.1537114530801773 0.038377489894628525
v -0.354891836643219 0.16027870774269104 0.05017782747745514
v -0.3591918647289276 0.173208087682724 0.04106609895825386
v -0.36679574847221375 0.1742335557937622 0.05461299419403076
v -0.3790467381477356 0.18941658735275269 0.05853663384914398
v -0.39238181710243225 0.20196272432804108 0.05207536742091179
v -0.44878917932510376 0.21091660857200623 0.036928340792655945
v -0.42757749557495117 0.2110878825187683 0.03674578666687012
v -0.40897342562675476 0.2095215916633606 0.04581237584352493
v -0.4297545850276947 0.20605991780757904 0.013361651450395584
v 0.16921955347061157 0.18884406983852386 0.035943567752838135
v 0.1626184582710266 0.21668151021003723 0.04070555791258812
v -0.15459151566028595 0.21654637157917023 0.04425280541181564
v -0.16302023828029633 0.19133669137954712 0.03691934049129486
v -0.14214444160461426 0.24391056597232819 0.04476447030901909
v -0.15847007930278778 0.23483724892139435 0.022056417539715767
v 0.15555553138256073 0.23843635618686676 0.037174027413129807
v 0.1679755300283432 0.2281324565410614 0.019843200221657753
v 0.14493165910243988 0.2579938471317291 0.03534633666276932
v -0.13191045820713043 0.272379070520401 0.0381702184677124
v -0.12116266787052155 0.31990912556648254 0.03929697722196579
v -0.14125196635723114 0.4377991259098053 0.03891843557357788
v -0.1366860270500183 0.4141692817211151 0.026525435969233513
v -0.14276418089866638 0.464487224817276 0.04034501686692238
v -0.14123396575450897 0.4919978380203247 0.04220199212431908
v -0.14222779870033264 0.4559074342250824 0.018633022904396057
v -0.13646289706230164 0.5150485634803772 0.04493345692753792
v -0.1334880292415619 0.5319781303405762 0.02733222022652626
v 0.1305689811706543 0.532555103302002 0.05525307357311249
v 0.1307469606399536 0.5264476537704468 0.032233916223049164
v -0.11951746046543121 0.5548868775367737 0.036993756890296936
v -0.12455671280622482 0.6230269074440002 0.03692162409424782
v -0.1316039264202118 0.6785823702812195 0.03635139390826225
v -0.13141465187072754 0.6981172561645508 0.032028928399086
v -0.1321876496076584 0.7312373518943787 0.036567799746990204
v -0.13195103406906128 0.7161534428596497 0.033910755068063736
v 0.13191214203834534 0.711833119392395 0.03317153826355934
v -0.1303982436656952 0.7415772676467896 0.03725516423583031
v -0.13943326473236084 0.7359610795974731 0.02089795656502247
v 0.13484187424182892 0.7341850996017456 0.03279286250472069
v 0.12652578949928284 0.7445182800292969 0.04124865308403969
v -0.12471219897270203 0.7523948550224304 0.035382337868213654
v 0.12194634974002838 0.7557799220085144 0.036644499748945236
v 0.10061302781105042 0.7921363115310669 0.021145930513739586
v 0.11120761930942535 0.7694236636161804 0.02962200716137886
v -0.09774468094110489 0.7715917825698853 0.03990320861339569
v 0.03498136252164841 0.836772620677948 0.03940967842936516
v -0.007858898490667343 0.8816344738006592 0.031551115214824677
v -0.18607090413570404 -0.8891858458518982 0.008764213882386684
v -0.20398539304733276 -0.8928096890449524 0.0079798623919487
v -0.25666290521621704 -0.8822422027587891 0.04209385812282562
v -0.26366737484931946 -0.8764570355415344 0.04044415429234505
v -0.2508394122123718 -0.8843697309494019 0.02495686709880829
v -0.053563542664051056 -0.8762654662132263 -0.002722865203395486
v 0.09790856391191483 -0.8740478157997131 0.00832012016326189
v 0.12221232056617737 -0.8779940009117126 0.02387739159166813
v -0.2709715664386749 -0.8625788688659668 0.04194515570998192
v -0.26873812079429626 -0.8699055910110474 0.040678560733795166
v -0.26315128803253174 -0.8734055757522583 0.020088888704776764
v -0.2698875367641449 -0.8532305955886841 0.022890202701091766
v -0.014561351388692856 -0.8362355828285217 0.015290762297809124
v -0.014966960065066814 -0.8281381130218506 0.020679403096437454
v 0.016329938545823097 -0.8136469125747681 0.015644587576389313
v 0.021702593192458153 -0.8030929565429688 0.018943995237350464
v -0.03404441103339195 -0.7859041690826416 0.01991533488035202
v -0.025771107524633408 -0.7955949902534485 0.006803401745855808
v -0.042626406997442245 -0.7768240571022034 0.023615851998329163
v -0.05307222902774811 -0.7525609731674194 0.016911182552576065
v -0.20275942981243134 -0.6960769295692444 0.032439038157463074
v -0.2159569263458252 -0.6386892795562744 0.018858427181839943
v -0.22446458041667938 -0.708267092704773 0.020904673263430595
v -0.09021959453821182 -0.695772647857666 0.02788659930229187
v -0.10539812594652176 -0.6978867053985596 0.03545675799250603
v -0.09791816771030426 -0.7337877750396729 0.03883501514792442
v 0.13800829648971558 -0.6218655705451965 0.0347491055727005
v 0.11834496259689331 -0.6156115531921387 0.030915603041648865
v 0.12280269712209702 -0.6513932347297668 0.034273579716682434
v 0.1206730380654335 -0.5827709436416626 0.03331795707345009
v 0.1267196238040924 -0.5540027618408203 0.038424909114837646
v -0.11685135215520859 -0.6176218390464783 0.03032737225294113
v -0.10341037809848785 -0.603004515171051 0.025184420868754387
v 0.10172635316848755 -0.6059613227844238 0.02494329959154129
v -0.20835305750370026 -0.5837580561637878 0.02116621471941471
v -0.20256781578063965 -0.5507168173789978 0.02739078924059868
v 0.1798253059387207 -0.5379993319511414 0.044940173625946045
v 0.19280652701854706 -0.5343754291534424 0.03397160768508911
v 0.181423157453537 -0.520551323890686 0.037187594920396805
v -0.13911773264408112 -0.4710289537906647 0.03269144147634506
v -0.15731391310691833 -0.46424537897109985 0.03252245485782623
v -0.12338703125715256 -0.48353686928749084 0.029673857614398003
v -0.11917942017316818 -0.46165138483047485 0.02977742627263069
v -0.09825170785188675 -0.45998141169548035 0.024204082787036896
v 0.14853747189044952 -0.4628909230232239 0.03252917155623436
v 0.16997677087783813 -0.464166522026062 0.030088534578680992
v -0.18276020884513855 -0.41703078150749207 0.028499681502580643
v -0.1665044128894806 -0.43675726652145386 0.03160068392753601
v -0.06963227689266205 -0.4251079857349396 0.02364742010831833
v 0.028779221698641777 -0.4031796455383301 0.013321083970367908
v 0.04174916818737984 -0.3884022831916809 0.03482567518949509
v 0.01458781398832798 -0.3783959150314331 0.03135499730706215
v -0.24212443828582764 -0.25854524970054626 0.01835576631128788
v -0.2447950541973114 -0.20578883588314056 0.018943995237350464
v -0.22296592593193054 -0.052732374519109726 0.02291048690676689
v -0.2308267056941986 -0.049318116158246994 -0.0017965268343687057
v -0.23863348364830017 -0.11215289682149887 0.012212325818836689
v -0.20616696774959564 0.010765057057142258 0.02147047035396099
v -0.21227891743183136 -0.03578922152519226 0.038032665848731995
v -0.473119854927063 0.07412049919366837 0.025378258898854256
v -0.4562578499317169 0.061175405979156494 0.02020159177482128
v 0.3272069990634918 0.08235317468643188 0.0005608269711956382
v 0.32108598947525024 0.10010096430778503 0.013501354493200779
v -0.490966796875 0.1008717492222786 0.006785401608794928
v -0.48627686500549316 0.08885285258293152 0.021330634132027626
v 0.29206767678260803 0.11038216203451157 -0.013425593264400959
v 0.33542850613594055 0.15534543991088867 0.03241203725337982
v 0.31493571400642395 0.1556766927242279 0.018497752025723457
v 0.3242795467376709 0.14264146983623505 0.025941772386431694
v -0.33563411235809326 0.15888597071170807 0.02643745020031929
v -0.3479572534561157 0.16715691983699799 0.032394036650657654
v 0.342581570148468 0.16917401552200317 0.030223669484257698
v 0.3489934206008911 0.18069253861904144 0.026894977316260338
v 0.3320434093475342 0.1811387836933136 0.018847143277525902
v 0.48655572533607483 0.16938814520835876 0.015694288536906242
v -0.35919857025146484 0.1823648065328598 0.02973685786128044
v -0.3743208348751068 0.19444455206394196 0.025560813024640083
v -0.35870054364204407 0.1901872307062149 0.019811632111668587
v 0.3567708432674408 0.18961714208126068 0.02279563434422016
v -0.38977205753326416 0.20298819243907928 0.01809435896575451
v -0.39086729288101196 0.20116493105888367 0.0334419421851635
v 0.38002654910087585 0.2010950893163681 0.025806503370404243
v 0.39601409435272217 0.20688927173614502 0.034688256680965424
v 0.3987141251564026 0.2076556235551834 0.01825219765305519
v 0.41084784269332886 0.21061919629573822 0.03512093052268028
v 0.42475757002830505 0.21015267074108124 0.028497397899627686
v 0.14030036330223083 0.27554765343666077 0.02794073522090912
v -0.139412984251976 0.3245607018470764 0.014835518784821033
v -0.132038876414299 0.29807770252227783 0.027902450412511826
v -0.13079263269901276 0.3840533494949341 0.028222424909472466
v 0.13241024315357208 0.3815630078315735 0.026840977370738983
v 0.14199279248714447 0.44563066959381104 0.041345641016960144
v 0.14155782759189606 0.4633040428161621 0.018536170944571495
v -0.1344773769378662 0.6377095580101013 0.020598268136382103
v -0.12793268263339996 0.6055405139923096 0.022421525791287422
v -0.13586567342281342 0.6630252003669739 0.026291029527783394
v 0.13411393761634827 0.6763061285018921 0.032765861600637436
v -0.13990651071071625 0.706717312335968 0.015996262431144714
v 0.13997125625610352 0.7216862440109253 0.02364742010831833
v 0.14114543795585632 0.7344690561294556 0.016568642109632492
v -0.12400226294994354 0.7612811326980591 0.019516509026288986
v -0.11331760138273239 0.7672556042671204 0.029824845492839813
v -0.10038372874259949 0.7910658121109009 0.022856485098600388
v -0.08706673979759216 0.8191015124320984 0.021396052092313766
v -0.07188142836093903 0.8349764943122864 0.02603190764784813
v -0.04444510117173195 0.8898828625679016 0.021436620503664017
v -0.05869514122605324 0.8548786640167236 0.027048246935009956
v -0.07762154191732407 0.8792252540588379 0.010970447212457657
v 0.05374320596456528 0.8377867937088013 0.03366278111934662
v 0.03775782510638237 0.8809718489646912 0.02693554386496544
v -0.22123058140277863 -0.8928683400154114 0.0019558421336114407
v -0.23857034742832184 -0.8905605673789978 -0.00027980899903923273
v -0.14069980382919312 -0.8774599432945251 0.015737006440758705
v -0.11795789748430252 -0.877498209476471 0.02543467842042446
v 0.1556118130683899 -0.8791636824607849 0.0063370089046657085
v 0.15101437270641327 -0.8758777976036072 -0.012014727108180523
v 0.17909064888954163 -0.8820754885673523 -0.012298700399696827
v -0.09713388234376907 -0.8739463686943054 0.00845995731651783
v 0.013503773137927055 -0.8230381011962891 0.009395161643624306
v 0.01226874440908432 -0.8335289359092712 0.002602640073746443
v 0.2485671043395996 -0.8129798769950867 0.024756312370300293
v 0.039693787693977356 -0.7801753282546997 0.02592363767325878
v 0.03036579117178917 -0.7900914549827576 0.020647834986448288
v 0.024021662771701813 -0.7927350401878357 -0.007514141034334898
v -0.03736182302236557 -0.7583281397819519 -0.005190638359636068
v 0.04210970923304558 -0.7564373016357422 0.003120884532108903
v 0.06410796195268631 -0.743124783039093 0.01940380595624447
v -0.07684625685214996 -0.6979970932006836 0.02027144283056259
v -0.06514740735292435 -0.7163330316543579 0.014583112671971321
v 0.0866604596376419 -0.592504620552063 0.016214817762374878
v 0.08427610248327255 -0.6453105211257935 0.018162062391638756
v -0.11456163227558136 -0.5014852285385132 0.02835984341800213
v -0.11669357866048813 -0.5257776379585266 0.03184865787625313
v -0.10267794877290726 -0.5306680798530579 0.024395637214183807
v -0.07835625857114792 -0.45793280005455017 0.015574735589325428
v -0.08398595452308655 -0.4935048818588257 0.01531789731234312
v -0.19787338376045227 -0.46581393480300903 0.02115936204791069
v -0.1889127790927887 -0.49646395444869995 0.02738850563764572
v -0.178047776222229 -0.4638870358467102 0.02818642370402813
v 0.09195439517498016 -0.4838749170303345 0.01824091374874115
v 0.0842219665646553 -0.4661564826965332 0.01662505976855755
v 0.0700012817978859 -0.4745244085788727 0.006557846907526255
v 0.10214774310588837 -0.45667749643325806 0.025777218863368034
v 0.07820010185241699 -0.44724586606025696 0.018856143578886986
v -0.057009369134902954 -0.4520619809627533 0.002442518947646022
v -0.06592947244644165 -0.44034507870674133 0.014218004420399666
v -0.031641989946365356 -0.4120546877384186 0.006370725575834513
v -0.021987169981002808 -0.3989427387714386 0.01036421675235033
v 0.18610414862632751 -0.3926617503166199 0.03329095616936684
v 0.19918222725391388 -0.4173913896083832 0.022146552801132202
v 0.2509380280971527 -0.2509886622428894 0.0023096667136996984
v 0.24473588168621063 -0.18594294786453247 0.017465561628341675
v 0.25104615092277527 -0.16644860804080963 -0.0033290956635028124
v 0.23680518567562103 -0.13043928146362305 0.025747934356331825
v 0.2309117317199707 -0.07816974073648453 0.01765039935708046
v -0.3897697627544403 0.05248749256134033 0.01755126379430294
v -0.3678639829158783 0.055994171649217606 0.0015298821963369846
v 0.43528446555137634 0.05250320956110954 0.002584505593404174
v 0.45029622316360474 0.06010936573147774 0.003927803598344326
v -0.47178348898887634 0.07574992626905441 -0.0018483782187104225
v 0.3036763072013855 0.13434337079524994 0.008421538397669792
v -0.3106881380081177 0.11872310191392899 0.006963523104786873
v -0.31340157985687256 0.13538900017738342 0.013821463100612164
v 0.48678115010261536 0.1157798022031784 -0.008884439244866371
v -0.3192160427570343 0.1534951776266098 0.017310142517089844
v -0.29904112219810486 0.15059688687324524 0.004162074998021126
v 0.1760256439447403 0.11442535370588303 0.016140397638082504
v 0.17315448820590973 0.15398642420768738 0.02195943146944046
v -0.1707751601934433 0.1322699934244156 0.012559300288558006
v -0.16716250777244568 0.16161514818668365 0.02556752972304821
v -0.3200184106826782 0.17395630478858948 0.015087923966348171
v -0.17371168732643127 0.17832161486148834 0.008133132942020893
v 0.17848442494869232 0.16989295184612274 0.006546563468873501
v -0.3594600558280945 0.19969777762889862 0.01068875752389431
v -0.3387419581413269 0.19455496966838837 0.011919352225959301
v 0.3665292263031006 0.1981697827577591 0.017069019377231598
v 0.34682533144950867 0.20418721437454224 0.007973145693540573
v -0.38854601979255676 0.20629660785198212 0.005268683657050133
v -0.40158811211586 0.20760376751422882 0.004957710392773151
v 0.3768239915370941 0.20440806448459625 0.011076433584094048
v 0.16997677087783813 0.24480976164340973 0.007817591540515423
v 0.17802245914936066 0.21762356162071228 0.008532091975212097
v 0.15524442493915558 0.27761659026145935 0.01020422950387001
v 0.13659299910068512 0.3052241802215576 0.023099757730960846
v -0.14664724469184875 0.27847522497177124 0.015894843265414238
v 0.13566450774669647 0.3453080654144287 0.021064795553684235
v 0.14372819662094116 0.36376121640205383 0.008881350047886372
v -0.12225571274757385 0.5721004605293274 0.030349940061569214
v 0.12195991724729538 0.5569556951522827 0.03158940002322197
v 0.12994246184825897 0.5975850820541382 0.021409619599580765
v 0.1307942420244217 0.6293304562568665 0.03064734674990177
v 0.13728265464305878 0.6444187760353088 0.02165517397224903
v 0.13978198170661926 0.6893007755279541 0.01494593732059002
v 0.13936959207057953 0.6664890646934509 0.017186155542731285
v 0.14090430736541748 0.7071613073348999 0.01685033179819584
v -0.1233396828174591 0.7821119427680969 0.001985125942155719
v -0.13245134055614471 0.7546778917312622 0.005953765939921141
v 0.12264043092727661 0.7790762186050415 0.003875952446833253
v 0.12376503646373749 0.7617071270942688 0.020239874720573425
v 0.13456018269062042 0.7508105635643005 0.009627283550798893
v 0.10896512120962143 0.8144769668579102 0.004887858871370554
v 0.0925290584564209 0.8326754570007324 0.013514922000467777
v 0.07292886078357697 0.8362633585929871 0.024830596521496773
v -0.04334534332156181 0.9203842282295227 0.008162416517734528
v -0.04443838447332382 0.9390851855278015 -0.004748961888253689
v -0.06384480744600296 0.9225972890853882 -0.0014811204746365547
v -0.024313023313879967 0.9166205525398254 0.0155071672052145
v -0.006869492121040821 0.9091811180114746 0.021743159741163254
v 0.01063475664705038 0.9060146808624268 0.023248594254255295
v -0.0011158777633681893 0.9267260432243347 0.01229789387434721
v 0.02759832888841629 0.9089106917381287 0.019178401678800583
v 0.017830803990364075 0.923694908618927 0.013312084600329399
v 0.25696662068367004 -0.8805339336395264 -0.005830719601362944
v 0.24512571096420288 -0.8882978558540344 -0.005785584915429354
v 0.25203779339790344 -0.8868352174758911 -0.028241297230124474
v -0.27008137106895447 -0.8398685455322266 0.004768439568579197
v -0.2725468575954437 -0.8541297912597656 -0.003232243936508894
v -0.26196810603141785 -0.8242685198783875 0.012865840457379818
v -0.26718536019325256 -0.8213793635368347 -0.009172845631837845
v 0.012811839580535889 -0.8159457445144653 -0.01673400215804577
v 0.2564639449119568 -0.8112648129463196 0.0075156185775995255
v 0.24603848159313202 -0.7782371044158936 0.011601528152823448
v -0.250449538230896 -0.7724090814590454 0.0014104630099609494
v -0.23504337668418884 -0.7553555369377136 0.01733042672276497
v 0.07160813361406326 -0.6977019309997559 0.01685033179819584
v 0.05767369642853737 -0.7025855779647827 0.005038845352828503
v -0.25853121280670166 -0.24841947853565216 -0.015402121469378471
v -0.24911537766456604 -0.18005406856536865 0.005787062458693981
v 0.22056740522384644 -0.024180574342608452 0.010404784232378006
v 0.20522882044315338 0.024233097210526466 0.012439880520105362
v -0.41867324709892273 0.04774349927902222 -0.006432382855564356
v -0.4378701150417328 0.052719615399837494 0.008615376427769661
v -0.3961476683616638 0.04777493327856064 -0.0009740254608914256
v 0.4023560583591461 0.047651082277297974 -0.0029955548234283924
v 0.3847772479057312 0.050400543957948685 0.005054561886936426
v 0.34838032722473145 0.06485792249441147 0.002580072730779648
v 0.3688347339630127 0.05538122355937958 0.00802499707788229
v -0.19209270179271698 0.06125425919890404 0.012077055871486664
v 0.4750259518623352 0.08230817317962646 0.009814404882490635
v -0.28711915016174316 0.11811459064483643 -0.018271002918481827
v -0.4965829849243164 0.12627069652080536 0.005917765665799379
v -0.4727548360824585 0.16927315294742584 -0.02518301084637642
v -0.4753352403640747 0.15214745700359344 -0.03910629451274872
v -0.291971355676651 0.1911879926919937 0.0012751928297802806
v -0.3133632242679596 0.19499893486499786 0.007308213505893946
v 0.29033681750297546 0.17703929543495178 0.004198209382593632
v 0.3027591109275818 0.19274970889091492 0.005539089906960726
v 0.269733726978302 0.2021971195936203 -0.007410572841763496
v 0.2818111777305603 0.16217409074306488 0.0005021248362027109
v -0.3116617500782013 0.21221934258937836 -0.0008838901412673295
v 0.310036301612854 0.2083248496055603 0.0019129908178001642
v 0.4735115170478821 0.1824188083410263 0.005645075812935829
v 0.4601854383945465 0.19299082458019257 0.0017912880284711719
v 0.43892642855644226 0.20740535855293274 0.021700309589505196
v 0.45025792717933655 0.20151661336421967 0.011482109315693378
v 0.4454846680164337 0.1948726624250412 -0.01967501826584339
v -0.3751659691333771 0.20623575150966644 0.004410047549754381
v -0.37506455183029175 0.2146938294172287 -0.005003516562283039
v 0.3878422677516937 0.20779074728488922 0.005895197857171297
v 0.3664098083972931 0.21590185165405273 -0.0034485149662941694
v 0.399139940738678 0.20951031148433685 0.0007680978742428124
v 0.42489054799079895 0.20712366700172424 0.006756117567420006
v -0.1616320013999939 0.2507413625717163 0.010046526789665222
v -0.17321136593818665 0.2221512794494629 0.006846253294497728
v 0.17528414726257324 0.26933878660202026 -0.0010415933793410659
v -0.14522744715213776 0.35551270842552185 0.003308005863800645
v -0.15309958159923553 0.3291514217853546 -0.006439233664423227
v -0.13857457041740417 0.3901856541633606 0.016093114390969276
v -0.14541222155094147 0.40194085240364075 0.003317005932331085
v -0.13143715262413025 0.5720868706703186 0.018662305548787117
v 0.12991532683372498 0.5510172247886658 0.022008998319506645
v -0.1401025652885437 0.6613461971282959 0.006465428043156862
v 0.14231504499912262 0.6622521281242371 0.0004594079509843141
v 0.1455153226852417 0.7031429409980774 0.0008040982647798955
v -0.10231740772724152 0.8291033506393433 0.007229361683130264
v 0.08123809844255447 0.8766471147537231 0.008748362772166729
v 0.09014014154672623 0.9028258323669434 -0.0071828835643827915
v 0.0679301843047142 0.9075043797492981 0.004975710529834032
v 0.046380456537008286 0.9102832674980164 0.013115962967276573
v 0.056938912719488144 0.9308006763458252 -0.004235015716403723
v 0.009841538965702057 0.9402323961257935 0.0019309910712763667
v -0.25378721952438354 -0.8860824704170227 -0.024047184735536575
v -0.250390887260437 -0.8862965703010559 0.0028753296937793493
v 0.22839438915252686 -0.8927398920059204 -0.0008703228086233139
v -0.25740888714790344 -0.8800809383392334 0.007089658640325069
v -0.1869678795337677 -0.8849217891693115 -0.01512029767036438
v -0.16399386525154114 -0.8809260129928589 0.0044460478238761425
v -0.13826580345630646 -0.8725491762161255 -0.0054678949527442455
v -0.060815874487161636 -0.8768559694290161 -0.028617622330784798
v -0.044564586132764816 -0.8748140931129456 -0.04734796658158302
v -0.26443809270858765 -0.8738112449645996 -0.002972987247630954
v -0.015794096514582634 -0.8475874066352844 -0.017277097329497337
v -0.021883534267544746 -0.8575621843338013 -0.03707119822502136
v 0.01311381347477436 -0.8435803055763245 -0.005842003505676985
v 0.017704669386148453 -0.8534334301948547 -0.02580730803310871
v -0.013619296252727509 -0.8380610942840576 -0.041763339191675186
v -0.012884579598903656 -0.8377928733825684 -0.008066371083259583
v -0.0129431476816535 -0.8302701115608215 0.003740682266652584
v 0.011872068978846073 -0.8375584483146667 -0.0356941856443882
v 0.27123916149139404 -0.8374007344245911 -0.010277170687913895
v 0.27292487025260925 -0.8505757451057434 -0.010432724840939045
v -0.01445314846932888 -0.8192541599273682 -0.0010911610443145037
v -0.016702299937605858 -0.8148369193077087 -0.04239213839173317
v -0.01953296549618244 -0.8045646548271179 -0.013037917204201221
v 0.05187266319990158 -0.6420832872390747 -0.009934629313647747
v 0.046274472028017044 -0.7082130312919617 -0.00760655989870429
v 0.2353290319442749 -0.6179801821708679 0.002505654003471136
v 0.240836963057518 -0.509260356426239 -0.010265886783599854
v 0.22658926248550415 -0.5255995392799377 0.00432891258969903
v 0.07276202738285065 -0.5553098320960999 0.0061724549159407616
v 0.06166718900203705 -0.5036712288856506 -0.0023644734174013138
v 0.056641507893800735 -0.5668396949768066 -0.008064087480306625
v -0.21235105395317078 -0.4715270400047302 0.013783044181764126
v -0.22261203825473785 -0.48133957386016846 0.006242306437343359
v -0.21235333383083344 -0.5207000970840454 0.01747012883424759
v 0.21773679554462433 -0.4672112464904785 0.009108904749155045
v 0.21361476182937622 -0.5476744174957275 0.015901559963822365
v -0.046178221702575684 -0.460353285074234 -0.012140996754169464
v -0.03555662930011749 -0.44125333428382874 -0.012235699221491814
v -0.047848209738731384 -0.42565563321113586 0.009703985415399075
v -0.02899388037621975 -0.4252612590789795 -0.006524801719933748
v 0.24826055765151978 -0.3195117712020874 -0.00822407379746437
v 0.2372242957353592 -0.3269556760787964 0.008166983723640442
v 0.24346472322940826 -0.40216103196144104 -0.013928120955824852
v 0.2570161819458008 -0.31454017758369446 -0.02582530863583088
v 0.2332916557788849 -0.060124412178993225 -0.003820339683443308
v 0.24587620794773102 -0.10942600667476654 -0.015498973429203033
v 0.2310492843389511 -0.032440245151519775 -0.024824686348438263
v -0.44028154015541077 0.05371123552322388 -0.008965574204921722
v 0.36424630880355835 0.05157700553536415 -0.019695302471518517
v -0.3606432378292084 0.05399292707443237 -0.027486296370625496
v -0.34255290031433105 0.06472265720367432 -0.020017627626657486
v -0.46976637840270996 0.08153067529201508 -0.027134688571095467
v -0.4577452838420868 0.06735498458147049 -0.024328874424099922
v 0.3134754002094269 0.07876978814601898 -0.028369717299938202
v 0.44723349809646606 0.06109427288174629 -0.019589383155107498
v 0.46119964122772217 0.07059353590011597 -0.007825248874723911
v -0.1818677932024002 0.1008446142077446 -0.00023924138804432005
v -0.19868923723697662 0.0672084242105484 -0.0147349052131176
v 0.467509925365448 0.0832073763012886 -0.023159198462963104
v 0.1998223066329956 0.06493005901575089 -0.013684715144336224
v 0.18907444179058075 0.07151973992586136 0.011360405944287777
v 0.2743988633155823 0.13351845741271973 -0.013500011526048183
v 0.27840134501457214 0.14747102558612823 -0.004985516425222158
v -0.28329914808273315 0.16536980867385864 -0.0019025130895897746
v -0.2785506546497345 0.15603724122047424 -0.006076274439692497
v -0.18271292746067047 0.16678738594055176 -0.00970694050192833
v -0.1800941675901413 0.19604912400245667 0.00015730020822957158
v 0.18609514832496643 0.15921494364738464 -0.011890875175595284
v 0.18248248100280762 0.19217732548713684 0.0023546672891825438
v 0.2512489855289459 0.16143259406089783 -0.01672043465077877
v -0.448712557554245 0.1970430314540863 -0.01552597340196371
v -0.4637153148651123 0.18568892776966095 -0.01627204194664955
v 0.18755100667476654 0.20511570572853088 -0.000843322544824332
v -0.41556766629219055 0.20725221931934357 -0.00014010598533786833
v -0.4319338798522949 0.20375441014766693 -0.009986480697989464
v -0.40288397669792175 0.21397946774959564 -0.01443078275769949
v 0.41066986322402954 0.20924217998981476 -0.0059929899871349335
v 0.39063915610313416 0.218827024102211 -0.018313787877559662
v 0.4228239059448242 0.20682397484779358 -0.013569863513112068
v -0.35399484634399414 0.212070494890213 0.000450273510068655
v -0.3201828896999359 0.2245672047138214 -0.007624560035765171
v -0.2858841121196747 0.23376664519309998 -0.013385024853050709
v -0.18812628090381622 0.21010753512382507 -0.003256960539147258
v 0.31427091360092163 0.22348088026046753 -0.006310679949820042
v 0.28248053789138794 0.24195660650730133 -0.016851205378770828
v 0.3336525559425354 0.2270282655954361 -0.009675507433712482
v -0.21306997537612915 0.2597358226776123 -0.012618808075785637
v -0.230184406042099 0.23628412187099457 -0.012968065217137337
v -0.20175202190876007 0.24495403468608856 -0.008239924907684326
v -0.1791476011276245 0.25610071420669556 -0.001717675244435668
v -0.1967984139919281 0.22508329153060913 -0.006028990726917982
v 0.2076064497232437 0.226343035697937 -0.008404344320297241
v 0.23003967106342316 0.24224728345870972 -0.014169242233037949
v 0.20382022857666016 0.2542076110839844 -0.009305831976234913
v -0.16306309401988983 0.26884526014328003 0.004304061643779278
v -0.16503727436065674 0.28749898076057434 -0.0021189183462411165
v 0.19037261605262756 0.2885152995586395 -0.012201848439872265
v 0.16603513062000275 0.3342740833759308 -0.025169510394334793
v 0.15514300763607025 0.34170669317245483 -0.009794927202165127
v 0.17152506113052368 0.3168012797832489 -0.015562108717858791
v 0.14857132732868195 0.5706062912940979 -0.016172772273421288
v 0.13936959207057953 0.5573095083236694 0.006695266347378492
v 0.1450577974319458 0.5110887885093689 -0.0011881471145898104
v -0.14037075638771057 0.5659275650978088 0.0023073831107467413
v -0.14344026148319244 0.6877796649932861 -0.0016388236545026302
v -0.14589902758598328 0.6586281657218933 -0.016033068299293518
v -0.1451576054096222 0.7103726863861084 -0.002224770374596119
v 0.14244359731674194 0.7534968852996826 -0.019519532099366188
v 0.1424998790025711 0.7368941307067871 -0.0014157018158584833
v 0.14657007157802582 0.720099687576294 -0.009851210750639439
v -0.14061644673347473 0.7407004833221436 0.0021992477122694254
v -0.13651247322559357 0.7651214003562927 -0.01206657849252224
v -0.14422903954982758 0.7276719808578491 -0.0007239033584482968
v -0.11745308339595795 0.8278977274894714 -0.007433005608618259
v -0.12921056151390076 0.8064291477203369 -0.01589108258485794
v -0.10879673808813095 0.871017336845398 -0.010860833339393139
v -0.0958966389298439 0.8950798511505127 -0.007719262503087521
v -0.11317561566829681 0.8980209827423096 -0.025721672922372818
v -0.08193057030439377 0.9085817337036133 -0.0035860685165971518
v -0.08224160969257355 0.928287923336029 -0.017946463078260422
v 0.022006848827004433 0.954552173614502 -0.014148958958685398
v -0.004311583936214447 0.9556677937507629 -0.012409118935465813
v -0.22129815816879272 -0.8924063444137573 -0.02462184801697731
v -0.27025485038757324 -0.8661396503448486 -0.015803230926394463
v -0.264262318611145 -0.8772570490837097 -0.02765756845474243
v -0.10969815403223038 -0.8710662126541138 -0.012882497161626816
v -0.13030582666397095 -0.8748659491539001 -0.025861376896500587
v -0.08318816870450974 -0.8750912547111511 -0.01643417775630951
v 0.08199303597211838 -0.875535249710083 -0.024646632373332977
v 0.1028306782245636 -0.8733943104743958 -0.02614763379096985
v 0.12900255620479584 -0.8768063187599182 -0.03180882707238197
v 0.11719563603401184 -0.8804798722267151 -0.05939392372965813
v 0.2681988775730133 -0.8696306347846985 -0.03640633448958397
v 0.2721203565597534 -0.8610305786132812 -0.016461312770843506
v 0.26525557041168213 -0.8706741333007812 -0.006445950362831354
v -0.27517691254615784 -0.8569018244743347 -0.032198719680309296
v 0.2760530114173889 -0.8535235524177551 -0.03951190412044525
v 0.27402475476264954 -0.8249040246009827 -0.043395042419433594
v 0.2675633430480957 -0.8203516006469727 -0.013833552598953247
v -0.266245573759079 -0.801571786403656 -0.02167854830622673
v -0.27200597524642944 -0.8186185359954834 -0.030803706496953964
v 0.2642595171928406 -0.7996493577957153 -0.019451897591352463
v -0.026156499981880188 -0.7716113328933716 -0.029652096331119537
v 0.028348693624138832 -0.7687671780586243 -0.025081591680645943
v 0.020593835040926933 -0.7959690690040588 -0.030206475406885147
v -0.2594507038593292 -0.7477718591690063 -0.013394025154411793
v -0.2442338913679123 -0.7195197343826294 0.003869101405143738
v -0.25532200932502747 -0.6769071817398071 -0.01593836583197117
v 0.038373056799173355 -0.47712740302085876 -0.029780516400933266
v 0.05194251611828804 -0.4732713997364044 -0.009499670006334782
v 0.040732692927122116 -0.4612187147140503 -0.01899893581867218
v -0.23047515749931335 -0.4246752858161926 -0.002894135657697916
v -0.23223750293254852 -0.49722346663475037 -0.0022022027987986803
v -0.01856384240090847 -0.4303748309612274 -0.02537456527352333
v -0.25613558292388916 -0.1724231243133545 -0.02018439769744873
v -0.22171060740947723 0.0051939962431788445 -0.024250023066997528
v -0.2343740165233612 -0.04090960696339607 -0.0294402576982975
v -0.39998576045036316 0.04634835198521614 -0.01997477561235428
v -0.38012629747390747 0.04853000119328499 -0.028058743104338646
v 0.4200068712234497 0.048865824937820435 -0.011415347456932068
v 0.43426355719566345 0.0536503866314888 -0.019312193617224693
v -0.1814238280057907 0.12357307970523834 -0.014545634388923645
v -0.18482236564159393 0.1392609179019928 -0.020391736179590225
v -0.19069546461105347 0.15542657673358917 -0.021705614402890205
v 0.19456222653388977 0.15706270933151245 -0.021297655999660492
v 0.1919546127319336 0.13018304109573364 -0.03096369281411171
v -0.26717856526374817 0.16976439952850342 -0.00832320936024189
v -0.2639625668525696 0.15762609243392944 -0.01346159353852272
v 0.46355241537094116 0.17132854461669922 -0.03418875113129616
v -0.27479830384254456 0.1814633160829544 -0.004181015305221081
v -0.26100799441337585 0.2003018707036972 -0.009686657227575779
v -0.23760579526424408 0.19700917601585388 -0.015719812363386154
v -0.2477744221687317 0.21725401282310486 -0.012501537799835205
v -0.23374749720096588 0.17303681373596191 -0.022866224870085716
v -0.22214779257774353 0.1856100857257843 -0.019487963989377022
v -0.20933789014816284 0.17398329079151154 -0.021473493427038193
v -0.2060294896364212 0.19906683266162872 -0.012530822306871414
v 0.19756180047988892 0.1839243769645691 -0.012988349422812462
v 0.1986481249332428 0.20580078661441803 -0.0073700048960745335
v 0.21588654816150665 0.20457932353019714 -0.01233711838722229
v 0.2262241542339325 0.18409335613250732 -0.017594853416085243
v 0.23310238122940063 0.20365984737873077 -0.013358024880290031
v 0.24294862151145935 0.21615640819072723 -0.011870590969920158
v 0.24856938421726227 0.20647016167640686 -0.012206281535327435
v 0.2573317289352417 0.21683476865291595 -0.01125307660549879
v -0.25780555605888367 0.23462985455989838 -0.01436079666018486
v -0.34428152441978455 0.22547997534275055 -0.009885062463581562
v 0.24950459599494934 0.23003913462162018 -0.012699943035840988
v 0.2566757798194885 0.24769221246242523 -0.018156085163354874
v -0.263692170381546 0.2502478361129761 -0.019400112330913544
v -0.20595063269138336 0.2793090045452118 -0.01575366221368313
v -0.23753593862056732 0.2636098861694336 -0.019334761425852776
v -0.17763760685920715 0.29671427607536316 -0.01195172592997551
v -0.20552018284797668 0.2954859435558319 -0.02433115802705288
v -0.16133224964141846 0.3122534155845642 -0.009551521390676498
v -0.16323886811733246 0.3314974904060364 -0.021009182557463646
v 0.14863888919353485 0.39193904399871826 -0.003919609356671572
v -0.14869363605976105 0.45050308108329773 -0.007834249176084995
v 0.15447592735290527 0.4273262321949005 -0.02229834534227848
v 0.14620040357112885 0.4583842158317566 -0.0024321754463016987
v -0.14923672378063202 0.6172754168510437 -0.02578924223780632
v -0.14991958439350128 0.5420589447021484 -0.020957397297024727
v 0.14577443897724152 0.6945587396621704 -0.010617428459227085
v 0.146511510014534 0.6668181419372559 -0.01873074658215046
v -0.14830823242664337 0.703487753868103 -0.02379249595105648
v 0.1103038489818573 0.8983815312385559 -0.023508522659540176
v 0.09797842055559158 0.9199538230895996 -0.024648915976285934
v -0.03010270558297634 0.9544936418533325 -0.014543350785970688
v -0.051537446677684784 0.9545544981956482 -0.023008210584521294
v 0.20068322122097015 -0.8878087997436523 -0.02857033908367157
v 0.18037080764770508 -0.8835448622703552 -0.03624406456947327
v 0.25545889139175415 -0.8836125135421753 -0.04941913112998009
v 0.2429351955652237 -0.8891362547874451 -0.05433889478445053
v 0.15642760694026947 -0.881149172782898 -0.03645368665456772
v -0.2738720178604126 -0.8598789572715759 -0.05846986919641495
v -0.27752524614334106 -0.8453946113586426 -0.04850186035037041
v 0.27235475182533264 -0.7808852195739746 -0.042191583663225174
v 0.2636464238166809 -0.7603676915168762 -0.022773873060941696
v -0.032897237688302994 -0.7273625135421753 -0.030803706496953964
v -0.04003693163394928 -0.7037755250930786 -0.019575882703065872
v 0.2610502243041992 -0.6643766760826111 -0.02516051009297371
v 0.252774715423584 -0.7261815667152405 -0.006986761931329966
v -0.2498815953731537 -0.435114324092865 -0.02642703987658024
v -0.2363843321800232 -0.3875729441642761 -0.008314209058880806
v -0.24329183995723724 -0.360125333070755 -0.013520295731723309
v -0.40611347556114197 0.048811692744493484 -0.03647168353199959
v 0.40078064799308777 0.04843530058860779 -0.030936691910028458
v -0.4444485902786255 0.05818925425410271 -0.025838876143097878
v -0.44437193870544434 0.06434411555528641 -0.0446818545460701
v -0.3136156499385834 0.07945501059293747 -0.03992658108472824
v -0.48796263337135315 0.1112273633480072 -0.013132619671523571
v -0.4793941378593445 0.09704939275979996 -0.025717172771692276
v -0.48248621821403503 0.1236676499247551 -0.031479787081480026
v -0.18958213925361633 0.11790731549263 -0.03229564055800438
v -0.19749927520751953 0.09146033227443695 -0.039113011211156845
v -0.19573915004730225 0.11209271848201752 -0.046838656067848206
v -0.2659998834133148 0.12173625826835632 -0.0363071970641613
v -0.26630643010139465 0.138384148478508 -0.02198280394077301
v 0.20447388291358948 0.1575179547071457 -0.026312120258808136
v 0.2104167640209198 0.13757964968681335 -0.03901837766170502
v 0.21671360731124878 0.16075651347637177 -0.026505958288908005
v 0.2355588674545288 0.14792627096176147 -0.03050844930112362
v 0.23149996995925903 0.16448187828063965 -0.023772211745381355
v -0.24742281436920166 0.15905724465847015 -0.022897792980074883
v -0.2351200133562088 0.15182290971279144 -0.03166912496089935
v -0.21380241215229034 0.15263868868350983 -0.03224378824234009
v -0.20079419016838074 0.16031254827976227 -0.025446699932217598
v -0.19815513491630554 0.14106161892414093 -0.03400619700551033
v -0.42190951108932495 0.21069347858428955 -0.03648296743631363
v 0.4325147271156311 0.20139706134796143 -0.0252055786550045
v 0.4135883152484894 0.21253031492233276 -0.033792074769735336
v 0.42924243211746216 0.2017667293548584 -0.04587410017848015
v 0.3682352304458618 0.23888260126113892 -0.040305256843566895
v 0.3529779016971588 0.24075542390346527 -0.03170519322156906
v 0.33691367506980896 0.23912599682807922 -0.022212710231542587
v -0.2594664990901947 0.2668214440345764 -0.02676508016884327
v 0.2581632137298584 0.2679956257343292 -0.029516827315092087
v 0.20222695171833038 0.29999783635139465 -0.024851754307746887
v 0.20582376420497894 0.3136574327945709 -0.040217336267232895
v 0.23380546271800995 0.2907398045063019 -0.03693371266126633
v -0.17894026637077332 0.3281823694705963 -0.03263818100094795
v -0.16584412753582 0.34471985697746277 -0.03530207648873329
v -0.15770380198955536 0.49823838472366333 -0.04049002751708031
v 0.15708352625370026 0.5529463887214661 -0.041321661323308945
v 0.1517084538936615 0.620856523513794 -0.03151813894510269
v -0.15220481157302856 0.6631356477737427 -0.03712526708841324
v 0.12210861593484879 0.8199195861816406 -0.010806833393871784
v -0.09819085896015167 0.9330273270606995 -0.03793662041425705
v -0.08235881477594376 0.9469077587127686 -0.03781941533088684
v 0.04606263339519501 0.95247882604599 -0.019981559365987778
v 0.06777919828891754 0.9476762413978577 -0.026801148429512978
v 0.03620739281177521 0.980135977268219 -0.05226773023605347
v 0.016571059823036194 0.9798226952552795 -0.044684138149023056
v 0.032308466732501984 0.969352126121521 -0.03404897823929787
v 0.2178787887096405 -0.8921989798545837 -0.016501879319548607
v 0.21420755982398987 -0.8896680474281311 -0.05223622918128967
v -0.16485022008419037 -0.8859968185424805 -0.06607602536678314
v -0.15179242193698883 -0.8815165162086487 -0.04161463677883148
v -0.18023836612701416 -0.8832022547721863 -0.04049902781844139
v -0.12096204608678818 -0.8799975514411926 -0.04845229163765907
v -0.07484050840139389 -0.8762699365615845 -0.04922300949692726
v -0.2647062838077545 -0.7792851328849792 -0.0202023983001709
v -0.2717422842979431 -0.7886490821838379 -0.03912201151251793
v -0.2597775459289551 -0.3140105605125427 -0.03520287200808525
v -0.2652697265148163 -0.2922963500022888 -0.04866863042116165
v -0.2669374346733093 -0.23871958255767822 -0.05292581021785736
v -0.25922536849975586 -0.16502873599529266 -0.0487159825861454
v 0.26573795080184937 -0.23954671621322632 -0.045209236443042755
v 0.25983548164367676 -0.16284044086933136 -0.050886280834674835
v 0.25775083899497986 -0.16930626332759857 -0.029978854581713676
v 0.37735822796821594 0.05091892182826996 -0.049869876354932785
v 0.39750608801841736 0.05378780514001846 -0.055488284677267075
v -0.4305478632450104 0.054459452629089355 -0.03566490113735199
v -0.36181512475013733 0.053923074156045914 -0.050162848085165024
v -0.20875416696071625 0.051531869918107986 -0.03246919438242912
v -0.21686291694641113 0.03175126761198044 -0.04962646961212158
v 0.33898475766181946 0.06021978333592415 -0.04156278446316719
v 0.360007107257843 0.05218995362520218 -0.04391785338521004
v 0.4360305368900299 0.06049247458577156 -0.04077399894595146
v -0.4634741246700287 0.0917150229215622 -0.05172913521528244
v -0.2493046373128891 0.12323497235774994 -0.04938077926635742
v -0.2674693167209625 0.10930725932121277 -0.050079427659511566
v -0.205659881234169 0.1291801482439041 -0.04712934419512749
v -0.1989191472530365 0.12286986410617828 -0.045619409531354904
v 0.26831385493278503 0.12160555273294449 -0.027247391641139984
v 0.24747177958488464 0.1347241997718811 -0.03245791047811508
v -0.45581158995628357 0.14999522268772125 -0.0775112584233284
v -0.4731379449367523 0.13742409646511078 -0.05133924260735512
v -0.2263689637184143 0.14407019317150116 -0.038026753813028336
v -0.23382635414600372 0.1373249590396881 -0.042768463492393494
v -0.21899715065956116 0.13789062201976776 -0.04393592104315758
v 0.23044978082180023 0.13194774091243744 -0.04409819468855858
v -0.44939762353897095 0.18209883570671082 -0.056479908525943756
v -0.33739423751831055 0.23732531070709229 -0.01828000321984291
v 0.304140567779541 0.26649463176727295 -0.04173855483531952
v -0.2389264553785324 0.2878279387950897 -0.03418196737766266
v -0.28114691376686096 0.2682637572288513 -0.03188774734735489
v 0.263340026140213 0.2835482060909271 -0.043597880750894547
v -0.20698282122612 0.3093956708908081 -0.035340361297130585
v -0.20134855806827545 0.3230709731578827 -0.0463518425822258
v 0.18266503512859344 0.33222100138664246 -0.04093177244067192
v 0.20091749727725983 0.32984107732772827 -0.05773743614554405
v 0.16251260042190552 0.37797293066978455 -0.039054445922374725
v 0.1592199206352234 0.456867516040802 -0.04075143113732338
v 0.15377284586429596 0.6853614449501038 -0.04586731642484665
v -0.13864441215991974 0.8105510473251343 -0.032525546848773956
v 0.14506463706493378 0.7996117472648621 -0.04165520519018173
v 0.13555853068828583 0.8117005228996277 -0.02715047262609005
v 0.12432626634836197 0.8664581775665283 -0.027515580877661705
v 0.12736642360687256 0.893664538860321 -0.04282481223344803
v -0.11287814378738403 0.9153562188148499 -0.037652645260095596
v -0.12732873857021332 0.8962991237640381 -0.04337475821375847
v 0.1068015992641449 0.932603657245636 -0.047668006271123886
v 0.08869998902082443 0.939508855342865 -0.03469356149435043
v -0.053680676966905594 0.969969630241394 -0.045817747712135315
v -0.06818991154432297 0.9589492082595825 -0.04064551368355751
v -0.032606545835733414 0.9774540662765503 -0.047278113663196564
v -0.018410639837384224 0.9685476422309875 -0.02932305634021759
v -0.007651560474187136 0.9803614020347595 -0.04533772170543671
v -0.20572751760482788 -0.8883159160614014 -0.03837607800960541
v -0.21825793385505676 -0.8895509243011475 -0.060358479619026184
v -0.2591622471809387 -0.8807097673416138 -0.04831480607390404
v 0.05047993361949921 -0.8774712085723877 -0.04756658896803856
v 0.06468933820724487 -0.877917468547821 -0.03312049061059952
v 0.07516451179981232 -0.879145622253418 -0.07029042392969131
v 0.25119271874427795 -0.879017174243927 -0.08319723606109619
v 0.26185259222984314 -0.875073254108429 -0.061338819563388824
v 0.26791489124298096 -0.8659999966621399 -0.06728405505418777
v -0.023564806208014488 -0.8549929857254028 -0.0795755684375763
v -0.030077921226620674 -0.865217924118042 -0.07156602293252945
v -0.27418527007102966 -0.8062143325805664 -0.04954533278942108
v -0.2765178382396698 -0.8270585536956787 -0.04883990064263344
v 0.021522322669625282 -0.7745636105537415 -0.05259005352854729
v 0.01659349352121353 -0.805096447467804 -0.039212215691804886
v 0.015480301342904568 -0.8161417841911316 -0.05360417440533638
v 0.2752552032470703 -0.7189900875091553 -0.0544380284845829
v 0.27619725465774536 -0.7860844731330872 -0.06128246709704399
v 0.029042910784482956 -0.5397346615791321 -0.06292089074850082
v 0.03581971675157547 -0.5610048770904541 -0.043277841061353683
v 0.034368280321359634 -0.5039191246032715 -0.04288794845342636
v -0.032085951417684555 -0.565548300743103 -0.05230829492211342
v -0.03376493975520134 -0.5073583126068115 -0.045432355254888535
v -0.0398205928504467 -0.5640000104904175 -0.03362080454826355
v -0.014996311627328396 -0.4398673176765442 -0.04583124816417694
v -0.007626776583492756 -0.42781466245651245 -0.041979677975177765
v 0.0007276645628735423 -0.4141979217529297 -0.023900698870420456
v -0.0009581073536537588 -0.42403748631477356 -0.0420360304415226
v 0.006483562756329775 -0.4250268340110779 -0.03924600034952164
v -0.2314487248659134 -0.021212423220276833 -0.05554685369133949
v -0.2463478446006775 -0.09041618555784225 -0.04992394149303436
v 0.21157966554164886 0.04185676574707031 -0.03369515389204025
v 0.22126832604408264 0.013032275252044201 -0.04776042699813843
v 0.19692401587963104 0.09265922755002975 -0.039101727306842804
v 0.30814090371131897 0.07727120816707611 -0.04614000767469406
v 0.30732953548431396 0.07650942355394363 -0.06239350885152817
v -0.2890009880065918 0.09303790330886841 -0.05139109119772911
v -0.3081369996070862 0.07939187437295914 -0.05807098001241684
v 0.27842608094215393 0.09670469909906387 -0.050563957542181015
v -0.2681521773338318 0.10272200405597687 -0.0622943751513958
v -0.20198415219783783 0.10942667722702026 -0.05930822342634201
v 0.20068994164466858 0.1133277490735054 -0.05193418636918068
v 0.1951458901166916 0.11004190891981125 -0.044841911643743515
v 0.20704306662082672 0.10470525175333023 -0.07032427191734314
v 0.20734275877475739 0.1139182597398758 -0.059668831527233124
v 0.20068766176700592 0.095217265188694 -0.06064695492386818
v 0.2656116783618927 0.11075183749198914 -0.04329812526702881
v 0.47867459058761597 0.12348966300487518 -0.03258639574050903
v 0.4747014045715332 0.10891958326101303 -0.035755034536123276
v -0.4646685719490051 0.12243261933326721 -0.06592503935098648
v 0.21064673364162445 0.12060264497995377 -0.054501164704561234
v 0.2159361094236374 0.11150234192609787 -0.07016871869564056
v 0.21924223005771637 0.12629325687885284 -0.050751011818647385
v 0.4715709686279297 0.13411568105220795 -0.04706849530339241
v 0.4551844894886017 0.12975265085697174 -0.07489921152591705
v 0.4574314057826996 0.14849421381950378 -0.06658761948347092
v -0.42968693375587463 0.18296203017234802 -0.09470681101083755
v -0.42207178473472595 0.20146919786930084 -0.08520076423883438
v -0.400803804397583 0.22392483055591583 -0.08724036067724228
v -0.3945431113243103 0.2196609377861023 -0.11278357356786728
v -0.3860354721546173 0.23178796470165253 -0.039306849241256714
v -0.36919817328453064 0.23590773344039917 -0.030580583959817886
v 0.3830779790878296 0.2333429753780365 -0.047194696962833405
v 0.3535119891166687 0.2547484338283539 -0.06145373731851578
v 0.3924624025821686 0.22960416972637177 -0.05590517818927765
v -0.32377976179122925 0.2544420063495636 -0.031015543267130852
v 0.26682642102241516 0.2951005697250366 -0.05786142498254776
v 0.16973337531089783 0.3462141156196594 -0.040375109761953354
v 0.1717211902141571 0.354708194732666 -0.056270286440849304
v -0.1697564721107483 0.3522111475467682 -0.05343968793749809
v -0.16288724541664124 0.3830098807811737 -0.04904952272772789
v -0.16277462244033813 0.46167007088661194 -0.06942950189113617
v -0.16111141443252563 0.4679511785507202 -0.05375966429710388
v 0.16329467296600342 0.46774378418922424 -0.06991859525442123
v 0.16432686150074005 0.5555832386016846 -0.07541530579328537
v 0.1621159315109253 0.5029215216636658 -0.05826253071427345
v -0.16226302087306976 0.5647760033607483 -0.06593860685825348
v -0.15309280157089233 0.704634964466095 -0.047059495002031326
v -0.14871613681316376 0.790745735168457 -0.05183505266904831
v -0.15672574937343597 0.7595435976982117 -0.07057889550924301
v -0.14031440019607544 0.8636050224304199 -0.05197475478053093
v 0.1299649029970169 0.9070154428482056 -0.058395519852638245
v 0.14059549570083618 0.8857631087303162 -0.061519090086221695
v -0.11315083503723145 0.9299646019935608 -0.054652150720357895
v -0.11695505678653717 0.938880205154419 -0.07763295620679855
v -0.128771111369133 0.9177089929580688 -0.06981717795133591
v -0.08525026589632034 0.9614755511283875 -0.06411763280630112
v 0.07973938435316086 0.9580364227294922 -0.05062709003686905
v 0.09209181368350983 0.9605177640914917 -0.07184549421072006
v 0.06973087042570114 0.9736025929450989 -0.06883005797863007
v 0.19666032493114471 -0.8874549865722656 -0.09283626824617386
v 0.2219962626695633 -0.8896433115005493 -0.0784735307097435
v 0.16555960476398468 -0.8860329389572144 -0.06274740397930145
v 0.04169059917330742 -0.8749786019325256 -0.05789520591497421
v 0.03449683636426926 -0.8697793483734131 -0.06090835854411125
v -0.27599725127220154 -0.8297720551490784 -0.0709192231297493
v 0.2749013900756836 -0.8289178609848022 -0.06920187920331955
v 0.27440786361694336 -0.8090291619300842 -0.06821482628583908
v -0.028180312365293503 -0.7137525677680969 -0.04951826483011246
v -0.26499927043914795 -0.5044195055961609 -0.053840797394514084
v -0.27390581369400024 -0.6491192579269409 -0.05807548016309738
v -0.26403021812438965 -0.552384614944458 -0.041736338287591934
v -0.02320641465485096 -0.45629438757896423 -0.047142911702394485
v -0.013488593511283398 -0.4473112225532532 -0.06347983330488205
v -0.2556397616863251 -0.1394585222005844 -0.07740533351898193
v 0.20836594700813293 0.06581341475248337 -0.06724348664283752
v 0.2253948152065277 -0.0002329278941033408 -0.06287132203578949
v 0.22762589156627655 -0.011591454036533833 -0.08278483897447586
v 0.24602490663528442 -0.08463772386312485 -0.061852630227804184
v -0.42989206314086914 0.06128354370594025 -0.05606523156166077
v -0.41675764322280884 0.05516025424003601 -0.050861429423093796
v 0.3561464846134186 0.05804955214262009 -0.06780914962291718
v 0.3110639154911041 0.07731620967388153 -0.08029678463935852
v 0.28004205226898193 0.09097808599472046 -0.08000831305980682
v 0.46776002645492554 0.09551239013671875 -0.04003928229212761
v 0.4552047550678253 0.08669833838939667 -0.05380479618906975
v 0.24729378521442413 0.10823221504688263 -0.06926273554563522
v 0.2543320059776306 0.10961151123046875 -0.05874934419989586
v 0.23878386616706848 0.11469576507806778 -0.06160472705960274
v 0.4596806466579437 0.10475925356149673 -0.061607010662555695
v -0.2371843308210373 0.11908149719238281 -0.0646900087594986
v -0.23517408967018127 0.12861676514148712 -0.05160514637827873
v -0.22549226880073547 0.12998920679092407 -0.05211224406957626
v -0.21464534103870392 0.12974365055561066 -0.05199053883552551
v -0.21187780797481537 0.1204652264714241 -0.06101656332612038
v 0.22886091470718384 0.11984086036682129 -0.057892922312021255
v 0.2293207347393036 0.11328046023845673 -0.06910952925682068
v -0.3864726424217224 0.23560576140880585 -0.05462508276104927
v -0.3942839205265045 0.23154456913471222 -0.06896304339170456
v -0.34120073914527893 0.2642206847667694 -0.0649401992559433
v -0.30168694257736206 0.2757663428783417 -0.04771307483315468
v -0.22924241423606873 0.315597802400589 -0.05776900425553322
v -0.18636158108711243 0.339872270822525 -0.057899706065654755
v -0.17502112686634064 0.35421910881996155 -0.07170122116804123
v 0.16160212457180023 0.718896210193634 -0.08329644054174423
v 0.15921548008918762 0.7203970551490784 -0.07088315486907959
v 0.1664813756942749 0.6546729803085327 -0.07802056521177292
v 0.15244311094284058 0.776421308517456 -0.05757516622543335
v 0.14843161404132843 0.85020911693573 -0.06440610438585281
v -0.13756494224071503 0.8952623605728149 -0.06377502530813217
v -0.04515731707215309 0.9835729598999023 -0.0673854723572731
v -0.09263329952955246 -0.8772615790367126 -0.059646330773830414
v -0.11448271572589874 -0.8823774456977844 -0.07162237167358398
v -0.08078346401453018 -0.8792853951454163 -0.08065739274024963
v -0.05000494420528412 -0.877608597278595 -0.09267400205135345
v -0.038351159542798996 -0.8723644018173218 -0.07422763109207153
v -0.03989716246724129 -0.8705524206161499 -0.10937824845314026
v 0.054462142288684845 -0.8791839480400085 -0.09902934730052948
v 0.27307814359664917 -0.8571361899375916 -0.0654788613319397
v 0.2657108008861542 -0.8589414358139038 -0.09274835139513016
v -0.27679502964019775 -0.7859965562820435 -0.06009029224514961
v 0.02653900347650051 -0.7118391990661621 -0.0535433255136013
v 0.02410951443016529 -0.710466742515564 -0.07230295240879059
v -0.028908245265483856 -0.6352344155311584 -0.06096021085977554
v -0.027163906022906303 -0.5583094954490662 -0.07218124717473984
v -0.2692023813724518 -0.5034593939781189 -0.0766029879450798
v -0.2650758922100067 -0.4549737274646759 -0.06625636667013168
v -0.26377779245376587 -0.3965786099433899 -0.07705151289701462
v -0.005898153409361839 -0.43954506516456604 -0.07358533143997192
v -0.0001309715589741245 -0.43488672375679016 -0.08093679696321487
v -0.0019023787463083863 -0.43272313475608826 -0.06179634854197502
v 0.2654044032096863 -0.30976009368896484 -0.06110669672489166
v 0.26309433579444885 -0.3810034692287445 -0.08033285290002823
v 0.2664951682090759 -0.30605509877204895 -0.08229803293943405
v 0.2609331011772156 -0.1636270135641098 -0.07121219485998154
v -0.21943211555480957 0.02338789403438568 -0.07302416861057281
v -0.40079253911972046 0.05675138905644417 -0.06455031037330627
v -0.3431095778942108 0.06309780478477478 -0.06975182890892029
v -0.3654683530330658 0.057628024369478226 -0.07014621794223785
v 0.4169824421405792 0.0604090541601181 -0.05988295376300812
v 0.3950496017932892 0.062351733446121216 -0.07760360836982727
v -0.43645474314689636 0.07243023067712784 -0.06674089282751083
v 0.4315028190612793 0.07133275270462036 -0.06470807641744614
v -0.4244065582752228 0.08575399965047836 -0.09138940274715424
v -0.4447122812271118 0.0884990319609642 -0.07376788556575775
v -0.4536706507205963 0.10606198012828827 -0.07581198215484619
v 0.20367825031280518 0.0912192091345787 -0.07731741666793823
v -0.21691927313804626 0.1146056279540062 -0.07455439120531082
v -0.20836427807807922 0.11182231456041336 -0.06793085485696793
v -0.20428064465522766 0.1023276150226593 -0.07453639060258865
v -0.24660474061965942 0.11100424081087112 -0.07470765709877014
v -0.22913649678230286 0.11502701789140701 -0.07876650243997574
v 0.40509867668151855 0.21869631111621857 -0.07474372535943985
v 0.39714327454566956 0.2269854098558426 -0.06567041575908661
v -0.36764538288116455 0.25072792172431946 -0.09895727783441544
v 0.3653077781200409 0.250466525554657 -0.07304895669221878
v -0.2804279923439026 0.29399409890174866 -0.06378180533647537
v -0.1644401103258133 0.5309032201766968 -0.08651014417409897
v -0.16221116483211517 0.47793713212013245 -0.0883987545967102
v 0.16531620919704437 0.39174965023994446 -0.07395043969154358
v 0.1630467027425766 0.4605771601200104 -0.08341585844755173
v -0.1635769009590149 0.5878919959068298 -0.07806563377380371
v -0.16633543372154236 0.6056554913520813 -0.075604647397995
v -0.1612263321876526 0.7474525570869446 -0.09466396272182465
v -0.16606274247169495 0.6626352667808533 -0.08313188701868057
v -0.16030006110668182 0.7438444495201111 -0.0830395296216011
v -0.15705250203609467 0.836732029914856 -0.09177479892969131
v -0.1429850161075592 0.9001619219779968 -0.08618788421154022
v 0.12102914601564407 0.926457941532135 -0.06454809010028839
v 0.1103421300649643 0.944146990776062 -0.0718071386218071
v 0.13424921035766602 0.914713978767395 -0.07956885546445847
v 0.1018727719783783 0.9587711095809937 -0.09120906889438629
v 0.030176520347595215 0.9895789623260498 -0.07224888354539871
v 0.048674676567316055 0.9830679893493652 -0.06894497573375702
v 0.0019198416266590357 0.9879855513572693 -0.060403548181056976
v -0.22074377536773682 -0.8879056572914124 -0.09257258474826813
v -0.19772468507289886 -0.8868960738182068 -0.09650300443172455
v -0.26727327704429626 -0.8604153394699097 -0.08606168627738953
v -0.26475587487220764 -0.8712870478630066 -0.0690418928861618
v -0.027887338772416115 -0.8501678705215454 -0.11564574390649796
v -0.01940447837114334 -0.8439003825187683 -0.0816580131649971
v 0.27531835436820984 -0.8455320000648499 -0.06589353829622269
v -0.01709219254553318 -0.830085277557373 -0.06944756954908371
v -0.02276923879981041 -0.8170161843299866 -0.08688881993293762
v -0.024225104600191116 -0.6980488896369934 -0.08964506536722183
v -0.024783983826637268 -0.7067165970802307 -0.0689539760351181
v -0.023736078292131424 -0.7618032693862915 -0.08517148345708847
v 0.020179158076643944 -0.46710532903671265 -0.0778808668255806
v 0.01890127919614315 -0.46238160133361816 -0.10129884630441666
v 0.023780539631843567 -0.49728432297706604 -0.08237916976213455
v -0.00012653868179768324 -0.4313168227672577 -0.1012582778930664
v 0.004011222627013922 -0.432716429233551 -0.09307967871427536
v -0.2622385323047638 -0.35968586802482605 -0.09109415113925934
v -0.2639670670032501 -0.34264808893203735 -0.08175265043973923
v -0.26700279116630554 -0.30154094099998474 -0.0718950629234314
v 0.25964394211769104 -0.16559447348117828 -0.09285655617713928
v 0.2678788900375366 -0.23611432313919067 -0.085227832198143
v -0.24275995790958405 -0.08209338039159775 -0.09915783256292343
v -0.2586461305618286 -0.16652294993400574 -0.10042893141508102
v -0.3956473767757416 0.06876356154680252 -0.08982305228710175
v -0.3826864957809448 0.059726256877183914 -0.07716643065214157
v 0.33548250794410706 0.0700097382068634 -0.08659584820270538
v 0.35518425703048706 0.06779665499925613 -0.092315673828125
v -0.32259660959243774 0.07658599317073822 -0.09044056385755539
v -0.3179877996444702 0.07411378622055054 -0.07268612831830978
v -0.29227104783058167 0.08761554211378098 -0.0755235105752945
v 0.4466228485107422 0.09763547033071518 -0.07603282481431961
v 0.4395529329776764 0.08546331524848938 -0.0728709027171135
v 0.420392245054245 0.08299097418785095 -0.08892612904310226
v -0.26626357436180115 0.10092346370220184 -0.0770920142531395
v -0.27399373054504395 0.09878479689359665 -0.09444312751293182
v -0.2001316100358963 0.10120300203561783 -0.1037282720208168
v -0.2033904492855072 0.09976285696029663 -0.09008002281188965
v -0.20628418028354645 0.10544218122959137 -0.0945039764046669
v -0.20609934628009796 0.07476729899644852 -0.08346320688724518
v -0.44377249479293823 0.12528806924819946 -0.09435520321130753
v -0.22173090279102325 0.1125863790512085 -0.08744548261165619
v 0.22534523904323578 0.11041829735040665 -0.07818961888551712
v 0.2360703945159912 0.10964079946279526 -0.07715743035078049
v 0.2209099382162094 0.10908641666173935 -0.08487629145383835
v 0.2527882754802704 0.10309383273124695 -0.08075424283742905
v 0.44808313250541687 0.11289278417825699 -0.08185406774282455
v 0.4371483027935028 0.1260250061750412 -0.09789123386144638
v 0.3241037130355835 0.27364110946655273 -0.07654891908168793
v -0.26800790429115295 0.305138498544693 -0.0817255824804306
v 0.262494832277298 0.30485907196998596 -0.07435833662748337
v 0.21848945319652557 0.32569432258605957 -0.06992759555578232
v 0.2761904299259186 0.3005477786064148 -0.09371291100978851
v 0.18521621823310852 0.3463898301124573 -0.07019578665494919
v 0.17132678627967834 0.36038297414779663 -0.07227595150470734
v 0.16936154663562775 0.3643178939819336 -0.08789844065904617
v -0.16117897629737854 0.5181518793106079 -0.11258301883935928
v -0.1599980890750885 0.4537619352340698 -0.09971899539232254
v -0.16578777134418488 0.5888746380805969 -0.08921460807323456
v -0.16527396440505981 0.5773312449455261 -0.08586784452199936
v -0.17425934970378876 0.606320321559906 -0.08779024332761765
v -0.175733283162117 0.6180934906005859 -0.08350377529859543
v -0.1872788667678833 0.6247059106826782 -0.10101709514856339
v -0.17706972360610962 0.6299704313278198 -0.08917175233364105
v 0.1778014898300171 0.6295738816261292 -0.09010031074285507
v 0.17490561306476593 0.6160472631454468 -0.08500249683856964
v -0.17409257590770721 0.6412118077278137 -0.09546402841806412
v -0.15958790481090546 0.832869291305542 -0.11514542996883392
v -0.16153280436992645 0.7517751455307007 -0.10877430438995361
v 0.16686664521694183 0.6726168990135193 -0.09293319284915924
v 0.1611625850200653 0.7517051696777344 -0.09609054774045944
v 0.1492181271314621 0.8774245977401733 -0.07931194454431534
v -0.03203188255429268 0.9931690692901611 -0.08731020987033844
v -0.054264407604932785 0.9872575998306274 -0.09049469977617264
v 0.011261405423283577 0.9933854937553406 -0.07683510333299637
v -0.009905211627483368 0.9950283169746399 -0.08232060074806213
v -0.23317955434322357 -0.8849173784255981 -0.09780338406562805
v -0.20951594412326813 -0.8859991431236267 -0.1312592327594757
v -0.16746225953102112 -0.886754035949707 -0.09427864104509354
v -0.13907937705516815 -0.8864813446998596 -0.08545316755771637
v 0.2268213927745819 -0.8873468041419983 -0.09728951007127762
v -0.250857412815094 -0.8806489109992981 -0.07640243321657181
v -0.23958003520965576 -0.8769325613975525 -0.11671850085258484
v -0.11729080975055695 -0.884671688079834 -0.09891220927238464
v -0.07211355119943619 -0.8841668963432312 -0.11838398873806
v -0.06077302247285843 -0.8811897039413452 -0.12859541177749634
v 0.16928040981292725 -0.8868082165718079 -0.09034821391105652
v 0.1732153296470642 -0.8880994915962219 -0.12209807336330414
v 0.0410798005759716 -0.8706898093223572 -0.11194972693920135
v 0.027546476572752 -0.8626869916915894 -0.06685809791088104
v 0.022257106378674507 -0.8539112210273743 -0.07768474519252777
v 0.01855202205479145 -0.8439544439315796 -0.08107879012823105
v 0.029876695945858955 -0.8531584143638611 -0.12059707194566727
v 0.016300519928336143 -0.83137446641922 -0.07098229229450226
v 0.27073878049850464 -0.8357082009315491 -0.09138712286949158
v -0.030303260311484337 -0.8206536769866943 -0.12247668206691742
v -0.026970067992806435 -0.7992211580276489 -0.09884679317474365
v -0.013015282340347767 -0.45099151134490967 -0.07870114594697952
v -0.020188763737678528 -0.46752676367759705 -0.08231610059738159
v -0.0158662311732769 -0.4550323486328125 -0.09665849059820175
v 0.2654719650745392 -0.28778448700904846 -0.10328880697488785
v -0.36190304160118103 0.06924352794885635 -0.09430564194917679
v 0.37663930654525757 0.06805591285228729 -0.09352585673332214
v 0.3566040098667145 0.0827341303229332 -0.11407945305109024
v 0.3987952470779419 0.07433905452489853 -0.09438677132129669
v 0.30640333890914917 0.08558273315429688 -0.10149940103292465
v 0.1978277862071991 0.09028615802526474 -0.1090942770242691
v 0.20213453471660614 0.0901690199971199 -0.09252522885799408
v 0.20079365372657776 0.0757342055439949 -0.1073950007557869
v 0.20517252385616302 0.09664828330278397 -0.08181121945381165
v 0.20824424922466278 0.10226219147443771 -0.0864110067486763
v 0.2590399980545044 0.10135627537965775 -0.09376925975084305
v -0.2059483528137207 0.10973092913627625 -0.10394689440727234
v -0.21369877457618713 0.11069770157337189 -0.09410958737134933
v 0.44851580262184143 0.16863307356834412 -0.06804577261209488
v 0.4323570132255554 0.16852493584156036 -0.09568493813276291
v 0.43278297781944275 0.1876136064529419 -0.07732420414686203
v 0.4083777964115143 0.21050649881362915 -0.09037750214338303
v 0.37568822503089905 0.23881274461746216 -0.10348714888095856
v -0.33450958132743835 0.27211982011795044 -0.11050736159086227
v -0.3480249047279358 0.2602497637271881 -0.11899472028017044
v -0.2038726955652237 0.33751264214515686 -0.09318109601736069
v -0.2540171444416046 0.31322917342185974 -0.10156253725290298
v -0.16379553079605103 0.3665062487125397 -0.10387253761291504
v -0.1690240502357483 0.36251047253608704 -0.0877857431769371
v -0.1621142476797104 0.39152881503105164 -0.09447019547224045
v -0.1779147982597351 0.35246583819389343 -0.0893745943903923
v -0.15664911270141602 0.43430599570274353 -0.11409074068069458
v 0.16429530084133148 0.5245996713638306 -0.0976005494594574
v 0.16125501692295074 0.4590085744857788 -0.09776731580495834
v -0.17067374289035797 0.5741152763366699 -0.10103065520524979
v -0.16803470253944397 0.5645618438720703 -0.0902017280459404
v 0.17203444242477417 0.5740566849708557 -0.10465682297945023
v 0.16763514280319214 0.5737907290458679 -0.0898704007267952
v 0.16977393627166748 0.5621392130851746 -0.09550909698009491
v 0.1700219064950943 0.5961313843727112 -0.08623745292425156
v 0.18101076781749725 0.6072083711624146 -0.10026437789201736
v 0.17824558913707733 0.6396927833557129 -0.0988130047917366
v 0.18880847096443176 0.6308808922767639 -0.10743556916713715
v 0.1741843968629837 0.6479998826980591 -0.10695333033800125
v -0.16049839556217194 0.7550451755523682 -0.12333981692790985
v -0.16617538034915924 0.6750057935714722 -0.10265101492404938
v -0.1521643102169037 0.8840616941452026 -0.10131234675645828
v -0.14476320147514343 0.905579686164856 -0.11116315424442291
v 0.14622068405151367 0.8952330946922302 -0.08977798372507095
v 0.13939659297466278 0.9150406718254089 -0.10123120993375778
v -0.10417666286230087 0.9552757143974304 -0.0866183489561081
v -0.12167876213788986 0.9411788582801819 -0.105531245470047
v 0.05696604773402214 0.985693633556366 -0.08914018422365189
v 0.022389957681298256 0.996716320514679 -0.09422900527715683
v -0.1069171279668808 -0.8856204748153687 -0.10964421927928925
v -0.0916687473654747 -0.8861343264579773 -0.11387433856725693
v -0.10699375718832016 -0.8911442160606384 -0.14531771838665009
v 0.11629186570644379 -0.8835899233818054 -0.0900326743721962
v 0.1413821280002594 -0.8861568570137024 -0.08088723570108414
v -0.2706334590911865 -0.8295917510986328 -0.0975554808974266
v -0.2735632658004761 -0.8092319965362549 -0.09317431598901749
v -0.27007007598876953 -0.7807477116584778 -0.12434272468090057
v -0.2748253643512726 -0.7862151861190796 -0.10439763218164444
v -0.27610766887664795 -0.739007294178009 -0.11074626445770264
v 0.022520795464515686 -0.8187222480773926 -0.09483751654624939
v 0.03127399459481239 -0.8212261199951172 -0.12851198017597198
v 0.02699209749698639 -0.8006500005722046 -0.10801029950380325
v -0.028495851904153824 -0.7809392213821411 -0.1124342530965805
v 0.027417922392487526 -0.7140973806381226 -0.11564352363348007
v 0.024862298741936684 -0.763099193572998 -0.1023963913321495
v 0.024517474696040154 -0.7060945630073547 -0.09384139627218246
v -0.2670050859451294 -0.47839850187301636 -0.10195693373680115
v -0.2743295431137085 -0.6242093443870544 -0.10387025773525238
v -0.27250856161117554 -0.5655506253242493 -0.08818691223859787
v -0.005889153108000755 -0.4324527382850647 -0.11004532873630524
v -0.0016251892084255815 -0.4252612590789795 -0.11905328929424286
v -0.2611432671546936 -0.3415009677410126 -0.10778489708900452
v -0.2611454725265503 -0.38714247941970825 -0.10458240658044815
v -0.26748961210250854 -0.2916269898414612 -0.08922360837459564
v -0.26646870374679565 -0.23389674723148346 -0.10119742900133133
v -0.2654072344303131 -0.29136109352111816 -0.10551995784044266
v -0.2568342387676239 -0.18715313076972961 -0.1218433827161789
v 0.2451031357049942 -0.10114362835884094 -0.10985827445983887
v 0.2553821802139282 -0.16886231303215027 -0.11797603219747543
v -0.22159340977668762 0.008191297762095928 -0.09287233650684357
v -0.22358794510364532 -0.01494714617729187 -0.11424622684717178
v 0.20197682082653046 0.047087568789720535 -0.12986649572849274
v 0.21211160719394684 0.034207891672849655 -0.1071944460272789
v -0.3808610141277313 0.084295853972435 -0.1128557100892067
v -0.4042992889881134 0.08325465768575668 -0.10316938906908035
v 0.2696998715400696 0.10139455646276474 -0.10777589678764343
v 0.2882498800754547 0.10160867869853973 -0.12176674604415894
v -0.4076842665672302 0.10253488272428513 -0.11606942117214203
v 0.40486884117126465 0.09043485671281815 -0.1067437082529068
v 0.20606501400470734 0.10421615839004517 -0.10301840305328369
v 0.2137274593114853 0.10774996876716614 -0.09323066473007202
v 0.2402442991733551 0.11053771525621414 -0.10692404210567474
v -0.224257230758667 0.1145109236240387 -0.1011771485209465
v -0.22368936240673065 0.12044265866279602 -0.11691683530807495
v -0.24103818833827972 0.11668572574853897 -0.11387433856725693
v 0.2233191430568695 0.11125436425209045 -0.10128756612539291
v 0.2264832854270935 0.1183759942650795 -0.11951759457588196
v -0.4358079433441162 0.14654025435447693 -0.10454412549734116
v -0.41932904720306396 0.13636262714862823 -0.12002012878656387
v 0.40387049317359924 0.20491059124469757 -0.11003182828426361
v 0.3532775938510895 0.2511786222457886 -0.12184110283851624
v 0.3420857787132263 0.26316821575164795 -0.1127610132098198
v 0.2367849051952362 0.32020437717437744 -0.11152154952287674
v 0.30062487721443176 0.28713613748550415 -0.11220891773700714
v -0.230308398604393 0.3219825029373169 -0.12041901797056198
v -0.29100221395492554 0.2946341633796692 -0.11358364671468735
v 0.19243013858795166 0.34233319759368896 -0.11086796969175339
v 0.2143901139497757 0.3275514245033264 -0.1246739849448204
v -0.17615695297718048 0.3517446219921112 -0.10630424320697784
v 0.15762434899806976 0.4579695463180542 -0.11274979263544083
v 0.160355806350708 0.3946908116340637 -0.10537125915288925
v -0.16951985657215118 0.5538208484649658 -0.0983758345246315
v -0.17564764618873596 0.5590223670005798 -0.11145391315221786
v -0.17123490571975708 0.5496042370796204 -0.11065612733364105
v 0.16714845597743988 0.5460907220840454 -0.11445128172636032
v 0.17048387229442596 0.5526309609413147 -0.1035795658826828
v 0.17527972161769867 0.5622879266738892 -0.11335152387619019
v 0.17868053913116455 0.5646204352378845 -0.13711205124855042
v 0.17644932866096497 0.5726976990699768 -0.12423001974821091
v 0.17836728692054749 0.5858861804008484 -0.1263958215713501
v -0.17205975949764252 0.5963028073310852 -0.09814592450857162
v -0.17114698886871338 0.5884081125259399 -0.10877430438995361
v -0.18159280717372894 0.6048847436904907 -0.10561909526586533
v -0.18975791335105896 0.6179717779159546 -0.11131642758846283
v -0.19322630763053894 0.6285326480865479 -0.11993449181318283
v -0.1762741655111313 0.6463953256607056 -0.10990113019943237
v 0.15915462374687195 0.8313615322113037 -0.10648229718208313
v 0.16074348986148834 0.7755559682846069 -0.11798731237649918
v 0.15639160573482513 0.8702939748764038 -0.11940717697143555
v 0.1543610692024231 0.8728023171424866 -0.09815042465925217
v -0.1567685306072235 0.8702871203422546 -0.11188887059688568
v -0.1552405208349228 0.8761895298957825 -0.13058315217494965
v -0.08943987637758255 0.9725344181060791 -0.11709260940551758
v -0.09021509438753128 0.9681216478347778 -0.09184464812278748
v -0.07536560297012329 0.9791016578674316 -0.09867330640554428
v -0.06311237812042236 0.9869556427001953 -0.11522206664085388
v -0.01629212312400341 0.998591423034668 -0.10668063908815384
v -0.16830061376094818 -0.8875609040260315 -0.12164504826068878
v -0.2654094398021698 -0.846244215965271 -0.10557859390974045
v -0.2556104063987732 -0.8583667278289795 -0.11977000534534454
v 0.263883113861084 -0.8461743593215942 -0.10949545353651047
v 0.2556707262992859 -0.8550087213516235 -0.12288685888051987
v -0.260442316532135 -0.8269211649894714 -0.12770970165729523
v -0.02963617816567421 -0.7513687610626221 -0.12236397713422775
v -0.03704177960753441 -0.7815905809402466 -0.13744787871837616
v -0.014038472436368465 -0.4438878893852234 -0.11076204478740692
v -0.022742170840501785 -0.45964115858078003 -0.11745771765708923
v 0.016086531803011894 -0.4460829794406891 -0.11640974134206772
v 0.023963095620274544 -0.4636774957180023 -0.12099146097898483
v -0.25922757387161255 -0.29917681217193604 -0.1252869963645935
v 0.22614073753356934 -0.044434286653995514 -0.13356702029705048
v 0.2299179583787918 -0.03277150169014931 -0.10684290528297424
v -0.35486704111099243 0.08665992319583893 -0.11848090589046478
v -0.33641839027404785 0.08576972037553787 -0.11576972901821136
v 0.38342952728271484 0.10130670666694641 -0.12521935999393463
v 0.40505367517471313 0.10973992943763733 -0.11958295106887817
v 0.19832801818847656 0.09891321510076523 -0.11262580752372742
v 0.19955633580684662 0.10980978608131409 -0.11997734010219574
v -0.20214641094207764 0.115655817091465 -0.11855747550725937
v -0.21089968085289001 0.12195266038179398 -0.12288007140159607
v -0.19485801458358765 0.1276814192533493 -0.13551190495491028
v -0.19829712808132172 0.10822764784097672 -0.1138676181435585
v -0.21890251338481903 0.130038782954216 -0.132694810628891
v -0.43230578303337097 0.16491226851940155 -0.10387025773525238
v -0.303622841835022 0.2853534519672394 -0.1256137490272522
v 0.17317704856395721 0.35631734132766724 -0.10389053821563721
v 0.1754058450460434 0.34881260991096497 -0.11809322983026505
v -0.16569313406944275 0.35869497060775757 -0.1156187430024147
v -0.1580846905708313 0.3659360408782959 -0.11941389739513397
v 0.1652710735797882 0.3667090833187103 -0.10256087779998779
v -0.1534939706325531 0.3900300860404968 -0.12523964047431946
v -0.15138673782348633 0.35999757051467896 -0.13576889038085938
v 0.16061492264270782 0.3658458888530731 -0.1173134446144104
v -0.17802749574184418 0.5873736143112183 -0.13399748504161835
v -0.17338041961193085 0.580116868019104 -0.11886173486709595
v 0.18441615998744965 0.6042695045471191 -0.1192268431186676
v 0.19055059552192688 0.6205500960350037 -0.11318247020244598
v 0.1933136284351349 0.6298578381538391 -0.12465598434209824
v 0.14238718152046204 0.9116939902305603 -0.12283500283956528
v 0.13120220601558685 0.9313529133796692 -0.11763348430395126
v 0.09957855194807053 0.9635624885559082 -0.13816680014133453
v 0.10461780428886414 0.9595734477043152 -0.11290077865123749
v 0.11784243583679199 0.9477640986442566 -0.12410832196474075
v 0.08442480862140656 0.9745965003967285 -0.10926561057567596
v 0.06668387353420258 0.9849589467048645 -0.13010312616825104
v 0.06168747320771217 0.986842930316925 -0.10941881686449051
v 0.03963736817240715 0.9946519136428833 -0.1062929630279541
v 0.02159002423286438 0.9990512132644653 -0.11663515120744705
v -0.13785791397094727 -0.88911372423172 -0.12665501236915588
v 0.09738346934318542 -0.8840158581733704 -0.10131913423538208
v 0.1251397728919983 -0.889264702796936 -0.12444636225700378
v 0.0838455781340599 -0.8854357004165649 -0.11530770361423492
v -0.22178496420383453 -0.8747554421424866 -0.15295544266700745
v -0.24191932380199432 -0.8669847846031189 -0.136314257979393
v 0.263112336397171 -0.8291658163070679 -0.11755463480949402
v 0.253184974193573 -0.8283634185791016 -0.14167799055576324
v 0.2633444666862488 -0.810947060585022 -0.1229364275932312
v 0.26500773429870605 -0.7887032628059387 -0.12958024442195892
v 0.2727063000202179 -0.7908352017402649 -0.10550867766141891
v -0.026875432580709457 -0.6983216404914856 -0.11006339639425278
v -0.031892113387584686 -0.680307924747467 -0.1286945343017578
v -0.0331406407058239 -0.46422287821769714 -0.13864684104919434
v -0.02944912388920784 -0.4927251636981964 -0.12468298524618149
v -0.20675520598888397 0.02912122569978237 -0.13137643039226532
v -0.2247079759836197 -0.04796138405799866 -0.14122502505779266
v -0.35641083121299744 0.1018272340297699 -0.134038046002388
v -0.3213300108909607 0.08618224412202835 -0.11127364635467529
v -0.30587878823280334 0.1022081971168518 -0.13057637214660645
v 0.19055287539958954 0.09469203650951385 -0.12489259988069534
v -0.29750633239746094 0.09254880249500275 -0.10681583732366562
v -0.2678637206554413 0.106999471783638 -0.11251316964626312
v -0.18117141723632812 0.115669384598732 -0.13918092846870422
v -0.1905241310596466 0.08673662692308426 -0.12979435920715332
v -0.1924150288105011 0.10407188534736633 -0.11958516389131546
v -0.4030056297779083 0.1263045370578766 -0.13024282455444336
v -0.38420093059539795 0.11979129165410995 -0.13835835456848145
v -0.27043741941452026 0.11294464021921158 -0.12788547575473785
v -0.3954039514064789 0.14937542378902435 -0.14170955121517181
v 0.4229748845100403 0.14605344831943512 -0.11426200717687607
v 0.41823774576187134 0.12652753293514252 -0.11638724058866501
v 0.40665823221206665 0.19027964770793915 -0.1187017485499382
v 0.4174669682979584 0.16779015958309174 -0.11629704385995865
v 0.3278673589229584 0.26432669162750244 -0.13212914764881134
v 0.346439927816391 0.24624305963516235 -0.13740280270576477
v 0.3123035132884979 0.2779906988143921 -0.12523514032363892
v -0.1635701209306717 0.34664008021354675 -0.13463298976421356
v -0.18491022288799286 0.340435653924942 -0.12611863017082214
v -0.17058810591697693 0.35109326243400574 -0.1207796260714531
v -0.14987680315971375 0.4464690387248993 -0.13502517342567444
v 0.15196086466312408 0.45558518171310425 -0.12912049889564514
v 0.1477779746055603 0.3854281008243561 -0.1396857351064682
v 0.144007608294487 0.4441973865032196 -0.1457526832818985
v 0.15882109105587006 0.5207233428955078 -0.12146477401256561
v -0.1675974577665329 0.5454800724983215 -0.12311219424009323
v -0.16167479753494263 0.5448736548423767 -0.13625791668891907
v -0.1747078001499176 0.5544203519821167 -0.12950360774993896
v 0.16613426804542542 0.546252965927124 -0.12941347062587738
v -0.17652656137943268 0.570180356502533 -0.11995477229356766
v -0.17805907130241394 0.5635072588920593 -0.1300535500049591
v -0.17269305884838104 0.6498072743415833 -0.12246989458799362
v -0.18465331196784973 0.6418585777282715 -0.12615463137626648
v -0.16195876896381378 0.679821789264679 -0.1286584734916687
v -0.170006662607193 0.6492213606834412 -0.13520093262195587
v 0.17568311095237732 0.6489621996879578 -0.12121908366680145
v 0.18496154248714447 0.6406866908073425 -0.13466227054595947
v 0.17224842309951782 0.6489847898483276 -0.13454514741897583
v 0.1646648347377777 0.6777371168136597 -0.12025224417448044
v 0.1571331024169922 0.8267392516136169 -0.14579996466636658
v 0.15895850956439972 0.7497670650482178 -0.13433101773262024
v 0.1571352481842041 0.725864589214325 -0.14247354865074158
v -0.1467757374048233 0.9011692404747009 -0.13458792865276337
v -0.13568761944770813 0.923086404800415 -0.1236170083284378
v -0.12316391617059708 0.939128041267395 -0.1365666687488556
v 0.12373132258653641 0.9402639269828796 -0.141326442360878
v 0.027440490201115608 0.996729850769043 -0.14075849950313568
v 0.004069790244102478 1.0 -0.12509094178676605
v -0.16369859874248505 -0.8910383582115173 -0.14441172778606415
v 0.13111436367034912 -0.8933776617050171 -0.15114347636699677
v 0.1523282527923584 -0.8912771940231323 -0.13939055800437927
v 0.06801803410053253 -0.88255774974823 -0.1374095231294632
v 0.0752410814166069 -0.8847844004631042 -0.12798917293548584
v 0.18014083802700043 -0.889521598815918 -0.14800633490085602
v 0.23195521533489227 -0.8823481798171997 -0.11206014454364777
v 0.2070520669221878 -0.8855416178703308 -0.1404159516096115
v 0.2375916838645935 -0.8732545971870422 -0.1277322620153427
v -0.037515025585889816 -0.8521218299865723 -0.13982100784778595
v -0.033073075115680695 -0.8390458822250366 -0.13615649938583374
v -0.03946898505091667 -0.8214402198791504 -0.14588110148906708
v -0.032606545835733414 -0.5735105872154236 -0.1299814134836197
v -0.027601081877946854 -0.5546495318412781 -0.1118280217051506
v 0.03193892538547516 -0.4634363055229187 -0.14005984365940094
v 0.02947101928293705 -0.4954092800617218 -0.12546727061271667
v 0.012694704346358776 -0.43360212445259094 -0.126159206032753
v 0.006091454066336155 -0.41986367106437683 -0.13418224453926086
v 0.017918655648827553 -0.42799270153045654 -0.14200931787490845
v -0.24903874099254608 -0.46808338165283203 -0.15208552777767181
v -0.25703027844429016 -0.46026086807250977 -0.13693849742412567
v -0.2477969229221344 -0.3878118395805359 -0.14494360983371735
v 0.260090172290802 -0.23802094161510468 -0.12444186210632324
v 0.2586297392845154 -0.3057575523853302 -0.12452977895736694
v 0.25034523010253906 -0.313798725605011 -0.14373564720153809
v 0.257606565952301 -0.3792433440685272 -0.12172846496105194
v 0.249869704246521 -0.18670016527175903 -0.14353281259536743
v -0.36126524209976196 0.11621019244194031 -0.14438694715499878
v -0.3333015441894531 0.11911521106958389 -0.1512088179588318
v 0.18357323110103607 0.08529875427484512 -0.14326684176921844
v 0.17962703108787537 0.10482466965913773 -0.14076299965381622
v 0.2685821056365967 0.1201946884393692 -0.13977816700935364
v 0.30507132411003113 0.10939967632293701 -0.13897587358951569
v 0.18803782761096954 0.12047422677278519 -0.13812845945358276
v 0.20059296488761902 0.12458714097738266 -0.13382171094417572
v -0.38785186409950256 0.16869165003299713 -0.14792747795581818
v -0.3756594955921173 0.16095034778118134 -0.1559009552001953
v 0.3768984079360962 0.15423211455345154 -0.14991743862628937
v 0.39555883407592773 0.13129638135433197 -0.1341124027967453
v 0.367755264043808 0.13840900361537933 -0.15121331810951233
v 0.4007333517074585 0.16896432638168335 -0.1329382210969925
v -0.40820491313934326 0.18608561158180237 -0.12323839962482452
v 0.3829450011253357 0.21055150032043457 -0.13225536048412323
v -0.38826653361320496 0.20907092094421387 -0.13270388543605804
v -0.36781442165374756 0.23137785494327545 -0.13466456532478333
v -0.3185737431049347 0.2727373242378235 -0.13312305510044098
v -0.3424830436706543 0.2537613809108734 -0.13486739993095398
v 0.2966381013393402 0.2784346640110016 -0.14166449010372162
v -0.2813970446586609 0.288330614566803 -0.1436319500207901
v 0.21671132743358612 0.31885895133018494 -0.14015455543994904
v 0.18496368825435638 0.3388219475746155 -0.12982143461704254
v 0.16462655365467072 0.35295936465263367 -0.12706290185451508
v 0.1551971435546875 0.3598465919494629 -0.13291122019290924
v 0.14828506112098694 0.3502143323421478 -0.1487094759941101
v -0.13860385119915009 0.45307457447052 -0.15410254895687103
v -0.1455632746219635 0.5004515051841736 -0.14585410058498383
v -0.13793227076530457 0.524405837059021 -0.15934236347675323
v -0.15107126533985138 0.5396384596824646 -0.14586082100868225
v -0.159955233335495 0.5539312958717346 -0.1525745540857315
v 0.1623729020357132 0.546536922454834 -0.1395370364189148
v 0.17393870651721954 0.5539065599441528 -0.1384574919939041
v -0.17694345116615295 0.5634350776672363 -0.14709362387657166
v -0.18666134774684906 0.6093965768814087 -0.12516529858112335
v -0.18999004364013672 0.616078794002533 -0.14402183890342712
v -0.18383295834064484 0.6009813547134399 -0.14256598055362701
v 0.1912853866815567 0.6312415599822998 -0.13810816407203674
v 0.18667209148406982 0.6311355829238892 -0.15137337148189545
v 0.19176091253757477 0.6197747588157654 -0.14242170751094818
v 0.168662890791893 0.6446262001991272 -0.14752408862113953
v 0.15987583994865417 0.6763107180595398 -0.14137829840183258
v 0.15510472655296326 0.867882490158081 -0.14341332018375397
v 0.15068984031677246 0.8899437189102173 -0.13372699916362762
v 0.1406293362379074 0.9101344347000122 -0.14721983671188354
v -0.05589604377746582 0.988851010799408 -0.13888117671012878
v -0.07611160725355148 0.980570912361145 -0.13346560299396515
v -0.015048095025122166 0.9984539747238159 -0.1337067186832428
v -0.05320515111088753 -0.8761933445930481 -0.13499587774276733
v -0.06983733177185059 -0.8814443945884705 -0.15211252868175507
v -0.046930938959121704 -0.8696532249450684 -0.13814423978328705
v 0.07793869078159332 -0.882059633731842 -0.16045118868350983
v 0.05834978073835373 -0.8780954480171204 -0.14037089049816132
v 0.06012333557009697 -0.8701602220535278 -0.1600184440612793
v 0.04965957999229431 -0.8714426159858704 -0.1419394612312317
v 0.043367303907871246 -0.8628019690513611 -0.14406011998653412
v 0.22279633581638336 -0.8668811917304993 -0.16342155635356903
v 0.24240323901176453 -0.8604491353034973 -0.1413106620311737
v -0.24134238064289093 -0.8556172251701355 -0.15181733667850494
v -0.04588746652007103 -0.8617562055587769 -0.14680515229701996
v -0.051834918558597565 -0.8523133993148804 -0.16200396418571472
v -0.05975211411714554 -0.8697996139526367 -0.15917786955833435
v -0.2542537450790405 -0.8045713305473328 -0.14638148248195648
v -0.24787583947181702 -0.8236442804336548 -0.1535954624414444
v -0.043302491307258606 -0.5040566325187683 -0.15399663150310516
v -0.03856299817562103 -0.6027024388313293 -0.14445680379867554
v -0.047467317432165146 -0.6190326809883118 -0.1580667644739151
v 0.03350292891263962 -0.6749644875526428 -0.1333146095275879
v 0.03241888806223869 -0.5699790716171265 -0.13024060428142548
v 0.04033386707305908 -0.6030157208442688 -0.14796125888824463
v -0.2533184885978699 -0.2350100725889206 -0.142241433262825
v -0.24822738766670227 -0.2915887236595154 -0.15156714618206024
v -0.19177944958209991 0.05023827403783798 -0.15191425383090973
v 0.3080034852027893 0.13063158094882965 -0.15862120687961578
v 0.3320411145687103 0.10618583112955093 -0.1386580467224121
v 0.35653185844421387 0.10354679077863693 -0.1340019851922989
v 0.35902220010757446 0.12296456843614578 -0.1475353091955185
v 0.17672429978847504 0.11815972626209259 -0.14597351849079132
v 0.1740604043006897 0.1347624808549881 -0.15541192889213562
v 0.23588113486766815 0.1289885938167572 -0.13829971849918365
v 0.24613989889621735 0.1402006894350052 -0.15488004684448242
v -0.27183470129966736 0.12003470212221146 -0.13968802988529205
v -0.2644944489002228 0.13298435509204865 -0.15174970030784607
v -0.23254625499248505 0.1356392502784729 -0.1436905860900879
v -0.20516185462474823 0.1438944935798645 -0.14860355854034424
v 0.20356111228466034 0.14338283240795135 -0.15101498365402222
v 0.21547630429267883 0.12875203788280487 -0.13432201743125916
v 0.3792670667171478 0.17208576202392578 -0.14933377504348755
v 0.37303563952445984 0.19155524671077728 -0.15054401755332947
v -0.38914552330970764 0.1888643503189087 -0.14205887913703918
v 0.3631555438041687 0.2111825793981552 -0.14975295960903168
v 0.35560110211372375 0.22939233481884003 -0.14431481063365936
v -0.3373807370662689 0.24385413527488708 -0.15008877217769623
v 0.3249330520629883 0.24760651588439941 -0.15411154925823212
v 0.2587830126285553 0.29159843921661377 -0.15094062685966492
v 0.20921330153942108 0.31024986505508423 -0.15512795746326447
v -0.21311055123806 0.3226698637008667 -0.1371571123600006
v -0.17289811372756958 0.3251129388809204 -0.1532619148492813
v -0.15757760405540466 0.3378957509994507 -0.14824295043945312
v -0.15287195146083832 0.32490110397338867 -0.1601492017507553
v -0.1518915444612503 0.3481748104095459 -0.144251748919487
v -0.14218494296073914 0.3486660420894623 -0.15302079916000366
v 0.14292140305042267 0.49939000606536865 -0.14955240488052368
v 0.13489143550395966 0.45129188895225525 -0.16058416664600372
v 0.13915319740772247 0.5239054560661316 -0.15666046738624573
v 0.1504012942314148 0.53840571641922 -0.14493004977703094
v 0.17616306245326996 0.5640660524368286 -0.15163250267505646
v -0.1819939911365509 0.5898436903953552 -0.15484856069087982
v 0.1866675317287445 0.6024191975593567 -0.14081035554409027
v 0.18618299067020416 0.6015357375144958 -0.15744702517986298
v -0.1932196021080017 0.6264817118644714 -0.1384800672531128
v -0.18951229751110077 0.6226482391357422 -0.15472684800624847
v -0.19174566864967346 0.6337994933128357 -0.13136965036392212
v -0.18666812777519226 0.6376127004623413 -0.14217379689216614
v -0.1789875477552414 0.6413267850875854 -0.14759394526481628
v -0.1855705827474594 0.6316426992416382 -0.15456679463386536
v -0.1677597314119339 0.6429200768470764 -0.1483038067817688
v -0.15782099962234497 0.757661759853363 -0.13864454627037048
v -0.15485063195228577 0.7514393329620361 -0.15187139809131622
v -0.15498362481594086 0.8402794599533081 -0.1493450552225113
v 0.14963051676750183 0.8648692965507507 -0.16873791813850403
v -0.15069037675857544 0.8838340044021606 -0.1476300060749054
v -0.14481955766677856 0.88808673620224 -0.16622737050056458
v 0.13325302302837372 0.9096679091453552 -0.17295460402965546
v 0.1277676671743393 0.9292929768562317 -0.15808482468128204
v -0.09126535058021545 0.9696835279464722 -0.14126788079738617
v 0.09343726187944412 0.9635489583015442 -0.16135038435459137
v 0.0770980566740036 0.9774338006973267 -0.14924363791942596
v -0.17853909730911255 -0.8898822069168091 -0.15422646701335907
v -0.14419075846672058 -0.8935760259628296 -0.15954290330410004
v -0.11624962091445923 -0.8909391760826111 -0.16537094116210938
v 0.1036374643445015 -0.8909594416618347 -0.14816410839557648
v 0.12895755469799042 -0.8928705453872681 -0.165508434176445
v -0.18678982555866241 -0.8877299427986145 -0.16048496961593628
v 0.1847969889640808 -0.888011634349823 -0.16345754265785217
v 0.0392475426197052 -0.8521893620491028 -0.14572560787200928
v 0.038923002779483795 -0.8386560678482056 -0.1486509144306183
v 0.04975643381476402 -0.8502084016799927 -0.16350267827510834
v -0.2391270101070404 -0.8409728407859802 -0.16333812475204468
v -0.22644104063510895 -0.8510490655899048 -0.17555536329746246
v 0.24611961841583252 -0.8451917171478271 -0.1492052972316742
v -0.2319805920124054 -0.8268715739250183 -0.17457951605319977
v 0.04241853207349777 -0.8213860988616943 -0.15153107047080994
v -0.26567542552948 -0.6557541489601135 -0.13868962228298187
v -0.2555044889450073 -0.6605094075202942 -0.15682952105998993
v -0.2637755274772644 -0.7432307004928589 -0.14252090454101562
v -0.03615386039018631 -0.45244738459587097 -0.15080314874649048
v -0.03292658552527428 -0.43551093339920044 -0.1575935184955597
v -0.019467612728476524 -0.43275919556617737 -0.14015455543994904
v -0.049657903611660004 -0.43606311082839966 -0.17383351922035217
v -0.02826373092830181 -0.4149010479450226 -0.1645483821630478
v 0.03212819620966911 -0.4416770339012146 -0.15202239155769348
v 0.02691311202943325 -0.42147281765937805 -0.15831245481967926
v 0.0368519052863121 -0.41330769658088684 -0.17304924130439758
v 0.021224915981292725 -0.4037250876426697 -0.165183886885643
v -0.24226193130016327 -0.3252294063568115 -0.155722975730896
v -0.23587273061275482 -0.3474844992160797 -0.1624637097120285
v 0.23859903216362 -0.3283281922340393 -0.1611340492963791
v 0.24145904183387756 -0.2739964723587036 -0.16582168638706207
v 0.23145267367362976 -0.25215378403663635 -0.1900780200958252
v 0.24316731095314026 -0.224343404173851 -0.1659591794013977
v -0.24395442008972168 -0.1700499802827835 -0.15133503079414368
v 0.2388402819633484 -0.1685512661933899 -0.16413141787052155
v 0.21563628315925598 -0.045894719660282135 -0.16155093908309937
v 0.205774188041687 0.0071163903921842575 -0.15122459828853607
v -0.2327558845281601 -0.11468608677387238 -0.15888939797878265
v -0.2186388224363327 -0.07424381375312805 -0.17324529588222504
v -0.1726367026567459 0.06577969342470169 -0.17441946268081665
v -0.18954379856586456 0.00996727216988802 -0.18074102699756622
v 0.19129438698291779 0.051396600902080536 -0.15149728953838348
v 0.17363901436328888 0.07189613580703735 -0.16826239228248596
v -0.17722971737384796 0.1355152726173401 -0.15052595734596252
v -0.1648254245519638 0.13600879907608032 -0.15990130603313446
v 0.3367018401622772 0.14763101935386658 -0.16504640877246857
v -0.1860213279724121 0.14517223834991455 -0.15289458632469177
v -0.18690025806427002 0.15978746116161346 -0.16403228044509888
v 0.35334745049476624 0.1771632879972458 -0.16430719196796417
v -0.37276124954223633 0.18780288100242615 -0.154666006565094
v 0.33843937516212463 0.21476824581623077 -0.16434325277805328
v -0.3053514063358307 0.2572207748889923 -0.16135038435459137
v -0.3344712257385254 0.2306317836046219 -0.16215045750141144
v 0.29394492506980896 0.2537410855293274 -0.16805283725261688
v 0.29362037777900696 0.2673037052154541 -0.15698277950286865
v -0.27252885699272156 0.28061389923095703 -0.15873834490776062
v -0.24399270117282867 0.3014199733734131 -0.15025776624679565
v -0.20490716397762299 0.3147977590560913 -0.15215086936950684
v 0.14110258221626282 0.336588591337204 -0.1622653752565384
v 0.16482938826084137 0.3293971121311188 -0.156189426779747
v -0.15931972861289978 0.5650261044502258 -0.16451680660247803
v -0.1686522215604782 0.5627498626708984 -0.16137966513633728
v -0.17431798577308655 0.5737524628639221 -0.1668921560049057
v -0.17459967732429504 0.5640570521354675 -0.15858735144138336
v 0.15976986289024353 0.5514296293258667 -0.14897994697093964
v 0.1592763364315033 0.5616771578788757 -0.1607644408941269
v 0.16890858113765717 0.5621752142906189 -0.15804876387119293
v -0.17844218015670776 0.5744600892066956 -0.15802398324012756
v 0.1520577222108841 0.5654948949813843 -0.16262370347976685
v 0.14533276855945587 0.5678635835647583 -0.15930406749248505
v 0.14845861494541168 0.5785617232322693 -0.16477371752262115
v 0.13863709568977356 0.5660764575004578 -0.16312628984451294
v 0.1418417990207672 0.5843378901481628 -0.16337870061397552
v 0.14486180245876312 0.6281383037567139 -0.16379566490650177
v 0.14538690447807312 0.6653239727020264 -0.16540701687335968
v 0.1527293622493744 0.6353139281272888 -0.1597299575805664
v 0.18295800685882568 0.6194322109222412 -0.16546335816383362
v 0.17815545201301575 0.632440447807312 -0.15900203585624695
v -0.14583146572113037 0.6309778690338135 -0.16432975232601166
v -0.15476049482822418 0.6396860480308533 -0.1535954624414444
v -0.14847950637340546 0.6638882756233215 -0.15779635310173035
v 0.15099409222602844 0.7466458082199097 -0.16341248154640198
v 0.1122172400355339 0.946475088596344 -0.16396014392375946
v -0.10592778772115707 0.954971432685852 -0.15030962228775024
v -0.11956031620502472 0.9359074831008911 -0.16521316766738892
v -0.08709830790758133 0.9660212993621826 -0.16727083921432495
v 0.05249689519405365 0.9884340763092041 -0.15007521212100983
v -0.03387085720896721 0.9939036965370178 -0.14639948308467865
v -0.051192618906497955 0.9850648045539856 -0.16509824991226196
v -0.009990846738219261 0.9944536685943604 -0.16171321272850037
v 0.03611712157726288 0.9895925521850586 -0.1649111956357956
v 0.19984030723571777 -0.8752828240394592 -0.17839495837688446
v 0.209756538271904 -0.8626464009284973 -0.1837203949689865
v 0.0632830411195755 -0.8568207025527954 -0.175722137093544
v 0.06238612160086632 -0.8471974730491638 -0.17872628569602966
v 0.047144390642642975 -0.8025341033935547 -0.15498147904872894
v 0.058374498039484024 -0.8161801099777222 -0.16986481845378876
v 0.24217340350151062 -0.829197347164154 -0.16079150140285492
v 0.22997653484344482 -0.8277910351753235 -0.17593617737293243
v 0.24274136126041412 -0.8063134551048279 -0.1632840633392334
v 0.2551523447036743 -0.7836347222328186 -0.15061159431934357
v 0.2435707002878189 -0.7705069780349731 -0.1673721820116043
v 0.05033794790506363 -0.6208333373069763 -0.16278596222400665
v 0.06105639040470123 -0.6260844469070435 -0.17409943044185638
v 0.05009225755929947 -0.7457007765769958 -0.16016720235347748
v -0.04804426431655884 -0.7441840767860413 -0.15597759187221527
v -0.06003158912062645 -0.6448237895965576 -0.1720125526189804
v -0.0312633141875267 -0.39695727825164795 -0.1779194325208664
v -0.013889702036976814 -0.38894546031951904 -0.17073695361614227
v -0.2294948250055313 -0.3954991400241852 -0.17044176161289215
v -0.22197429835796356 -0.34490400552749634 -0.17953084409236908
v 0.23635438084602356 -0.39016011357307434 -0.16159150004386902
v 0.226239874958992 -0.3414401113986969 -0.17603538930416107
v -0.233089417219162 -0.2703477442264557 -0.18607774376869202
v -0.2304278165102005 -0.16535556316375732 -0.18802721798419952
v 0.2257959246635437 -0.10862593352794647 -0.17159336805343628
v 0.22760333120822906 -0.1644788533449173 -0.19230467081069946
v 0.20611673593521118 -0.0606427900493145 -0.18913604319095612
v 0.16323597729206085 0.11755792796611786 -0.15995308756828308
v 0.15246111154556274 0.10588385909795761 -0.17805013060569763
v 0.1433766484260559 0.1309019774198532 -0.1799658089876175
v -0.3543441593647003 0.13627704977989197 -0.15653425455093384
v -0.3146906793117523 0.13837972283363342 -0.1646069437265396
v -0.29896676540374756 0.13076899945735931 -0.15812310576438904
v 0.15962330996990204 0.15068700909614563 -0.16932843625545502
v 0.17375615239143372 0.15476849675178528 -0.16593438386917114
v 0.27932754158973694 0.15527558326721191 -0.1713995337486267
v 0.307512104511261 0.15419825911521912 -0.17186155915260315
v -0.25284966826438904 0.14956697821617126 -0.16345754265785217
v 0.19087514281272888 0.16047696769237518 -0.16528309881687164
v 0.21595638990402222 0.15728583931922913 -0.16341926157474518
v 0.2451031357049942 0.15786506235599518 -0.1684810072183609
v -0.1739438772201538 0.1773684024810791 -0.1746583729982376
v -0.20710673928260803 0.16617201268672943 -0.16834352910518646
v -0.3498142957687378 0.20463789999485016 -0.16397592425346375
v -0.3602781295776367 0.17982032895088196 -0.16318486630916595
v -0.320523202419281 0.22169817984104156 -0.1725309193134308
v -0.2748997211456299 0.26550528407096863 -0.16994595527648926
v 0.297248899936676 0.23940996825695038 -0.17356760799884796
v 0.25315338373184204 0.2627445459365845 -0.17711035907268524
v -0.1875380426645279 0.3079060912132263 -0.16359953582286835
v 0.19126953184604645 0.3043789863586426 -0.16625215113162994
v -0.137136772274971 0.3177928924560547 -0.17086093127727509
v -0.1578345000743866 0.30857089161872864 -0.16915938258171082
v 0.13416807353496552 0.3186335265636444 -0.17345941066741943
v 0.12706445157527924 0.3562023639678955 -0.17358340322971344
v -0.12863361835479736 0.36698177456855774 -0.1673204004764557
v -0.13073857128620148 0.33198657631874084 -0.16971154510974884
v 0.12902069091796875 0.4964759945869446 -0.16955377161502838
v 0.13205856084823608 0.5405759215354919 -0.1679176390171051
v 0.13033001124858856 0.5691414475440979 -0.17345713078975677
v 0.16019125282764435 0.5743293762207031 -0.1709938496351242
v 0.1730102151632309 0.5833552479743958 -0.173653244972229
v 0.17932505905628204 0.5872474908828735 -0.16745789349079132
v 0.17486503720283508 0.5742323994636536 -0.16505546867847443
v -0.1797177642583847 0.5858029127120972 -0.16546335816383362
v -0.14046767354011536 0.5997982025146484 -0.17159786820411682
v -0.13612936437129974 0.5738808512687683 -0.17064909636974335
v -0.14532208442687988 0.5808266401290894 -0.1677711457014084
v 0.14215277135372162 0.6073863506317139 -0.16651584208011627
v 0.14536204934120178 0.5960391163825989 -0.16558057069778442
v 0.1516047567129135 0.596990168094635 -0.1697453260421753
v 0.1828250139951706 0.6037691235542297 -0.16736547648906708
v -0.14216016232967377 0.6175368428230286 -0.1713702529668808
v -0.148445725440979 0.6151750683784485 -0.1712891161441803
v -0.1358521729707718 0.6248997449874878 -0.1764094978570938
v 0.13731421530246735 0.6048058867454529 -0.1697814017534256
v -0.18290448188781738 0.6215664744377136 -0.16430047154426575
v -0.16370989382266998 0.6331098079681396 -0.16114982962608337
v -0.1627994030714035 0.6234189867973328 -0.17033126950263977
v -0.1706782430410385 0.6255306601524353 -0.16887769103050232
v 0.1652170717716217 0.6349870562553406 -0.1596331149339676
v 0.16118744015693665 0.6232094764709473 -0.1686049997806549
v 0.13463903963565826 0.7002559304237366 -0.18686431646347046
v 0.1423511803150177 0.74256432056427 -0.1803196370601654
v -0.14119338989257812 0.7089709639549255 -0.17643649876117706
v -0.15016749501228333 0.7359497547149658 -0.16356803476810455
v 0.14011552929878235 0.8208932280540466 -0.19369296729564667
v -0.11405903846025467 0.9299533367156982 -0.1889849752187729
v -0.13036896288394928 0.9130687117576599 -0.1779622882604599
v -0.1238490641117096 -0.8875969648361206 -0.1784130185842514
v -0.15904024243354797 -0.8888590335845947 -0.1785775125026703
v -0.13644711673259735 -0.8842570185661316 -0.18823225796222687
v -0.09239217638969421 -0.8845995664596558 -0.1673136204481125
v 0.15717366337776184 -0.8911510109901428 -0.17284418642520905
v 0.13350099325180054 -0.8894765377044678 -0.1781560480594635
v 0.1823674887418747 -0.8850615620613098 -0.17554178833961487
v -0.1988605111837387 -0.8762699365615845 -0.17730191349983215
v -0.19299869239330292 -0.8835831880569458 -0.16770580410957336
v -0.20149733126163483 -0.8663830757141113 -0.18769589066505432
v -0.18098436295986176 -0.8763465881347656 -0.19245344400405884
v -0.07546702772378922 -0.8773472309112549 -0.16712884604930878
v -0.07643157988786697 -0.8702526688575745 -0.17626750469207764
v 0.07864633947610855 -0.8750259280204773 -0.17313265800476074
v 0.09881676733493805 -0.879438579082489 -0.18047961592674255
v 0.07185153663158417 -0.8660540580749512 -0.1766190528869629
v 0.07941484451293945 -0.8582856059074402 -0.188126340508461
v -0.07087630033493042 -0.8529465794563293 -0.18237273395061493
v -0.0630808100104332 -0.8403463363647461 -0.17636214196681976
v 0.07543263584375381 -0.8191143870353699 -0.18520332872867584
v 0.0793585553765297 -0.7906999588012695 -0.1860416829586029
v 0.011450676247477531 -0.35808801651000977 -0.1982949823141098
v 0.0011559079866856337 -0.3846273422241211 -0.16863428056240082
v -0.004307083785533905 -0.3735527992248535 -0.17961648106575012
v -0.014985027723014355 -0.36318132281303406 -0.19359154999256134
v -0.20525649189949036 -0.356771856546402 -0.19173000752925873
v -0.21193186938762665 -0.3226804733276367 -0.19249172508716583
v -0.2089345008134842 -0.10053525120019913 -0.20807594060897827
v -0.2018083781003952 -0.04852704703807831 -0.19119814038276672
v -0.13207495212554932 0.1313932240009308 -0.1898549646139145
v -0.15346461534500122 0.10846205055713654 -0.17619086802005768
v -0.15216653048992157 0.13392184674739838 -0.1702321320772171
v -0.14744281768798828 0.16075879335403442 -0.17676103115081787
v -0.3214404284954071 0.15042103826999664 -0.1691683828830719
v -0.33537721633911133 0.16023585200309753 -0.16894075274467468
v -0.28691181540489197 0.15977388620376587 -0.17438790202140808
v 0.1450556367635727 0.14814496040344238 -0.17806141078472137
v 0.14552202820777893 0.16760088503360748 -0.180085226893425
v -0.3158513009548187 0.18372824788093567 -0.17797356843948364
v -0.35042503476142883 0.16929572820663452 -0.16677723824977875
v 0.3150709569454193 0.17052847146987915 -0.1757671982049942
v -0.24554099142551422 0.16503168642520905 -0.17221538722515106
v -0.2431475669145584 0.17927266657352448 -0.17875556647777557
v 0.17262253165245056 0.1762099415063858 -0.17610295116901398
v 0.24541424214839935 0.18146103620529175 -0.17962998151779175
v 0.29353711009025574 0.19299767911434174 -0.18233437836170197
v 0.324851930141449 0.1839693784713745 -0.17521503567695618
v 0.32346147298812866 0.2010365128517151 -0.17455245554447174
v -0.28479787707328796 0.24412912130355835 -0.1773875504732132
v -0.2947591543197632 0.22219185531139374 -0.18122783303260803
v 0.2854778468608856 0.22328704595565796 -0.18202340602874756
v 0.30908066034317017 0.22131507098674774 -0.17485220730304718
v -0.2402290552854538 0.26859286427497864 -0.17745068669319153
v -0.18987062573432922 0.29035213589668274 -0.17456373572349548
v -0.2085941731929779 0.26621749997138977 -0.18260034918785095
v 0.15683099627494812 0.30497393012046814 -0.1736036092042923
v 0.20218409597873688 0.2853580117225647 -0.1756725013256073
v -0.12340731918811798 0.306871622800827 -0.18094386160373688
v 0.13270536065101624 0.2986929416656494 -0.18131347000598907
v 0.11269048601388931 0.42536553740501404 -0.18739169836044312
v 0.12511277198791504 0.4327080249786377 -0.1739349365234375
v -0.12727460265159607 0.49399465322494507 -0.17073923349380493
v -0.12592466175556183 0.4339183270931244 -0.16997523605823517
v -0.10923390835523605 0.39377346634864807 -0.1875201165676117
v -0.12788312137126923 0.5394941568374634 -0.1740092933177948
v -0.12311434745788574 0.5748611688613892 -0.1841035783290863
v -0.15346011519432068 0.5878378748893738 -0.17314386367797852
v -0.15329335629940033 0.5729072093963623 -0.16811589896678925
v -0.16255827248096466 0.5783475637435913 -0.1731506586074829
v -0.17691417038440704 0.5907202959060669 -0.17117640376091003
v -0.1627272665500641 0.5915768146514893 -0.17688502371311188
v -0.1704574078321457 0.5909457206726074 -0.1755756437778473
v -0.15636514127254486 0.6025499105453491 -0.17546065151691437
v 0.15924020111560822 0.5903643369674683 -0.17477557063102722
v 0.16662779450416565 0.5854355096817017 -0.17627650499343872
v -0.17754746973514557 0.6067981123924255 -0.17217253148555756
v 0.15838384628295898 0.6086123585700989 -0.17327913641929626
v -0.15838445723056793 0.6145552396774292 -0.1734841912984848
v 0.16856376826763153 0.6093875765800476 -0.1758843958377838
v 0.1771232634782791 0.6064419746398926 -0.1739642173051834
v -0.16826453804969788 0.6177419424057007 -0.17370502650737762
v -0.17555522918701172 0.6191279888153076 -0.17053860425949097
v 0.12926852703094482 0.6164911985397339 -0.18159066140651703
v -0.1474720984697342 0.8141975402832031 -0.17974039912223816
v -0.13731475174427032 0.8857833743095398 -0.18705587089061737
v 0.13762076199054718 0.884994626045227 -0.18619945645332336
v 0.12342921644449234 0.9051831960678101 -0.19810792803764343
v 0.01542159914970398 0.9893897175788879 -0.17666640877723694
v 0.04025716707110405 0.9815220236778259 -0.18580734729766846
v -0.0058778696693480015 0.9865296483039856 -0.18623779714107513
v -0.1261184960603714 -0.8764953017234802 -0.1947566568851471
v -0.15573184192180634 -0.8797519207000732 -0.1962485909461975
v 0.1251443326473236 -0.8827741146087646 -0.1864180713891983
v 0.12541930377483368 -0.8733739852905273 -0.1973709911108017
v 0.15248139202594757 -0.8834614753723145 -0.19127698242664337
v 0.17615635693073273 -0.8813316822052002 -0.1879347860813141
v -0.09684769809246063 -0.8696216344833374 -0.18978054821491241
v -0.07875743508338928 -0.8615782260894775 -0.18502077460289001
v -0.09329137951135635 -0.8536677956581116 -0.1970328837633133
v 0.19478748738765717 -0.8613258004188538 -0.19584299623966217
v 0.21432240307331085 -0.846386194229126 -0.18810606002807617
v -0.21672771871089935 -0.839744508266449 -0.18822555243968964
v -0.210347518324852 -0.8540103435516357 -0.18906840682029724
v 0.0741616040468216 -0.8355640172958374 -0.18772973120212555
v 0.07827223092317581 -0.847740650177002 -0.19103814661502838
v 0.09826239198446274 -0.8542019128799438 -0.1991175413131714
v 0.21481378376483917 -0.8253435492515564 -0.18947629630565643
v -0.2178996056318283 -0.8213905692100525 -0.18774552643299103
v 0.09686737507581711 -0.817897379398346 -0.19802901148796082
v 0.1962682157754898 -0.8231890797615051 -0.2009565830230713
v 0.21278996765613556 -0.7922279834747314 -0.19078117609024048
v 0.22848238050937653 -0.7505213618278503 -0.18223074078559875
v 0.2117103636264801 -0.7454415559768677 -0.19419999420642853
v -0.07273106276988983 -0.5552760362625122 -0.1855323761701584
v -0.07408551126718521 -0.6847409605979919 -0.1844235509634018
v 0.23262685537338257 -0.6204321980476379 -0.18172143399715424
v 0.21475064754486084 -0.6215522885322571 -0.1956942230463028
v 0.22125019133090973 -0.5443772673606873 -0.1879347860813141
v -0.06421441584825516 -0.427961140871048 -0.18668854236602783
v -0.07824584096670151 -0.41737112402915955 -0.1975625455379486
v -0.05473543331027031 -0.4046242833137512 -0.1897602677345276
v 0.191929891705513 -0.4617528021335602 -0.19933845102787018
v 0.20217737555503845 -0.4112546145915985 -0.19126348197460175
v 0.21219946444034576 -0.472809374332428 -0.18912246823310852
v -0.04456908628344536 -0.38358843326568604 -0.19435106217861176
v -0.06469444185495377 -0.3726806044578552 -0.2095295786857605
v -0.03795676678419113 -0.3649166524410248 -0.203248530626297
v 0.21439681947231293 -0.31732797622680664 -0.19154967367649078
v 0.2130603790283203 -0.34635987877845764 -0.1877116709947586
v 0.15415823459625244 0.07036813348531723 -0.19477695226669312
v 0.16070963442325592 0.021062107756733894 -0.21209649741649628
v 0.13026687502861023 0.07451717555522919 -0.21741971373558044
v -0.15007057785987854 0.07413635402917862 -0.1982499063014984
v 0.12781037390232086 0.14932814240455627 -0.1918584257364273
v 0.1201186552643776 0.17324192821979523 -0.19467781484127045
v 0.11048183590173721 0.15354475378990173 -0.2045985460281372
v -0.13448865711688995 0.19075074791908264 -0.18590198457241058
v -0.15009763836860657 0.18539823591709137 -0.18130896985530853
v -0.1668718159198761 0.19652920961380005 -0.18122105300426483
v -0.14336590468883514 0.21973979473114014 -0.1893906593322754
v -0.12001777440309525 0.20026344060897827 -0.1916646659374237
v 0.131849005818367 0.18344657123088837 -0.1882367581129074
v 0.14969365298748016 0.1847514510154724 -0.18317730724811554
v -0.29491686820983887 0.2065962851047516 -0.18347027897834778
v -0.2762722373008728 0.19773267209529877 -0.18501855432987213
v -0.19822727143764496 0.1961798220872879 -0.18129096925258636
v -0.23969495296478271 0.19450311362743378 -0.18358519673347473
v -0.18073417246341705 0.2092917561531067 -0.1854444444179535
v 0.17309363186359406 0.196312814950943 -0.18393222987651825
v 0.2722713351249695 0.21552546322345734 -0.18555715680122375
v 0.24205170571804047 0.23618485033512115 -0.186868816614151
v 0.2585441768169403 0.20140834152698517 -0.18540166318416595
v -0.2555270791053772 0.23443830013275146 -0.18578706681728363
v -0.22630812227725983 0.20868995785713196 -0.1868101805448532
v -0.18958663940429688 0.21909527480602264 -0.18882277607917786
v 0.18153142929077148 0.2170647531747818 -0.188250333070755
v 0.21588869392871857 0.20269978046417236 -0.18477065861225128
v 0.18998050689697266 0.2374131679534912 -0.1890999674797058
v 0.14483466744422913 0.23966452479362488 -0.18930280208587646
v -0.17606231570243835 0.2374875843524933 -0.18910446763038635
v 0.19533972442150116 0.2546132802963257 -0.1867426186800003
v 0.1225571483373642 0.24816545844078064 -0.18977832794189453
v 0.12844817340373993 0.27395880222320557 -0.18709194660186768
v -0.1957414299249649 0.2534819543361664 -0.18609581887722015
v -0.13882246613502502 0.27122288942337036 -0.1863459348678589
v 0.1512216478586197 0.27601873874664307 -0.18505235016345978
v 0.19970060884952545 0.270666241645813 -0.1821022629737854
v -0.12535449862480164 0.6251521110534668 -0.18771617114543915
v -0.11037202179431915 0.6046728491783142 -0.2003728598356247
v 0.17147549986839294 0.5952885746955872 -0.1772320717573166
v -0.13143493235111237 0.6700544357299805 -0.18542416393756866
v 0.11934787034988403 0.6783322095870972 -0.2031651735305786
v -0.13212451338768005 0.7435987591743469 -0.19550716876983643
v -0.13710519671440125 0.8141321539878845 -0.1993677318096161
v -0.12334418296813965 0.7783054113388062 -0.21279513835906982
v -0.13981187343597412 0.8564315438270569 -0.19517362117767334
v 0.13944387435913086 0.8613085150718689 -0.19432620704174042
v 0.09051881730556488 0.9581401348114014 -0.17869700491428375
v 0.06291349977254868 0.9708350896835327 -0.18947629630565643
v 0.08125166594982147 0.9557242393493652 -0.1942744255065918
v -0.0837380439043045 0.9569636583328247 -0.1916961669921875
v -0.06790593266487122 0.9722324013710022 -0.18149152398109436
v 0.04403438791632652 0.9732240438461304 -0.20102643966674805
v -0.17418721318244934 -0.8700475692749023 -0.2013104110956192
v 0.17430609464645386 -0.8738585114479065 -0.19753776490688324
v -0.12332390248775482 -0.8669420480728149 -0.2014230489730835
v -0.15085265040397644 -0.8597662448883057 -0.20954987406730652
v -0.12167876213788986 -0.8565502762794495 -0.20624595880508423
v -0.19195528328418732 -0.8589797616004944 -0.19917617738246918
v -0.17372974753379822 -0.8587363362312317 -0.20715416967868805
v -0.20028036832809448 -0.815880298614502 -0.198177769780159
v -0.18386903405189514 -0.7924894094467163 -0.20409594476222992
v -0.17706066370010376 -0.8211516737937927 -0.20791594684123993
v 0.12248729169368744 -0.8177667260169983 -0.2066696435213089
v 0.12135139852762222 -0.7848471403121948 -0.20533768832683563
v -0.09622117877006531 -0.45047542452812195 -0.20123149454593658
v -0.09691983461380005 -0.41121405363082886 -0.20517320930957794
v -0.1866004914045334 -0.3647814691066742 -0.20220284163951874
v -0.19503828883171082 -0.4015817940235138 -0.19573478400707245
v 0.03778496012091637 -0.37902921438217163 -0.19347435235977173
v 0.050608351826667786 -0.36302584409713745 -0.20948223769664764
v 0.06286836415529251 -0.37452635169029236 -0.20749220252037048
v 0.1979854851961136 -0.3399999737739563 -0.20012494921684265
v 0.20201954245567322 -0.367745041847229 -0.19220103323459625
v 0.18593502044677734 -0.38352981209754944 -0.19963592290878296
v -0.1975286304950714 -0.3185585141181946 -0.2085108906030655
v -0.20750342309474945 -0.29917681217193604 -0.2101583182811737
v 0.19996429979801178 -0.31888747215270996 -0.2041928619146347
v 0.20467671751976013 -0.29775479435920715 -0.2116345316171646
v 0.21444182097911835 -0.2528005838394165 -0.22699783742427826
v 0.22092579305171967 -0.2291797548532486 -0.2225738763809204
v -0.11272715777158737 0.1119530126452446 -0.21451470255851746
v -0.10869081318378448 0.14031782746315002 -0.20770861208438873
v -0.10677964240312576 0.17177249491214752 -0.20289470255374908
v -0.09958365559577942 0.20983484387397766 -0.20253415405750275
v 0.11936815828084946 0.2062244713306427 -0.19330757856369019
v 0.06722696870565414 0.25686466693878174 -0.2156348079442978
v 0.08698728680610657 0.31328102946281433 -0.20463232696056366
v 0.08645318448543549 0.25044167041778564 -0.2058132141828537
v 0.08467721194028854 0.19950851798057556 -0.2121911346912384
v 0.1057131290435791 0.23667165637016296 -0.19716137647628784
v -0.09542111307382584 0.30974507331848145 -0.19874122738838196
v -0.0926017314195633 0.24677716195583344 -0.20282934606075287
v -0.109686940908432 0.28279098868370056 -0.19076767563819885
v -0.08864881098270416 0.38936302065849304 -0.20455347001552582
v 0.07485797256231308 0.3782614469528198 -0.21242782473564148
v 0.09540250897407532 0.4149986505508423 -0.2009565830230713
v 0.09710177779197693 0.5208584666252136 -0.20393595099449158
v 0.10120569169521332 0.6266395449638367 -0.21194778382778168
v 0.10623365640640259 0.7410250306129456 -0.22480502724647522
v 0.12509919703006744 0.8579031229019165 -0.2177261859178543
v 0.11171457916498184 0.8973854780197144 -0.22022780776023865
v 0.10666418075561523 0.920803427696228 -0.2082066386938095
v -0.09815029054880142 0.9387359619140625 -0.20033679902553558
v -0.1077667623758316 0.9185136556625366 -0.21070826053619385
v -0.0477445088326931 0.9772265553474426 -0.1890210509300232
v -0.04131024330854416 0.9670173525810242 -0.20979326963424683
v -0.026568958535790443 0.9797325730323792 -0.19555000960826874
v -0.005165719892829657 0.9761154651641846 -0.20628423988819122
v -0.1691931039094925 -0.8437246084213257 -0.21141141653060913
v -0.11573802679777145 -0.8431137800216675 -0.2065952867269516
v 0.1540905237197876 -0.865035355091095 -0.20705053210258484
v 0.12549816071987152 -0.862033486366272 -0.20463453233242035
v 0.12493693083524704 -0.8498839139938354 -0.20828777551651
v 0.17311163246631622 -0.8539518117904663 -0.20965351164340973
v 0.1767130196094513 -0.8629462718963623 -0.2037511169910431
v 0.15471932291984558 -0.847695529460907 -0.21330896019935608
v 0.1781531572341919 -0.8401885032653809 -0.21013131737709045
v -0.10610127449035645 -0.8221591711044312 -0.2023380994796753
v -0.13100676238536835 -0.8233715891838074 -0.20898421108722687
v 0.17553439736366272 -0.8207731246948242 -0.20892785489559174
v 0.1508024036884308 -0.818729043006897 -0.2109335958957672
v 0.13190756738185883 -0.8365983963012695 -0.2109786719083786
v -0.1933480203151703 -0.7530162334442139 -0.20319445431232452
v -0.17160223424434662 -0.753273069858551 -0.20876558125019073
v -0.1616973578929901 -0.7029823064804077 -0.21211005747318268
v -0.14939899742603302 -0.7575685977935791 -0.2101808786392212
v 0.18753300607204437 -0.7025450468063354 -0.20738856494426727
v 0.19706827402114868 -0.7427146434783936 -0.20232003927230835
v 0.17982986569404602 -0.7520785927772522 -0.20704375207424164
v -0.13073399662971497 -0.7484435439109802 -0.2088647186756134
v -0.1325054168701172 -0.6750749349594116 -0.21190272271633148
v -0.11702490597963333 -0.7251990437507629 -0.20662906765937805
v -0.08877729624509811 -0.7045823335647583 -0.1944727599620819
v -0.10376198589801788 -0.7103766202926636 -0.20201128721237183
v -0.10394003987312317 -0.6158797740936279 -0.2041793018579483
v 0.1640968918800354 -0.6174167394638062 -0.2129010558128357
v 0.1739838421344757 -0.5510548949241638 -0.21025973558425903
v 0.18283173441886902 -0.6295055150985718 -0.20952507853507996
v -0.08684361726045609 -0.5031281113624573 -0.19538095593452454
v -0.10319182276725769 -0.5212364792823792 -0.20321252942085266
v -0.15530815720558167 -0.4660100042819977 -0.20988112688064575
v -0.13873232901096344 -0.43607890605926514 -0.20919376611709595
v -0.13979381322860718 -0.4976494312286377 -0.21066319942474365
v -0.12101168185472488 -0.5409178733825684 -0.20912162959575653
v -0.13828608393669128 -0.5852432250976562 -0.21269822120666504
v 0.17516472935676575 -0.42057809233665466 -0.2038976103067398
v 0.1748267561197281 -0.48247990012168884 -0.20682290196418762
v 0.13534225523471832 -0.39352938532829285 -0.2122858315706253
v 0.1307176798582077 -0.44249966740608215 -0.2091599702835083
v 0.11755846440792084 -0.39869484305381775 -0.21075554192066193
v -0.14807383716106415 -0.37127208709716797 -0.21419015526771545
v -0.15189383924007416 -0.389202356338501 -0.2100546807050705
v -0.1675005406141281 -0.36842113733291626 -0.2098180651664734
v -0.14396992325782776 -0.35886329412460327 -0.22027960419654846
v -0.13242878019809723 -0.3721577823162079 -0.2169284075498581
v 0.13069511950016022 -0.37237632274627686 -0.2172529399394989
v 0.1510503739118576 -0.38050538301467896 -0.21285827457904816
v 0.16771183907985687 -0.38173139095306396 -0.20764775574207306
v 0.16709433495998383 -0.35709187388420105 -0.21277035772800446
v 0.07356881350278854 -0.39052072167396545 -0.20492301881313324
v 0.08536914736032486 -0.37399446964263916 -0.21484602987766266
v -0.17830246686935425 -0.34591811895370483 -0.21223169565200806
v -0.026911498978734016 -0.34473273158073425 -0.21964408457279205
v 0.04264380410313606 -0.351825088262558 -0.2165587991476059
v 0.07628227025270462 -0.3502114415168762 -0.2292875498533249
v 0.02897520922124386 -0.33780038356781006 -0.2291252762079239
v 0.16842177510261536 -0.33865001797676086 -0.21881023049354553
v 0.18409833312034607 -0.3345145285129547 -0.2112288624048233
v -0.21496759355068207 -0.1479661613702774 -0.2235497236251831
v -0.22187510132789612 -0.18899889290332794 -0.22520393133163452
v 0.2164093554019928 -0.15819786489009857 -0.224370077252388
v 0.22158373892307281 -0.19633692502975464 -0.22181887924671173
v 0.2004668265581131 -0.09067530930042267 -0.21552661061286926
v 0.18504710495471954 -0.036404453217983246 -0.2095137983560562
v -0.17809513211250305 -0.018314123153686523 -0.2095520794391632
v -0.08653035759925842 0.153143510222435 -0.21970044076442719
v -0.07789651304483414 0.21088503301143646 -0.21446962654590607
v -0.08566494286060333 0.4936949610710144 -0.21043100953102112
v -0.07099800556898117 0.3994753658771515 -0.21528097987174988
v -0.09840726852416992 0.6643548011779785 -0.21857132017612457
v -0.09278878569602966 0.5829249024391174 -0.21218891441822052
v 0.08146794140338898 0.6022412180900574 -0.2218368798494339
v -0.12686443328857422 0.8785828948020935 -0.20866866409778595
v 0.08401913195848465 0.929752767086029 -0.22301556169986725
v 0.08765207976102829 0.9418302178382874 -0.20633837580680847
v -0.08093222975730896 0.9419046640396118 -0.213955819606781
v 0.061394497752189636 0.9597560167312622 -0.20782124996185303
v -0.1514250934123993 -0.6428990960121155 -0.2132977396249771
v -0.1718682050704956 -0.6267086863517761 -0.21185308694839478
v 0.15758377313613892 -0.5097246766090393 -0.2109561711549759
v 0.1485893279314041 -0.5893741846084595 -0.2135501503944397
v 0.13998711109161377 -0.5227553844451904 -0.21109358966350555
v -0.12127308547496796 -0.3662148416042328 -0.2218143790960312
v -0.11242511868476868 -0.3784477710723877 -0.21552661061286926
v -0.08919418603181839 -0.3777829110622406 -0.21319404244422913
v -0.0865912139415741 -0.3630281388759613 -0.2211923748254776
v 0.10260527580976486 -0.38236019015312195 -0.21400988101959229
v 0.1057671308517456 -0.36830171942710876 -0.21917983889579773
v 0.11698823422193527 -0.3590526282787323 -0.22308547794818878
v -0.1431991308927536 -0.3451158404350281 -0.2293146252632141
v -0.12888602912425995 -0.35457906126976013 -0.22769419848918915
v -0.10816793888807297 -0.3564203083515167 -0.22849877178668976
v -0.08975984901189804 -0.3448115885257721 -0.2390865832567215
v 0.13057340681552887 -0.3499454855918884 -0.22849205136299133
v 0.10484092682600021 -0.35000860691070557 -0.23154577612876892
v 0.13446104526519775 -0.3356391489505768 -0.24218764901161194
v 0.1507641226053238 -0.3429027795791626 -0.22650881111621857
v 0.16432002186775208 -0.32329800724983215 -0.23428401350975037
v -0.16232837736606598 -0.3368268311023712 -0.22647951543331146
v -0.1804794818162918 -0.3291665315628052 -0.21941645443439484
v -0.18222610652446747 -0.3105466663837433 -0.23276051878929138
v -0.22133421897888184 -0.20907695591449738 -0.23251032829284668
v -0.21230825781822205 -0.19386908411979675 -0.2554640769958496
v -0.20131927728652954 -0.12744413316249847 -0.2429967224597931
v 0.20748475193977356 -0.130840465426445 -0.23101617395877838
v 0.19461406767368317 -0.11798550188541412 -0.24428130686283112
v -0.12649032473564148 0.07363597303628922 -0.22071905434131622
v -0.14961311221122742 0.026534032076597214 -0.2210233211517334
v 0.09123317897319794 0.15667732059955597 -0.21621397137641907
v 0.1053367331624031 0.11991085112094879 -0.2183549851179123
v 0.06759664416313171 0.1596183329820633 -0.2277708351612091
v -0.06990046799182892 0.17744725942611694 -0.22349564731121063
v -0.05910303443670273 0.20815357565879822 -0.22322067618370056
v -0.04004371538758278 0.20694796741008759 -0.22918391227722168
v -0.04888711869716644 0.2580546736717224 -0.22378183901309967
v 0.05729273706674576 0.3053390383720398 -0.2197139412164688
v 0.056035276502370834 0.40532582998275757 -0.221341073513031
v -0.05274990573525429 0.34944355487823486 -0.2220442146062851
v -0.05434775725007057 0.46471479535102844 -0.22449399530887604
v -0.034019630402326584 0.3160689175128937 -0.2266913652420044
v 0.03798779845237732 0.39739739894866943 -0.22729980945587158
v 0.052787721157073975 0.5089185833930969 -0.22662372887134552
v -0.07428834587335587 0.574322521686554 -0.22272709012031555
v -0.11327704042196274 0.8687343597412109 -0.2292785495519638
v -0.11154169589281082 0.8956253528594971 -0.22130729258060455
v -0.02669287845492363 0.9563438892364502 -0.2283928543329239
v -0.04495897889137268 0.9493688344955444 -0.22888866066932678
v 0.015286463312804699 0.9664786458015442 -0.21875837445259094
v -0.007157965563237667 0.9629629850387573 -0.22448499500751495
v 0.03874501585960388 0.9648402333259583 -0.2145327627658844
v 0.03654993325471878 0.952111542224884 -0.2295963168144226
v -0.14306165277957916 -0.3294888734817505 -0.24450664222240448
v -0.2202501744031906 -0.23132526874542236 -0.22826893627643585
v -0.2127702236175537 -0.2540874481201172 -0.23345237970352173
v 0.20659226179122925 -0.16119973361492157 -0.2525906264781952
v -0.18873922526836395 -0.11178778856992722 -0.2513555884361267
v -0.19246459007263184 -0.14189472794532776 -0.27052539587020874
v 0.16222192347049713 -0.02801179513335228 -0.2313203662633896
v 0.1602363884449005 -0.07080470770597458 -0.2531675696372986
v 0.13462331891059875 -0.022864410653710365 -0.25245311856269836
v -0.15872471034526825 -0.02692318707704544 -0.23329690098762512
v -0.16942521929740906 -0.07090827077627182 -0.24374043941497803
v -0.14102433621883392 -0.03477960079908371 -0.25204750895500183
v -0.10031837224960327 0.07242351025342941 -0.23924434185028076
v 0.10506176203489304 0.07373067736625671 -0.23563846945762634
v -0.04203367978334427 0.14542020857334137 -0.239336758852005
v -0.05726855993270874 0.11378299444913864 -0.24405597150325775
v -0.06513840705156326 0.14635542035102844 -0.23199202120304108
v 0.054847534745931625 0.1183895617723465 -0.24359844624996185
v 0.040525421500205994 0.1572902649641037 -0.23734673857688904
v -0.018426354974508286 0.2063710242509842 -0.23298363387584686
v -0.027736352756619453 0.17425155639648438 -0.23633261024951935
v -0.01449593249708414 0.2562539875507355 -0.23040995001792908
v 0.005271101836115122 0.20907092094421387 -0.2330242097377777
v 0.028136856853961945 0.2868160307407379 -0.22837255895137787
v 0.044751036912202835 0.24887311458587646 -0.22455035150051117
v 0.02849068120121956 0.22234055399894714 -0.22917941212654114
v 0.024808162823319435 0.18506912887096405 -0.2344147264957428
v -0.01914307288825512 0.46174004673957825 -0.23291149735450745
v 0.000971070199739188 0.3951347768306732 -0.2319243848323822
v -0.015861663967370987 0.3468383550643921 -0.22989384829998016
v 0.014128003269433975 0.4936656653881073 -0.23508180677890778
v 0.0206659696996212 0.3811236321926117 -0.23085612058639526
v -0.05476921796798706 0.5646701455116272 -0.23056764900684357
v -0.036548253148794174 0.5312052369117737 -0.23386476933956146
v -0.018104098737239838 0.5657157301902771 -0.23999255895614624
v 0.0020572610665112734 0.5820392370223999 -0.24239498376846313
v 0.022371958941221237 0.5886222124099731 -0.24152956902980804
v 0.04129163920879364 0.5881624221801758 -0.23714618384838104
v 0.0610068216919899 0.5923047065734863 -0.23063978552818298
v -0.058988116681575775 0.6501228213310242 -0.2392849177122116
v 0.06597165018320084 0.6721323728561401 -0.23963645100593567
v -0.1062658280134201 0.7539251446723938 -0.226646289229393
v -0.08786002546548843 0.7445521354675293 -0.24006019532680511
v 0.08998243510723114 0.7778253555297852 -0.2439184933900833
v 0.1037861630320549 0.8199579119682312 -0.23910464346408844
v -0.11221777647733688 0.826962411403656 -0.23166969418525696
v -0.09573665261268616 0.9077118039131165 -0.230829119682312
v -0.06180299445986748 0.9387652277946472 -0.2305564284324646
v -0.07863344997167587 0.9226671457290649 -0.2335290163755417
v -0.04287203028798103 0.9277852177619934 -0.2481982409954071
v -0.0082780746743083 0.9456772804260254 -0.24194873869419098
v 0.09451230615377426 -0.3382331132888794 -0.2463299036026001
v -0.1901613026857376 -0.2873765230178833 -0.24428360164165497
v -0.20238304138183594 -0.2709810435771942 -0.24106304347515106
v 0.21023206412792206 -0.2058383971452713 -0.25310221314430237
v -0.13414160907268524 -0.06565503776073456 -0.2719925343990326
v -0.11254910379648209 -0.021126721054315567 -0.2667054533958435
v -0.0717732235789299 0.07267135381698608 -0.2530052959918976
v -0.09054192155599594 0.026117073372006416 -0.261650413274765
v 0.10340305417776108 0.02487761154770851 -0.25475868582725525
v 0.07503824681043625 0.0721508264541626 -0.2513691484928131
v -0.04440003260970116 0.07034328579902649 -0.2624257206916809
v -0.016249340027570724 0.14556662738323212 -0.2436029464006424
v 0.011736933141946793 0.14943856000900269 -0.2431972771883011
v -0.003689569653943181 0.11149777472019196 -0.25373101234436035
v -0.012422552332282066 0.6580625176429749 -0.25161707401275635
v 0.03181494027376175 0.6649678945541382 -0.24994029104709625
v -0.06923560053110123 0.7432066798210144 -0.2501657009124756
v -0.04894118383526802 0.7433440685272217 -0.2578642666339874
v -0.08189678937196732 0.822013258934021 -0.25539422035217285
v -0.09704603254795074 0.8572901487350464 -0.24685950577259064
v 0.08969617635011673 0.847881019115448 -0.2531315088272095
v 0.10745296627283096 0.8545835614204407 -0.2374752163887024
v 0.10871271044015884 0.8753579258918762 -0.23256896436214447
v 0.09401877969503403 0.8938177824020386 -0.23852992057800293
v 0.07200708985328674 0.8973921537399292 -0.2520136833190918
v 0.07850435376167297 0.9147748351097107 -0.23874853551387787
v -0.07846439629793167 0.8986023664474487 -0.24732603132724762
v 0.05877117067575455 0.9347558617591858 -0.23641374707221985
v 0.0338747538626194 0.9362838864326477 -0.2444818615913391
v -0.0006380666163749993 -0.3271247148513794 -0.24063485860824585
v 0.036585934460163116 -0.3209112882614136 -0.2581527531147003
v -0.18841925263404846 -0.24306246638298035 -0.2812371850013733
v -0.2107171267271042 -0.20769543945789337 -0.2583780884742737
v 0.17742738127708435 -0.11173821985721588 -0.26275697350502014
v 0.1590103656053543 -0.10482171177864075 -0.2778904139995575
v 0.18818195164203644 -0.14319288730621338 -0.27273404598236084
v 0.0435701422393322 0.06922780722379684 -0.262901246547699
v 0.07705748826265335 0.8204312920570374 -0.25910601019859314
v 0.07072921097278595 0.756609320640564 -0.25181540846824646
v 0.07038667052984238 0.8562489748001099 -0.2641632556915283
v -0.07972420752048492 0.8694464564323425 -0.2561018764972687
v 0.011162135750055313 0.9326261878013611 -0.25120460987091064
v -0.007872398942708969 0.9238977432250977 -0.25753745436668396
v 0.03162553533911705 0.9178532958030701 -0.257668137550354
v -0.06684446334838867 -0.32561251521110535 -0.2606453001499176
v -0.09319446235895157 -0.3209135830402374 -0.2700498700141907
v -0.03501346707344055 -0.32619622349739075 -0.24989300966262817
v -0.03965382277965546 -0.30445945262908936 -0.28127098083496094
v 0.09749160706996918 -0.3208932876586914 -0.2692047953605652
v 0.07176811993122101 -0.32153332233428955 -0.2670750617980957
v 0.1160011813044548 -0.3177133798599243 -0.26969602704048157
v 0.09673438966274261 -0.29973796010017395 -0.29574185609817505
v 0.036764055490493774 -0.30337992310523987 -0.2829116880893707
v -0.17040784657001495 -0.290628582239151 -0.2648010551929474
v -0.15175412595272064 -0.30436253547668457 -0.2672395408153534
v -0.15865713357925415 -0.27610814571380615 -0.2911871373653412
v 0.16855919361114502 -0.26365208625793457 -0.28835204243659973
v 0.18644897639751434 -0.28132542967796326 -0.2512812316417694
v 0.16860432922840118 -0.29420748353004456 -0.26003000140190125
v 0.19762493669986725 -0.23807957768440247 -0.2670029401779175
v 0.20265062153339386 -0.26886481046676636 -0.23799803853034973
v 0.19798104465007782 -0.2114027440547943 -0.2761663794517517
v 0.20213909447193146 -0.18742132186889648 -0.26951804757118225
v -0.17336691915988922 -0.10366110503673553 -0.2639784812927246
v -0.1562299281358719 -0.1041613519191742 -0.28036049008369446
v -0.1770336627960205 -0.13316845893859863 -0.2833353579044342
v 0.15514756739139557 -0.1262451708316803 -0.2979166507720947
v 0.14599984884262085 -0.1064939871430397 -0.29090994596481323
v 0.10232129693031311 -0.022616438567638397 -0.27135252952575684
v -0.08246923238039017 -0.023804182186722755 -0.2808833718299866
v -0.017419015988707542 0.06515532732009888 -0.2680801749229431
v -0.03157207369804382 0.01604999415576458 -0.2825397849082947
v 0.012370163574814796 0.06470008939504623 -0.2684948742389679
v 0.029984965920448303 0.013868344016373158 -0.2828214764595032
v 0.04970686510205269 0.7281813621520996 -0.25515079498291016
v 0.03295755013823509 0.748937726020813 -0.2634556293487549
v -0.027450095862150192 0.7437317967414856 -0.2636832296848297
v -0.03907237574458122 0.8223942518234253 -0.27308109402656555
v -0.06087222322821617 0.8843523859977722 -0.2611050307750702
v -0.04205846041440964 0.9002858996391296 -0.263025164604187
v -0.04277968034148216 0.8695501685142517 -0.2721751034259796
v 0.06294950097799301 0.8802821636199951 -0.2626984119415283
v 0.049668580293655396 0.9017214775085449 -0.26087063550949097
v -0.024860618636012077 0.9128456115722656 -0.2618803381919861
v -0.006691438145935535 0.8990508913993835 -0.2699800133705139
v 0.029047343879938126 0.8982395529747009 -0.267881840467453
v -0.09630903601646423 -0.29718005657196045 -0.2991674542427063
v -0.11227641254663467 -0.31103119254112244 -0.2801576554775238
v 0.1321306973695755 -0.31267863512039185 -0.26901766657829285
v -0.1317369043827057 -0.31391364336013794 -0.2690267562866211
v -0.12761721014976501 -0.29324963688850403 -0.29501163959503174
v 0.007968712598085403 -0.2876717746257782 -0.2927016317844391
v 0.03706374391913414 -0.28563448786735535 -0.3015563189983368
v 0.14977934956550598 -0.3050837516784668 -0.2655831277370453
v 0.1860184371471405 -0.22212575376033783 -0.29090771079063416
v -0.19942167401313782 -0.19581176340579987 -0.27950185537338257
v 0.1956755518913269 -0.16791346669197083 -0.2747488021850586
v -0.13624656200408936 -0.10469101369380951 -0.2944594621658325
v 0.07240363210439682 -0.04054221510887146 -0.2892354428768158
v 0.10277654230594635 -0.06803039461374283 -0.2884714603424072
v 0.016424505040049553 0.7669333219528198 -0.2696780264377594
v -0.005783234257251024 0.7468214631080627 -0.26678431034088135
v 0.0034996946342289448 0.8116936683654785 -0.2780865430831909
v 0.03247302398085594 0.8124667406082153 -0.2748209238052368
v 0.030054816976189613 0.8754210472106934 -0.27458202838897705
v 0.05003597214818001 0.8644230961799622 -0.2712308168411255
v 0.03467482328414917 0.8509460091590881 -0.27739912271499634
v -0.023109562695026398 0.8592959642410278 -0.27891361713409424
v 0.011637663468718529 0.8870635628700256 -0.27399834990501404
v -0.004996733274310827 0.8738096356391907 -0.2780797779560089
v -0.016371043398976326 -0.2889181077480316 -0.2921381890773773
v -0.043092936277389526 -0.2849358320236206 -0.30257728695869446
v -0.006698221433907747 -0.27364715933799744 -0.30329394340515137
v -0.18282334506511688 -0.20496170222759247 -0.29919224977493286
v -0.1861700415611267 -0.18105697631835938 -0.2936324179172516
v 0.1837129443883896 -0.16974572837352753 -0.2916063666343689
v -0.18308474123477936 -0.15770883858203888 -0.29047277569770813
v -0.11121487617492676 -0.10488928109407425 -0.3059239983558655
v -0.1361112892627716 -0.1350390762090683 -0.314084529876709
v -0.05114305391907692 -0.03178444877266884 -0.2925754189491272
v -0.07890613377094269 -0.07323191314935684 -0.2990953326225281
v -0.020727358758449554 -0.040393512696027756 -0.2993229627609253
v 0.018198195844888687 0.8393576741218567 -0.2804844081401825
v -0.002761082025244832 0.8497200012207031 -0.28146931529045105
v -0.1426221877336502 -0.27407532930374146 -0.3052050471305847
v -0.15574540197849274 -0.2561022639274597 -0.3089439272880554
v 0.17862869799137115 -0.19280309975147247 -0.3024262487888336
v 0.17717726528644562 -0.2130885124206543 -0.3032420873641968
v 0.1676757037639618 -0.20496170222759247 -0.31250694394111633
v 0.17211557924747467 -0.23624053597450256 -0.30151575803756714
v 0.14307239651679993 -0.1245819628238678 -0.30478358268737793
v 0.12678948044776917 -0.10159887373447418 -0.2971571385860443
v 0.10279911011457443 -0.10760045796632767 -0.3098251223564148
v -0.10524041950702667 -0.2790244519710541 -0.31492966413497925
v -0.08717487752437592 -0.2792317867279053 -0.31559672951698303
v 0.06220800057053566 -0.27899736166000366 -0.3129599690437317
v 0.034737955778837204 -0.26487353444099426 -0.3160407543182373
v 0.08343546837568283 -0.28391262888908386 -0.3119683563709259
v 0.07532893121242523 -0.2657570242881775 -0.32408636808395386
v 0.10206889361143112 -0.28071242570877075 -0.31334757804870605
v 0.13341085612773895 -0.28700700402259827 -0.2963886559009552
v 0.12163309007883072 -0.2740280330181122 -0.31339266896247864
v 0.13989683985710144 -0.2644115686416626 -0.31135985255241394
v 0.1441315859556198 -0.24416223168373108 -0.3193514049053192
v 0.15652230381965637 -0.251144140958786 -0.3078869581222534
v -0.1649155616760254 -0.2389855533838272 -0.30979806184768677
v -0.14305037260055542 -0.24237960577011108 -0.3223893940448761
v -0.17400693893432617 -0.22352977097034454 -0.305745929479599
v -0.16169285774230957 -0.20689988136291504 -0.31807807087898254
v 0.16015753149986267 -0.18679708242416382 -0.31631118059158325
v 0.15566809475421906 -0.16292385756969452 -0.313787043094635
v 0.17171889543533325 -0.17443566024303436 -0.3050067126750946
v -0.1677597314119339 -0.16974572837352753 -0.3086870014667511
v 0.07978679984807968 -0.11404144018888474 -0.3186144530773163
v 0.10722984373569489 -0.139586940407753 -0.3262251019477844
v 0.01197805441915989 -0.0420476496219635 -0.2996542155742645
v -0.006375964265316725 -0.08844193816184998 -0.3114544749259949
v 0.043425872921943665 -0.03612504526972771 -0.2949552834033966
v 0.05682406201958656 -0.08056752383708954 -0.306985467672348
v 0.11242451518774033 -0.26256582140922546 -0.3230496942996979
v -0.12417353689670563 -0.2762434184551239 -0.31224325299263
v -0.11563660949468613 -0.2632306218147278 -0.32291221618652344
v -0.06733348965644836 -0.27275243401527405 -0.3171653151512146
v -0.04272782802581787 -0.26431235671043396 -0.3170526623725891
v -0.020621439442038536 -0.25885850191116333 -0.31516405940055847
v -0.03524108976125717 -0.24184544384479523 -0.32616427540779114
v -0.005733666475862265 -0.2537246346473694 -0.3156125247478485
v 0.03304540365934372 -0.2398013472557068 -0.32708603143692017
v 0.010141229256987572 -0.24698832631111145 -0.3197728395462036
v -0.004834462888538837 -0.23106607794761658 -0.3244987726211548
v 0.15082725882530212 -0.20483778417110443 -0.3229888379573822
v -0.15340377390384674 -0.18657618761062622 -0.32269588112831116
v -0.14762309193611145 -0.16308385133743286 -0.3203565180301666
v -0.12587058544158936 -0.15575259923934937 -0.3276877701282501
v 0.1330367475748062 -0.15535148978233337 -0.3239286243915558
v 0.14906713366508484 -0.14384868741035461 -0.3112020790576935
v 0.04417865723371506 -0.1318613588809967 -0.32693055272102356
v 0.03346679359674454 -0.15294678509235382 -0.331126868724823
v 0.012187609449028969 -0.12416500598192215 -0.32120394706726074
v -0.08510828018188477 -0.11193877458572388 -0.3163855969905853
v -0.09908334910869598 -0.14238153398036957 -0.329154908657074
v -0.06357211619615555 -0.1283951848745346 -0.3250870108604431
v -0.023862279951572418 -0.1231621652841568 -0.3209041655063629
v 0.06025860458612442 -0.12076646089553833 -0.3233674466609955
v 0.0723450630903244 -0.15046322345733643 -0.3346223533153534
v -0.0837380439043045 -0.2594737410545349 -0.32779598236083984
v 0.10500548034906387 -0.24814221262931824 -0.3310750126838684
v 0.1258271336555481 -0.24418479204177856 -0.32763370871543884
v 0.032067347317934036 -0.21044719219207764 -0.3333490192890167
v 0.05489938333630562 -0.2301601618528366 -0.3347237706184387
v 0.07132187485694885 -0.21972334384918213 -0.33971115946769714
v 0.07011626660823822 -0.24366870522499084 -0.3336690068244934
v 0.1400613933801651 -0.22513441741466522 -0.32652708888053894
v -0.018509775400161743 -0.2219950556755066 -0.3285239040851593
v -0.042502421885728836 -0.22128289937973022 -0.3330537676811218
v -0.003914908040314913 -0.20570319890975952 -0.3286140263080597
v 0.13088223338127136 -0.20550258457660675 -0.33234384655952454
v -0.1386467069387436 -0.20168714225292206 -0.3308181166648865
v -0.014719055034220219 -0.18375687301158905 -0.3307211995124817
v 0.008365388959646225 -0.19025419652462006 -0.3298918604850769
v 0.11473458260297775 -0.164397731423378 -0.3328869938850403
v -0.1085803285241127 -0.16860534250736237 -0.33592721819877625
v 0.0576421320438385 -0.17759978771209717 -0.3387037515640259
v 0.030345506966114044 -0.18033353984355927 -0.3342459499835968
v -0.10027552396059036 -0.2515610456466675 -0.331126868724823
v -0.08586777746677399 -0.2391342669725418 -0.33625176548957825
v 0.08560127019882202 -0.24929611384868622 -0.33235740661621094
v 0.09795813262462616 -0.23102551698684692 -0.33739665150642395
v -0.12085390836000443 -0.2469184696674347 -0.3287447392940521
v -0.12211143970489502 -0.2296282798051834 -0.33299970626831055
v -0.11860018968582153 -0.211100772023201 -0.33624276518821716
v -0.09787538647651672 -0.2217787206172943 -0.3389133810997009
v -0.07215411216020584 -0.22139783203601837 -0.3382169306278229
v -0.11299528181552887 -0.19092127680778503 -0.3379194736480713
v 0.08947977423667908 -0.21412521600723267 -0.34098896384239197
v 0.1101844310760498 -0.21050125360488892 -0.3386270999908447
v -0.04596638306975365 -0.1984914392232895 -0.3358258008956909
v 0.0774880200624466 -0.19744345545768738 -0.3416290581226349
v -0.08267657458782196 -0.17523793876171112 -0.3386338949203491
v 0.11710993945598602 -0.18740332126617432 -0.33621570467948914
v -0.04588975012302399 -0.17626334726810455 -0.3352962136268616
v 0.07947798073291779 -0.17538893222808838 -0.33990269899368286
v -0.049288295209407806 -0.15229548513889313 -0.3313973546028137
v 0.09666910767555237 -0.1708342730998993 -0.3379194736480713
v -0.046293143182992935 -0.33012887835502625 0.08556728065013885
v -0.170959934592247 -0.33524924516677856 0.0591338612139225
v -0.06525110453367233 -0.34814026951789856 0.07112118601799011
v 0.08985616266727448 -0.35646766424179077 0.06795933097600937
v -0.13844385743141174 -0.37006184458732605 0.055895306169986725
v -0.1130155622959137 -0.36775854229927063 0.060812849551439285
v -0.08786223828792572 -0.36872538924217224 0.06020218878984451
v 0.13460975885391235 -0.38165247440338135 0.052958857268095016
v 0.11254177987575531 -0.36262694001197815 0.06405597925186157
v 0.1290341317653656 -0.697945237159729 0.04248596727848053
v 0.14795836806297302 -0.7021326422691345 0.04526028037071228
v 0.16995877027511597 -0.5457970499992371 0.0501665435731411
v 0.15937547385692596 -0.5362392067909241 0.049524176865816116
v -0.16038569808006287 -0.5599231123924255 0.04963459447026253
v -0.14985652267932892 -0.5584312081336975 0.04925605282187462
v -0.15712235867977142 -0.54835045337677 0.05150298774242401
v -0.1652829647064209 -0.5419522523880005 0.05097789317369461
v -0.17192678153514862 -0.5321465134620667 0.04719395935535431
v -0.15284039080142975 -0.5351687073707581 0.04903736710548401
v 0.16458599269390106 -0.5163166522979736 0.04128478839993477
v -0.16529424488544464 -0.36886516213417053 0.04878052696585655
v -0.19063684344291687 -0.3568642735481262 0.040516287088394165
v -0.01609385386109352 -0.3864528238773346 0.020379578694701195
v -0.009560386650264263 -0.3712562918663025 0.03631310909986496
v 0.17138078808784485 -0.35955294966697693 0.05107703059911728
v 0.10772109031677246 -0.6947923302650452 0.036369528621435165
v 0.08795861899852753 -0.6952611207962036 0.027494492009282112
v 0.19888697564601898 -0.6438501477241516 0.027706328779459
v -0.1401994824409485 -0.7042600512504578 0.04351815581321716
v 0.16219034790992737 -0.6531510949134827 0.03821750357747078
v -0.15753252804279327 -0.5776100158691406 0.04330403357744217
v -0.16879191994667053 -0.5757710337638855 0.04258066788315773
v -0.14715206623077393 -0.5760549902915955 0.042907360941171646
v -0.1517360657453537 -0.59908527135849 0.03720102831721306
v 0.18538521230220795 -0.591278612613678 0.03151955083012581
v 0.18787327408790588 -0.5691834688186646 0.03665350005030632
v 0.18217365443706512 -0.5527181625366211 0.04460219666361809
v 0.1953238695859909 -0.5548455715179443 0.033665064722299576
v 0.11220595985651016 -0.5319121479988098 0.029730143025517464
v -0.17912954092025757 -0.5168192386627197 0.03783667832612991
v 0.17763935029506683 -0.49553999304771423 0.030753333121538162
v 0.1315537542104721 -0.41270819306373596 0.04192930459976196
v 0.11900076270103455 -0.43867966532707214 0.033583931624889374
v 0.0681554526090622 -0.4004526734352112 0.03761570528149605
v 0.22679653763771057 -0.7081589698791504 0.018698440864682198
v -0.11475540697574615 -0.6616204380989075 0.033500511199235916
v -0.12221735715866089 -0.6935866475105286 0.03953138366341591
v 0.17470276355743408 -0.617860734462738 0.03321210667490959
v 0.19449451565742493 -0.6101216077804565 0.026964828372001648
v -0.1387864053249359 -0.6655350923538208 0.03860289603471756
v -0.13015705347061157 -0.6380762457847595 0.034773822873830795
v -0.14769522845745087 -0.6275448203086853 0.0362568236887455
v 0.15677699446678162 -0.622138261795044 0.03586014732718468
v -0.16303381323814392 -0.6190799474716187 0.035278771072626114
v -0.1750909835100174 -0.5993377566337585 0.034827958792448044
v 0.20886404812335968 -0.5954636335372925 0.02075153775513172
v 0.2051522433757782 -0.5542731285095215 0.023615851998329163
v -0.19654150307178497 -0.5248513221740723 0.029421452432870865
v 0.11397279798984528 -0.4944424331188202 0.026829693466424942
v 0.13156959414482117 -0.4830974042415619 0.030845751985907555
v 0.12638837099075317 -0.46123450994491577 0.03086603432893753
v 0.075011245906353 -0.4260139763355255 0.026442017406225204
v -0.20566216111183167 -0.3759439289569855 0.02386382594704628
v 0.240740105509758 -0.7094998955726624 0.005971900187432766
v -0.08716365694999695 -0.6459077596664429 0.019615644589066505
v 0.09204453229904175 -0.5379722714424133 0.01860145479440689
v -0.22726817429065704 -0.5822210311889648 0.007281213067471981
v -0.08677376806735992 -0.5498108267784119 0.015919560566544533
v -0.09238989651203156 -0.5887521505355835 0.01955479383468628
v -0.07069824635982513 -0.5404874086380005 0.005153697449713945
v 0.10007207840681076 -0.5054359436035156 0.022063134238123894
v 0.1911478340625763 -0.4626542925834656 0.02401481196284294
v 0.05782240256667137 -0.435393750667572 0.011592527851462364
v 0.018184630200266838 -0.41456523537635803 -0.0073474375531077385
v 0.03787953034043312 -0.42456260323524475 0.001998558873310685
v -0.20170916616916656 -0.43116363883018494 0.019007131457328796
v -0.2018917202949524 -0.4043605923652649 0.020336860790848732
v -0.22112688422203064 -0.39253777265548706 0.007876159623265266
v -0.005206287372857332 -0.4021700322628021 -0.004133597016334534
v -0.05742182955145836 -0.7026464343070984 0.004306345246732235
v 0.220876082777977 -0.3938426375389099 0.01107414998114109
v 0.2093801498413086 -0.4415147602558136 0.014819801785051823
v 0.00591333257034421 -0.40979424118995667 -0.013826701790094376
v 0.012579717673361301 -0.4224260747432709 -0.025496268644928932
v 0.22560665011405945 -0.3320850431919098 0.021693458780646324
v -0.04403720796108246 -0.6314571499824524 -0.023310251533985138
v -0.04959705099463463 -0.6823813319206238 -0.008690601214766502
v -0.057703517377376556 -0.6323473453521729 -0.004730827175080776
v 0.04419209063053131 -0.5866270065307617 -0.02515372633934021
v -0.0586838573217392 -0.5621227025985718 -0.006432382855564356
v -0.05447402969002724 -0.49723026156425476 -0.009143561124801636
v 0.04100995138287544 -0.4432207942008972 -0.008120371028780937
v -0.2526648938655853 -0.33010631799697876 -0.02221042662858963
v -0.24335719645023346 -0.31289273500442505 0.0018160047475248575
v -0.24344731867313385 -0.564829409122467 -0.009740792214870453
v -0.04988773912191391 -0.5776641368865967 -0.017610637471079826
v -0.03712291643023491 -0.46754249930381775 -0.027603499591350555
v 0.027185801416635513 -0.4493575990200043 -0.031008761376142502
v 0.037237297743558884 -0.7290167212486267 -0.018669895827770233
v 0.03181937336921692 -0.7153887152671814 -0.03566490113735199
v -0.2573367655277252 -0.5684465169906616 -0.028268298134207726
v 0.2614017724990845 -0.5517197251319885 -0.036690305918455124
v 0.2523803114891052 -0.5212094187736511 -0.02403368428349495
v 0.034115877002477646 -0.6391805410385132 -0.04293980076909065
v 0.26690083742141724 -0.5696229338645935 -0.04904273897409439
v 0.25888001918792725 -0.4110404849052429 -0.04132616147398949
v -0.030805855989456177 -0.4745537042617798 -0.04474949091672897
v -0.2592839300632477 -0.38771942257881165 -0.04842522367835045
v 0.2625219523906708 -0.3124915659427643 -0.04230650141835213
v -0.026203850284218788 -0.4796673059463501 -0.06395985931158066
v 0.027681613340973854 -0.47544389963150024 -0.05261705443263054
v 0.017959224060177803 -0.45612090826034546 -0.0689675435423851
v 0.0164786409586668 -0.4480797052383423 -0.055720407515764236
v 0.015126342885196209 -0.4363718628883362 -0.04094526916742325
v -0.2762225866317749 -0.6486369967460632 -0.07541759312152863
v 0.009296160191297531 -0.4398876130580902 -0.08260678499937057
v 0.27620169520378113 -0.7895888686180115 -0.08199606090784073
v 0.2774367332458496 -0.7463542819023132 -0.09363855421543121
v -0.278974324464798 -0.7468005418777466 -0.06809312105178833
v 0.025926055386662483 -0.5542325973510742 -0.08679861575365067
v 0.27098217606544495 -0.5937373638153076 -0.06509347259998322
v 0.2670428156852722 -0.49179890751838684 -0.08191492408514023
v 0.26372984051704407 -0.4403924345970154 -0.10202228277921677
v 0.27467599511146545 -0.6376909017562866 -0.08679411560297012
v 0.008678645826876163 -0.4350467026233673 -0.10739278793334961
v -0.27752748131752014 -0.7865058779716492 -0.08248958736658096
v 0.2742680311203003 -0.662449836730957 -0.10886665433645248
v -0.026357052847743034 -0.62712562084198 -0.1005280613899231
v 0.02593962289392948 -0.6279752850532532 -0.09128570556640625
v -0.025412781164050102 -0.5522876977920532 -0.09191449731588364
v -0.024536078795790672 -0.4988101124763489 -0.0807272419333458
v 0.03006153367459774 -0.7817055583000183 -0.12232790887355804
v 0.027370639145374298 -0.552384614944458 -0.10979520529508591
v -0.012055227532982826 -0.4331108033657074 -0.12394383549690247
v -0.2622024416923523 -0.4512934982776642 -0.12002240866422653
v 0.2690553665161133 -0.6668963432312012 -0.1290731430053711
v 0.2669863998889923 -0.5650953650474548 -0.12479568272829056
v -0.2719474136829376 -0.6473388671875 -0.12113795429468155
v 0.2616136074066162 -0.4659401476383209 -0.12189973145723343
v -0.2595769166946411 -0.7849013209342957 -0.14356887340545654
v -0.2448333352804184 -0.7872676849365234 -0.16380466520786285
v 0.032540589570999146 -0.7498295307159424 -0.13219450414180756
v 0.03910555690526962 -0.7826228141784668 -0.14332319796085358
v -0.26464322209358215 -0.5461621880531311 -0.13175953924655914
v 0.2567794919013977 -0.4927408695220947 -0.140107199549675
v -0.0069664111360907555 -0.42262890934944153 -0.13060565292835236
v -0.0010324589675292373 -0.4179525673389435 -0.13176633417606354
v 0.0012099086306989193 -0.40577366948127747 -0.14672623574733734
v 0.2652015686035156 -0.7443869113922119 -0.1377926915884018
v 0.2602953016757965 -0.6614491939544678 -0.14840300381183624
v 0.047608766704797745 -0.5046403408050537 -0.16134360432624817
v 0.042087141424417496 -0.45766010880470276 -0.15833045542240143
v 0.25262829661369324 -0.5582801699638367 -0.15555164217948914
v 0.24508513510227203 -0.4631456136703491 -0.15630213916301727
v -0.04587618261575699 -0.8015852570533752 -0.15193453431129456
v 0.24841611087322235 -0.6409857273101807 -0.16563013195991516
v 0.008892768062651157 -0.39178505539894104 -0.16453030705451965
v -0.0538114458322525 -0.8219291567802429 -0.16492699086666107
v -0.24610665440559387 -0.5632359981536865 -0.16548365354537964
v -0.24160385131835938 -0.6563896536827087 -0.17437218129634857
v -0.2372204065322876 -0.47262459993362427 -0.1678590029478073
v 0.055309493094682693 -0.4522693157196045 -0.17365996539592743
v 0.2305760383605957 -0.46390053629875183 -0.17344141006469727
v -0.22281037271022797 -0.4721851348876953 -0.18211354315280914
v -0.0720234140753746 -0.822445273399353 -0.18277840316295624
v -0.07812634855508804 -0.780988872051239 -0.18599212169647217
v -0.08811014890670776 -0.8160674571990967 -0.19371096789836884
v -0.22979679703712463 -0.775325357913971 -0.18017086386680603
v -0.2240498960018158 -0.8010849356651306 -0.18246737122535706
v 0.24102851748466492 -0.7052291631698608 -0.17388758063316345
v -0.22520607709884644 -0.641688883304596 -0.18917210400104523
v -0.23164483904838562 -0.7239009141921997 -0.18258678913116455
v 0.06307120621204376 -0.4356890022754669 -0.18454524874687195
v 0.06741409003734589 -0.4949134588241577 -0.18254171311855316
v 0.022845201194286346 -0.38824230432510376 -0.1782732605934143
v 0.03893657028675079 -0.397529661655426 -0.1839413046836853
v -0.2138880491256714 -0.750893235206604 -0.1936996877193451
v 0.0742291733622551 -0.6111560463905334 -0.18537460267543793
v 0.09066080302000046 -0.5758137702941895 -0.19736871123313904
v 0.08359774202108383 -0.7127429842948914 -0.19073839485645294
v -0.06997703015804291 -0.4661632478237152 -0.18539488315582275
v 0.05199665203690529 -0.41478613018989563 -0.18451374769210815
v 0.06814645230770111 -0.4149574041366577 -0.1945471167564392
v 0.08480119705200195 -0.4117594063282013 -0.20230425894260406
v -0.10244360566139221 -0.7826859354972839 -0.199759840965271
v 0.09948841482400894 -0.7382388114929199 -0.20001225173473358
v -0.20138013362884521 -0.6984928846359253 -0.20278656482696533
v 0.20909160375595093 -0.6949365735054016 -0.19862401485443115
v -0.2079068124294281 -0.6273284554481506 -0.1999153345823288
v -0.19049035012722015 -0.6228751540184021 -0.20734122395515442
v -0.2151884287595749 -0.5509737133979797 -0.19355548918247223
v 0.09681552648544312 -0.45787423849105835 -0.20232681930065155
v 0.10658304393291473 -0.5524048805236816 -0.20545268058776855
v -0.20545025169849396 -0.46658921241760254 -0.19364112615585327
v -0.18592213094234467 -0.4654037654399872 -0.2031809538602829
v -0.15513239800930023 -0.822801411151886 -0.21144519746303558
v -0.13908615708351135 -0.7947092652320862 -0.2085018903017044
v 0.16942910850048065 -0.7911304235458374 -0.20788438618183136
v 0.11344542354345322 -0.6563423275947571 -0.20819535851478577
v 0.11801142245531082 -0.7316017150878906 -0.20706181228160858
v 0.1600605547428131 -0.7435597777366638 -0.21045584976673126
v 0.13869795203208923 -0.7333731055259705 -0.2106090635061264
v 0.15110450983047485 -0.6772407293319702 -0.2134712189435959
v 0.19893425703048706 -0.6521233916282654 -0.2041950821876526
v -0.17918817698955536 -0.5436989068984985 -0.20922082662582397
v -0.16946350038051605 -0.4721783399581909 -0.20887599885463715
v -0.15880584716796875 -0.4221286177635193 -0.20840269327163696
v 0.12273284792900085 -0.5428650379180908 -0.2094484567642212
v 0.10045075416564941 -0.40442824363708496 -0.20759591460227966
v -0.14159227907657623 -0.40653538703918457 -0.20967157185077667
v -0.11966166645288467 -0.40837666392326355 -0.20929968357086182
v -0.10098545998334885 -0.39212536811828613 -0.2098834067583084
f 332 1503 1505
f 1503 476 1504
f 1505 1504 1079
f 1503 1504 1505
f 381 1506 1508
f 1506 287 1507
f 1508 1507 1499
f 1506 1507 1508
f 287 1509 1507
f 1509 1274 1510
f 1507 1510 1499
f 1509 1510 1507
f 712 1511 1513
f 1511 476 1512
f 1513 1512 1165
f 1511 1512 1513
f 476 1514 1504
f 1514 111 1515
f 1504 1515 1079
f 1514 1515 1504
f 381 1516 1518
f 1516 1012 1517
f 1518 1517 1015
f 1516 1517 1518
f 409 1519 1520
f 1519 381 1518
f 1520 1518 1015
f 1519 1518 1520
f 287 1506 1521
f 1506 381 1519
f 1521 1519 409
f 1506 1519 1521
f 1165 1522 1524
f 1522 332 1523
f 1524 1523 1342
f 1522 1523 1524
f 476 1503 1512
f 1503 332 1522
f 1512 1522 1165
f 1503 1522 1512
f 111 1525 1515
f 1525 25 1526
f 1515 1526 1079
f 1525 1526 1515
f 25 1525 1528
f 1525 111 1527
f 1528 1527 1119
f 1525 1527 1528
f 287 1521 1530
f 1521 409 1529
f 1530 1529 841
f 1521 1529 1530
f 287 1530 1509
f 1530 841 1531
f 1509 1531 1274
f 1530 1531 1509
f 1105 1532 1534
f 1532 162 1533
f 1534 1533 1112
f 1532 1533 1534
f 1112 1533 1536
f 1533 162 1535
f 1536 1535 1359
f 1533 1535 1536
f 332 1537 1523
f 1537 55 1538
f 1523 1538 1342
f 1537 1538 1523
f 55 1537 1539
f 1537 332 1505
f 1539 1505 1079
f 1537 1505 1539
f 1079 1526 1541
f 1526 25 1540
f 1541 1540 1332
f 1526 1540 1541
f 473 1542 1544
f 1542 1012 1543
f 1544 1543 1499
f 1542 1543 1544
f 1012 1516 1543
f 1516 381 1508
f 1543 1508 1499
f 1516 1508 1543
f 739 1545 1547
f 1545 543 1546
f 1547 1546 1208
f 1545 1546 1547
f 171 1548 1549
f 1548 739 1547
f 1549 1547 1208
f 1548 1547 1549
f 171 1550 1548
f 1550 39 1551
f 1548 1551 739
f 1550 1551 1548
f 55 1539 1552
f 1539 1079 1541
f 1552 1541 1332
f 1539 1541 1552
f 476 1511 1554
f 1511 712 1553
f 1554 1553 1255
f 1511 1553 1554
f 111 1514 1555
f 1514 476 1554
f 1555 1554 1255
f 1514 1554 1555
f 1119 1527 1556
f 1527 111 1555
f 1556 1555 1255
f 1527 1555 1556
f 896 1557 1558
f 1557 409 1520
f 1558 1520 1015
f 1557 1520 1558
f 841 1529 1559
f 1529 409 1557
f 1559 1557 896
f 1529 1557 1559
f 717 1560 1561
f 1560 162 1532
f 1561 1532 1105
f 1560 1532 1561
f 162 1560 1535
f 1560 717 1562
f 1535 1562 1359
f 1560 1562 1535
f 919 1563 1565
f 1563 994 1564
f 1565 1564 1208
f 1563 1564 1565
f 543 1566 1546
f 1566 919 1565
f 1546 1565 1208
f 1566 1565 1546
f 994 1567 1564
f 1567 171 1549
f 1564 1549 1208
f 1567 1549 1564
f 171 1567 1569
f 1567 994 1568
f 1569 1568 1111
f 1567 1568 1569
f 1058 1570 1571
f 1570 1105 1534
f 1571 1534 1112
f 1570 1534 1571
f 563 1572 1573
f 1572 1112 1536
f 1573 1536 1359
f 1572 1536 1573
f 39 1550 1574
f 1550 171 1569
f 1574 1569 1111
f 1550 1569 1574
f 1027 1575 1576
f 1575 55 1552
f 1576 1552 1332
f 1575 1552 1576
f 661 1577 1578
f 1577 473 1544
f 1578 1544 1499
f 1577 1544 1578
f 39 1579 1551
f 1579 269 1580
f 1551 1580 739
f 1579 1580 1551
f 1359 1562 1582
f 1562 717 1581
f 1582 1581 1488
f 1562 1581 1582
f 101 1583 1584
f 1583 896 1558
f 1584 1558 1015
f 1583 1558 1584
f 1 1585 1587
f 1585 738 1586
f 1587 1586 907
f 1585 1586 1587
f 738 1585 1589
f 1585 1 1588
f 1589 1588 812
f 1585 1588 1589
f 907 1586 1591
f 1586 738 1590
f 1591 1590 1360
f 1586 1590 1591
f 1165 1524 1593
f 1524 1342 1592
f 1593 1592 1378
f 1524 1592 1593
f 1274 1531 1595
f 1531 841 1594
f 1595 1594 1344
f 1531 1594 1595
f 25 1528 1540
f 1528 1119 1596
f 1540 1596 1332
f 1528 1596 1540
f 208 1597 1598
f 1597 543 1545
f 1598 1545 739
f 1597 1545 1598
f 31 1599 1601
f 1599 393 1600
f 1601 1600 1058
f 1599 1600 1601
f 31 1601 1602
f 1601 1058 1571
f 1602 1571 1112
f 1601 1571 1602
f 55 1575 1538
f 1575 1027 1603
f 1538 1603 1342
f 1575 1603 1538
f 1274 1604 1510
f 1604 1343 1605
f 1510 1605 1499
f 1604 1605 1510
f 269 1579 1607
f 1579 39 1606
f 1607 1606 1141
f 1579 1606 1607
f 39 1574 1606
f 1574 1111 1608
f 1606 1608 1141
f 1574 1608 1606
f 563 1609 1572
f 1609 31 1602
f 1572 1602 1112
f 1609 1602 1572
f 1343 1610 1605
f 1610 661 1578
f 1605 1578 1499
f 1610 1578 1605
f 1218 1611 1613
f 1611 42 1612
f 1613 1612 1445
f 1611 1612 1613
f 42 1614 1612
f 1614 898 1615
f 1612 1615 1445
f 1614 1615 1612
f 636 1616 1618
f 1616 839 1617
f 1618 1617 1168
f 1616 1617 1618
f 995 1619 1621
f 1619 433 1620
f 1621 1620 1133
f 1619 1620 1621
f 831 1622 1623
f 1622 433 1619
f 1623 1619 995
f 1622 1619 1623
f 1000 1624 1625
f 1624 995 1621
f 1625 1621 1133
f 1624 1621 1625
f 59 1626 1627
f 1626 636 1618
f 1627 1618 1168
f 1626 1618 1627
f 1 1587 1629
f 1587 907 1628
f 1629 1628 1009
f 1587 1628 1629
f 812 1588 1630
f 1588 1 1629
f 1630 1629 1009
f 1588 1629 1630
f 831 1631 1633
f 1631 1296 1632
f 1633 1632 1473
f 1631 1632 1633
f 831 1623 1631
f 1623 995 1634
f 1631 1634 1296
f 1623 1634 1631
f 1255 1553 1636
f 1553 712 1635
f 1636 1635 1327
f 1553 1635 1636
f 101 1637 1583
f 1637 801 1638
f 1583 1638 896
f 1637 1638 1583
f 995 1639 1634
f 1639 645 1640
f 1634 1640 1296
f 1639 1640 1634
f 645 1639 1641
f 1639 995 1624
f 1641 1624 1000
f 1639 1624 1641
f 981 1642 1643
f 1642 717 1561
f 1643 1561 1105
f 1642 1561 1643
f 712 1513 1635
f 1513 1165 1644
f 1635 1644 1327
f 1513 1644 1635
f 880 1645 1646
f 1645 1255 1636
f 1646 1636 1327
f 1645 1636 1646
f 1071 1647 1648
f 1647 1119 1556
f 1648 1556 1255
f 1647 1556 1648
f 880 1649 1645
f 1649 1071 1648
f 1645 1648 1255
f 1649 1648 1645
f 801 1650 1638
f 1650 841 1559
f 1638 1559 896
f 1650 1559 1638
f 919 1651 1653
f 1651 930 1652
f 1653 1652 1318
f 1651 1652 1653
f 919 1566 1651
f 1566 543 1654
f 1651 1654 930
f 1566 1654 1651
f 994 1563 1655
f 1563 919 1653
f 1655 1653 1318
f 1563 1653 1655
f 144 1656 1657
f 1656 738 1589
f 1657 1589 812
f 1656 1589 1657
f 738 1656 1659
f 1656 144 1658
f 1659 1658 962
f 1656 1658 1659
f 645 1660 1640
f 1660 394 1661
f 1640 1661 1296
f 1660 1661 1640
f 1378 1662 1663
f 1662 1359 1582
f 1663 1582 1488
f 1662 1582 1663
f 1327 1644 1664
f 1644 1165 1593
f 1664 1593 1378
f 1644 1593 1664
f 101 1584 1666
f 1584 1015 1665
f 1666 1665 1055
f 1584 1665 1666
f 1015 1517 1665
f 1517 1012 1667
f 1665 1667 1055
f 1517 1667 1665
f 801 1668 1650
f 1668 91 1669
f 1650 1669 841
f 1668 1669 1650
f 841 1669 1594
f 1669 91 1670
f 1594 1670 1344
f 1669 1670 1594
f 738 1659 1590
f 1659 962 1671
f 1590 1671 1360
f 1659 1671 1590
f 962 1672 1671
f 1672 514 1673
f 1671 1673 1360
f 1672 1673 1671
f 1119 1674 1596
f 1674 300 1675
f 1596 1675 1332
f 1674 1675 1596
f 1012 1676 1667
f 1676 29 1677
f 1667 1677 1055
f 1676 1677 1667
f 935 1678 1679
f 1678 29 1676
f 1679 1676 1012
f 1678 1676 1679
f 473 1680 1542
f 1680 935 1679
f 1542 1679 1012
f 1680 1679 1542
f 543 1597 1654
f 1597 208 1681
f 1654 1681 930
f 1597 1681 1654
f 689 1682 1683
f 1682 563 1573
f 1683 1573 1359
f 1682 1573 1683
f 1343 1604 1684
f 1604 1274 1595
f 1684 1595 1344
f 1604 1595 1684
f 243 1685 1686
f 1685 31 1609
f 1686 1609 563
f 1685 1609 1686
f 243 1686 1687
f 1686 563 1682
f 1687 1682 689
f 1686 1682 1687
f 1051 1688 1689
f 1688 42 1611
f 1689 1611 1218
f 1688 1611 1689
f 898 1614 1690
f 1614 42 1688
f 1690 1688 1051
f 1614 1688 1690
f 124 1691 1693
f 1691 839 1692
f 1693 1692 1143
f 1691 1692 1693
f 839 1694 1617
f 1694 1042 1695
f 1617 1695 1168
f 1694 1695 1617
f 839 1691 1694
f 1691 124 1696
f 1694 1696 1042
f 1691 1696 1694
f 898 1697 1615
f 1697 932 1698
f 1615 1698 1445
f 1697 1698 1615
f 839 1616 1692
f 1616 636 1699
f 1692 1699 1143
f 1616 1699 1692
f 710 1700 1701
f 1700 1218 1613
f 1701 1613 1445
f 1700 1613 1701
f 932 1702 1698
f 1702 710 1701
f 1698 1701 1445
f 1702 1701 1698
f 323 1703 1705
f 1703 1143 1704
f 1705 1704 1449
f 1703 1704 1705
f 1143 1699 1704
f 1699 636 1706
f 1704 1706 1449
f 1699 1706 1704
f 384 1707 1708
f 1707 59 1627
f 1708 1627 1168
f 1707 1627 1708
f 303 1709 1710
f 1709 812 1630
f 1710 1630 1009
f 1709 1630 1710
f 710 1702 1712
f 1702 932 1711
f 1712 1711 1497
f 1702 1711 1712
f 636 1626 1706
f 1626 59 1713
f 1706 1713 1449
f 1626 1713 1706
f 1009 1628 1715
f 1628 907 1714
f 1715 1714 1407
f 1628 1714 1715
f 645 1641 1717
f 1641 1000 1716
f 1717 1716 1106
f 1641 1716 1717
f 1000 1718 1716
f 1718 117 1719
f 1716 1719 1106
f 1718 1719 1716
f 717 1642 1581
f 1642 981 1720
f 1581 1720 1488
f 1642 1720 1581
f 303 1721 1709
f 1721 144 1657
f 1709 1657 812
f 1721 1657 1709
f 645 1717 1723
f 1717 1106 1722
f 1723 1722 1417
f 1717 1722 1723
f 554 1724 1725
f 1724 994 1655
f 1725 1655 1318
f 1724 1655 1725
f 981 1643 1727
f 1643 1105 1726
f 1727 1726 1417
f 1643 1726 1727
f 1105 1570 1726
f 1570 1058 1728
f 1726 1728 1417
f 1570 1728 1726
f 930 1681 1730
f 1681 208 1729
f 1730 1729 1344
f 1681 1729 1730
f 994 1731 1568
f 1731 318 1732
f 1568 1732 1111
f 1731 1732 1568
f 554 1733 1724
f 1733 318 1731
f 1724 1731 994
f 1733 1731 1724
f 144 1734 1658
f 1734 427 1735
f 1658 1735 962
f 1734 1735 1658
f 1058 1600 1728
f 1600 393 1736
f 1728 1736 1417
f 1600 1736 1728
f 689 1683 1737
f 1683 1359 1662
f 1737 1662 1378
f 1683 1662 1737
f 1342 1738 1592
f 1738 689 1737
f 1592 1737 1378
f 1738 1737 1592
f 1111 1732 1740
f 1732 318 1739
f 1740 1739 1428
f 1732 1739 1740
f 1141 1608 1741
f 1608 1111 1740
f 1741 1740 1428
f 1608 1740 1741
f 1027 1742 1603
f 1742 689 1738
f 1603 1738 1342
f 1742 1738 1603
f 300 1743 1675
f 1743 1075 1744
f 1675 1744 1332
f 1743 1744 1675
f 473 1577 1680
f 1577 661 1745
f 1680 1745 935
f 1577 1745 1680
f 1075 1746 1744
f 1746 1027 1576
f 1744 1576 1332
f 1746 1576 1744
f 269 1607 1748
f 1607 1141 1747
f 1748 1747 1162
f 1607 1747 1748
f 739 1580 1749
f 1580 269 1748
f 1749 1748 1162
f 1580 1748 1749
f 898 1750 1697
f 1750 19 1751
f 1697 1751 932
f 1750 1751 1697
f 1042 1752 1695
f 1752 384 1708
f 1695 1708 1168
f 1752 1708 1695
f 433 1753 1620
f 1753 568 1754
f 1620 1754 1133
f 1753 1754 1620
f 568 1755 1754
f 1755 536 1756
f 1754 1756 1133
f 1755 1756 1754
f 536 1757 1756
f 1757 1000 1625
f 1756 1625 1133
f 1757 1625 1756
f 536 1758 1757
f 1758 117 1718
f 1757 1718 1000
f 1758 1718 1757
f 981 1759 1720
f 1759 166 1760
f 1720 1760 1488
f 1759 1760 1720
f 166 1761 1760
f 1761 1262 1762
f 1760 1762 1488
f 1761 1762 1760
f 1193 1763 1765
f 1763 930 1764
f 1765 1764 1272
f 1763 1764 1765
f 930 1763 1652
f 1763 1193 1766
f 1652 1766 1318
f 1763 1766 1652
f 166 1759 1767
f 1759 981 1727
f 1767 1727 1417
f 1759 1727 1767
f 1346 1768 1769
f 1768 1327 1664
f 1769 1664 1378
f 1768 1664 1769
f 880 1646 1770
f 1646 1327 1768
f 1770 1768 1346
f 1646 1768 1770
f 101 1771 1637
f 1771 343 1772
f 1637 1772 801
f 1771 1772 1637
f 343 1771 1773
f 1771 101 1666
f 1773 1666 1055
f 1771 1666 1773
f 801 1772 1775
f 1772 343 1774
f 1775 1774 1272
f 1772 1774 1775
f 1272 1764 1776
f 1764 930 1730
f 1776 1730 1344
f 1764 1730 1776
f 91 1777 1670
f 1777 1272 1776
f 1670 1776 1344
f 1777 1776 1670
f 91 1668 1777
f 1668 801 1775
f 1777 1775 1272
f 1668 1775 1777
f 1193 1778 1766
f 1778 554 1725
f 1766 1725 1318
f 1778 1725 1766
f 907 1591 1780
f 1591 1360 1779
f 1780 1779 1483
f 1591 1779 1780
f 1407 1714 1781
f 1714 907 1780
f 1781 1780 1483
f 1714 1780 1781
f 1296 1782 1632
f 1782 290 1783
f 1632 1783 1473
f 1782 1783 1632
f 394 1784 1661
f 1784 290 1782
f 1661 1782 1296
f 1784 1782 1661
f 1346 1769 1785
f 1769 1378 1663
f 1785 1663 1488
f 1769 1663 1785
f 1071 1786 1647
f 1786 966 1787
f 1647 1787 1119
f 1786 1787 1647
f 1360 1673 1779
f 1673 514 1788
f 1779 1788 1483
f 1673 1788 1779
f 966 1789 1787
f 1789 300 1674
f 1787 1674 1119
f 1789 1674 1787
f 295 1790 1791
f 1790 514 1672
f 1791 1672 962
f 1790 1672 1791
f 393 1792 1736
f 1792 37 1793
f 1736 1793 1417
f 1792 1793 1736
f 37 1792 1795
f 1792 393 1794
f 1795 1794 1306
f 1792 1794 1795
f 268 1796 1797
f 1796 689 1742
f 1797 1742 1027
f 1796 1742 1797
f 626 1798 1799
f 1798 1343 1684
f 1799 1684 1344
f 1798 1684 1799
f 208 1800 1729
f 1800 626 1799
f 1729 1799 1344
f 1800 1799 1729
f 626 1800 1801
f 1800 208 1598
f 1801 1598 739
f 1800 1598 1801
f 393 1599 1794
f 1599 31 1802
f 1794 1802 1306
f 1599 1802 1794
f 31 1685 1802
f 1685 243 1803
f 1802 1803 1306
f 1685 1803 1802
f 243 1687 1803
f 1687 689 1804
f 1803 1804 1306
f 1687 1804 1803
f 268 1797 1805
f 1797 1027 1746
f 1805 1746 1075
f 1797 1746 1805
f 661 1806 1745
f 1806 141 1807
f 1745 1807 935
f 1806 1807 1745
f 626 1801 1808
f 1801 739 1749
f 1808 1749 1162
f 1801 1749 1808
f 944 1809 1810
f 1809 1051 1689
f 1810 1689 1218
f 1809 1689 1810
f 898 1690 1812
f 1690 1051 1811
f 1812 1811 1251
f 1690 1811 1812
f 221 1813 1814
f 1813 124 1693
f 1814 1693 1143
f 1813 1693 1814
f 175 1815 1816
f 1815 124 1813
f 1816 1813 221
f 1815 1813 1816
f 124 1815 1696
f 1815 175 1817
f 1696 1817 1042
f 1815 1817 1696
f 1042 1817 1819
f 1817 175 1818
f 1819 1818 1328
f 1817 1818 1819
f 233 1820 1821
f 1820 944 1810
f 1821 1810 1218
f 1820 1810 1821
f 19 1750 1822
f 1750 898 1812
f 1822 1812 1251
f 1750 1812 1822
f 384 1752 1823
f 1752 1042 1819
f 1823 1819 1328
f 1752 1819 1823
f 397 1824 1825
f 1824 233 1821
f 1825 1821 1218
f 1824 1821 1825
f 710 1826 1700
f 1826 397 1825
f 1700 1825 1218
f 1826 1825 1700
f 932 1751 1828
f 1751 19 1827
f 1828 1827 1239
f 1751 1827 1828
f 982 1829 1830
f 1829 384 1823
f 1830 1823 1328
f 1829 1823 1830
f 166 1831 1761
f 1831 675 1832
f 1761 1832 1262
f 1831 1832 1761
f 1262 1833 1762
f 1833 1346 1785
f 1762 1785 1488
f 1833 1785 1762
f 1262 1834 1833
f 1834 1177 1835
f 1833 1835 1346
f 1834 1835 1833
f 397 1826 1837
f 1826 710 1836
f 1837 1836 1018
f 1826 1836 1837
f 932 1828 1711
f 1828 1239 1838
f 1711 1838 1497
f 1828 1838 1711
f 344 1839 1840
f 1839 323 1705
f 1840 1705 1449
f 1839 1705 1840
f 59 1841 1843
f 1841 1149 1842
f 1843 1842 1375
f 1841 1842 1843
f 59 1843 1713
f 1843 1375 1844
f 1713 1844 1449
f 1843 1844 1713
f 384 1829 1846
f 1829 982 1845
f 1846 1845 1149
f 1829 1845 1846
f 59 1707 1841
f 1707 384 1846
f 1841 1846 1149
f 1707 1846 1841
f 862 1847 1848
f 1847 1009 1715
f 1848 1715 1407
f 1847 1715 1848
f 23 1849 1850
f 1849 433 1622
f 1850 1622 831
f 1849 1622 1850
f 433 1849 1753
f 1849 23 1851
f 1753 1851 568
f 1849 1851 1753
f 117 1758 1853
f 1758 536 1852
f 1853 1852 675
f 1758 1852 1853
f 1177 1854 1835
f 1854 880 1770
f 1835 1770 1346
f 1854 1770 1835
f 1071 1649 1855
f 1649 880 1854
f 1855 1854 1177
f 1649 1854 1855
f 1018 1836 1856
f 1836 710 1712
f 1856 1712 1497
f 1836 1712 1856
f 1156 1857 1858
f 1857 554 1778
f 1858 1778 1193
f 1857 1778 1858
f 1156 1859 1861
f 1859 570 1860
f 1861 1860 1407
f 1859 1860 1861
f 862 1862 1847
f 1862 303 1710
f 1847 1710 1009
f 1862 1710 1847
f 303 1862 1864
f 1862 862 1863
f 1864 1863 923
f 1862 1863 1864
f 23 1850 1865
f 1850 831 1633
f 1865 1633 1473
f 1850 1633 1865
f 117 1853 1719
f 1853 675 1866
f 1719 1866 1106
f 1853 1866 1719
f 675 1831 1866
f 1831 166 1867
f 1866 1867 1106
f 1831 1867 1866
f 1106 1867 1722
f 1867 166 1767
f 1722 1767 1417
f 1867 1767 1722
f 318 1733 1869
f 1733 554 1868
f 1869 1868 1483
f 1733 1868 1869
f 554 1857 1868
f 1857 1156 1870
f 1868 1870 1483
f 1857 1870 1868
f 1156 1861 1870
f 1861 1407 1781
f 1870 1781 1483
f 1861 1781 1870
f 427 1734 1872
f 1734 144 1871
f 1872 1871 923
f 1734 1871 1872
f 144 1721 1871
f 1721 303 1864
f 1871 1864 923
f 1721 1864 1871
f 427 1873 1735
f 1873 295 1791
f 1735 1791 962
f 1873 1791 1735
f 290 1784 1875
f 1784 394 1874
f 1875 1874 846
f 1784 1874 1875
f 394 1660 1874
f 1660 645 1876
f 1874 1876 846
f 1660 1876 1874
f 846 1876 1877
f 1876 645 1723
f 1877 1723 1417
f 1876 1723 1877
f 1428 1739 1878
f 1739 318 1869
f 1878 1869 1483
f 1739 1869 1878
f 689 1796 1804
f 1796 268 1879
f 1804 1879 1306
f 1796 1879 1804
f 661 1610 1881
f 1610 1343 1880
f 1881 1880 1410
f 1610 1880 1881
f 1141 1882 1747
f 1882 26 1883
f 1747 1883 1162
f 1882 1883 1747
f 1142 1884 1886
f 1884 991 1885
f 1886 1885 1319
f 1884 1885 1886
f 1051 1809 1888
f 1809 944 1887
f 1888 1887 1415
f 1809 1887 1888
f 1251 1811 1889
f 1811 1051 1888
f 1889 1888 1415
f 1811 1888 1889
f 625 1890 1891
f 1890 19 1822
f 1891 1822 1251
f 1890 1822 1891
f 271 1892 1893
f 1892 221 1814
f 1893 1814 1143
f 1892 1814 1893
f 1193 1894 1896
f 1894 787 1895
f 1896 1895 1302
f 1894 1895 1896
f 675 1897 1832
f 1897 1147 1898
f 1832 1898 1262
f 1897 1898 1832
f 1177 1834 1900
f 1834 1262 1899
f 1900 1899 1383
f 1834 1899 1900
f 656 1901 1902
f 1901 1177 1900
f 1902 1900 1383
f 1901 1900 1902
f 19 1890 1827
f 1890 625 1903
f 1827 1903 1239
f 1890 1903 1827
f 787 1894 1904
f 1894 1193 1765
f 1904 1765 1272
f 1894 1765 1904
f 1156 1858 1905
f 1858 1193 1896
f 1905 1896 1302
f 1858 1896 1905
f 656 1906 1901
f 1906 311 1907
f 1901 1907 1177
f 1906 1907 1901
f 3 1908 1910
f 1908 343 1909
f 1910 1909 1404
f 1908 1909 1910
f 343 1908 1774
f 1908 3 1911
f 1774 1911 1272
f 1908 1911 1774
f 3 1912 1911
f 1912 787 1904
f 1911 1904 1272
f 1912 1904 1911
f 536 1913 1852
f 1913 181 1914
f 1852 1914 675
f 1913 1914 1852
f 181 1913 1915
f 1913 536 1755
f 1915 1755 568
f 1913 1755 1915
f 966 1786 1916
f 1786 1071 1855
f 1916 1855 1177
f 1786 1855 1916
f 1375 1917 1844
f 1917 87 1918
f 1844 1918 1449
f 1917 1918 1844
f 87 1919 1918
f 1919 344 1840
f 1918 1840 1449
f 1919 1840 1918
f 570 1920 1860
f 1920 862 1848
f 1860 1848 1407
f 1920 1848 1860
f 923 1863 1922
f 1863 862 1921
f 1922 1921 1463
f 1863 1921 1922
f 343 1773 1909
f 1773 1055 1923
f 1909 1923 1404
f 1773 1923 1909
f 29 1924 1677
f 1924 167 1925
f 1677 1925 1055
f 1924 1925 1677
f 167 1924 1926
f 1924 29 1678
f 1926 1678 935
f 1924 1678 1926
f 514 1927 1788
f 1927 1428 1878
f 1788 1878 1483
f 1927 1878 1788
f 37 1928 1793
f 1928 846 1877
f 1793 1877 1417
f 1928 1877 1793
f 514 1790 1927
f 1790 295 1929
f 1927 1929 1428
f 1790 1929 1927
f 240 1930 1931
f 1930 268 1805
f 1931 1805 1075
f 1930 1805 1931
f 300 1932 1743
f 1932 50 1933
f 1743 1933 1075
f 1932 1933 1743
f 1343 1798 1880
f 1798 626 1934
f 1880 1934 1410
f 1798 1934 1880
f 268 1930 1879
f 1930 240 1935
f 1879 1935 1306
f 1930 1935 1879
f 141 1806 1936
f 1806 661 1881
f 1936 1881 1410
f 1806 1881 1936
f 626 1808 1934
f 1808 1162 1937
f 1934 1937 1410
f 1808 1937 1934
f 27 1938 1940
f 1938 676 1939
f 1940 1939 1225
f 1938 1939 1940
f 676 1941 1939
f 1941 440 1942
f 1939 1942 1225
f 1941 1942 1939
f 1189 1943 1944
f 1943 27 1940
f 1944 1940 1225
f 1943 1940 1944
f 365 1945 1947
f 1945 1037 1946
f 1947 1946 1169
f 1945 1946 1947
f 365 1948 1945
f 1948 1029 1949
f 1945 1949 1037
f 1948 1949 1945
f 27 1950 1938
f 1950 139 1951
f 1938 1951 676
f 1950 1951 1938
f 1037 1952 1946
f 1952 744 1953
f 1946 1953 1169
f 1952 1953 1946
f 752 1954 1956
f 1954 253 1955
f 1956 1955 1319
f 1954 1955 1956
f 1319 1955 1958
f 1955 253 1957
f 1958 1957 1467
f 1955 1957 1958
f 991 1959 1885
f 1959 752 1956
f 1885 1956 1319
f 1959 1956 1885
f 752 1959 1961
f 1959 991 1960
f 1961 1960 1258
f 1959 1960 1961
f 355 1962 1963
f 1962 1319 1958
f 1963 1958 1467
f 1962 1958 1963
f 355 1964 1962
f 1964 1142 1886
f 1962 1886 1319
f 1964 1886 1962
f 355 1965 1964
f 1965 659 1966
f 1964 1966 1142
f 1965 1966 1964
f 991 1967 1969
f 1967 858 1968
f 1969 1968 1069
f 1967 1968 1969
f 858 1967 1970
f 1967 991 1884
f 1970 1884 1142
f 1967 1884 1970
f 659 1971 1966
f 1971 858 1970
f 1966 1970 1142
f 1971 1970 1966
f 175 1972 1818
f 1972 1314 1973
f 1818 1973 1328
f 1972 1973 1818
f 175 1816 1972
f 1816 221 1974
f 1972 1974 1314
f 1816 1974 1972
f 1262 1898 1899
f 1898 1147 1975
f 1899 1975 1383
f 1898 1975 1899
f 625 1891 1976
f 1891 1251 1889
f 1976 1889 1415
f 1891 1889 1976
f 1328 1977 1979
f 1977 1166 1978
f 1979 1978 1379
f 1977 1978 1979
f 787 1912 1981
f 1912 3 1980
f 1981 1980 1379
f 1912 1980 1981
f 233 1982 1820
f 1982 656 1983
f 1820 1983 944
f 1982 1983 1820
f 881 1984 1985
f 1984 271 1893
f 1985 1893 1143
f 1984 1893 1985
f 323 1986 1703
f 1986 881 1985
f 1703 1985 1143
f 1986 1985 1703
f 982 1830 1987
f 1830 1328 1979
f 1987 1979 1379
f 1830 1979 1987
f 1283 1988 1989
f 1988 1156 1905
f 1989 1905 1302
f 1988 1905 1989
f 1156 1988 1991
f 1988 1283 1990
f 1991 1990 1463
f 1988 1990 1991
f 233 1992 1982
f 1992 311 1906
f 1982 1906 656
f 1992 1906 1982
f 311 1992 1993
f 1992 233 1824
f 1993 1824 397
f 1992 1824 1993
f 1239 1994 1838
f 1994 129 1995
f 1838 1995 1497
f 1994 1995 1838
f 982 1987 1997
f 1987 1379 1996
f 1997 1996 1404
f 1987 1996 1997
f 1379 1980 1996
f 1980 3 1910
f 1996 1910 1404
f 1980 1910 1996
f 570 1859 1998
f 1859 1156 1991
f 1998 1991 1463
f 1859 1991 1998
f 568 1851 2000
f 1851 23 1999
f 2000 1999 650
f 1851 1999 2000
f 181 1915 2001
f 1915 568 2000
f 2001 2000 650
f 1915 2000 2001
f 1093 2002 2003
f 2002 966 1916
f 2003 1916 1177
f 2002 1916 2003
f 311 2004 1907
f 2004 1093 2003
f 1907 2003 1177
f 2004 2003 1907
f 311 1993 2004
f 1993 397 2005
f 2004 2005 1093
f 1993 2005 2004
f 323 1839 1986
f 1839 344 2006
f 1986 2006 881
f 1839 2006 1986
f 1149 1845 2007
f 1845 982 1997
f 2007 1997 1404
f 1845 1997 2007
f 1375 1842 2008
f 1842 1149 2007
f 2008 2007 1404
f 1842 2007 2008
f 862 1920 1921
f 1920 570 1998
f 1921 1998 1463
f 1920 1998 1921
f 397 1837 2005
f 1837 1018 2009
f 2005 2009 1093
f 1837 2009 2005
f 1199 2010 2012
f 2010 967 2011
f 2012 2011 1473
f 2010 2011 2012
f 290 2013 1783
f 2013 1199 2012
f 1783 2012 1473
f 2013 2012 1783
f 1055 1925 1923
f 1925 167 2014
f 1923 2014 1404
f 1925 2014 1923
f 167 2015 2014
f 2015 870 2016
f 2014 2016 1404
f 2015 2016 2014
f 45 2017 2019
f 2017 427 2018
f 2019 2018 1254
f 2017 2018 2019
f 45 2020 2017
f 2020 295 1873
f 2017 1873 427
f 2020 1873 2017
f 50 1932 2022
f 1932 300 2021
f 2022 2021 1217
f 1932 2021 2022
f 300 1789 2021
f 1789 966 2023
f 2021 2023 1217
f 1789 2023 2021
f 781 2024 2025
f 2024 167 1926
f 2025 1926 935
f 2024 1926 2025
f 50 2026 1933
f 2026 653 2027
f 1933 2027 1075
f 2026 2027 1933
f 141 2028 2030
f 2028 328 2029
f 2030 2029 781
f 2028 2029 2030
f 141 2030 1807
f 2030 781 2025
f 1807 2025 935
f 2030 2025 1807
f 1162 1883 1937
f 1883 26 2031
f 1937 2031 1410
f 1883 2031 1937
f 275 2032 2034
f 2032 756 2033
f 2034 2033 1041
f 2032 2033 2034
f 591 2035 2037
f 2035 505 2036
f 2037 2036 1041
f 2035 2036 2037
f 756 2038 2033
f 2038 591 2037
f 2033 2037 1041
f 2038 2037 2033
f 591 2038 2040
f 2038 756 2039
f 2040 2039 1464
f 2038 2039 2040
f 505 2041 2036
f 2041 638 2042
f 2036 2042 1041
f 2041 2042 2036
f 505 2035 2044
f 2035 591 2043
f 2044 2043 830
f 2035 2043 2044
f 440 2045 1942
f 2045 214 2046
f 1942 2046 1225
f 2045 2046 1942
f 1029 1948 2048
f 1948 365 2047
f 2048 2047 1097
f 1948 2047 2048
f 1029 2048 2050
f 2048 1097 2049
f 2050 2049 1401
f 2048 2049 2050
f 429 2051 2053
f 2051 474 2052
f 2053 2052 1351
f 2051 2052 2053
f 241 2054 2055
f 2054 429 2053
f 2055 2053 1351
f 2054 2053 2055
f 524 2056 2057
f 2056 365 1947
f 2057 1947 1169
f 2056 1947 2057
f 1029 2058 1949
f 2058 947 2059
f 1949 2059 1037
f 2058 2059 1949
f 223 2060 2062
f 2060 450 2061
f 2062 2061 1432
f 2060 2061 2062
f 690 2063 2064
f 2063 223 2062
f 2064 2062 1432
f 2063 2062 2064
f 1039 2065 2066
f 2065 241 2055
f 2066 2055 1351
f 2065 2055 2066
f 632 2067 2068
f 2067 1039 2066
f 2068 2066 1351
f 2067 2066 2068
f 139 2069 1951
f 2069 632 2070
f 1951 2070 676
f 2069 2070 1951
f 495 2071 2072
f 2071 27 1943
f 2072 1943 1189
f 2071 1943 2072
f 504 2073 2074
f 2073 495 2072
f 2074 2072 1189
f 2073 2072 2074
f 391 2075 2076
f 2075 524 2057
f 2076 2057 1169
f 2075 2057 2076
f 450 2077 2061
f 2077 201 2078
f 2061 2078 1432
f 2077 2078 2061
f 632 2079 2081
f 2079 68 2080
f 2081 2080 1406
f 2079 2080 2081
f 139 2082 2069
f 2082 68 2079
f 2069 2079 632
f 2082 2079 2069
f 139 1950 2083
f 1950 27 2071
f 2083 2071 495
f 1950 2071 2083
f 139 2083 2085
f 2083 495 2084
f 2085 2084 1072
f 2083 2084 2085
f 792 2086 2087
f 2086 744 1952
f 2087 1952 1037
f 2086 1952 2087
f 947 2088 2059
f 2088 792 2087
f 2059 2087 1037
f 2088 2087 2059
f 36 2089 2090
f 2089 744 2086
f 2090 2086 792
f 2089 2086 2090
f 68 2082 2091
f 2082 139 2085
f 2091 2085 1072
f 2082 2085 2091
f 744 2092 1953
f 2092 902 2093
f 1953 2093 1169
f 2092 2093 1953
f 744 2094 2092
f 2094 805 2095
f 2092 2095 902
f 2094 2095 2092
f 253 1954 2097
f 1954 752 2096
f 2097 2096 1260
f 1954 2096 2097
f 802 2098 2099
f 2098 752 1961
f 2099 1961 1258
f 2098 1961 2099
f 253 2100 1957
f 2100 345 2101
f 1957 2101 1467
f 2100 2101 1957
f 1220 2102 2103
f 2102 802 2099
f 2103 2099 1258
f 2102 2099 2103
f 1387 2104 2105
f 2104 355 1963
f 2105 1963 1467
f 2104 1963 2105
f 657 2106 2107
f 2106 1220 2103
f 2107 2103 1258
f 2106 2103 2107
f 991 2108 1960
f 2108 657 2107
f 1960 2107 1258
f 2108 2107 1960
f 659 1965 2110
f 1965 355 2109
f 2110 2109 1339
f 1965 2109 2110
f 71 2111 2113
f 2111 657 2112
f 2113 2112 1069
f 2111 2112 2113
f 657 2108 2112
f 2108 991 1969
f 2112 1969 1069
f 2108 1969 2112
f 944 2114 1887
f 2114 244 2115
f 1887 2115 1415
f 2114 2115 1887
f 1314 2116 1973
f 2116 1166 1977
f 1973 1977 1328
f 2116 1977 1973
f 1166 2117 1978
f 2117 787 1981
f 1978 1981 1379
f 2117 1981 1978
f 274 2118 2119
f 2118 181 2001
f 2119 2001 650
f 2118 2001 2119
f 675 2120 1897
f 2120 274 2121
f 1897 2121 1147
f 2120 2121 1897
f 181 2118 1914
f 2118 274 2120
f 1914 2120 675
f 2118 2120 1914
f 656 2122 1983
f 2122 244 2114
f 1983 2114 944
f 2122 2114 1983
f 23 2123 1999
f 2123 277 2124
f 1999 2124 650
f 2123 2124 1999
f 1018 2125 2127
f 2125 1217 2126
f 2127 2126 1226
f 2125 2126 2127
f 1217 2125 2128
f 2125 1018 1856
f 2128 1856 1497
f 2125 1856 2128
f 870 2129 2016
f 2129 1375 2008
f 2016 2008 1404
f 2129 2008 2016
f 1219 2130 2131
f 2130 923 1922
f 2131 1922 1463
f 2130 1922 2131
f 277 2123 2132
f 2123 23 1865
f 2132 1865 1473
f 2123 1865 2132
f 1093 2009 2133
f 2009 1018 2127
f 2133 2127 1226
f 2009 2127 2133
f 870 2134 2129
f 2134 87 1917
f 2129 1917 1375
f 2134 1917 2129
f 966 2002 2135
f 2002 1093 2133
f 2135 2133 1226
f 2002 2133 2135
f 290 1875 2013
f 1875 846 2136
f 2013 2136 1199
f 1875 2136 2013
f 295 2020 1929
f 2020 45 2137
f 1929 2137 1428
f 2020 2137 1929
f 846 1928 2138
f 1928 37 1795
f 2138 1795 1306
f 1928 1795 2138
f 1199 2136 2139
f 2136 846 2138
f 2139 2138 1306
f 2136 2138 2139
f 26 1882 2140
f 1882 1141 1741
f 2140 1741 1428
f 1882 1741 2140
f 756 2032 2142
f 2032 275 2141
f 2142 2141 1178
f 2032 2141 2142
f 16 2143 2145
f 2143 249 2144
f 2145 2144 1041
f 2143 2144 2145
f 249 2146 2144
f 2146 275 2034
f 2144 2034 1041
f 2146 2034 2144
f 756 2147 2039
f 2147 969 2148
f 2039 2148 1464
f 2147 2148 2039
f 969 2147 2149
f 2147 756 2142
f 2149 2142 1178
f 2147 2142 2149
f 638 2150 2042
f 2150 965 2151
f 2042 2151 1041
f 2150 2151 2042
f 965 2152 2151
f 2152 16 2145
f 2151 2145 1041
f 2152 2145 2151
f 969 2153 2148
f 2153 1393 2154
f 2148 2154 1464
f 2153 2154 2148
f 1393 2155 2154
f 2155 1056 2156
f 2154 2156 1464
f 2155 2156 2154
f 1056 2157 2156
f 2157 204 2158
f 2156 2158 1464
f 2157 2158 2156
f 638 2041 2160
f 2041 505 2159
f 2160 2159 959
f 2041 2159 2160
f 505 2044 2159
f 2044 830 2161
f 2159 2161 959
f 2044 2161 2159
f 591 2162 2043
f 2162 204 2163
f 2043 2163 830
f 2162 2163 2043
f 204 2162 2158
f 2162 591 2040
f 2158 2040 1464
f 2162 2040 2158
f 214 2164 2046
f 2164 1139 2165
f 2046 2165 1225
f 2164 2165 2046
f 1225 2165 2167
f 2165 1139 2166
f 2167 2166 1419
f 2165 2166 2167
f 1367 2168 2169
f 2168 1029 2050
f 2169 2050 1401
f 2168 2050 2169
f 429 2170 2051
f 2170 356 2171
f 2051 2171 474
f 2170 2171 2051
f 474 2172 2174
f 2172 773 2173
f 2174 2173 1442
f 2172 2173 2174
f 1189 1944 2175
f 1944 1225 2167
f 2175 2167 1419
f 1944 2167 2175
f 1124 2176 2178
f 2176 109 2177
f 2178 2177 1432
f 2176 2177 2178
f 109 2179 2177
f 2179 690 2064
f 2177 2064 1432
f 2179 2064 2177
f 172 2180 2181
f 2180 356 2170
f 2181 2170 429
f 2180 2170 2181
f 474 2182 2052
f 2182 730 2183
f 2052 2183 1351
f 2182 2183 2052
f 730 2182 2184
f 2182 474 2174
f 2184 2174 1442
f 2182 2174 2184
f 440 1941 2186
f 1941 676 2185
f 2186 2185 730
f 1941 2185 2186
f 365 2056 2047
f 2056 524 2187
f 2047 2187 1097
f 2056 2187 2047
f 1124 2188 2189
f 2188 1029 2168
f 2189 2168 1367
f 2188 2168 2189
f 241 2190 2054
f 2190 172 2181
f 2054 2181 429
f 2190 2181 2054
f 730 2191 2183
f 2191 632 2068
f 2183 2068 1351
f 2191 2068 2183
f 676 2070 2185
f 2070 632 2191
f 2185 2191 730
f 2070 2191 2185
f 947 2058 2192
f 2058 1029 2188
f 2192 2188 1124
f 2058 2188 2192
f 201 2193 2078
f 2193 947 2194
f 2078 2194 1432
f 2193 2194 2078
f 947 2192 2194
f 2192 1124 2178
f 2194 2178 1432
f 2192 2178 2194
f 495 2073 2196
f 2073 504 2195
f 2196 2195 1031
f 2073 2195 2196
f 524 2075 2198
f 2075 391 2197
f 2198 2197 1063
f 2075 2197 2198
f 201 2199 2193
f 2199 792 2088
f 2193 2088 947
f 2199 2088 2193
f 201 2200 2199
f 2200 512 2201
f 2199 2201 792
f 2200 2201 2199
f 201 2077 2200
f 2077 450 2202
f 2200 2202 512
f 2077 2202 2200
f 495 2196 2084
f 2196 1031 2203
f 2084 2203 1072
f 2196 2203 2084
f 1031 2204 2203
f 2204 485 2205
f 2203 2205 1072
f 2204 2205 2203
f 902 2206 2093
f 2206 391 2076
f 2093 2076 1169
f 2206 2076 2093
f 744 2089 2094
f 2089 36 2207
f 2094 2207 805
f 2089 2207 2094
f 666 2208 2209
f 2208 253 2097
f 2209 2097 1260
f 2208 2097 2209
f 752 2210 2096
f 2210 595 2211
f 2096 2211 1260
f 2210 2211 2096
f 595 2210 2212
f 2210 752 2098
f 2212 2098 802
f 2210 2098 2212
f 345 2100 2213
f 2100 253 2208
f 2213 2208 666
f 2100 2208 2213
f 1220 2106 2215
f 2106 657 2214
f 2215 2214 1459
f 2106 2214 2215
f 1339 2109 2216
f 2109 355 2104
f 2216 2104 1387
f 2109 2104 2216
f 858 1971 2218
f 1971 659 2217
f 2218 2217 1308
f 1971 2217 2218
f 192 2219 2221
f 2219 390 2220
f 2221 2220 1147
f 2219 2220 2221
f 1147 2220 1975
f 2220 390 2222
f 1975 2222 1383
f 2220 2222 1975
f 145 2223 2224
f 2223 1283 1989
f 2224 1989 1302
f 2223 1989 2224
f 876 2225 2227
f 2225 656 2226
f 2227 2226 1179
f 2225 2226 2227
f 1179 2226 2228
f 2226 656 1902
f 2228 1902 1383
f 2226 1902 2228
f 74 2229 2230
f 2229 1166 2116
f 2230 2116 1314
f 2229 2116 2230
f 74 2231 2229
f 2231 787 2117
f 2229 2117 1166
f 2231 2117 2229
f 453 2232 2233
f 2232 625 1976
f 2233 1976 1415
f 2232 1976 2233
f 221 1892 2235
f 1892 271 2234
f 2235 2234 891
f 1892 2234 2235
f 129 2236 1995
f 2236 1217 2128
f 1995 2128 1497
f 2236 2128 1995
f 967 2237 2011
f 2237 277 2132
f 2011 2132 1473
f 2237 2132 2011
f 344 2238 2006
f 2238 260 2239
f 2006 2239 881
f 2238 2239 2006
f 87 2240 1919
f 2240 260 2238
f 1919 2238 344
f 2240 2238 1919
f 260 2240 2241
f 2240 87 2134
f 2241 2134 870
f 2240 2134 2241
f 427 1872 2018
f 1872 923 2242
f 2018 2242 1254
f 1872 2242 2018
f 923 2130 2242
f 2130 1219 2243
f 2242 2243 1254
f 2130 2243 2242
f 1217 2023 2126
f 2023 966 2135
f 2126 2135 1226
f 2023 2135 2126
f 781 2244 2245
f 2244 260 2241
f 2245 2241 870
f 2244 2241 2245
f 167 2024 2015
f 2024 781 2245
f 2015 2245 870
f 2024 2245 2015
f 45 2246 2137
f 2246 1163 2247
f 2137 2247 1428
f 2246 2247 2137
f 1163 2248 2247
f 2248 26 2140
f 2247 2140 1428
f 2248 2140 2247
f 646 2249 2251
f 2249 240 2250
f 2251 2250 653
f 2249 2250 2251
f 653 2250 2027
f 2250 240 1931
f 2027 1931 1075
f 2250 1931 2027
f 328 2028 2252
f 2028 141 1936
f 2252 1936 1410
f 2028 1936 2252
f 26 2248 2254
f 2248 1163 2253
f 2254 2253 1400
f 2248 2253 2254
f 509 2255 2257
f 2255 294 2256
f 2257 2256 865
f 2255 2256 2257
f 457 2258 2260
f 2258 294 2259
f 2260 2259 1268
f 2258 2259 2260
f 294 2258 2256
f 2258 457 2261
f 2256 2261 865
f 2258 2261 2256
f 457 2262 2264
f 2262 883 2263
f 2264 2263 1019
f 2262 2263 2264
f 865 2261 2265
f 2261 457 2264
f 2265 2264 1019
f 2261 2264 2265
f 883 2262 2266
f 2262 457 2260
f 2266 2260 1268
f 2262 2260 2266
f 377 2267 2268
f 2267 883 2266
f 2268 2266 1268
f 2267 2266 2268
f 883 2269 2263
f 2269 329 2270
f 2263 2270 1019
f 2269 2270 2263
f 275 2146 2141
f 2146 249 2271
f 2141 2271 1178
f 2146 2271 2141
f 249 2272 2271
f 2272 176 2273
f 2271 2273 1178
f 2272 2273 2271
f 249 2143 2274
f 2143 16 2152
f 2274 2152 965
f 2143 2152 2274
f 638 2275 2150
f 2275 549 2276
f 2150 2276 965
f 2275 2276 2150
f 508 2277 2278
f 2277 638 2160
f 2278 2160 959
f 2277 2160 2278
f 830 2163 2279
f 2163 204 2157
f 2279 2157 1056
f 2163 2157 2279
f 191 2280 2282
f 2280 94 2281
f 2282 2281 1113
f 2280 2281 2282
f 94 2280 2284
f 2280 191 2283
f 2284 2283 1214
f 2280 2283 2284
f 474 2171 2172
f 2171 356 2285
f 2172 2285 773
f 2171 2285 2172
f 65 2286 2288
f 2286 214 2287
f 2288 2287 1442
f 2286 2287 2288
f 214 2045 2287
f 2045 440 2289
f 2287 2289 1442
f 2045 2289 2287
f 690 2179 2291
f 2179 109 2290
f 2291 2290 1171
f 2179 2290 2291
f 440 2186 2289
f 2186 730 2184
f 2289 2184 1442
f 2186 2184 2289
f 999 2292 2293
f 2292 1189 2175
f 2293 2175 1419
f 2292 2175 2293
f 1097 2187 2295
f 2187 524 2294
f 2295 2294 1285
f 2187 2294 2295
f 109 2176 2296
f 2176 1124 2189
f 2296 2189 1367
f 2176 2189 2296
f 690 2297 2299
f 2297 683 2298
f 2299 2298 834
f 2297 2298 2299
f 683 2297 2300
f 2297 690 2291
f 2300 2291 1171
f 2297 2291 2300
f 999 2301 2292
f 2301 652 2302
f 2292 2302 1189
f 2301 2302 2292
f 223 2063 2303
f 2063 690 2299
f 2303 2299 834
f 2063 2299 2303
f 573 2304 2305
f 2304 223 2303
f 2305 2303 834
f 2304 2303 2305
f 652 2306 2302
f 2306 504 2074
f 2302 2074 1189
f 2306 2074 2302
f 450 2060 2307
f 2060 223 2304
f 2307 2304 573
f 2060 2304 2307
f 943 2308 2309
f 2308 241 2065
f 2309 2065 1039
f 2308 2065 2309
f 1039 2067 2310
f 2067 632 2081
f 2310 2081 1406
f 2067 2081 2310
f 512 2311 2201
f 2311 445 2312
f 2201 2312 792
f 2311 2312 2201
f 450 2313 2202
f 2313 247 2314
f 2202 2314 512
f 2313 2314 2202
f 1184 2315 2316
f 2315 1387 2105
f 2316 2105 1467
f 2315 2105 2316
f 71 2317 2111
f 2317 347 2318
f 2111 2318 657
f 2317 2318 2111
f 170 2319 2321
f 2319 426 2320
f 2321 2320 1387
f 2319 2320 2321
f 426 2322 2320
f 2322 1339 2216
f 2320 2216 1387
f 2322 2216 2320
f 1308 2217 2323
f 2217 659 2110
f 2323 2110 1339
f 2217 2110 2323
f 390 2324 2222
f 2324 1179 2228
f 2222 2228 1383
f 2324 2228 2222
f 787 2325 1895
f 2325 1243 2326
f 1895 2326 1302
f 2325 2326 1895
f 244 2122 2327
f 2122 656 2225
f 2327 2225 876
f 2122 2225 2327
f 244 2327 2115
f 2327 876 2328
f 2115 2328 1415
f 2327 2328 2115
f 221 2235 1974
f 2235 891 2329
f 1974 2329 1314
f 2235 2329 1974
f 1283 2330 1990
f 2330 266 2331
f 1990 2331 1463
f 2330 2331 1990
f 274 2119 2333
f 2119 650 2332
f 2333 2332 1129
f 2119 2332 2333
f 271 2334 2234
f 2334 84 2335
f 2234 2335 891
f 2334 2335 2234
f 271 1984 2337
f 1984 881 2336
f 2337 2336 1110
f 1984 2336 2337
f 650 2124 2332
f 2124 277 2338
f 2332 2338 1129
f 2124 2338 2332
f 129 2339 2236
f 2339 273 2340
f 2236 2340 1217
f 2339 2340 2236
f 273 2341 2340
f 2341 50 2022
f 2340 2022 1217
f 2341 2022 2340
f 1163 2246 2342
f 2246 45 2019
f 2342 2019 1254
f 2246 2019 2342
f 1121 2343 2344
f 2343 1199 2139
f 2344 2139 1306
f 2343 2139 2344
f 458 2345 2346
f 2345 1121 2344
f 2346 2344 1306
f 2345 2344 2346
f 646 2347 2348
f 2347 458 2346
f 2348 2346 1306
f 2347 2346 2348
f 240 2249 1935
f 2249 646 2348
f 1935 2348 1306
f 2249 2348 1935
f 173 2349 2351
f 2349 867 2350
f 2351 2350 1268
f 2349 2350 2351
f 623 2352 2353
f 2352 509 2257
f 2353 2257 865
f 2352 2257 2353
f 867 2354 2350
f 2354 377 2268
f 2350 2268 1268
f 2354 2268 2350
f 372 2355 2356
f 2355 623 2353
f 2356 2353 865
f 2355 2353 2356
f 372 2356 2357
f 2356 865 2265
f 2357 2265 1019
f 2356 2265 2357
f 883 2267 2359
f 2267 377 2358
f 2359 2358 1170
f 2267 2358 2359
f 329 2269 2360
f 2269 883 2359
f 2360 2359 1170
f 2269 2359 2360
f 249 2274 2362
f 2274 965 2361
f 2362 2361 1279
f 2274 2361 2362
f 176 2272 2363
f 2272 249 2362
f 2363 2362 1279
f 2272 2362 2363
f 176 2364 2273
f 2364 751 2365
f 2273 2365 1178
f 2364 2365 2273
f 8 2366 2368
f 2366 1154 2367
f 2368 2367 1178
f 2366 2367 2368
f 1154 2369 2367
f 2369 969 2149
f 2367 2149 1178
f 2369 2149 2367
f 969 2370 2153
f 2370 301 2371
f 2153 2371 1393
f 2370 2371 2153
f 953 2372 2373
f 2372 301 2370
f 2373 2370 969
f 2372 2370 2373
f 1214 2374 2376
f 2374 956 2375
f 2376 2375 1215
f 2374 2375 2376
f 956 2377 2375
f 2377 140 2378
f 2375 2378 1215
f 2377 2378 2375
f 191 2379 2283
f 2379 956 2374
f 2283 2374 1214
f 2379 2374 2283
f 1109 2380 2381
f 2380 191 2282
f 2381 2282 1113
f 2380 2282 2381
f 1109 2381 2383
f 2381 1113 2382
f 2383 2382 1115
f 2381 2382 2383
f 1094 2384 2385
f 2384 94 2284
f 2385 2284 1214
f 2384 2284 2385
f 112 2386 2387
f 2386 1094 2385
f 2387 2385 1214
f 2386 2385 2387
f 1210 2388 2389
f 2388 112 2387
f 2389 2387 1214
f 2388 2387 2389
f 94 2384 2281
f 2384 1094 2390
f 2281 2390 1113
f 2384 2390 2281
f 112 2391 2386
f 2391 424 2392
f 2386 2392 1094
f 2391 2392 2386
f 1113 2390 2394
f 2390 1094 2393
f 2394 2393 1492
f 2390 2393 2394
f 214 2286 2164
f 2286 65 2395
f 2164 2395 1139
f 2286 2395 2164
f 1097 2396 2049
f 2396 414 2397
f 2049 2397 1401
f 2396 2397 2049
f 320 2398 2400
f 2398 356 2399
f 2400 2399 607
f 2398 2399 2400
f 356 2398 2285
f 2398 320 2401
f 2285 2401 773
f 2398 2401 2285
f 137 2402 2403
f 2402 1097 2295
f 2403 2295 1285
f 2402 2295 2403
f 137 2404 2402
f 2404 414 2396
f 2402 2396 1097
f 2404 2396 2402
f 1171 2290 2405
f 2290 109 2296
f 2405 2296 1367
f 2290 2296 2405
f 356 2180 2399
f 2180 172 2406
f 2399 2406 607
f 2180 2406 2399
f 524 2198 2294
f 2198 1063 2407
f 2294 2407 1285
f 2198 2407 2294
f 172 2190 2409
f 2190 241 2408
f 2409 2408 615
f 2190 2408 2409
f 615 2408 2410
f 2408 241 2308
f 2410 2308 943
f 2408 2308 2410
f 15 2411 2412
f 2411 504 2306
f 2412 2306 652
f 2411 2306 2412
f 504 2411 2195
f 2411 15 2413
f 2195 2413 1031
f 2411 2413 2195
f 247 2313 2414
f 2313 450 2307
f 2414 2307 573
f 2313 2307 2414
f 247 2414 2416
f 2414 573 2415
f 2416 2415 1211
f 2414 2415 2416
f 68 2417 2080
f 2417 212 2418
f 2080 2418 1406
f 2417 2418 2080
f 391 2419 2197
f 2419 14 2420
f 2197 2420 1063
f 2419 2420 2197
f 14 2419 2421
f 2419 391 2206
f 2421 2206 902
f 2419 2206 2421
f 445 2422 2312
f 2422 36 2090
f 2312 2090 792
f 2422 2090 2312
f 445 2311 2424
f 2311 512 2423
f 2424 2423 1067
f 2311 2423 2424
f 212 2417 2425
f 2417 68 2091
f 2425 2091 1072
f 2417 2091 2425
f 485 2426 2205
f 2426 1021 2427
f 2205 2427 1072
f 2426 2427 2205
f 485 2204 2429
f 2204 1031 2428
f 2429 2428 1238
f 2204 2428 2429
f 36 2422 2207
f 2422 445 2430
f 2207 2430 805
f 2422 2430 2207
f 902 2095 2432
f 2095 805 2431
f 2432 2431 1431
f 2095 2431 2432
f 1260 2211 2434
f 2211 595 2433
f 2434 2433 1299
f 2211 2433 2434
f 555 2435 2436
f 2435 1184 2316
f 2436 2316 1467
f 2435 2316 2436
f 1184 2437 2315
f 2437 170 2321
f 2315 2321 1387
f 2437 2321 2315
f 657 2318 2214
f 2318 347 2438
f 2214 2438 1459
f 2318 2438 2214
f 852 2439 2440
f 2439 71 2113
f 2440 2113 1069
f 2439 2113 2440
f 1243 2441 2326
f 2441 145 2224
f 2326 2224 1302
f 2441 2224 2326
f 754 2442 2443
f 2442 192 2221
f 2443 2221 1147
f 2442 2221 2443
f 145 2444 2223
f 2444 531 2445
f 2223 2445 1283
f 2444 2445 2223
f 274 2446 2121
f 2446 754 2443
f 2121 2443 1147
f 2446 2443 2121
f 539 2447 2448
f 2447 74 2230
f 2448 2230 1314
f 2447 2230 2448
f 876 2449 2328
f 2449 453 2233
f 2328 2233 1415
f 2449 2233 2328
f 891 2450 2329
f 2450 539 2448
f 2329 2448 1314
f 2450 2448 2329
f 625 2451 1903
f 2451 403 2452
f 1903 2452 1239
f 2451 2452 1903
f 453 2453 2232
f 2453 403 2451
f 2232 2451 625
f 2453 2451 2232
f 273 2339 2455
f 2339 129 2454
f 2455 2454 794
f 2339 2454 2455
f 881 2239 2336
f 2239 260 2456
f 2336 2456 1110
f 2239 2456 2336
f 1121 2457 2343
f 2457 967 2010
f 2343 2010 1199
f 2457 2010 2343
f 50 2341 2026
f 2341 273 2458
f 2026 2458 653
f 2341 2458 2026
f 260 2244 2460
f 2244 781 2459
f 2460 2459 1026
f 2244 2459 2460
f 781 2029 2459
f 2029 328 2461
f 2459 2461 1026
f 2029 2461 2459
f 218 2462 2463
f 2462 328 2252
f 2463 2252 1410
f 2462 2252 2463
f 1400 2464 2465
f 2464 218 2463
f 2465 2463 1410
f 2464 2463 2465
f 26 2254 2031
f 2254 1400 2465
f 2031 2465 1410
f 2254 2465 2031
f 173 2466 2349
f 2466 699 2467
f 2349 2467 867
f 2466 2467 2349
f 99 2468 2469
f 2468 377 2354
f 2469 2354 867
f 2468 2354 2469
f 377 2468 2358
f 2468 99 2470
f 2358 2470 1170
f 2468 2470 2358
f 372 2357 2472
f 2357 1019 2471
f 2472 2471 1081
f 2357 2471 2472
f 1019 2473 2471
f 2473 97 2474
f 2471 2474 1081
f 2473 2474 2471
f 329 2475 2270
f 2475 97 2473
f 2270 2473 1019
f 2475 2473 2270
f 97 2475 2477
f 2475 329 2476
f 2477 2476 1032
f 2475 2476 2477
f 1032 2476 2478
f 2476 329 2360
f 2478 2360 1170
f 2476 2360 2478
f 176 2479 2364
f 2479 501 2480
f 2364 2480 751
f 2479 2480 2364
f 751 2481 2365
f 2481 8 2368
f 2365 2368 1178
f 2481 2368 2365
f 965 2482 2361
f 2482 979 2483
f 2361 2483 1279
f 2482 2483 2361
f 953 2373 2484
f 2373 969 2369
f 2484 2369 1154
f 2373 2369 2484
f 965 2276 2482
f 2276 549 2485
f 2482 2485 979
f 2276 2485 2482
f 549 2486 2485
f 2486 973 2487
f 2485 2487 979
f 2486 2487 2485
f 301 2488 2371
f 2488 165 2489
f 2371 2489 1393
f 2488 2489 2371
f 165 2488 2490
f 2488 301 2372
f 2490 2372 953
f 2488 2372 2490
f 80 2491 2492
f 2491 549 2275
f 2492 2275 638
f 2491 2275 2492
f 508 2493 2277
f 2493 80 2492
f 2277 2492 638
f 2493 2492 2277
f 956 2379 2494
f 2379 191 2380
f 2494 2380 1109
f 2379 2380 2494
f 4 2495 2496
f 2495 956 2494
f 2496 2494 1109
f 2495 2494 2496
f 1210 2389 2497
f 2389 1214 2376
f 2497 2376 1215
f 2389 2376 2497
f 1115 2382 2498
f 2382 1113 2394
f 2498 2394 1492
f 2382 2394 2498
f 1094 2392 2393
f 2392 424 2499
f 2393 2499 1492
f 2392 2499 2393
f 142 2500 2501
f 2500 65 2288
f 2501 2288 1442
f 2500 2288 2501
f 155 2502 2503
f 2502 1367 2169
f 2503 2169 1401
f 2502 2169 2503
f 683 2300 2505
f 2300 1171 2504
f 2505 2504 1390
f 2300 2504 2505
f 742 2506 2508
f 2506 172 2507
f 2508 2507 1291
f 2506 2507 2508
f 607 2406 2509
f 2406 172 2506
f 2509 2506 742
f 2406 2506 2509
f 320 2400 2511
f 2400 607 2510
f 2511 2510 1446
f 2400 2510 2511
f 683 2512 2298
f 2512 707 2513
f 2298 2513 834
f 2512 2513 2298
f 834 2513 2515
f 2513 707 2514
f 2515 2514 931
f 2513 2514 2515
f 615 2516 2518
f 2516 1198 2517
f 2518 2517 1291
f 2516 2517 2518
f 172 2409 2507
f 2409 615 2518
f 2507 2518 1291
f 2409 2518 2507
f 573 2305 2519
f 2305 834 2515
f 2519 2515 931
f 2305 2515 2519
f 1198 2516 2521
f 2516 615 2520
f 2521 2520 1455
f 2516 2520 2521
f 573 2519 2523
f 2519 931 2522
f 2523 2522 1502
f 2519 2522 2523
f 615 2410 2520
f 2410 943 2524
f 2520 2524 1455
f 2410 2524 2520
f 943 2525 2524
f 2525 778 2526
f 2524 2526 1455
f 2525 2526 2524
f 778 2525 2528
f 2525 943 2527
f 2528 2527 1406
f 2525 2527 2528
f 943 2309 2527
f 2309 1039 2310
f 2527 2310 1406
f 2309 2310 2527
f 1031 2413 2428
f 2413 15 2529
f 2428 2529 1238
f 2413 2529 2428
f 14 2530 2532
f 2530 503 2531
f 2532 2531 1336
f 2530 2531 2532
f 1063 2420 2533
f 2420 14 2532
f 2533 2532 1336
f 2420 2532 2533
f 1067 2534 2535
f 2534 247 2416
f 2535 2416 1211
f 2534 2416 2535
f 805 2430 2431
f 2430 445 2536
f 2431 2536 1431
f 2430 2536 2431
f 512 2314 2423
f 2314 247 2534
f 2423 2534 1067
f 2314 2534 2423
f 1021 2537 2427
f 2537 212 2425
f 2427 2425 1072
f 2537 2425 2427
f 196 2538 2539
f 2538 1260 2434
f 2539 2434 1299
f 2538 2434 2539
f 196 2540 2538
f 2540 666 2209
f 2538 2209 1260
f 2540 2209 2538
f 666 2540 2542
f 2540 196 2541
f 2542 2541 1399
f 2540 2541 2542
f 595 2543 2433
f 2543 552 2544
f 2433 2544 1299
f 2543 2544 2433
f 110 2545 2546
f 2545 666 2542
f 2546 2542 1399
f 2545 2542 2546
f 552 2543 2547
f 2543 595 2212
f 2547 2212 802
f 2543 2212 2547
f 110 2548 2545
f 2548 345 2213
f 2545 2213 666
f 2548 2213 2545
f 552 2547 2549
f 2547 802 2102
f 2549 2102 1220
f 2547 2102 2549
f 299 2550 2551
f 2550 552 2549
f 2551 2549 1220
f 2550 2549 2551
f 345 2548 2101
f 2548 110 2552
f 2101 2552 1467
f 2548 2552 2101
f 110 2553 2552
f 2553 555 2436
f 2552 2436 1467
f 2553 2436 2552
f 299 2551 2554
f 2551 1220 2215
f 2554 2215 1459
f 2551 2215 2554
f 347 2317 2555
f 2317 71 2439
f 2555 2439 852
f 2317 2439 2555
f 697 2556 2557
f 2556 1308 2323
f 2557 2323 1339
f 2556 2323 2557
f 697 2557 2559
f 2557 1339 2558
f 2559 2558 1430
f 2557 2558 2559
f 633 2560 2562
f 2560 599 2561
f 2562 2561 1069
f 2560 2561 2562
f 858 2563 1968
f 2563 633 2562
f 1968 2562 1069
f 2563 2562 1968
f 633 2563 2564
f 2563 858 2218
f 2564 2218 1308
f 2563 2218 2564
f 74 2447 2566
f 2447 539 2565
f 2566 2565 1246
f 2447 2565 2566
f 838 2567 2568
f 2567 266 2330
f 2568 2330 1283
f 2567 2330 2568
f 274 2569 2446
f 2569 270 2570
f 2446 2570 754
f 2569 2570 2446
f 270 2569 2571
f 2569 274 2333
f 2571 2333 1129
f 2569 2333 2571
f 403 2453 2573
f 2453 453 2572
f 2573 2572 1098
f 2453 2572 2573
f 453 2449 2572
f 2449 876 2574
f 2572 2574 1098
f 2449 2574 2572
f 84 2575 2335
f 2575 713 2576
f 2335 2576 891
f 2575 2576 2335
f 266 2577 2331
f 2577 1219 2131
f 2331 2131 1463
f 2577 2131 2331
f 84 2334 2578
f 2334 271 2337
f 2578 2337 1110
f 2334 2337 2578
f 794 2454 2579
f 2454 129 1994
f 2579 1994 1239
f 2454 1994 2579
f 403 2580 2452
f 2580 794 2579
f 2452 2579 1239
f 2580 2579 2452
f 644 2581 2583
f 2581 294 2582
f 2583 2582 836
f 2581 2582 2583
f 294 2581 2259
f 2581 644 2584
f 2259 2584 1268
f 2581 2584 2259
f 836 2585 2587
f 2585 509 2586
f 2587 2586 1266
f 2585 2586 2587
f 294 2255 2582
f 2255 509 2585
f 2582 2585 836
f 2255 2585 2582
f 644 2588 2584
f 2588 173 2351
f 2584 2351 1268
f 2588 2351 2584
f 623 2589 2591
f 2589 312 2590
f 2591 2590 1423
f 2589 2590 2591
f 372 2592 2355
f 2592 312 2589
f 2355 2589 623
f 2592 2589 2355
f 312 2592 2593
f 2592 372 2472
f 2593 2472 1081
f 2592 2472 2593
f 99 2594 2470
f 2594 35 2595
f 2470 2595 1170
f 2594 2595 2470
f 60 2596 2598
f 2596 97 2597
f 2598 2597 871
f 2596 2597 2598
f 97 2596 2474
f 2596 60 2599
f 2474 2599 1081
f 2596 2599 2474
f 85 2600 2601
f 2600 1032 2478
f 2601 2478 1170
f 2600 2478 2601
f 35 2602 2595
f 2602 85 2601
f 2595 2601 1170
f 2602 2601 2595
f 501 2479 2604
f 2479 176 2603
f 2604 2603 550
f 2479 2603 2604
f 8 2481 2606
f 2481 751 2605
f 2606 2605 785
f 2481 2605 2606
f 227 2607 2608
f 2607 953 2484
f 2608 2484 1154
f 2607 2484 2608
f 549 2491 2486
f 2491 80 2609
f 2486 2609 973
f 2491 2609 2486
f 593 2610 2611
f 2610 1056 2155
f 2611 2155 1393
f 2610 2155 2611
f 165 2612 2489
f 2612 593 2611
f 2489 2611 1393
f 2612 2611 2489
f 1056 2610 2614
f 2610 593 2613
f 2614 2613 1295
f 2610 2613 2614
f 508 2278 2616
f 2278 959 2615
f 2616 2615 1059
f 2278 2615 2616
f 1059 2615 2618
f 2615 959 2617
f 2618 2617 1427
f 2615 2617 2618
f 959 2619 2617
f 2619 5 2620
f 2617 2620 1427
f 2619 2620 2617
f 830 2621 2161
f 2621 5 2619
f 2161 2619 959
f 2621 2619 2161
f 830 2279 2623
f 2279 1056 2622
f 2623 2622 1070
f 2279 2622 2623
f 1070 2622 2624
f 2622 1056 2614
f 2624 2614 1295
f 2622 2614 2624
f 5 2621 2625
f 2621 830 2623
f 2625 2623 1070
f 2621 2623 2625
f 1049 2626 2627
f 2626 112 2388
f 2627 2388 1210
f 2626 2388 2627
f 389 2628 2629
f 2628 1115 2498
f 2629 2498 1492
f 2628 2498 2629
f 424 2391 2630
f 2391 112 2626
f 2630 2626 1049
f 2391 2626 2630
f 424 2630 2499
f 2630 1049 2631
f 2499 2631 1492
f 2630 2631 2499
f 320 2632 2401
f 2632 655 2633
f 2401 2633 773
f 2632 2633 2401
f 773 2633 2173
f 2633 655 2634
f 2173 2634 1442
f 2633 2634 2173
f 655 2635 2634
f 2635 142 2501
f 2634 2501 1442
f 2635 2501 2634
f 65 2500 2395
f 2500 142 2636
f 2395 2636 1139
f 2500 2636 2395
f 480 2637 2639
f 2637 780 2638
f 2639 2638 1419
f 2637 2638 2639
f 780 2640 2638
f 2640 999 2293
f 2638 2293 1419
f 2640 2293 2638
f 414 2641 2397
f 2641 1369 2642
f 2397 2642 1401
f 2641 2642 2397
f 1369 2643 2642
f 2643 155 2503
f 2642 2503 1401
f 2643 2503 2642
f 155 2644 2646
f 2644 69 2645
f 2646 2645 1171
f 2644 2645 2646
f 155 2646 2502
f 2646 1171 2405
f 2502 2405 1367
f 2646 2405 2502
f 683 2647 2512
f 2647 61 2648
f 2512 2648 707
f 2647 2648 2512
f 106 2649 2650
f 2649 607 2509
f 2650 2509 742
f 2649 2509 2650
f 607 2649 2510
f 2649 106 2651
f 2510 2651 1446
f 2649 2651 2510
f 707 2652 2514
f 2652 405 2653
f 2514 2653 931
f 2652 2653 2514
f 931 2653 2522
f 2653 405 2654
f 2522 2654 1502
f 2653 2654 2522
f 1211 2415 2655
f 2415 573 2523
f 2655 2523 1502
f 2415 2523 2655
f 212 2656 2418
f 2656 778 2528
f 2418 2528 1406
f 2656 2528 2418
f 1021 2426 2657
f 2426 485 2429
f 2657 2429 1238
f 2426 2429 2657
f 503 2530 2658
f 2530 14 2421
f 2658 2421 902
f 2530 2421 2658
f 503 2658 2659
f 2658 902 2432
f 2659 2432 1431
f 2658 2432 2659
f 196 2660 2541
f 2660 540 2661
f 2541 2661 1399
f 2660 2661 2541
f 1152 2662 2663
f 2662 170 2437
f 2663 2437 1184
f 2662 2437 2663
f 426 2319 2665
f 2319 170 2664
f 2665 2664 1345
f 2319 2664 2665
f 170 2662 2664
f 2662 1152 2666
f 2664 2666 1345
f 2662 2666 2664
f 347 2667 2669
f 2667 1310 2668
f 2669 2668 1323
f 2667 2668 2669
f 347 2669 2438
f 2669 1323 2670
f 2438 2670 1459
f 2669 2670 2438
f 347 2555 2667
f 2555 852 2671
f 2667 2671 1310
f 2555 2671 2667
f 1339 2322 2558
f 2322 426 2672
f 2558 2672 1430
f 2322 2672 2558
f 599 2673 2561
f 2673 852 2440
f 2561 2440 1069
f 2673 2440 2561
f 852 2673 2675
f 2673 599 2674
f 2675 2674 1053
f 2673 2674 2675
f 876 2227 2677
f 2227 1179 2676
f 2677 2676 1469
f 2227 2676 2677
f 13 2678 2679
f 2678 599 2560
f 2679 2560 633
f 2678 2560 2679
f 876 2680 2574
f 2680 1038 2681
f 2574 2681 1098
f 2680 2681 2574
f 13 2682 2678
f 2682 590 2683
f 2678 2683 599
f 2682 2683 2678
f 333 2684 2685
f 2684 633 2564
f 2685 2564 1308
f 2684 2564 2685
f 697 2686 2556
f 2686 118 2687
f 2556 2687 1308
f 2686 2687 2556
f 863 2688 2689
f 2688 697 2559
f 2689 2559 1430
f 2688 2559 2689
f 266 2690 2577
f 2690 1078 2691
f 2577 2691 1219
f 2690 2691 2577
f 13 2679 2693
f 2679 633 2692
f 2693 2692 641
f 2679 2692 2693
f 633 2684 2692
f 2684 333 2694
f 2692 2694 641
f 2684 2694 2692
f 333 2685 2696
f 2685 1308 2695
f 2696 2695 1439
f 2685 2695 2696
f 1308 2687 2695
f 2687 118 2697
f 2695 2697 1439
f 2687 2697 2695
f 118 2686 2698
f 2686 697 2688
f 2698 2688 863
f 2686 2688 2698
f 713 2575 2699
f 2575 84 2578
f 2699 2578 1110
f 2575 2578 2699
f 794 2580 2700
f 2580 403 2573
f 2700 2573 1098
f 2580 2573 2700
f 590 2682 2701
f 2682 13 2693
f 2701 2693 641
f 2682 2693 2701
f 118 2702 2697
f 2702 248 2703
f 2697 2703 1439
f 2702 2703 2697
f 248 2702 2704
f 2702 118 2698
f 2704 2698 863
f 2702 2698 2704
f 1219 2705 2243
f 2705 131 2706
f 2243 2706 1254
f 2705 2706 2243
f 546 2707 2708
f 2707 590 2701
f 2708 2701 641
f 2707 2701 2708
f 260 2460 2456
f 2460 1026 2709
f 2456 2709 1110
f 2460 2709 2456
f 509 2352 2586
f 2352 623 2710
f 2586 2710 1266
f 2352 2710 2586
f 699 2711 2467
f 2711 99 2469
f 2467 2469 867
f 2711 2469 2467
f 99 2712 2714
f 2712 1222 2713
f 2714 2713 1490
f 2712 2713 2714
f 35 2594 2715
f 2594 99 2714
f 2715 2714 1490
f 2594 2714 2715
f 371 2716 2718
f 2716 871 2717
f 2718 2717 1032
f 2716 2717 2718
f 871 2597 2717
f 2597 97 2477
f 2717 2477 1032
f 2597 2477 2717
f 85 2719 2600
f 2719 829 2720
f 2600 2720 1032
f 2719 2720 2600
f 993 2721 2723
f 2721 1279 2722
f 2723 2722 1324
f 2721 2722 2723
f 550 2603 2725
f 2603 176 2724
f 2725 2724 993
f 2603 2724 2725
f 993 2724 2721
f 2724 176 2363
f 2721 2363 1279
f 2724 2363 2721
f 8 2606 2366
f 2606 785 2726
f 2366 2726 1154
f 2606 2726 2366
f 785 2727 2726
f 2727 242 2728
f 2726 2728 1154
f 2727 2728 2726
f 1279 2483 2722
f 2483 979 2729
f 2722 2729 1324
f 2483 2729 2722
f 219 2730 2732
f 2730 501 2731
f 2732 2731 1035
f 2730 2731 2732
f 501 2730 2480
f 2730 219 2733
f 2480 2733 751
f 2730 2733 2480
f 751 2733 2735
f 2733 219 2734
f 2735 2734 1249
f 2733 2734 2735
f 1044 2736 2737
f 2736 751 2735
f 2737 2735 1249
f 2736 2735 2737
f 242 2738 2728
f 2738 227 2608
f 2728 2608 1154
f 2738 2608 2728
f 929 2739 2740
f 2739 165 2490
f 2740 2490 953
f 2739 2490 2740
f 593 2612 2741
f 2612 165 2739
f 2741 2739 929
f 2612 2739 2741
f 80 2493 2743
f 2493 508 2742
f 2743 2742 711
f 2493 2742 2743
f 711 2742 2744
f 2742 508 2616
f 2744 2616 1059
f 2742 2616 2744
f 5 2745 2620
f 2745 832 2746
f 2620 2746 1427
f 2745 2746 2620
f 700 2747 2748
f 2747 5 2625
f 2748 2625 1070
f 2747 2625 2748
f 5 2747 2745
f 2747 700 2749
f 2745 2749 832
f 2747 2749 2745
f 956 2495 2751
f 2495 4 2750
f 2751 2750 1427
f 2495 2750 2751
f 832 2752 2746
f 2752 956 2751
f 2746 2751 1427
f 2752 2751 2746
f 700 2753 2754
f 2753 140 2377
f 2754 2377 956
f 2753 2377 2754
f 832 2749 2752
f 2749 700 2754
f 2752 2754 956
f 2749 2754 2752
f 140 2755 2378
f 2755 490 2756
f 2378 2756 1215
f 2755 2756 2378
f 4 2496 2758
f 2496 1109 2757
f 2758 2757 1495
f 2496 2757 2758
f 1427 2750 2759
f 2750 4 2758
f 2759 2758 1495
f 2750 2758 2759
f 517 2760 2761
f 2760 1210 2497
f 2761 2497 1215
f 2760 2497 2761
f 1109 2383 2757
f 2383 1115 2762
f 2757 2762 1495
f 2383 2762 2757
f 1115 2763 2762
f 2763 990 2764
f 2762 2764 1495
f 2763 2764 2762
f 389 2765 2628
f 2765 990 2763
f 2628 2763 1115
f 2765 2763 2628
f 106 2650 2767
f 2650 742 2766
f 2767 2766 906
f 2650 2766 2767
f 456 2768 2769
f 2768 320 2511
f 2769 2511 1446
f 2768 2511 2769
f 320 2768 2632
f 2768 456 2770
f 2632 2770 655
f 2768 2770 2632
f 142 2771 2636
f 2771 480 2772
f 2636 2772 1139
f 2771 2772 2636
f 1139 2772 2166
f 2772 480 2639
f 2166 2639 1419
f 2772 2639 2166
f 414 2404 2641
f 2404 137 2773
f 2641 2773 1369
f 2404 2773 2641
f 1171 2645 2504
f 2645 69 2774
f 2504 2774 1390
f 2645 2774 2504
f 61 2647 2775
f 2647 683 2505
f 2775 2505 1390
f 2647 2505 2775
f 649 2776 2777
f 2776 137 2403
f 2777 2403 1285
f 2776 2403 2777
f 137 2776 2773
f 2776 649 2778
f 2773 2778 1369
f 2776 2778 2773
f 283 2779 2780
f 2779 405 2652
f 2780 2652 707
f 2779 2652 2780
f 906 2781 2783
f 2781 1291 2782
f 2783 2782 1425
f 2781 2782 2783
f 906 2766 2781
f 2766 742 2508
f 2781 2508 1291
f 2766 2508 2781
f 780 2784 2640
f 2784 652 2301
f 2640 2301 999
f 2784 2301 2640
f 378 2785 2786
f 2785 649 2777
f 2786 2777 1285
f 2785 2777 2786
f 283 2787 2779
f 2787 228 2788
f 2779 2788 405
f 2787 2788 2779
f 1291 2517 2782
f 2517 1198 2789
f 2782 2789 1425
f 2517 2789 2782
f 558 2790 2791
f 2790 652 2784
f 2791 2784 780
f 2790 2784 2791
f 1063 2792 2407
f 2792 378 2786
f 2407 2786 1285
f 2792 2786 2407
f 558 2793 2790
f 2793 15 2412
f 2790 2412 652
f 2793 2412 2790
f 378 2792 2794
f 2792 1063 2533
f 2794 2533 1336
f 2792 2533 2794
f 602 2795 2796
f 2795 1198 2521
f 2796 2521 1455
f 2795 2521 2796
f 15 2793 2529
f 2793 558 2797
f 2529 2797 1238
f 2793 2797 2529
f 778 2656 2799
f 2656 212 2798
f 2799 2798 1137
f 2656 2798 2799
f 445 2424 2536
f 2424 1067 2800
f 2536 2800 1431
f 2424 2800 2536
f 552 2801 2544
f 2801 668 2802
f 2544 2802 1299
f 2801 2802 2544
f 1077 2803 2804
f 2803 110 2546
f 2804 2546 1399
f 2803 2546 2804
f 555 2805 2435
f 2805 126 2806
f 2435 2806 1184
f 2805 2806 2435
f 1263 2807 2808
f 2807 299 2554
f 2808 2554 1459
f 2807 2554 2808
f 426 2665 2672
f 2665 1345 2809
f 2672 2809 1430
f 2665 2809 2672
f 1345 2810 2809
f 2810 1341 2811
f 2809 2811 1430
f 2810 2811 2809
f 787 2231 2813
f 2231 74 2812
f 2813 2812 1195
f 2231 2812 2813
f 787 2813 2325
f 2813 1195 2814
f 2325 2814 1243
f 2813 2814 2325
f 531 2815 2445
f 2815 838 2568
f 2445 2568 1283
f 2815 2568 2445
f 599 2683 2674
f 2683 590 2816
f 2674 2816 1053
f 2683 2816 2674
f 713 2817 2819
f 2817 385 2818
f 2819 2818 1246
f 2817 2818 2819
f 539 2820 2565
f 2820 713 2819
f 2565 2819 1246
f 2820 2819 2565
f 713 2820 2576
f 2820 539 2450
f 2576 2450 891
f 2820 2450 2576
f 277 2821 2338
f 2821 168 2822
f 2338 2822 1129
f 2821 2822 2338
f 679 2823 2825
f 2823 590 2824
f 2825 2824 1374
f 2823 2824 2825
f 464 2826 2827
f 2826 248 2704
f 2827 2704 863
f 2826 2704 2827
f 380 2828 2829
f 2828 967 2457
f 2829 2457 1121
f 2828 2457 2829
f 590 2707 2824
f 2707 546 2830
f 2824 2830 1374
f 2707 2830 2824
f 248 2831 2703
f 2831 1144 2832
f 2703 2832 1439
f 2831 2832 2703
f 198 2833 2834
f 2833 1163 2342
f 2834 2342 1254
f 2833 2342 2834
f 641 2694 2836
f 2694 333 2835
f 2836 2835 1047
f 2694 2835 2836
f 671 2837 2838
f 2837 333 2696
f 2838 2696 1439
f 2837 2696 2838
f 1026 2461 2840
f 2461 328 2839
f 2840 2839 1269
f 2461 2839 2840
f 546 2708 2842
f 2708 641 2841
f 2842 2841 660
f 2708 2841 2842
f 660 2841 2843
f 2841 641 2836
f 2843 2836 1047
f 2841 2836 2843
f 173 2588 2845
f 2588 644 2844
f 2845 2844 1465
f 2588 2844 2845
f 99 2711 2712
f 2711 699 2846
f 2712 2846 1222
f 2711 2846 2712
f 386 2847 2848
f 2847 623 2591
f 2848 2591 1423
f 2847 2591 2848
f 623 2847 2710
f 2847 386 2849
f 2710 2849 1266
f 2847 2849 2710
f 312 2850 2590
f 2850 1324 2851
f 2590 2851 1423
f 2850 2851 2590
f 934 2852 2853
f 2852 35 2715
f 2853 2715 1490
f 2852 2715 2853
f 312 2593 2855
f 2593 1081 2854
f 2855 2854 1122
f 2593 2854 2855
f 871 2716 2857
f 2716 371 2856
f 2857 2856 1050
f 2716 2856 2857
f 1032 2720 2859
f 2720 829 2858
f 2859 2858 1271
f 2720 2858 2859
f 371 2718 2860
f 2718 1032 2859
f 2860 2859 1271
f 2718 2859 2860
f 85 2602 2862
f 2602 35 2861
f 2862 2861 678
f 2602 2861 2862
f 678 2861 2863
f 2861 35 2852
f 2863 2852 934
f 2861 2852 2863
f 1081 2864 2854
f 2864 370 2865
f 2854 2865 1122
f 2864 2865 2854
f 60 2866 2599
f 2866 370 2864
f 2599 2864 1081
f 2866 2864 2599
f 21 2867 2869
f 2867 511 2868
f 2869 2868 751
f 2867 2868 2869
f 751 2868 2605
f 2868 511 2870
f 2605 2870 785
f 2868 2870 2605
f 501 2604 2731
f 2604 550 2871
f 2731 2871 1035
f 2604 2871 2731
f 21 2869 2872
f 2869 751 2736
f 2872 2736 1044
f 2869 2736 2872
f 511 2867 2873
f 2867 21 2872
f 2873 2872 1044
f 2867 2872 2873
f 419 2874 2876
f 2874 219 2875
f 2876 2875 439
f 2874 2875 2876
f 219 2874 2734
f 2874 419 2877
f 2734 2877 1249
f 2874 2877 2734
f 80 2743 2609
f 2743 711 2878
f 2609 2878 973
f 2743 2878 2609
f 593 2879 2613
f 2879 1280 2880
f 2613 2880 1295
f 2879 2880 2613
f 490 2881 2882
f 2881 700 2748
f 2882 2748 1070
f 2881 2748 2882
f 490 2755 2881
f 2755 140 2753
f 2881 2753 700
f 2755 2753 2881
f 490 2883 2756
f 2883 517 2761
f 2756 2761 1215
f 2883 2761 2756
f 1210 2760 2885
f 2760 517 2884
f 2885 2884 1348
f 2760 2884 2885
f 1210 2885 2887
f 2885 1348 2886
f 2887 2886 1468
f 2885 2886 2887
f 518 2888 2890
f 2888 389 2889
f 2890 2889 1028
f 2888 2889 2890
f 1049 2627 2891
f 2627 1210 2887
f 2891 2887 1468
f 2627 2887 2891
f 1028 2889 2892
f 2889 389 2629
f 2892 2629 1492
f 2889 2629 2892
f 1049 2893 2631
f 2893 885 2894
f 2631 2894 1492
f 2893 2894 2631
f 885 2893 2895
f 2893 1049 2891
f 2895 2891 1468
f 2893 2891 2895
f 70 2896 2897
f 2896 106 2767
f 2897 2767 906
f 2896 2767 2897
f 707 2648 2899
f 2648 61 2898
f 2899 2898 1090
f 2648 2898 2899
f 283 2780 2900
f 2780 707 2899
f 2900 2899 1090
f 2780 2899 2900
f 228 2901 2788
f 2901 43 2902
f 2788 2902 405
f 2901 2902 2788
f 405 2902 2654
f 2902 43 2903
f 2654 2903 1502
f 2902 2903 2654
f 43 2904 2903
f 2904 178 2905
f 2903 2905 1502
f 2904 2905 2903
f 1198 2795 2789
f 2795 602 2906
f 2789 2906 1425
f 2795 2906 2789
f 178 2907 2908
f 2907 1067 2535
f 2908 2535 1211
f 2907 2535 2908
f 178 2908 2905
f 2908 1211 2655
f 2905 2655 1502
f 2908 2655 2905
f 503 2909 2531
f 2909 363 2910
f 2531 2910 1336
f 2909 2910 2531
f 778 2799 2912
f 2799 1137 2911
f 2912 2911 1434
f 2799 2911 2912
f 212 2537 2798
f 2537 1021 2913
f 2798 2913 1137
f 2537 2913 2798
f 1060 2914 2916
f 2914 522 2915
f 2916 2915 1431
f 2914 2915 2916
f 1067 2917 2800
f 2917 1060 2916
f 2800 2916 1431
f 2917 2916 2800
f 555 2553 2918
f 2553 110 2803
f 2918 2803 1077
f 2553 2803 2918
f 126 2919 2806
f 2919 1152 2663
f 2806 2663 1184
f 2919 2663 2806
f 852 2920 2671
f 2920 987 2921
f 2671 2921 1310
f 2920 2921 2671
f 531 2444 2922
f 2444 145 2441
f 2922 2441 1243
f 2444 2441 2922
f 590 2823 2816
f 2823 679 2923
f 2816 2923 1053
f 2823 2923 2816
f 679 2924 2923
f 2924 987 2925
f 2923 2925 1053
f 2924 2925 2923
f 1341 2926 2811
f 2926 1010 2927
f 2811 2927 1430
f 2926 2927 2811
f 1010 2928 2927
f 2928 863 2689
f 2927 2689 1430
f 2928 2689 2927
f 1098 2681 2930
f 2681 1038 2929
f 2930 2929 1436
f 2681 2929 2930
f 168 2821 2931
f 2821 277 2237
f 2931 2237 967
f 2821 2237 2931
f 794 2700 2932
f 2700 1098 2930
f 2932 2930 1436
f 2700 2930 2932
f 464 2827 2933
f 2827 863 2928
f 2933 2928 1010
f 2827 2928 2933
f 245 2934 2935
f 2934 385 2817
f 2935 2817 713
f 2934 2817 2935
f 245 2935 2936
f 2935 713 2699
f 2936 2699 1110
f 2935 2699 2936
f 594 2937 2938
f 2937 794 2932
f 2938 2932 1436
f 2937 2932 2938
f 776 2939 2940
f 2939 679 2825
f 2940 2825 1374
f 2939 2825 2940
f 1026 2941 2709
f 2941 245 2936
f 2709 2936 1110
f 2941 2936 2709
f 967 2828 2943
f 2828 380 2942
f 2943 2942 1244
f 2828 2942 2943
f 248 2826 2831
f 2826 464 2944
f 2831 2944 1144
f 2826 2944 2831
f 131 2945 2706
f 2945 198 2834
f 2706 2834 1254
f 2945 2834 2706
f 594 2946 2937
f 2946 273 2455
f 2937 2455 794
f 2946 2455 2937
f 273 2946 2948
f 2946 594 2947
f 2948 2947 1411
f 2946 2947 2948
f 198 2949 2833
f 2949 992 2950
f 2833 2950 1163
f 2949 2950 2833
f 653 2458 2951
f 2458 273 2948
f 2951 2948 1411
f 2458 2948 2951
f 1163 2950 2253
f 2950 992 2952
f 2253 2952 1400
f 2950 2952 2253
f 328 2462 2839
f 2462 218 2953
f 2839 2953 1269
f 2462 2953 2839
f 458 2347 2955
f 2347 646 2954
f 2955 2954 672
f 2347 2954 2955
f 333 2837 2835
f 2837 671 2956
f 2835 2956 1047
f 2837 2956 2835
f 1144 2957 2832
f 2957 859 2958
f 2832 2958 1439
f 2957 2958 2832
f 546 2959 2830
f 2959 430 2960
f 2830 2960 1374
f 2959 2960 2830
f 430 2959 2961
f 2959 546 2842
f 2961 2842 660
f 2959 2842 2961
f 859 2962 2958
f 2962 671 2838
f 2958 2838 1439
f 2962 2838 2958
f 1047 2956 2964
f 2956 671 2963
f 2964 2963 1465
f 2956 2963 2964
f 644 2965 2967
f 2965 620 2966
f 2967 2966 1047
f 2965 2966 2967
f 620 2968 2966
f 2968 660 2843
f 2966 2843 1047
f 2968 2843 2966
f 644 2967 2844
f 2967 1047 2964
f 2844 2964 1465
f 2967 2964 2844
f 620 2965 2969
f 2965 644 2583
f 2969 2583 836
f 2965 2583 2969
f 836 2587 2971
f 2587 1266 2970
f 2971 2970 1305
f 2587 2970 2971
f 699 2466 2973
f 2466 173 2972
f 2973 2972 1230
f 2466 2972 2973
f 1230 2972 2974
f 2972 173 2845
f 2974 2845 1465
f 2972 2845 2974
f 1266 2849 2970
f 2849 386 2975
f 2970 2975 1305
f 2849 2975 2970
f 386 2976 2975
f 2976 1207 2977
f 2975 2977 1305
f 2976 2977 2975
f 1222 2846 2978
f 2846 699 2973
f 2978 2973 1230
f 2846 2973 2978
f 312 2855 2850
f 2855 1122 2979
f 2850 2979 1324
f 2855 2979 2850
f 370 2866 2981
f 2866 60 2980
f 2981 2980 529
f 2866 2980 2981
f 529 2980 2982
f 2980 60 2598
f 2982 2598 871
f 2980 2598 2982
f 784 2983 2984
f 2983 871 2857
f 2984 2857 1050
f 2983 2857 2984
f 1050 2856 2986
f 2856 371 2985
f 2986 2985 1440
f 2856 2985 2986
f 371 2860 2985
f 2860 1271 2987
f 2985 2987 1440
f 2860 2987 2985
f 1122 2865 2989
f 2865 370 2988
f 2989 2988 1337
f 2865 2988 2989
f 829 2990 2992
f 2990 678 2991
f 2992 2991 1102
f 2990 2991 2992
f 85 2862 2719
f 2862 678 2990
f 2719 2990 829
f 2862 2990 2719
f 993 2993 2995
f 2993 92 2994
f 2995 2994 1337
f 2993 2994 2995
f 550 2725 2996
f 2725 993 2995
f 2996 2995 1337
f 2725 2995 2996
f 511 2997 2870
f 2997 658 2998
f 2870 2998 785
f 2997 2998 2870
f 658 2999 2998
f 2999 678 3000
f 2998 3000 785
f 2999 3000 2998
f 785 3000 3001
f 3000 678 2863
f 3001 2863 934
f 3000 2863 3001
f 242 2727 3002
f 2727 785 3001
f 3002 3001 934
f 2727 3001 3002
f 1035 2871 3003
f 2871 550 2996
f 3003 2996 1337
f 2871 2996 3003
f 979 3004 2729
f 3004 874 3005
f 2729 3005 1324
f 3004 3005 2729
f 419 3006 2877
f 3006 795 3007
f 2877 3007 1249
f 3006 3007 2877
f 795 3008 3007
f 3008 1175 3009
f 3007 3009 1249
f 3008 3009 3007
f 1175 3010 3009
f 3010 725 3011
f 3009 3011 1249
f 3010 3011 3009
f 439 2875 3012
f 2875 219 2732
f 3012 2732 1035
f 2875 2732 3012
f 725 3013 3011
f 3013 1044 2737
f 3011 2737 1249
f 3013 2737 3011
f 973 3014 2487
f 3014 874 3004
f 2487 3004 979
f 3014 3004 2487
f 719 3015 3016
f 3015 593 2741
f 3016 2741 929
f 3015 2741 3016
f 604 3017 3018
f 3017 711 2744
f 3018 2744 1059
f 3017 2744 3018
f 490 2882 3019
f 2882 1070 2624
f 3019 2624 1295
f 2882 2624 3019
f 517 2883 3020
f 2883 490 3019
f 3020 3019 1295
f 2883 3019 3020
f 1059 2618 3021
f 2618 1427 2759
f 3021 2759 1495
f 2618 2759 3021
f 517 3022 2884
f 3022 706 3023
f 2884 3023 1348
f 3022 3023 2884
f 885 3024 2894
f 3024 1028 2892
f 2894 2892 1492
f 3024 2892 2894
f 106 2896 2651
f 2896 70 3025
f 2651 3025 1446
f 2896 3025 2651
f 537 3026 3027
f 3026 456 2769
f 3027 2769 1446
f 3026 2769 3027
f 142 2635 3029
f 2635 655 3028
f 3029 3028 1091
f 2635 3028 3029
f 895 3030 3031
f 3030 155 2643
f 3031 2643 1369
f 3030 2643 3031
f 69 2644 3032
f 2644 155 3030
f 3032 3030 895
f 2644 3030 3032
f 1090 2898 3033
f 2898 61 2775
f 3033 2775 1390
f 2898 2775 3033
f 585 3034 3035
f 3034 283 2900
f 3035 2900 1090
f 3034 2900 3035
f 283 3034 3037
f 3034 585 3036
f 3037 3036 762
f 3034 3036 3037
f 228 2787 3038
f 2787 283 3037
f 3038 3037 762
f 2787 3037 3038
f 572 3039 3040
f 3039 228 3038
f 3040 3038 762
f 3039 3038 3040
f 558 3041 2797
f 3041 1194 3042
f 2797 3042 1238
f 3041 3042 2797
f 1128 3043 3044
f 3043 602 2796
f 3044 2796 1455
f 3043 2796 3044
f 1194 3045 3042
f 3045 1095 3046
f 3042 3046 1238
f 3045 3046 3042
f 778 3047 2526
f 3047 1128 3044
f 2526 3044 1455
f 3047 3044 2526
f 363 3048 2910
f 3048 651 3049
f 2910 3049 1336
f 3048 3049 2910
f 491 3050 3052
f 3050 621 3051
f 3052 3051 1067
f 3050 3051 3052
f 178 3053 2907
f 3053 491 3052
f 2907 3052 1067
f 3053 3052 2907
f 1128 3047 3054
f 3047 778 2912
f 3054 2912 1434
f 3047 2912 3054
f 1095 3055 3046
f 3055 1021 2657
f 3046 2657 1238
f 3055 2657 3046
f 363 2909 3057
f 2909 503 3056
f 3057 3056 522
f 2909 3056 3057
f 196 3058 3060
f 3058 1046 3059
f 3060 3059 1153
f 3058 3059 3060
f 552 2550 3062
f 2550 299 3061
f 3062 3061 1182
f 2550 3061 3062
f 1182 3061 3063
f 3061 299 2807
f 3063 2807 1263
f 3061 2807 3063
f 1323 3064 2670
f 3064 1263 2808
f 2670 2808 1459
f 3064 2808 2670
f 1345 2666 3066
f 2666 1152 3065
f 3066 3065 1380
f 2666 3065 3066
f 390 3067 3069
f 3067 206 3068
f 3069 3068 1157
f 3067 3068 3069
f 390 3069 2324
f 3069 1157 3070
f 2324 3070 1179
f 3069 3070 2324
f 192 3071 2219
f 3071 206 3067
f 2219 3067 390
f 3071 3067 2219
f 206 3071 3073
f 3071 192 3072
f 3073 3072 1484
f 3071 3072 3073
f 987 2920 2925
f 2920 852 2675
f 2925 2675 1053
f 2920 2675 2925
f 270 3074 2570
f 3074 281 3075
f 2570 3075 754
f 3074 3075 2570
f 1038 2680 3076
f 2680 876 2677
f 3076 2677 1469
f 2680 2677 3076
f 266 2567 2690
f 2567 838 3077
f 2690 3077 1078
f 2567 3077 2690
f 547 3078 3079
f 3078 270 2571
f 3079 2571 1129
f 3078 2571 3079
f 168 2931 3080
f 2931 967 2943
f 3080 2943 1244
f 2931 2943 3080
f 458 2955 2345
f 2955 672 3081
f 2345 3081 1121
f 2955 3081 2345
f 646 2251 3082
f 2251 653 2951
f 3082 2951 1411
f 2251 2951 3082
f 220 3083 3085
f 3083 1036 3084
f 3085 3084 1144
f 3083 3084 3085
f 288 3086 3087
f 3086 218 2464
f 3087 2464 1400
f 3086 2464 3087
f 992 3088 2952
f 3088 288 3087
f 2952 3087 1400
f 3088 3087 2952
f 1145 3089 3090
f 3089 776 2940
f 3090 2940 1374
f 3089 2940 3090
f 430 3091 2960
f 3091 1145 3090
f 2960 3090 1374
f 3091 3090 2960
f 620 3092 2968
f 3092 430 2961
f 2968 2961 660
f 3092 2961 2968
f 671 2962 3094
f 2962 859 3093
f 3094 3093 888
f 2962 3093 3094
f 671 3094 2963
f 3094 888 3095
f 2963 3095 1465
f 3094 3095 2963
f 888 3096 3095
f 3096 601 3097
f 3095 3097 1465
f 3096 3097 3095
f 620 2969 3098
f 2969 836 2971
f 3098 2971 1305
f 2969 2971 3098
f 601 3099 3097
f 3099 1230 2974
f 3097 2974 1465
f 3099 2974 3097
f 386 3100 2976
f 3100 569 3101
f 2976 3101 1207
f 3100 3101 2976
f 1222 3102 2713
f 3102 369 3103
f 2713 3103 1490
f 3102 3103 2713
f 784 3104 2983
f 3104 529 2982
f 2983 2982 871
f 3104 2982 2983
f 829 2992 2858
f 2992 1102 3105
f 2858 3105 1271
f 2992 3105 2858
f 1122 3106 2979
f 3106 92 3107
f 2979 3107 1324
f 3106 3107 2979
f 92 3106 2994
f 3106 1122 2989
f 2994 2989 1337
f 3106 2989 2994
f 211 3108 3109
f 3108 784 2984
f 3109 2984 1050
f 3108 2984 3109
f 1307 3110 3111
f 3110 1050 2986
f 3111 2986 1440
f 3110 2986 3111
f 92 2993 3107
f 2993 993 2723
f 3107 2723 1324
f 2993 2723 3107
f 205 3112 3114
f 3112 211 3113
f 3114 3113 795
f 3112 3113 3114
f 795 3113 3115
f 3113 211 3109
f 3115 3109 1050
f 3113 3109 3115
f 795 3115 3008
f 3115 1050 3116
f 3008 3116 1175
f 3115 3116 3008
f 1175 3116 3117
f 3116 1050 3110
f 3117 3110 1307
f 3116 3110 3117
f 678 2999 2991
f 2999 658 3118
f 2991 3118 1102
f 2999 3118 2991
f 242 3002 3119
f 3002 934 2853
f 3119 2853 1490
f 3002 2853 3119
f 376 3120 3122
f 3120 227 3121
f 3122 3121 1490
f 3120 3121 3122
f 227 2738 3121
f 2738 242 3119
f 3121 3119 1490
f 2738 3119 3121
f 954 3123 3124
f 3123 1035 3003
f 3124 3003 1337
f 3123 3003 3124
f 18 3125 3126
f 3125 1175 3117
f 3126 3117 1307
f 3125 3117 3126
f 658 3127 3118
f 3127 691 3128
f 3118 3128 1102
f 3127 3128 3118
f 691 3127 3130
f 3127 658 3129
f 3130 3129 1044
f 3127 3129 3130
f 658 2997 3129
f 2997 511 2873
f 3129 2873 1044
f 2997 2873 3129
f 387 3131 3133
f 3131 205 3132
f 3133 3132 439
f 3131 3132 3133
f 205 3134 3132
f 3134 419 2876
f 3132 2876 439
f 3134 2876 3132
f 419 3134 3006
f 3134 205 3114
f 3006 3114 795
f 3134 3114 3006
f 18 3135 3125
f 3135 725 3010
f 3125 3010 1175
f 3135 3010 3125
f 954 3136 3123
f 3136 439 3012
f 3123 3012 1035
f 3136 3012 3123
f 227 3137 2607
f 3137 929 2740
f 2607 2740 953
f 3137 2740 2607
f 533 3138 3139
f 3138 874 3014
f 3139 3014 973
f 3138 3014 3139
f 593 3015 2879
f 3015 719 3140
f 2879 3140 1280
f 3015 3140 2879
f 706 3022 3141
f 3022 517 3020
f 3141 3020 1295
f 3022 3020 3141
f 234 3142 3144
f 3142 964 3143
f 3144 3143 1495
f 3142 3143 3144
f 964 3145 3143
f 3145 1059 3021
f 3143 3021 1495
f 3145 3021 3143
f 622 3146 3148
f 3146 431 3147
f 3148 3147 706
f 3146 3147 3148
f 431 3146 3150
f 3146 622 3149
f 3150 3149 788
f 3146 3149 3150
f 234 3151 3153
f 3151 629 3152
f 3153 3152 1320
f 3151 3152 3153
f 706 3147 3023
f 3147 431 3154
f 3023 3154 1348
f 3147 3154 3023
f 990 3155 2764
f 3155 234 3144
f 2764 3144 1495
f 3155 3144 2764
f 431 3150 3157
f 3150 788 3156
f 3157 3156 1273
f 3150 3156 3157
f 234 3158 3151
f 3158 225 3159
f 3151 3159 629
f 3158 3159 3151
f 225 3158 3160
f 3158 234 3155
f 3160 3155 990
f 3158 3155 3160
f 389 2888 2765
f 2888 518 3161
f 2765 3161 990
f 2888 3161 2765
f 431 3157 3154
f 3157 1273 3162
f 3154 3162 1348
f 3157 3162 3154
f 1348 3162 2886
f 3162 1273 3163
f 2886 3163 1468
f 3162 3163 2886
f 225 3160 3165
f 3160 990 3164
f 3165 3164 1180
f 3160 3164 3165
f 736 3166 3168
f 3166 1180 3167
f 3168 3167 1278
f 3166 3167 3168
f 1300 3169 3171
f 3169 1452 3170
f 3171 3170 1493
f 3169 3170 3171
f 736 3168 3173
f 3168 1278 3172
f 3173 3172 1498
f 3168 3172 3173
f 627 3174 3176
f 3174 906 3175
f 3176 3175 1329
f 3174 3175 3176
f 627 3177 3174
f 3177 70 2897
f 3174 2897 906
f 3177 2897 3174
f 70 3178 3025
f 3178 1088 3179
f 3025 3179 1446
f 3178 3179 3025
f 51 3180 3181
f 3180 142 3029
f 3181 3029 1091
f 3180 3029 3181
f 142 3180 2771
f 3180 51 3182
f 2771 3182 480
f 3180 3182 2771
f 1369 3183 3185
f 3183 1146 3184
f 3185 3184 1413
f 3183 3184 3185
f 895 3031 3186
f 3031 1369 3185
f 3186 3185 1413
f 3031 3185 3186
f 906 3187 3175
f 3187 913 3188
f 3175 3188 1329
f 3187 3188 3175
f 913 3187 3189
f 3187 906 2783
f 3189 2783 1425
f 3187 2783 3189
f 325 3190 3191
f 3190 913 3189
f 3191 3189 1425
f 3190 3189 3191
f 558 2791 3193
f 2791 780 3192
f 3193 3192 1006
f 2791 3192 3193
f 43 2901 3195
f 2901 228 3194
f 3195 3194 499
f 2901 3194 3195
f 499 3194 3196
f 3194 228 3039
f 3196 3039 572
f 3194 3039 3196
f 1096 3197 3198
f 3197 378 2794
f 3198 2794 1336
f 3197 2794 3198
f 43 3199 2904
f 3199 73 3200
f 2904 3200 178
f 3199 3200 2904
f 73 3199 3201
f 3199 43 3195
f 3201 3195 499
f 3199 3195 3201
f 379 3202 3203
f 3202 1096 3198
f 3203 3198 1336
f 3202 3198 3203
f 651 3204 3049
f 3204 379 3203
f 3049 3203 1336
f 3204 3203 3049
f 1067 3051 3206
f 3051 621 3205
f 3206 3205 1104
f 3051 3205 3206
f 1137 3207 2911
f 3207 116 3208
f 2911 3208 1434
f 3207 3208 2911
f 522 3056 2915
f 3056 503 2659
f 2915 2659 1431
f 3056 2659 2915
f 1060 2917 3209
f 2917 1067 3206
f 3209 3206 1104
f 2917 3206 3209
f 938 3210 3211
f 3210 116 3207
f 3211 3207 1137
f 3210 3207 3211
f 1021 3212 2913
f 3212 938 3211
f 2913 3211 1137
f 3212 3211 2913
f 552 3213 2801
f 3213 665 3214
f 2801 3214 668
f 3213 3214 2801
f 113 3215 3217
f 3215 555 3216
f 3217 3216 703
f 3215 3216 3217
f 113 3218 3215
f 3218 126 2805
f 3215 2805 555
f 3218 2805 3215
f 1263 3064 3220
f 3064 1323 3219
f 3220 3219 1429
f 3064 3219 3220
f 1323 2668 3219
f 2668 1310 3221
f 3219 3221 1429
f 2668 3221 3219
f 1310 3222 3221
f 3222 837 3223
f 3221 3223 1429
f 3222 3223 3221
f 825 3224 3225
f 3224 531 2922
f 3225 2922 1243
f 3224 2922 3225
f 192 2442 3072
f 2442 754 3226
f 3072 3226 1484
f 2442 3226 3072
f 968 3227 3228
f 3227 1010 2926
f 3228 2926 1341
f 3227 2926 3228
f 1078 3229 2691
f 3229 131 2705
f 2691 2705 1219
f 3229 2705 2691
f 679 2939 3231
f 2939 776 3230
f 3231 3230 1183
f 2939 3230 3231
f 464 2933 3233
f 2933 1010 3232
f 3233 3232 1083
f 2933 3232 3233
f 220 3234 3235
f 3234 464 3233
f 3235 3233 1083
f 3234 3233 3235
f 899 3236 3237
f 3236 1026 2840
f 3237 2840 1269
f 3236 2840 3237
f 464 3234 2944
f 3234 220 3085
f 2944 3085 1144
f 3234 3085 2944
f 1036 3238 3084
f 3238 859 2957
f 3084 2957 1144
f 3238 2957 3084
f 888 3093 3239
f 3093 859 3238
f 3239 3238 1036
f 3093 3238 3239
f 1145 3091 3241
f 3091 430 3240
f 3241 3240 1305
f 3091 3240 3241
f 430 3092 3240
f 3092 620 3098
f 3240 3098 1305
f 3092 3098 3240
f 799 3242 3243
f 3242 1222 2978
f 3243 2978 1230
f 3242 2978 3243
f 1324 3244 2851
f 3244 210 3245
f 2851 3245 1423
f 3244 3245 2851
f 370 2981 3247
f 2981 529 3246
f 3247 3246 879
f 2981 3246 3247
f 370 3247 2988
f 3247 879 3248
f 2988 3248 1337
f 3247 3248 2988
f 529 3104 3246
f 3104 784 3249
f 3246 3249 879
f 3104 3249 3246
f 879 3250 3248
f 3250 954 3124
f 3248 3124 1337
f 3250 3124 3248
f 211 3251 3253
f 3251 387 3252
f 3253 3252 879
f 3251 3252 3253
f 784 3108 3249
f 3108 211 3253
f 3249 3253 879
f 3108 3253 3249
f 1271 3254 2987
f 3254 1307 3111
f 2987 3111 1440
f 3254 3111 2987
f 1102 3128 3105
f 3128 691 3255
f 3105 3255 1271
f 3128 3255 3105
f 691 3256 3257
f 3256 18 3126
f 3257 3126 1307
f 3256 3126 3257
f 211 3112 3251
f 3112 205 3131
f 3251 3131 387
f 3112 3131 3251
f 18 3256 3135
f 3256 691 3258
f 3135 3258 725
f 3256 3258 3135
f 725 3258 3013
f 3258 691 3130
f 3013 3130 1044
f 3258 3130 3013
f 387 3133 3259
f 3133 439 3136
f 3259 3136 954
f 3133 3136 3259
f 227 3120 3137
f 3120 376 3260
f 3137 3260 929
f 3120 3260 3137
f 533 3139 3262
f 3139 973 3261
f 3262 3261 1131
f 3139 3261 3262
f 973 2878 3261
f 2878 711 3263
f 3261 3263 1131
f 2878 3263 3261
f 711 3017 3263
f 3017 604 3264
f 3263 3264 1131
f 3017 3264 3263
f 719 3265 3140
f 3265 434 3266
f 3140 3266 1280
f 3265 3266 3140
f 964 3267 3145
f 3267 604 3018
f 3145 3018 1059
f 3267 3018 3145
f 1280 3268 2880
f 3268 622 3269
f 2880 3269 1295
f 3268 3269 2880
f 964 3142 3270
f 3142 234 3153
f 3270 3153 1320
f 3142 3153 3270
f 622 3148 3269
f 3148 706 3141
f 3269 3141 1295
f 3148 3141 3269
f 629 3271 3152
f 3271 446 3272
f 3152 3272 1320
f 3271 3272 3152
f 788 3273 3275
f 3273 1188 3274
f 3275 3274 1231
f 3273 3274 3275
f 788 3275 3156
f 3275 1231 3276
f 3156 3276 1273
f 3275 3276 3156
f 518 3277 3161
f 3277 47 3278
f 3161 3278 990
f 3277 3278 3161
f 990 3278 3164
f 3278 47 3279
f 3164 3279 1180
f 3278 3279 3164
f 893 3280 3281
f 3280 885 2895
f 3281 2895 1468
f 3280 2895 3281
f 256 3282 3284
f 3282 629 3283
f 3284 3283 1180
f 3282 3283 3284
f 629 3159 3283
f 3159 225 3165
f 3283 3165 1180
f 3159 3165 3283
f 47 3277 3285
f 3277 518 2890
f 3285 2890 1028
f 3277 2890 3285
f 893 3286 3287
f 3286 47 3285
f 3287 3285 1028
f 3286 3285 3287
f 885 3280 3024
f 3280 893 3287
f 3024 3287 1028
f 3280 3287 3024
f 893 3281 3289
f 3281 1468 3288
f 3289 3288 1493
f 3281 3288 3289
f 1468 3163 3288
f 3163 1273 3290
f 3288 3290 1493
f 3163 3290 3288
f 1125 3291 3292
f 3291 893 3289
f 3292 3289 1493
f 3291 3289 3292
f 1493 3290 3294
f 3290 1273 3293
f 3294 3293 1500
f 3290 3293 3294
f 1180 3295 3167
f 3295 1125 3296
f 3167 3296 1278
f 3295 3296 3167
f 1452 3297 3170
f 3297 1125 3292
f 3170 3292 1493
f 3297 3292 3170
f 736 3298 3166
f 3298 256 3284
f 3166 3284 1180
f 3298 3284 3166
f 1300 3171 3299
f 3171 1493 3294
f 3299 3294 1500
f 3171 3294 3299
f 96 3300 3301
f 3300 256 3298
f 3301 3298 736
f 3300 3298 3301
f 187 3302 3303
f 3302 1125 3297
f 3303 3297 1452
f 3302 3297 3303
f 1125 3304 3296
f 3304 351 3305
f 3296 3305 1278
f 3304 3305 3296
f 96 3301 3306
f 3301 736 3173
f 3306 3173 1498
f 3301 3173 3306
f 133 3307 3308
f 3307 187 3303
f 3308 3303 1452
f 3307 3303 3308
f 207 3309 3310
f 3309 133 3308
f 3310 3308 1452
f 3309 3308 3310
f 1300 3311 3169
f 3311 207 3310
f 3169 3310 1452
f 3311 3310 3169
f 1237 3312 3313
f 3312 207 3311
f 3313 3311 1300
f 3312 3311 3313
f 1278 3305 3172
f 3305 351 3314
f 3172 3314 1498
f 3305 3314 3172
f 456 3026 2770
f 3026 537 3315
f 2770 3315 655
f 3026 3315 2770
f 655 3315 3028
f 3315 537 3316
f 3028 3316 1091
f 3315 3316 3028
f 70 3177 3178
f 3177 627 3317
f 3178 3317 1088
f 3177 3317 3178
f 1088 3318 3179
f 3318 537 3027
f 3179 3027 1446
f 3318 3027 3179
f 649 3319 2778
f 3319 1146 3183
f 2778 3183 1369
f 3319 3183 2778
f 69 3032 2774
f 3032 895 3320
f 2774 3320 1390
f 3032 3320 2774
f 1146 3319 3322
f 3319 649 3321
f 3322 3321 1321
f 3319 3321 3322
f 649 2785 3321
f 2785 378 3323
f 3321 3323 1321
f 2785 3323 3321
f 597 3324 3325
f 3324 325 3191
f 3325 3191 1425
f 3324 3191 3325
f 602 3326 2906
f 3326 597 3325
f 2906 3325 1425
f 3326 3325 2906
f 491 3327 3329
f 3327 73 3328
f 3329 3328 1256
f 3327 3328 3329
f 178 3200 3053
f 3200 73 3327
f 3053 3327 491
f 3200 3327 3053
f 597 3326 3330
f 3326 602 3043
f 3330 3043 1128
f 3326 3043 3330
f 938 3212 3332
f 3212 1021 3331
f 3332 3331 1108
f 3212 3331 3332
f 1021 3055 3331
f 3055 1095 3333
f 3331 3333 1108
f 3055 3333 3331
f 797 3334 3336
f 3334 540 3335
f 3336 3335 1153
f 3334 3335 3336
f 126 3337 2919
f 3337 564 3338
f 2919 3338 1152
f 3337 3338 2919
f 1152 3338 3065
f 3338 564 3339
f 3065 3339 1380
f 3338 3339 3065
f 1204 3340 3341
f 3340 1345 3066
f 3341 3066 1380
f 3340 3066 3341
f 1179 3070 2676
f 3070 1157 3342
f 2676 3342 1469
f 3070 3342 2676
f 987 3343 2921
f 3343 837 3222
f 2921 3222 1310
f 3343 3222 2921
f 74 3344 2812
f 3344 624 3345
f 2812 3345 1195
f 3344 3345 2812
f 754 3075 3226
f 3075 281 3346
f 3226 3346 1484
f 3075 3346 3226
f 968 3228 3347
f 3228 1341 2810
f 3347 2810 1345
f 3228 2810 3347
f 1204 3348 3340
f 3348 968 3347
f 3340 3347 1345
f 3348 3347 3340
f 838 2815 3350
f 2815 531 3349
f 3350 3349 1281
f 2815 3349 3350
f 624 3344 3351
f 3344 74 2566
f 3351 2566 1246
f 3344 2566 3351
f 1038 3352 2929
f 3352 1065 3353
f 2929 3353 1436
f 3352 3353 2929
f 679 3354 2924
f 3354 330 3355
f 2924 3355 987
f 3354 3355 2924
f 330 3354 3356
f 3354 679 3231
f 3356 3231 1183
f 3354 3231 3356
f 1010 3227 3232
f 3227 968 3357
f 3232 3357 1083
f 3227 3357 3232
f 385 2934 3359
f 2934 245 3358
f 3359 3358 768
f 2934 3358 3359
f 899 3360 3236
f 3360 245 2941
f 3236 2941 1026
f 3360 2941 3236
f 672 2954 3361
f 2954 646 3082
f 3361 3082 1411
f 2954 3082 3361
f 218 3086 2953
f 3086 288 3362
f 2953 3362 1269
f 3086 3362 2953
f 220 3363 3083
f 3363 28 3364
f 3083 3364 1036
f 3363 3364 3083
f 1207 3365 2977
f 3365 1145 3241
f 2977 3241 1305
f 3365 3241 2977
f 601 3096 3366
f 3096 888 3239
f 3366 3239 1036
f 3096 3239 3366
f 601 3367 3099
f 3367 799 3243
f 3099 3243 1230
f 3367 3243 3099
f 569 3100 3368
f 3100 386 2848
f 3368 2848 1423
f 3100 2848 3368
f 874 3369 3005
f 3369 210 3244
f 3005 3244 1324
f 3369 3244 3005
f 369 3370 3103
f 3370 376 3122
f 3103 3122 1490
f 3370 3122 3103
f 1271 3255 3254
f 3255 691 3257
f 3254 3257 1307
f 3255 3257 3254
f 879 3252 3250
f 3252 387 3259
f 3250 3259 954
f 3252 3259 3250
f 22 3371 3372
f 3371 622 3268
f 3372 3268 1280
f 3371 3268 3372
f 622 3371 3149
f 3371 22 3373
f 3149 3373 788
f 3371 3373 3149
f 1001 3374 3375
f 3374 964 3270
f 3375 3270 1320
f 3374 3270 3375
f 446 3271 3377
f 3271 629 3376
f 3377 3376 824
f 3271 3376 3377
f 1273 3276 3293
f 3276 1231 3378
f 3293 3378 1500
f 3276 3378 3293
f 629 3282 3376
f 3282 256 3379
f 3376 3379 824
f 3282 3379 3376
f 824 3379 3381
f 3379 256 3380
f 3381 3380 848
f 3379 3380 3381
f 47 3382 3279
f 3382 1125 3295
f 3279 3295 1180
f 3382 3295 3279
f 47 3286 3382
f 3286 893 3291
f 3382 3291 1125
f 3286 3291 3382
f 256 3300 3380
f 3300 96 3383
f 3380 3383 848
f 3300 3383 3380
f 362 3384 3386
f 3384 179 3385
f 3386 3385 1300
f 3384 3385 3386
f 848 3383 3388
f 3383 96 3387
f 3388 3387 1004
f 3383 3387 3388
f 187 3389 3302
f 3389 351 3304
f 3302 3304 1125
f 3389 3304 3302
f 1004 3387 3390
f 3387 96 3306
f 3390 3306 1498
f 3387 3306 3390
f 351 3389 3392
f 3389 187 3391
f 3392 3391 631
f 3389 3391 3392
f 179 3393 3385
f 3393 1237 3313
f 3385 3313 1300
f 3393 3313 3385
f 187 3307 3391
f 3307 133 3394
f 3391 3394 631
f 3307 3394 3391
f 252 3395 3397
f 3395 605 3396
f 3397 3396 1498
f 3395 3396 3397
f 351 3398 3314
f 3398 252 3397
f 3314 3397 1498
f 3398 3397 3314
f 631 3394 3400
f 3394 133 3399
f 3400 3399 647
f 3394 3399 3400
f 133 3309 3399
f 3309 207 3401
f 3399 3401 647
f 3309 3401 3399
f 537 3402 3316
f 3402 77 3403
f 3316 3403 1091
f 3402 3403 3316
f 895 3404 3320
f 3404 1090 3033
f 3320 3033 1390
f 3404 3033 3320
f 480 3182 3406
f 3182 51 3405
f 3406 3405 1370
f 3182 3405 3406
f 1146 3407 3184
f 3407 681 3408
f 3184 3408 1413
f 3407 3408 3184
f 780 2637 3409
f 2637 480 3406
f 3409 3406 1370
f 2637 3406 3409
f 325 3324 3411
f 3324 597 3410
f 3411 3410 1008
f 3324 3410 3411
f 558 3193 3041
f 3193 1006 3412
f 3041 3412 1194
f 3193 3412 3041
f 116 3413 3208
f 3413 1402 3414
f 3208 3414 1434
f 3413 3414 3208
f 9 3415 3416
f 3415 522 2914
f 3416 2914 1060
f 3415 2914 3416
f 116 3210 3413
f 3210 938 3417
f 3413 3417 1402
f 3210 3417 3413
f 483 3418 3419
f 3418 1060 3209
f 3419 3209 1104
f 3418 3209 3419
f 1182 3420 3422
f 3420 757 3421
f 3422 3421 1372
f 3420 3421 3422
f 757 3420 3423
f 3420 1182 3063
f 3423 3063 1263
f 3420 3063 3423
f 126 3218 3337
f 3218 113 3424
f 3337 3424 564
f 3218 3424 3337
f 757 3423 3425
f 3423 1263 3220
f 3425 3220 1429
f 3423 3220 3425
f 281 3074 3426
f 3074 270 3078
f 3426 3078 547
f 3074 3078 3426
f 1078 3077 3428
f 3077 838 3427
f 3428 3427 1353
f 3077 3427 3428
f 1038 3429 3352
f 3429 545 3430
f 3352 3430 1065
f 3429 3430 3352
f 968 3431 3357
f 3431 193 3432
f 3357 3432 1083
f 3431 3432 3357
f 385 3359 2818
f 3359 768 3433
f 2818 3433 1246
f 3359 3433 2818
f 245 3434 3358
f 3434 12 3435
f 3358 3435 768
f 3434 3435 3358
f 12 3434 3436
f 3434 245 3360
f 3436 3360 899
f 3434 3360 3436
f 380 2829 3438
f 2829 1121 3437
f 3438 3437 1385
f 2829 3437 3438
f 103 3439 3440
f 3439 601 3366
f 3440 3366 1036
f 3439 3366 3440
f 569 3441 3101
f 3441 54 3442
f 3101 3442 1207
f 3441 3442 3101
f 601 3439 3367
f 3439 103 3443
f 3367 3443 799
f 3439 3443 3367
f 530 3444 3445
f 3444 569 3368
f 3445 3368 1423
f 3444 3368 3445
f 210 3446 3245
f 3446 530 3445
f 3245 3445 1423
f 3446 3445 3245
f 799 3447 3242
f 3447 600 3448
f 3242 3448 1222
f 3447 3448 3242
f 600 3449 3448
f 3449 369 3102
f 3448 3102 1222
f 3449 3102 3448
f 929 3260 3451
f 3260 376 3450
f 3451 3450 1138
f 3260 3450 3451
f 1025 3452 3453
f 3452 533 3262
f 3453 3262 1131
f 3452 3262 3453
f 434 3265 3455
f 3265 719 3454
f 3455 3454 980
f 3265 3454 3455
f 604 3456 3264
f 3456 123 3457
f 3264 3457 1131
f 3456 3457 3264
f 123 3458 3459
f 3458 964 3374
f 3459 3374 1001
f 3458 3374 3459
f 123 3456 3458
f 3456 604 3267
f 3458 3267 964
f 3456 3267 3458
f 434 3460 3266
f 3460 814 3461
f 3266 3461 1280
f 3460 3461 3266
f 814 3462 3461
f 3462 22 3372
f 3461 3372 1280
f 3462 3372 3461
f 788 3463 3273
f 3463 814 3464
f 3273 3464 1188
f 3463 3464 3273
f 788 3373 3463
f 3373 22 3462
f 3463 3462 814
f 3373 3462 3463
f 446 3465 3272
f 3465 534 3466
f 3272 3466 1320
f 3465 3466 3272
f 1188 3467 3274
f 3467 349 3468
f 3274 3468 1231
f 3467 3468 3274
f 1231 3469 3378
f 3469 184 3470
f 3378 3470 1500
f 3469 3470 3378
f 362 3386 3471
f 3386 1300 3299
f 3471 3299 1500
f 3386 3299 3471
f 199 3472 3473
f 3472 207 3312
f 3473 3312 1237
f 3472 3312 3473
f 605 3474 3396
f 3474 261 3475
f 3396 3475 1498
f 3474 3475 3396
f 207 3472 3401
f 3472 199 3476
f 3401 3476 647
f 3472 3476 3401
f 252 3477 3395
f 3477 373 3478
f 3395 3478 605
f 3477 3478 3395
f 252 3479 3481
f 3479 631 3480
f 3481 3480 714
f 3479 3480 3481
f 252 3398 3479
f 3398 351 3392
f 3479 3392 631
f 3398 3392 3479
f 895 3482 3404
f 3482 585 3035
f 3404 3035 1090
f 3482 3035 3404
f 321 3483 3484
f 3483 51 3181
f 3484 3181 1091
f 3483 3181 3484
f 556 3485 3486
f 3485 895 3186
f 3486 3186 1413
f 3485 3186 3486
f 383 3487 3488
f 3487 585 3482
f 3488 3482 895
f 3487 3482 3488
f 585 3487 3036
f 3487 383 3489
f 3036 3489 762
f 3487 3489 3036
f 1006 3192 3490
f 3192 780 3409
f 3490 3409 1370
f 3192 3409 3490
f 762 3489 3492
f 3489 383 3491
f 3492 3491 1167
f 3489 3491 3492
f 572 3040 3493
f 3040 762 3492
f 3493 3492 1167
f 3040 3492 3493
f 913 3190 3494
f 3190 325 3411
f 3494 3411 1008
f 3190 3411 3494
f 499 3196 3495
f 3196 572 3493
f 3495 3493 1167
f 3196 3493 3495
f 378 3197 3323
f 3197 1096 3496
f 3323 3496 1321
f 3197 3496 3323
f 857 3497 3498
f 3497 499 3495
f 3498 3495 1167
f 3497 3495 3498
f 73 3201 3499
f 3201 499 3497
f 3499 3497 857
f 3201 3497 3499
f 694 3500 3501
f 3500 597 3330
f 3501 3330 1128
f 3500 3330 3501
f 522 3415 3503
f 3415 9 3502
f 3503 3502 941
f 3415 3502 3503
f 363 3057 3504
f 3057 522 3503
f 3504 3503 941
f 3057 3503 3504
f 350 3505 3506
f 3505 938 3332
f 3506 3332 1108
f 3505 3332 3506
f 598 3507 3508
f 3507 9 3416
f 3508 3416 1060
f 3507 3416 3508
f 483 3509 3418
f 3509 598 3508
f 3418 3508 1060
f 3509 3508 3418
f 621 3050 3511
f 3050 491 3510
f 3511 3510 933
f 3050 3510 3511
f 621 3512 3205
f 3512 88 3513
f 3205 3513 1104
f 3512 3513 3205
f 134 3514 3516
f 3514 843 3515
f 3516 3515 1434
f 3514 3515 3516
f 498 3517 3519
f 3517 734 3518
f 3519 3518 908
f 3517 3518 3519
f 734 3520 3518
f 3520 639 3521
f 3518 3521 908
f 3520 3521 3518
f 843 3522 3524
f 3522 696 3523
f 3524 3523 1135
f 3522 3523 3524
f 748 3525 3527
f 3525 727 3526
f 3527 3526 833
f 3525 3526 3527
f 611 3528 3530
f 3528 908 3529
f 3530 3529 1451
f 3528 3529 3530
f 398 3531 3533
f 3531 635 3532
f 3533 3532 1282
f 3531 3532 3533
f 63 3534 3536
f 3534 635 3535
f 3536 3535 748
f 3534 3535 3536
f 1186 3537 3539
f 3537 674 3538
f 3539 3538 1227
f 3537 3538 3539
f 674 3540 3538
f 3540 462 3541
f 3538 3541 1227
f 3540 3541 3538
f 566 3542 3544
f 3542 815 3543
f 3544 3543 1077
f 3542 3543 3544
f 235 3545 3547
f 3545 797 3546
f 3547 3546 984
f 3545 3546 3547
f 996 3548 3549
f 3548 1186 3539
f 3549 3539 1227
f 3548 3539 3549
f 366 3550 3552
f 3550 462 3551
f 3552 3551 1011
f 3550 3551 3552
f 462 3550 3554
f 3550 366 3553
f 3554 3553 1046
f 3550 3553 3554
f 113 3217 3556
f 3217 703 3555
f 3556 3555 1472
f 3217 3555 3556
f 465 3557 3558
f 3557 1204 3341
f 3558 3341 1380
f 3557 3341 3558
f 206 3559 3068
f 3559 156 3560
f 3068 3560 1157
f 3559 3560 3068
f 156 3559 3561
f 3559 206 3073
f 3561 3073 1484
f 3559 3073 3561
f 1195 3562 2814
f 3562 825 3225
f 2814 3225 1243
f 3562 3225 2814
f 531 3224 3349
f 3224 825 3563
f 3349 3563 1281
f 3224 3563 3349
f 330 3564 3355
f 3564 292 3565
f 3355 3565 987
f 3564 3565 3355
f 292 3566 3565
f 3566 837 3343
f 3565 3343 987
f 3566 3343 3565
f 193 3431 3567
f 3431 968 3348
f 3567 3348 1204
f 3431 3348 3567
f 1245 3568 3570
f 3568 545 3569
f 3570 3569 1469
f 3568 3569 3570
f 545 3429 3569
f 3429 1038 3076
f 3569 3076 1469
f 3429 3076 3569
f 1246 3433 3572
f 3433 768 3571
f 3572 3571 1311
f 3433 3571 3572
f 168 3573 2822
f 3573 547 3079
f 2822 3079 1129
f 3573 3079 2822
f 131 3574 3576
f 3574 146 3575
f 3576 3575 613
f 3574 3575 3576
f 146 3574 3577
f 3574 131 3229
f 3577 3229 1078
f 3574 3229 3577
f 1065 3578 3353
f 3578 20 3579
f 3353 3579 1436
f 3578 3579 3353
f 20 3580 3579
f 3580 411 3581
f 3579 3581 1436
f 3580 3581 3579
f 411 3582 3581
f 3582 594 2938
f 3581 2938 1436
f 3582 2938 3581
f 594 3582 2947
f 3582 411 3583
f 2947 3583 1411
f 3582 3583 2947
f 1121 3081 3437
f 3081 672 3584
f 3437 3584 1385
f 3081 3584 3437
f 1181 3585 3586
f 3585 672 3361
f 3586 3361 1411
f 3585 3361 3586
f 672 3585 3584
f 3585 1181 3587
f 3584 3587 1385
f 3585 3587 3584
f 220 3235 3589
f 3235 1083 3588
f 3589 3588 1454
f 3235 3588 3589
f 1183 3230 3591
f 3230 776 3590
f 3591 3590 1487
f 3230 3590 3591
f 776 3592 3590
f 3592 468 3593
f 3590 3593 1487
f 3592 3593 3590
f 502 3594 3595
f 3594 220 3589
f 3595 3589 1454
f 3594 3589 3595
f 28 3363 3596
f 3363 220 3594
f 3596 3594 502
f 3363 3594 3596
f 468 3592 3597
f 3592 776 3089
f 3597 3089 1145
f 3592 3089 3597
f 54 3598 3442
f 3598 1145 3365
f 3442 3365 1207
f 3598 3365 3442
f 530 3446 3600
f 3446 210 3599
f 3600 3599 628
f 3446 3599 3600
f 628 3601 3603
f 3601 874 3602
f 3603 3602 1408
f 3601 3602 3603
f 874 3138 3602
f 3138 533 3604
f 3602 3604 1408
f 3138 3604 3602
f 533 3452 3604
f 3452 1025 3605
f 3604 3605 1408
f 3452 3605 3604
f 980 3606 3607
f 3606 929 3451
f 3607 3451 1138
f 3606 3451 3607
f 719 3016 3454
f 3016 929 3606
f 3454 3606 980
f 3016 3606 3454
f 123 3608 3457
f 3608 1025 3453
f 3457 3453 1131
f 3608 3453 3457
f 534 3609 3466
f 3609 1001 3375
f 3466 3375 1320
f 3609 3375 3466
f 279 3610 3611
f 3610 446 3377
f 3611 3377 824
f 3610 3377 3611
f 824 3381 3613
f 3381 848 3612
f 3613 3612 1234
f 3381 3612 3613
f 184 3614 3470
f 3614 362 3471
f 3470 3471 1500
f 3614 3471 3470
f 848 3615 3612
f 3615 482 3616
f 3612 3616 1234
f 3615 3616 3612
f 179 3384 3618
f 3384 362 3617
f 3618 3617 882
f 3384 3617 3618
f 482 3615 3619
f 3615 848 3388
f 3619 3388 1004
f 3615 3388 3619
f 179 3618 3393
f 3618 882 3620
f 3393 3620 1237
f 3618 3620 3393
f 616 3621 3622
f 3621 199 3473
f 3622 3473 1237
f 3621 3473 3622
f 261 3623 3475
f 3623 1004 3390
f 3475 3390 1498
f 3623 3390 3475
f 631 3400 3480
f 3400 647 3624
f 3480 3624 714
f 3400 3624 3480
f 373 3477 3625
f 3477 252 3481
f 3625 3481 714
f 3477 3481 3625
f 90 3626 3627
f 3626 77 3402
f 3627 3402 537
f 3626 3402 3627
f 128 3628 3629
f 3628 627 3176
f 3629 3176 1329
f 3628 3176 3629
f 627 3628 3317
f 3628 128 3630
f 3317 3630 1088
f 3628 3630 3317
f 51 3483 3405
f 3483 321 3631
f 3405 3631 1370
f 3483 3631 3405
f 681 3632 3408
f 3632 404 3633
f 3408 3633 1413
f 3632 3633 3408
f 913 3634 3188
f 3634 487 3635
f 3188 3635 1329
f 3634 3635 3188
f 487 3636 3635
f 3636 128 3629
f 3635 3629 1329
f 3636 3629 3635
f 487 3634 3637
f 3634 913 3494
f 3637 3494 1008
f 3634 3494 3637
f 1006 3638 3412
f 3638 6 3639
f 3412 3639 1194
f 3638 3639 3412
f 195 3640 3641
f 3640 379 3204
f 3641 3204 651
f 3640 3204 3641
f 472 3642 3643
f 3642 1095 3045
f 3643 3045 1194
f 3642 3045 3643
f 1095 3644 3333
f 3644 977 3645
f 3333 3645 1108
f 3644 3645 3333
f 1128 3646 3648
f 3646 843 3647
f 3648 3647 1494
f 3646 3647 3648
f 350 3649 3651
f 3649 970 3650
f 3651 3650 1402
f 3649 3650 3651
f 596 3652 3654
f 3652 498 3653
f 3654 3653 1444
f 3652 3653 3654
f 364 3655 3656
f 3655 498 3519
f 3656 3519 908
f 3655 3519 3656
f 833 3526 3658
f 3526 727 3657
f 3658 3657 970
f 3526 3657 3658
f 498 3655 3653
f 3655 364 3659
f 3653 3659 1444
f 3655 3659 3653
f 864 3660 3661
f 3660 843 3524
f 3661 3524 1135
f 3660 3524 3661
f 740 3662 3664
f 3662 289 3663
f 3664 3663 1352
f 3662 3663 3664
f 635 3665 3532
f 3665 1186 3666
f 3532 3666 1282
f 3665 3666 3532
f 635 3667 3665
f 3667 826 3668
f 3665 3668 1186
f 3667 3668 3665
f 826 3669 3668
f 3669 674 3537
f 3668 3537 1186
f 3669 3537 3668
f 815 3542 3671
f 3542 566 3670
f 3671 3670 1451
f 3542 3670 3671
f 996 3672 3548
f 3672 412 3673
f 3548 3673 1186
f 3672 3673 3548
f 462 3540 3551
f 3540 674 3674
f 3551 3674 1011
f 3540 3674 3551
f 682 3675 3677
f 3675 868 3676
f 3677 3676 1153
f 3675 3676 3677
f 978 3678 3679
f 3678 757 3425
f 3679 3425 1429
f 3678 3425 3679
f 1429 3680 3682
f 3680 861 3681
f 3682 3681 1479
f 3680 3681 3682
f 292 3683 3684
f 3683 861 3680
f 3684 3680 1429
f 3683 3680 3684
f 837 3566 3223
f 3566 292 3684
f 3223 3684 1429
f 3566 3684 3223
f 281 3685 3346
f 3685 553 3686
f 3346 3686 1484
f 3685 3686 3346
f 452 3687 3688
f 3687 624 3351
f 3688 3351 1246
f 3687 3351 3688
f 281 3426 3690
f 3426 547 3689
f 3690 3689 1366
f 3426 3689 3690
f 452 3688 3691
f 3688 1246 3572
f 3691 3572 1311
f 3688 3572 3691
f 768 3692 3694
f 3692 1116 3693
f 3694 3693 1437
f 3692 3693 3694
f 20 3578 3696
f 3578 1065 3695
f 3696 3695 1396
f 3578 3695 3696
f 1116 3697 3699
f 3697 12 3698
f 3699 3698 1191
f 3697 3698 3699
f 768 3435 3692
f 3435 12 3697
f 3692 3697 1116
f 3435 3697 3692
f 198 2945 3700
f 2945 131 3576
f 3700 3576 613
f 2945 3576 3700
f 411 3580 3701
f 3580 20 3696
f 3701 3696 1396
f 3580 3696 3701
f 884 3702 3703
f 3702 411 3701
f 3703 3701 1396
f 3702 3701 3703
f 12 3436 3698
f 3436 899 3704
f 3698 3704 1191
f 3436 3704 3698
f 411 3702 3706
f 3702 884 3705
f 3706 3705 1181
f 3702 3705 3706
f 411 3706 3583
f 3706 1181 3586
f 3583 3586 1411
f 3706 3586 3583
f 174 3707 3708
f 3707 899 3237
f 3708 3237 1269
f 3707 3237 3708
f 203 3709 3710
f 3709 174 3708
f 3710 3708 1269
f 3709 3708 3710
f 288 3711 3362
f 3711 203 3710
f 3362 3710 1269
f 3711 3710 3362
f 28 3596 3364
f 3596 502 3712
f 3364 3712 1036
f 3596 3712 3364
f 54 3713 3598
f 3713 336 3714
f 3598 3714 1145
f 3713 3714 3598
f 530 3715 3444
f 3715 54 3441
f 3444 3441 569
f 3715 3441 3444
f 103 3716 3443
f 3716 600 3447
f 3443 3447 799
f 3716 3447 3443
f 376 3370 3717
f 3370 369 3449
f 3717 3449 600
f 3370 3449 3717
f 376 3717 3450
f 3717 600 3718
f 3450 3718 1138
f 3717 3718 3450
f 628 3599 3601
f 3599 210 3369
f 3601 3369 874
f 3599 3369 3601
f 534 3719 3609
f 3719 428 3720
f 3609 3720 1001
f 3719 3720 3609
f 446 3610 3465
f 3610 279 3721
f 3465 3721 534
f 3610 3721 3465
f 349 3722 3468
f 3722 184 3469
f 3468 3469 1231
f 3722 3469 3468
f 279 3611 3723
f 3611 824 3613
f 3723 3613 1234
f 3611 3613 3723
f 362 3724 3617
f 3724 810 3725
f 3617 3725 882
f 3724 3725 3617
f 670 3726 3727
f 3726 482 3619
f 3727 3619 1004
f 3726 3619 3727
f 261 3728 3623
f 3728 670 3727
f 3623 3727 1004
f 3728 3727 3623
f 209 3729 3730
f 3729 261 3474
f 3730 3474 605
f 3729 3474 3730
f 605 3478 3732
f 3478 373 3731
f 3732 3731 643
f 3478 3731 3732
f 209 3730 3733
f 3730 605 3732
f 3733 3732 643
f 3730 3732 3733
f 647 3734 3624
f 3734 449 3735
f 3624 3735 714
f 3734 3735 3624
f 889 3736 3737
f 3736 537 3318
f 3737 3318 1088
f 3736 3318 3737
f 77 3738 3403
f 3738 581 3739
f 3403 3739 1091
f 3738 3739 3403
f 556 3740 3742
f 3740 404 3741
f 3742 3741 680
f 3740 3741 3742
f 404 3740 3633
f 3740 556 3486
f 3633 3486 1413
f 3740 3486 3633
f 581 3743 3739
f 3743 321 3484
f 3739 3484 1091
f 3743 3484 3739
f 379 3744 3202
f 3744 972 3745
f 3202 3745 1096
f 3744 3745 3202
f 73 3499 3328
f 3499 857 3746
f 3328 3746 1256
f 3499 3746 3328
f 363 3747 3048
f 3747 489 3748
f 3048 3748 651
f 3747 3748 3048
f 489 3749 3748
f 3749 195 3641
f 3748 3641 651
f 3749 3641 3748
f 472 3750 3642
f 3750 977 3644
f 3642 3644 1095
f 3750 3644 3642
f 489 3747 3751
f 3747 363 3504
f 3751 3504 941
f 3747 3504 3751
f 9 3507 3502
f 3507 598 3752
f 3502 3752 941
f 3507 3752 3502
f 808 3753 3754
f 3753 350 3506
f 3754 3506 1108
f 3753 3506 3754
f 364 3755 3659
f 3755 685 3756
f 3659 3756 1444
f 3755 3756 3659
f 826 3757 3759
f 3757 63 3758
f 3759 3758 833
f 3757 3758 3759
f 588 3760 3761
f 3760 674 3669
f 3761 3669 826
f 3760 3669 3761
f 412 3762 3764
f 3762 662 3763
f 3764 3763 1282
f 3762 3763 3764
f 648 3765 3767
f 3765 396 3766
f 3767 3766 1312
f 3765 3766 3767
f 396 3768 3766
f 3768 984 3769
f 3766 3769 1312
f 3768 3769 3766
f 674 3760 3771
f 3760 588 3770
f 3771 3770 1395
f 3760 3770 3771
f 366 3552 3773
f 3552 1011 3772
f 3773 3772 1354
f 3552 3772 3773
f 703 3774 3555
f 3774 815 3775
f 3555 3775 1472
f 3774 3775 3555
f 564 3776 3339
f 3776 673 3777
f 3339 3777 1380
f 3776 3777 3339
f 673 3778 3777
f 3778 497 3779
f 3777 3779 1380
f 3778 3779 3777
f 497 3780 3779
f 3780 465 3558
f 3779 3558 1380
f 3780 3558 3779
f 1157 3781 3342
f 3781 310 3782
f 3342 3782 1469
f 3781 3782 3342
f 825 3783 3563
f 3783 314 3784
f 3563 3784 1281
f 3783 3784 3563
f 553 3685 3785
f 3685 281 3690
f 3785 3690 1366
f 3685 3690 3785
f 1311 3571 3786
f 3571 768 3694
f 3786 3694 1437
f 3571 3694 3786
f 1065 3430 3788
f 3430 545 3787
f 3788 3787 1365
f 3430 3787 3788
f 146 3577 3789
f 3577 1078 3428
f 3789 3428 1353
f 3577 3428 3789
f 975 3790 3791
f 3790 1065 3788
f 3791 3788 1365
f 3790 3788 3791
f 1083 3432 3793
f 3432 193 3792
f 3793 3792 1441
f 3432 3792 3793
f 460 3794 3795
f 3794 330 3356
f 3795 3356 1183
f 3794 3356 3795
f 1065 3790 3695
f 3790 975 3796
f 3695 3796 1396
f 3790 3796 3695
f 460 3795 3797
f 3795 1183 3591
f 3797 3591 1487
f 3795 3591 3797
f 1083 3793 3588
f 3793 1441 3798
f 3588 3798 1454
f 3793 3798 3588
f 100 3799 3800
f 3799 884 3703
f 3800 3703 1396
f 3799 3703 3800
f 899 3801 3704
f 3801 448 3802
f 3704 3802 1191
f 3801 3802 3704
f 884 3803 3705
f 3803 948 3804
f 3705 3804 1181
f 3803 3804 3705
f 174 3805 3707
f 3805 448 3801
f 3707 3801 899
f 3805 3801 3707
f 855 3806 3807
f 3806 502 3595
f 3807 3595 1454
f 3806 3595 3807
f 1036 3712 3809
f 3712 502 3808
f 3809 3808 1290
f 3712 3808 3809
f 336 3810 3714
f 3810 468 3597
f 3714 3597 1145
f 3810 3597 3714
f 103 3440 3811
f 3440 1036 3809
f 3811 3809 1290
f 3440 3809 3811
f 600 3716 3812
f 3716 103 3811
f 3812 3811 1290
f 3716 3811 3812
f 123 3459 3608
f 3459 1001 3813
f 3608 3813 1025
f 3459 3813 3608
f 814 3460 3814
f 3460 434 3455
f 3814 3455 980
f 3460 3455 3814
f 814 3815 3464
f 3815 701 3816
f 3464 3816 1188
f 3815 3816 3464
f 701 3817 3816
f 3817 349 3467
f 3816 3467 1188
f 3817 3467 3816
f 293 3818 3819
f 3818 184 3722
f 3819 3722 349
f 3818 3722 3819
f 362 3614 3724
f 3614 184 3820
f 3724 3820 810
f 3614 3820 3724
f 482 3726 3822
f 3726 670 3821
f 3822 3821 1213
f 3726 3821 3822
f 608 3823 3825
f 3823 616 3824
f 3825 3824 882
f 3823 3824 3825
f 882 3824 3620
f 3824 616 3622
f 3620 3622 1237
f 3824 3622 3620
f 199 3621 3827
f 3621 616 3826
f 3827 3826 1033
f 3621 3826 3827
f 199 3828 3476
f 3828 449 3734
f 3476 3734 647
f 3828 3734 3476
f 643 3829 3831
f 3829 869 3830
f 3831 3830 1160
f 3829 3830 3831
f 643 3731 3829
f 3731 373 3832
f 3829 3832 869
f 3731 3832 3829
f 38 3833 3834
f 3833 373 3625
f 3834 3625 714
f 3833 3625 3834
f 373 3833 3832
f 3833 38 3835
f 3832 3835 869
f 3833 3835 3832
f 38 3834 3837
f 3834 714 3836
f 3837 3836 945
f 3834 3836 3837
f 177 3838 3840
f 3838 383 3839
f 3840 3839 1286
f 3838 3839 3840
f 487 3637 3842
f 3637 1008 3841
f 3842 3841 1190
f 3637 3841 3842
f 1008 3843 3841
f 3843 694 3844
f 3841 3844 1190
f 3843 3844 3841
f 597 3500 3410
f 3500 694 3843
f 3410 3843 1008
f 3500 3843 3410
f 379 3640 3744
f 3640 195 3845
f 3744 3845 972
f 3640 3845 3744
f 1256 3746 3847
f 3746 857 3846
f 3847 3846 1491
f 3746 3846 3847
f 410 3848 3849
f 3848 694 3501
f 3849 3501 1128
f 3848 3501 3849
f 598 3850 3752
f 3850 685 3851
f 3752 3851 941
f 3850 3851 3752
f 1376 3852 3853
f 3852 978 3679
f 3853 3679 1429
f 3852 3679 3853
f 465 3854 3557
f 3854 352 3855
f 3557 3855 1204
f 3854 3855 3557
f 360 3856 3857
f 3856 156 3561
f 3857 3561 1484
f 3856 3561 3857
f 156 3858 3560
f 3858 310 3781
f 3560 3781 1157
f 3858 3781 3560
f 1052 3859 3860
f 3859 825 3562
f 3860 3562 1195
f 3859 3562 3860
f 624 3861 3345
f 3861 422 3862
f 3345 3862 1195
f 3861 3862 3345
f 292 3564 3683
f 3564 330 3863
f 3683 3863 861
f 3564 3863 3683
f 838 3350 3427
f 3350 1281 3864
f 3427 3864 1353
f 3350 3864 3427
f 545 3568 3787
f 3568 1245 3865
f 3787 3865 1365
f 3568 3865 3787
f 547 3573 3866
f 3573 168 3080
f 3866 3080 1244
f 3573 3080 3866
f 380 3867 2942
f 3867 1085 3868
f 2942 3868 1244
f 3867 3868 2942
f 975 3869 3796
f 3869 1087 3870
f 3796 3870 1396
f 3869 3870 3796
f 1389 3871 3873
f 3871 1116 3872
f 3873 3872 1405
f 3871 3872 3873
f 1116 3871 3693
f 3871 1389 3874
f 3693 3874 1437
f 3871 3874 3693
f 1087 3875 3870
f 3875 100 3800
f 3870 3800 1396
f 3875 3800 3870
f 1116 3699 3872
f 3699 1191 3876
f 3872 3876 1405
f 3699 3876 3872
f 198 3877 2949
f 3877 731 3878
f 2949 3878 992
f 3877 3878 2949
f 528 3879 3880
f 3879 288 3088
f 3880 3088 992
f 3879 3088 3880
f 731 3881 3878
f 3881 528 3880
f 3878 3880 992
f 3881 3880 3878
f 884 3882 3803
f 3882 272 3883
f 3803 3883 948
f 3882 3883 3803
f 448 3805 3885
f 3805 174 3884
f 3885 3884 463
f 3805 3884 3885
f 174 3709 3884
f 3709 203 3886
f 3884 3886 463
f 3709 3886 3884
f 203 3711 3887
f 3711 288 3879
f 3887 3879 528
f 3711 3879 3887
f 468 3888 3593
f 3888 382 3889
f 3593 3889 1487
f 3888 3889 3593
f 502 3806 3808
f 3806 855 3890
f 3808 3890 1290
f 3806 3890 3808
f 336 3713 3892
f 3713 54 3891
f 3892 3891 1331
f 3713 3891 3892
f 54 3715 3893
f 3715 530 3600
f 3893 3600 628
f 3715 3600 3893
f 54 3893 3891
f 3893 628 3894
f 3891 3894 1331
f 3893 3894 3891
f 1001 3720 3813
f 3720 428 3895
f 3813 3895 1025
f 3720 3895 3813
f 814 3814 3896
f 3814 980 3607
f 3896 3607 1138
f 3814 3607 3896
f 279 3897 3721
f 3897 428 3719
f 3721 3719 534
f 3897 3719 3721
f 293 3819 3898
f 3819 349 3817
f 3898 3817 701
f 3819 3817 3898
f 184 3818 3820
f 3818 293 3899
f 3820 3899 810
f 3818 3899 3820
f 261 3729 3728
f 3729 209 3900
f 3728 3900 670
f 3729 3900 3728
f 449 3828 3901
f 3828 199 3827
f 3901 3827 1033
f 3828 3827 3901
f 449 3901 3903
f 3901 1033 3902
f 3903 3902 1293
f 3901 3902 3903
f 714 3735 3836
f 3735 449 3904
f 3836 3904 945
f 3735 3904 3836
f 945 3904 3905
f 3904 449 3903
f 3905 3903 1293
f 3904 3903 3905
f 869 3835 3906
f 3835 38 3837
f 3906 3837 945
f 3835 3837 3906
f 197 3907 3908
f 3907 889 3737
f 3908 3737 1088
f 3907 3737 3908
f 383 3488 3839
f 3488 895 3909
f 3839 3909 1286
f 3488 3909 3839
f 128 3910 3630
f 3910 197 3908
f 3630 3908 1088
f 3910 3908 3630
f 77 3626 3912
f 3626 90 3911
f 3912 3911 721
f 3626 3911 3912
f 581 3738 3913
f 3738 77 3912
f 3913 3912 721
f 3738 3912 3913
f 321 3914 3631
f 3914 342 3915
f 3631 3915 1370
f 3914 3915 3631
f 197 3910 3916
f 3910 128 3636
f 3916 3636 487
f 3910 3636 3916
f 82 3917 3918
f 3917 1006 3490
f 3918 3490 1370
f 3917 3490 3918
f 1096 3919 3496
f 3919 807 3920
f 3496 3920 1321
f 3919 3920 3496
f 82 3921 3917
f 3921 798 3922
f 3917 3922 1006
f 3921 3922 3917
f 798 3923 3922
f 3923 6 3638
f 3922 3638 1006
f 3923 3638 3922
f 972 3924 3745
f 3924 807 3919
f 3745 3919 1096
f 3924 3919 3745
f 538 3925 3926
f 3925 857 3498
f 3926 3498 1167
f 3925 3498 3926
f 6 3923 3639
f 3923 798 3927
f 3639 3927 1194
f 3923 3927 3639
f 1194 3927 3929
f 3927 798 3928
f 3929 3928 1233
f 3927 3928 3929
f 685 3930 3851
f 3930 357 3931
f 3851 3931 941
f 3930 3931 3851
f 933 3932 3934
f 3932 506 3933
f 3934 3933 1159
f 3932 3933 3934
f 685 3935 3937
f 3935 648 3936
f 3937 3936 1073
f 3935 3936 3937
f 662 3938 3940
f 3938 577 3939
f 3940 3939 864
f 3938 3939 3940
f 933 3934 3942
f 3934 1159 3941
f 3942 3941 1352
f 3934 3941 3942
f 588 3943 3770
f 3943 845 3944
f 3770 3944 1395
f 3943 3944 3770
f 1354 3772 3946
f 3772 1011 3945
f 3946 3945 1395
f 3772 3945 3946
f 1150 3947 3949
f 3947 564 3948
f 3949 3948 1159
f 3947 3948 3949
f 673 3776 3950
f 3776 564 3947
f 3950 3947 1150
f 3776 3947 3950
f 352 3951 3953
f 3951 497 3952
f 3953 3952 887
f 3951 3952 3953
f 352 3854 3951
f 3854 465 3780
f 3951 3780 497
f 3854 3780 3951
f 553 3954 3686
f 3954 360 3857
f 3686 3857 1484
f 3954 3857 3686
f 422 3955 3862
f 3955 1052 3860
f 3862 3860 1195
f 3955 3860 3862
f 310 3956 3782
f 3956 1381 3957
f 3782 3957 1469
f 3956 3957 3782
f 553 3785 3959
f 3785 1366 3958
f 3959 3958 1480
f 3785 3958 3959
f 452 3960 3687
f 3960 422 3861
f 3687 3861 624
f 3960 3861 3687
f 1281 3784 3962
f 3784 314 3961
f 3962 3961 1481
f 3784 3961 3962
f 330 3963 3863
f 3963 62 3964
f 3863 3964 861
f 3963 3964 3863
f 1353 3864 3965
f 3864 1281 3962
f 3965 3962 1481
f 3864 3962 3965
f 1204 3855 3967
f 3855 352 3966
f 3967 3966 1441
f 3855 3966 3967
f 193 3567 3792
f 3567 1204 3967
f 3792 3967 1441
f 3567 3967 3792
f 1368 3968 3969
f 3968 1311 3786
f 3969 3786 1437
f 3968 3786 3969
f 24 3970 3971
f 3970 975 3791
f 3971 3791 1365
f 3970 3791 3971
f 1203 3972 3973
f 3972 460 3797
f 3973 3797 1487
f 3972 3797 3973
f 1441 3974 3798
f 3974 153 3975
f 3798 3975 1454
f 3974 3975 3798
f 1389 3976 3874
f 3976 1368 3969
f 3874 3969 1437
f 3976 3969 3874
f 380 3438 3978
f 3438 1385 3977
f 3978 3977 1391
f 3438 3977 3978
f 153 3979 3975
f 3979 855 3807
f 3975 3807 1454
f 3979 3807 3975
f 1181 3980 3587
f 3980 816 3981
f 3587 3981 1385
f 3980 3981 3587
f 948 3982 3804
f 3982 816 3980
f 3804 3980 1181
f 3982 3980 3804
f 463 3886 3984
f 3886 203 3983
f 3984 3983 664
f 3886 3983 3984
f 203 3887 3983
f 3887 528 3985
f 3983 3985 664
f 3887 3985 3983
f 100 3986 3799
f 3986 272 3882
f 3799 3882 884
f 3986 3882 3799
f 998 3987 3988
f 3987 100 3875
f 3988 3875 1087
f 3987 3875 3988
f 382 3989 3889
f 3989 1203 3973
f 3889 3973 1487
f 3989 3973 3889
f 1191 3990 3876
f 3990 479 3991
f 3876 3991 1405
f 3990 3991 3876
f 448 3992 3802
f 3992 479 3990
f 3802 3990 1191
f 3992 3990 3802
f 936 3993 3995
f 3993 1126 3994
f 3995 3994 1206
f 3993 3994 3995
f 382 3996 3997
f 3996 936 3995
f 3997 3995 1206
f 3996 3995 3997
f 855 3998 4000
f 3998 772 3999
f 4000 3999 1501
f 3998 3999 4000
f 382 4001 3996
f 4001 336 4002
f 3996 4002 936
f 4001 4002 3996
f 336 4001 3810
f 4001 382 3888
f 3810 3888 468
f 4001 3888 3810
f 1290 3890 4003
f 3890 855 4000
f 4003 4000 1501
f 3890 4000 4003
f 939 4004 4006
f 4004 484 4005
f 4006 4005 1290
f 4004 4005 4006
f 30 4007 4009
f 4007 701 4008
f 4009 4008 1138
f 4007 4008 4009
f 1025 3895 3605
f 3895 428 4010
f 3605 4010 1408
f 3895 4010 3605
f 701 3815 4008
f 3815 814 3896
f 4008 3896 1138
f 3815 3896 4008
f 279 4011 3897
f 4011 107 4012
f 3897 4012 428
f 4011 4012 3897
f 107 4011 4013
f 4011 279 3723
f 4013 3723 1234
f 4011 3723 4013
f 461 4014 4016
f 4014 608 4015
f 4016 4015 810
f 4014 4015 4016
f 726 4017 4018
f 4017 482 3822
f 4018 3822 1213
f 4017 3822 4018
f 482 4017 3616
f 4017 726 4019
f 3616 4019 1234
f 4017 4019 3616
f 810 4015 3725
f 4015 608 3825
f 3725 3825 882
f 4015 3825 3725
f 1213 3821 4021
f 3821 670 4020
f 4021 4020 1340
f 3821 4020 4021
f 670 3900 4020
f 3900 209 4022
f 4020 4022 1340
f 3900 4022 4020
f 209 4023 4022
f 4023 246 4024
f 4022 4024 1340
f 4023 4024 4022
f 246 4023 4025
f 4023 209 3733
f 4025 3733 643
f 4023 3733 4025
f 246 4025 4026
f 4025 643 3831
f 4026 3831 1160
f 4025 3831 4026
f 869 3906 4028
f 3906 945 4027
f 4028 4027 1064
f 3906 4027 4028
f 90 3627 4029
f 3627 537 3736
f 4029 3736 889
f 3627 3736 4029
f 197 3916 4031
f 3916 487 4030
f 4031 4030 920
f 3916 4030 4031
f 265 4032 4033
f 4032 581 3913
f 4033 3913 721
f 4032 3913 4033
f 265 4034 4032
f 4034 321 3743
f 4032 3743 581
f 4034 3743 4032
f 404 3632 4036
f 3632 681 4035
f 4036 4035 1333
f 3632 4035 4036
f 983 4037 4038
f 4037 404 4036
f 4038 4036 1333
f 4037 4036 4038
f 177 4039 4041
f 4039 704 4040
f 4041 4040 1167
f 4039 4040 4041
f 383 3838 3491
f 3838 177 4041
f 3491 4041 1167
f 3838 4041 3491
f 920 4030 4042
f 4030 487 3842
f 4042 3842 1190
f 4030 3842 4042
f 704 4043 4040
f 4043 538 3926
f 4040 3926 1167
f 4043 3926 4040
f 857 3925 4045
f 3925 538 4044
f 4045 4044 1414
f 3925 4044 4045
f 694 4046 3844
f 4046 53 4047
f 3844 4047 1190
f 4046 4047 3844
f 857 4045 3846
f 4045 1414 4048
f 3846 4048 1491
f 4045 4048 3846
f 472 3643 4049
f 3643 1194 3929
f 4049 3929 1233
f 3643 3929 4049
f 195 3749 4051
f 3749 489 4050
f 4051 4050 559
f 3749 4050 4051
f 1313 4052 4054
f 4052 410 4053
f 4054 4053 1494
f 4052 4053 4054
f 1100 4055 4057
f 4055 1073 4056
f 4057 4056 1312
f 4055 4056 4057
f 577 4058 3939
f 4058 407 4059
f 3939 4059 864
f 4058 4059 3939
f 845 4060 3944
f 4060 1354 3946
f 3944 3946 1395
f 4060 3946 3944
f 1376 3853 4061
f 3853 1429 3682
f 4061 3682 1479
f 3853 3682 4061
f 861 4062 3681
f 4062 49 4063
f 3681 4063 1479
f 4062 4063 3681
f 310 3858 4065
f 3858 156 4064
f 4065 4064 1456
f 3858 4064 4065
f 314 3783 4067
f 3783 825 4066
f 4067 4066 971
f 3783 4066 4067
f 62 3963 4068
f 3963 330 3794
f 4068 3794 460
f 3963 3794 4068
f 1092 4069 4070
f 4069 460 3972
f 4070 3972 1203
f 4069 3972 4070
f 755 4071 4072
f 4071 153 3974
f 4072 3974 1441
f 4071 3974 4072
f 988 4073 4074
f 4073 24 3971
f 4074 3971 1365
f 4073 3971 4074
f 198 3700 3877
f 3700 613 4075
f 3877 4075 731
f 3700 4075 3877
f 975 3970 4076
f 3970 24 4073
f 4076 4073 988
f 3970 4073 4076
f 975 4076 3869
f 4076 988 4077
f 3869 4077 1087
f 4076 4077 3869
f 1087 4077 4079
f 4077 988 4078
f 4079 4078 1206
f 4077 4078 4079
f 988 4080 4078
f 4080 541 4081
f 4078 4081 1206
f 4080 4081 4078
f 541 4082 4081
f 4082 1203 4083
f 4081 4083 1206
f 4082 4083 4081
f 855 3979 4085
f 3979 153 4084
f 4085 4084 1023
f 3979 4084 4085
f 772 4086 4088
f 4086 1023 4087
f 4088 4087 1389
f 4086 4087 4088
f 1203 3989 4083
f 3989 382 3997
f 4083 3997 1206
f 3989 3997 4083
f 40 4089 4090
f 4089 772 4088
f 4090 4088 1389
f 4089 4088 4090
f 40 4090 4091
f 4090 1389 3873
f 4091 3873 1405
f 4090 3873 4091
f 1126 4092 3994
f 4092 1087 4079
f 3994 4079 1206
f 4092 4079 3994
f 772 3998 4086
f 3998 855 4085
f 4086 4085 1023
f 3998 4085 4086
f 272 3986 4093
f 3986 100 3987
f 4093 3987 998
f 3986 3987 4093
f 772 4094 3999
f 4094 1405 4095
f 3999 4095 1501
f 4094 4095 3999
f 772 4089 4094
f 4089 40 4091
f 4094 4091 1405
f 4089 4091 4094
f 998 3988 4096
f 3988 1087 4092
f 4096 4092 1126
f 3988 4092 4096
f 936 4097 3993
f 4097 132 4098
f 3993 4098 1126
f 4097 4098 3993
f 132 4097 4100
f 4097 936 4099
f 4100 4099 937
f 4097 4099 4100
f 936 4002 4099
f 4002 336 4101
f 4099 4101 937
f 4002 4101 4099
f 937 4101 4102
f 4101 336 3892
f 4102 3892 1331
f 4101 3892 4102
f 484 4103 4005
f 4103 600 3812
f 4005 3812 1290
f 4103 3812 4005
f 1331 3894 4104
f 3894 628 3603
f 4104 3603 1408
f 3894 3603 4104
f 484 4105 4103
f 4105 30 4106
f 4103 4106 600
f 4105 4106 4103
f 600 4106 3718
f 4106 30 4009
f 3718 4009 1138
f 4106 4009 3718
f 1408 4010 4108
f 4010 428 4107
f 4108 4107 1466
f 4010 4107 4108
f 461 4109 4110
f 4109 293 3898
f 4110 3898 701
f 4109 3898 4110
f 293 4109 3899
f 4109 461 4016
f 3899 4016 810
f 4109 4016 3899
f 726 4111 4019
f 4111 107 4013
f 4019 4013 1234
f 4111 4013 4019
f 1033 4112 3902
f 4112 790 4113
f 3902 4113 1293
f 4112 4113 3902
f 869 4114 3830
f 4114 251 4115
f 3830 4115 1160
f 4114 4115 3830
f 185 4116 4117
f 4116 556 3742
f 4117 3742 680
f 4116 3742 4117
f 571 4118 4119
f 4118 177 3840
f 4119 3840 1286
f 4118 3840 4119
f 680 3741 4120
f 3741 404 4037
f 4120 4037 983
f 3741 4037 4120
f 729 4121 4122
f 4121 920 4042
f 4122 4042 1190
f 4121 4042 4122
f 1414 4123 4048
f 4123 642 4124
f 4048 4124 1491
f 4123 4124 4048
f 472 4125 3750
f 4125 586 4126
f 3750 4126 977
f 4125 4126 3750
f 642 4127 4124
f 4127 506 4128
f 4124 4128 1491
f 4127 4128 4124
f 709 4129 4131
f 4129 407 4130
f 4131 4130 1372
f 4129 4130 4131
f 156 3856 4064
f 3856 360 4132
f 4064 4132 1456
f 3856 4132 4064
f 971 4066 4133
f 4066 825 3859
f 4133 3859 1052
f 4066 3859 4133
f 159 4134 4135
f 4134 553 3959
f 4135 3959 1480
f 4134 3959 4135
f 1381 4136 3957
f 4136 1245 3570
f 3957 3570 1469
f 4136 3570 3957
f 547 4137 3689
f 4137 510 4138
f 3689 4138 1366
f 4137 4138 3689
f 510 4137 4139
f 4137 547 3866
f 4139 3866 1244
f 4137 3866 4139
f 62 4068 4140
f 4068 460 4069
f 4140 4069 1092
f 4068 4069 4140
f 1003 4141 4142
f 4141 62 4140
f 4142 4140 1092
f 4141 4140 4142
f 1245 4143 3865
f 4143 960 4144
f 3865 4144 1365
f 4143 4144 3865
f 153 4071 4084
f 4071 755 4145
f 4084 4145 1023
f 4071 4145 4084
f 755 4146 4145
f 4146 774 4147
f 4145 4147 1023
f 4146 4147 4145
f 774 4148 4149
f 4148 1368 3976
f 4149 3976 1389
f 4148 3976 4149
f 960 4150 4144
f 4150 988 4074
f 4144 4074 1365
f 4150 4074 4144
f 960 4151 4150
f 4151 541 4080
f 4150 4080 988
f 4151 4080 4150
f 541 4152 4082
f 4152 152 4153
f 4082 4153 1203
f 4152 4153 4082
f 152 4154 4153
f 4154 1092 4070
f 4153 4070 1203
f 4154 4070 4153
f 1023 4147 4087
f 4147 774 4149
f 4087 4149 1389
f 4147 4149 4087
f 1385 3981 3977
f 3981 816 4155
f 3977 4155 1391
f 3981 4155 3977
f 528 4156 3985
f 4156 478 4157
f 3985 4157 664
f 4156 4157 3985
f 478 4156 4158
f 4156 528 3881
f 4158 3881 731
f 4156 3881 4158
f 463 3984 4160
f 3984 664 4159
f 4160 4159 821
f 3984 4159 4160
f 448 3885 3992
f 3885 463 4161
f 3992 4161 479
f 3885 4161 3992
f 132 4162 4098
f 4162 998 4096
f 4098 4096 1126
f 4162 4096 4098
f 1405 3991 4095
f 3991 479 4163
f 4095 4163 1501
f 3991 4163 4095
f 939 4006 4164
f 4006 1290 4003
f 4164 4003 1501
f 4006 4003 4164
f 1301 4165 4166
f 4165 939 4164
f 4166 4164 1501
f 4165 4164 4166
f 1117 4167 4168
f 4167 937 4102
f 4168 4102 1331
f 4167 4102 4168
f 1331 4104 4169
f 4104 1408 4108
f 4169 4108 1466
f 4104 4108 4169
f 701 4007 4171
f 4007 30 4170
f 4171 4170 1338
f 4007 4170 4171
f 428 4012 4107
f 4012 107 4172
f 4107 4172 1466
f 4012 4172 4107
f 616 3823 3826
f 3823 608 4173
f 3826 4173 1033
f 3823 4173 3826
f 860 4174 4175
f 4174 246 4026
f 4175 4026 1160
f 4174 4026 4175
f 1061 4176 4177
f 4176 945 3905
f 4177 3905 1293
f 4176 3905 4177
f 1061 4178 4180
f 4178 420 4179
f 4180 4179 1064
f 4178 4179 4180
f 945 4176 4027
f 4176 1061 4180
f 4027 4180 1064
f 4176 4180 4027
f 895 3485 3909
f 3485 556 4181
f 3909 4181 1286
f 3485 4181 3909
f 556 4116 4181
f 4116 185 4182
f 4181 4182 1286
f 4116 4182 4181
f 276 4183 4185
f 4183 587 4184
f 4185 4184 721
f 4183 4184 4185
f 587 4186 4184
f 4186 265 4033
f 4184 4033 721
f 4186 4033 4184
f 321 4034 3914
f 4034 265 4187
f 3914 4187 342
f 4034 4187 3914
f 53 4046 4189
f 4046 694 4188
f 4189 4188 1313
f 4046 4188 4189
f 582 4190 4191
f 4190 978 3852
f 4191 3852 1376
f 4190 3852 4191
f 878 4192 4193
f 4192 1376 4061
f 4193 4061 1479
f 4192 4061 4193
f 673 4194 4196
f 4194 806 4195
f 4196 4195 887
f 4194 4195 4196
f 497 3778 3952
f 3778 673 4196
f 3952 4196 887
f 3778 4196 3952
f 971 4133 4198
f 4133 1052 4197
f 4198 4197 1275
f 4133 4197 4198
f 159 4199 4134
f 4199 360 3954
f 4134 3954 553
f 4199 3954 4134
f 1381 3956 4200
f 3956 310 4065
f 4200 4065 1456
f 3956 4065 4200
f 49 4062 4202
f 4062 861 4201
f 4202 4201 1003
f 4062 4201 4202
f 422 4203 3955
f 4203 496 4204
f 3955 4204 1052
f 4203 4204 3955
f 314 4067 3961
f 4067 971 4205
f 3961 4205 1481
f 4067 4205 3961
f 861 3964 4201
f 3964 62 4141
f 4201 4141 1003
f 3964 4141 4201
f 1366 4138 3958
f 4138 510 4206
f 3958 4206 1480
f 4138 4206 3958
f 313 4207 4208
f 4207 960 4143
f 4208 4143 1245
f 4207 4143 4208
f 152 4209 4154
f 4209 401 4210
f 4154 4210 1092
f 4209 4210 4154
f 1066 4211 4212
f 4211 1311 3968
f 4212 3968 1368
f 4211 3968 4212
f 1085 4213 3868
f 4213 603 4214
f 3868 4214 1244
f 4213 4214 3868
f 442 4215 4216
f 4215 541 4151
f 4216 4151 960
f 4215 4151 4216
f 442 4217 4215
f 4217 152 4152
f 4215 4152 541
f 4217 4152 4215
f 774 4218 4148
f 4218 1066 4212
f 4148 4212 1368
f 4218 4212 4148
f 1085 3867 4219
f 3867 380 3978
f 4219 3978 1391
f 3867 3978 4219
f 948 3883 4220
f 3883 272 4093
f 4220 4093 998
f 3883 4093 4220
f 479 4161 4221
f 4161 463 4160
f 4221 4160 821
f 4161 4160 4221
f 132 4222 4162
f 4222 763 4223
f 4162 4223 998
f 4222 4223 4162
f 479 4224 4163
f 4224 1301 4166
f 4163 4166 1501
f 4224 4166 4163
f 763 4222 4225
f 4222 132 4100
f 4225 4100 937
f 4222 4100 4225
f 763 4225 4226
f 4225 937 4167
f 4226 4167 1117
f 4225 4167 4226
f 897 4227 4228
f 4227 939 4165
f 4228 4165 1301
f 4227 4165 4228
f 30 4105 4230
f 4105 484 4229
f 4230 4229 1134
f 4105 4229 4230
f 461 4110 4231
f 4110 701 4171
f 4231 4171 1338
f 4110 4171 4231
f 726 4018 4232
f 4018 1213 4021
f 4232 4021 1340
f 4018 4021 4232
f 608 4014 4234
f 4014 461 4233
f 4234 4233 1202
f 4014 4233 4234
f 1033 4173 4235
f 4173 608 4234
f 4235 4234 1202
f 4173 4234 4235
f 790 4112 4236
f 4112 1033 4235
f 4236 4235 1202
f 4112 4235 4236
f 246 4237 4024
f 4237 264 4238
f 4024 4238 1340
f 4237 4238 4024
f 790 4239 4113
f 4239 441 4240
f 4113 4240 1293
f 4239 4240 4113
f 1160 4115 4242
f 4115 251 4241
f 4242 4241 1223
f 4115 4241 4242
f 840 4243 4245
f 4243 251 4244
f 4245 4244 1064
f 4243 4244 4245
f 251 4114 4244
f 4114 869 4028
f 4244 4028 1064
f 4114 4028 4244
f 276 4246 4247
f 4246 90 4029
f 4247 4029 889
f 4246 4029 4247
f 889 3907 4248
f 3907 197 4031
f 4248 4031 920
f 3907 4031 4248
f 90 4246 3911
f 4246 276 4185
f 3911 4185 721
f 4246 4185 3911
f 681 3407 4250
f 3407 1146 4249
f 4250 4249 1288
f 3407 4249 4250
f 681 4250 4035
f 4250 1288 4251
f 4035 4251 1333
f 4250 4251 4035
f 177 4118 4253
f 4118 571 4252
f 4253 4252 1303
f 4118 4252 4253
f 704 4039 4254
f 4039 177 4253
f 4254 4253 1303
f 4039 4253 4254
f 515 4255 4256
f 4255 82 3918
f 4256 3918 1370
f 4255 3918 4256
f 53 4257 4047
f 4257 850 4258
f 4047 4258 1190
f 4257 4258 4047
f 195 4051 4260
f 4051 559 4259
f 4260 4259 1294
f 4051 4259 4260
f 972 3845 4261
f 3845 195 4260
f 4261 4260 1294
f 3845 4260 4261
f 777 4262 4263
f 4262 642 4123
f 4263 4123 1414
f 4262 4123 4263
f 705 4264 4266
f 4264 873 4265
f 4266 4265 1073
f 4264 4265 4266
f 586 4267 4269
f 4267 758 4268
f 4269 4268 1421
f 4267 4268 4269
f 845 4270 4060
f 4270 346 4271
f 4060 4271 1354
f 4270 4271 4060
f 161 4272 4274
f 4272 1354 4273
f 4274 4273 1420
f 4272 4273 4274
f 49 4275 4063
f 4275 686 4276
f 4063 4276 1479
f 4275 4276 4063
f 565 4277 4278
f 4277 352 3953
f 4278 3953 887
f 4277 3953 4278
f 352 4277 3966
f 4277 565 4279
f 3966 4279 1441
f 4277 4279 3966
f 496 4203 4281
f 4203 422 4280
f 4281 4280 1054
f 4203 4280 4281
f 302 4282 4283
f 4282 1245 4136
f 4283 4136 1381
f 4282 4136 4283
f 422 3960 4280
f 3960 452 4284
f 4280 4284 1054
f 3960 4284 4280
f 302 4285 4282
f 4285 313 4208
f 4282 4208 1245
f 4285 4208 4282
f 401 4286 4210
f 4286 1003 4142
f 4210 4142 1092
f 4286 4142 4210
f 284 4287 4288
f 4287 755 4072
f 4288 4072 1441
f 4287 4072 4288
f 755 4287 4290
f 4287 284 4289
f 4290 4289 1201
f 4287 4289 4290
f 565 4291 4279
f 4291 284 4288
f 4279 4288 1441
f 4291 4288 4279
f 1066 4292 4211
f 4292 452 3691
f 4211 3691 1311
f 4292 3691 4211
f 121 4293 4294
f 4293 146 3789
f 4294 3789 1353
f 4293 3789 4294
f 603 4295 4214
f 4295 510 4139
f 4214 4139 1244
f 4295 4139 4214
f 770 4296 4297
f 4296 755 4290
f 4297 4290 1201
f 4296 4290 4297
f 755 4296 4146
f 4296 770 4298
f 4146 4298 774
f 4296 4298 4146
f 146 4293 3575
f 4293 121 4299
f 3575 4299 613
f 4293 4299 3575
f 613 4299 4301
f 4299 121 4300
f 4301 4300 950
f 4299 4300 4301
f 886 4302 4303
f 4302 1085 4219
f 4303 4219 1391
f 4302 4219 4303
f 886 4303 4305
f 4303 1391 4304
f 4305 4304 1474
f 4303 4304 4305
f 130 4306 4307
f 4306 816 3982
f 4307 3982 948
f 4306 3982 4307
f 664 4308 4159
f 4308 34 4309
f 4159 4309 821
f 4308 4309 4159
f 478 4310 4157
f 4310 34 4308
f 4157 4308 664
f 4310 4308 4157
f 763 4311 4223
f 4311 948 4220
f 4223 4220 998
f 4311 4220 4223
f 479 4221 4224
f 4221 821 4312
f 4224 4312 1301
f 4221 4312 4224
f 897 4313 4227
f 4313 484 4004
f 4227 4004 939
f 4313 4004 4227
f 484 4313 4229
f 4313 897 4314
f 4229 4314 1134
f 4313 4314 4229
f 1242 4315 4316
f 4315 1117 4168
f 4316 4168 1331
f 4315 4168 4316
f 557 4317 4318
f 4317 1242 4316
f 4318 4316 1331
f 4317 4316 4318
f 1134 4319 4321
f 4319 1136 4320
f 4321 4320 1338
f 4319 4320 4321
f 30 4230 4170
f 4230 1134 4321
f 4170 4321 1338
f 4230 4321 4170
f 557 4318 4322
f 4318 1331 4169
f 4322 4169 1466
f 4318 4169 4322
f 107 4111 4172
f 4111 726 4323
f 4172 4323 1466
f 4111 4323 4172
f 726 4324 4323
f 4324 789 4325
f 4323 4325 1466
f 4324 4325 4323
f 789 4324 4326
f 4324 726 4232
f 4326 4232 1340
f 4324 4232 4326
f 239 4327 4328
f 4327 790 4236
f 4328 4236 1202
f 4327 4236 4328
f 264 4237 4329
f 4237 246 4174
f 4329 4174 860
f 4237 4174 4329
f 264 4329 4331
f 4329 860 4330
f 4331 4330 1438
f 4329 4330 4331
f 860 4175 4332
f 4175 1160 4242
f 4332 4242 1223
f 4175 4242 4332
f 441 4333 4240
f 4333 1061 4177
f 4240 4177 1293
f 4333 4177 4240
f 441 4334 4333
f 4334 724 4335
f 4333 4335 1061
f 4334 4335 4333
f 185 4336 4182
f 4336 688 4337
f 4182 4337 1286
f 4336 4337 4182
f 185 4117 4338
f 4117 680 4120
f 4338 4120 983
f 4117 4120 4338
f 955 4339 4340
f 4339 1146 3322
f 4340 3322 1321
f 4339 3322 4340
f 850 4341 4258
f 4341 729 4122
f 4258 4122 1190
f 4341 4122 4258
f 538 4342 4044
f 4342 388 4343
f 4044 4343 1414
f 4342 4343 4044
f 586 4125 4344
f 4125 472 4049
f 4344 4049 1233
f 4125 4049 4344
f 709 4345 4347
f 4345 93 4346
f 4347 4346 1313
f 4345 4346 4347
f 346 4270 4349
f 4270 845 4348
f 4349 4348 989
f 4270 4348 4349
f 686 4350 4276
f 4350 878 4193
f 4276 4193 1479
f 4350 4193 4276
f 804 4351 4352
f 4351 565 4278
f 4352 4278 887
f 4351 4278 4352
f 669 4353 4354
f 4353 804 4352
f 4354 4352 887
f 4353 4352 4354
f 360 4199 4356
f 4199 159 4355
f 4356 4355 1277
f 4199 4355 4356
f 1052 4204 4197
f 4204 496 4357
f 4197 4357 1275
f 4204 4357 4197
f 7 4358 4359
f 4358 496 4281
f 4359 4281 1054
f 4358 4281 4359
f 217 4360 4361
f 4360 1353 3965
f 4361 3965 1481
f 4360 3965 4361
f 2 4362 4364
f 4362 1054 4363
f 4364 4363 1066
f 4362 4363 4364
f 1054 4284 4363
f 4284 452 4292
f 4363 4292 1066
f 4284 4292 4363
f 217 4365 4360
f 4365 121 4294
f 4360 4294 1353
f 4365 4294 4360
f 313 4366 4207
f 4366 728 4367
f 4207 4367 960
f 4366 4367 4207
f 728 4368 4367
f 4368 442 4216
f 4367 4216 960
f 4368 4216 4367
f 152 4217 4369
f 4217 442 4368
f 4369 4368 728
f 4217 4368 4369
f 401 4209 4370
f 4209 152 4369
f 4370 4369 728
f 4209 4369 4370
f 774 4298 4218
f 4298 770 4371
f 4218 4371 1066
f 4298 4371 4218
f 770 4372 4371
f 4372 2 4364
f 4371 4364 1066
f 4372 4364 4371
f 1391 4155 4374
f 4155 816 4373
f 4374 4373 1403
f 4155 4373 4374
f 816 4306 4373
f 4306 130 4375
f 4373 4375 1403
f 4306 4375 4373
f 763 4376 4311
f 4376 130 4307
f 4311 4307 948
f 4376 4307 4311
f 951 4377 4378
f 4377 763 4226
f 4378 4226 1117
f 4377 4226 4378
f 951 4378 4379
f 4378 1117 4315
f 4379 4315 1242
f 4378 4315 4379
f 437 4380 4382
f 4380 98 4381
f 4382 4381 1338
f 4380 4381 4382
f 98 4383 4381
f 4383 461 4231
f 4381 4231 1338
f 4383 4231 4381
f 461 4383 4233
f 4383 98 4384
f 4233 4384 1202
f 4383 4384 4233
f 264 4385 4238
f 4385 789 4326
f 4238 4326 1340
f 4385 4326 4238
f 251 4243 4241
f 4243 840 4386
f 4241 4386 1223
f 4243 4386 4241
f 66 4387 4388
f 4387 265 4186
f 4388 4186 587
f 4387 4186 4388
f 265 4387 4187
f 4387 66 4389
f 4187 4389 342
f 4387 4389 4187
f 342 4390 3915
f 4390 298 4391
f 3915 4391 1370
f 4390 4391 3915
f 298 4392 4391
f 4392 515 4256
f 4391 4256 1370
f 4392 4256 4391
f 1146 4339 4249
f 4339 955 4393
f 4249 4393 1288
f 4339 4393 4249
f 361 4394 4395
f 4394 704 4254
f 4395 4254 1303
f 4394 4254 4395
f 850 4257 4396
f 4257 53 4189
f 4396 4189 1313
f 4257 4189 4396
f 559 4397 4259
f 4397 873 4398
f 4259 4398 1294
f 4397 4398 4259
f 586 4399 4267
f 4399 230 4400
f 4267 4400 758
f 4399 4400 4267
f 467 4401 4403
f 4401 93 4402
f 4403 4402 582
f 4401 4402 4403
f 346 4404 4406
f 4404 630 4405
f 4406 4405 1420
f 4404 4405 4406
f 806 4407 4409
f 4407 1080 4408
f 4409 4408 1471
f 4407 4408 4409
f 806 4410 4195
f 4410 669 4354
f 4195 4354 887
f 4410 4354 4195
f 686 4275 4411
f 4275 49 4202
f 4411 4202 1003
f 4275 4202 4411
f 360 4356 4132
f 4356 1277 4412
f 4132 4412 1456
f 4356 4412 4132
f 612 4413 4414
f 4413 1381 4200
f 4414 4200 1456
f 4413 4200 4414
f 459 4415 4416
f 4415 971 4198
f 4416 4198 1275
f 4415 4198 4416
f 1277 4355 4417
f 4355 159 4135
f 4417 4135 1480
f 4355 4135 4417
f 971 4415 4205
f 4415 459 4418
f 4205 4418 1481
f 4415 4418 4205
f 791 4419 4420
f 4419 1277 4417
f 4420 4417 1480
f 4419 4417 4420
f 510 4421 4206
f 4421 791 4420
f 4206 4420 1480
f 4421 4420 4206
f 284 4291 4422
f 4291 565 4351
f 4422 4351 804
f 4291 4351 4422
f 401 4370 4424
f 4370 728 4423
f 4424 4423 1356
f 4370 4423 4424
f 1003 4286 4425
f 4286 401 4424
f 4425 4424 1356
f 4286 4424 4425
f 728 4366 4427
f 4366 313 4426
f 4427 4426 1161
f 4366 4426 4427
f 478 4158 4429
f 4158 731 4428
f 4429 4428 1334
f 4158 4428 4429
f 1391 4374 4304
f 4374 1403 4430
f 4304 4430 1474
f 4374 4430 4304
f 34 4310 4431
f 4310 478 4429
f 4431 4429 1334
f 4310 4429 4431
f 130 4376 4432
f 4376 763 4377
f 4432 4377 951
f 4376 4377 4432
f 557 4433 4317
f 4433 905 4434
f 4317 4434 1242
f 4433 4434 4317
f 1136 4319 4436
f 4319 1134 4435
f 4436 4435 1164
f 4319 4435 4436
f 334 4437 4438
f 4437 557 4322
f 4438 4322 1466
f 4437 4322 4438
f 64 4439 4441
f 4439 520 4440
f 4441 4440 1466
f 4439 4440 4441
f 789 4442 4325
f 4442 64 4441
f 4325 4441 1466
f 4442 4441 4325
f 789 4385 4443
f 4385 264 4331
f 4443 4331 1438
f 4385 4331 4443
f 441 4239 4445
f 4239 790 4444
f 4445 4444 1350
f 4239 4444 4445
f 790 4327 4444
f 4327 239 4446
f 4444 4446 1350
f 4327 4446 4444
f 724 4334 4447
f 4334 441 4445
f 4447 4445 1350
f 4334 4445 4447
f 542 4448 4449
f 4448 420 4178
f 4449 4178 1061
f 4448 4178 4449
f 420 4450 4179
f 4450 840 4245
f 4179 4245 1064
f 4450 4245 4179
f 276 4247 4452
f 4247 889 4451
f 4452 4451 949
f 4247 4451 4452
f 920 4121 4454
f 4121 729 4453
f 4454 4453 1107
f 4121 4453 4454
f 82 4255 4456
f 4255 515 4455
f 4456 4455 663
f 4255 4455 4456
f 361 4457 4394
f 4457 538 4043
f 4394 4043 704
f 4457 4043 4394
f 82 4456 3921
f 4456 663 4458
f 3921 4458 798
f 4456 4458 3921
f 798 4458 3928
f 4458 663 4459
f 3928 4459 1233
f 4458 4459 3928
f 348 4460 4462
f 4460 230 4461
f 4462 4461 1233
f 4460 4461 4462
f 705 4463 4465
f 4463 634 4464
f 4465 4464 1205
f 4463 4464 4465
f 630 4466 4405
f 4466 894 4467
f 4405 4467 1420
f 4466 4467 4405
f 41 4468 4469
f 4468 467 4403
f 4469 4403 582
f 4468 4403 4469
f 878 4470 4192
f 4470 582 4191
f 4192 4191 1376
f 4470 4191 4192
f 698 4471 4472
f 4471 669 4410
f 4472 4410 806
f 4471 4410 4472
f 686 4473 4350
f 4473 654 4474
f 4350 4474 878
f 4473 4474 4350
f 1277 4475 4412
f 4475 138 4476
f 4412 4476 1456
f 4475 4476 4412
f 1275 4357 4478
f 4357 496 4477
f 4478 4477 1347
f 4357 4477 4478
f 612 4479 4413
f 4479 402 4480
f 4413 4480 1381
f 4479 4480 4413
f 402 4481 4480
f 4481 302 4283
f 4480 4283 1381
f 4481 4283 4480
f 1224 4482 4483
f 4482 217 4361
f 4483 4361 1481
f 4482 4361 4483
f 459 4484 4418
f 4484 1224 4483
f 4418 4483 1481
f 4484 4483 4418
f 313 4285 4426
f 4285 302 4485
f 4426 4485 1161
f 4285 4485 4426
f 302 4481 4485
f 4481 402 4486
f 4485 4486 1161
f 4481 4486 4485
f 105 4487 4489
f 4487 1240 4488
f 4489 4488 1356
f 4487 4488 4489
f 1240 4490 4488
f 4490 1003 4425
f 4488 4425 1356
f 4490 4425 4488
f 510 4295 4421
f 4295 603 4491
f 4421 4491 791
f 4295 4491 4421
f 728 4427 4423
f 4427 1161 4492
f 4423 4492 1356
f 4427 4492 4423
f 2 4372 4494
f 4372 770 4493
f 4494 4493 1017
f 4372 4493 4494
f 1017 4493 4495
f 4493 770 4297
f 4495 4297 1201
f 4493 4297 4495
f 2 4494 4362
f 4494 1017 4496
f 4362 4496 1054
f 4494 4496 4362
f 121 4365 4497
f 4365 217 4482
f 4497 4482 1224
f 4365 4482 4497
f 950 4300 4498
f 4300 121 4497
f 4498 4497 1224
f 4300 4497 4498
f 821 4309 4499
f 4309 34 4431
f 4499 4431 1334
f 4309 4431 4499
f 130 4432 4375
f 4432 951 4500
f 4375 4500 1403
f 4432 4500 4375
f 821 4501 4312
f 4501 521 4502
f 4312 4502 1301
f 4501 4502 4312
f 521 4501 4503
f 4501 821 4499
f 4503 4499 1334
f 4501 4499 4503
f 521 4504 4502
f 4504 897 4228
f 4502 4228 1301
f 4504 4228 4502
f 1134 4505 4435
f 4505 521 4506
f 4435 4506 1164
f 4505 4506 4435
f 897 4504 4314
f 4504 521 4505
f 4314 4505 1134
f 4504 4505 4314
f 1242 4434 4508
f 4434 905 4507
f 4508 4507 1470
f 4434 4507 4508
f 334 4509 4437
f 4509 527 4510
f 4437 4510 557
f 4509 4510 4437
f 1158 4511 4512
f 4511 334 4438
f 4512 4438 1466
f 4511 4438 4512
f 1461 4513 4514
f 4513 1158 4512
f 4514 4512 1466
f 4513 4512 4514
f 1185 4515 4516
f 4515 437 4382
f 4516 4382 1338
f 4515 4382 4516
f 520 4517 4440
f 4517 1461 4514
f 4440 4514 1466
f 4517 4514 4440
f 64 4518 4439
f 4518 413 4519
f 4439 4519 520
f 4518 4519 4439
f 98 4380 4521
f 4380 437 4520
f 4521 4520 1022
f 4380 4520 4521
f 98 4522 4384
f 4522 239 4328
f 4384 4328 1202
f 4522 4328 4384
f 840 4523 4386
f 4523 820 4524
f 4386 4524 1223
f 4523 4524 4386
f 420 4525 4450
f 4525 163 4526
f 4450 4526 840
f 4525 4526 4450
f 889 4527 4451
f 4527 610 4528
f 4451 4528 949
f 4527 4528 4451
f 276 4529 4183
f 4529 423 4530
f 4183 4530 587
f 4529 4530 4183
f 688 4531 4337
f 4531 571 4119
f 4337 4119 1286
f 4531 4119 4337
f 889 4248 4532
f 4248 920 4454
f 4532 4454 1107
f 4248 4454 4532
f 610 4527 4533
f 4527 889 4532
f 4533 4532 1107
f 4527 4532 4533
f 423 4534 4530
f 4534 66 4388
f 4530 4388 587
f 4534 4388 4530
f 298 4390 4536
f 4390 342 4535
f 4536 4535 809
f 4390 4535 4536
f 688 4336 4538
f 4336 185 4537
f 4538 4537 1373
f 4336 4537 4538
f 822 4539 4540
f 4539 955 4340
f 4540 4340 1321
f 4539 4340 4540
f 807 4541 3920
f 4541 822 4540
f 3920 4540 1321
f 4541 4540 3920
f 807 4542 4541
f 4542 687 4543
f 4541 4543 822
f 4542 4543 4541
f 687 4542 4544
f 4542 807 3924
f 4544 3924 972
f 4542 3924 4544
f 361 4545 4457
f 4545 388 4342
f 4457 4342 538
f 4545 4342 4457
f 1233 4459 4547
f 4459 663 4546
f 4547 4546 1317
f 4459 4546 4547
f 630 4548 4550
f 4548 989 4549
f 4550 4549 1475
f 4548 4549 4550
f 698 4472 4551
f 4472 806 4409
f 4551 4409 1471
f 4472 4409 4551
f 138 4552 4476
f 4552 612 4414
f 4476 4414 1456
f 4552 4414 4476
f 1030 4553 4554
f 4553 1275 4478
f 4554 4478 1347
f 4553 4478 4554
f 1030 4555 4553
f 4555 459 4416
f 4553 4416 1275
f 4555 4416 4553
f 496 4358 4477
f 4358 7 4556
f 4477 4556 1347
f 4358 4556 4477
f 417 4557 4559
f 4557 592 4558
f 4559 4558 804
f 4557 4558 4559
f 592 4560 4558
f 4560 284 4422
f 4558 4422 804
f 4560 4422 4558
f 284 4560 4289
f 4560 592 4561
f 4289 4561 1201
f 4560 4561 4289
f 1017 4562 4496
f 4562 7 4359
f 4496 4359 1054
f 4562 4359 4496
f 322 4563 4564
f 4563 105 4489
f 4564 4489 1356
f 4563 4489 4564
f 147 4565 4566
f 4565 613 4301
f 4566 4301 950
f 4565 4301 4566
f 613 4565 4075
f 4565 147 4567
f 4075 4567 731
f 4565 4567 4075
f 731 4568 4428
f 4568 1297 4569
f 4428 4569 1334
f 4568 4569 4428
f 1403 4570 4430
f 4570 890 4571
f 4430 4571 1474
f 4570 4571 4430
f 951 4572 4500
f 4572 1014 4573
f 4500 4573 1403
f 4572 4573 4500
f 589 4574 4576
f 4574 250 4575
f 4576 4575 1242
f 4574 4575 4576
f 250 4577 4575
f 4577 951 4379
f 4575 4379 1242
f 4577 4379 4575
f 589 4576 4578
f 4576 1242 4508
f 4578 4508 1470
f 4576 4508 4578
f 575 4579 4580
f 4579 1136 4436
f 4580 4436 1164
f 4579 4436 4580
f 557 4510 4582
f 4510 527 4581
f 4582 4581 900
f 4510 4581 4582
f 67 4583 4585
f 4583 1089 4584
f 4585 4584 1136
f 4583 4584 4585
f 1136 4584 4320
f 4584 1089 4586
f 4320 4586 1338
f 4584 4586 4320
f 1089 4587 4586
f 4587 1185 4516
f 4586 4516 1338
f 4587 4516 4586
f 1043 4588 4589
f 4588 437 4515
f 4589 4515 1185
f 4588 4515 4589
f 1022 4520 4590
f 4520 437 4588
f 4590 4588 1043
f 4520 4588 4590
f 520 4519 4592
f 4519 413 4591
f 4592 4591 847
f 4519 4591 4592
f 513 4593 4594
f 4593 789 4443
f 4594 4443 1438
f 4593 4443 4594
f 239 4595 4446
f 4595 523 4596
f 4446 4596 1350
f 4595 4596 4446
f 860 4597 4330
f 4597 716 4598
f 4330 4598 1438
f 4597 4598 4330
f 724 4599 4335
f 4599 542 4449
f 4335 4449 1061
f 4599 4449 4335
f 163 4525 4600
f 4525 420 4448
f 4600 4448 542
f 4525 4448 4600
f 342 4389 4602
f 4389 66 4601
f 4602 4601 1250
f 4389 4601 4602
f 809 4535 4603
f 4535 342 4602
f 4603 4602 1250
f 4535 4602 4603
f 983 4038 4605
f 4038 1333 4604
f 4605 4604 1373
f 4038 4604 4605
f 185 4338 4537
f 4338 983 4605
f 4537 4605 1373
f 4338 4605 4537
f 308 4606 4607
f 4606 729 4341
f 4607 4341 850
f 4606 4341 4607
f 942 4608 4610
f 4608 308 4609
f 4610 4609 1174
f 4608 4609 4610
f 687 4544 4611
f 4544 972 4261
f 4611 4261 1294
f 4544 4261 4611
f 912 4612 4613
f 4612 687 4611
f 4613 4611 1294
f 4612 4611 4613
f 348 4462 4614
f 4462 1233 4547
f 4614 4547 1317
f 4462 4547 4614
f 525 4615 4617
f 4615 470 4616
f 4617 4616 1294
f 4615 4616 4617
f 467 4618 4620
f 4618 254 4619
f 4620 4619 1174
f 4618 4619 4620
f 630 4621 4466
f 4621 609 4622
f 4466 4622 894
f 4621 4622 4466
f 467 4468 4624
f 4468 41 4623
f 4624 4623 1196
f 4468 4623 4624
f 41 4625 4627
f 4625 878 4626
f 4627 4626 1082
f 4625 4626 4627
f 878 4474 4626
f 4474 654 4628
f 4626 4628 1082
f 4474 4628 4626
f 617 4629 4630
f 4629 669 4471
f 4630 4471 698
f 4629 4471 4630
f 654 4473 4632
f 4473 686 4631
f 4632 4631 1240
f 4473 4631 4632
f 686 4411 4631
f 4411 1003 4490
f 4631 4490 1240
f 4411 4490 4631
f 263 4633 4634
f 4633 417 4559
f 4634 4559 804
f 4633 4559 4634
f 618 4635 4636
f 4635 138 4475
f 4636 4475 1277
f 4635 4475 4636
f 7 4637 4556
f 4637 667 4638
f 4556 4638 1347
f 4637 4638 4556
f 791 4639 4419
f 4639 618 4636
f 4419 4636 1277
f 4639 4636 4419
f 459 4555 4484
f 4555 1030 4640
f 4484 4640 1224
f 4555 4640 4484
f 1201 4561 4642
f 4561 592 4641
f 4642 4641 1326
f 4561 4641 4642
f 667 4637 4643
f 4637 7 4562
f 4643 4562 1017
f 4637 4562 4643
f 1161 4644 4492
f 4644 322 4564
f 4492 4564 1356
f 4644 4564 4492
f 786 4645 4646
f 4645 322 4644
f 4646 4644 1161
f 4645 4644 4646
f 1017 4495 4647
f 4495 1201 4642
f 4647 4642 1326
f 4495 4642 4647
f 667 4643 4648
f 4643 1017 4647
f 4648 4647 1326
f 4643 4647 4648
f 791 4491 4650
f 4491 603 4649
f 4650 4649 1253
f 4491 4649 4650
f 731 4567 4568
f 4567 147 4651
f 4568 4651 1297
f 4567 4651 4568
f 1297 4652 4569
f 4652 17 4653
f 4569 4653 1334
f 4652 4653 4569
f 940 4654 4655
f 4654 521 4503
f 4655 4503 1334
f 4654 4503 4655
f 1014 4656 4573
f 4656 1024 4657
f 4573 4657 1403
f 4656 4657 4573
f 743 4658 4659
f 4658 521 4654
f 4659 4654 940
f 4658 4654 4659
f 951 4577 4572
f 4577 250 4660
f 4572 4660 1014
f 4577 4660 4572
f 720 4661 4662
f 4661 575 4580
f 4662 4580 1164
f 4661 4580 4662
f 557 4582 4433
f 4582 900 4663
f 4433 4663 905
f 4582 4663 4433
f 900 4664 4663
f 4664 216 4665
f 4663 4665 905
f 4664 4665 4663
f 1136 4579 4667
f 4579 575 4666
f 4667 4666 1298
f 4579 4666 4667
f 67 4585 4668
f 4585 1136 4667
f 4668 4667 1298
f 4585 4667 4668
f 67 4668 4670
f 4668 1298 4669
f 4670 4669 1462
f 4668 4669 4670
f 1089 4583 4671
f 4583 67 4670
f 4671 4670 1462
f 4583 4670 4671
f 334 4672 4509
f 4672 157 4673
f 4509 4673 527
f 4672 4673 4509
f 157 4672 4674
f 4672 334 4511
f 4674 4511 1158
f 4672 4511 4674
f 46 4675 4676
f 4675 1158 4513
f 4676 4513 1461
f 4675 4513 4676
f 520 4592 4517
f 4592 847 4677
f 4517 4677 1461
f 4592 4677 4517
f 367 4678 4679
f 4678 98 4521
f 4679 4521 1022
f 4678 4521 4679
f 98 4678 4681
f 4678 367 4680
f 4681 4680 523
f 4678 4680 4681
f 513 4682 4593
f 4682 64 4442
f 4593 4442 789
f 4682 4442 4593
f 413 4518 4683
f 4518 64 4682
f 4683 4682 513
f 4518 4682 4683
f 239 4522 4595
f 4522 98 4681
f 4595 4681 523
f 4522 4681 4595
f 86 4684 4686
f 4684 716 4685
f 4686 4685 1223
f 4684 4685 4686
f 716 4597 4685
f 4597 860 4332
f 4685 4332 1223
f 4597 4332 4685
f 820 4687 4524
f 4687 86 4686
f 4524 4686 1223
f 4687 4686 4524
f 163 4688 4526
f 4688 820 4523
f 4526 4523 840
f 4688 4523 4526
f 423 4529 4689
f 4529 276 4452
f 4689 4452 949
f 4529 4452 4689
f 729 4690 4453
f 4690 319 4691
f 4453 4691 1107
f 4690 4691 4453
f 125 4692 4693
f 4692 361 4395
f 4693 4395 1303
f 4692 4395 4693
f 308 4694 4606
f 4694 319 4690
f 4606 4690 729
f 4694 4690 4606
f 765 4695 4696
f 4695 348 4614
f 4696 4614 1317
f 4695 4614 4696
f 684 4697 4698
f 4697 630 4550
f 4698 4550 1475
f 4697 4550 4698
f 634 4699 4464
f 4699 800 4700
f 4464 4700 1205
f 4699 4700 4464
f 41 4627 4623
f 4627 1082 4701
f 4623 4701 1196
f 4627 4701 4623
f 617 4702 4629
f 4702 263 4703
f 4629 4703 669
f 4702 4703 4629
f 669 4703 4353
f 4703 263 4634
f 4353 4634 804
f 4703 4634 4353
f 612 4552 4705
f 4552 138 4704
f 4705 4704 854
f 4552 4704 4705
f 1224 4640 4707
f 4640 1030 4706
f 4707 4706 1252
f 4640 4706 4707
f 592 4708 4641
f 4708 877 4709
f 4641 4709 1326
f 4708 4709 4641
f 749 4710 4712
f 4710 322 4711
f 4712 4711 796
f 4710 4711 4712
f 105 4563 4713
f 4563 322 4710
f 4713 4710 749
f 4563 4710 4713
f 322 4645 4711
f 4645 786 4714
f 4711 4714 796
f 4645 4714 4711
f 603 4213 4649
f 4213 1085 4715
f 4649 4715 1253
f 4213 4715 4649
f 1024 4716 4657
f 4716 890 4570
f 4657 4570 1403
f 4716 4570 4657
f 237 4717 4718
f 4717 521 4658
f 4718 4658 743
f 4717 4658 4718
f 164 4719 4720
f 4719 250 4574
f 4720 4574 589
f 4719 4574 4720
f 521 4717 4506
f 4717 237 4721
f 4506 4721 1164
f 4717 4721 4506
f 164 4720 4723
f 4720 589 4722
f 4723 4722 1076
f 4720 4722 4723
f 237 4724 4721
f 4724 720 4662
f 4721 4662 1164
f 4724 4662 4721
f 527 4673 4726
f 4673 157 4725
f 4726 4725 1045
f 4673 4725 4726
f 1089 4727 4587
f 4727 189 4728
f 4587 4728 1185
f 4727 4728 4587
f 189 4729 4728
f 4729 1043 4589
f 4728 4589 1185
f 4729 4589 4728
f 523 4730 4596
f 4730 229 4731
f 4596 4731 1350
f 4730 4731 4596
f 892 4732 4734
f 4732 447 4733
f 4734 4733 1350
f 4732 4733 4734
f 447 4735 4733
f 4735 724 4447
f 4733 4447 1350
f 4735 4447 4733
f 724 4735 4737
f 4735 447 4736
f 4737 4736 733
f 4735 4736 4737
f 542 4599 4738
f 4599 724 4737
f 4738 4737 733
f 4599 4737 4738
f 163 4600 4739
f 4600 542 4738
f 4739 4738 733
f 4600 4738 4739
f 66 4534 4601
f 4534 423 4740
f 4601 4740 1250
f 4534 4740 4601
f 1333 4741 4604
f 4741 10 4742
f 4604 4742 1373
f 4741 4742 4604
f 1288 4743 4251
f 4743 10 4741
f 4251 4741 1333
f 4743 4741 4251
f 823 4744 4745
f 4744 610 4533
f 4745 4533 1107
f 4744 4533 4745
f 388 4746 4748
f 4746 125 4747
f 4748 4747 408
f 4746 4747 4748
f 361 4692 4545
f 4692 125 4746
f 4545 4746 388
f 4692 4746 4545
f 388 4748 4750
f 4748 408 4749
f 4750 4749 732
f 4748 4749 4750
f 358 4751 4752
f 4751 348 4695
f 4752 4695 765
f 4751 4695 4752
f 492 4753 4754
f 4753 684 4698
f 4754 4698 1475
f 4753 4698 4754
f 654 4632 4756
f 4632 1240 4755
f 4756 4755 1457
f 4632 4755 4756
f 138 4635 4704
f 4635 618 4757
f 4704 4757 854
f 4635 4757 4704
f 278 4758 4759
f 4758 612 4705
f 4759 4705 854
f 4758 4705 4759
f 592 4557 4708
f 4557 417 4760
f 4708 4760 877
f 4557 4760 4708
f 278 4761 4758
f 4761 402 4479
f 4758 4479 612
f 4761 4479 4758
f 402 4761 4486
f 4761 278 4762
f 4486 4762 1161
f 4761 4762 4486
f 749 4763 4765
f 4763 803 4764
f 4765 4764 1240
f 4763 4764 4765
f 105 4713 4487
f 4713 749 4765
f 4487 4765 1240
f 4713 4765 4487
f 618 4639 4767
f 4639 791 4766
f 4767 4766 1477
f 4639 4766 4767
f 278 4768 4762
f 4768 786 4646
f 4762 4646 1161
f 4768 4646 4762
f 791 4650 4766
f 4650 1253 4769
f 4766 4769 1477
f 4650 4769 4766
f 507 4770 4771
f 4770 950 4498
f 4771 4498 1224
f 4770 4498 4771
f 89 4772 4773
f 4772 147 4566
f 4773 4566 950
f 4772 4566 4773
f 32 4774 4775
f 4774 17 4652
f 4775 4652 1297
f 4774 4652 4775
f 17 4776 4653
f 4776 940 4655
f 4653 4655 1334
f 4776 4655 4653
f 164 4777 4779
f 4777 324 4778
f 4779 4778 1014
f 4777 4778 4779
f 250 4719 4660
f 4719 164 4779
f 4660 4779 1014
f 4719 4779 4660
f 1076 4722 4780
f 4722 589 4578
f 4780 4578 1470
f 4722 4578 4780
f 922 4781 4783
f 4781 720 4782
f 4783 4782 1388
f 4781 4782 4783
f 575 4661 4784
f 4661 720 4781
f 4784 4781 922
f 4661 4781 4784
f 905 4785 4507
f 4785 1316 4786
f 4507 4786 1470
f 4785 4786 4507
f 905 4665 4785
f 4665 216 4787
f 4785 4787 1316
f 4665 4787 4785
f 575 4784 4666
f 4784 922 4788
f 4666 4788 1298
f 4784 4788 4666
f 216 4664 4790
f 4664 900 4789
f 4790 4789 1045
f 4664 4789 4790
f 900 4581 4789
f 4581 527 4726
f 4789 4726 1045
f 4581 4726 4789
f 847 4791 4677
f 4791 52 4792
f 4677 4792 1461
f 4791 4792 4677
f 52 4791 4794
f 4791 847 4793
f 4794 4793 1486
f 4791 4793 4794
f 1382 4795 4797
f 4795 1043 4796
f 4797 4796 1422
f 4795 4796 4797
f 1022 4590 4798
f 4590 1043 4795
f 4798 4795 1382
f 4590 4795 4798
f 317 4799 4800
f 4799 367 4679
f 4800 4679 1022
f 4799 4679 4800
f 317 4800 4801
f 4800 1022 4798
f 4801 4798 1382
f 4800 4798 4801
f 1433 4802 4803
f 4802 513 4594
f 4803 4594 1438
f 4802 4594 4803
f 716 4804 4598
f 4804 1433 4803
f 4598 4803 1438
f 4804 4803 4598
f 229 4805 4731
f 4805 892 4734
f 4731 4734 1350
f 4805 4734 4731
f 163 4739 4807
f 4739 733 4806
f 4807 4806 866
f 4739 4806 4807
f 423 4689 4740
f 4689 949 4808
f 4740 4808 1250
f 4689 4808 4740
f 10 4809 4742
f 4809 494 4810
f 4742 4810 1373
f 4809 4810 4742
f 955 4811 4393
f 4811 723 4812
f 4393 4812 1288
f 4811 4812 4393
f 494 4813 4810
f 4813 688 4538
f 4810 4538 1373
f 4813 4538 4810
f 454 4814 4815
f 4814 571 4531
f 4815 4531 688
f 4814 4531 4815
f 571 4814 4252
f 4814 454 4816
f 4252 4816 1303
f 4814 4816 4252
f 663 4455 4818
f 4455 515 4817
f 4818 4817 695
f 4455 4817 4818
f 663 4818 4546
f 4818 695 4819
f 4546 4819 1317
f 4818 4819 4546
f 358 4820 4821
f 4820 492 4754
f 4821 4754 1475
f 4820 4754 4821
f 800 4822 4700
f 4822 759 4823
f 4700 4823 1205
f 4822 4823 4700
f 800 4824 4826
f 4824 894 4825
f 4826 4825 1099
f 4824 4825 4826
f 285 4827 4829
f 4827 677 4828
f 4829 4828 1196
f 4827 4828 4829
f 1292 4830 4831
f 4830 698 4551
f 4831 4551 1471
f 4830 4551 4831
f 718 4832 4833
f 4832 1292 4831
f 4833 4831 1471
f 4832 4831 4833
f 617 4630 4834
f 4630 698 4830
f 4834 4830 1292
f 4630 4830 4834
f 618 4835 4757
f 4835 136 4836
f 4757 4836 854
f 4835 4836 4757
f 417 4837 4760
f 4837 215 4838
f 4760 4838 877
f 4837 4838 4760
f 667 4839 4638
f 4839 958 4840
f 4638 4840 1347
f 4839 4840 4638
f 877 4841 4709
f 4841 1309 4842
f 4709 4842 1326
f 4841 4842 4709
f 1253 4843 4769
f 4843 392 4844
f 4769 4844 1477
f 4843 4844 4769
f 1057 4845 4847
f 4845 507 4846
f 4847 4846 1252
f 4845 4846 4847
f 507 4771 4846
f 4771 1224 4707
f 4846 4707 1252
f 4771 4707 4846
f 507 4848 4770
f 4848 89 4773
f 4770 4773 950
f 4848 4773 4770
f 1085 4302 4715
f 4302 886 4849
f 4715 4849 1253
f 4302 4849 4715
f 147 4772 4651
f 4772 89 4850
f 4651 4850 1297
f 4772 4850 4651
f 493 4851 4852
f 4851 886 4305
f 4852 4305 1474
f 4851 4305 4852
f 890 4853 4571
f 4853 108 4854
f 4571 4854 1474
f 4853 4854 4571
f 17 4774 4776
f 4774 32 4855
f 4776 4855 940
f 4774 4855 4776
f 108 4853 4856
f 4853 890 4716
f 4856 4716 1024
f 4853 4716 4856
f 743 4659 4858
f 4659 940 4857
f 4858 4857 1496
f 4659 4857 4858
f 237 4718 4859
f 4718 743 4858
f 4859 4858 1496
f 4718 4858 4859
f 1388 4782 4861
f 4782 720 4860
f 4861 4860 1496
f 4782 4860 4861
f 720 4724 4860
f 4724 237 4859
f 4860 4859 1496
f 4724 4859 4860
f 761 4862 4863
f 4862 1076 4780
f 4863 4780 1470
f 4862 4780 4863
f 1118 4864 4865
f 4864 761 4863
f 4865 4863 1470
f 4864 4863 4865
f 1316 4866 4786
f 4866 1118 4865
f 4786 4865 1470
f 4866 4865 4786
f 922 4867 4788
f 4867 182 4868
f 4788 4868 1298
f 4867 4868 4788
f 216 4790 4787
f 4790 1045 4869
f 4787 4869 1316
f 4790 4869 4787
f 46 4870 4675
f 4870 157 4674
f 4675 4674 1158
f 4870 4674 4675
f 157 4870 4872
f 4870 46 4871
f 4872 4871 1458
f 4870 4871 4872
f 1043 4873 4796
f 4873 827 4874
f 4796 4874 1422
f 4873 4874 4796
f 189 4875 4729
f 4875 827 4873
f 4729 4873 1043
f 4875 4873 4729
f 1382 4797 4877
f 4797 1422 4876
f 4877 4876 1443
f 4797 4876 4877
f 523 4680 4879
f 4680 367 4878
f 4879 4878 708
f 4680 4878 4879
f 229 4730 4880
f 4730 523 4879
f 4880 4879 708
f 4730 4879 4880
f 86 4687 4882
f 4687 820 4881
f 4882 4881 916
f 4687 4881 4882
f 820 4688 4883
f 4688 163 4807
f 4883 4807 866
f 4688 4807 4883
f 475 4884 4885
f 4884 298 4536
f 4885 4536 809
f 4884 4536 4885
f 298 4884 4392
f 4884 475 4886
f 4392 4886 515
f 4884 4886 4392
f 183 4887 4888
f 4887 723 4811
f 4888 4811 955
f 4887 4811 4888
f 238 4889 4891
f 4889 183 4890
f 4891 4890 822
f 4889 4890 4891
f 822 4890 4539
f 4890 183 4888
f 4539 4888 955
f 4890 4888 4539
f 1303 4816 4893
f 4816 454 4892
f 4893 4892 1358
f 4816 4892 4893
f 319 4894 4691
f 4894 823 4745
f 4691 4745 1107
f 4894 4745 4691
f 695 4817 4896
f 4817 515 4895
f 4896 4895 753
f 4817 4895 4896
f 515 4886 4895
f 4886 475 4897
f 4895 4897 753
f 4886 4897 4895
f 319 4694 4899
f 4694 308 4898
f 4899 4898 1330
f 4694 4898 4899
f 745 4900 4902
f 4900 492 4901
f 4902 4901 765
f 4900 4901 4902
f 57 4903 4905
f 4903 525 4904
f 4905 4904 759
f 4903 4904 4905
f 1196 4701 4907
f 4701 1082 4906
f 4907 4906 1257
f 4701 4906 4907
f 1240 4764 4755
f 4764 803 4908
f 4755 4908 1457
f 4764 4908 4755
f 958 4909 4840
f 4909 910 4910
f 4840 4910 1347
f 4909 4910 4840
f 910 4911 4910
f 4911 1030 4554
f 4910 4554 1347
f 4911 4554 4910
f 1030 4911 4706
f 4911 910 4912
f 4706 4912 1252
f 4911 4912 4706
f 877 4913 4841
f 4913 339 4914
f 4841 4914 1309
f 4913 4914 4841
f 667 4915 4839
f 4915 481 4916
f 4839 4916 958
f 4915 4916 4839
f 786 4768 4917
f 4768 278 4759
f 4917 4759 854
f 4768 4759 4917
f 786 4917 4919
f 4917 854 4918
f 4919 4918 1114
f 4917 4918 4919
f 796 4714 4920
f 4714 786 4919
f 4920 4919 1114
f 4714 4919 4920
f 1309 4921 4842
f 4921 481 4922
f 4842 4922 1326
f 4921 4922 4842
f 481 4915 4922
f 4915 667 4648
f 4922 4648 1326
f 4915 4648 4922
f 89 4848 4924
f 4848 507 4923
f 4924 4923 1335
f 4848 4923 4924
f 886 4851 4849
f 4851 493 4925
f 4849 4925 1253
f 4851 4925 4849
f 89 4926 4850
f 4926 961 4927
f 4850 4927 1297
f 4926 4927 4850
f 108 4928 4854
f 4928 493 4852
f 4854 4852 1474
f 4928 4852 4854
f 961 4929 4927
f 4929 32 4775
f 4927 4775 1297
f 4929 4775 4927
f 940 4930 4857
f 4930 1398 4931
f 4857 4931 1496
f 4930 4931 4857
f 1014 4778 4656
f 4778 324 4932
f 4656 4932 1024
f 4778 4932 4656
f 532 4933 4935
f 4933 324 4934
f 4935 4934 1120
f 4933 4934 4935
f 324 4777 4934
f 4777 164 4936
f 4934 4936 1120
f 4777 4936 4934
f 164 4723 4936
f 4723 1076 4937
f 4936 4937 1120
f 4723 4937 4936
f 33 4938 4939
f 4938 922 4783
f 4939 4783 1388
f 4938 4783 4939
f 33 4940 4938
f 4940 914 4941
f 4938 4941 922
f 4940 4941 4938
f 1298 4868 4669
f 4868 182 4942
f 4669 4942 1462
f 4868 4942 4669
f 1045 4725 4943
f 4725 157 4872
f 4943 4872 1458
f 4725 4872 4943
f 189 4727 4944
f 4727 1089 4671
f 4944 4671 1462
f 4727 4671 4944
f 827 4875 4945
f 4875 189 4944
f 4945 4944 1462
f 4875 4944 4945
f 46 4946 4871
f 4946 443 4947
f 4871 4947 1458
f 4946 4947 4871
f 443 4946 4948
f 4946 46 4676
f 4948 4676 1461
f 4946 4676 4948
f 443 4949 4951
f 4949 52 4950
f 4951 4950 769
f 4949 4950 4951
f 52 4949 4792
f 4949 443 4948
f 4792 4948 1461
f 4949 4948 4792
f 769 4950 4952
f 4950 52 4794
f 4952 4794 1486
f 4950 4794 4952
f 847 4953 4793
f 4953 432 4954
f 4793 4954 1486
f 4953 4954 4793
f 413 4955 4591
f 4955 432 4953
f 4591 4953 847
f 4955 4953 4591
f 367 4799 4878
f 4799 317 4956
f 4878 4956 708
f 4799 4956 4878
f 413 4683 4957
f 4683 513 4802
f 4957 4802 1433
f 4683 4802 4957
f 432 4955 4958
f 4955 413 4957
f 4958 4957 1433
f 4955 4957 4958
f 229 4880 4960
f 4880 708 4959
f 4960 4959 1478
f 4880 4959 4960
f 716 4684 4961
f 4684 86 4882
f 4961 4882 916
f 4684 4882 4961
f 447 4732 4963
f 4732 892 4962
f 4963 4962 1377
f 4732 4962 4963
f 949 4964 4808
f 4964 1132 4965
f 4808 4965 1250
f 4964 4965 4808
f 1132 4966 4965
f 4966 809 4603
f 4965 4603 1250
f 4966 4603 4965
f 723 4967 4812
f 4967 10 4743
f 4812 4743 1288
f 4967 4743 4812
f 494 4809 4968
f 4809 10 4967
f 4968 4967 723
f 4809 4967 4968
f 949 4528 4964
f 4528 610 4969
f 4964 4969 1132
f 4528 4969 4964
f 494 4970 4813
f 4970 454 4815
f 4813 4815 688
f 4970 4815 4813
f 687 4971 4543
f 4971 238 4891
f 4543 4891 822
f 4971 4891 4543
f 238 4971 4973
f 4971 687 4972
f 4973 4972 702
f 4971 4972 4973
f 319 4974 4894
f 4974 297 4975
f 4894 4975 823
f 4974 4975 4894
f 125 4693 4976
f 4693 1303 4893
f 4976 4893 1358
f 4693 4893 4976
f 297 4974 4977
f 4974 319 4899
f 4977 4899 1330
f 4974 4899 4977
f 702 4972 4978
f 4972 687 4612
f 4978 4612 912
f 4972 4612 4978
f 942 4979 4981
f 4979 677 4980
f 4981 4980 1322
f 4979 4980 4981
f 684 4982 4984
f 4982 745 4983
f 4984 4983 1289
f 4982 4983 4984
f 745 4985 4983
f 4985 640 4986
f 4983 4986 1289
f 4985 4986 4983
f 560 4987 4988
f 4987 800 4826
f 4988 4826 1099
f 4987 4826 4988
f 81 4989 4990
f 4989 560 4988
f 4990 4988 1099
f 4989 4988 4990
f 285 4829 4992
f 4829 1196 4991
f 4992 4991 1409
f 4829 4991 4992
f 1292 4832 4994
f 4832 718 4993
f 4994 4993 1371
f 4832 4993 4994
f 1292 4994 4996
f 4994 1371 4995
f 4996 4995 1418
f 4994 4995 4996
f 1082 4628 4906
f 4628 654 4997
f 4906 4997 1257
f 4628 4997 4906
f 617 4834 4998
f 4834 1292 4996
f 4998 4996 1418
f 4834 4996 4998
f 263 4702 5000
f 4702 617 4999
f 5000 4999 1187
f 4702 4999 5000
f 154 5001 5002
f 5001 654 4756
f 5002 4756 1457
f 5001 4756 5002
f 803 5003 4908
f 5003 957 5004
f 4908 5004 1457
f 5003 5004 4908
f 215 4837 5006
f 4837 417 5005
f 5006 5005 1187
f 4837 5005 5006
f 417 4633 5005
f 4633 263 5000
f 5005 5000 1187
f 4633 5000 5005
f 803 4763 5008
f 4763 749 5007
f 5008 5007 985
f 4763 5007 5008
f 910 5009 4912
f 5009 1057 4847
f 4912 4847 1252
f 5009 4847 4912
f 749 4712 5007
f 4712 796 5010
f 5007 5010 985
f 4712 5010 5007
f 985 5010 5011
f 5010 796 4920
f 5011 4920 1114
f 5010 4920 5011
f 507 4845 4923
f 4845 1057 5012
f 4923 5012 1335
f 4845 5012 4923
f 493 5013 4925
f 5013 392 4843
f 4925 4843 1253
f 5013 4843 4925
f 961 4926 5014
f 4926 89 4924
f 5014 4924 1335
f 4926 4924 5014
f 493 4928 5016
f 4928 108 5015
f 5016 5015 692
f 4928 5015 5016
f 32 4929 5018
f 4929 961 5017
f 5018 5017 1398
f 4929 5017 5018
f 940 4855 4930
f 4855 32 5018
f 4930 5018 1398
f 4855 5018 4930
f 872 5019 5020
f 5019 108 4856
f 5020 4856 1024
f 5019 4856 5020
f 324 5021 4932
f 5021 872 5020
f 4932 5020 1024
f 5021 5020 4932
f 747 5022 5023
f 5022 1388 4861
f 5023 4861 1496
f 5022 4861 5023
f 997 5024 5025
f 5024 1118 4866
f 5025 4866 1316
f 5024 4866 5025
f 337 5026 5027
f 5026 997 5025
f 5027 5025 1316
f 5026 5025 5027
f 182 5028 5030
f 5028 914 5029
f 5030 5029 1013
f 5028 5029 5030
f 914 5028 4941
f 5028 182 4867
f 4941 4867 922
f 5028 4867 4941
f 1045 5031 4869
f 5031 337 5027
f 4869 5027 1316
f 5031 5027 4869
f 119 5032 5034
f 5032 914 5033
f 5034 5033 1276
f 5032 5033 5034
f 914 5035 5033
f 5035 58 5036
f 5033 5036 1276
f 5035 5036 5033
f 819 5037 5039
f 5037 236 5038
f 5039 5038 1443
f 5037 5038 5039
f 827 5040 4874
f 5040 1362 5041
f 4874 5041 1422
f 5040 5041 4874
f 115 5042 5044
f 5042 562 5043
f 5044 5043 1486
f 5042 5043 5044
f 317 4801 5045
f 4801 1382 4877
f 5045 4877 1443
f 4801 4877 5045
f 892 4805 5046
f 4805 229 4960
f 5046 4960 1478
f 4805 4960 5046
f 716 5047 4804
f 5047 309 5048
f 4804 5048 1433
f 5047 5048 4804
f 309 5047 5049
f 5047 716 4961
f 5049 4961 916
f 5047 4961 5049
f 733 4736 5050
f 4736 447 4963
f 5050 4963 1377
f 4736 4963 5050
f 820 5051 4881
f 5051 851 5052
f 4881 5052 916
f 5051 5052 4881
f 851 5051 5053
f 5051 820 4883
f 5053 4883 866
f 5051 4883 5053
f 866 4806 5054
f 4806 733 5050
f 5054 5050 1377
f 4806 5050 5054
f 454 5055 4892
f 5055 551 5056
f 4892 5056 1358
f 5055 5056 4892
f 305 5057 5058
f 5057 238 4973
f 5058 4973 702
f 5057 4973 5058
f 702 4978 5060
f 4978 912 5059
f 5060 5059 1173
f 4978 5059 5060
f 408 5061 5063
f 5061 1358 5062
f 5063 5062 1363
f 5061 5062 5063
f 408 4747 5061
f 4747 125 4976
f 5061 4976 1358
f 4747 4976 5061
f 1103 5064 5065
f 5064 408 5063
f 5065 5063 1363
f 5064 5063 5065
f 57 5066 5068
f 5066 519 5067
f 5068 5067 1173
f 5066 5067 5068
f 745 4902 5070
f 4902 765 5069
f 5070 5069 1200
f 4902 5069 5070
f 640 5071 4986
f 5071 306 5072
f 4986 5072 1289
f 5071 5072 4986
f 1287 5073 5074
f 5073 285 4992
f 5074 4992 1409
f 5073 4992 5074
f 1371 4993 5076
f 4993 718 5075
f 5076 5075 1435
f 4993 5075 5076
f 1196 4907 4991
f 4907 1257 5077
f 4991 5077 1409
f 4907 5077 4991
f 654 5001 4997
f 5001 154 5078
f 4997 5078 1257
f 5001 5078 4997
f 477 5079 5080
f 5079 617 4998
f 5080 4998 1418
f 5079 4998 5080
f 617 5079 4999
f 5079 477 5081
f 4999 5081 1187
f 5079 5081 4999
f 339 5082 5084
f 5082 215 5083
f 5084 5083 1241
f 5082 5083 5084
f 215 5082 4838
f 5082 339 4913
f 4838 4913 877
f 5082 4913 4838
f 136 4835 5085
f 4835 618 4767
f 5085 4767 1477
f 4835 4767 5085
f 136 5086 4836
f 5086 143 5087
f 4836 5087 854
f 5086 5087 4836
f 339 5088 4914
f 5088 368 5089
f 4914 5089 1309
f 5088 5089 4914
f 910 4909 5091
f 4909 958 5090
f 5091 5090 1040
f 4909 5090 5091
f 854 5087 4918
f 5087 143 5092
f 4918 5092 1114
f 5087 5092 4918
f 481 4921 5094
f 4921 1309 5093
f 5094 5093 1325
f 4921 5093 5094
f 958 4916 5095
f 4916 481 5094
f 5095 5094 1325
f 4916 5094 5095
f 918 5096 5097
f 5096 985 5011
f 5097 5011 1114
f 5096 5011 5097
f 392 5013 5099
f 5013 493 5098
f 5099 5098 927
f 5013 5098 5099
f 493 5016 5098
f 5016 692 5100
f 5098 5100 927
f 5016 5100 5098
f 692 5015 5101
f 5015 108 5019
f 5101 5019 872
f 5015 5019 5101
f 961 5102 5017
f 5102 619 5103
f 5017 5103 1398
f 5102 5103 5017
f 324 4933 5021
f 4933 532 5104
f 5021 5104 872
f 4933 5104 5021
f 1398 5105 4931
f 5105 747 5023
f 4931 5023 1496
f 5105 5023 4931
f 532 4935 5107
f 4935 1120 5106
f 5107 5106 1361
f 4935 5106 5107
f 747 5108 5022
f 5108 1384 5109
f 5022 5109 1388
f 5108 5109 5022
f 1120 4937 5111
f 4937 1076 5110
f 5111 5110 1123
f 4937 5110 5111
f 914 4940 5113
f 4940 33 5112
f 5113 5112 1130
f 4940 5112 5113
f 58 5035 5114
f 5035 914 5113
f 5114 5113 1130
f 5035 5113 5114
f 914 5032 5029
f 5032 119 5115
f 5029 5115 1013
f 5032 5115 5029
f 1013 5116 5118
f 5116 1148 5117
f 5118 5117 1462
f 5116 5117 5118
f 182 5030 4942
f 5030 1013 5118
f 4942 5118 1462
f 5030 5118 4942
f 337 5031 5119
f 5031 1045 4943
f 5119 4943 1458
f 5031 4943 5119
f 924 5120 5122
f 5120 561 5121
f 5122 5121 1118
f 5120 5121 5122
f 58 5123 5036
f 5123 819 5124
f 5036 5124 1276
f 5123 5124 5036
f 819 5125 5124
f 5125 119 5034
f 5124 5034 1276
f 5125 5034 5124
f 1148 5126 5117
f 5126 827 4945
f 5117 4945 1462
f 5126 4945 5117
f 562 5042 5128
f 5042 115 5127
f 5128 5127 924
f 5042 5127 5128
f 115 5129 5127
f 5129 561 5120
f 5127 5120 924
f 5129 5120 5127
f 58 5130 5123
f 5130 236 5037
f 5123 5037 819
f 5130 5037 5123
f 443 4951 4947
f 4951 769 5131
f 4947 5131 1458
f 4951 5131 4947
f 562 5132 5043
f 5132 769 4952
f 5043 4952 1486
f 5132 4952 5043
f 562 5133 5132
f 5133 114 5134
f 5132 5134 769
f 5133 5134 5132
f 1422 5041 4876
f 5041 1362 5135
f 4876 5135 1443
f 5041 5135 4876
f 1362 5136 5135
f 5136 819 5039
f 5135 5039 1443
f 5136 5039 5135
f 236 5137 5038
f 5137 1264 5138
f 5038 5138 1443
f 5137 5138 5038
f 421 5139 5140
f 5139 115 5044
f 5140 5044 1486
f 5139 5044 5140
f 1264 5141 5138
f 5141 317 5045
f 5138 5045 1443
f 5141 5045 5138
f 309 5142 5048
f 5142 1397 5143
f 5048 5143 1433
f 5142 5143 5048
f 262 5144 5146
f 5144 1132 5145
f 5146 5145 1426
f 5144 5145 5146
f 262 5147 5144
f 5147 809 4966
f 5144 4966 1132
f 5147 4966 5144
f 466 5148 5149
f 5148 494 4968
f 5149 4968 723
f 5148 4968 5149
f 466 5150 5148
f 5150 454 4970
f 5148 4970 494
f 5150 4970 5148
f 610 4744 5152
f 4744 823 5151
f 5152 5151 1426
f 4744 5151 5152
f 823 5153 5151
f 5153 135 5154
f 5151 5154 1426
f 5153 5154 5151
f 1132 4969 5145
f 4969 610 5152
f 5145 5152 1426
f 4969 5152 5145
f 475 5155 4897
f 5155 262 5156
f 4897 5156 753
f 5155 5156 4897
f 262 5155 5147
f 5155 475 4885
f 5147 4885 809
f 5155 4885 5147
f 723 4887 5158
f 4887 183 5157
f 5158 5157 1176
f 4887 5157 5158
f 183 4889 5157
f 4889 238 5159
f 5157 5159 1176
f 4889 5159 5157
f 238 5057 5159
f 5057 305 5160
f 5159 5160 1176
f 5057 5160 5159
f 695 4896 5162
f 4896 753 5161
f 5162 5161 1209
f 4896 5161 5162
f 1140 5163 5164
f 5163 702 5060
f 5164 5060 1173
f 5163 5060 5164
f 471 5165 5167
f 5165 331 5166
f 5167 5166 1289
f 5165 5166 5167
f 306 5168 5072
f 5168 471 5167
f 5072 5167 1289
f 5168 5167 5072
f 766 5169 5170
f 5169 1287 5074
f 5170 5074 1409
f 5169 5074 5170
f 828 5171 5172
f 5171 154 5002
f 5172 5002 1457
f 5171 5002 5172
f 455 5173 5175
f 5173 190 5174
f 5175 5174 803
f 5173 5174 5175
f 455 5175 5176
f 5175 803 5008
f 5176 5008 985
f 5175 5008 5176
f 1172 5177 5178
f 5177 136 5085
f 5178 5085 1477
f 5177 5085 5178
f 143 5086 5179
f 5086 136 5177
f 5179 5177 1172
f 5086 5177 5179
f 368 5088 5181
f 5088 339 5180
f 5181 5180 516
f 5088 5180 5181
f 927 5182 5183
f 5182 1172 5178
f 5183 5178 1477
f 5182 5178 5183
f 392 5099 4844
f 5099 927 5183
f 4844 5183 1477
f 5099 5183 4844
f 910 5091 5009
f 5091 1040 5184
f 5009 5184 1057
f 5091 5184 5009
f 143 5185 5092
f 5185 918 5097
f 5092 5097 1114
f 5185 5097 5092
f 918 5185 5186
f 5185 143 5179
f 5186 5179 1172
f 5185 5179 5186
f 1309 5089 5093
f 5089 368 5187
f 5093 5187 1325
f 5089 5187 5093
f 1040 5090 5188
f 5090 958 5095
f 5188 5095 1325
f 5090 5095 5188
f 1040 5189 5184
f 5189 78 5190
f 5184 5190 1057
f 5189 5190 5184
f 1057 5190 5012
f 5190 78 5191
f 5012 5191 1335
f 5190 5191 5012
f 927 5100 5193
f 5100 692 5192
f 5193 5192 1265
f 5100 5192 5193
f 78 5194 5191
f 5194 619 5195
f 5191 5195 1335
f 5194 5195 5191
f 619 5102 5195
f 5102 961 5014
f 5195 5014 1335
f 5102 5014 5195
f 692 5101 5192
f 5101 872 5196
f 5192 5196 1265
f 5101 5196 5192
f 1265 5196 5198
f 5196 872 5197
f 5198 5197 1361
f 5196 5197 5198
f 872 5104 5197
f 5104 532 5107
f 5197 5107 1361
f 5104 5107 5197
f 151 5199 5200
f 5199 747 5105
f 5200 5105 1398
f 5199 5105 5200
f 1120 5111 5106
f 5111 1123 5201
f 5106 5201 1361
f 5111 5201 5106
f 747 5199 5108
f 5199 151 5202
f 5108 5202 1384
f 5199 5202 5108
f 1384 5203 5109
f 5203 1130 5204
f 5109 5204 1388
f 5203 5204 5109
f 761 5205 4862
f 5205 811 5206
f 4862 5206 1076
f 5205 5206 4862
f 1076 5206 5110
f 5206 811 5207
f 5110 5207 1123
f 5206 5207 5110
f 1130 5112 5204
f 5112 33 4939
f 5204 4939 1388
f 5112 4939 5204
f 811 5205 5208
f 5205 761 4864
f 5208 4864 1118
f 5205 4864 5208
f 561 5209 5121
f 5209 811 5208
f 5121 5208 1118
f 5209 5208 5121
f 11 5210 5211
f 5210 924 5122
f 5211 5122 1118
f 5210 5122 5211
f 997 5212 5024
f 5212 11 5211
f 5024 5211 1118
f 5212 5211 5024
f 997 5026 5213
f 5026 337 5119
f 5213 5119 1458
f 5026 5119 5213
f 614 5214 5215
f 5214 11 5212
f 5215 5212 997
f 5214 5212 5215
f 11 5214 5210
f 5214 614 5216
f 5210 5216 924
f 5214 5216 5210
f 119 5217 5115
f 5217 150 5218
f 5115 5218 1013
f 5217 5218 5115
f 614 5215 5219
f 5215 997 5213
f 5219 5213 1458
f 5215 5213 5219
f 150 5217 5220
f 5217 119 5125
f 5220 5125 819
f 5217 5125 5220
f 614 5221 5216
f 5221 562 5128
f 5216 5128 924
f 5221 5128 5216
f 150 5220 5222
f 5220 819 5136
f 5222 5136 1362
f 5220 5136 5222
f 827 5126 5040
f 5126 1148 5223
f 5040 5223 1362
f 5126 5223 5040
f 114 5224 5134
f 5224 614 5225
f 5134 5225 769
f 5224 5225 5134
f 769 5225 5131
f 5225 614 5219
f 5131 5219 1458
f 5225 5219 5131
f 114 5133 5224
f 5133 562 5221
f 5224 5221 614
f 5133 5221 5224
f 236 5130 5226
f 5130 58 5114
f 5226 5114 1130
f 5130 5114 5226
f 432 5227 4954
f 5227 421 5140
f 4954 5140 1486
f 5227 5140 4954
f 1397 5228 5143
f 5228 432 4958
f 5143 4958 1433
f 5228 4958 5143
f 708 5229 4959
f 5229 1355 5230
f 4959 5230 1478
f 5229 5230 4959
f 354 5231 5232
f 5231 866 5054
f 5232 5054 1377
f 5231 5054 5232
f 354 5233 5231
f 5233 851 5053
f 5231 5053 866
f 5233 5053 5231
f 1192 5234 5235
f 5234 262 5146
f 5235 5146 1426
f 5234 5146 5235
f 1016 5236 5237
f 5236 723 5158
f 5237 5158 1176
f 5236 5158 5237
f 466 5149 5238
f 5149 723 5236
f 5238 5236 1016
f 5149 5236 5238
f 454 5150 5055
f 5150 466 5239
f 5055 5239 551
f 5150 5239 5055
f 262 5240 5156
f 5240 282 5241
f 5156 5241 753
f 5240 5241 5156
f 753 5241 5161
f 5241 282 5242
f 5161 5242 1209
f 5241 5242 5161
f 551 5243 5056
f 5243 909 5244
f 5056 5244 1358
f 5243 5244 5056
f 823 4975 5246
f 4975 297 5245
f 5246 5245 1416
f 4975 5245 5246
f 305 5058 5248
f 5058 702 5247
f 5248 5247 925
f 5058 5247 5248
f 305 5248 5160
f 5248 925 5249
f 5160 5249 1176
f 5248 5249 5160
f 1358 5244 5062
f 5244 909 5250
f 5062 5250 1363
f 5244 5250 5062
f 297 4977 5245
f 4977 1330 5251
f 5245 5251 1416
f 4977 5251 5245
f 925 5247 5252
f 5247 702 5163
f 5252 5163 1140
f 5247 5163 5252
f 1363 5250 5254
f 5250 909 5253
f 5254 5253 1364
f 5250 5253 5254
f 327 5255 5256
f 5255 1363 5254
f 5256 5254 1364
f 5255 5254 5256
f 782 5257 5258
f 5257 745 5070
f 5258 5070 1200
f 5257 5070 5258
f 578 5259 5261
f 5259 327 5260
f 5261 5260 1235
f 5259 5260 5261
f 640 5262 5264
f 5262 771 5263
f 5264 5263 986
f 5262 5263 5264
f 1235 5265 5267
f 5265 576 5266
f 5267 5266 1435
f 5265 5266 5267
f 306 5268 5270
f 5268 986 5269
f 5270 5269 1304
f 5268 5269 5270
f 307 5271 5272
f 5271 1371 5076
f 5272 5076 1435
f 5271 5076 5272
f 215 5006 5083
f 5006 1187 5273
f 5083 5273 1241
f 5006 5273 5083
f 1187 5274 5273
f 5274 1101 5275
f 5273 5275 1241
f 5274 5275 5273
f 803 5174 5003
f 5174 190 5276
f 5003 5276 957
f 5174 5276 5003
f 516 5180 5277
f 5180 339 5084
f 5277 5084 1241
f 5180 5084 5277
f 122 5278 5279
f 5278 516 5277
f 5279 5277 1241
f 5278 5277 5279
f 750 5280 5281
f 5280 455 5176
f 5281 5176 985
f 5280 5176 5281
f 918 5282 5096
f 5282 750 5281
f 5096 5281 985
f 5282 5281 5096
f 455 5280 5284
f 5280 750 5283
f 5284 5283 1489
f 5280 5283 5284
f 368 5181 5286
f 5181 516 5285
f 5286 5285 1259
f 5181 5285 5286
f 927 5287 5182
f 5287 1007 5288
f 5182 5288 1172
f 5287 5288 5182
f 222 5289 5290
f 5289 918 5186
f 5290 5186 1172
f 5289 5186 5290
f 222 5291 5289
f 5291 750 5282
f 5289 5282 918
f 5291 5282 5289
f 368 5286 5187
f 5286 1259 5292
f 5187 5292 1325
f 5286 5292 5187
f 78 5293 5194
f 5293 359 5294
f 5194 5294 619
f 5293 5294 5194
f 359 5293 5295
f 5293 78 5189
f 5295 5189 1040
f 5293 5189 5295
f 1007 5287 5296
f 5287 927 5193
f 5296 5193 1265
f 5287 5193 5296
f 1007 5297 5288
f 5297 222 5290
f 5288 5290 1172
f 5297 5290 5288
f 750 5291 5298
f 5291 222 5297
f 5298 5297 1007
f 5291 5297 5298
f 1259 5299 5292
f 5299 359 5300
f 5292 5300 1325
f 5299 5300 5292
f 359 5295 5300
f 5295 1040 5188
f 5300 5188 1325
f 5295 5188 5300
f 526 5301 5302
f 5301 359 5299
f 5302 5299 1259
f 5301 5299 5302
f 750 5298 5283
f 5298 1007 5303
f 5283 5303 1489
f 5298 5303 5283
f 359 5301 5294
f 5301 526 5304
f 5294 5304 619
f 5301 5304 5294
f 526 5302 5306
f 5302 1259 5305
f 5306 5305 1384
f 5302 5305 5306
f 1007 5307 5303
f 5307 1361 5308
f 5303 5308 1489
f 5307 5308 5303
f 1007 5296 5307
f 5296 1265 5198
f 5307 5198 1361
f 5296 5198 5307
f 526 5309 5304
f 5309 151 5310
f 5304 5310 619
f 5309 5310 5304
f 151 5309 5202
f 5309 526 5306
f 5202 5306 1384
f 5309 5306 5202
f 619 5310 5103
f 5310 151 5200
f 5103 5200 1398
f 5310 5200 5103
f 561 5311 5209
f 5311 304 5312
f 5209 5312 811
f 5311 5312 5209
f 1013 5218 5116
f 5218 150 5313
f 5116 5313 1148
f 5218 5313 5116
f 1148 5313 5223
f 5313 150 5222
f 5223 5222 1362
f 5313 5222 5223
f 115 5314 5129
f 5314 304 5311
f 5129 5311 561
f 5314 5311 5129
f 236 5226 5137
f 5226 1130 5315
f 5137 5315 1264
f 5226 5315 5137
f 304 5314 5316
f 5314 115 5139
f 5316 5139 421
f 5314 5139 5316
f 304 5316 5318
f 5316 421 5317
f 5318 5317 921
f 5316 5317 5318
f 421 5227 5317
f 5227 432 5319
f 5317 5319 921
f 5227 5319 5317
f 708 4956 5229
f 4956 317 5320
f 5229 5320 1355
f 4956 5320 5229
f 1377 4962 5321
f 4962 892 5046
f 5321 5046 1478
f 4962 5046 5321
f 406 5322 5323
f 5322 1377 5321
f 5323 5321 1478
f 5322 5321 5323
f 200 5324 5325
f 5324 309 5049
f 5325 5049 916
f 5324 5049 5325
f 406 5326 5322
f 5326 354 5232
f 5322 5232 1377
f 5326 5232 5322
f 135 5327 5154
f 5327 1192 5235
f 5154 5235 1426
f 5327 5235 5154
f 551 5239 5328
f 5239 466 5238
f 5328 5238 1016
f 5239 5238 5328
f 282 5329 5331
f 5329 1192 5330
f 5331 5330 1424
f 5329 5330 5331
f 282 5240 5329
f 5240 262 5234
f 5329 5234 1192
f 5240 5234 5329
f 135 5153 5332
f 5153 823 5246
f 5332 5246 1416
f 5153 5246 5332
f 1192 5327 5333
f 5327 135 5332
f 5333 5332 1416
f 5327 5332 5333
f 1416 5334 5336
f 5334 341 5335
f 5336 5335 1450
f 5334 5335 5336
f 418 5337 5338
f 5337 925 5252
f 5338 5252 1140
f 5337 5252 5338
f 771 5339 5263
f 5339 583 5340
f 5263 5340 986
f 5339 5340 5263
f 766 5341 5169
f 5341 928 5342
f 5169 5342 1287
f 5341 5342 5169
f 1084 5343 5345
f 5343 331 5344
f 5345 5344 1284
f 5343 5344 5345
f 48 5346 5347
f 5346 307 5272
f 5347 5272 1435
f 5346 5272 5347
f 576 5348 5266
f 5348 48 5347
f 5266 5347 1435
f 5348 5347 5266
f 75 5349 5350
f 5349 766 5170
f 5350 5170 1409
f 5349 5170 5350
f 307 5351 5271
f 5351 1236 5352
f 5271 5352 1371
f 5351 5352 5271
f 1371 5353 4995
f 5353 267 5354
f 4995 5354 1418
f 5353 5354 4995
f 444 5355 5356
f 5355 190 5173
f 5356 5173 455
f 5355 5173 5356
f 335 5357 5358
f 5357 455 5284
f 5358 5284 1489
f 5357 5284 5358
f 516 5278 5285
f 5278 122 5359
f 5285 5359 1259
f 5278 5359 5285
f 1229 5360 5362
f 5360 435 5361
f 5362 5361 1384
f 5360 5361 5362
f 122 5363 5364
f 5363 1229 5362
f 5364 5362 1384
f 5363 5362 5364
f 1259 5359 5305
f 5359 122 5364
f 5305 5364 1384
f 5359 5364 5305
f 1123 5365 5367
f 5365 835 5366
f 5367 5366 1489
f 5365 5366 5367
f 1361 5201 5308
f 5201 1123 5367
f 5308 5367 1489
f 5201 5367 5308
f 811 5368 5207
f 5368 835 5365
f 5207 5365 1123
f 5368 5365 5207
f 435 5369 5361
f 5369 1315 5370
f 5361 5370 1384
f 5369 5370 5361
f 1315 5371 5370
f 5371 1130 5203
f 5370 5203 1384
f 5371 5203 5370
f 1130 5372 5315
f 5372 793 5373
f 5315 5373 1264
f 5372 5373 5315
f 317 5141 5320
f 5141 1264 5374
f 5320 5374 1355
f 5141 5374 5320
f 1355 5375 5230
f 5375 231 5376
f 5230 5376 1478
f 5375 5376 5230
f 309 5377 5142
f 5377 904 5378
f 5142 5378 1397
f 5377 5378 5142
f 851 5379 5052
f 5379 200 5325
f 5052 5325 916
f 5379 5325 5052
f 374 5380 5381
f 5380 200 5379
f 5381 5379 851
f 5380 5379 5381
f 354 5382 5233
f 5382 374 5381
f 5233 5381 851
f 5382 5381 5233
f 1192 5333 5330
f 5333 1416 5383
f 5330 5383 1424
f 5333 5383 5330
f 1209 5242 5384
f 5242 282 5331
f 5384 5331 1424
f 5242 5331 5384
f 767 5385 5386
f 5385 1016 5237
f 5386 5237 1176
f 5385 5237 5386
f 925 5387 5249
f 5387 767 5386
f 5249 5386 1176
f 5387 5386 5249
f 767 5388 5385
f 5388 909 5389
f 5385 5389 1016
f 5388 5389 5385
f 909 5243 5389
f 5243 551 5328
f 5389 5328 1016
f 5243 5328 5389
f 909 5388 5391
f 5388 767 5390
f 5391 5390 1357
f 5388 5390 5391
f 500 5392 5393
f 5392 1209 5384
f 5393 5384 1424
f 5392 5384 5393
f 909 5391 5253
f 5391 1357 5394
f 5253 5394 1364
f 5391 5394 5253
f 925 5337 5396
f 5337 418 5395
f 5396 5395 1357
f 5337 5395 5396
f 341 5397 5335
f 5397 1212 5398
f 5335 5398 1450
f 5397 5398 5335
f 1212 5399 5398
f 5399 326 5400
f 5398 5400 1450
f 5399 5400 5398
f 186 5401 5403
f 5401 83 5402
f 5403 5402 1364
f 5401 5402 5403
f 500 5404 5406
f 5404 326 5405
f 5406 5405 1447
f 5404 5405 5406
f 782 5407 5409
f 5407 637 5408
f 5409 5408 1447
f 5407 5408 5409
f 186 5410 5412
f 5410 158 5411
f 5412 5411 1235
f 5410 5411 5412
f 583 5339 5414
f 5339 771 5413
f 5414 5413 782
f 5339 5413 5414
f 338 5415 5417
f 5415 438 5416
f 5417 5416 583
f 5415 5416 5417
f 338 5417 5419
f 5417 583 5418
f 5419 5418 1447
f 5417 5418 5419
f 901 5420 5421
f 5420 576 5265
f 5421 5265 1235
f 5420 5265 5421
f 257 5422 5424
f 5422 901 5423
f 5424 5423 1034
f 5422 5423 5424
f 451 5425 5427
f 5425 783 5426
f 5427 5426 928
f 5425 5426 5427
f 451 5428 5425
f 5428 120 5429
f 5425 5429 783
f 5428 5429 5425
f 901 5422 5431
f 5422 257 5430
f 5431 5430 911
f 5422 5430 5431
f 48 5432 5433
f 5432 901 5431
f 5433 5431 911
f 5432 5431 5433
f 764 5434 5435
f 5434 1084 5345
f 5435 5345 1284
f 5434 5345 5435
f 766 5436 5341
f 5436 451 5427
f 5341 5427 928
f 5436 5427 5341
f 471 5168 5437
f 5168 306 5270
f 5437 5270 1304
f 5168 5270 5437
f 331 5438 5344
f 5438 775 5439
f 5344 5439 1284
f 5438 5439 5344
f 331 5165 5438
f 5165 471 5440
f 5438 5440 775
f 5165 5440 5438
f 48 5433 5442
f 5433 911 5441
f 5442 5441 1236
f 5433 5441 5442
f 307 5346 5351
f 5346 48 5442
f 5351 5442 1236
f 5346 5442 5351
f 1257 5078 5444
f 5078 154 5443
f 5444 5443 1448
f 5078 5443 5444
f 149 5445 5446
f 5445 477 5080
f 5446 5080 1418
f 5445 5080 5446
f 477 5447 5081
f 5447 291 5448
f 5081 5448 1187
f 5447 5448 5081
f 957 5449 5004
f 5449 828 5172
f 5004 5172 1457
f 5449 5172 5004
f 335 5450 5357
f 5450 444 5356
f 5357 5356 455
f 5450 5356 5357
f 835 5451 5366
f 5451 335 5358
f 5366 5358 1489
f 5451 5358 5366
f 835 5368 5453
f 5368 811 5452
f 5453 5452 844
f 5368 5452 5453
f 304 5454 5312
f 5454 486 5455
f 5312 5455 811
f 5454 5455 5312
f 793 5372 5456
f 5372 1130 5371
f 5456 5371 1315
f 5372 5371 5456
f 921 5319 5457
f 5319 432 5228
f 5457 5228 1397
f 5319 5228 5457
f 231 5458 5376
f 5458 1248 5459
f 5376 5459 1478
f 5458 5459 5376
f 309 5324 5377
f 5324 200 5460
f 5377 5460 904
f 5324 5460 5377
f 1248 5461 5459
f 5461 406 5323
f 5459 5323 1478
f 5461 5323 5459
f 767 5387 5390
f 5387 925 5396
f 5390 5396 1357
f 5387 5396 5390
f 338 5462 5463
f 5462 326 5399
f 5463 5399 1212
f 5462 5399 5463
f 901 5464 5466
f 5464 158 5465
f 5466 5465 1261
f 5464 5465 5466
f 120 5467 5429
f 5467 316 5468
f 5429 5468 783
f 5467 5468 5429
f 986 5469 5269
f 5469 316 5470
f 5269 5470 1304
f 5469 5470 5269
f 257 5471 5472
f 5471 764 5435
f 5472 5435 1284
f 5471 5435 5472
f 911 5430 5473
f 5430 257 5472
f 5473 5472 1284
f 5430 5472 5473
f 120 5428 5475
f 5428 451 5474
f 5475 5474 1453
f 5428 5474 5475
f 316 5467 5476
f 5467 120 5475
f 5476 5475 1453
f 5467 5475 5476
f 1304 5470 5477
f 5470 316 5476
f 5477 5476 1453
f 5470 5476 5477
f 399 5478 5479
f 5478 911 5473
f 5479 5473 1284
f 5478 5473 5479
f 399 5480 5478
f 5480 579 5481
f 5478 5481 911
f 5480 5481 5478
f 911 5481 5441
f 5481 579 5482
f 5441 5482 1236
f 5481 5482 5441
f 741 5483 5484
f 5483 451 5436
f 5484 5436 766
f 5483 5436 5484
f 75 5485 5349
f 5485 741 5484
f 5349 5484 766
f 5485 5484 5349
f 76 5486 5487
f 5486 1257 5444
f 5487 5444 1448
f 5486 5444 5487
f 154 5171 5443
f 5171 828 5488
f 5443 5488 1448
f 5171 5488 5443
f 291 5447 5490
f 5447 477 5489
f 5490 5489 535
f 5447 5489 5490
f 957 5276 5492
f 5276 190 5491
f 5492 5491 1228
f 5276 5491 5492
f 580 5493 5494
f 5493 122 5279
f 5494 5279 1241
f 5493 5279 5494
f 122 5493 5363
f 5493 580 5495
f 5363 5495 1229
f 5493 5495 5363
f 102 5496 5497
f 5496 335 5451
f 5497 5451 835
f 5496 5451 5497
f 779 5498 5499
f 5498 102 5497
f 5499 5497 835
f 5498 5497 5499
f 435 5500 5369
f 5500 425 5501
f 5369 5501 1315
f 5500 5501 5369
f 286 5502 5503
f 5502 835 5453
f 5503 5453 844
f 5502 5453 5503
f 286 5504 5502
f 5504 779 5499
f 5502 5499 835
f 5504 5499 5502
f 425 5505 5501
f 5505 737 5506
f 5501 5506 1315
f 5505 5506 5501
f 811 5455 5452
f 5455 486 5507
f 5452 5507 844
f 5455 5507 5452
f 1270 5508 5509
f 5508 921 5457
f 5509 5457 1397
f 5508 5457 5509
f 200 5380 5511
f 5380 374 5510
f 5511 5510 875
f 5380 5510 5511
f 374 5382 5513
f 5382 354 5512
f 5513 5512 544
f 5382 5512 5513
f 544 5512 5515
f 5512 354 5514
f 5515 5514 1248
f 5512 5514 5515
f 354 5326 5514
f 5326 406 5461
f 5514 5461 1248
f 5326 5461 5514
f 451 5483 5474
f 5483 741 5516
f 5474 5516 1453
f 5483 5516 5474
f 1257 5517 5077
f 5517 818 5518
f 5077 5518 1409
f 5517 5518 5077
f 477 5445 5489
f 5445 149 5519
f 5489 5519 535
f 5445 5519 5489
f 828 5520 5488
f 5520 160 5521
f 5488 5521 1448
f 5520 5521 5488
f 1101 5522 5524
f 5522 291 5523
f 5524 5523 1485
f 5522 5523 5524
f 828 5449 5525
f 5449 957 5492
f 5525 5492 1228
f 5449 5492 5525
f 194 5526 5527
f 5526 828 5525
f 5527 5525 1228
f 5526 5525 5527
f 291 5522 5448
f 5522 1101 5274
f 5448 5274 1187
f 5522 5274 5448
f 190 5355 5491
f 5355 444 5528
f 5491 5528 1228
f 5355 5528 5491
f 1101 5529 5275
f 5529 580 5494
f 5275 5494 1241
f 5529 5494 5275
f 102 5530 5532
f 5530 415 5531
f 5532 5531 444
f 5530 5531 5532
f 580 5533 5495
f 5533 1221 5534
f 5495 5534 1229
f 5533 5534 5495
f 335 5496 5450
f 5496 102 5532
f 5450 5532 444
f 5496 5532 5450
f 102 5498 5536
f 5498 779 5535
f 5536 5535 1062
f 5498 5535 5536
f 1062 5535 5538
f 5535 779 5537
f 5538 5537 1151
f 5535 5537 5538
f 1151 5539 5541
f 5539 425 5540
f 5541 5540 1229
f 5539 5540 5541
f 1062 5538 5542
f 5538 1151 5541
f 5542 5541 1229
f 5538 5541 5542
f 425 5500 5540
f 5500 435 5360
f 5540 5360 1229
f 5500 5360 5540
f 286 5543 5545
f 5543 255 5544
f 5545 5544 1151
f 5543 5544 5545
f 779 5504 5537
f 5504 286 5545
f 5537 5545 1151
f 5504 5545 5537
f 255 5546 5544
f 5546 737 5547
f 5544 5547 1151
f 5546 5547 5544
f 737 5505 5547
f 5505 425 5539
f 5547 5539 1151
f 5505 5539 5547
f 286 5503 5549
f 5503 844 5548
f 5549 5548 976
f 5503 5548 5549
f 255 5543 5550
f 5543 286 5549
f 5550 5549 976
f 5543 5549 5550
f 737 5546 5552
f 5546 255 5551
f 5552 5551 813
f 5546 5551 5552
f 737 5553 5506
f 5553 226 5554
f 5506 5554 1315
f 5553 5554 5506
f 844 5507 5548
f 5507 486 5555
f 5548 5555 976
f 5507 5555 5548
f 226 5556 5554
f 5556 793 5456
f 5554 5456 1315
f 5556 5456 5554
f 486 5454 5558
f 5454 304 5557
f 5558 5557 574
f 5454 5557 5558
f 793 5559 5373
f 5559 44 5560
f 5373 5560 1264
f 5559 5560 5373
f 574 5557 5561
f 5557 304 5318
f 5561 5318 921
f 5557 5318 5561
f 904 5562 5378
f 5562 1270 5509
f 5378 5509 1397
f 5562 5509 5378
f 904 5460 5564
f 5460 200 5563
f 5564 5563 1394
f 5460 5563 5564
f 200 5511 5563
f 5511 875 5565
f 5563 5565 1394
f 5511 5565 5563
f 374 5513 5510
f 5513 544 5566
f 5510 5566 875
f 5513 5566 5510
f 775 5567 5439
f 5567 399 5479
f 5439 5479 1284
f 5567 5479 5439
f 1048 5568 5569
f 5568 75 5350
f 5569 5350 1409
f 5568 5350 5569
f 267 5570 5354
f 5570 149 5446
f 5354 5446 1418
f 5570 5446 5354
f 1005 5571 5572
f 5571 194 5527
f 5572 5527 1228
f 5571 5527 5572
f 444 5573 5528
f 5573 903 5574
f 5528 5574 1228
f 5573 5574 5528
f 580 5529 5576
f 5529 1101 5575
f 5576 5575 1482
f 5529 5575 5576
f 444 5531 5573
f 5531 415 5577
f 5573 5577 903
f 5531 5577 5573
f 415 5578 5580
f 5578 1062 5579
f 5580 5579 1221
f 5578 5579 5580
f 415 5530 5578
f 5530 102 5536
f 5578 5536 1062
f 5530 5536 5578
f 1221 5579 5534
f 5579 1062 5542
f 5534 5542 1229
f 5579 5542 5534
f 813 5551 5581
f 5551 255 5550
f 5581 5550 976
f 5551 5550 5581
f 226 5553 5582
f 5553 737 5552
f 5582 5552 813
f 5553 5552 5582
f 976 5555 5584
f 5555 486 5583
f 5584 5583 1476
f 5555 5583 5584
f 486 5558 5583
f 5558 574 5585
f 5583 5585 1476
f 5558 5585 5583
f 574 5561 5586
f 5561 921 5508
f 5586 5508 1270
f 5561 5508 5586
f 44 5587 5560
f 5587 946 5588
f 5560 5588 1264
f 5587 5588 5560
f 1264 5588 5374
f 5588 946 5589
f 5374 5589 1355
f 5588 5589 5374
f 231 5590 5592
f 5590 946 5591
f 5592 5591 1392
f 5590 5591 5592
f 946 5590 5589
f 5590 231 5375
f 5589 5375 1355
f 5590 5375 5589
f 1270 5562 5593
f 5562 904 5564
f 5593 5564 1394
f 5562 5564 5593
f 1248 5458 5594
f 5458 231 5592
f 5594 5592 1392
f 5458 5592 5594
f 544 5515 5595
f 5515 1248 5594
f 5595 5594 1392
f 5515 5594 5595
f 775 5440 5597
f 5440 471 5596
f 5597 5596 817
f 5440 5596 5597
f 818 5598 5518
f 5598 1048 5569
f 5518 5569 1409
f 5598 5569 5518
f 76 5599 5486
f 5599 818 5517
f 5486 5517 1257
f 5599 5517 5486
f 291 5600 5523
f 5600 1020 5601
f 5523 5601 1485
f 5600 5601 5523
f 291 5490 5600
f 5490 535 5602
f 5600 5602 1020
f 5490 5602 5600
f 1221 5533 5603
f 5533 580 5576
f 5603 5576 1482
f 5533 5576 5603
f 746 5604 5605
f 5604 44 5559
f 5605 5559 793
f 5604 5559 5605
f 44 5604 5587
f 5604 746 5606
f 5587 5606 946
f 5604 5606 5587
f 574 5586 5585
f 5586 1270 5607
f 5585 5607 1476
f 5586 5607 5585
f 544 5608 5566
f 5608 202 5609
f 5566 5609 875
f 5608 5609 5566
f 202 5608 5610
f 5608 544 5595
f 5610 5595 1392
f 5608 5595 5610
f 1247 5611 5612
f 5611 1304 5477
f 5612 5477 1453
f 5611 5477 5612
f 817 5596 5613
f 5596 471 5437
f 5613 5437 1304
f 5596 5437 5613
f 1247 5614 5611
f 5614 817 5613
f 5611 5613 1304
f 5614 5613 5611
f 715 5615 5616
f 5615 399 5567
f 5616 5567 775
f 5615 5567 5616
f 280 5617 5618
f 5617 399 5615
f 5618 5615 715
f 5617 5615 5618
f 715 5616 5619
f 5616 775 5597
f 5619 5597 817
f 5616 5597 5619
f 741 5485 5620
f 5485 75 5568
f 5620 5568 1048
f 5485 5568 5620
f 169 5621 5622
f 5621 741 5620
f 5622 5620 1048
f 5621 5620 5622
f 180 5623 5625
f 5623 856 5624
f 5625 5624 1236
f 5623 5624 5625
f 856 5626 5627
f 5626 267 5353
f 5627 5353 1371
f 5626 5353 5627
f 1236 5624 5352
f 5624 856 5627
f 5352 5627 1371
f 5624 5627 5352
f 149 5570 5629
f 5570 267 5628
f 5629 5628 849
f 5570 5628 5629
f 194 5630 5526
f 5630 160 5520
f 5526 5520 828
f 5630 5520 5526
f 160 5630 5632
f 5630 194 5631
f 5632 5631 1197
f 5630 5631 5632
f 1020 5633 5601
f 5633 188 5634
f 5601 5634 1485
f 5633 5634 5601
f 1482 5575 5635
f 5575 1101 5524
f 5635 5524 1485
f 5575 5524 5635
f 903 5636 5574
f 5636 1005 5572
f 5574 5572 1228
f 5636 5572 5574
f 415 5637 5577
f 5637 400 5638
f 5577 5638 903
f 5637 5638 5577
f 400 5637 5639
f 5637 415 5580
f 5639 5580 1221
f 5637 5580 5639
f 400 5639 5640
f 5639 1221 5603
f 5640 5603 1482
f 5639 5603 5640
f 746 5641 5642
f 5641 226 5582
f 5642 5582 813
f 5641 5582 5642
f 915 5643 5644
f 5643 976 5584
f 5644 5584 1476
f 5643 5584 5644
f 226 5641 5556
f 5641 746 5605
f 5556 5605 793
f 5641 5605 5556
f 1270 5593 5607
f 5593 1394 5645
f 5607 5645 1476
f 5593 5645 5607
f 1394 5646 5645
f 5646 842 5647
f 5645 5647 1476
f 5646 5647 5645
f 946 5648 5591
f 5648 213 5649
f 5591 5649 1392
f 5648 5649 5591
f 875 5650 5565
f 5650 842 5646
f 5565 5646 1394
f 5650 5646 5565
f 202 5651 5609
f 5651 842 5650
f 5609 5650 875
f 5651 5650 5609
f 213 5652 5649
f 5652 202 5610
f 5649 5610 1392
f 5652 5610 5649
f 296 5653 5654
f 5653 1247 5612
f 5654 5612 1453
f 5653 5612 5654
f 399 5617 5480
f 5617 280 5655
f 5480 5655 579
f 5617 5655 5480
f 741 5621 5516
f 5621 169 5656
f 5516 5656 1453
f 5621 5656 5516
f 169 5657 5656
f 5657 296 5654
f 5656 5654 1453
f 5657 5654 5656
f 715 5619 5659
f 5619 817 5658
f 5659 5658 1068
f 5619 5658 5659
f 579 5660 5482
f 5660 180 5625
f 5482 5625 1236
f 5660 5625 5482
f 849 5628 5661
f 5628 267 5626
f 5661 5626 856
f 5628 5626 5661
f 818 5599 5662
f 5599 76 5487
f 5662 5487 1448
f 5599 5487 5662
f 535 5519 5663
f 5519 149 5629
f 5663 5629 849
f 5519 5629 5663
f 194 5571 5631
f 5571 1005 5664
f 5631 5664 1197
f 5571 5664 5631
f 567 5665 5666
f 5665 1482 5635
f 5666 5635 1485
f 5665 5635 5666
f 95 5667 5669
f 5667 813 5668
f 5669 5668 915
f 5667 5668 5669
f 915 5668 5643
f 5668 813 5581
f 5643 5581 976
f 5668 5581 5643
f 95 5670 5667
f 5670 746 5642
f 5667 5642 813
f 5670 5642 5667
f 469 5671 5673
f 5671 213 5672
f 5673 5672 746
f 5671 5672 5673
f 746 5672 5606
f 5672 213 5648
f 5606 5648 946
f 5672 5648 5606
f 842 5674 5647
f 5674 915 5644
f 5647 5644 1476
f 5674 5644 5647
f 202 5675 5651
f 5675 469 5676
f 5651 5676 842
f 5675 5676 5651
f 202 5652 5675
f 5652 213 5671
f 5675 5671 469
f 5652 5671 5675
f 340 5677 5678
f 5677 817 5614
f 5678 5614 1247
f 5677 5614 5678
f 817 5677 5658
f 5677 340 5679
f 5658 5679 1068
f 5677 5679 5658
f 395 5680 5681
f 5680 818 5662
f 5681 5662 1448
f 5680 5662 5681
f 535 5663 5602
f 5663 849 5682
f 5602 5682 1020
f 5663 5682 5602
f 160 5632 5521
f 5632 1197 5683
f 5521 5683 1448
f 5632 5683 5521
f 1197 5664 5685
f 5664 1005 5684
f 5685 5684 1386
f 5664 5684 5685
f 1005 5636 5687
f 5636 903 5686
f 5687 5686 1412
f 5636 5686 5687
f 903 5638 5686
f 5638 400 5688
f 5686 5688 1412
f 5638 5688 5686
f 469 5689 5690
f 5689 95 5669
f 5690 5669 915
f 5689 5669 5690
f 95 5689 5670
f 5689 469 5673
f 5670 5673 746
f 5689 5673 5670
f 842 5676 5674
f 5676 469 5690
f 5674 5690 915
f 5676 5690 5674
f 974 5691 5692
f 5691 169 5622
f 5692 5622 1048
f 5691 5622 5692
f 79 5693 5695
f 5693 849 5694
f 5695 5694 1127
f 5693 5694 5695
f 849 5661 5694
f 5661 856 5696
f 5694 5696 1127
f 5661 5696 5694
f 188 5697 5634
f 5697 963 5698
f 5634 5698 1485
f 5697 5698 5634
f 963 5699 5698
f 5699 567 5666
f 5698 5666 1485
f 5699 5666 5698
f 296 5700 5653
f 5700 488 5701
f 5653 5701 1247
f 5700 5701 5653
f 926 5702 5703
f 5702 715 5659
f 5703 5659 1068
f 5702 5659 5703
f 224 5704 5705
f 5704 715 5702
f 5705 5702 926
f 5704 5702 5705
f 224 5706 5704
f 5706 280 5618
f 5704 5618 715
f 5706 5618 5704
f 280 5707 5655
f 5707 180 5660
f 5655 5660 579
f 5707 5660 5655
f 180 5707 5709
f 5707 280 5708
f 5709 5708 436
f 5707 5708 5709
f 180 5709 5711
f 5709 436 5710
f 5711 5710 1127
f 5709 5710 5711
f 856 5623 5696
f 5623 180 5711
f 5696 5711 1127
f 5623 5711 5696
f 974 5692 5713
f 5692 1048 5712
f 5713 5712 1086
f 5692 5712 5713
f 1048 5598 5712
f 5598 818 5714
f 5712 5714 1086
f 5598 5714 5712
f 818 5680 5714
f 5680 395 5715
f 5714 5715 1086
f 5680 5715 5714
f 79 5716 5718
f 5716 693 5717
f 5718 5717 1020
f 5716 5717 5718
f 849 5693 5682
f 5693 79 5718
f 5682 5718 1020
f 5693 5718 5682
f 1197 5719 5683
f 5719 395 5681
f 5683 5681 1448
f 5719 5681 5683
f 952 5720 5721
f 5720 567 5699
f 5721 5699 963
f 5720 5699 5721
f 400 5722 5688
f 5722 56 5723
f 5688 5723 1412
f 5722 5723 5688
f 56 5722 5724
f 5722 400 5640
f 5724 5640 1482
f 5722 5640 5724
f 567 5725 5665
f 5725 56 5724
f 5665 5724 1482
f 5725 5724 5665
f 280 5706 5708
f 5706 224 5726
f 5708 5726 436
f 5706 5726 5708
f 296 5657 5727
f 5657 169 5691
f 5727 5691 974
f 5657 5691 5727
f 488 5700 5728
f 5700 296 5727
f 5728 5727 974
f 5700 5727 5728
f 340 5678 5730
f 5678 1247 5729
f 5730 5729 1349
f 5678 5729 5730
f 104 5731 5732
f 5731 340 5730
f 5732 5730 1349
f 5731 5730 5732
f 340 5731 5679
f 5731 104 5733
f 5679 5733 1068
f 5731 5733 5679
f 917 5734 5735
f 5734 926 5703
f 5735 5703 1068
f 5734 5703 5735
f 104 5736 5733
f 5736 917 5735
f 5733 5735 1068
f 5736 5735 5733
f 693 5716 5737
f 5716 79 5695
f 5737 5695 1127
f 5716 5695 5737
f 606 5738 5739
f 5738 395 5719
f 5739 5719 1197
f 5738 5719 5739
f 606 5739 5740
f 5739 1197 5685
f 5740 5685 1386
f 5739 5685 5740
f 693 5741 5717
f 5741 963 5742
f 5717 5742 1020
f 5741 5742 5717
f 963 5697 5742
f 5697 188 5633
f 5742 5633 1020
f 5697 5633 5742
f 56 5743 5745
f 5743 315 5744
f 5745 5744 760
f 5743 5744 5745
f 1386 5684 5746
f 5684 1005 5687
f 5746 5687 1412
f 5684 5687 5746
f 722 5747 5748
f 5747 1386 5746
f 5748 5746 1412
f 5747 5746 5748
f 56 5745 5723
f 5745 760 5749
f 5723 5749 1412
f 5745 5749 5723
f 315 5743 5751
f 5743 56 5750
f 5751 5750 952
f 5743 5750 5751
f 56 5725 5750
f 5725 567 5720
f 5750 5720 952
f 5725 5720 5750
f 1247 5701 5729
f 5701 488 5752
f 5729 5752 1349
f 5701 5752 5729
f 436 5726 5754
f 5726 224 5753
f 5754 5753 1074
f 5726 5753 5754
f 917 5755 5734
f 5755 853 5756
f 5734 5756 926
f 5755 5756 5734
f 853 5757 5756
f 5757 127 5758
f 5756 5758 926
f 5757 5758 5756
f 436 5754 5710
f 5754 1074 5759
f 5710 5759 1127
f 5754 5759 5710
f 232 5760 5761
f 5760 104 5732
f 5761 5732 1349
f 5760 5732 5761
f 104 5760 5736
f 5760 232 5762
f 5736 5762 917
f 5760 5762 5736
f 1074 5763 5759
f 5763 693 5737
f 5759 5737 1127
f 5763 5737 5759
f 395 5738 5715
f 5738 606 5764
f 5715 5764 1086
f 5738 5764 5715
f 232 5765 5762
f 5765 760 5766
f 5762 5766 917
f 5765 5766 5762
f 693 5767 5741
f 5767 952 5721
f 5741 5721 963
f 5767 5721 5741
f 722 5768 5747
f 5768 606 5740
f 5747 5740 1386
f 5768 5740 5747
f 760 5744 5770
f 5744 315 5769
f 5770 5769 853
f 5744 5769 5770
f 488 5771 5752
f 5771 148 5772
f 5752 5772 1349
f 5771 5772 5752
f 224 5773 5753
f 5773 127 5774
f 5753 5774 1074
f 5773 5774 5753
f 127 5773 5758
f 5773 224 5705
f 5758 5705 926
f 5773 5705 5758
f 148 5771 5775
f 5771 488 5728
f 5775 5728 974
f 5771 5728 5775
f 148 5775 5776
f 5775 974 5713
f 5776 5713 1086
f 5775 5713 5776
f 148 5776 5778
f 5776 1086 5777
f 5778 5777 1155
f 5776 5777 5778
f 148 5778 5772
f 5778 1155 5779
f 5772 5779 1349
f 5778 5779 5772
f 1086 5764 5777
f 5764 606 5780
f 5777 5780 1155
f 5764 5780 5777
f 127 5781 5774
f 5781 72 5782
f 5774 5782 1074
f 5781 5782 5774
f 1155 5783 5779
f 5783 232 5761
f 5779 5761 1349
f 5783 5761 5779
f 72 5781 5784
f 5781 127 5757
f 5784 5757 853
f 5781 5757 5784
f 606 5768 5780
f 5768 722 5785
f 5780 5785 1155
f 5768 5785 5780
f 760 5770 5766
f 5770 853 5755
f 5766 5755 917
f 5770 5755 5766
f 72 5786 5782
f 5786 693 5763
f 5782 5763 1074
f 5786 5763 5782
f 760 5765 5787
f 5765 232 5783
f 5787 5783 1155
f 5765 5783 5787
f 315 5788 5769
f 5788 72 5784
f 5769 5784 853
f 5788 5784 5769
f 722 5789 5785
f 5789 760 5787
f 5785 5787 1155
f 5789 5787 5785
f 72 5788 5790
f 5788 315 5751
f 5790 5751 952
f 5788 5751 5790
f 693 5786 5767
f 5786 72 5790
f 5767 5790 952
f 5786 5790 5767
f 760 5789 5749
f 5789 722 5748
f 5749 5748 1412
f 5789 5748 5749
f 1046 3058 5791
f 3058 196 2539
f 5791 2539 1299
f 3058 2539 5791
f 540 2660 3335
f 2660 196 3060
f 3335 3060 1153
f 2660 3060 3335
f 665 3213 5792
f 3213 552 3062
f 5792 3062 1182
f 3213 3062 5792
f 668 5793 2802
f 5793 1046 5791
f 2802 5791 1299
f 5793 5791 2802
f 540 3334 2661
f 3334 797 5794
f 2661 5794 1399
f 3334 5794 2661
f 668 3214 5796
f 3214 665 5795
f 5796 5795 1227
f 3214 5795 5796
f 462 5797 3541
f 5797 668 5796
f 3541 5796 1227
f 5797 5796 3541
f 235 5798 5799
f 5798 1077 2804
f 5799 2804 1399
f 5798 2804 5799
f 596 5800 5801
f 5800 483 3419
f 5801 3419 1104
f 5800 3419 5801
f 639 5802 3521
f 5802 740 5803
f 3521 5803 908
f 5802 5803 3521
f 696 5804 5806
f 5804 259 5805
f 5806 5805 748
f 5804 5805 5806
f 696 5807 3523
f 5807 398 5808
f 3523 5808 1135
f 5807 5808 3523
f 398 5807 5809
f 5807 696 5806
f 5809 5806 748
f 5807 5806 5809
f 908 5803 3529
f 5803 740 5810
f 3529 5810 1451
f 5803 5810 3529
f 797 3545 5794
f 3545 235 5799
f 5794 5799 1399
f 3545 5799 5794
f 668 5797 5793
f 5797 462 3554
f 5793 3554 1046
f 5797 3554 5793
f 665 5811 5795
f 5811 996 3549
f 5795 3549 1227
f 5811 3549 5795
f 996 5811 5812
f 5811 665 5792
f 5812 5792 1182
f 5811 5792 5812
f 366 5813 3553
f 5813 682 5814
f 3553 5814 1046
f 5813 5814 3553
f 703 3216 5815
f 3216 555 2918
f 5815 2918 1077
f 3216 2918 5815
f 938 3505 3417
f 3505 350 3651
f 3417 3651 1402
f 3505 3651 3417
f 843 3646 3515
f 3646 1128 3054
f 3515 3054 1434
f 3646 3054 3515
f 483 5800 5816
f 5800 596 3654
f 5816 3654 1444
f 5800 3654 5816
f 598 3509 5817
f 3509 483 5816
f 5817 5816 1444
f 3509 5816 5817
f 88 3512 5818
f 3512 621 3511
f 5818 3511 933
f 3512 3511 5818
f 1402 5819 3414
f 5819 134 3516
f 3414 3516 1434
f 5819 3516 3414
f 88 5820 3513
f 5820 596 5801
f 3513 5801 1104
f 5820 5801 3513
f 258 5821 5822
f 5821 259 5804
f 5822 5804 696
f 5821 5804 5822
f 259 5823 5805
f 5823 727 3525
f 5805 3525 748
f 5823 3525 5805
f 259 5821 5823
f 5821 258 5824
f 5823 5824 727
f 5821 5824 5823
f 639 3520 5826
f 3520 734 5825
f 5826 5825 1216
f 3520 5825 5826
f 289 5827 5828
f 5827 639 5826
f 5828 5826 1216
f 5827 5826 5828
f 639 5827 5802
f 5827 289 3662
f 5802 3662 740
f 5827 3662 5802
f 611 5829 3528
f 5829 364 3656
f 3528 3656 908
f 5829 3656 3528
f 1135 5808 5830
f 5808 398 3533
f 5830 3533 1282
f 5808 3533 5830
f 635 3531 3535
f 3531 398 5809
f 3535 5809 748
f 3531 5809 3535
f 740 3664 5810
f 3664 1352 5831
f 5810 5831 1451
f 3664 5831 5810
f 815 3774 3543
f 3774 703 5815
f 3543 5815 1077
f 3774 5815 3543
f 235 5832 5798
f 5832 566 3544
f 5798 3544 1077
f 5832 3544 5798
f 566 5832 5833
f 5832 235 3547
f 5833 3547 984
f 5832 3547 5833
f 868 5834 3676
f 5834 797 3336
f 3676 3336 1153
f 5834 3336 3676
f 933 3510 5835
f 3510 491 3329
f 5835 3329 1256
f 3510 3329 5835
f 970 5836 3650
f 5836 375 5837
f 3650 5837 1402
f 5836 5837 3650
f 734 5838 5825
f 5838 88 5839
f 5825 5839 1216
f 5838 5839 5825
f 134 5840 5842
f 5840 375 5841
f 5842 5841 727
f 5840 5841 5842
f 375 5840 5837
f 5840 134 5819
f 5837 5819 1402
f 5840 5819 5837
f 596 5820 5843
f 5820 88 5838
f 5843 5838 734
f 5820 5838 5843
f 134 5844 3514
f 5844 258 5845
f 3514 5845 843
f 5844 5845 3514
f 258 5844 5824
f 5844 134 5842
f 5824 5842 727
f 5844 5842 5824
f 88 5818 5839
f 5818 933 5846
f 5839 5846 1216
f 5818 5846 5839
f 258 5822 5845
f 5822 696 3522
f 5845 3522 843
f 5822 3522 5845
f 727 5841 3657
f 5841 375 5836
f 3657 5836 970
f 5841 5836 3657
f 498 3652 3517
f 3652 596 5843
f 3517 5843 734
f 3652 5843 3517
f 289 5828 3663
f 5828 1216 5847
f 3663 5847 1352
f 5828 5847 3663
f 662 5848 3763
f 5848 1135 5830
f 3763 5830 1282
f 5848 5830 3763
f 63 3536 3758
f 3536 748 3527
f 3758 3527 833
f 3536 3527 3758
f 396 5849 5850
f 5849 611 3530
f 5850 3530 1451
f 5849 3530 5850
f 566 5851 3670
f 5851 396 5850
f 3670 5850 1451
f 5851 5850 3670
f 396 5851 3768
f 5851 566 5833
f 3768 5833 984
f 5851 5833 3768
f 797 5834 3546
f 5834 868 5852
f 3546 5852 984
f 5834 5852 3546
f 1186 3673 3666
f 3673 412 3764
f 3666 3764 1282
f 3673 3764 3666
f 996 5812 5853
f 5812 1182 3422
f 5853 3422 1372
f 5812 3422 5853
f 410 3849 4053
f 3849 1128 3648
f 4053 3648 1494
f 3849 3648 4053
f 506 3932 5854
f 3932 933 5835
f 5854 5835 1256
f 3932 5835 5854
f 506 5854 4128
f 5854 1256 3847
f 4128 3847 1491
f 5854 3847 4128
f 350 3753 3649
f 3753 808 5855
f 3649 5855 970
f 3753 5855 3649
f 364 5856 3755
f 5856 648 3935
f 3755 3935 685
f 5856 3935 3755
f 843 3660 3647
f 3660 864 5857
f 3647 5857 1494
f 3660 5857 3647
f 808 5858 5859
f 5858 826 3759
f 5859 3759 833
f 5858 3759 5859
f 808 5859 5855
f 5859 833 3658
f 5855 3658 970
f 5859 3658 5855
f 808 5860 5858
f 5860 588 3761
f 5858 3761 826
f 5860 3761 5858
f 364 5829 5856
f 5829 611 5861
f 5856 5861 648
f 5829 5861 5856
f 611 5849 5861
f 5849 396 3765
f 5861 3765 648
f 5849 3765 5861
f 635 3534 3667
f 3534 63 3757
f 3667 3757 826
f 3534 3757 3667
f 1352 5862 5831
f 5862 815 3671
f 5831 3671 1451
f 5862 3671 5831
f 984 5852 3769
f 5852 868 5863
f 3769 5863 1312
f 5852 5863 3769
f 868 3675 5865
f 3675 682 5864
f 5865 5864 1460
f 3675 5864 5865
f 577 5866 5867
f 5866 412 3672
f 5867 3672 996
f 5866 3672 5867
f 577 5867 5868
f 5867 996 5853
f 5868 5853 1372
f 5867 5853 5868
f 682 5813 5869
f 5813 366 3773
f 5869 3773 1354
f 5813 3773 5869
f 1046 5814 3059
f 5814 682 3677
f 3059 3677 1153
f 5814 3677 3059
f 977 5870 3645
f 5870 808 3754
f 3645 3754 1108
f 5870 3754 3645
f 685 3850 3756
f 3850 598 5817
f 3756 5817 1444
f 3850 5817 3756
f 1216 5846 5847
f 5846 933 3942
f 5847 3942 1352
f 5846 3942 5847
f 662 3940 5848
f 3940 864 3661
f 5848 3661 1135
f 3940 3661 5848
f 412 5866 3762
f 5866 577 3938
f 3762 3938 662
f 5866 3938 3762
f 1073 3936 4056
f 3936 648 3767
f 4056 3767 1312
f 3936 3767 4056
f 1352 3941 5872
f 3941 1159 5871
f 5872 5871 1472
f 3941 5871 5872
f 815 5862 3775
f 5862 1352 5872
f 3775 5872 1472
f 5862 5872 3775
f 1011 3674 3945
f 3674 674 3771
f 3945 3771 1395
f 3674 3771 3945
f 682 5873 5864
f 5873 161 5874
f 5864 5874 1460
f 5873 5874 5864
f 564 3424 3948
f 3424 113 5875
f 3948 5875 1159
f 3424 5875 3948
f 1159 5875 5871
f 5875 113 3556
f 5871 3556 1472
f 5875 3556 5871
f 586 5876 4126
f 5876 416 5877
f 4126 5877 977
f 5876 5877 4126
f 416 5878 5877
f 5878 808 5870
f 5877 5870 977
f 5878 5870 5877
f 357 3930 5879
f 3930 685 3937
f 5879 3937 1073
f 3930 3937 5879
f 588 5860 5881
f 5860 808 5880
f 5881 5880 1421
f 5860 5880 5881
f 1312 5863 5882
f 5863 868 5865
f 5882 5865 1460
f 5863 5865 5882
f 407 4058 4130
f 4058 577 5868
f 4130 5868 1372
f 4058 5868 4130
f 978 5883 5884
f 5883 709 4131
f 5884 4131 1372
f 5883 4131 5884
f 757 3678 3421
f 3678 978 5884
f 3421 5884 1372
f 3678 5884 3421
f 694 3848 4188
f 3848 410 4052
f 4188 4052 1313
f 3848 4052 4188
f 864 4059 5857
f 4059 407 5885
f 5857 5885 1494
f 4059 5885 5857
f 808 5878 5880
f 5878 416 5886
f 5880 5886 1421
f 5878 5886 5880
f 845 3943 5887
f 3943 588 5881
f 5887 5881 1421
f 3943 5881 5887
f 1100 4057 5888
f 4057 1312 5882
f 5888 5882 1460
f 4057 5882 5888
f 489 5889 4050
f 5889 357 5890
f 4050 5890 559
f 5889 5890 4050
f 357 5889 3931
f 5889 489 3751
f 3931 3751 941
f 5889 3751 3931
f 407 5891 5885
f 5891 1313 4054
f 5885 4054 1494
f 5891 4054 5885
f 506 4127 5893
f 4127 642 5892
f 5893 5892 1150
f 4127 5892 5893
f 416 5876 5886
f 5876 586 4269
f 5886 4269 1421
f 5876 4269 5886
f 506 5893 3933
f 5893 1150 3949
f 3933 3949 1159
f 5893 3949 3933
f 559 5890 4397
f 5890 357 5894
f 4397 5894 873
f 5890 5894 4397
f 873 5894 4265
f 5894 357 5879
f 4265 5879 1073
f 5894 5879 4265
f 642 5895 5892
f 5895 1080 5896
f 5892 5896 1150
f 5895 5896 5892
f 989 4348 5897
f 4348 845 5887
f 5897 5887 1421
f 4348 5887 5897
f 407 4129 5891
f 4129 709 4347
f 5891 4347 1313
f 4129 4347 5891
f 582 5898 4190
f 5898 709 5883
f 4190 5883 978
f 5898 5883 4190
f 1080 5899 5896
f 5899 673 3950
f 5896 3950 1150
f 5899 3950 5896
f 758 5900 4268
f 5900 989 5897
f 4268 5897 1421
f 5900 5897 4268
f 705 4266 5901
f 4266 1073 4055
f 5901 4055 1100
f 4266 4055 5901
f 582 4402 5898
f 4402 93 4345
f 5898 4345 709
f 4402 4345 5898
f 161 5873 4272
f 5873 682 5869
f 4272 5869 1354
f 5873 5869 4272
f 1354 4271 4273
f 4271 346 4406
f 4273 4406 1420
f 4271 4406 4273
f 634 4463 5902
f 4463 705 5901
f 5902 5901 1100
f 4463 5901 5902
f 1420 5903 5904
f 5903 1100 5888
f 5904 5888 1460
f 5903 5888 5904
f 161 4274 5874
f 4274 1420 5904
f 5874 5904 1460
f 4274 5904 5874
f 806 4194 4407
f 4194 673 5899
f 4407 5899 1080
f 4194 5899 4407
f 93 4401 5905
f 4401 467 4620
f 5905 4620 1174
f 4401 4620 5905
f 630 4404 4548
f 4404 346 4349
f 4548 4349 989
f 4404 4349 4548
f 634 5902 5906
f 5902 1100 5903
f 5906 5903 1420
f 5902 5903 5906
f 388 5907 4343
f 5907 777 4263
f 4343 4263 1414
f 5907 4263 4343
f 388 4750 5907
f 4750 732 5908
f 5907 5908 777
f 4750 5908 5907
f 93 5905 4346
f 5905 1174 5909
f 4346 5909 1313
f 5905 5909 4346
f 873 4264 5910
f 4264 705 4465
f 5910 4465 1205
f 4264 4465 5910
f 642 4262 5895
f 4262 777 5911
f 5895 5911 1080
f 4262 5911 5895
f 230 4399 4461
f 4399 586 4344
f 4461 4344 1233
f 4399 4344 4461
f 1080 5912 4408
f 5912 1002 5913
f 4408 5913 1471
f 5912 5913 4408
f 777 5914 5911
f 5914 1002 5912
f 5911 5912 1080
f 5914 5912 5911
f 894 5915 4467
f 5915 634 5906
f 4467 5906 1420
f 5915 5906 4467
f 41 4469 4625
f 4469 582 4470
f 4625 4470 878
f 4469 4470 4625
f 1174 5916 5909
f 5916 850 4396
f 5909 4396 1313
f 5916 4396 5909
f 777 5908 5914
f 5908 732 5917
f 5914 5917 1002
f 5908 5917 5914
f 230 4460 5918
f 4460 348 4751
f 5918 4751 358
f 4460 4751 5918
f 873 5919 4398
f 5919 525 4617
f 4398 4617 1294
f 5919 4617 4398
f 758 4400 5921
f 4400 230 5920
f 5921 5920 1475
f 4400 5920 5921
f 989 5900 4549
f 5900 758 5921
f 4549 5921 1475
f 5900 5921 4549
f 308 4607 4609
f 4607 850 5916
f 4609 5916 1174
f 4607 5916 4609
f 470 5922 4616
f 5922 912 4613
f 4616 4613 1294
f 5922 4613 4616
f 525 5919 5923
f 5919 873 5910
f 5923 5910 1205
f 5919 5910 5923
f 609 4621 5924
f 4621 630 4697
f 5924 4697 684
f 4621 4697 5924
f 254 4618 5925
f 4618 467 4624
f 5925 4624 1196
f 4618 4624 5925
f 230 5918 5920
f 5918 358 4821
f 5920 4821 1475
f 5918 4821 5920
f 800 4699 4824
f 4699 634 5915
f 4824 5915 894
f 4699 5915 4824
f 732 5926 5917
f 5926 584 5927
f 5917 5927 1002
f 5926 5927 5917
f 254 5928 4619
f 5928 942 4610
f 4619 4610 1174
f 5928 4610 4619
f 759 4904 4823
f 4904 525 5923
f 4823 5923 1205
f 4904 5923 4823
f 1002 5929 5913
f 5929 718 4833
f 5913 4833 1471
f 5929 4833 5913
f 308 4608 5930
f 4608 942 4981
f 5930 4981 1322
f 4608 4981 5930
f 308 5930 4898
f 5930 1322 5931
f 4898 5931 1330
f 5930 5931 4898
f 470 5932 5922
f 5932 57 5933
f 5922 5933 912
f 5932 5933 5922
f 254 5934 5928
f 5934 677 4979
f 5928 4979 942
f 5934 4979 5928
f 584 5935 5927
f 5935 718 5929
f 5927 5929 1002
f 5935 5929 5927
f 609 5924 5936
f 5924 684 4984
f 5936 4984 1289
f 5924 4984 5936
f 677 5934 4828
f 5934 254 5925
f 4828 5925 1196
f 5934 5925 4828
f 894 4622 5937
f 4622 609 5936
f 5937 5936 1289
f 4622 5936 5937
f 1099 4825 5938
f 4825 894 5937
f 5938 5937 1289
f 4825 5937 5938
f 732 4749 5939
f 4749 408 5064
f 5939 5064 1103
f 4749 5064 5939
f 584 5926 5940
f 5926 732 5939
f 5940 5939 1103
f 5926 5939 5940
f 57 5932 4903
f 5932 470 4615
f 4903 4615 525
f 5932 4615 4903
f 519 5066 5941
f 5066 57 4905
f 5941 4905 759
f 5066 4905 5941
f 492 4820 4901
f 4820 358 4752
f 4901 4752 765
f 4820 4752 4901
f 684 4753 4982
f 4753 492 4900
f 4982 4900 745
f 4753 4900 4982
f 560 5942 4987
f 5942 759 4822
f 4987 4822 800
f 5942 4822 4987
f 584 5943 5935
f 5943 578 5944
f 5935 5944 718
f 5943 5944 5935
f 912 5933 5059
f 5933 57 5068
f 5059 5068 1173
f 5933 5068 5059
f 1200 5069 5945
f 5069 765 4696
f 5945 4696 1317
f 5069 4696 5945
f 578 5943 5946
f 5943 584 5940
f 5946 5940 1103
f 5943 5940 5946
f 331 5947 5166
f 5947 1099 5938
f 5166 5938 1289
f 5947 5938 5166
f 695 5948 4819
f 5948 1200 5945
f 4819 5945 1317
f 5948 5945 4819
f 677 5949 4980
f 5949 1267 5950
f 4980 5950 1322
f 5949 5950 4980
f 677 4827 5949
f 4827 285 5951
f 5949 5951 1267
f 4827 5951 5949
f 560 5952 5942
f 5952 519 5941
f 5942 5941 759
f 5952 5941 5942
f 718 5944 5075
f 5944 578 5953
f 5075 5953 1435
f 5944 5953 5075
f 1267 5951 5954
f 5951 285 5073
f 5954 5073 1287
f 5951 5073 5954
f 1200 5948 5955
f 5948 695 5162
f 5955 5162 1209
f 5948 5162 5955
f 637 5956 5957
f 5956 1200 5955
f 5957 5955 1209
f 5956 5955 5957
f 1322 5958 5931
f 5958 341 5959
f 5931 5959 1330
f 5958 5959 5931
f 327 5960 5255
f 5960 1103 5065
f 5255 5065 1363
f 5960 5065 5255
f 1267 5961 5950
f 5961 548 5962
f 5950 5962 1322
f 5961 5962 5950
f 327 5259 5960
f 5259 578 5946
f 5960 5946 1103
f 5259 5946 5960
f 519 5952 5964
f 5952 560 5963
f 5964 5963 735
f 5952 5963 5964
f 331 5965 5947
f 5965 81 4990
f 5947 4990 1099
f 5965 4990 5947
f 81 5965 5966
f 5965 331 5343
f 5966 5343 1084
f 5965 5343 5966
f 1330 5959 5251
f 5959 341 5334
f 5251 5334 1416
f 5959 5334 5251
f 548 5967 5962
f 5967 341 5958
f 5962 5958 1322
f 5967 5958 5962
f 637 5407 5956
f 5407 782 5258
f 5956 5258 1200
f 5407 5258 5956
f 1173 5968 5970
f 5968 735 5969
f 5970 5969 1232
f 5968 5969 5970
f 519 5964 5067
f 5964 735 5968
f 5067 5968 1173
f 5964 5968 5067
f 771 5971 5413
f 5971 745 5257
f 5413 5257 782
f 5971 5257 5413
f 640 4985 5262
f 4985 745 5971
f 5262 5971 771
f 4985 5971 5262
f 560 4989 5972
f 4989 81 5966
f 5972 5966 1084
f 4989 5966 5972
f 735 5963 5973
f 5963 560 5972
f 5973 5972 1084
f 5963 5972 5973
f 764 5974 5434
f 5974 735 5973
f 5434 5973 1084
f 5974 5973 5434
f 306 5071 5268
f 5071 640 5264
f 5268 5264 986
f 5071 5264 5268
f 500 5975 5392
f 5975 637 5957
f 5392 5957 1209
f 5975 5957 5392
f 637 5975 5408
f 5975 500 5406
f 5408 5406 1447
f 5975 5406 5408
f 1140 5164 5976
f 5164 1173 5970
f 5976 5970 1232
f 5164 5970 5976
f 341 5967 5397
f 5967 548 5977
f 5397 5977 1212
f 5967 5977 5397
f 83 5978 5402
f 5978 327 5256
f 5402 5256 1364
f 5978 5256 5402
f 548 5979 5977
f 5979 353 5980
f 5977 5980 1212
f 5979 5980 5977
f 353 5979 5981
f 5979 548 5961
f 5981 5961 1267
f 5979 5961 5981
f 735 5982 5969
f 5982 1034 5983
f 5969 5983 1232
f 5982 5983 5969
f 578 5261 5953
f 5261 1235 5267
f 5953 5267 1435
f 5261 5267 5953
f 353 5981 5984
f 5981 1267 5954
f 5984 5954 1287
f 5981 5954 5984
f 928 5985 5342
f 5985 353 5984
f 5342 5984 1287
f 5985 5984 5342
f 500 5393 5987
f 5393 1424 5986
f 5987 5986 1450
f 5393 5986 5987
f 1424 5383 5986
f 5383 1416 5336
f 5986 5336 1450
f 5383 5336 5986
f 1357 5395 5394
f 5395 418 5988
f 5394 5988 1364
f 5395 5988 5394
f 1140 5976 5990
f 5976 1232 5989
f 5990 5989 1261
f 5976 5989 5990
f 326 5404 5400
f 5404 500 5987
f 5400 5987 1450
f 5404 5987 5400
f 186 5991 5993
f 5991 418 5992
f 5993 5992 1261
f 5991 5992 5993
f 418 5991 5988
f 5991 186 5403
f 5988 5403 1364
f 5991 5403 5988
f 418 5338 5992
f 5338 1140 5990
f 5992 5990 1261
f 5338 5990 5992
f 83 5401 5994
f 5401 186 5412
f 5994 5412 1235
f 5401 5412 5994
f 327 5978 5260
f 5978 83 5994
f 5260 5994 1235
f 5978 5994 5260
f 353 5995 5980
f 5995 338 5463
f 5980 5463 1212
f 5995 5463 5980
f 583 5414 5418
f 5414 782 5409
f 5418 5409 1447
f 5414 5409 5418
f 338 5995 5996
f 5995 353 5985
f 5996 5985 928
f 5995 5985 5996
f 438 5415 5997
f 5415 338 5996
f 5997 5996 928
f 5415 5996 5997
f 1232 5983 5989
f 5983 1034 5998
f 5989 5998 1261
f 5983 5998 5989
f 1034 5423 5998
f 5423 901 5466
f 5998 5466 1261
f 5423 5466 5998
f 158 5464 5411
f 5464 901 5421
f 5411 5421 1235
f 5464 5421 5411
f 735 5974 5982
f 5974 764 5999
f 5982 5999 1034
f 5974 5999 5982
f 764 5471 5999
f 5471 257 5424
f 5999 5424 1034
f 5471 5424 5999
f 583 5416 6001
f 5416 438 6000
f 6001 6000 783
f 5416 6000 6001
f 583 6001 5340
f 6001 783 6002
f 5340 6002 986
f 6001 6002 5340
f 783 6000 5426
f 6000 438 5997
f 5426 5997 928
f 6000 5997 5426
f 48 5348 5432
f 5348 576 5420
f 5432 5420 901
f 5348 5420 5432
f 783 5468 6002
f 5468 316 5469
f 6002 5469 986
f 5468 5469 6002
f 326 5462 5405
f 5462 338 5419
f 5405 5419 1447
f 5462 5419 5405
f 158 5410 5465
f 5410 186 5993
f 5465 5993 1261
f 5410 5993 5465
