v -0.23331843316555023 0.2763393819332123 0.9882280230522156
v -0.2353474646806717 0.2636619210243225 0.9887353181838989
v -0.22089560329914093 0.2748175859451294 0.9892425537109375
v -0.13748249411582947 0.24642114341259003 0.9851865172386169
v -0.1491452157497406 0.27811378240585327 0.9867062568664551
v -0.1648644208908081 0.2760847508907318 0.988482654094696
v -0.21582503616809845 0.21853196620941162 0.9793540239334106
v -0.20340222120285034 0.21751946210861206 0.9801158905029297
v -0.19275379180908203 0.2375471442937851 0.9846792221069336
v 0.059261348098516464 0.2172648310661316 0.9740307927131653
v 0.06788153201341629 0.22766061127185822 0.982904851436615
v 0.04430264234542847 0.24566127359867096 0.9856937527656555
v -0.17931586503982544 0.27355045080184937 0.988482654094696
v -0.19224654138088226 0.2783663868904114 0.988482654094696
v -0.17931586503982544 0.2329838126897812 0.9846792221069336
v -0.2292623668909073 0.28166258335113525 0.9851865172386169
v -0.23737648129463196 0.2857206165790558 0.9811283946037292
v -0.20340222120285034 0.2806500196456909 0.986453652381897
v -0.20771288871765137 0.26923975348472595 0.9892425537109375
v -0.24650314450263977 0.26721271872520447 0.9867062568664551
v -0.17348459362983704 0.2814099192619324 0.9846792221069336
v -0.1826118379831314 0.2852133512496948 0.9811283946037292
v -0.13798955082893372 0.27557748556137085 0.988482654094696
v -0.12353809922933578 0.2694943845272064 0.9874681234359741
v -0.1402714103460312 0.2230972796678543 0.9846792221069336
v 0.045063331723213196 0.2684798538684845 0.987720787525177
v 0.07117751240730286 0.26645082235336304 0.988482654094696
v 0.05774017423391342 0.27532485127449036 0.988482654094696
v 0.06762810796499252 0.2783663868904114 0.985439121723175
v 0.032386522740125656 0.2697470188140869 0.987720787525177
v 0.03187946602702141 0.2732958197593689 0.9874681234359741
v 0.019202658906579018 0.26594358682632446 0.9869608879089355
v -0.23027688264846802 0.22436441481113434 0.9803685545921326
v -0.24422147870063782 0.2796355187892914 0.9862009882926941
v 0.07067045569419861 0.25250622630119324 0.9872134923934937
v -0.23509283363819122 0.25073182582855225 0.9872134923934937
v -0.2459958791732788 0.25377538800239563 0.9849318861961365
v -0.10934007912874222 0.2760847508907318 0.9872134923934937
v -0.12100260704755783 0.27735385298728943 0.9862009882926941
v -0.09818440675735474 0.23197127878665924 0.9851865172386169
v -0.08525414019823074 0.21903923153877258 0.9821429252624512
v -0.04620968550443649 0.24946469068527222 0.9839173555374146
v 0.006779402494430542 0.27202868461608887 0.9872134923934937
v 0.0060187955386936665 0.24946469068527222 0.9856937527656555
v -0.1123824268579483 0.22081561386585236 0.9839173555374146
v -0.0827188491821289 0.26923975348472595 0.9867062568664551
v -0.09514206647872925 0.27355045080184937 0.986453652381897
v 0.08030475676059723 0.25250622630119324 0.984171986579895
v 0.017174389213323593 0.2776065170764923 0.985439121723175
v 0.07016339898109436 0.24033604562282562 0.9856937527656555
v -0.006657971069216728 0.27355045080184937 0.9867062568664551
v -0.018574131652712822 0.2697470188140869 0.9872134923934937
v -0.012742864899337292 0.28343895077705383 0.9811283946037292
v -0.210247203707695 0.2852133512496948 0.9811283946037292
v 0.04075324162840843 0.28039541840553284 0.9839173555374146
v -0.08322590589523315 0.2758321166038513 0.9859463572502136
v 0.0815725028514862 0.27101415395736694 0.986453652381897
v -0.0728309229016304 0.28039541840553284 0.9839173555374146
v -0.04443488270044327 0.2697470188140869 0.9867062568664551
v 0.07827652245759964 0.2796355187892914 0.9836646914482117
v -0.05812583863735199 0.27532485127449036 0.9862009882926941
v -0.032518722116947174 0.2765919864177704 0.9862009882926941
v -0.11897438764572144 0.2809026837348938 0.9846792221069336
v -0.09133902937173843 0.27988818287849426 0.9846792221069336
v -0.022884221747517586 0.2814099192619324 0.9834120869636536
v 0.049627047032117844 0.28293168544769287 0.9803685545921326
v -0.0479842871427536 0.27988818287849426 0.9836646914482117
v -0.15548354387283325 0.2844514846801758 0.9811283946037292
v -0.12708750367164612 0.2844514846801758 0.9803685545921326
v 0.0009480769513174891 0.2814099192619324 0.9821429252624512
v -0.1501593291759491 0.1721348762512207 0.9768197536468506
v -0.12100260704755783 0.1536269634962082 0.9735235571861267
v -0.24498134851455688 0.23983080685138702 0.9826502203941345
v 0.026048140600323677 0.28166258335113525 0.9818903207778931
v -0.23408029973506927 0.2372945100069046 0.9846792221069336
v 0.03872500732541084 0.21371600031852722 0.9788467884063721
v 0.048359308391809464 0.21498316526412964 0.9758052229881287
v -0.16739971935749054 0.21371600031852722 0.9839173555374146
v -0.09945215284824371 0.2841988503932953 0.9801158905029297
v -0.1382431834936142 0.2857206165790558 0.9785941243171692
v 0.07853014767169952 0.22842048108577728 0.9813830256462097
v 0.08613621443510056 0.24008341133594513 0.9770723581314087
v -0.2520809769630432 0.2679726183414459 0.9803685545921326
v -0.08753599226474762 0.2826770842075348 0.9818903207778931
v -0.18590880930423737 0.2945946455001831 0.9616079926490784
v -0.06370347738265991 0.28343895077705383 0.980623185634613
v 0.08740375936031342 0.26746535301208496 0.9796086549758911
v 0.009061221964657307 0.2844514846801758 0.9778342247009277
v -0.2257135659456253 0.29079118371009827 0.9714944958686829
v -0.25182637572288513 0.25428062677383423 0.9783415198326111
v -0.03961772844195366 0.2844514846801758 0.9796086549758911
v -0.16308961808681488 0.2872404158115387 0.9763124585151672
v 0.08537552505731583 0.28039541840553284 0.9783415198326111
v -0.1073116585612297 0.2869877517223358 0.9758052229881287
v -0.2505592405796051 0.28039541840553284 0.9801158905029297
v -0.0806904137134552 0.2859732508659363 0.9765651226043701
v -0.24117793142795563 0.22740599513053894 0.9783415198326111
v -0.25132107734680176 0.2405906766653061 0.9768197536468506
v -0.03201165795326233 0.28673315048217773 0.9747906923294067
v -0.012742864899337292 0.21016719937324524 0.9778342247009277
v 0.08689670264720917 0.25326812267303467 0.9783415198326111
v 0.0737127959728241 0.28952205181121826 0.9671857953071594
v -0.18692134320735931 0.19039015471935272 0.9750453233718872
v -0.1658785343170166 0.18810848891735077 0.9803685545921326
v -0.0380963571369648 0.19596798717975616 0.9768197536468506
v -0.07992992550134659 0.1475418657064438 0.9712418913841248
v -0.1978243738412857 0.19140465557575226 0.9727636575698853
v -0.20923268795013428 0.1673189103603363 0.9681983590126038
v -0.24903742969036102 0.2294350117444992 0.9735235571861267
v -0.13773612678050995 0.2963690459728241 0.9557754993438721
v -0.03201165795326233 0.13182367384433746 0.9671857953071594
v -0.09133902937173843 0.12269642949104309 0.9679456949234009
v -0.2292623668909073 0.2999178469181061 0.9519720673561096
v -0.058379270136356354 0.2930728495121002 0.9618605971336365
v -0.24041804671287537 0.28952205181121826 0.9725090265274048
v -0.16511784493923187 0.1751784235239029 0.9780868887901306
v -0.22951699793338776 0.20687103271484375 0.9664239287376404
v 0.0658532977104187 0.21853196620941162 0.9681983590126038
v -0.16359667479991913 0.15768501162528992 0.9750453233718872
v -0.17500577867031097 0.15717774629592896 0.9732689261436462
v -0.25334811210632324 0.2796355187892914 0.9707346558570862
v 0.08284024149179459 0.22766061127185822 0.9730162620544434
v 0.03872500732541084 0.18202340602874756 0.9646495580673218
v 0.05064116790890694 0.1827852725982666 0.951464831829071
v 0.06002203747630119 0.21599766612052917 0.9623678922653198
v -0.09514206647872925 0.2915510833263397 0.9656640291213989
v -0.1481311023235321 0.14526019990444183 0.9722564220428467
v -0.13367946445941925 0.13613376021385193 0.9707346558570862
v -6.605817907257006e-05 0.2890167832374573 0.9689602255821228
v -0.002347877947613597 0.17289675772190094 0.9732689261436462
v -0.25334811210632324 0.24946469068527222 0.94461989402771
v -0.2536027431488037 0.23983080685138702 0.966931164264679
v 0.02224508672952652 0.1954607218503952 0.9740307927131653
v 0.08993925154209137 0.27811378240585327 0.9578045606613159
v 0.08841788023710251 0.27988818287849426 0.9687055945396423
v -0.005390305537730455 0.1472892314195633 0.9689602255821228
v 0.09019268304109573 0.24135057628154755 0.9684529900550842
v -0.14787746965885162 0.30676281452178955 0.9299154281616211
v 0.03872500732541084 0.2933254837989807 0.9578045606613159
v 0.07853014767169952 0.2976361811161041 0.9474087357521057
v -0.24650314450263977 0.22284266352653503 0.959071695804596
v 0.07624828815460205 0.22410979866981506 0.9664239287376404
v -0.2541100084781647 0.2783663868904114 0.9595789313316345
v 0.02959764562547207 0.16960057616233826 0.9674384593963623
v 0.019202658906579018 0.1579376608133316 0.9689602255821228
v -0.2292623668909073 0.19470085203647614 0.9649021625518799
v -0.025673139840364456 0.1036810576915741 0.9595789313316345
v -0.24041804671287537 0.2953545153141022 0.9613533616065979
v -0.2477702796459198 0.29079118371009827 0.966931164264679
v 0.01768144778907299 0.14526019990444183 0.966931164264679
v -0.007672085892409086 0.30701744556427 0.9250974655151367
v -0.11390361189842224 0.31893303990364075 0.8906179070472717
v -0.16613216698169708 0.12117505073547363 0.9618605971336365
v -0.25182637572288513 0.2296876311302185 0.9641422629356384
v -0.008432772010564804 0.1244710236787796 0.9649021625518799
v 0.08512189984321594 0.23044951260089874 0.9631277322769165
v -0.22013571858406067 0.18100889027118683 0.9674384593963623
v -0.2292623668909073 0.1693459451198578 0.9621132612228394
v 0.03720363229513168 0.1566704958677292 0.9618605971336365
v 0.024780455976724625 0.11940044164657593 0.9600862264633179
v 0.0263016689568758 0.13207709789276123 0.9621132612228394
v -0.23610736429691315 0.1827852725982666 0.9575499296188354
v 0.0815725028514862 0.29079118371009827 0.9626204967498779
v -0.21937385201454163 0.15565599501132965 0.9641422629356384
v 0.045063331723213196 0.1693459451198578 0.9575499296188354
v 0.03593608736991882 0.14424768090248108 0.9598315954208374
v -0.02187010645866394 0.30321401357650757 0.935745894908905
v -0.24016541242599487 0.170615091919899 0.9484232664108276
v -0.15320168435573578 0.11940044164657593 0.9623678922653198
v -0.24041804671287537 0.19622260332107544 0.9509595632553101
v 0.01134304329752922 0.10545586049556732 0.9583117961883545
v -0.005390305537730455 0.0849195197224617 0.953241229057312
v 0.06027546152472496 0.22056099772453308 0.9504523277282715
v 0.07472711056470871 0.22892774641513824 0.9527339935302734
v -0.2462485134601593 0.31132614612579346 0.9210413694381714
v -0.23737648129463196 0.3103136420249939 0.9250974655151367
v -0.23788176476955414 0.31741124391555786 0.9030407071113586
v -0.21709218621253967 0.12979523837566376 0.959324300289154
v 0.08993925154209137 0.2388162761926651 0.9560301303863525
v -0.25309547781944275 0.23627997934818268 0.954508364200592
v -0.25132107734680176 0.2905365526676178 0.9585644602775574
v -0.23433294892311096 0.14221864938735962 0.9522266983985901
v -0.1699351966381073 0.08289128541946411 0.9496904015541077
v -0.15624423325061798 0.0750315934419632 0.9489305019378662
v -0.011728748679161072 0.061087191104888916 0.94588702917099
v -0.1303834766149521 0.0572841577231884 0.9484232664108276
v -0.10579048097133636 0.05398818477988243 0.9504523277282715
v -0.08880353718996048 0.08136990666389465 0.9585644602775574
v 0.04176735505461693 0.13157004117965698 0.952479362487793
v -0.20188044011592865 0.10545586049556732 0.9557754993438721
v -0.18717597424983978 0.0968356728553772 0.9540011286735535
v 0.031118860468268394 0.10697703063488007 0.9529865980148315
v 0.018442051485180855 0.09100440889596939 0.952479362487793
v 0.049119990319013596 0.15743039548397064 0.9486759305000305
v -0.2353474646806717 0.1548960953950882 0.9542537331581116
v 0.08715033531188965 0.2905365526676178 0.9557754993438721
v -0.24701038002967834 0.29611441493034363 0.9552682638168335
v 0.03314713016152382 0.11889319121837616 0.9560301303863525
v -0.07866217941045761 0.06742552667856216 0.955522894859314
v -0.23306579887866974 0.12979523837566376 0.9496904015541077
v -0.2241917848587036 0.11407604068517685 0.9522266983985901
v 0.08461485058069229 0.23374570906162262 0.950197696685791
v -0.24498134851455688 0.21954646706581116 0.9344787001609802
v -0.24371421337127686 0.2172648310661316 0.9215486645698547
v -0.24269968271255493 0.18379780650138855 0.940056562423706
v -0.058632902801036835 0.04790329188108444 0.9494377970695496
v -0.03987115994095802 0.030155664309859276 0.9415782690048218
v 0.05292302370071411 0.17137497663497925 0.9408164620399475
v 0.05697949230670929 0.1873486042022705 0.9205341339111328
v -0.25309547781944275 0.29079118371009827 0.9481706619262695
v 0.048359308391809464 0.14475494623184204 0.9471561312675476
v -0.2462485134601593 0.30219951272010803 0.943605363368988
v -0.236869215965271 0.11813269555568695 0.9403092265129089
v -0.12505927681922913 0.031677041202783585 0.9413236975669861
v -0.25309547781944275 0.2593512237071991 0.9218012690544128
v -0.2538553774356842 0.2981434464454651 0.9147036671638489
v -0.25309547781944275 0.2938327491283417 0.8903632760047913
v 0.08917856216430664 0.2976361811161041 0.9332115650177002
v 0.08892493695020676 0.2887621521949768 0.9451271295547485
v 0.08968562632799149 0.2573241889476776 0.9195196032524109
v 0.011596591211855412 0.06793258339166641 0.9443672299385071
v 0.04633107781410217 0.11940044164657593 0.9441126585006714
v 0.04759862273931503 0.13207709789276123 0.94588702917099
v -0.06852082908153534 0.31462234258651733 0.9032933712005615
v -0.22216275334358215 0.1016528308391571 0.9494377970695496
v -0.20999455451965332 0.09125784784555435 0.9494377970695496
v 0.015653163194656372 0.05525572970509529 0.9352385997772217
v -0.25182637572288513 0.29586178064346313 0.9476633667945862
v -0.2414325475692749 0.14500756561756134 0.9349859952926636
v -0.23788176476955414 0.13080956041812897 0.9420855641365051
v 0.09019268304109573 0.24287234246730804 0.9438599348068237
v 0.03618951886892319 0.09455382078886032 0.9451271295547485
v -0.08398639410734177 0.03979016840457916 0.9484232664108276
v -0.25309547781944275 0.2372945100069046 0.9430981278419495
v 0.08410779386758804 0.23577271401882172 0.9377748966217041
v 0.04455627501010895 0.10723065584897995 0.9413236975669861
v -0.23002225160598755 0.10520243644714355 0.94461989402771
v -0.1491452157497406 0.05119926482439041 0.9403092265129089
v -0.21582503616809845 0.07680639624595642 0.9413236975669861
v -0.20644375681877136 0.07934167981147766 0.9453817009925842
v -0.1856541931629181 0.06387590616941452 0.9375202655792236
v -0.21075445413589478 0.06615778058767319 0.9360005259513855
v -0.1836259663105011 0.31614410877227783 0.9030407071113586
v 0.024273378774523735 0.07731345295906067 0.9448744654655457
v -0.14686337113380432 0.012661668471992016 0.9228157997131348
v 0.059261348098516464 0.22613883018493652 0.9372676610946655
v -0.04291370511054993 0.017986079677939415 0.9382821917533875
v 0.04049960896372795 0.08263765275478363 0.9360005259513855
v 0.04252804070711136 0.0948074460029602 0.9390420317649841
v -0.22824785113334656 0.09303265064954758 0.9418309926986694
v 0.05216233804821968 0.14602208137512207 0.938789427280426
v 0.08486846834421158 0.2991579473018646 0.9415782690048218
v -0.2538553774356842 0.2885095477104187 0.9370149970054626
v -0.24219244718551636 0.15819227695465088 0.9370149970054626
v 0.023766320198774338 0.3131025433540344 0.9068441390991211
v 0.05824723839759827 0.2000240534543991 0.9225631356239319
v -0.12227035313844681 0.01900019310414791 0.9375202655792236
v -0.09843803942203522 -0.0012827215250581503 0.938789427280426
v -0.08855011314153671 0.020014306530356407 0.9438599348068237
v 0.02858348935842514 0.06489022821187973 0.9360005259513855
v -0.2241917848587036 0.07731345295906067 0.9367603659629822
v -0.08677530288696289 0.005309231113642454 0.9408164620399475
v 0.0549512580037117 0.16250096261501312 0.9172379374504089
v -0.25132107734680176 0.3009323477745056 0.9360005259513855
v -0.24244707822799683 0.17162960767745972 0.9152109026908875
v 0.05064116790890694 0.12041456997394562 0.9360005259513855
v 0.08968562632799149 0.29738155007362366 0.9212940335273743
v 0.05697949230670929 0.21751946210861206 0.9347333312034607
v -0.23331843316555023 0.08973666280508041 0.9339714646339417
v -0.23915088176727295 0.10723065584897995 0.9294081330299377
v -0.07308434695005417 -0.012184765189886093 0.9327043294906616
v 0.07498054206371307 0.30498841404914856 0.9319444298744202
v -0.25005197525024414 0.23501284420490265 0.9174925684928894
v 0.09019268304109573 0.24616849422454834 0.9319444298744202
v -0.24219244718551636 0.13410551846027374 0.9230704307556152
v -0.2414325475692749 0.10875184088945389 0.9195196032524109
v 0.05419056862592697 0.13486602902412415 0.9276337623596191
v -0.12759456038475037 -0.0015363497659564018 0.9286482334136963
v -0.02263079397380352 0.02685968577861786 0.9334642291069031
v 0.06712104380130768 0.22994224727153778 0.9202815294265747
v 0.08486846834421158 0.23678724467754364 0.9261119961738586
v 0.0519087128341198 0.10951251536607742 0.9240829348564148
v -0.2198811024427414 0.06590434163808823 0.9319444298744202
v 0.0628107488155365 0.3087918758392334 0.9202815294265747
v 0.0559653714299202 0.17720744013786316 0.9192669987678528
v 0.037457261234521866 0.0709749236702919 0.9327043294906616
v -0.13190466165542603 -0.026889843866229057 0.9179998636245728
v -0.10224107652902603 -0.029932191595435143 0.9286482334136963
v 0.03137238696217537 0.05373455211520195 0.9256047010421753
v -0.02820863015949726 0.0030273732263594866 0.9266192317008972
v 0.013878412544727325 0.03345164284110069 0.9197742342948914
v 0.04937342181801796 0.08441246300935745 0.9202815294265747
v -0.2135433852672577 0.05373455211520195 0.9256047010421753
v -0.0956491231918335 -0.014212998561561108 0.935745894908905
v -0.23585471510887146 0.07883462309837341 0.9233230352401733
v -0.20695102214813232 0.04486074671149254 0.9187597036361694
v 0.04759862273931503 0.07224266976118088 0.9177452325820923
v -0.2538553774356842 0.3001704812049866 0.9263666272163391
v -0.07992992550134659 -0.03601708263158798 0.9258593320846558
v -0.05660446733236313 -0.032214052975177765 0.9230704307556152
v -0.03961772844195366 -0.007874674163758755 0.9278863668441772
v 0.027315806597471237 0.020521368831396103 0.8951812386512756
v 0.028329961001873016 0.03269115462899208 0.9093784689903259
v 0.05571174621582031 0.15210716426372528 0.904815137386322
v -0.14153915643692017 -0.015227111056447029 0.9154635667800903
v 0.04176735505461693 0.0651436522603035 0.9240829348564148
v 0.059261348098516464 0.2172648310661316 0.9245901703834534
v -0.17221684753894806 0.01900019310414791 0.9098857045173645
v 0.08131887018680573 0.3060029447078705 0.9258593320846558
v 0.037964317947626114 0.05373455211520195 0.9197742342948914
v -0.2259661853313446 0.0631154254078865 0.9253520965576172
v -0.09412795305252075 -0.04489089548587799 0.9240829348564148
v 0.055204689502716064 0.12396396696567535 0.9159708023071289
v -0.03226508945226669 0.3184257745742798 0.8890961408615112
v 0.06382507085800171 0.21853196620941162 0.9164780378341675
v 0.06661378592252731 0.18354515731334686 0.8923922777175903
v 0.08613621443510056 0.24033604562282562 0.9159708023071289
v -0.10756528377532959 -0.04793332517147064 0.9195196032524109
v -0.09539549797773361 -0.04894746094942093 0.9223085045814514
v -0.16055433452129364 0.008605209179222584 0.910645604133606
v 0.05064116790890694 0.07351040840148926 0.9086185693740845
v 0.055204689502716064 0.08948304504156113 0.8890961408615112
v -0.232051283121109 0.06387590616941452 0.9187597036361694
v -0.011221690103411674 0.014183045364916325 0.9192669987678528
v -0.2214028686285019 0.05246680974960327 0.9202815294265747
v 0.08892493695020676 0.2796355187892914 0.8956884741783142
v -0.08322590589523315 -0.046412110328674316 0.9225631356239319
v 0.08715033531188965 0.3060029447078705 0.9190123677253723
v -0.04291370511054993 -0.05706062540411949 0.9096331000328064
v -0.07764806598424911 -0.06111718714237213 0.9147036671638489
v -0.033786267042160034 -0.02105857990682125 0.9205341339111328
v -0.2414325475692749 0.09810341894626617 0.9068441390991211
v -0.24016541242599487 0.0709749236702919 0.9030407071113586
v -0.23737648129463196 0.0681862160563469 0.9119147658348083
v -0.12708750367164612 -0.04717271775007248 0.9124220013618469
v -0.11365017294883728 -0.06111718714237213 0.911407470703125
v -0.21607767045497894 0.044353682547807693 0.914956271648407
v 0.039485495537519455 0.04359319433569908 0.908363938331604
v 0.07219162583351135 0.2296876311302185 0.9129292368888855
v 0.04886636510491371 0.061087191104888916 0.9063369035720825
v -0.15066640079021454 -0.002803894691169262 0.912674605846405
v 0.05368351191282272 0.1135689839720726 0.9015189409255981
v 0.0549512580037117 0.1305559277534485 0.8794622421264648
v -0.2523336410522461 0.2547878921031952 0.8974629044532776
v -0.2523336410522461 0.24413947761058807 0.908363938331604
v 0.06788153201341629 0.2061091512441635 0.9076040387153625
v 0.07041682302951813 0.19495348632335663 0.8969556093215942
v 0.07802309095859528 0.3123406767845154 0.9103929400444031
v -0.24979932606220245 0.3115807771682739 0.9124220013618469
v -0.22799521684646606 0.052213385701179504 0.9139418005943298
v 0.08993925154209137 0.30346664786338806 0.9093784689903259
v 0.05545831471681595 0.32527074217796326 0.8637431859970093
v 0.010328907519578934 0.3240036070346832 0.8688138127326965
v -0.028969114646315575 -0.033481791615486145 0.9116601347923279
v -0.14458151161670685 -0.03398885205388069 0.9043078422546387
v -0.08956422656774521 0.32653987407684326 0.8591779470443726
v -0.01578521355986595 -0.01953740231692791 0.9002518057823181
v -0.024912651628255844 -0.045651502907276154 0.9025334715843201
v 0.044809699058532715 0.044607315212488174 0.90126633644104
v -0.21633228659629822 0.03446575626730919 0.9022788405418396
v -0.1065511703491211 -0.08418898284435272 0.903548002243042
v -0.08626824617385864 -0.083428293466568 0.9053223729133606
v 0.08892493695020676 0.2545352578163147 0.9068441390991211
v -0.23331843316555023 0.05348112806677818 0.907096803188324
v -0.2416851967573166 0.14069688320159912 0.8880816102027893
v -0.22875511646270752 0.04283251240849495 0.9020261764526367
v -0.24193981289863586 0.06843964010477066 0.8579107522964478
v -0.2414325475692749 0.06489022821187973 0.8804747462272644
v 0.07599465548992157 0.23146404325962067 0.904815137386322
v -0.14179259538650513 -0.05173635855317116 0.9002518057823181
v -0.24548861384391785 0.22994224727153778 0.9015189409255981
v -0.25334811210632324 0.3103136420249939 0.9038006067276001
v -0.1727239042520523 -0.009142419323325157 0.8723626136779785
v -0.154976487159729 -0.02435455471277237 0.8906179070472717
v -0.24219244718551636 0.20991256833076477 0.8961957097053528
v -0.1321582794189453 -0.06390608102083206 0.9030407071113586
v 0.05469762533903122 0.14500756561756134 0.8680518865585327
v 0.05824723839759827 0.16605177521705627 0.8723626136779785
v 0.0836007297039032 0.2421124279499054 0.8896033763885498
v -0.09083197265863419 -0.09407690912485123 0.9005044102668762
v 0.05824723839759827 0.31411507725715637 0.9032933712005615
v 0.08385435491800308 0.3131025433540344 0.9038006067276001
v -0.02744794264435768 -0.05807476118206978 0.8997445702552795
v -0.01781364344060421 -0.03170699253678322 0.8977155089378357
v -0.23788176476955414 0.04688917100429535 0.8868144750595093
v -0.12505927681922913 -0.09002024680376053 0.8949266076087952
v 0.08055838197469711 0.31893303990364075 0.8883362412452698
v 0.07498054206371307 0.32375094294548035 0.870840847492218
v -0.24067066609859467 0.061087191104888916 0.8908705115318298
v -0.03758930414915085 -0.06999094039201736 0.9020261764526367
v 0.0519087128341198 0.062354739755392075 0.8967009782791138
v 0.08917856216430664 0.3115807771682739 0.8967009782791138
v -0.050266142934560776 -0.08013232052326202 0.9020261764526367
v -0.058379270136356354 0.32527074217796326 0.8637431859970093
v 0.04049960896372795 0.03345164284110069 0.8964483737945557
v -0.1065511703491211 -0.09940111637115479 0.8961957097053528
v -0.0697883740067482 -0.09940111637115479 0.8951812386512756
v 0.08740375936031342 0.25326812267303467 0.8936594724655151
v -0.24548861384391785 0.31868040561676025 0.8977155089378357
v -0.03961772844195366 -0.10548601299524307 0.8857999444007874
v -0.22850248217582703 0.03395869955420494 0.8893487453460693
v 0.09069973975419998 0.30803197622299194 0.8852927088737488
v -0.04088527336716652 -0.08165369182825089 0.8982227444648743
v -0.2503065764904022 0.24312497675418854 0.8832636475563049
v -0.13976435363292694 -0.06390608102083206 0.8974629044532776
v -0.21607767045497894 0.025338517501950264 0.8893487453460693
v -0.2536027431488037 0.307524710893631 0.8918850421905518
v -0.023644907400012016 -0.06973741203546524 0.8898559808731079
v -0.017560014501214027 -0.05579293891787529 0.8845328092575073
v -0.0031084849033504725 -0.014973683282732964 0.8759114146232605
v -0.14863815903663635 -0.03804551437497139 0.8954338431358337
v 0.009061221964657307 0.004295118153095245 0.8888415098190308
v -0.032518722116947174 -0.0824141800403595 0.8936594724655151
v -0.1501593291759491 -0.05655354633927345 0.8830110430717468
v -0.14965227246284485 -0.06162426620721817 0.8822511434555054
v -0.25157371163368225 0.25174635648727417 0.8733771443367004
v -0.02871568687260151 -0.09433034062385559 0.884025514125824
v 0.052669402211904526 0.05170632153749466 0.8845328092575073
v 0.07650171965360641 0.22791323065757751 0.8812366127967834
v -0.09945215284824371 -0.1141061931848526 0.8906179070472717
v -0.15877953171730042 -0.02917170338332653 0.8700809478759766
v -0.15193413197994232 -0.06061011552810669 0.8728698492050171
v -0.12987641990184784 -0.10472532361745834 0.8852927088737488
v -0.12556633353233337 -0.11562737077474594 0.8804747462272644
v -0.20010603964328766 0.01900019310414791 0.8868144750595093
v -0.19097939133644104 0.004041485954076052 0.8657702207565308
v -0.13697543740272522 -0.07962526381015778 0.8934068083763123
v -0.14483514428138733 -0.06999094039201736 0.8888415098190308
v -0.23762913048267365 0.3240036070346832 0.879714846611023
v -0.21759945154190063 0.32501813769340515 0.8746442794799805
v -0.14077846705913544 -0.09306279569864273 0.8832636475563049
v -0.24067066609859467 0.22081561386585236 0.8723626136779785
v 0.06230369582772255 0.12218916416168213 0.8485295176506042
v -0.09362088888883591 -0.12855763733386993 0.882758378982544
v -0.07435208559036255 -0.1567002534866333 0.8624740839004517
v -0.017306586727499962 -0.07911823689937592 0.8710954785346985
v 0.045570388436317444 0.03471938893198967 0.8890961408615112
v -0.2525882422924042 0.31766587495803833 0.8804747462272644
v -0.009446889162063599 -0.042355526238679886 0.8434589505195618
v -0.0031084849033504725 -0.033481791615486145 0.825458288192749
v 0.002976368647068739 -0.024607982486486435 0.8317959904670715
v 0.033400677144527435 0.012408243492245674 0.8759114146232605
v 0.04607744514942169 0.025338517501950264 0.8764186501502991
v 0.08993925154209137 0.2983960807323456 0.8601924180984497
v 0.07320574671030045 0.1972351223230362 0.8880816102027893
v 0.07092408090829849 0.18988288938999176 0.8733771443367004
v 0.07498054206371307 0.21016719937324524 0.8903632760047913
v -0.14356739819049835 -0.07962526381015778 0.8870670795440674
v -0.01908118836581707 -0.06821619719266891 0.8822511434555054
v 0.06382507085800171 0.0958215594291687 0.8485295176506042
v 0.0876573920249939 0.26138025522232056 0.8693210482597351
v -0.24092528223991394 0.19774238765239716 0.8589252829551697
v -0.23712186515331268 0.038268789649009705 0.873884379863739
v -0.22799521684646606 0.026099205017089844 0.876166045665741
v -0.23306579887866974 0.028127431869506836 0.8688138127326965
v -0.20796553790569305 0.01900019310414791 0.881743848323822
v -0.048237912356853485 -0.12805058062076569 0.8766732811927795
v -0.04367419332265854 -0.11689511686563492 0.8812366127967834
v -0.22089560329914093 0.018239503726363182 0.8693210482597351
v 0.09019268304109573 0.3169039785861969 0.8733771443367004
v 0.07447348535060883 0.2012932002544403 0.8779404163360596
v -0.14787746965885162 -0.07835763692855835 0.8789549469947815
v 0.08638964593410492 0.3184257745742798 0.881743848323822
v 0.05900772660970688 0.16985321044921875 0.8614595532417297
v 0.05545831471681595 0.1472892314195633 0.856389045715332
v -0.037082239985466 -0.14757300913333893 0.8612069487571716
v -0.025166083127260208 -0.10573944449424744 0.8743916153907776
v -0.018574131652712822 -0.09204847365617752 0.8688138127326965
v -0.14356739819049835 -0.10523238778114319 0.8726152181625366
v -0.035307638347148895 -0.11765559762716293 0.8769259452819824
v 0.02047034539282322 0.003788054222241044 0.875151515007019
v -0.25132107734680176 0.2623947560787201 0.8624740839004517
v -0.14077846705913544 -0.11765559762716293 0.8688138127326965
v -0.003869091859087348 -0.023340437561273575 0.8622214198112488
v -0.16232892870903015 -0.02612915448844433 0.8619667887687683
v -0.15548354387283325 -0.04387673735618591 0.8426990509033203
v -0.15320168435573578 -0.050975751131772995 0.8515729904174805
v -0.14965227246284485 -0.08925975859165192 0.8680518865585327
v -0.012996293604373932 -0.06872327625751495 0.8394028544425964
v -0.011728748679161072 -0.04590503126382828 0.8538546562194824
v -0.24117793142795563 0.04967789351940155 0.8208949565887451
v -0.2396581470966339 0.03497281298041344 0.8295143246650696
v 0.006779402494430542 -0.012184765189886093 0.8606996536254883
v -0.25284087657928467 0.30498841404914856 0.8444734811782837
v -0.2508138120174408 0.270506888628006 0.8279945850372314
v -0.12987641990184784 -0.1290649026632309 0.870840847492218
v -0.1509198248386383 -0.07506165653467178 0.8705881834030151
v -0.24498134851455688 0.3245108723640442 0.8743916153907776
v -0.23762913048267365 0.32983604073524475 0.8568962812423706
v 0.06002203747630119 0.17391127347946167 0.8505585789680481
v 0.09095336496829987 0.3138624429702759 0.8617141842842102
v -0.23915088176727295 0.03395869955420494 0.8518257141113281
v -0.2399107813835144 0.042579080909490585 0.8652629852294922
v 0.053176458925008774 0.03928310424089432 0.8716027140617371
v -0.10781890898942947 -0.1518831104040146 0.8662775158882141
v -0.1004662737250328 -0.1437699794769287 0.873884379863739
v 0.07726240158081055 0.23197127878665924 0.8700809478759766
v -0.25309547781944275 0.3138624429702759 0.8688138127326965
v -0.010714633390307426 -0.05072222277522087 0.82976895570755
v -0.24067066609859467 0.2266460806131363 0.8373738527297974
v -0.24269968271255493 0.23222391307353973 0.8515729904174805
v -0.24903742969036102 0.24997195601463318 0.8373738527297974
v -0.19554270803928375 0.000999139971099794 0.8459952473640442
v -0.03277214616537094 -0.1338820606470108 0.8657702207565308
v -0.02263079397380352 -0.11689511686563492 0.8637431859970093
v 0.045063331723213196 0.016211271286010742 0.8624740839004517
v 0.03187946602702141 0.005816287361085415 0.8617141842842102
v -0.042153019458055496 -0.15948916971683502 0.8558817505836487
v -0.09286020696163177 -0.15239016711711884 0.8693210482597351
v -0.22875511646270752 0.33313024044036865 0.8381357192993164
v 0.05064116790890694 0.028381062671542168 0.8688138127326965
v 0.05748654901981354 0.1579376608133316 0.8208949565887451
v 0.05697949230670929 0.15083804726600647 0.8345849514007568
v 0.06636036187410355 0.12523171305656433 0.8274872899055481
v -0.020095303654670715 -0.12779715657234192 0.8533474206924438
v -0.031758036464452744 -0.15289722383022308 0.8536000847816467
v -0.1334260255098343 -0.141741544008255 0.8604470491409302
v 0.07244525104761124 0.19824965298175812 0.8520802855491638
v 0.07447348535060883 0.22461706399917603 0.855121910572052
v -0.14660973846912384 0.3374409079551697 0.7919912338256836
v -0.17500577867031097 0.3387080729007721 0.7810901999473572
v -0.20086592435836792 0.33262497186660767 0.8376284837722778
v -0.15193413197994232 -0.06339900195598602 0.8497986197471619
v -0.24954469501972198 0.32501813769340515 0.8667847514152527
v 0.08233318477869034 0.32527074217796326 0.8652629852294922
v -0.14331376552581787 -0.12957195937633514 0.8581653833389282
v -0.016545897349715233 -0.10244346410036087 0.8581653833389282
v -0.23154403269290924 0.020774994045495987 0.8553764224052429
v -0.15168051421642303 -0.11030315607786179 0.8444734811782837
v -0.14939865469932556 -0.13844557106494904 0.8391502499580383
v -0.21227622032165527 0.011901180259883404 0.8614595532417297
v -0.23255854845046997 0.01900019310414791 0.8330651521682739
v 0.05621900409460068 0.031677041202783585 0.8497986197471619
v -0.1402714103460312 -0.14224860072135925 0.8543619513511658
v -0.1668926626443863 -0.02638278715312481 0.830783486366272
v -0.1014803871512413 -0.16430631279945374 0.8599397540092468
v -0.08880353718996048 -0.16481336951255798 0.8601924180984497
v -0.021616676822304726 0.3323703408241272 0.825458288192749
v -0.2510664463043213 0.2502245604991913 0.8612069487571716
v -0.1511734575033188 -0.10041522979736328 0.856389045715332
v -0.14939865469932556 -0.07075154781341553 0.8236838579177856
v -0.2523336410522461 0.3247635066509247 0.8576580882072449
v 0.05621900409460068 0.1614864617586136 0.8472623825073242
v 0.07548759877681732 0.3293287754058838 0.8465024828910828
v -0.2503065764904022 0.2502245604991913 0.8497986197471619
v 0.04252804070711136 0.008605209179222584 0.8475169539451599
v -0.2414325475692749 0.1470365971326828 0.8421918153762817
v -0.04722379893064499 -0.17115169763565063 0.8505585789680481
v 0.08715033531188965 0.3245108723640442 0.8576580882072449
v -0.13444013893604279 -0.16126376390457153 0.8477696180343628
v -0.12962278723716736 -0.1734335571527481 0.8426990509033203
v 0.0866432711482048 0.2593512237071991 0.8561363220214844
v -0.2414325475692749 0.07934167981147766 0.8006126284599304
v -0.025166083127260208 -0.15239016711711884 0.8470097184181213
v -0.24523597955703735 0.33008867502212524 0.8520802855491638
v 0.07244525104761124 0.20103858411312103 0.8396555185317993
v 0.07776946574449539 0.24084331095218658 0.8340776562690735
v -0.014010608196258545 -0.10903540998697281 0.8358540534973145
v 0.08588258922100067 0.2578314542770386 0.8429517149925232
v 0.09069973975419998 0.3229890763759613 0.8487841486930847
v -0.1293693631887436 -0.1536577045917511 0.8558817505836487
v -0.14432808756828308 -0.14757300913333893 0.8454879522323608
v -0.15446943044662476 -0.046919189393520355 0.8300216197967529
v 0.05292302370071411 0.020014306530356407 0.8459952473640442
v -0.22545893490314484 0.3366810381412506 0.8122735619544983
v -0.018067071214318275 -0.13895262777805328 0.8419391512870789
v -0.03556106984615326 -0.16430631279945374 0.8492913246154785
v -0.25309547781944275 0.3217219412326813 0.8465024828910828
v 0.09120679646730423 0.3184257745742798 0.8371211886405945
v 0.02224508672952652 -0.0073676141910254955 0.8388956189155579
v 0.08968562632799149 0.2981434464454651 0.8231766223907471
v 0.0866432711482048 0.2654363214969635 0.8193731904029846
v 0.08537552505731583 0.26290202140808105 0.8054285645484924
v -0.19249917566776276 -0.0030575229320675135 0.8315433859825134
v -0.14965227246284485 -0.10675355792045593 0.8084721565246582
v 0.0399925522506237 0.0027739412616938353 0.8323032855987549
v -0.03201165795326233 -0.1764761060476303 0.8394028544425964
v -0.22393915057182312 0.013168725185096264 0.8480222821235657
v -0.22850248217582703 0.015450590290129185 0.8406700491905212
v -0.05051977559924126 -0.19853362441062927 0.833317756652832
v -0.036828815937042236 -0.18965980410575867 0.834332287311554
v -0.21531778573989868 0.008098145015537739 0.8401627540588379
v -0.24853217601776123 0.3305959403514862 0.8429517149925232
v -0.08829648047685623 -0.18154668807983398 0.8472623825073242
v -0.02263079397380352 -0.16329219937324524 0.8366139531135559
v -0.24092528223991394 0.21346136927604675 0.8252056241035461
v 0.08233318477869034 0.33008867502212524 0.8409246802330017
v 0.06737447530031204 0.08644068986177444 0.826472818851471
v -0.14077846705913544 -0.1617710292339325 0.8411772847175598
v 0.05697949230670929 0.16630439460277557 0.8358540534973145
v 0.05469762533903122 0.014436469413340092 0.8226693868637085
v 0.05571174621582031 0.021282050758600235 0.8366139531135559
v -0.24067066609859467 0.22563156485557556 0.8262181878089905
v -0.08119747042655945 0.33642640709877014 0.7942728996276855
v -0.010968062095344067 -0.05706062540411949 0.8168388605117798
v -0.012742864899337292 -0.10041522979736328 0.8130354285240173
v -0.2523336410522461 0.3262852728366852 0.8231766223907471
v -0.25182637572288513 0.307524710893631 0.8094846606254578
v -0.046970173716545105 -0.2112104594707489 0.8234292268753052
v -0.08297228068113327 -0.21171753108501434 0.8257129192352295
v -0.25132107734680176 0.3290742039680481 0.8338250517845154
v -0.14762385189533234 -0.15213653445243835 0.8363613486289978
v -0.016799526289105415 -0.14884056150913239 0.830783486366272
v 0.06509261578321457 0.03674761950969696 0.8092319965362549
v 0.08715033531188965 0.2740577161312103 0.7955420613288879
v -0.13570769131183624 -0.17825071513652802 0.8350921869277954
v -0.014771096408367157 -0.12247294187545776 0.834332287311554
v 0.06838858872652054 0.12700651586055756 0.8170915246009827
v -0.2383890002965927 0.02914155088365078 0.8158243894577026
v 0.04531695693731308 0.3349066376686096 0.804668664932251
v -0.12708750367164612 0.3384554386138916 0.7752577066421509
v -0.22089560329914093 0.009365689940750599 0.833317756652832
v -0.028462057933211327 0.33617377281188965 0.7942728996276855
v -0.1232844665646553 -0.18763157725334167 0.8358540534973145
v -0.0817045345902443 -0.19092755019664764 0.8404173851013184
v -0.24523597955703735 0.33313024044036865 0.829007089138031
v 0.08715033531188965 0.32983604073524475 0.833317756652832
v 0.07523416727781296 0.3336374759674072 0.8214021921157837
v 0.06813516467809677 0.3359191417694092 0.8021324276924133
v -0.24041804671287537 0.04055064916610718 0.795794665813446
v -0.14280670881271362 -0.1754617989063263 0.8295143246650696
v 0.03618951886892319 -0.0012827215250581503 0.8160769939422607
v -0.026433825492858887 -0.17825071513652802 0.8323032855987549
v -0.012742864899337292 -0.13210725784301758 0.7990908622741699
v -0.1511734575033188 -0.1409810483455658 0.8175987601280212
v -0.1509198248386383 -0.15391133725643158 0.8158243894577026
v -0.21151433885097504 0.005309231113642454 0.8249509930610657
v -0.1382431834936142 -0.18991343677043915 0.8244437575340271
v -0.12658044695854187 -0.2003084272146225 0.825458288192749
v 0.06990976631641388 0.11382261663675308 0.8181060552597046
v -0.22976963222026825 0.014943533577024937 0.8183586597442627
v -0.2211502343416214 0.009112265892326832 0.8104991912841797
v 0.0628107488155365 0.18202340602874756 0.8274872899055481
v -0.03403989225625992 -0.20233666896820068 0.824191153049469
v 0.07219162583351135 0.20281298458576202 0.826725423336029
v -0.016799526289105415 -0.17039121687412262 0.8170915246009827
v -0.014771096408367157 -0.14503751695156097 0.8206403255462646
v -0.023644907400012016 -0.18965980410575867 0.8216548562049866
v 0.08993925154209137 0.3278070092201233 0.8244437575340271
v -0.23610736429691315 0.02432439662516117 0.8018797636032104
v -0.2257135659456253 0.012154611758887768 0.8028942942619324
v -0.14965227246284485 -0.1736871898174286 0.8127807974815369
v -0.2414325475692749 0.05855171009898186 0.7750051021575928
v -0.24092528223991394 0.044607315212488174 0.7851462364196777
v -0.24701038002967834 0.3354138731956482 0.8188658952713013
v 0.057993605732917786 0.015197157859802246 0.8013725280761719
v -0.2492920607328415 0.33338484168052673 0.8208949565887451
v 0.08841788023710251 0.302706778049469 0.7985835671424866
v 0.08841788023710251 0.32983604073524475 0.799343466758728
v 0.08943219482898712 0.3227364718914032 0.8125281929969788
v -0.24067066609859467 0.17796733975410461 0.7653712034225464
v -0.24041804671287537 0.22005373239517212 0.7904694676399231
v -0.2492920607328415 0.25529515743255615 0.8137953281402588
v -0.24269968271255493 0.23805437982082367 0.8059358596801758
v -0.044941939413547516 -0.22616897523403168 0.8122735619544983
v -0.0847470834851265 -0.23174680769443512 0.8099918961524963
v -0.057111725211143494 -0.24594484269618988 0.799343466758728
v 0.07599465548992157 0.23780174553394318 0.8196278214454651
v 0.01514609158039093 -0.015987800434231758 0.8072029948234558
v -0.2399107813835144 0.036240555346012115 0.8064430952072144
v 0.05900772660970688 0.17112235724925995 0.8229239583015442
v 0.019202658906579018 -0.012945449911057949 0.7988362312316895
v 0.03695020452141762 -0.0020434062462300062 0.7917386293411255
v 0.06052909418940544 0.1612338125705719 0.8104991912841797
v 0.07523416727781296 0.23653461039066315 0.7935130000114441
v 0.0757412314414978 0.23983080685138702 0.8069503307342529
v 0.0737127959728241 0.2091526985168457 0.8158243894577026
v -0.1481311023235321 -0.1873781532049179 0.8097392916679382
v -0.18032997846603394 -0.012945449911057949 0.8087247610092163
v -0.17804832756519318 -0.012945449911057949 0.7714542746543884
v -0.16410373151302338 -0.028157588094472885 0.7815974354743958
v -0.14635631442070007 -0.19701245427131653 0.8072029948234558
v -0.12962278723716736 -0.21247801184654236 0.8150624632835388
v -0.15066640079021454 -0.12754352390766144 0.7836244702339172
v -0.19756975769996643 -0.0007756650447845459 0.8008652329444885
v 0.07117751240730286 0.19495348632335663 0.799343466758728
v -0.18109066784381866 -0.012184765189886093 0.8208949565887451
v -0.16308961808681488 -0.03170699253678322 0.8158243894577026
v 0.0006945478380657732 -0.030185820534825325 0.8165842890739441
v -0.03226508945226669 -0.21653467416763306 0.8125281929969788
v -0.02795500122010708 -0.20436489582061768 0.8168388605117798
v -0.15193413197994232 -0.051989905536174774 0.8158243894577026
v -0.16030070185661316 -0.03474953770637512 0.8008652329444885
v -0.13672180473804474 -0.2132387012243271 0.8089793920516968
v -0.24979932606220245 0.25985848903656006 0.8028942942619324
v 0.08131887018680573 0.3336374759674072 0.8153170943260193
v 0.06433212757110596 0.15743039548397064 0.80162513256073
v -0.06015406921505928 0.33769553899765015 0.7755123376846313
v -0.1499057114124298 -0.05477878451347351 0.8023870587348938
v -0.25309547781944275 0.3240036070346832 0.8122735619544983
v -0.1154249757528305 -0.22033771872520447 0.8137953281402588
v -0.020855989307165146 -0.1972658783197403 0.8115136623382568
v -0.048744965344667435 -0.2500015199184418 0.7947801351547241
v -0.07992992550134659 -0.2591289281845093 0.787935197353363
v -0.2508138120174408 0.2814099192619324 0.7823573350906372
v -0.24979932606220245 0.3341447412967682 0.8102465271949768
v 0.06889565289020538 0.1827852725982666 0.795794665813446
v -0.042660076171159744 -0.23960651457309723 0.8008652329444885
v -0.2475176453590393 0.3351592719554901 0.8077102303504944
v 0.07345936447381973 0.12624582648277283 0.7970618009567261
v 0.05140165612101555 0.008351577445864677 0.8064430952072144
v -0.15193413197994232 -0.1683627814054489 0.7919912338256836
v 0.07421985268592834 0.10063871741294861 0.796809196472168
v -0.12404515594244003 -0.22414074838161469 0.8089793920516968
v -0.010714633390307426 0.33794817328453064 0.7620750069618225
v -0.22976963222026825 0.016211271286010742 0.7955420613288879
v -0.22165550291538239 0.010380011051893234 0.7876805663108826
v -0.019334815442562103 -0.20766085386276245 0.80035799741745
v 0.07396642118692398 0.2248716801404953 0.7805829048156738
v -0.10705822706222534 -0.2408740520477295 0.7990908622741699
v 0.08715033531188965 0.33313024044036865 0.8084721565246582
v 0.07067045569419861 0.05373455211520195 0.7909767031669617
v 0.07219162583351135 0.0750315934419632 0.7935130000114441
v -0.236869215965271 0.3384554386138916 0.7988362312316895
v -0.007418657653033733 -0.083428293466568 0.7417907118797302
v -0.008686202578246593 -0.06061011552810669 0.7815974354743958
v 0.07472711056470871 0.15058541297912598 0.7691726684570312
v 0.07117751240730286 0.16833342611789703 0.7826099395751953
v -0.02592676877975464 -0.21678830683231354 0.8054285645484924
v -0.01578521355986595 -0.1833214908838272 0.8049213290214539
v -0.13875024020671844 -0.22439438104629517 0.7978237271308899
v -0.024405594915151596 -0.22971858084201813 0.793765664100647
v -0.008432772010564804 -0.0535111203789711 0.7947801351547241
v -0.14331376552581787 -0.20892859995365143 0.803401529788971
v -0.15168051421642303 -0.18129326403141022 0.7904694676399231
v -0.14737042784690857 -0.20766085386276245 0.7952874302864075
v -0.25132107734680176 0.3321177065372467 0.80035799741745
v -0.0018408215837553144 -0.035763658583164215 0.8018797636032104
v -0.01502472534775734 -0.19574470818042755 0.7927531003952026
v 0.06534624099731445 0.02711331844329834 0.796809196472168
v -0.20999455451965332 0.3399772047996521 0.7643566727638245
v -0.23129139840602875 0.3402298390865326 0.770694375038147
v -0.035307638347148895 -0.2418883740901947 0.7955420613288879
v -0.00462969858199358 -0.04539797455072403 0.7739905714988708
v 0.004751110449433327 -0.027903961017727852 0.7838791012763977
v 0.07447348535060883 0.3371883034706116 0.7960473299026489
v -0.24903742969036102 0.3349066376686096 0.7975690960884094
v 0.06027546152472496 0.016464702785015106 0.7909767031669617
v -0.1501593291759491 -0.051989905536174774 0.7909767031669617
v -0.14584925770759583 -0.06162426620721817 0.7750051021575928
v -0.14584925770759583 -0.07658287137746811 0.7851462364196777
v -0.01781364344060421 -0.21780242025852203 0.7884424328804016
v -0.24067066609859467 0.20103858411312103 0.7040150165557861
v -0.24092528223991394 0.12802064418792725 0.6593923568725586
v -0.24092528223991394 0.0978497862815857 0.7136489152908325
v -0.23281116783618927 0.020521368831396103 0.7871752977371216
v -0.012489236891269684 -0.18281441926956177 0.7712016701698303
v -0.24954469501972198 0.26138025522232056 0.7912313342094421
v 0.0757412314414978 0.12624582648277283 0.7869206666946411
v -0.23737648129463196 0.028888119384646416 0.7803282737731934
v 0.07396642118692398 0.2030676007270813 0.7641021013259888
v 0.07599465548992157 0.1008923351764679 0.7861607670783997
v -0.014264038763940334 -0.221098393201828 0.7673982381820679
v -0.12987641990184784 -0.24670551717281342 0.7881878018379211
v -0.12455221265554428 -0.25684690475463867 0.7826099395751953
v -0.13469357788562775 -0.23580347001552582 0.7932583689689636
v -0.2477702796459198 0.33794817328453064 0.7846390008926392
v -0.25182637572288513 0.3288215398788452 0.7886950373649597
v -0.1978243738412857 0.000492079823743552 0.7780466675758362
v -0.1501593291759491 -0.049201007932424545 0.7795684337615967
v -0.046970173716545105 -0.26267775893211365 0.7833718657493591
v 0.08867150545120239 0.32375094294548035 0.7765268683433533
v 0.08816444873809814 0.32653987407684326 0.787935197353363
v -0.24422147870063782 0.24769029021263123 0.7739905714988708
v -0.044941939413547516 0.3351592719554901 0.7032530903816223
v 0.07700877636671066 0.05500229820609093 0.7582716345787048
v 0.0767553448677063 0.08213059604167938 0.7734833359718323
v 0.07979769259691238 0.33642640709877014 0.7886950373649597
v 0.07016339898109436 0.33769553899765015 0.7795684337615967
v -0.14432808756828308 -0.22338005900382996 0.7907240986824036
v -0.09640961140394211 0.3382028043270111 0.7400163412094116
v -0.15168051421642303 -0.19168823957443237 0.7777940034866333
v -0.1499057114124298 -0.2063933163881302 0.7861607670783997
v -0.002854956779628992 -0.10041522979736328 0.6819562911987305
v -0.007672085892409086 -0.14529114961624146 0.721763014793396
v -0.006404540967196226 -0.20385783910751343 0.6733368635177612
v -0.033786267042160034 -0.25431159138679504 0.7841317653656006
v -0.14863815903663635 -0.11055658757686615 0.7605533003807068
v -0.1450885683298111 -0.07430105656385422 0.7724688053131104
v -0.023137850686907768 -0.24239543080329895 0.7821047306060791
v -0.020348932594060898 -0.23022563755512238 0.7853989005088806
v 0.06737447530031204 0.028888119384646416 0.7864133715629578
v -0.05330869182944298 -0.27231162786483765 0.7765268683433533
v 0.0836007297039032 0.12016093730926514 0.749650239944458
v -0.1978243738412857 0.0012525682104751468 0.7544682025909424
v -0.17247048020362854 -0.017001915723085403 0.7547228336334229
v 0.0876573920249939 0.29434001445770264 0.7605533003807068
v -0.14331376552581787 -0.24264885485172272 0.7765268683433533
v 0.07802309095859528 0.12599220871925354 0.7757650017738342
v 0.08638964593410492 0.2700016498565674 0.7717089056968689
v 0.08740375936031342 0.2826770842075348 0.7719615697860718
v -0.012235807254910469 -0.22084477543830872 0.744834303855896
v -0.14584925770759583 -0.23073269426822662 0.7798210382461548
v -0.1499057114124298 -0.22743670642375946 0.7610605359077454
v 0.015399628318846226 -0.01674848422408104 0.7828645706176758
v -0.15066640079021454 -0.1637992560863495 0.768412709236145
v 0.04455627501010895 0.0025203130207955837 0.7727234363555908
v 0.03035825304687023 -0.007874674163758755 0.7481304407119751
v 0.05444420129060745 0.006830400321632624 0.7532010674476624
v 0.06534624099731445 0.01900019310414791 0.7712016701698303
v 0.08486846834421158 0.33313024044036865 0.7815974354743958
v -0.24016541242599487 0.23044951260089874 0.7788085341453552
v -0.13367946445941925 -0.25507208704948425 0.7788085341453552
v -0.24878479540348053 0.2621401250362396 0.7701871395111084
v -0.1597936451435089 -0.032214052975177765 0.7658764719963074
v -0.07536620646715164 -0.2847364544868469 0.7666383385658264
v -0.06902788579463959 -0.29208871722221375 0.7597933411598206
v -0.05153388902544975 -0.2849890887737274 0.7651166319847107
v -0.22951699793338776 0.017225392162799835 0.7719615697860718
v 0.0757412314414978 0.23932354152202606 0.7717089056968689
v -0.24954469501972198 0.3351592719554901 0.7755123376846313
v -0.03911067172884941 -0.2654666602611542 0.7783012390136719
v -0.021363049745559692 -0.25304386019706726 0.7709490060806274
v 0.08638964593410492 0.3308486044406891 0.7739905714988708
v -0.01578521355986595 -0.237831711769104 0.764863908290863
v -0.03201165795326233 -0.2667338252067566 0.7722161412239075
v -0.2505592405796051 0.28800228238105774 0.753960907459259
v -0.2492920607328415 0.26746535301208496 0.7319042086601257
v -0.24726301431655884 0.2580840587615967 0.7529464364051819
v 0.023766320198774338 -0.011170648969709873 0.7658764719963074
v 0.07624828815460205 0.3374409079551697 0.7729760408401489
v -0.2381363809108734 0.03116978518664837 0.7694272398948669
v -0.12683407962322235 -0.2682555615901947 0.7717089056968689
v 0.0737127959728241 0.2152377963066101 0.7605533003807068
v -0.2510664463043213 0.30448117852211 0.7618204355239868
v -0.14559562504291534 -0.057314153760671616 0.7511720061302185
v -0.15523011982440948 -0.03627071529626846 0.7501574754714966
v -0.2259661853313446 0.014690102078020573 0.7567498683929443
v -0.13875024020671844 -0.25786101818084717 0.7709490060806274
v 0.07117751240730286 0.03319821134209633 0.7734833359718323
v 0.012357196770608425 -0.021312007680535316 0.7666383385658264
v -0.14686337113380432 -0.24138110876083374 0.7681601047515869
v -0.03758930414915085 -0.27814412117004395 0.7666383385658264
v 0.07853014767169952 0.2502245604991913 0.7603005766868591
v 0.08588258922100067 0.26923975348472595 0.754975438117981
v 0.08689670264720917 0.2732958197593689 0.7630875706672668
v -0.14559562504291534 -0.05934244021773338 0.7630875706672668
v -0.14965227246284485 -0.184589222073555 0.7417907118797302
v -0.004376170691102743 -0.048186853528022766 0.7597933411598206
v -0.006911599077284336 -0.06263840198516846 0.7544682025909424
v 0.0024692907463759184 -0.03322816640138626 0.7686654329299927
v 0.019709737971425056 0.3369336724281311 0.7298751473426819
v -0.24016541242599487 0.2230972796678543 0.7529464364051819
v -0.14052484929561615 -0.26724109053611755 0.7597933411598206
v -0.13089053332805634 -0.275862455368042 0.7625822424888611
v -0.25182637572288513 0.3209620714187622 0.7641021013259888
v 0.05647243559360504 0.010126378387212753 0.770694375038147
v 0.07979769259691238 0.12421759963035583 0.767145574092865
v 0.08689670264720917 0.3290742039680481 0.7641021013259888
v 0.08334730565547943 0.059565819799900055 0.7296225428581238
v 0.09019268304109573 0.10799115151166916 0.7161852121353149
v 0.08715033531188965 0.11306192725896835 0.7331713438034058
v 0.0815725028514862 0.3371883034706116 0.7658764719963074
v -0.14737042784690857 -0.2535509169101715 0.7554827332496643
v 0.0658532977104187 0.01900019310414791 0.7681601047515869
v -0.1491452157497406 -0.24645189940929413 0.7349457740783691
v -0.1471167951822281 -0.20309734344482422 0.6918448209762573
v -0.23610736429691315 0.026099205017089844 0.7554827332496643
v -0.2338256984949112 0.021789107471704483 0.7410308718681335
v -0.24092528223991394 0.04486074671149254 0.7499048709869385
v -0.23762913048267365 0.34048447012901306 0.7643566727638245
v -0.02592676877975464 -0.26749569177627563 0.7656238079071045
v -0.14559562504291534 -0.09052730351686478 0.7253118753433228
v -0.14458151161670685 -0.06948388367891312 0.7493976354598999
v 0.07193820178508759 0.030662721022963524 0.7651166319847107
v 0.0014551547355949879 -0.03525659814476967 0.7651166319847107
v -0.24802491068840027 0.2601131200790405 0.7615677714347839
v 0.06534624099731445 0.016971958801150322 0.7595387697219849
v -0.2475176453590393 0.3369336724281311 0.7620750069618225
v -0.24092528223991394 0.23983080685138702 0.7580170035362244
v 0.05292302370071411 0.33769553899765015 0.7501574754714966
v 0.07345936447381973 0.16858606040477753 0.7367201447486877
v 0.003990504890680313 -0.030946506187319756 0.7641021013259888
v -0.043420761823654175 -0.2880326509475708 0.7603005766868591
v 0.07421985268592834 0.23501284420490265 0.7552281022071838
v 0.07067045569419861 0.19419358670711517 0.7293679118156433
v 0.07143114507198334 0.20864543318748474 0.7349457740783691
v -0.016545897349715233 -0.26445215940475464 0.7501574754714966
v -0.014771096408367157 -0.24670551717281342 0.7532010674476624
v -0.14356739819049835 -0.06517376750707626 0.7253118753433228
v 0.012357196770608425 -0.021819064393639565 0.7613131999969482
v -0.18514692783355713 -0.006353501230478287 0.7311423420906067
v -0.14483514428138733 -0.10142934322357178 0.7113672494888306
v -0.024405594915151596 -0.278903990983963 0.7542155385017395
v -0.20771288871765137 0.005816287361085415 0.7397636771202087
v -0.006404540967196226 -0.10041522979736328 0.7281007766723633
v -0.22038835287094116 0.3402298390865326 0.749650239944458
v -0.11897438764572144 -0.2809330224990845 0.7641021013259888
v -0.07714100927114487 -0.30121535062789917 0.7511720061302185
v -0.02947617508471012 -0.2913268208503723 0.7488903403282166
v 0.08512189984321594 0.1412041336297989 0.7258191108703613
v 0.0037369756028056145 -0.0329747349023819 0.7554827332496643
v 0.08233318477869034 0.3356665074825287 0.7547228336334229
v -0.042153019458055496 -0.30020084977149963 0.748383104801178
v -0.2508138120174408 0.3131025433540344 0.7379893064498901
v -0.2459958791732788 0.33794817328453064 0.7587788701057434
v -0.25182637572288513 0.3321177065372467 0.753960907459259
v -0.25132107734680176 0.3184257745742798 0.754975438117981
v -0.13596132397651672 -0.27814412117004395 0.754975438117981
v -0.13798955082893372 -0.28879252076148987 0.7438197731971741
v -0.12607339024543762 -0.29969358444213867 0.7443270087242126
v 0.0726986899971962 0.22284266352653503 0.7400163412094116
v 0.07092408090829849 0.3384554386138916 0.7552281022071838
v -0.17652694880962372 0.33896270394325256 0.7357076406478882
v -0.14534220099449158 -0.05503233149647713 0.7395090460777283
v 0.08715033531188965 0.3275524079799652 0.7521865367889404
v 0.02959764562547207 -0.00964947510510683 0.7395090460777283
v 0.010328907519578934 -0.02841101586818695 0.7265790104866028
v 0.02807641215622425 -0.014720055274665356 0.7133962512016296
v -0.24701038002967834 0.3399772047996521 0.749144971370697
v 0.011596591211855412 -0.023340437561273575 0.752693772315979
v 0.07624828815460205 0.2484501600265503 0.7420453429222107
v -0.1481311023235321 -0.2631850242614746 0.7433125376701355
v -0.14179259538650513 -0.2773842215538025 0.748383104801178
v 0.07345936447381973 0.025845574215054512 0.7478758096694946
v -0.11922801285982132 -0.2956375181674957 0.7506647706031799
v 0.07827652245759964 0.2512390911579132 0.7506647706031799
v 0.08867150545120239 0.3115807771682739 0.7253118753433228
v 0.08892493695020676 0.3275524079799652 0.721001148223877
v 0.08816444873809814 0.3305959403514862 0.7268336415290833
v -0.00412264047190547 -0.05300404503941536 0.742552638053894
v 0.07903721183538437 0.0354800671339035 0.7362129092216492
v -0.25157371163368225 0.33161044120788574 0.751426637172699
v 0.06534624099731445 0.014690102078020573 0.7511720061302185
v -0.07181680202484131 -0.30958208441734314 0.743567168712616
v -0.04849134385585785 -0.30932945013046265 0.7417907118797302
v -0.23027688264846802 0.01747901551425457 0.7488903403282166
v 0.0767553448677063 0.33794817328453064 0.7488903403282166
v -0.14382082223892212 -0.22363369166851044 0.6751112937927246
v -0.1123824268579483 -0.30476614832878113 0.743567168712616
v -0.24574324488639832 0.2547878921031952 0.7445796728134155
v -0.2475176453590393 0.3384554386138916 0.7311423420906067
v 0.08512189984321594 0.3341447412967682 0.7466086745262146
v 0.05216233804821968 0.0032809977419674397 0.7359602451324463
v 0.06458555907011032 0.012154611758887768 0.742552638053894
v -0.24041804671287537 0.22259001433849335 0.7349457740783691
v 0.06357143819332123 0.0060699195601046085 0.716437816619873
v 0.07472711056470871 0.020774994045495987 0.7308896780014038
v 0.08638964593410492 0.2694943845272064 0.7458487749099731
v -0.012996293604373932 -0.26115795969963074 0.7293679118156433
v -0.019334815442562103 -0.27662232518196106 0.7466086745262146
v -0.25157371163368225 0.3290742039680481 0.7428052425384521
v -0.005136777646839619 -0.060103047639131546 0.7354530096054077
v -0.1390036642551422 0.3387080729007721 0.7384965419769287
v -0.2510664463043213 0.2814099192619324 0.7283533811569214
v -0.023137850686907768 -0.2910741865634918 0.7420453429222107
v -0.23712186515331268 0.02635263092815876 0.7324114441871643
v 0.07016339898109436 0.3374409079551697 0.7296225428581238
v 0.057993605732917786 0.33642640709877014 0.7177049517631531
v -0.034546948969364166 -0.3024825155735016 0.7430598735809326
v 0.08689670264720917 0.33338484168052673 0.7354530096054077
v 0.08207955956459045 0.15109266340732574 0.713903546333313
v 0.08968562632799149 0.13765493035316467 0.7083256840705872
v -0.08550757169723511 -0.3098367154598236 0.7422980070114136
v 0.08562915772199631 0.266958087682724 0.7372274398803711
v -0.15370874106884003 -0.03677777200937271 0.7369747757911682
v -0.24193981289863586 0.24439409375190735 0.7197340130805969
v -0.13951072096824646 -0.2989336848258972 0.7321568131446838
v -0.12784819304943085 -0.3098367154598236 0.7331713438034058
v -0.13494721055030823 -0.30907484889030457 0.7273408770561218
v -0.25157371163368225 0.32679253816604614 0.7344384789466858
v -0.24041804671287537 0.03953653573989868 0.7293679118156433
v -0.18109066784381866 -0.009142419323325157 0.7156779170036316
v -0.16537147760391235 -0.02232612483203411 0.7012260556221008
v -0.15624423325061798 -0.03246767818927765 0.7159305810928345
v -0.14635631442070007 -0.2854963541030884 0.7281007766723633
v -0.14382082223892212 -0.2976665496826172 0.7245519757270813
v -0.014771096408367157 -0.28625625371932983 0.7258191108703613
v -0.11517134308815002 -0.3316408097743988 0.7154232859611511
v -0.03353283554315567 -0.31414541602134705 0.7311423420906067
v -0.04620968550443649 -0.33265331387519836 0.7179595828056335
v -0.08094404637813568 -0.3316408097743988 0.7207485437393188
v -0.08322590589523315 -0.3455853760242462 0.7055367827415466
v -0.03961772844195366 -0.32352668046951294 0.7248045802116394
v -0.004376170691102743 -0.061877794563770294 0.7268336415290833
v 0.08816444873809814 0.2796355187892914 0.7248045802116394
v -6.605817907257006e-05 -0.04387673735618591 0.7308896780014038
v 0.07041682302951813 0.1794891059398651 0.7242973446846008
v 0.09653119742870331 0.1125548705458641 0.6872814893722534
v 0.09069973975419998 0.06159425526857376 0.6920994520187378
v -0.14838452637195587 -0.2730735242366791 0.7311423420906067
v -0.005897482391446829 -0.08849906921386719 0.7248045802116394
v -0.021363049745559692 -0.29969358444213867 0.7311423420906067
v -0.23306579887866974 0.33946993947029114 0.7215083837509155
v -0.1995987743139267 0.00023845155374146998 0.7090855836868286
v -0.14762385189533234 -0.04717271775007248 0.7306350469589233
v -0.24067066609859467 0.23019489645957947 0.714408814907074
v -0.2181066870689392 0.3371883034706116 0.7035077214241028
v -0.19909152388572693 0.33896270394325256 0.7212557792663574
v -0.1884431093931198 0.33186307549476624 0.667759120464325
v -0.1481311023235321 -0.2918340861797333 0.7060420513153076
v -0.23078414797782898 0.01747901551425457 0.7260717153549194
v -0.2508138120174408 0.2765919864177704 0.7111146450042725
v -0.2508138120174408 0.30803197622299194 0.721001148223877
v -0.08931059390306473 0.3321177065372467 0.6758712530136108
v -0.2510664463043213 0.3217219412326813 0.7171977162361145
v -0.14534220099449158 -0.05021514371037483 0.7171977162361145
v 0.08917856216430664 0.12294985353946686 0.7215083837509155
v 0.08131887018680573 0.030662721022963524 0.7189741134643555
v 0.07548759877681732 0.01900019310414791 0.722268283367157
v -0.24092528223991394 0.23780174553394318 0.6938738226890564
v 0.07447348535060883 0.24642114341259003 0.7334239482879639
v -0.2383890002965927 0.029648607596755028 0.7136489152908325
v 0.06737447530031204 0.23932354152202606 0.7075638175010681
v 0.06306438148021698 0.2388162761926651 0.6986898183822632
v 0.07599465548992157 0.2578314542770386 0.6931119561195374
v 0.07624828815460205 0.3369336724281311 0.7232828140258789
v -0.02668725699186325 -0.3146526515483856 0.7250572443008423
v -0.14458151161670685 -0.139713317155838 0.6839852929115295
v -0.14356739819049835 -0.09661220014095306 0.687788724899292
v 0.08512189984321594 0.26771798729896545 0.718719482421875
v 0.0037369756028056145 0.33262497186660767 0.6837326884269714
v 0.049627047032117844 -0.0020434062462300062 0.7095928192138672
v 0.06788153201341629 0.17314939200878143 0.7078184485435486
v -0.24117793142795563 0.04308613762259483 0.6918448209762573
v -0.23560009896755219 0.021282050758600235 0.7068039178848267
v -0.1293693631887436 -0.31947061419487 0.7220156788825989
v -0.2211502343416214 0.3336374759674072 0.676885724067688
v 0.0024692907463759184 -0.04184846952557564 0.7212557792663574
v 0.08638964593410492 0.05449524149298668 0.7123817801475525
v -0.014010608196258545 -0.2971592843532562 0.7136489152908325
v -0.2475176453590393 0.3356665074825287 0.7133962512016296
v -0.021363049745559692 -0.31389278173446655 0.7179595828056335
v -0.00412264047190547 -0.06415960937738419 0.7179595828056335
v 0.0019622324034571648 -0.044637344777584076 0.7126343846321106
v 0.08917856216430664 0.29256561398506165 0.712127149105072
v 0.07599465548992157 0.25225359201431274 0.7227755784988403
v 0.06331781297922134 0.0017596246907487512 0.6994516849517822
v -0.14458151161670685 -0.3073004186153412 0.712127149105072
v -0.009700517170131207 -0.2487337589263916 0.6948883533477783
v -0.22317726910114288 0.010380011051893234 0.7184668779373169
v -0.032518722116947174 -0.32504844665527344 0.7189741134643555
v 0.07523416727781296 0.3366810381412506 0.718719482421875
v 0.06331781297922134 0.18430505692958832 0.7047749161720276
v 0.00982182938605547 -0.0329747349023819 0.7093381881713867
v -0.22698070108890533 0.012154611758887768 0.7090855836868286
v 0.08537552505731583 0.26923975348472595 0.6999589204788208
v 0.08816444873809814 0.2776065170764923 0.7068039178848267
v 0.08284024149179459 0.3359191417694092 0.718719482421875
v -0.24827754497528076 0.2654363214969635 0.6956482529640198
v -0.24219244718551636 0.24997195601463318 0.6905776858329773
v -0.04519536346197128 -0.3440636396408081 0.7057893872261047
v -0.14356739819049835 -0.0864708349108696 0.7009714245796204
v -0.14458151161670685 -0.17089827358722687 0.6700407862663269
v 0.08917856216430664 0.32527074217796326 0.7126343846321106
v 0.08943219482898712 0.30219951272010803 0.6910849213600159
v 0.08993925154209137 0.3209620714187622 0.6951409578323364
v -0.2414325475692749 0.07122855633497238 0.6472221612930298
v 0.08892493695020676 0.049424462020397186 0.6953936219215393
v 0.08284024149179459 0.028127431869506836 0.7103527188301086
v 0.0836007297039032 0.025338517501950264 0.7019859552383423
v -0.13469357788562775 -0.322512149810791 0.7141561508178711
v 0.08461485058069229 0.14931826293468475 0.7050295472145081
v -0.14204621315002441 -0.062384869903326035 0.713141679763794
v 0.09323523193597794 0.1234569102525711 0.7027478814125061
v 0.0767553448677063 0.016718335449695587 0.7133962512016296
v -0.002854956779628992 -0.0692303329706192 0.7012260556221008
v -0.021616676822304726 -0.3270754814147949 0.7047749161720276
v -0.01781364344060421 -0.31541454792022705 0.7088309526443481
v -0.24396686255931854 0.33617377281188965 0.7040150165557861
v -0.14534220099449158 -0.04844040423631668 0.7050295472145081
v 0.04607744514942169 0.3308486044406891 0.674604058265686
v -0.2505592405796051 0.3133551776409149 0.6918448209762573
v -0.20669838786125183 0.3303413391113281 0.6593923568725586
v -0.03150460124015808 -0.33671140670776367 0.7070565223693848
v 0.00018747005378827453 -0.050975751131772995 0.7050295472145081
v -0.14103209972381592 -0.33062630891799927 0.6953936219215393
v -0.1293693631887436 -0.33290794491767883 0.7080710530281067
v 0.08385435491800308 0.3349066376686096 0.7098454833030701
v -0.18920299410820007 -0.0060998727567493916 0.6951409578323364
v -0.1777946949005127 -0.012691821902990341 0.7007188200950623
v -0.14432808756828308 -0.31845608353614807 0.6994516849517822
v 0.059261348098516464 0.2248716801404953 0.6933665871620178
v 0.05951477959752083 0.21295413374900818 0.6966627836227417
v -0.2505592405796051 0.306255578994751 0.6664919853210449
v -0.2508138120174408 0.28926941752433777 0.671055257320404
v -0.24954469501972198 0.33313024044036865 0.7050295472145081
v 0.07498054206371307 0.012408243492245674 0.7055367827415466
v 0.037964317947626114 -0.011931137181818485 0.6941264867782593
v 0.04886636510491371 -0.0060998727567493916 0.6923520565032959
v 0.0014551547355949879 -0.10573944449424744 0.6271924376487732
v -0.236869215965271 0.33642640709877014 0.6946337223052979
v -0.23560009896755219 0.019760681316256523 0.6979299187660217
v -0.011982178315520287 -0.3105965852737427 0.6903230547904968
v -0.14686337113380432 -0.3151599168777466 0.6908302903175354
v -0.1232844665646553 -0.3412747085094452 0.7024932503700256
v -0.13646838068962097 -0.3412747085094452 0.690070390701294
v 0.009314771741628647 -0.03804551437497139 0.6923520565032959
v 0.017427917569875717 -0.026889843866229057 0.6984371542930603
v 0.08715033531188965 0.3313558101654053 0.7014787197113037
v -0.20035865902900696 -0.002550466451793909 0.6852524280548096
v -0.22672808170318604 0.010633435100317001 0.7004641890525818
v -0.14204621315002441 -0.060103047639131546 0.7014787197113037
v 0.0006945478380657732 -0.0535111203789711 0.6966627836227417
v -0.1291157305240631 0.3308486044406891 0.6675063967704773
v 0.027062276378273964 -0.019030146300792694 0.6961554884910583
v -0.14229965209960938 -0.10624650120735168 0.6740968227386475
v -0.031250979751348495 -0.348626971244812 0.6943811178207397
v -0.025166083127260208 -0.3364567756652832 0.7007188200950623
v -0.21278347074985504 -1.4976632883190177e-05 0.6753659248352051
v -0.2257135659456253 0.007084032520651817 0.6829707622528076
v -0.14432808756828308 -0.2958921492099762 0.644687831401825
v 0.07599465548992157 0.3336374759674072 0.6918448209762573
v -0.01705295778810978 -0.3255557119846344 0.6969153881072998
v 0.06737447530031204 0.17086772620677948 0.6994516849517822
v 0.0945027768611908 0.1343589574098587 0.6905776858329773
v 0.08740375936031342 0.1475418657064438 0.6961554884910583
v 0.06154320761561394 0.18177075684070587 0.6964081525802612
v 0.10134835541248322 0.12878112494945526 0.6644629240036011
v -0.0008266650838777423 -0.07328692078590393 0.674604058265686
v 0.0017086839070543647 -0.05858183279633522 0.6796746253967285
v 0.07827652245759964 0.012408243492245674 0.6961554884910583
v -0.12404515594244003 -0.35141584277153015 0.6905776858329773
v -0.25005197525024414 0.3293287754058838 0.6875340938568115
v -0.14128553867340088 -0.05756768211722374 0.6893104910850525
v -0.17728763818740845 -0.015227111056447029 0.6791673898696899
v -0.16207550466060638 -0.02612915448844433 0.6862669587135315
v 0.06788153201341629 0.168840691447258 0.6908302903175354
v -0.154976487159729 0.32805967330932617 0.6500110626220703
v 0.08081181347370148 0.26492905616760254 0.6822109222412109
v 0.0658532977104187 0.2590985894203186 0.6738441586494446
v -0.14787746965885162 -0.04311613366007805 0.6844925880432129
v -0.24979932606220245 0.27431032061576843 0.6839852929115295
v 0.09044630825519562 0.04714260622859001 0.6867742538452148
v 0.08486846834421158 0.023310283198952675 0.6933665871620178
v 0.08613621443510056 0.02102842554450035 0.684745192527771
v -0.23915088176727295 0.3356665074825287 0.6857597231864929
v 0.05621900409460068 0.1911500245332718 0.684745192527771
v -0.05939338356256485 -0.35902273654937744 0.6908302903175354
v -0.05178732052445412 -0.36206427216529846 0.6860143542289734
v 0.08309367299079895 0.1566704958677292 0.6844925880432129
v 0.0549512580037117 0.2111797332763672 0.6880413889884949
v -0.01578521355986595 -0.3351896107196808 0.684745192527771
v -0.09995920956134796 -0.35471203923225403 0.6923520565032959
v -0.13976435363292694 -0.06948388367891312 0.6875340938568115
v -0.13875024020671844 -0.06770911812782288 0.6753659248352051
v 0.08791081607341766 0.32983604073524475 0.6928593516349792
v -0.037082239985466 -0.3567391037940979 0.6882960200309753
v -0.2259661853313446 0.008858634158968925 0.6915921568870544
v 0.08841788023710251 0.2796355187892914 0.6880413889884949
v 0.09957355260848999 0.10723065584897995 0.6702953577041626
v 0.08486846834421158 0.2679726183414459 0.6908302903175354
v 0.07853014767169952 0.009872954338788986 0.687788724899292
v 0.06357143819332123 -0.002550466451793909 0.6822109222412109
v 0.0934886559844017 0.14500756561756134 0.6786601543426514
v 0.017427917569875717 -0.028918074443936348 0.6898157596588135
v -0.005897482391446829 -0.2408740520477295 0.6464622616767883
v -0.010714633390307426 -0.32961177825927734 0.665477454662323
v -0.007165029179304838 -0.3273301124572754 0.6200948357582092
v 0.02680874615907669 -0.02359386533498764 0.6791673898696899
v -0.14483514428138733 -0.3369640111923218 0.674604058265686
v 0.05368351191282272 0.23577271401882172 0.6814489960670471
v 0.05774017423391342 0.2481975257396698 0.6862669587135315
v -0.23458755016326904 0.015957646071910858 0.6804364919662476
v -0.11694616079330444 -0.35952797532081604 0.6837326884269714
v -0.14686337113380432 -0.3237813115119934 0.6781548261642456
v -0.13646838068962097 -0.07835763692855835 0.6604068875312805
v 0.05165528133511543 0.22132089734077454 0.6761258244514465
v 0.049119990319013596 -0.015987800434231758 0.6583778262138367
v 0.06407849490642548 -0.0076210456900298595 0.6649701595306396
v 0.06154320761561394 0.17771270871162415 0.6791673898696899
v 0.08613621443510056 0.32983604073524475 0.6837326884269714
v 0.052669402211904526 0.20256033539772034 0.6814489960670471
v 0.07624828815460205 0.0045485426671803 0.679929256439209
v 0.09120679646730423 0.029902232810854912 0.6730842590332031
v -0.15523011982440948 -0.03525659814476967 0.6680117249488831
v -0.13697543740272522 -0.35116320848464966 0.6779001951217651
v -0.12480565160512924 -0.36079713702201843 0.6786601543426514
v -0.13165122270584106 -0.36104974150657654 0.6725770235061646
v -0.2396581470966339 0.02787400782108307 0.686521589756012
v -0.2399107813835144 0.3341447412967682 0.676885724067688
v 0.0737127959728241 0.16503725945949554 0.6735895872116089
v 0.018442051485180855 -0.03931305930018425 0.6558435559272766
v 0.027569353580474854 -0.031453561037778854 0.6535618901252747
v 0.06458555907011032 0.1736566424369812 0.661928653717041
v 0.08740375936031342 0.2778611183166504 0.6606594920158386
v 0.08715033531188965 0.27557748556137085 0.6705480217933655
v -0.0639571025967598 0.3303413391113281 0.666744589805603
v 0.1054048165678978 0.07021444290876389 0.6342920660972595
v 0.07853014767169952 0.32805967330932617 0.6566033959388733
v 0.06407849490642548 0.3262852728366852 0.6479840278625488
v -0.019334815442562103 -0.3473597764968872 0.6809437274932861
v 0.08816444873809814 0.27735385298728943 0.6791673898696899
v -0.2414325475692749 0.2436322420835495 0.6647175550460815
v 0.08993925154209137 0.3131025433540344 0.6697880625724792
v -0.05939338356256485 -0.3689092695713043 0.6781548261642456
v -0.14153915643692017 -0.055539391934871674 0.6779001951217651
v -0.24092528223991394 0.03345164284110069 0.6758712530136108
v -0.02389833889901638 -0.3572463393211365 0.6758712530136108
v 0.051148224622011185 0.21396863460540771 0.6784074902534485
v -0.14229965209960938 -0.0535111203789711 0.666744589805603
v -0.10959351062774658 -0.36713483929634094 0.6763784885406494
v -0.0588863268494606 -0.3787977993488312 0.6657300591468811
v 0.08562915772199631 0.010633435100317001 0.6692808270454407
v -0.24041804671287537 0.21625030040740967 0.6629411578178406
v -0.24979932606220245 0.3245108723640442 0.6705480217933655
v -0.14660973846912384 -0.3265702426433563 0.6548290252685547
v -0.0827188491821289 -0.3876717984676361 0.6538144946098328
v 0.0549512580037117 0.246928408741951 0.6784074902534485
v -0.10274813324213028 0.32501813769340515 0.6411370635032654
v -0.22520630061626434 0.0050555989146232605 0.6740968227386475
v 0.0070329513400793076 -0.05021514371037483 0.6682663559913635
v 0.09678462892770767 0.14297853410243988 0.6697880625724792
v -0.036575183272361755 -0.3663749694824219 0.6756185293197632
v 0.08917856216430664 0.28774765133857727 0.6675063967704773
v 0.05545831471681595 0.18658670783042908 0.6675063967704773
v 0.08943219482898712 0.31893303990364075 0.6497584581375122
v 0.08993925154209137 0.2950998842716217 0.6375882625579834
v 0.07802309095859528 -0.0005220368038862944 0.6629411578178406
v -0.01502472534775734 -0.34533077478408813 0.6725770235061646
v -0.18109066784381866 -0.01624142751097679 0.6566033959388733
v 0.00779355876147747 -0.05300404503941536 0.6596449613571167
v -0.14280670881271362 -0.1427556574344635 0.6598995923995972
v -0.1430603414773941 -0.1556861400604248 0.6588850617408752
v 0.05571174621582031 0.2481975257396698 0.669026255607605
v -0.236869215965271 0.01900019310414791 0.6705480217933655
v -0.23433294892311096 0.012408243492245674 0.6629411578178406
v -0.14153915643692017 -0.358260840177536 0.6578705906867981
v 0.0924745425581932 0.019253624603152275 0.6576179265975952
v -0.2414325475692749 0.043846625834703445 0.6454477310180664
v 0.053176458925008774 0.24109794199466705 0.6530545949935913
v 0.05419056862592697 0.246928408741951 0.6601522564888
v -0.14458151161670685 -0.3458380401134491 0.661928653717041
v -0.22469905018806458 0.0032809977419674397 0.665477454662323
v -0.24041804671287537 0.02685968577861786 0.6500110626220703
v 0.003483446314930916 -0.24543777108192444 0.5354127883911133
v 0.005004660226404667 -0.1785043478012085 0.5524009466171265
v 0.050387535244226456 0.2094053030014038 0.6614213585853577
v 0.10312295705080032 0.1264994591474533 0.6558435559272766
v 0.10489775985479355 0.09708930552005768 0.6454477310180664
v -0.24422147870063782 0.33161044120788574 0.6685189604759216
v -0.22495166957378387 0.3288215398788452 0.6507729291915894
v -0.16841383278369904 -0.025368670001626015 0.6566033959388733
v -0.15218757092952728 -0.04083431512117386 0.6530545949935913
v -0.2503065764904022 0.2841988503932953 0.6540691256523132
v 0.049627047032117844 -0.021312007680535316 0.6413916945457458
v -0.030236858874559402 -0.3678947389125824 0.6692808270454407
v -0.1253127157688141 -0.3704310357570648 0.6662373542785645
v -0.018574131652712822 -0.3569936752319336 0.6687735915184021
v -0.13190466165542603 -0.3704310357570648 0.6601522564888
v 0.0934886559844017 0.15286707878112793 0.6578705906867981
v -0.03606812655925751 -0.3866572976112366 0.6502656936645508
v 0.06052909418940544 0.2580840587615967 0.6657300591468811
v -0.1461026817560196 -0.3412747085094452 0.6525473594665527
v 0.08284024149179459 0.27228331565856934 0.6527999639511108
v -0.09793098270893097 -0.38817906379699707 0.6510255932807922
v -0.08981785923242569 0.32527074217796326 0.6411370635032654
v 0.003990504890680313 -0.06948388367891312 0.6459550261497498
v 0.011089514940977097 -0.0522434376180172 0.6505182981491089
v -0.20973993837833405 -0.004578696098178625 0.6586324572563171
v 0.08816444873809814 0.1612338125705719 0.6464622616767883
v -0.1382431834936142 -0.06542729586362839 0.6629411578178406
v 0.01768144778907299 0.3260326087474823 0.6487439274787903
v -0.14229965209960938 -0.1298253834247589 0.6611667275428772
v 0.058500662446022034 0.2578314542770386 0.6573632955551147
v -0.014771096408367157 -0.3549646735191345 0.6604068875312805
v -0.023644907400012016 -0.3673894703388214 0.6629411578178406
v -0.2508138120174408 0.31868040561676025 0.644687831401825
v 0.001201625564135611 -0.08089300245046616 0.6489965319633484
v 0.057993605732917786 0.18202340602874756 0.6505182981491089
v 0.05165528133511543 0.19495348632335663 0.6560961604118347
v 0.08689670264720917 0.008098145015537739 0.6606594920158386
v 0.08791081607341766 0.3245108723640442 0.6573632955551147
v 0.0037369756028056145 -0.09002024680376053 0.6238982677459717
v -0.008939830586314201 -0.3585154712200165 0.6287142038345337
v -0.1334260255098343 -0.10852836072444916 0.6195876002311707
v -0.1334260255098343 -0.13362842798233032 0.6167986392974854
v -0.236869215965271 0.014436469413340092 0.6533072590827942
v 0.09931991994380951 0.1409514993429184 0.6611667275428772
v -0.11086125671863556 -0.3861500322818756 0.6520401239395142
v -0.18945762515068054 0.32375094294548035 0.6332775354385376
v -0.2074582874774933 0.3242582082748413 0.6332775354385376
v -0.14483514428138733 -0.33265331387519836 0.6297287344932556
v -0.048744965344667435 0.3217219412326813 0.6320104002952576
v -0.06471779197454453 0.3217219412326813 0.632265031337738
v 0.052415769547224045 0.19241918623447418 0.6477293968200684
v -0.2241917848587036 0.0012525682104751468 0.6568560600280762
v 0.052415769547224045 0.23222391307353973 0.6462076306343079
v 0.08867150545120239 0.28318434953689575 0.6502656936645508
v 0.08816444873809814 0.2809026837348938 0.6413916945457458
v 0.07827652245759964 -0.0030575229320675135 0.6545743942260742
v -0.14356739819049835 -0.05477878451347351 0.6441805958747864
v -0.1390036642551422 -0.06542729586362839 0.639362633228302
v -0.12581975758075714 -0.3798123002052307 0.6538144946098328
v 0.06509261578321457 -0.015227111056447029 0.6396172642707825
v 0.08081181347370148 0.27228331565856934 0.6439259648323059
v 0.05697949230670929 0.2558024227619171 0.6487439274787903
v 0.06027546152472496 0.26112762093544006 0.638095498085022
v 0.05064116790890694 0.2073782980442047 0.6527999639511108
v -0.14128553867340088 -0.36688223481178284 0.6451951265335083
v -0.2508138120174408 0.2966216504573822 0.632265031337738
v -0.135200634598732 -0.3818393349647522 0.6383481025695801
v -0.24016541242599487 0.22689872980117798 0.6325176358222961
v -0.058379270136356354 -0.39781293272972107 0.6401245594024658
v -0.13545426726341248 -0.0882454439997673 0.6467148661613464
v -0.11618547141551971 -0.3907133638858795 0.644687831401825
v -0.2257135659456253 -1.4976632883190177e-05 0.6495038270950317
v -0.21709218621253967 -0.006353501230478287 0.6413916945457458
v -0.022884221747517586 -0.3772760033607483 0.6510255932807922
v -0.014010608196258545 -0.3643459379673004 0.6479840278625488
v 0.08816444873809814 0.0055626630783081055 0.6520401239395142
v 0.10134835541248322 0.14931826293468475 0.6403771638870239
v 0.10819373279809952 0.12320348620414734 0.6383481025695801
v -0.14584925770759583 -0.34989410638809204 0.6396172642707825
v 0.0975453183054924 0.15109266340732574 0.6492511630058289
v 0.08993925154209137 0.31715860962867737 0.6411370635032654
v -0.14382082223892212 0.3229890763759613 0.632770299911499
v -0.15472285449504852 0.3232436776161194 0.632770299911499
v -0.19756975769996643 -0.012945449911057949 0.63581383228302
v -0.07714100927114487 0.32222920656204224 0.632265031337738
v 0.06002203747630119 0.18024899065494537 0.6418989300727844
v -0.17830175161361694 -0.02105857990682125 0.6418989300727844
v -0.19528809189796448 -0.018523089587688446 0.6211093664169312
v 0.07929063588380814 0.32679253816604614 0.6477293968200684
v 0.05545831471681595 0.31132614612579346 0.6244035363197327
v 0.04379558563232422 0.32045480608940125 0.6312505006790161
v 0.06990976631641388 0.32045480608940125 0.6307432651519775
v -0.25005197525024414 0.3123406767845154 0.627954363822937
v -0.22495166957378387 0.3240036070346832 0.6335321664810181
v -0.24067066609859467 0.23805437982082367 0.6020941734313965
v -0.24067066609859467 0.20560188591480255 0.5833315849304199
v 0.10084129869937897 0.022042538970708847 0.629221498966217
v 0.10819373279809952 0.052973873913288116 0.6206020712852478
v -0.24067066609859467 0.02432439662516117 0.641644299030304
v 0.027822883799672127 -0.034242480993270874 0.6451951265335083
v 0.020216817036271095 -0.048693932592868805 0.6307432651519775
v -0.24067066609859467 0.2484501600265503 0.63581383228302
v 0.10489775985479355 0.1475418657064438 0.6317577958106995
v -0.13773612678050995 -0.177490234375 0.6401245594024658
v -0.17120273411273956 -0.02917170338332653 0.6347993016242981
v -0.13494721055030823 -0.08596377819776535 0.63454669713974
v 0.0410066694021225 0.3105662763118744 0.6238982677459717
v 0.02807641215622425 0.31107351183891296 0.6236436367034912
v -0.03556106984615326 -0.3960385322570801 0.6375882625579834
v 0.0057652671821415424 -0.07556873559951782 0.6289688348770142
v 0.07929063588380814 -0.00584644079208374 0.6459550261497498
v -0.022377165034413338 -0.38690993189811707 0.6386027336120605
v -0.013503551483154297 -0.37423446774482727 0.6355592012405396
v -0.24498134851455688 0.3245108723640442 0.6429134607315063
v 0.05444420129060745 0.24642114341259003 0.642406165599823
v 0.07624828815460205 0.16858606040477753 0.6355592012405396
v 0.06128958240151405 0.1784745752811432 0.6332775354385376
v -0.23458755016326904 0.004041485954076052 0.6342920660972595
v -0.1539623737335205 -0.044637344777584076 0.6304886341094971
v -0.1539623737335205 -0.04844040423631668 0.6185730695724487
v -0.24954469501972198 0.27811378240585327 0.6370809674263
v 0.08436141163110733 0.27557748556137085 0.6335321664810181
v 0.08917856216430664 0.002013252815231681 0.6439259648323059
v -0.17247048020362854 0.32349634170532227 0.6330249309539795
v 0.003229897702112794 -0.15619319677352905 0.5891621112823486
v 0.004244053270667791 -0.12069813907146454 0.5919510126113892
v -0.23661459982395172 0.011901180259883404 0.6449404954910278
v 0.0519087128341198 -0.030692875385284424 0.6162914037704468
v 0.0508945994079113 -0.02765052765607834 0.6246581673622131
v 0.02909056656062603 -0.04032725468277931 0.6284615993499756
v -0.1372290700674057 -0.20309734344482422 0.6251654028892517
v 0.003990504890680313 0.32070744037628174 0.631503164768219
v -0.022377165034413338 0.3212146759033203 0.6317577958106995
v 0.08816444873809814 0.3136098086833954 0.6325176358222961
v 0.11098264902830124 0.09430039674043655 0.6276997327804565
v 0.09222091734409332 0.1597120612859726 0.6378408670425415
v -0.22850248217582703 -0.00432506762444973 0.627954363822937
v 0.010328907519578934 -0.06137072294950485 0.6342920660972595
v -0.11618547141551971 0.3227364718914032 0.6325176358222961
v -0.10224107652902603 -0.4097284972667694 0.6208547353744507
v -0.10705822706222534 -0.42443498969078064 0.598290741443634
v -0.07181680202484131 -0.42595475912094116 0.600572407245636
v -0.10274813324213028 0.32222920656204224 0.6325176358222961
v -0.08981785923242569 0.31563684344291687 0.6244035363197327
v -0.15041276812553406 -0.05021514371037483 0.6269398331642151
v -0.12962278723716736 -0.3924877643585205 0.6325176358222961
v -0.11567841470241547 -0.39984196424484253 0.631503164768219
v -0.24067066609859467 0.16833342611789703 0.5840915441513062
v 0.07929063588380814 0.3212146759033203 0.6304886341094971
v -0.24269968271255493 0.02102842554450035 0.5612749457359314
v -0.2416851967573166 0.014690102078020573 0.595247209072113
v -0.24193981289863586 0.059565819799900055 0.5645691156387329
v 0.017174389213323593 0.3209620714187622 0.631503164768219
v 0.05140165612101555 0.20027866959571838 0.6271924376487732
v 0.08005132526159286 -0.009142419323325157 0.6378408670425415
v -0.24853217601776123 0.2748175859451294 0.6287142038345337
v -0.135200634598732 -0.14909417927265167 0.6289688348770142
v 0.0519087128341198 0.2390689104795456 0.6167986392974854
v 0.051148224622011185 0.23957617580890656 0.607164740562439
v 0.05165528133511543 0.25428062677383423 0.603106677532196
v -0.24067066609859467 0.022042538970708847 0.6330249309539795
v -0.22064298391342163 -0.012184765189886093 0.6203474402427673
v 0.11503931879997253 0.11965388059616089 0.6208547353744507
v -0.24498134851455688 0.32248184084892273 0.6342920660972595
v 0.06306438148021698 0.2684798538684845 0.6175585389137268
v -0.022123733535408974 -0.39629119634628296 0.6256726980209351
v -0.010714633390307426 -0.38690993189811707 0.6127426028251648
v -0.13976435363292694 -0.37930506467819214 0.6307432651519775
v -0.031758036464452744 -0.40110912919044495 0.6289688348770142
v 0.08993925154209137 -0.0007756650447845459 0.6353065967559814
v 0.11123628169298172 0.13385190069675446 0.6261799335479736
v -0.2414325475692749 0.022296171635389328 0.6190803050994873
v 0.07776946574449539 -0.024607982486486435 0.6066575050354004
v 0.07751583307981491 -0.021312007680535316 0.6135025024414062
v 0.05343008041381836 0.18886837363243103 0.6302359700202942
v -0.1450885683298111 -0.358260840177536 0.6266871690750122
v 0.08867150545120239 0.2859732508659363 0.6307432651519775
v 0.0757412314414978 -0.014720055274665356 0.6299813389778137
v -0.13013005256652832 0.3229890763759613 0.6325176358222961
v 0.09703826159238815 0.15844489634037018 0.6289688348770142
v -0.14077846705913544 -0.07683642208576202 0.5929655432701111
v -0.13596132397651672 -0.08190712332725525 0.611980676651001
v -0.14787746965885162 -0.0583282969892025 0.6122353076934814
v -0.1024945005774498 0.3151295781135559 0.6244035363197327
v -0.1854015588760376 -0.030946506187319756 0.5998104810714722
v -0.011221690103411674 0.3118334114551544 0.6238982677459717
v 0.09120679646730423 -0.0035645831376314163 0.6266871690750122
v -0.2399107813835144 0.2449013590812683 0.6276997327804565
v -0.14356739819049835 -0.350401371717453 0.6036139130592346
v -0.14280670881271362 -0.3757542371749878 0.6226291060447693
v 0.06788153201341629 0.17593830823898315 0.6152768731117249
v 0.06458555907011032 0.17644555866718292 0.6244035363197327
v 0.08461485058069229 0.30701744556427 0.6254180669784546
v 0.07954426854848862 0.27431032061576843 0.6251654028892517
v -0.23762913048267365 0.00784452073276043 0.6256726980209351
v -0.1392572969198227 -0.38868632912635803 0.6178131699562073
v -0.1291157305240631 -0.40136176347732544 0.6193329691886902
v -0.010714633390307426 -0.3711909055709839 0.6261799335479736
v -0.24016541242599487 0.3196929097175598 0.6256726980209351
v -0.2492920607328415 0.2918057143688202 0.6244035363197327
v -0.13494721055030823 -0.083428293466568 0.6233910322189331
v -0.14458151161670685 -0.06035657972097397 0.6211093664169312
v 0.09729168564081192 0.16377010941505432 0.6089391708374023
v -0.2214028686285019 0.31893303990364075 0.6254180669784546
v -0.18590880930423737 0.3181731402873993 0.6249107718467712
v -0.13139759004116058 -0.1645597517490387 0.577501118183136
v -0.13165122270584106 -0.22769033908843994 0.5478355884552002
v -0.16841383278369904 0.31766587495803833 0.6249107718467712
v -0.1511734575033188 0.31741124391555786 0.6246581673622131
v -0.14255326986312866 0.3169039785861969 0.6246581673622131
v 0.10717961192131042 0.15438883006572723 0.6114734411239624
v 0.11503931879997253 0.13258415460586548 0.6173059344291687
v -0.12886230647563934 0.3166513741016388 0.6241508722305298
v -0.07714100927114487 0.3153842091560364 0.6244035363197327
v -0.11415722966194153 0.31614410877227783 0.6238982677459717
v -0.05051977559924126 0.31436970829963684 0.6244035363197327
v -0.058379270136356354 -0.40719422698020935 0.6271924376487732
v -0.031250979751348495 -0.41023576259613037 0.6162914037704468
v 0.08182612806558609 0.30980637669563293 0.6251654028892517
v -0.02389833889901638 0.31284791231155396 0.6244035363197327
v -0.036828815937042236 0.31436970829963684 0.6238982677459717
v 0.07878357917070389 0.27988818287849426 0.6233910322189331
v 0.0017086839070543647 0.3115807771682739 0.6233910322189331
v 0.06813516467809677 0.31132614612579346 0.6244035363197327
v 0.05140165612101555 0.2296876311302185 0.6282069683074951
v 0.01489255577325821 0.31132614612579346 0.6231364011764526
v -0.24523597955703735 0.268732488155365 0.6211093664169312
v 0.020723871886730194 -0.05173635855317116 0.6226291060447693
v 0.05545831471681595 0.18709397315979004 0.6213619709014893
v -0.1334260255098343 -0.09356985241174698 0.6089391708374023
v 0.10286952555179596 0.1548960953950882 0.6206020712852478
v -0.03581469506025314 -0.4236731231212616 0.5990506410598755
v -0.03885704651474953 -0.41809526085853577 0.6086845397949219
v -0.16131481528282166 -0.0474262461066246 0.6013323068618774
v 0.07447348535060883 0.28952205181121826 0.6211093664169312
v -0.22622081637382507 -0.011677708476781845 0.6135025024414062
v -0.23154403269290924 0.30803197622299194 0.6193329691886902
v -0.14103209972381592 -0.3410200774669647 0.5792755484580994
v -0.06421073526144028 0.3148769736289978 0.6241508722305298
v 0.11706755310297012 0.049931518733501434 0.6025994420051575
v 0.10489775985479355 0.014943533577024937 0.6124879717826843
v -0.24092528223991394 0.13892267644405365 0.5736977458000183
v -0.24092528223991394 0.10748409479856491 0.5820644497871399
v -0.23636198043823242 -1.4976632883190177e-05 0.6124879717826843
v -0.01908118836581707 -0.4003472626209259 0.6162914037704468
v 0.09298159927129745 -0.0068605574779212475 0.6185730695724487
v 0.0519087128341198 0.19647525250911713 0.6190803050994873
v 0.11960283666849136 0.11863976716995239 0.6117280721664429
v 0.014385483227670193 -0.07100509852170944 0.6046284437179565
v 0.04126029834151268 -0.03982017561793327 0.609699010848999
v -0.23712186515331268 0.2730431854724884 0.610713541507721
v -0.2196284681558609 0.2930728495121002 0.6142623424530029
v 0.04430264234542847 0.26898711919784546 0.6081772446632385
v 0.03264006972312927 0.2783663868904114 0.6140097379684448
v -0.20010603964328766 0.2920583486557007 0.6140097379684448
v 0.1203635185956955 0.07376384735107422 0.605388343334198
v 0.13557565212249756 0.07832756638526917 0.5818098783493042
v -0.18489430844783783 0.2935801148414612 0.6129952073097229
v 0.02275216579437256 0.2920583486557007 0.6190803050994873
v -0.24193981289863586 0.0572841577231884 0.5960090756416321
v -0.1668926626443863 0.2938327491283417 0.6127426028251648
v -0.10198744386434555 0.3014396131038666 0.6185730695724487
v -0.0680137649178505 0.2996652126312256 0.6188256740570068
v -0.08855011314153671 0.2915510833263397 0.6124879717826843
v -0.028462057933211327 0.29687628149986267 0.6188256740570068
v -0.1273411363363266 0.2930728495121002 0.6124879717826843
v -0.06319642066955566 0.28952205181121826 0.6129952073097229
v -0.13976435363292694 0.2933254837989807 0.6124879717826843
v -0.018320700153708458 0.28622788190841675 0.6132478713989258
v -0.005136777646839619 0.2857206165790558 0.6132478713989258
v 0.050387535244226456 0.22259001433849335 0.6028540730476379
v -0.24016541242599487 0.2545352578163147 0.5975288152694702
v 0.021230950951576233 -0.05528585985302925 0.6142623424530029
v -0.10173401236534119 0.28800228238105774 0.6051357388496399
v -0.11441066861152649 0.29256561398506165 0.6124879717826843
v -0.04392781853675842 0.2887621521949768 0.6127426028251648
v 0.00754000898450613 0.28343895077705383 0.6135025024414062
v 0.005004660226404667 -0.0973728820681572 0.6064028739929199
v 0.06052909418940544 0.18379780650138855 0.6038685441017151
v 0.05292302370071411 0.19470085203647614 0.6104609370231628
v -0.13444013893604279 -0.40896862745285034 0.5995578765869141
v -0.12252398580312729 -0.41023576259613037 0.6127426028251648
v -0.14128553867340088 -0.3772760033607483 0.5635566115379333
v -0.14356739819049835 -0.3772760033607483 0.6003177762031555
v 0.010835985653102398 -0.08216074854135513 0.6000651121139526
v -0.1402714103460312 -0.3924877643585205 0.6066575050354004
v -0.23078414797782898 0.28800228238105774 0.6155315041542053
v -0.215065136551857 -0.02105857990682125 0.6028540730476379
v -0.07587326318025589 0.2905365526676178 0.6127426028251648
v -0.14838452637195587 0.28926941752433777 0.605388343334198
v -0.018320700153708458 -0.4099831283092499 0.6038685441017151
v 0.07193820178508759 0.1767001748085022 0.6056429743766785
v 0.020216817036271095 0.28166258335113525 0.6135025024414062
v 0.019709737971425056 -0.07556873559951782 0.5843461155891418
v -0.05761878192424774 0.2854659855365753 0.605388343334198
v -0.11517134308815002 -0.4175880253314972 0.6056429743766785
v -0.2383890002965927 -0.00432506762444973 0.5901765823364258
v -0.2353474646806717 -0.0073676141910254955 0.5985433459281921
v 0.03618951886892319 -0.05503233149647713 0.5891621112823486
v 0.03669657185673714 -0.046919189393520355 0.6023467779159546
v 0.05571174621582031 -0.03804551437497139 0.5967689752578735
v -0.154976487159729 -0.05680707469582558 0.5949945449829102
v -0.22698070108890533 0.27988818287849426 0.6089391708374023
v 0.11072902381420135 0.15413421392440796 0.6020941734313965
v -0.2277405858039856 0.27431032061576843 0.5919510126113892
v 0.032893601804971695 0.27380308508872986 0.5985433459281921
v 0.007286480162292719 0.28039541840553284 0.6058955788612366
v -0.19604997336864471 0.2859732508659363 0.6066575050354004
v 0.0836007297039032 -0.032214052975177765 0.5871350765228271
v 0.1203635185956955 0.01950724981725216 0.5884022116661072
v 0.10971490293741226 -0.005592812784016132 0.5894166827201843
v 0.11985646188259125 -0.010156531818211079 0.5742050409317017
v 0.0508945994079113 0.20585650205612183 0.5980361104011536
v -0.018827758729457855 0.28318434953689575 0.605388343334198
v -0.18109066784381866 0.28800228238105774 0.606150209903717
v -0.12201673537492752 -0.4188571572303772 0.5998104810714722
v -0.044941939413547516 0.2821698486804962 0.5967689752578735
v -0.08931059390306473 0.2821698486804962 0.5881495475769043
v -0.13063710927963257 0.2887621521949768 0.605388343334198
v -0.12759456038475037 0.28039541840553284 0.5706542134284973
v -0.22672808170318604 -0.02105857990682125 0.5896693468093872
v -0.010207575745880604 -0.395783931016922 0.6003177762031555
v -0.11415722966194153 -0.43533605337142944 0.5797827839851379
v -0.10274813324213028 -0.4439554512500763 0.5688798427581787
v -0.21227622032165527 0.27887365221977234 0.5906838774681091
v -0.2353474646806717 0.26645082235336304 0.5942326784133911
v 0.09729168564081192 -0.013452510349452496 0.6015869379043579
v -0.18134430050849915 0.28343895077705383 0.5889094471931458
v -0.06091475859284401 0.28014278411865234 0.5843461155891418
v -0.13646838068962097 -0.08976681530475616 0.5878949165344238
v 0.12137763947248459 0.14145876467227936 0.5957544445991516
v -0.04316714033484459 -0.43051809072494507 0.5914437174797058
v 0.09399572014808655 0.17036046087741852 0.5889094471931458
v 0.11808165907859802 0.14906363189220428 0.5939800143241882
v -0.2414325475692749 0.07198923826217651 0.565330982208252
v 0.13354742527008057 0.12903475761413574 0.5823171734809875
v 0.12340587377548218 0.13080956041812897 0.599305272102356
v 0.05140165612101555 0.2519989609718323 0.5947399139404297
v 0.05064116790890694 0.24946469068527222 0.5863732099533081
v -0.005390305537730455 -0.35597917437553406 0.5828244090080261
v 0.05419056862592697 0.1936863213777542 0.6013323068618774
v 0.09044630825519562 -0.024100925773382187 0.5942326784133911
v -0.1717097908258438 -0.04539797455072403 0.5868805050849915
v 0.10236246883869171 0.1690933257341385 0.5797827839851379
v -0.13266533613204956 -0.1042182669043541 0.5960090756416321
v -0.19579535722732544 0.28039541840553284 0.5899239778518677
v 0.04430264234542847 0.26619821786880493 0.5909385085105896
v -0.24219244718551636 0.11483673006296158 0.5620348453521729
v -0.1995987743139267 -0.02562209777534008 0.6010796427726746
v -0.13976435363292694 -0.40136176347732544 0.5937274098396301
v 0.07853014767169952 0.17796733975410461 0.5777538418769836
v 0.06610672920942307 0.1827852725982666 0.5858678817749023
v -0.20619113743305206 -0.026636214926838875 0.5949945449829102
v 0.0628107488155365 0.18329055607318878 0.5949945449829102
v 0.1350685954093933 0.06539728492498398 0.5802900791168213
v -0.005643854383379221 0.27355045080184937 0.560005784034729
v -0.022884221747517586 0.2748175859451294 0.5627947449684143
v -0.018320700153708458 -0.4188571572303772 0.5911911129951477
v -0.04012478515505791 0.2758321166038513 0.5660908818244934
v -0.12810161709785461 -0.41834989190101624 0.5932201743125916
v -0.06370347738265991 -0.43711045384407043 0.5833315849304199
v 0.01514609158039093 -0.08697789162397385 0.5795282125473022
v -0.13063710927963257 -0.12424755096435547 0.5683725476264954
v -0.1590331494808197 -0.06289195269346237 0.5742050409317017
v 0.04988047853112221 0.24439409375190735 0.5648237466812134
v -0.011982178315520287 -0.4127720594406128 0.5856132507324219
v -0.006911599077284336 -0.40085452795028687 0.5785137414932251
v -0.2444741129875183 0.0354800671339035 0.552146315574646
v -0.19123204052448273 -0.030946506187319756 0.5932201743125916
v -0.24092528223991394 0.2329838126897812 0.5757247805595398
v 0.12796957790851593 0.03979016840457916 0.5845988392829895
v 0.12873007357120514 0.05246680974960327 0.5861205458641052
v 0.05545831471681595 0.19267182052135468 0.5924582481384277
v -0.004883247427642345 -0.3798123002052307 0.5698943138122559
v 0.03035825304687023 -0.06390608102083206 0.5828244090080261
v 0.006272344850003719 -0.156446635723114 0.5549352169036865
v -0.018574131652712822 -0.42722392082214355 0.5782610774040222
v -0.03860361501574516 -0.43533605337142944 0.5828244090080261
v -0.12125623971223831 -0.42772918939590454 0.5866277813911438
v 0.02047034539282322 0.2765919864177704 0.5886568427085876
v -0.0010802146280184388 -0.3344297409057617 0.5389635562896729
v -0.1334260255098343 -0.4175880253314972 0.5863732099533081
v 0.05292302370071411 -0.04844040423631668 0.5805427432060242
v 0.0519087128341198 0.20408210158348083 0.5894166827201843
v 0.05165528133511543 0.21650493144989014 0.5767393112182617
v 0.11656048893928528 0.15311969816684723 0.5916983485221863
v -0.14128553867340088 -0.401868999004364 0.5835843086242676
v -0.24016541242599487 0.25250622630119324 0.5889094471931458
v 0.035429030656814575 0.27101415395736694 0.5828244090080261
v 0.11351794004440308 0.1612338125705719 0.5818098783493042
v 0.0726986899971962 -0.05021514371037483 0.5627947449684143
v 0.08993925154209137 -0.04083431512117386 0.5681199431419373
v 0.09120679646730423 0.1736566424369812 0.5787683725357056
v 0.0070329513400793076 -0.10650013387203217 0.5828244090080261
v -0.1559906005859375 0.2806500196456909 0.5526535511016846
v -0.07156317681074142 0.2763393819332123 0.557724118232727
v -0.05254800245165825 0.27532485127449036 0.5414978861808777
v -0.2414325475692749 -0.0010290932841598988 0.5696396827697754
v 0.11681392043828964 0.1594594120979309 0.5797827839851379
v 0.12264538556337357 0.16503725945949554 0.5607677102088928
v -0.23610736429691315 0.2654363214969635 0.5853606462478638
v 0.05774017423391342 0.19165728986263275 0.5838388800621033
v -0.14356739819049835 -0.083428293466568 0.5709088444709778
v -0.24092528223991394 0.1782199740409851 0.5724286437034607
v -0.213796004652977 0.2778611183166504 0.5818098783493042
v 0.006272344850003719 -0.22363369166851044 0.5143705606460571
v 0.09678462892770767 -0.03246767818927765 0.5752175450325012
v 0.02909056656062603 0.27202868461608887 0.5767393112182617
v -0.009446889162063599 -0.4140391945838928 0.5754721760749817
v -0.22799521684646606 0.2732958197593689 0.5830789804458618
v -0.1321582794189453 -0.3073004186153412 0.5052419304847717
v -0.13672180473804474 -0.34837430715560913 0.5285677909851074
v -0.135200634598732 -0.10016180574893951 0.5744576454162598
v 0.0440492145717144 0.26467642188072205 0.5820644497871399
v -0.14863815903663635 -0.07277984172105789 0.5762320756912231
v -0.19833163917064667 0.27811378240585327 0.5724286437034607
v 0.04633107781410217 0.25960585474967957 0.5744576454162598
v -0.24092528223991394 0.25047919154167175 0.5802900791168213
v -0.024405594915151596 -0.4366031885147095 0.5719233751296997
v -0.24219244718551636 0.1614864617586136 0.5584860444068909
v -0.24219244718551636 0.14931826293468475 0.5617802143096924
v -0.13748249411582947 -0.41505372524261475 0.5787683725357056
v 0.05343008041381836 0.20357483625411987 0.5805427432060242
v -0.013249923475086689 -0.42570215463638306 0.5709088444709778
v 0.15484444797039032 0.06666483730077744 0.5625420808792114
v 0.1687888503074646 0.08010236918926239 0.552146315574646
v -0.12759456038475037 -0.42747655510902405 0.5802900791168213
v -0.23762913048267365 -0.011931137181818485 0.5767393112182617
v 0.009314771741628647 -0.12805058062076569 0.5584860444068909
v 0.013878412544727325 -0.11486688256263733 0.5513864159584045
v -0.22875511646270752 -0.024861609563231468 0.5790209770202637
v 0.010835985653102398 0.27228331565856934 0.557471513748169
v 0.0057652671821415424 -0.25811463594436646 0.4996640980243683
v 0.15433719754219055 0.05398818477988243 0.5615275502204895
v 0.13304036855697632 0.032944586127996445 0.5767393112182617
v -0.20314759016036987 0.27709925174713135 0.5541753172874451
v -0.03581469506025314 -0.44142112135887146 0.5729358792304993
v -0.1826118379831314 -0.05249696597456932 0.5605130791664124
v -0.17601989209651947 -0.06086365133523941 0.5539206862449646
v -0.07764806598424911 0.27684661746025085 0.5437795519828796
v 0.05951477959752083 0.19241918623447418 0.5742050409317017
v -0.236869215965271 0.263916552066803 0.5764867067337036
v 0.03213299438357353 0.2684798538684845 0.5617802143096924
v 0.02680874615907669 0.2694943845272064 0.5549352169036865
v -0.14052484929561615 -0.41327932476997375 0.5584860444068909
v -0.2429543137550354 0.09937097132205963 0.557471513748169
v 0.03035825304687023 -0.08114643394947052 0.5569642186164856
v 0.03035825304687023 -0.07227276265621185 0.5698943138122559
v 0.014639019034802914 -0.09838700294494629 0.5655836462974548
v 0.10312295705080032 0.168840691447258 0.5792755484580994
v 0.07016339898109436 0.1845596730709076 0.5671054124832153
v -0.18971025943756104 -0.03804551437497139 0.5795282125473022
v -0.13190466165542603 -0.4343215227127075 0.560005784034729
v -0.13697543740272522 -0.42291322350502014 0.5655836462974548
v -0.13798955082893372 -0.42595475912094116 0.554427981376648
v 0.0440492145717144 0.2588459551334381 0.5617802143096924
v -0.12683407962322235 -0.4358433187007904 0.5671054124832153
v -0.21861395239830017 -0.03652414306998253 0.5693870782852173
v -0.22875511646270752 0.27253592014312744 0.5742050409317017
v -0.23712186515331268 -0.020551519468426704 0.5638092160224915
v -0.15827246010303497 -0.07125862687826157 0.5610203146934509
v 0.1528160274028778 0.03370526805520058 0.5589912533760071
v 0.14140692353248596 -0.004071639385074377 0.5582314133644104
v 0.16016866266727448 -0.01624142751097679 0.5387089252471924
v 0.04607744514942169 -0.05655354633927345 0.5736977458000183
v -0.02871568687260151 0.2745649516582489 0.5562023520469666
v -0.062435928732156754 -0.4518169164657593 0.558738648891449
v -0.03150460124015808 -0.44471728801727295 0.5645691156387329
v 0.09982697665691376 0.17492379248142242 0.5638092160224915
v 0.0549512580037117 0.21473053097724915 0.5493573546409607
v -0.24092528223991394 0.2466757595539093 0.5721759796142578
v -0.13241171836853027 -0.11182433366775513 0.5709088444709778
v -0.18895037472248077 -0.045651502907276154 0.5663455128669739
v -0.21709218621253967 0.2765919864177704 0.5635566115379333
v 0.018949130550026894 -0.09711926430463791 0.557471513748169
v -0.24701038002967834 0.07528521120548248 0.5463158488273621
v -0.23788176476955414 0.26036572456359863 0.5683725476264954
v -0.23255854845046997 -0.03119993396103382 0.5584860444068909
v -0.22469905018806458 -0.03652414306998253 0.5627947449684143
v 0.13684339821338654 0.008098145015537739 0.5668528079986572
v -0.1154249757528305 0.2783663868904114 0.552908182144165
v -0.006150912493467331 -0.4069395959377289 0.5668528079986572
v 0.15940797328948975 0.1176256388425827 0.5572168827056885
v 0.14546360075473785 0.12497809529304504 0.5686271786689758
v 0.0628107488155365 0.1972351223230362 0.5524009466171265
v 0.057993605732917786 0.1969825178384781 0.5688798427581787
v 0.07396642118692398 0.18709397315979004 0.5516390204429626
v -0.14052484929561615 -0.41201016306877136 0.5473303198814392
v -0.13773612678050995 -0.3990801274776459 0.5113270282745361
v 0.17538079619407654 0.0423254556953907 0.5442867875099182
v 0.045824021100997925 -0.06517376750707626 0.5605130791664124
v -0.004376170691102743 -0.4127720594406128 0.5435268878936768
v -0.0031084849033504725 -0.39476943016052246 0.5336383581161499
v -0.22799521684646606 0.27202868461608887 0.5650763511657715
v 0.13456153869628906 -0.004071639385074377 0.5640638470649719
v 0.12898370623588562 -0.021312007680535316 0.557471513748169
v 0.05621900409460068 0.2045893669128418 0.5592458844184875
v 0.11047559231519699 -0.031453561037778854 0.5638092160224915
v -0.24092528223991394 0.24236507713794708 0.5546826124191284
v -0.2414325475692749 0.2124488651752472 0.5539206862449646
v 0.16828179359436035 0.0927790179848671 0.5524009466171265
v -0.1699351966381073 -0.06999094039201736 0.5478355884552002
v 0.19287478923797607 0.05576278641819954 0.5374417901039124
v -0.1430603414773941 -0.092302106320858 0.557724118232727
v -0.13849660754203796 -0.11233139038085938 0.5402307510375977
v -0.13494721055030823 -0.1239941269159317 0.5364273190498352
v -0.13114416599273682 -0.13261431455612183 0.5442867875099182
v -0.2462485134601593 0.10063871741294861 0.5483428835868835
v 0.09881286323070526 0.18481230735778809 0.5384563207626343
v -0.012996293604373932 -0.434576153755188 0.5582314133644104
v -0.02947617508471012 -0.4505477547645569 0.5539206862449646
v -0.11998849362134933 -0.44471728801727295 0.5605130791664124
v -0.11212900280952454 -0.4518169164657593 0.552908182144165
v -0.07207023352384567 -0.46474698185920715 0.5364273190498352
v -0.09032491594552994 0.27709925174713135 0.5437795519828796
v -0.12987641990184784 -0.17723660171031952 0.5511317849159241
v 0.015906699001789093 -0.13667096197605133 0.5275532603263855
v -0.2383890002965927 0.2580840587615967 0.5597531795501709
v -0.2399107813835144 -0.01674848422408104 0.5549352169036865
v -0.18945762515068054 -0.053257573395967484 0.5546826124191284
v -0.24396686255931854 0.18202340602874756 0.5437795519828796
v -0.15751178562641144 -0.07962526381015778 0.5478355884552002
v -0.006404540967196226 0.2740577161312103 0.5369345545768738
v -0.023391278460621834 0.2783663868904114 0.5169048309326172
v -0.22672808170318604 0.27202868461608887 0.5556970834732056
v 0.15332308411598206 0.14297853410243988 0.5526535511016846
v 0.16726768016815186 0.1673189103603363 0.5303422212600708
v -0.24523597955703735 0.13258415460586548 0.5478355884552002
v -0.1303834766149521 -0.13464254140853882 0.5554424524307251
v 0.19312821328639984 0.06869327276945114 0.5382016897201538
v 0.09703826159238815 -0.04970806464552879 0.5496119856834412
v 0.013117803260684013 -0.14833350479602814 0.5240044593811035
v 0.006779402494430542 -0.1637992560863495 0.5425124168395996
v -0.022884221747517586 -0.45080238580703735 0.5478355884552002
v -0.24726301431655884 0.05043858289718628 0.5442867875099182
v 0.040246181190013885 0.2621401250362396 0.5539206862449646
v -0.24802491068840027 0.16807880997657776 0.5382016897201538
v -0.2475176453590393 0.15743039548397064 0.5409905910491943
v 0.0726986899971962 -0.06821619719266891 0.5366819500923157
v 0.11351794004440308 -0.07125862687826157 0.5148777961730957
v 0.19338184595108032 0.08111648261547089 0.5389635562896729
v -0.2520809769630432 0.06387590616941452 0.5376944541931152
v -0.2462485134601593 -0.0010290932841598988 0.5382016897201538
v -0.22038835287094116 0.2748175859451294 0.5458085536956787
v -0.13114416599273682 -0.44294288754463196 0.5465684533119202
v -0.11897438764572144 -0.45257678627967834 0.5470756888389587
v -0.22698070108890533 -0.04083431512117386 0.5524009466171265
v -0.13875024020671844 -0.10345777869224548 0.5531607866287231
v -0.1293693631887436 -0.1518831104040146 0.552908182144165
v -0.232051283121109 -0.03956668823957443 0.5455539226531982
v 0.04633107781410217 0.25428062677383423 0.5470756888389587
v -0.2586733400821686 0.03928310424089432 0.5295823216438293
v -0.20999455451965332 -0.05122930184006691 0.5488501191139221
v 0.20428389310836792 0.14500756561756134 0.5280605554580688
v 0.18729697167873383 0.16681165993213654 0.5250189900398254
v -0.24878479540348053 0.12142868340015411 0.5417525172233582
v -0.22013571858406067 -0.04945453628897667 0.5460612177848816
v -0.18945762515068054 -0.061877794563770294 0.5420051217079163
v -0.12581975758075714 -0.23960651457309723 0.4588448405265808
v -0.12505927681922913 -0.25202974677085876 0.44566214084625244
v -0.1273411363363266 -0.27814412117004395 0.45631057024002075
v -0.24802491068840027 0.20889806747436523 0.5270460247993469
v -0.24853217601776123 0.19647525250911713 0.5300895571708679
v -0.24193981289863586 0.1972351223230362 0.5488501191139221
v -0.15193413197994232 -0.08925975859165192 0.5422597527503967
v -0.16334325075149536 -0.08773838728666306 0.5288203954696655
v -0.14686337113380432 -0.09990817308425903 0.5369345545768738
v -0.23103676736354828 0.2679726183414459 0.5478355884552002
v -0.13013005256652832 -0.45080238580703735 0.5331311225891113
v -0.011475120671093464 -0.43989938497543335 0.5470756888389587
v 0.08562915772199631 0.18810848891735077 0.5384563207626343
v 0.026048140600323677 -0.1151203140616417 0.526031494140625
v 0.07802309095859528 0.18810848891735077 0.5432722568511963
v 0.008554164320230484 -0.1944771558046341 0.5052419304847717
v 0.010328907519578934 -0.1944771558046341 0.4943408668041229
v 0.014639019034802914 -0.18154668807983398 0.4867340326309204
v 0.003483446314930916 0.2745649516582489 0.5288203954696655
v 0.11351794004440308 0.1891229897737503 0.5288203954696655
v 0.03162591531872749 0.26822522282600403 0.5387089252471924
v -0.1947808414697647 -0.06542729586362839 0.5343982577323914
v 0.04810567572712898 -0.07075154781341553 0.5501192808151245
v 0.15636563301086426 0.18810848891735077 0.5207082629203796
v 0.19718489050865173 -0.005592812784016132 0.526031494140625
v 0.2004808634519577 0.018239503726363182 0.5303422212600708
v -0.06522484868764877 0.27988818287849426 0.518933892250061
v -0.005897482391446829 -0.427983820438385 0.5409905910491943
v 0.04328852891921997 0.2590985894203186 0.5382016897201538
v 0.06382507085800171 0.2012932002544403 0.5420051217079163
v -0.1390036642551422 -0.4302654564380646 0.5321165919303894
v -0.24802491068840027 0.023817339912056923 0.5420051217079163
v 0.11909577250480652 0.21143436431884766 0.5103124976158142
v 0.15966160595417023 0.2012932002544403 0.5123414993286133
v 0.0836007297039032 0.2000240534543991 0.5242571234703064
v 0.09069973975419998 0.19140465557575226 0.5308494567871094
v 0.09957355260848999 0.20534923672676086 0.5156376957893372
v -0.037082239985466 -0.45688748359680176 0.5458085536956787
v -0.023644907400012016 -0.45866188406944275 0.5343982577323914
v -0.2510664463043213 0.08922960609197617 0.5394708514213562
v -0.2563916742801666 0.1026669442653656 0.5338929891586304
v -0.23889626562595367 0.25326812267303467 0.5427650213241577
v 0.00754000898450613 -0.1744476854801178 0.5298349261283875
v -0.11086125671863556 -0.4596764147281647 0.5394708514213562
v -0.1392572969198227 0.2811553180217743 0.5338929891586304
v 0.02452692575752735 -0.10497894883155823 0.5376944541931152
v -0.09488844126462936 -0.46931031346321106 0.525526225566864
v -0.232051283121109 -0.04844040423631668 0.5328784584999084
v -0.21709218621253967 -0.05300404503941536 0.5430196523666382
v -0.21683953702449799 -0.061877794563770294 0.5300895571708679
v -0.25284087657928467 0.14348579943180084 0.5349054932594299
v 0.21924220025539398 0.12218916416168213 0.529075026512146
v -0.2462485134601593 -0.050975751131772995 0.5095525979995728
v -0.2525882422924042 -0.02765052765607834 0.5174121260643005
v -0.2581660747528076 0.07731345295906067 0.5328784584999084
v -0.24726301431655884 0.1815161406993866 0.5341456532478333
v -0.2257135659456253 0.2715214192867279 0.5374417901039124
v 0.05545831471681595 0.2296876311302185 0.5361746549606323
v -0.2335730642080307 0.26315465569496155 0.5214681625366211
v -0.2520809769630432 0.012408243492245674 0.532623827457428
v -0.26095497608184814 0.12878112494945526 0.5288203954696655
v -0.2754068374633789 0.06387590616941452 0.5229899287223816
v -0.008686202578246593 -0.4404066205024719 0.5374417901039124
v -0.16410373151302338 -0.09711926430463791 0.5163975954055786
v -0.12049555033445358 0.2841988503932953 0.5148777961730957
v 0.20200203359127045 0.043846625834703445 0.5331311225891113
v -0.1826118379831314 -0.06999094039201736 0.5351601243019104
v -0.22520630061626434 0.27228331565856934 0.5280605554580688
v -0.11770664155483246 -0.46043631434440613 0.5333857536315918
v -0.2589259445667267 0.025338517501950264 0.5283151865005493
v -0.1808372437953949 0.28293168544769287 0.5245116949081421
v -0.12962278723716736 -0.27814412117004395 0.49408623576164246
v -0.20999455451965332 0.27709925174713135 0.5265387296676636
v 0.04303509742021561 -0.08951319009065628 0.5316093564033508
v -0.2584187090396881 0.05195975303649902 0.5305967926979065
v -0.13444013893604279 -0.4482661187648773 0.5257788896560669
v 0.06813516467809677 0.20180043578147888 0.5333857536315918
v 0.06154320761561394 0.22132089734077454 0.5280605554580688
v -0.21328875422477722 -0.07582226395606995 0.5141159296035767
v -0.23255854845046997 -0.05782122537493706 0.5204556584358215
v -0.030997348949313164 -0.4657595157623291 0.526793360710144
v -0.046970173716545105 -0.476915180683136 0.5103124976158142
v -0.1293693631887436 -0.16608111560344696 0.5161449909210205
v -0.12886230647563934 -0.18078620731830597 0.5262861251831055
v -0.13114416599273682 -0.14326271414756775 0.5311040878295898
v -0.002601428423076868 -0.41834989190101624 0.5202010273933411
v 0.0440492145717144 -0.09864042699337006 0.519948422908783
v -0.017306586727499962 -0.4581546485424042 0.5280605554580688
v -0.011221690103411674 -0.4482661187648773 0.5341456532478333
v -0.2475176453590393 0.22259001433849335 0.5232445597648621
v -0.18768322467803955 0.2854659855365753 0.5054965615272522
v -0.19680985808372498 0.2793809175491333 0.5166522264480591
v 0.22329826653003693 0.07021444290876389 0.5305967926979065
v -0.13646838068962097 -0.1298253834247589 0.524764358997345
v -0.14787746965885162 -0.1191769689321518 0.5123414993286133
v -0.1440744549036026 -0.13033245503902435 0.5077782273292542
v -0.2563916742801666 0.1566704958677292 0.5300895571708679
v -0.14737042784690857 -0.10903540998697281 0.5245116949081421
v 0.13329379260540009 -0.054525259882211685 0.5229899287223816
v 0.03390773758292198 0.2694943845272064 0.5252715945243835
v 0.19490301609039307 -0.015987800434231758 0.5232445597648621
v 0.16523924469947815 -0.046412110328674316 0.5174121260643005
v 0.017427917569875717 -0.1696305274963379 0.49028483033180237
v 0.12771596014499664 -0.06390608102083206 0.5166522264480591
v 0.045824021100997925 -0.10903540998697281 0.5082854628562927
v 0.14926661550998688 0.22233539819717407 0.5029602646827698
v 0.12391293048858643 0.22563156485557556 0.5032148957252502
v -0.13190466165542603 -0.3303716778755188 0.49079009890556335
v -0.13596132397651672 -0.35775357484817505 0.5151304602622986
v 0.2653866410255432 0.17796733975410461 0.5148777961730957
v 0.23166503012180328 0.2012932002544403 0.5080308318138123
v -0.08677530288696289 0.28014278411865234 0.5227373242378235
v -0.2574041783809662 0.16833342611789703 0.526793360710144
v 0.10616550594568253 0.19672788679599762 0.5217227935791016
v -0.18793585896492004 -0.07328692078590393 0.527807891368866
v -0.00792571622878313 -0.4472516179084778 0.5252715945243835
v 0.08892493695020676 0.225124329328537 0.5065110325813293
v -0.27489960193634033 0.07680639624595642 0.5240044593811035
v 0.22938336431980133 -0.00584644079208374 0.5202010273933411
v 0.23470856249332428 0.04131133481860161 0.527807891368866
v -0.12379153817892075 -0.46018168330192566 0.5270460247993469
v 0.0648391842842102 0.24591387808322906 0.5054965615272522
v 0.26665380597114563 0.1234569102525711 0.526031494140625
v 0.2623431086540222 0.14526019990444183 0.5229899287223816
v -0.1902175098657608 -0.08038594573736191 0.5171594619750977
v -0.2771812379360199 0.1305559277534485 0.5196937918663025
v -0.27337780594825745 0.15590862929821014 0.5191864967346191
v 0.26006144285202026 0.07224266976118088 0.529075026512146
v 0.27096450328826904 0.09506087750196457 0.5288203954696655
v -0.12759456038475037 -0.20208323001861572 0.4996640980243683
v -0.2568969428539276 0.000492079823743552 0.5240044593811035
v -0.2553771436214447 -0.011931137181818485 0.5214681625366211
v -0.24853217601776123 0.2345055788755417 0.5110743641853333
v 0.05951477959752083 -0.0854567214846611 0.5232445597648621
v -0.2756594717502594 0.05094563961029053 0.5219754576683044
v 0.28363993763923645 0.08618726581335068 0.5283151865005493
v 0.27273890376091003 0.0600728765130043 0.5288203954696655
v -0.27489960193634033 0.013168725185096264 0.5171594619750977
v -0.25791144371032715 0.1845596730709076 0.522482693195343
v 0.2940357029438019 0.0740174651145935 0.5252715945243835
v 0.27096450328826904 0.023817339912056923 0.5250189900398254
v 0.28363993763923645 0.0354800671339035 0.525526225566864
v 0.1796908974647522 0.20889806747436523 0.5072709321975708
v -0.27515220642089844 0.038522422313690186 0.5202010273933411
v -0.27185603976249695 0.17999635636806488 0.5148777961730957
v 0.06788153201341629 0.2329838126897812 0.5110743641853333
v 0.2674136757850647 -0.0012827215250581503 0.5204556584358215
v 0.2811056673526764 0.009872954338788986 0.5219754576683044
v 0.29428836703300476 0.059565819799900055 0.5250189900398254
v -0.13596132397651672 0.2859732508659363 0.5123414993286133
v 0.29276856780052185 0.09937097132205963 0.5252715945243835
v 0.08638964593410492 -0.09509102255105972 0.4994114935398102
v -0.11669252812862396 -0.4682958126068115 0.5202010273933411
v -0.13976435363292694 -0.42595475912094116 0.4981442987918854
v -0.13646838068962097 -0.4518169164657593 0.5042273998260498
v -0.13241171836853027 -0.46347784996032715 0.49890419840812683
v -0.12277740985155106 -0.46778854727745056 0.5133560299873352
v 0.16523924469947815 0.19089742004871368 0.5169048309326172
v -0.17754125595092773 -0.09813337028026581 0.5044820308685303
v 0.2937811017036438 0.08669432252645493 0.526031494140625
v 0.2940357029438019 0.04866377264261246 0.5240044593811035
v 0.07244525104761124 0.22056099772453308 0.5148777961730957
v 0.2917540371417999 0.1125548705458641 0.5252715945243835
v -0.27363044023513794 0.000492079823743552 0.5148777961730957
v -0.08221159130334854 -0.4764099419116974 0.5131013989448547
v -0.25765880942344666 0.19774238765239716 0.5191864967346191
v -0.018067071214318275 -0.46601414680480957 0.5146231651306152
v 0.08030475676059723 0.22259001433849335 0.5098052620887756
v 0.29251396656036377 0.0215354822576046 0.5209609270095825
v -0.007418657653033733 -0.45359131693840027 0.5131013989448547
v -0.13367946445941925 -0.15213653445243835 0.5087926983833313
v 0.3011353313922882 0.09962458908557892 0.521215558052063
v -0.24523597955703735 0.2449013590812683 0.5075235962867737
v 0.3018952012062073 0.07452452182769775 0.5207082629203796
v -0.22520630061626434 0.27228331565856934 0.5186792612075806
v 0.30696579813957214 0.11280850321054459 0.5148777961730957
v 0.29910629987716675 0.12497809529304504 0.5207082629203796
v 0.07751583307981491 0.21016719937324524 0.518933892250061
v 0.30240246653556824 0.06159425526857376 0.5204556584358215
v 0.027062276378273964 -0.12526187300682068 0.5141159296035767
v 0.2902323007583618 0.12573876976966858 0.5242571234703064
v 0.3013879656791687 0.036240555346012115 0.518172025680542
v -0.13013005256652832 0.30042511224746704 0.48166343569755554
v -0.15066640079021454 0.2950998842716217 0.4930737316608429
v 0.05064116790890694 -0.0991474837064743 0.5141159296035767
v 0.31127649545669556 0.10038508474826813 0.5065110325813293
v 0.3018952012062073 0.04891740530729294 0.5191864967346191
v -0.2781957685947418 0.1693459451198578 0.5125941634178162
v 0.3077256679534912 0.08745480328798294 0.5146231651306152
v -0.15852589905261993 -0.10751424729824066 0.5105671286582947
v -0.28148993849754333 0.13106298446655273 0.5115816593170166
v -0.28225183486938477 0.11838613450527191 0.5108197331428528
v -0.26298201084136963 0.22461706399917603 0.5024529695510864
v 0.01641376130282879 -0.1597425937652588 0.5022003650665283
v 0.01996326632797718 -0.1478264480829239 0.5060037970542908
v 0.2674136757850647 -0.05072222277522087 0.5057491660118103
v 0.2625977396965027 -0.02562209777534008 0.5143705606460571
v 0.21645329892635345 -0.05655354633927345 0.5049892663955688
v -0.2802228033542633 0.09252559393644333 0.518172025680542
v -0.28148993849754333 0.06717189401388168 0.5166522264480591
v 0.29758453369140625 0.13968238234519958 0.519948422908783
v 0.28972503542900085 0.1767001748085022 0.5141159296035767
v 0.28034377098083496 0.170615091919899 0.5169048309326172
v 0.2953028976917267 0.15210716426372528 0.5184265971183777
v -0.04088527336716652 -0.4855365455150604 0.49104470014572144
v -0.03277214616537094 -0.48021137714385986 0.4994114935398102
v 0.30671316385269165 0.0215354822576046 0.5103124976158142
v -0.2399107813835144 -0.06770911812782288 0.5022003650665283
v -0.17652694880962372 0.29079118371009827 0.5034675002098083
v -0.13570769131183624 -0.14300929009914398 0.5115816593170166
v -0.27971553802490234 0.10520243644714355 0.5191864967346191
v -0.2229246348142624 0.2750721871852875 0.5087926983833313
v -0.016545897349715233 0.2887621521949768 0.48876306414604187
v -0.031758036464452744 0.2887621521949768 0.49028483033180237
v -0.28148993849754333 0.051452696323394775 0.5151304602622986
v 0.287697970867157 -0.015987800434231758 0.5146231651306152
v 0.2996135354042053 0.008605209179222584 0.5148777961730957
v 0.06128958240151405 0.2558024227619171 0.4994114935398102
v 0.0559653714299202 0.26746535301208496 0.4930737316608429
v 0.037964317947626114 0.2717760503292084 0.5103124976158142
v -0.12886230647563934 -0.1764761060476303 0.5027076005935669
v 0.2983464002609253 -0.004071639385074377 0.5131013989448547
v 0.3049367666244507 0.14044424891471863 0.5146231651306152
v -0.28148993849754333 0.041818391531705856 0.5141159296035767
v 0.31152912974357605 0.0750315934419632 0.5052419304847717
v -0.005136777646839619 -0.4454771876335144 0.5161449909210205
v -0.27160340547561646 0.1891229897737503 0.5123414993286133
v -0.09793098270893097 0.2885095477104187 0.49991872906684875
v 0.3107692301273346 0.12573876976966858 0.5070163011550903
v 0.3110218644142151 0.11306192725896835 0.5070163011550903
v -0.28073006868362427 0.1437404304742813 0.5120888948440552
v 0.2823728024959564 -0.040073707699775696 0.5082854628562927
v -0.14356739819049835 0.2857206165790558 0.5141159296035767
v 0.3077256679534912 0.0491708368062973 0.5125941634178162
v -0.1597936451435089 -0.11790923029184341 0.49890419840812683
v -0.17906244099140167 -0.10852836072444916 0.4930737316608429
v -0.2792082726955414 -0.011424080468714237 0.5067636966705322
v -0.2827591001987457 0.1057094931602478 0.5103124976158142
v 0.3013879656791687 0.1657971441745758 0.5123414993286133
v 0.04176735505461693 0.2902839481830597 0.47380393743515015
v 0.011089514940977097 0.2933254837989807 0.4776073694229126
v 0.3092474639415741 0.15083804726600647 0.5067636966705322
v 0.29454296827316284 -0.028664644807577133 0.5085380673408508
v 0.31152912974357605 0.061087191104888916 0.5049892663955688
v -0.2827591001987457 0.09303265064954758 0.5092999935150146
v -0.2784484028816223 0.20382748544216156 0.5006785988807678
v -0.2819972038269043 0.1566704958677292 0.5034675002098083
v -0.26298201084136963 -0.05275051295757294 0.5001713037490845
v -0.2688145041465759 -0.06593437492847443 0.49231186509132385
v 0.14774544537067413 -0.081400066614151 0.4978897273540497
v 0.10312295705080032 -0.09965454041957855 0.49079009890556335
v 0.02959764562547207 -0.14529114961624146 0.49079009890556335
v 0.03847137838602066 -0.1239941269159317 0.5006785988807678
v -0.05685809254646301 0.2859732508659363 0.4996640980243683
v -0.28123730421066284 0.01367598120123148 0.5108197331428528
v -0.012742864899337292 -0.4644923806190491 0.5072709321975708
v 0.3074730634689331 0.036494188010692596 0.5115816593170166
v -0.00031960770138539374 -0.41986966133117676 0.485466867685318
v -0.018827758729457855 -0.4736210107803345 0.5009332299232483
v -0.18007655441761017 0.29408738017082214 0.49383363127708435
v -0.19503545761108398 0.2887621521949768 0.4867340326309204
v -0.2416851967573166 0.26492905616760254 0.4925664961338043
v -0.2835189700126648 0.027620375156402588 0.5034675002098083
v -0.19123204052448273 -0.09052730351686478 0.5052419304847717
v -0.1154249757528305 -0.47564804553985596 0.5065110325813293
v -0.2802228033542633 0.18202340602874756 0.5037221312522888
v -0.28250446915626526 0.16985321044921875 0.49408623576164246
v 0.30366960167884827 -0.016494857147336006 0.5054965615272522
v -0.041392337530851364 0.2857206165790558 0.4981442987918854
v -0.28377360105514526 0.052973873913288116 0.5060037970542908
v 0.3059512674808502 0.17898184061050415 0.5052419304847717
v 0.29581010341644287 0.19039015471935272 0.5082854628562927
v 0.0024692907463759184 -0.41961705684661865 0.4512399733066559
v 0.008807693608105183 -0.3242865800857544 0.4246179461479187
v 0.31026196479797363 0.13816198706626892 0.5072709321975708
v -0.24878479540348053 0.2555497884750366 0.4930737316608429
v 0.3092474639415741 -0.0015363497659564018 0.4994114935398102
v 0.31026196479797363 0.01164755504578352 0.5009332299232483
v -0.2832663357257843 0.06767895072698593 0.5072709321975708
v -0.28402623534202576 0.06869327276945114 0.4618884027004242
v -0.2804774343967438 0.000999139971099794 0.5087926983833313
v -0.2787010371685028 0.1906447857618332 0.5044820308685303
v 0.3125436305999756 0.08745480328798294 0.49535539746284485
v 0.2658939063549042 -0.08494947105646133 0.4897775650024414
v 0.30088070034980774 0.20357483625411987 0.5014404654502869
v 0.28795063495635986 0.21396863460540771 0.5016931295394897
v 0.1647321879863739 -0.06948388367891312 0.5029602646827698
v -0.1699351966381073 0.30473580956459045 0.480648934841156
v -0.14128553867340088 -0.15137605369091034 0.4918045997619629
v 0.17056363821029663 0.27101415395736694 0.47684746980667114
v 0.14647769927978516 0.27076151967048645 0.47811463475227356
v 0.3125436305999756 0.049931518733501434 0.4930737316608429
v -0.23230589926242828 -0.08368192613124847 0.4943408668041229
v -0.22216275334358215 -0.08723132312297821 0.4971298277378082
v 0.07143114507198334 0.2593512237071991 0.49053746461868286
v -0.28250446915626526 0.1439930498600006 0.5029602646827698
v -0.28402623534202576 0.002266684779897332 0.5006785988807678
v -0.2847861349582672 0.01747901551425457 0.46873337030410767
v -0.2568969428539276 0.23501284420490265 0.5004259347915649
v -0.28402623534202576 0.0423254556953907 0.49408623576164246
v -0.002601428423076868 -0.4502951502799988 0.49383363127708435
v 0.3105145990848541 0.022549595683813095 0.5016931295394897
v 0.053937144577503204 -0.12019108235836029 0.49104470014572144
v 0.03973912075161934 -0.13413548469543457 0.4890156686306
v -0.13672180473804474 -0.4480134844779968 0.4821707010269165
v -0.24244707822799683 -0.07937177270650864 0.4918045997619629
v -0.2781957685947418 -0.02384749799966812 0.5047346353530884
v -0.2830117344856262 0.11914682388305664 0.4664517343044281
v -0.2835189700126648 0.09937097132205963 0.4649299383163452
v -0.2738850712776184 -0.04844040423631668 0.49839696288108826
v 0.0668674185872078 -0.11157090216875076 0.4918045997619629
v 0.3092474639415741 0.19140465557575226 0.4966225326061249
v 0.3001208007335663 -0.04083431512117386 0.5006785988807678
v -0.13545426726341248 -0.37169817090034485 0.5009332299232483
v -0.27641937136650085 -0.03627071529626846 0.5019457340240479
v 0.07700877636671066 -0.12475460767745972 0.47634023427963257
v 0.10870078951120377 -0.157714381814003 0.4433804750442505
v -0.2835189700126648 -0.010409964248538017 0.49890419840812683
v 0.2813582718372345 -0.07658287137746811 0.4930737316608429
v -0.16156844794750214 -0.12779715657234192 0.48774853348731995
v -0.19503545761108398 -0.11182433366775513 0.48267796635627747
v 0.2534691095352173 0.20813816785812378 0.5049892663955688
v 0.3122909963130951 0.14424768090248108 0.474563866853714
v 0.3122909963130951 0.15109266340732574 0.4981442987918854
v 0.3074730634689331 -0.028157588094472885 0.4961152970790863
v 0.08486846834421158 0.27253592014312744 0.47988903522491455
v 0.31178373098373413 0.16377010941505432 0.4978897273540497
v -0.08677530288696289 0.3009323477745056 0.4743112027645111
v 0.3127962648868561 0.11306192725896835 0.4852122366428375
v 0.2892177999019623 -0.05275051295757294 0.5019457340240479
v 0.3127962648868561 0.17644555866718292 0.48774853348731995
v -0.009193260222673416 -0.4655068814754486 0.49839696288108826
v -0.2830117344856262 -0.023086808621883392 0.4971298277378082
v 0.21645329892635345 0.25681692361831665 0.483692467212677
v 0.2610759735107422 -0.11765559762716293 0.47076237201690674
v 0.27704960107803345 -0.11131726950407028 0.4740585684776306
v -0.25132107734680176 0.24616849422454834 0.4976370632648468
v 0.3074730634689331 0.20382748544216156 0.49535539746284485
v 0.3044314980506897 0.21625030040740967 0.4930737316608429
v 0.2932758331298828 0.22689872980117798 0.4951007664203644
v 0.3077256679534912 0.22867511212825775 0.48445236682891846
v 0.30874019861221313 -0.015734171494841576 0.4978897273540497
v 0.010835985653102398 -0.2051255702972412 0.48166343569755554
v -0.28148993849754333 0.19495348632335663 0.4948481619358063
v -0.27287057042121887 0.23577271401882172 0.4918045997619629
v -0.2769266366958618 0.22385716438293457 0.49383363127708435
v -0.02592676877975464 -0.4807186424732208 0.4935790002346039
v -0.15649765729904175 -0.13844557106494904 0.482423335313797
v -0.12683407962322235 -0.4736210107803345 0.4930737316608429
v -0.26120761036872864 -0.08571016043424606 0.483692467212677
v -0.19097939133644104 -0.13210725784301758 0.46569180488586426
v -0.13444013893604279 -0.1744476854801178 0.4839451014995575
v -0.12962278723716736 -0.19777293503284454 0.4776073694229126
v 0.3122909963130951 0.03674761950969696 0.49231186509132385
v -0.13444013893604279 -0.36079713702201843 0.4890156686306
v -0.13545426726341248 -0.4622107148170471 0.4791291356086731
v 0.2783167362213135 0.23475821316242218 0.4935790002346039
v -0.11517134308815002 0.2981434464454651 0.483692467212677
v -0.2819972038269043 -0.035510025918483734 0.4951007664203644
v -0.012996293604373932 -0.47260650992393494 0.4943408668041229
v 0.2947956323623657 -0.06517376750707626 0.4943408668041229
v 0.30417686700820923 -0.05275051295757294 0.4915519654750824
v 0.3059512674808502 -0.040580783039331436 0.49408623576164246
v 0.31178373098373413 0.01164755504578352 0.49053746461868286
v -0.2845335006713867 -0.046412110328674316 0.48419973254203796
v -0.2784484028816223 -0.060103047639131546 0.48952293395996094
v -0.02820863015949726 -0.4951704442501068 0.46594446897506714
v -0.058632902801036835 -0.5063261389732361 0.4476891756057739
v -0.037842925637960434 -0.5063261389732361 0.4433804750442505
v -0.13494721055030823 -0.1843355894088745 0.4715222716331482
v -0.2799701690673828 0.2111797332763672 0.4945935308933258
v -0.16030070185661316 0.3115807771682739 0.4697478711605072
v 0.31178373098373413 0.07984873652458191 0.47076237201690674
v 0.009568301029503345 -0.21957702934741974 0.47988903522491455
v -0.28250446915626526 0.19926415383815765 0.48495960235595703
v -0.13773612678050995 -0.3785431683063507 0.4679734706878662
v -0.1400177925825119 -0.401868999004364 0.4791291356086731
v -0.13976435363292694 -0.3952766954898834 0.48952293395996094
v -0.2827591001987457 -0.06593437492847443 0.480648934841156
v -0.23915088176727295 0.27735385298728943 0.4793817698955536
v -0.21557240188121796 0.2887621521949768 0.47735273838043213
v -0.2850407660007477 -0.0215656366199255 0.48800116777420044
v -0.13013005256652832 -0.3034970164299011 0.46771886944770813
v -0.13190466165542603 -0.31591981649398804 0.46771886944770813
v -0.14077846705913544 -0.41986966133117676 0.4890156686306
v 0.31178373098373413 0.0007455117302015424 0.47811463475227356
v -0.21582503616809845 -0.0963587611913681 0.49053746461868286
v -0.2756594717502594 0.24566127359867096 0.48318520188331604
v -0.2675473392009735 0.26569095253944397 0.47811463475227356
v -0.27768850326538086 0.2590985894203186 0.4743112027645111
v 0.025541063398122787 -0.1567002534866333 0.48622676730155945
v -0.11365017294883728 -0.4824930429458618 0.4925664961338043
v -0.09184608608484268 -0.48680374026298523 0.49104470014572144
v 0.31127649545669556 0.04156477004289627 0.4682261347770691
v 0.3127962648868561 0.19419358670711517 0.48774853348731995
v 0.31178373098373413 0.16402274370193481 0.4636628031730652
v -0.23002225160598755 -0.08849906921386719 0.4918045997619629
v 0.29910629987716675 -0.07708995044231415 0.485466867685318
v -0.1372290700674057 -0.36536043882369995 0.4682261347770691
v -0.13545426726341248 -0.33721864223480225 0.4575777053833008
v 0.3105145990848541 -0.02638278715312481 0.4869886338710785
v -0.12860867381095886 -0.4761553108692169 0.482423335313797
v 0.06306438148021698 -0.13236068189144135 0.474563866853714
v -0.00792571622878313 -0.4705774784088135 0.4869886338710785
v -0.2850407660007477 -0.03322816640138626 0.4639154374599457
v 0.0737127959728241 -0.14605163037776947 0.4590994715690613
v 0.2504275441169739 0.2608729898929596 0.47988903522491455
v -0.14204621315002441 -0.16126376390457153 0.47963640093803406
v 0.31152912974357605 0.2073782980442047 0.487241268157959
v -0.002347877947613597 -0.4584072530269623 0.4809035360813141
v 0.28668349981307983 -0.09027387201786041 0.48495960235595703
v -0.24041804671287537 -0.08418898284435272 0.48927029967308044
v -0.013756980188190937 -0.48021137714385986 0.480648934841156
v 0.29758453369140625 0.24008341133594513 0.48774853348731995
v -0.28123730421066284 0.22056099772453308 0.485466867685318
v -6.605817907257006e-05 -0.45409858226776123 0.47101500630378723
v -0.2827591001987457 0.17771270871162415 0.4717749357223511
v -0.2827591001987457 0.1503307819366455 0.46924060583114624
v 0.19414234161376953 -0.15796799957752228 0.440084308385849
v 0.22329826653003693 -0.13616390526294708 0.4573250710964203
v 0.20986174046993256 -0.1191769689321518 0.4700005352497101
v -0.00412264047190547 0.3024541437625885 0.46771886944770813
v -0.27946290373802185 0.23349107801914215 0.48495960235595703
v 0.30874019861221313 -0.051989905536174774 0.48343783617019653
v -0.2769266366958618 -0.06669498234987259 0.487241268157959
v 0.30721843242645264 -0.06415960937738419 0.48141080141067505
v 0.31305089592933655 0.2152377963066101 0.47710010409355164
v -0.23610736429691315 -0.11283844709396362 0.4712696373462677
v 0.015653163194656372 -0.19168823957443237 0.4748184382915497
v -0.14686337113380432 -0.15999622642993927 0.47202953696250916
v -0.1539623737335205 -0.16937710344791412 0.45352163910865784
v -0.02871568687260151 0.2966216504573822 0.47659286856651306
v 0.03517540544271469 -0.1447840929031372 0.4839451014995575
v 0.3110218644142151 -0.03931305930018425 0.4748184382915497
v 0.29276856780052185 0.2509864568710327 0.483692467212677
v 0.021991558372974396 -0.16810935735702515 0.4821707010269165
v -0.2845335006713867 0.027366749942302704 0.43501371145248413
v 0.3105145990848541 0.06210131198167801 0.44439297914505005
v -0.1321582794189453 -0.4731137454509735 0.474563866853714
v -0.27439233660697937 -0.07861116528511047 0.4839451014995575
v -0.11212900280952454 -0.48959261178970337 0.4791291356086731
v -0.09387432038784027 -0.500748336315155 0.46239566802978516
v 0.29606473445892334 -0.08849906921386719 0.481918066740036
v -0.12683407962322235 -0.22261957824230194 0.4727894365787506
v 0.3049367666244507 0.2405906766653061 0.482423335313797
v -0.20061329007148743 0.2920583486557007 0.47684746980667114
v 0.05774017423391342 -0.14224860072135925 0.46873337030410767
v 0.3138107657432556 0.20205308496952057 0.47735273838043213
v 0.1310119330883026 0.2758321166038513 0.47557833790779114
v -0.28554800152778625 -0.05756768211722374 0.4727894365787506
v 0.29099220037460327 -0.10269708931446075 0.47634023427963257
v -0.15142688155174255 -0.14909417927265167 0.47710010409355164
v -0.17120273411273956 -0.14934761822223663 0.4585922062397003
v 0.08436141163110733 0.3245108723640442 0.44109880924224854
v 0.12467361241579056 0.2854659855365753 0.4700005352497101
v 0.15966160595417023 0.302706778049469 0.45529603958129883
v -0.28580063581466675 -0.055539391934871674 0.4618884027004242
v 0.025033986195921898 -0.18864569067955017 0.4590994715690613
v 0.03264006972312927 -0.16608111560344696 0.46771886944770813
v 0.31026196479797363 0.01164755504578352 0.45326700806617737
v 0.014131948351860046 -0.21475987136363983 0.45960673689842224
v -0.1253127157688141 -0.4807186424732208 0.4791291356086731
v -0.2536027431488037 0.2854659855365753 0.46924060583114624
v 0.27578043937683105 0.2601131200790405 0.47988903522491455
v -0.2781957685947418 -0.09052730351686478 0.4743112027645111
v -0.2662782073020935 -0.10016180574893951 0.474563866853714
v -0.2741377055644989 0.2852133512496948 0.46239566802978516
v -0.2726179361343384 0.2730431854724884 0.4717749357223511
v -0.28250446915626526 0.23146404325962067 0.45326700806617737
v -0.2819972038269043 0.19901153445243835 0.4121951162815094
v 0.3018952012062073 -0.09154141694307327 0.4748184382915497
v -0.005136777646839619 -0.47108471393585205 0.47735273838043213
v 0.010835985653102398 -0.23935288190841675 0.45529603958129883
v -0.23509283363819122 0.28952205181121826 0.4682261347770691
v 0.3003734350204468 0.25377538800239563 0.4786219000816345
v -0.2817445695400238 0.23374570906162262 0.4758329689502716
v -0.18945762515068054 0.29738155007362366 0.4748184382915497
v 0.31330353021621704 0.20180043578147888 0.46619710326194763
v -0.28123730421066284 -0.07861116528511047 0.47811463475227356
v 0.31026196479797363 0.2405906766653061 0.47507110238075256
v -0.007672085892409086 -0.47869160771369934 0.4740585684776306
v -0.021363049745559692 -0.4951704442501068 0.45985937118530273
v -0.2819972038269043 0.2266460806131363 0.4139695167541504
v -0.05051977559924126 0.30169224739074707 0.47228220105171204
v -0.2804774343967438 0.24642114341259003 0.47557833790779114
v 0.3107692301273346 -0.051989905536174774 0.47355130314826965
v 0.31330353021621704 0.23678724467754364 0.46619710326194763
v 0.03441491723060608 -0.17672954499721527 0.45656317472457886
v 0.31026196479797363 -0.07354044914245605 0.45985937118530273
v 0.31000733375549316 -0.06466668844223022 0.47202953696250916
v 0.0017086839070543647 -0.4579000174999237 0.4479438066482544
v -0.2584187090396881 0.2948472499847412 0.46264827251434326
v -0.18489430844783783 -0.14148811995983124 0.4593521058559418
v 0.31178373098373413 0.25225359201431274 0.4649299383163452
v 0.30366960167884827 0.26467642188072205 0.4700005352497101
v 0.1401393860578537 0.28039541840553284 0.47228220105171204
v -0.0806904137134552 -0.5068334341049194 0.4509853422641754
v -0.08297228068113327 -0.5119040012359619 0.440084308385849
v 0.3074730634689331 -0.08748495578765869 0.4679734706878662
v 0.16422513127326965 0.33794817328453064 0.4243652820587158
v 0.1490129828453064 0.3414969742298126 0.42208361625671387
v 0.012357196770608425 -0.3291045129299164 0.3779681921005249
v 0.059261348098516464 0.30372127890586853 0.4603666365146637
v 0.016667310148477554 -0.20157597959041595 0.4631555378437042
v 0.3110218644142151 0.11306192725896835 0.44718191027641296
v -0.1293693631887436 -0.29031431674957275 0.4337445795536041
v -0.1400177925825119 -0.1924487203359604 0.4514926075935364
v -0.26374390721321106 0.30194687843322754 0.4560559391975403
v -0.2505592405796051 0.3163987398147583 0.4461694061756134
v -0.1182136982679367 -0.4893399775028229 0.4725368022918701
v -0.13469357788562775 -0.41682812571525574 0.46138113737106323
v -0.1321582794189453 -0.42443498969078064 0.4342518150806427
v -0.13570769131183624 -0.4561256170272827 0.46873337030410767
v 0.23977914452552795 0.29434001445770264 0.4585922062397003
v -0.2845335006713867 -0.08216074854135513 0.46873337030410767
v 0.2947956323623657 -0.11435981839895248 0.4667043387889862
v 0.2813582718372345 -0.12374049425125122 0.46569180488586426
v 0.26006144285202026 0.2996652126312256 0.45377427339553833
v -0.13063710927963257 -0.48046600818634033 0.46087387204170227
v 0.30519139766693115 -0.09965454041957855 0.4651845395565033
v -0.008686202578246593 -0.4860438108444214 0.4603666365146637
v -0.17221684753894806 0.3090444803237915 0.4712696373462677
v -0.1947808414697647 0.30828461050987244 0.4558033049106598
v 0.3135581612586975 0.22385716438293457 0.4664517343044281
v -0.07840855419635773 0.30955174565315247 0.46239566802978516
v 0.2904869019985199 0.2748175859451294 0.4700005352497101
v -0.09488844126462936 0.30701744556427 0.4669589400291443
v -0.08145110309123993 0.3163987398147583 0.4558033049106598
v -0.13469357788562775 -0.4644923806190491 0.4555486738681793
v -0.27464497089385986 -0.10193639993667603 0.4700005352497101
v -0.0010802146280184388 -0.470324844121933 0.4570704400539398
v -0.28148993849754333 0.17112235724925995 0.4116878807544708
v 0.15332308411598206 -0.1625315099954605 0.4370407462120056
v 0.011596591211855412 0.30219951272010803 0.46619710326194763
v -0.28250446915626526 0.25706955790519714 0.45529603958129883
v 0.2980917692184448 -0.1260223537683487 0.4568178057670593
v -0.25512251257896423 -0.119937464594841 0.4631555378437042
v 0.05469762533903122 -0.163545623421669 0.4522545039653778
v 0.06788153201341629 -0.15543250739574432 0.45326700806617737
v -0.13393308222293854 -0.472099244594574 0.4421113431453705
v 0.03086530975997448 0.33946993947029114 0.43019574880599976
v -0.13596132397651672 -0.2053792029619217 0.44692927598953247
v -0.058632902801036835 0.31614410877227783 0.45783233642578125
v -0.02592676877975464 0.3077773451805115 0.4636628031730652
v -0.18210478127002716 0.3105662763118744 0.4568178057670593
v 0.30848756432533264 -0.024861609563231468 0.4116878807544708
v 0.3079802989959717 0.000492079823743552 0.4154913127422333
v 0.19972017407417297 0.2983960807323456 0.4570704400539398
v -0.2787010371685028 0.2717760503292084 0.4649299383163452
v -0.2847861349582672 -0.09661220014095306 0.45656317472457886
v -0.28377360105514526 -0.10548601299524307 0.45478877425193787
v -0.13241171836853027 -0.4016163945198059 0.44870367646217346
v -0.27794113755226135 -0.11309207230806351 0.4601140022277832
v 0.31026196479797363 -0.05173635855317116 0.4499708414077759
v 0.04328852891921997 -0.15517908334732056 0.4664517343044281
v 0.3135581612586975 0.2527608573436737 0.45529603958129883
v 0.29935893416404724 0.2763393819332123 0.46619710326194763
v -0.27008163928985596 -0.11283844709396362 0.4651845395565033
v -0.2860552668571472 -0.08089300245046616 0.4590994715690613
v -0.28554800152778625 -0.083428293466568 0.4243652820587158
v -0.13494721055030823 0.3257780075073242 0.45377427339553833
v -0.15168051421642303 0.3209620714187622 0.45808497071266174
v -0.26830723881721497 0.29586178064346313 0.4590994715690613
v -0.2827591001987457 0.1515999287366867 0.44591477513313293
v -0.22064298391342163 -0.15315064787864685 0.4421113431453705
v 0.30240246653556824 -0.11157090216875076 0.4618884027004242
v 0.3092474639415741 0.26569095253944397 0.4631555378437042
v 0.06205027177929878 -0.16506680846214294 0.44718191027641296
v 0.08562915772199631 -0.1863638311624527 0.41929471492767334
v 0.10717961192131042 -0.1736871898174286 0.42867401242256165
v -0.12962278723716736 -0.21881653368473053 0.45174723863601685
v -0.07891581207513809 0.3417516052722931 0.4352663457393646
v 0.28617623448371887 0.29738155007362366 0.45478877425193787
v -0.11669252812862396 -0.49593034386634827 0.4585922062397003
v -0.2845335006713867 -0.05706062540411949 0.39698338508605957
v -0.12227035313844681 -0.4949178397655487 0.45199987292289734
v -0.16562491655349731 -0.15923555195331573 0.4527597427368164
v -0.13545426726341248 -0.3633314073085785 0.4568178057670593
v -0.13190466165542603 -0.3067931830883026 0.4352663457393646
v -0.13393308222293854 -0.3151599168777466 0.446676641702652
v 0.31000733375549316 -0.08951319009065628 0.44718191027641296
v -0.13367946445941925 -0.37626150250434875 0.4540289044380188
v 0.3107692301273346 0.2763393819332123 0.4527597427368164
v 0.3013879656791687 0.28825491666793823 0.45631057024002075
v -0.10325518995523453 0.31614410877227783 0.45985937118530273
v -0.17348459362983704 0.31766587495803833 0.45047807693481445
v 0.3105145990848541 0.09962458908557892 0.43475908041000366
v 0.3125436305999756 0.24008341133594513 0.4309556782245636
v 0.3143180310726166 0.21396863460540771 0.38506582379341125
v 0.3122909963130951 0.2466757595539093 0.4058573842048645
v 0.04937342181801796 -0.1736871898174286 0.446676641702652
v 0.019202658906579018 -0.22160546481609344 0.43932241201400757
v 0.021230950951576233 -0.20005479454994202 0.45504340529441833
v -0.28225183486938477 0.08162353932857513 0.4294358789920807
v -0.12455221265554428 -0.2647067606449127 0.4322247803211212
v 0.0014551547355949879 0.3288215398788452 0.44261857867240906
v -0.26830723881721497 0.30828461050987244 0.44845104217529297
v 0.2846544682979584 -0.13565665483474731 0.4558033049106598
v -0.27616673707962036 -0.1181628629565239 0.45783233642578125
v -0.28148993849754333 0.27228331565856934 0.4558033049106598
v 0.3082329332828522 -0.10244346410036087 0.4560559391975403
v 0.010075378231704235 -0.28600361943244934 0.42740684747695923
v -0.2710961401462555 -0.12931832671165466 0.4525071084499359
v -0.13063710927963257 -0.4561256170272827 0.40661728382110596
v 0.20276272296905518 0.3229890763759613 0.43628084659576416
v 0.2714717388153076 -0.15543250739574432 0.4416040778160095
v -0.28427886962890625 -0.019283773377537727 0.4124477505683899
v -0.1065511703491211 -0.5083552002906799 0.4370407462120056
v -0.022884221747517586 -0.5020154714584351 0.44591477513313293
v -0.09894509613513947 0.3496111035346985 0.4281667470932007
v -0.27946290373802185 0.28495875000953674 0.45529603958129883
v 0.30975469946861267 0.12421759963035583 0.4152366816997528
v 0.3107692301273346 0.13664081692695618 0.4152366816997528
v -0.00412264047190547 -0.48350754380226135 0.4527597427368164
v -0.11263605952262878 0.33946993947029114 0.4388151466846466
v -0.11948144435882568 0.3349066376686096 0.4446476101875305
v -0.10832596570253372 -0.5022701025009155 0.4509853422641754
v -0.009700517170131207 -0.4933960437774658 0.446676641702652
v 0.3138107657432556 0.2623947560787201 0.44388774037361145
v -0.2553771436214447 -0.1536577045917511 0.43628084659576416
v -0.27641937136650085 -0.13514959812164307 0.444900244474411
v 0.00982182938605547 -0.2576075792312622 0.45326700806617737
v 0.30696579813957214 -0.11081021279096603 0.4540289044380188
v -0.18032997846603394 -0.1617710292339325 0.4421113431453705
v 0.30088070034980774 -0.13438911736011505 0.446676641702652
v 0.3082329332828522 -0.12171225994825363 0.44236594438552856
v -0.2819972038269043 -0.11765559762716293 0.4514926075935364
v 0.2887105345726013 -0.14605163037776947 0.446676641702652
v -0.2845335006713867 -1.4976632883190177e-05 0.4243652820587158
v -0.12860867381095886 0.3313558101654053 0.44743654131889343
v -0.27489960193634033 0.2976361811161041 0.4527597427368164
v 0.03213299438357353 -0.1982802003622055 0.4405915439128876
v 0.2955574691295624 0.29890331625938416 0.4514926075935364
v -0.16511784493923187 0.32501813769340515 0.44414037466049194
v 0.01134304329752922 -0.2500015199184418 0.4428732097148895
v -0.28554800152778625 -0.10979609936475754 0.44414037466049194
v 0.051148224622011185 -0.184589222073555 0.4355209767818451
v -0.13393308222293854 -0.3349349796772003 0.4461694061756134
v -0.28225183486938477 0.12117505073547363 0.4314629137516022
v -0.14229965209960938 0.3295814096927643 0.446676641702652
v 0.23724286258220673 0.32501813769340515 0.43298467993736267
v -0.2802228033542633 -0.1239941269159317 0.4494655728340149
v -0.15523011982440948 -0.179518461227417 0.4421113431453705
v -0.16841383278369904 -0.18027915060520172 0.4296885132789612
v -0.1293693631887436 -0.48807087540626526 0.44692927598953247
v 0.30671316385269165 0.2905365526676178 0.4497182071208954
v -0.19402094185352325 0.33110320568084717 0.4342518150806427
v -0.2863079011440277 -0.11435981839895248 0.43298467993736267
v -0.13266533613204956 -0.4794514775276184 0.4289286136627197
v -0.28148993849754333 0.2852133512496948 0.44566214084625244
v -0.18464027345180511 0.3491038680076599 0.41625118255615234
v -0.236869215965271 0.35924503207206726 0.4035737216472626
v 0.30975469946861267 -0.10193639993667603 0.44591477513313293
v -0.0008266650838777423 -0.47894421219825745 0.44414037466049194
v 0.2955574691295624 -0.14808006584644318 0.44084417819976807
v -0.15649765729904175 0.33186307549476624 0.4370407462120056
v 0.28820326924324036 0.30955174565315247 0.444900244474411
v 0.26006144285202026 0.32679253816604614 0.4304503798484802
v -0.1291157305240631 -0.36967113614082336 0.42537784576416016
v 0.3031623661518097 0.3001704812049866 0.446676641702652
v 0.013371339999139309 -0.24848012626171112 0.4324774146080017
v -0.28250446915626526 0.26138025522232056 0.4324774146080017
v -0.27946290373802185 0.2978888154029846 0.444900244474411
v 0.31305089592933655 0.27811378240585327 0.4433804750442505
v -0.15066640079021454 -0.19016686081886292 0.4370407462120056
v 0.3092474639415741 -0.12019108235836029 0.4322247803211212
v -0.2850407660007477 -0.12120519578456879 0.4421113431453705
v 0.020216817036271095 -0.23174680769443512 0.42740684747695923
v -0.13089053332805634 -0.3848828971385956 0.4370407462120056
v 0.30975469946861267 0.037001244723796844 0.42867401242256165
v -0.12987641990184784 -0.22566191852092743 0.43982967734336853
v -0.28250446915626526 0.1057094931602478 0.43171754479408264
v -0.010461005382239819 -0.5004956722259521 0.43298467993736267
v -0.1232844665646553 -0.49719947576522827 0.44084417819976807
v -0.0687742531299591 -0.5172291994094849 0.4248725473880768
v -0.00462969858199358 -0.49111437797546387 0.43932241201400757
v -0.2830117344856262 -0.039059631526470184 0.40053218603134155
v 0.05545831471681595 0.3465675711631775 0.4215763807296753
v -0.14128553867340088 -0.2119709551334381 0.42689961194992065
v -0.12708750367164612 -0.49441057443618774 0.43298467993736267
v -0.13063710927963257 -0.4147990942001343 0.4106733500957489
v 0.31152912974357605 0.28800228238105774 0.44236594438552856
v 0.3077256679534912 0.30346664786338806 0.4390697777271271
v -0.2754068374633789 0.3105662763118744 0.44261857867240906
v -0.02389833889901638 -0.5083552002906799 0.43197017908096313
v 0.25727254152297974 -0.17165875434875488 0.4266469478607178
v 0.20960810780525208 -0.16886983811855316 0.42994314432144165
v -0.2835189700126648 -0.12855763733386993 0.440084308385849
v -0.1303834766149521 -0.49111437797546387 0.4246179461479187
v -0.2680526077747345 0.3229890763759613 0.4385625123977661
v 0.2821201682090759 -0.1567002534866333 0.43957704305648804
v -0.26855987310409546 0.33287760615348816 0.4279141128063202
v -0.1461026817560196 0.34834396839141846 0.4182802140712738
v -0.15472285449504852 0.3420042395591736 0.4248725473880768
v -0.1291157305240631 -0.33671140670776367 0.43019574880599976
v -0.2819972038269043 0.14348579943180084 0.42588508129119873
v 0.3089948296546936 -0.08773838728666306 0.40382835268974304
v 0.3092474639415741 -0.0753152072429657 0.4053501486778259
v -0.2819972038269043 0.23780174553394318 0.3779681921005249
v -0.2819972038269043 0.22360454499721527 0.38988375663757324
v -0.28148993849754333 0.2981434464454651 0.43501371145248413
v -0.1334260255098343 -0.390460729598999 0.4152366816997528
v 0.30417686700820923 -0.14047399163246155 0.4372953772544861
v -0.21582503616809845 -0.18154668807983398 0.41143524646759033
v -0.18413302302360535 -0.1924487203359604 0.40686991810798645
v 0.28997963666915894 0.3209620714187622 0.43475908041000366
v 0.2823728024959564 0.3293287754058838 0.4279141128063202
v 0.17918384075164795 0.346314936876297 0.41472941637039185
v 0.01514609158039093 -0.2913268208503723 0.3822769224643707
v -0.2787010371685028 -0.1457982063293457 0.4339992105960846
v -0.2721106708049774 -0.15847505629062653 0.42715421319007874
v -0.1321582794189453 -0.22769033908843994 0.4296885132789612
v -0.2520809769630432 -0.19295579195022583 0.3947017192840576
v -0.25968584418296814 -0.17470130324363708 0.41472941637039185
v 0.31305089592933655 0.19901153445243835 0.3957142233848572
v -0.1303834766149521 0.3508782684803009 0.4170110821723938
v -0.11263605952262878 -0.5083552002906799 0.4304503798484802
v 0.3140653967857361 0.2869877517223358 0.4327320456504822
v 0.12467361241579056 -0.1924487203359604 0.4073771834373474
v 0.0009480769513174891 -0.4888327419757843 0.4200546145439148
v -0.12810161709785461 -0.3052714169025421 0.4213217794895172
v 0.30392423272132874 0.31284791231155396 0.4357736110687256
v 0.2904869019985199 -0.15822143852710724 0.4352663457393646
v -0.27971553802490234 0.31082090735435486 0.43450644612312317
v -0.1263270080089569 -0.25101563334465027 0.42258891463279724
v -0.28148993849754333 0.1335984766483307 0.42537784576416016
v 0.3120363652706146 0.30346664786338806 0.4309556782245636
v -0.28225183486938477 0.29712891578674316 0.41751834750175476
v -0.2852933704853058 -0.13210725784301758 0.42994314432144165
v -0.25588440895080566 0.34530043601989746 0.41878747940063477
v -0.2860552668571472 -0.11055658757686615 0.41016608476638794
v 0.3077256679534912 0.025845574215054512 0.41878747940063477
v -0.2832663357257843 0.06387590616941452 0.4304503798484802
v 0.3001208007335663 -0.1526435911655426 0.4324774146080017
v 0.2983464002609253 0.32248184084892273 0.4309556782245636
v -0.02541971206665039 -0.5144402980804443 0.41777297854423523
v -0.2571515440940857 -0.16481336951255798 0.42537784576416016
v -0.1283552497625351 -0.3443162739276886 0.4289286136627197
v -0.02060256153345108 0.36431559920310974 0.40661728382110596
v 0.029344094917178154 0.3757258951663971 0.38836199045181274
v -0.2754068374633789 0.3240036070346832 0.4322247803211212
v -0.09742391854524612 -0.5136783719062805 0.4289286136627197
v 0.28642886877059937 -0.1785043478012085 0.41777297854423523
v 0.29276856780052185 -0.1683627814054489 0.4243652820587158
v 0.30848756432533264 0.012915300205349922 0.4170110821723938
v 0.004751110449433327 -0.4791988134384155 0.40027955174446106
v 0.052669402211904526 -0.1952376514673233 0.42385804653167725
v 0.06737447530031204 -0.19777293503284454 0.4134622812271118
v 0.04734518751502037 -0.2051255702972412 0.41802558302879333
v 0.3056986331939697 -0.01091702003031969 0.4053501486778259
v 0.30721843242645264 -0.14022037386894226 0.42842134833335876
v 0.30366960167884827 -0.1567002534866333 0.42360344529151917
v 0.30848756432533264 0.051452696323394775 0.42056187987327576
v -0.2835189700126648 0.04841034859418869 0.4296885132789612
v -0.011475120671093464 -0.5075932741165161 0.41929471492767334
v -0.0847470834851265 0.36101943254470825 0.41422414779663086
v -0.09362088888883591 0.35493433475494385 0.4213217794895172
v -0.12886230647563934 -0.239859938621521 0.42588508129119873
v 0.3082329332828522 0.31589147448539734 0.4279141128063202
v 0.3079802989959717 0.1036810576915741 0.4149840474128723
v -0.28148993849754333 0.27735385298728943 0.39267268776893616
v -0.12505927681922913 -0.5015081763267517 0.41878747940063477
v 0.276794970035553 -0.1894063800573349 0.407884418964386
v -0.2827591001987457 -0.1468123197555542 0.42588508129119873
v -0.2817445695400238 0.2730431854724884 0.3546423614025116
v -0.28123730421066284 0.26036572456359863 0.35540223121643066
v -0.057872213423252106 0.3769930303096771 0.39292532205581665
v -0.061928872019052505 0.3577232360839844 0.41802558302879333
v 0.30848756432533264 -0.14326271414756775 0.40661728382110596
v 0.30874019861221313 -0.1298253834247589 0.3886166214942932
v -0.2680526077747345 0.34428590536117554 0.4167584478855133
v -0.27363044023513794 0.33617377281188965 0.42056187987327576
v 0.30696579813957214 -0.15289722383022308 0.41574394702911377
v -0.28098469972610474 0.18481230735778809 0.4017993211746216
v -0.2792082726955414 0.32375094294548035 0.42411068081855774
v -0.27971553802490234 0.0927790179848671 0.4230961799621582
v -0.2799701690673828 0.06286179274320602 0.4215763807296753
v 0.30240246653556824 0.32831427454948425 0.4228435456752777
v 0.3092474639415741 0.07680639624595642 0.42258891463279724
v -0.10173401236534119 -0.5197634696960449 0.40839168429374695
v -0.2863079011440277 -0.13768507540225983 0.4185328483581543
v 0.3122909963130951 0.31614410877227783 0.41929471492767334
v 0.22887609899044037 0.36583736538887024 0.38963112235069275
v 0.21265046298503876 0.3488512337207794 0.40991345047950745
v 0.274513304233551 0.3478367030620575 0.4088989496231079
v -0.28148993849754333 0.014436469413340092 0.41751834750175476
v -0.1628361940383911 -0.18991343677043915 0.42385804653167725
v 0.3120363652706146 0.18709397315979004 0.41726571321487427
v 0.3110218644142151 0.16402274370193481 0.4385625123977661
v -0.11846733093261719 -0.5098749399185181 0.4121951162815094
v -0.2799701690673828 0.0473962277173996 0.42056187987327576
v -0.012742864899337292 -0.5141856670379639 0.4053501486778259
v -0.13089053332805634 -0.48629647493362427 0.4149840474128723
v -0.2756594717502594 0.11154075711965561 0.4154913127422333
v 0.30874019861221313 -0.05782122537493706 0.4073771834373474
v 0.30721843242645264 -0.035763658583164215 0.4010394513607025
v 0.3049367666244507 0.06489022821187973 0.4134622812271118
v -0.27363044023513794 0.07858099043369293 0.4152366816997528
v 0.3140653967857361 0.3179185092449188 0.3807571232318878
v 0.31457266211509705 0.32248184084892273 0.39799588918685913
v 0.3143180310726166 0.30346664786338806 0.409658819437027
v -0.124298594892025 -0.26445215940475464 0.4200546145439148
v -0.2792082726955414 -0.15898211300373077 0.4215763807296753
v 0.1408998668193817 -0.19980137050151825 0.39799588918685913
v -0.1263270080089569 -0.3410200774669647 0.41472941637039185
v -0.13672180473804474 -0.24163474142551422 0.39698338508605957
v -0.1321582794189453 -0.2522831857204437 0.3921654224395752
v 0.016667310148477554 -0.25786101818084717 0.41016608476638794
v -0.27489960193634033 -0.16633455455303192 0.4170110821723938
v -0.07029543071985245 -0.5235669016838074 0.4106733500957489
v -0.03581469506025314 -0.5240741968154907 0.3947017192840576
v 0.29149943590164185 0.342766135931015 0.4132096469402313
v 0.18831108510494232 -0.2010689228773117 0.3947017192840576
v 0.24510234594345093 -0.21552056074142456 0.3751792907714844
v -0.13697543740272522 -0.23225386440753937 0.40991345047950745
v -0.12759456038475037 -0.38690993189811707 0.3761918246746063
v -0.1321582794189453 -0.3942641317844391 0.39140555262565613
v -0.133172407746315 -0.38716456294059753 0.40408098697662354
v 0.3105145990848541 0.3227364718914032 0.41777297854423523
v 0.29935893416404724 0.3336374759674072 0.4197999835014343
v -0.2792082726955414 0.14881101250648499 0.4124477505683899
v -0.12962278723716736 -0.4939033091068268 0.4010394513607025
v -0.28148993849754333 0.2484501600265503 0.3670651614665985
v 0.3143180310726166 0.22867511212825775 0.3749246895313263
v 0.30366960167884827 0.03928310424089432 0.4121951162815094
v 0.1619434654712677 0.3792746961116791 0.37441742420196533
v 0.11757460981607437 0.3681190311908722 0.39242005348205566
v 0.3046841323375702 -0.16532042622566223 0.4121951162815094
v -0.27591410279273987 0.12421759963035583 0.4134622812271118
v -0.17018863558769226 -0.2003084272146225 0.4056027829647064
v 0.02959764562547207 -0.22921150922775269 0.41194048523902893
v 0.042781468480825424 -0.22464780509471893 0.4000249207019806
v -0.2819972038269043 0.19799701869487762 0.4010394513607025
v -0.2845335006713867 -0.15492545068264008 0.4152366816997528
v -0.12708750367164612 -0.2603960931301117 0.39901041984558105
v -0.25588440895080566 0.09049735218286514 0.40839168429374695
v -0.27337780594825745 0.064129538834095 0.4152366816997528
v 0.2691880762577057 -0.19650539755821228 0.4000249207019806
v -0.266532838344574 0.35493433475494385 0.4053501486778259
v -0.271348774433136 0.3491038680076599 0.4086463153362274
v -0.28148993849754333 0.3240036070346832 0.41422414779663086
v -0.27160340547561646 0.13486602902412415 0.4076318144798279
v -0.2863079011440277 -0.141741544008255 0.38937652111053467
v -0.28148993849754333 0.21371600031852722 0.39013639092445374
v -0.266532838344574 0.03395869955420494 0.407884418964386
v -0.2830117344856262 -0.0022968382108956575 0.41472941637039185
v 0.3056986331939697 0.33439937233924866 0.4137169122695923
v -0.07764806598424911 -0.5273703932762146 0.39875778555870056
v -0.006150912493467331 -0.5055662393569946 0.4121951162815094
v 0.0006945478380657732 -0.4969448745250702 0.40686991810798645
v 0.2937811017036438 -0.17901140451431274 0.41270238161087036
v -0.10629753768444061 0.35949966311454773 0.4091515839099884
v -0.07587326318025589 0.3665972650051117 0.4073771834373474
v 0.3064585328102112 0.09075077623128891 0.4152366816997528
v -0.12303104251623154 -0.5081005692481995 0.4045882523059845
v -0.26982900500297546 -0.18611040711402893 0.39875778555870056
v 0.07295230776071548 -0.22261957824230194 0.3799952566623688
v -0.2584187090396881 0.021282050758600235 0.40230658650398254
v -0.26095497608184814 0.009112265892326832 0.399517685174942
v -0.26551830768585205 0.05069220811128616 0.40940621495246887
v -0.1648644208908081 0.3716678321361542 0.39013639092445374
v 0.2965700328350067 0.07274972647428513 0.40991345047950745
v -0.2781957685947418 0.3366810381412506 0.41270238161087036
v -0.28098469972610474 -0.16633455455303192 0.41092798113822937
v 0.2947956323623657 -0.18915274739265442 0.4010394513607025
v -0.2774338722229004 -0.0012827215250581503 0.40839168429374695
v 0.31330353021621704 0.3227364718914032 0.4073771834373474
v 0.30392423272132874 0.013929413631558418 0.40940621495246887
v -0.010714633390307426 0.39347192645072937 0.366050660610199
v -0.009446889162063599 0.3792746961116791 0.3868422210216522
v -0.25512251257896423 0.06134062260389328 0.40839168429374695
v -0.267799973487854 0.10849840193986893 0.40991345047950745
v -0.2563916742801666 0.3638083338737488 0.39749065041542053
v -0.09945215284824371 -0.5250887274742126 0.39419445395469666
v -0.2819972038269043 0.31893303990364075 0.3949543535709381
v 0.3127962648868561 0.32856693863868713 0.4058573842048645
v 0.3105145990848541 0.3338921070098877 0.4063626527786255
v 0.29910629987716675 0.09049735218286514 0.4088989496231079
v 0.3013879656791687 0.10393469035625458 0.4086463153362274
v -0.25512251257896423 0.07553865015506744 0.4088989496231079
v 0.07929063588380814 0.3698934316635132 0.39267268776893616
v -0.04849134385585785 0.3820635974407196 0.38557305932044983
v 0.30392423272132874 0.11737202852964401 0.407884418964386
v -0.1133965402841568 -0.5187489986419678 0.3952069878578186
v 0.30696579813957214 0.13106298446655273 0.4071245491504669
v 0.31000733375549316 0.14957089722156525 0.406110018491745
v 0.31152912974357605 0.16224832832813263 0.4056027829647064
v -0.28681516647338867 -0.16126376390457153 0.3931799530982971
v -0.2847861349582672 -0.16430631279945374 0.403068482875824
v -0.12353809922933578 -0.27484792470932007 0.40661728382110596
v 0.03035825304687023 -0.2388458251953125 0.3997722864151001
v 0.021991558372974396 -0.26090335845947266 0.3906436562538147
v 0.037964317947626114 -0.2439166009426117 0.38176965713500977
v -0.28073006868362427 0.3366810381412506 0.403068482875824
v -0.27641937136650085 -0.1764761060476303 0.4056027829647064
v 0.30721843242645264 -0.16608111560344696 0.402561217546463
v 0.2953028976917267 0.059565819799900055 0.40940621495246887
v -0.1638503074645996 -0.20943565666675568 0.399517685174942
v -0.1638503074645996 -0.2180558443069458 0.3868422210216522
v -0.14635631442070007 -0.22921150922775269 0.39444708824157715
v -0.18464027345180511 -0.20233666896820068 0.3947017192840576
v 0.0006945478380657732 0.05804464593529701 0.41016608476638794
v -0.016799526289105415 0.10976595431566238 0.40813905000686646
v 0.011596591211855412 0.09556793421506882 0.409658819437027
v 0.03517540544271469 0.06057993322610855 0.40991345047950745
v 0.021484479308128357 0.06362248212099075 0.40991345047950745
v 0.02579459361732006 0.08948304504156113 0.40991345047950745
v -0.02465902455151081 0.06134062260389328 0.4104207158088684
v -0.12962278723716736 -0.4234204888343811 0.39698338508605957
v -0.03758930414915085 0.07604570686817169 0.4106733500957489
v -0.07638031989336014 0.08136990666389465 0.4106733500957489
v -0.07992992550134659 0.10723065584897995 0.4086463153362274
v -0.10198744386434555 0.046635549515485764 0.4086463153362274
v -0.0905783399939537 0.09379332512617111 0.40991345047950745
v -0.2774338722229004 0.1597120612859726 0.4056027829647064
v -0.0588863268494606 0.12523171305656433 0.40509551763534546
v 0.025287533178925514 0.013168725185096264 0.40205395221710205
v -0.012742864899337292 0.03446575626730919 0.4076318144798279
v -0.13444013893604279 0.11990751326084137 0.4053501486778259
v -0.2599404752254486 0.12269642949104309 0.40509551763534546
v -0.15269462764263153 0.06539728492498398 0.40991345047950745
v -0.14153915643692017 0.04080428183078766 0.4071245491504669
v -0.1679067760705948 0.03928310424089432 0.4058573842048645
v -0.1273411363363266 0.07553865015506744 0.40991345047950745
v -0.08601482212543488 0.3792746961116791 0.38176965713500977
v 0.018949130550026894 0.11787908524274826 0.40686991810798645
v 0.3079802989959717 0.13714787364006042 0.40661728382110596
v 0.08486846834421158 0.11103370040655136 0.4073771834373474
v 0.12188469618558884 0.0917649045586586 0.4086463153362274
v 0.10464433580636978 0.05576278641819954 0.40813905000686646
v 0.0057652671821415424 0.0012525682104751468 0.3992650508880615
v 0.0410066694021225 0.09810341894626617 0.4088989496231079
v -0.05153388902544975 0.03979016840457916 0.407884418964386
v -0.16562491655349731 0.06489022821187973 0.40940621495246887
v -0.19123204052448273 0.06336884945631027 0.4091515839099884
v -0.20669838786125183 0.10038508474826813 0.40839168429374695
v 0.2869361340999603 0.08973666280508041 0.4076318144798279
v 0.29783913493156433 0.002013252815231681 0.4015467166900635
v 0.3059512674808502 0.34530043601989746 0.40205395221710205
v 0.26792094111442566 0.049424462020397186 0.40839168429374695
v -0.1014803871512413 0.14069688320159912 0.4017993211746216
v 0.2947956323623657 0.03928310424089432 0.407884418964386
v 0.22253838181495667 0.10824476927518845 0.40661728382110596
v 0.2514420449733734 0.11306192725896835 0.4056027829647064
v 0.24459511041641235 0.0859336331486702 0.4086463153362274
v 0.27273890376091003 0.13258415460586548 0.401292085647583
v 0.2955574691295624 0.02685968577861786 0.406110018491745
v 0.19388890266418457 0.10418811440467834 0.4071245491504669
v 0.21341173350811005 0.05652347579598427 0.4088989496231079
v 0.17639490962028503 0.08669432252645493 0.4086463153362274
v 0.18602922558784485 0.04764965921640396 0.40813905000686646
v -0.12581975758075714 -0.5048043727874756 0.39622148871421814
v 0.14673113822937012 0.07705982029438019 0.40940621495246887
v 0.1728455126285553 0.12371054291725159 0.4035737216472626
v -0.23002225160598755 0.06691846996545792 0.4086463153362274
v -0.2335730642080307 0.10875184088945389 0.4071245491504669
v 0.15864749252796173 0.050185151398181915 0.40813905000686646
v 0.11782803386449814 0.0473962277173996 0.4076318144798279
v -0.2556297779083252 0.0473962277173996 0.40686991810798645
v -0.2211502343416214 0.022549595683813095 0.402561217546463
v -0.2041621059179306 0.05804464593529701 0.4086463153362274
v -0.17069567739963531 0.11154075711965561 0.40686991810798645
v -0.21328875422477722 0.13157004117965698 0.40332111716270447
v 0.30544403195381165 -0.05249696597456932 0.38937652111053467
v -0.15624423325061798 0.10215988755226135 0.40813905000686646
v -0.266532838344574 -0.020297890529036522 0.39267268776893616
v -0.02820863015949726 0.021282050758600235 0.40484288334846497
v 0.1479988694190979 0.13106298446655273 0.40230658650398254
v -0.2652636766433716 0.1470365971326828 0.4015467166900635
v 0.24079366028308868 0.046635549515485764 0.407884418964386
v 0.2283688485622406 0.02026773802936077 0.40408098697662354
v -0.050266142934560776 0.13993698358535767 0.40205395221710205
v -0.006911599077284336 -0.5126639008522034 0.3982505202293396
v 0.0022157616913318634 -0.4979593753814697 0.39622148871421814
v 0.3092474639415741 -0.06720203906297684 0.3952069878578186
v -0.26374390721321106 -0.0060998727567493916 0.39622148871421814
v 0.13253310322761536 0.027366749942302704 0.40484288334846497
v -0.28148993849754333 0.3349066376686096 0.3954616189002991
v 0.049627047032117844 0.16021929681301117 0.3957142233848572
v 0.0658532977104187 0.016971958801150322 0.40230658650398254
v -0.044941939413547516 0.004295118153095245 0.40027955174446106
v -0.009446889162063599 -0.00660692946985364 0.3967287540435791
v -0.07815512269735336 0.14652934670448303 0.3997722864151001
v 0.001201625564135611 0.1394297331571579 0.40230658650398254
v 0.2932758331298828 0.35189276933670044 0.402561217546463
v 0.29885366559028625 0.1305559277534485 0.401292085647583
v 0.016920840367674828 -0.279411256313324 0.3845585882663727
v 0.2575271427631378 0.010887066833674908 0.4015467166900635
v 0.09323523193597794 0.020014306530356407 0.40230658650398254
v 0.3056986331939697 0.3465675711631775 0.40027955174446106
v 0.10591188073158264 0.1305559277534485 0.4028138518333435
v -0.12784819304943085 -0.4690556824207306 0.3675724267959595
v -0.2508138120174408 0.1285277009010315 0.40230658650398254
v 0.2499202936887741 0.14450031518936157 0.3985031545162201
v 0.10692599415779114 0.016971958801150322 0.40205395221710205
v -0.25132107734680176 0.006830400321632624 0.39698338508605957
v -0.2789556682109833 0.1718822419643402 0.40230658650398254
v 0.06357143819332123 0.1827852725982666 0.3860803246498108
v 0.0726986899971962 -0.23174680769443512 0.3670651614665985
v 0.08613621443510056 -0.24214179813861847 0.3422195315361023
v 0.11732097715139389 -0.22718310356140137 0.3612346947193146
v 0.1837475597858429 -0.020551519468426704 0.39140555262565613
v 0.1538301408290863 -0.01091702003031969 0.39444708824157715
v 0.1875505894422531 0.022042538970708847 0.40408098697662354
v 0.11706755310297012 0.1782199740409851 0.38658758997917175
v 0.17614127695560455 0.1612338125705719 0.39292532205581665
v 0.19972017407417297 0.1548960953950882 0.3954616189002991
v 0.3092474639415741 -0.0963587611913681 0.38050252199172974
v 0.3011353313922882 -0.022579751908779144 0.39622148871421814
v -0.28225183486938477 -0.17596885561943054 0.39901041984558105
v 0.00754000898450613 -0.43837758898735046 0.38050252199172974
v -0.2766740024089813 0.3491038680076599 0.401292085647583
v -0.028969114646315575 -0.5250887274742126 0.3888692557811737
v -0.014264038763940334 -0.5202707648277283 0.39089828729629517
v -0.27971553802490234 0.20027866959571838 0.39165815711021423
v -0.14584925770759583 0.38257086277008057 0.3749246895313263
v -0.1073116585612297 0.009872954338788986 0.4015467166900635
v -0.007418657653033733 0.16199372708797455 0.3949543535709381
v -0.2556297779083252 0.14855638146400452 0.39875778555870056
v -0.2429543137550354 0.1457674652338028 0.3997722864151001
v 0.3029097318649292 0.14450031518936157 0.399517685174942
v -0.17323096096515656 0.1614864617586136 0.39444708824157715
v 0.07345936447381973 -0.015734171494841576 0.39267268776893616
v 0.11072902381420135 -0.0035645831376314163 0.3967287540435791
v -0.16055433452129364 0.0027739412616938353 0.39875778555870056
v -0.1836259663105011 -0.027396900579333305 0.3868422210216522
v -0.2072056531906128 -0.020297890529036522 0.3891238868236542
v 0.12695546448230743 -0.013705938123166561 0.3936871886253357
v -0.11998849362134933 0.01164755504578352 0.4015467166900635
v 0.28997963666915894 0.13993698358535767 0.39774325489997864
v 0.27755483984947205 0.1693459451198578 0.3891238868236542
v 0.2947956323623657 0.15134529769420624 0.39622148871421814
v 0.3082329332828522 0.16250096261501312 0.39749065041542053
v 0.3127962648868561 0.18785585463047028 0.3957142233848572
v 0.0410066694021225 -0.03677777200937271 0.38354602456092834
v 0.29910629987716675 -0.010409964248538017 0.399517685174942
v 0.3044314980506897 -0.1785043478012085 0.39901041984558105
v -0.018574131652712822 0.18430505692958832 0.38557305932044983
v -0.05964701622724533 0.16250096261501312 0.39419445395469666
v -0.2693217396736145 0.16021929681301117 0.399517685174942
v 0.026555199176073074 0.16706429421901703 0.39292532205581665
v 0.2063121348619461 -0.006353501230478287 0.3967287540435791
v -0.13241171836853027 -0.4061796963214874 0.3891238868236542
v 0.21873493492603302 0.13588012754917145 0.40078482031822205
v -0.05153388902544975 -0.01877671852707863 0.39242005348205566
v -0.08626824617385864 -0.00812810193747282 0.39622148871421814
v 0.2859216034412384 -0.2010689228773117 0.39165815711021423
v -0.03150460124015808 0.2048420011997223 0.37391015887260437
v -0.05939338356256485 -0.5299046635627747 0.38354602456092834
v 0.30848756432533264 -0.16582749783992767 0.3921654224395752
v 0.30848756432533264 -0.1546720266342163 0.3627544939517975
v 0.3044314980506897 0.15007814764976501 0.3992650508880615
v 0.3143180310726166 0.25681692361831665 0.3652907609939575
v -0.1341865211725235 0.007337464485317469 0.4000249207019806
v 0.14825250208377838 -0.22971858084201813 0.35388246178627014
v 0.15230897068977356 0.16833342611789703 0.39089828729629517
v -0.20872542262077332 -0.20766085386276245 0.3797425925731659
v 0.2892177999019623 -0.010663592256605625 0.3954616189002991
v -0.26906710863113403 0.36101943254470825 0.39596885442733765
v -0.1232844665646553 -0.32809001207351685 0.38988375663757324
v 0.3092474639415741 -0.07328692078590393 0.39444708824157715
v -0.1362147480249405 -0.028664644807577133 0.38379865884780884
v -0.15244120359420776 -0.012184765189886093 0.3934325575828552
v -0.14965227246284485 0.16681165993213654 0.39292532205581665
v -0.2566443085670471 -0.017255544662475586 0.39013639092445374
v -0.08804304897785187 -0.5304118990898132 0.38379865884780884
v -0.12607339024543762 -0.2710444927215576 0.38557305932044983
v -0.12252398580312729 -0.2847364544868469 0.3934325575828552
v -0.1273411363363266 -0.4561256170272827 0.3685869574546814
v 0.232679545879364 -0.004071639385074377 0.3982505202293396
v 0.2608233392238617 0.36887893080711365 0.3840532898902893
v 0.2996135354042053 0.35442906618118286 0.39622148871421814
v 0.14875955879688263 -0.035763658583164215 0.3845585882663727
v -0.2789556682109833 0.34834396839141846 0.39698338508605957
v -0.1341865211725235 0.2063637673854828 0.37264302372932434
v -0.12125623971223831 0.18531957268714905 0.3843059241771698
v -0.27337780594825745 0.17492379248142242 0.3957142233848572
v 0.3107692301273346 0.1751784235239029 0.3964761197566986
v 0.3127962648868561 0.33972257375717163 0.3934325575828552
v -0.09869146347045898 0.19039015471935272 0.38176965713500977
v -0.07207023352384567 0.20763090252876282 0.3718831241130829
v 0.2468787580728531 0.18557420372962952 0.38202425837516785
v 0.2996135354042053 -0.19067391753196716 0.3934325575828552
v 0.10717961192131042 0.39195215702056885 0.35844579339027405
v -0.24498134851455688 0.3716678321361542 0.3886166214942932
v -0.269574373960495 0.18810848891735077 0.3878547251224518
v -0.12150966376066208 0.1609811931848526 0.3952069878578186
v -0.11796027421951294 -0.023086808621883392 0.38937652111053467
v 0.2499202936887741 -0.24264885485172272 0.32903483510017395
v 0.1885647028684616 -0.21983066201210022 0.36909422278404236
v 0.2189895659685135 -0.005085756070911884 0.39774325489997864
v 0.0945027768611908 0.4117272198200226 0.32193523645401
v 0.008047087118029594 0.4018386900424957 0.35083889961242676
v 0.21290408074855804 0.17619292438030243 0.38658758997917175
v 0.2783167362213135 -0.21729536354541779 0.37086862325668335
v 0.2937811017036438 -0.21095684170722961 0.37391015887260437
v 0.2172151654958725 -0.03652414306998253 0.3845585882663727
v -0.2847861349582672 -0.07632934302091599 0.38354602456092834
v -0.2860552668571472 -0.09483739733695984 0.38050252199172974
v -0.1499057114124298 -0.03728482872247696 0.38202425837516785
v -0.1511734575033188 -0.23631052672863007 0.37441742420196533
v -0.2852933704853058 -0.17419424653053284 0.39089828729629517
v -0.005643854383379221 -0.02612915448844433 0.3891238868236542
v 0.014385483227670193 -0.35902273654937744 0.3406977653503418
v -0.1993461549282074 0.1893756240606308 0.3825315237045288
v -0.210247203707695 0.1597120612859726 0.3954616189002991
v -0.24092528223991394 0.17238949239253998 0.3906436562538147
v 0.25372371077537537 -0.02638278715312481 0.38937652111053467
v -0.016545897349715233 -0.029425133019685745 0.38810935616493225
v -0.2756594717502594 -0.18889932334423065 0.3919127881526947
v 0.29099220037460327 -0.01624142751097679 0.3934325575828552
v -0.08626824617385864 -0.5349752306938171 0.3701087236404419
v -0.2802228033542633 0.35366716980934143 0.3845585882663727
v -0.1815977245569229 0.4112199544906616 0.32472413778305054
v -0.1777946949005127 0.38738682866096497 0.3675724267959595
v -0.12556633353233337 0.3995570242404938 0.34754273295402527
v -0.12303104251623154 -0.513933002948761 0.38050252199172974
v 0.30062806606292725 0.16326285898685455 0.39165815711021423
v -0.1402714103460312 -0.2487337589263916 0.37568652629852295
v 0.2831326723098755 0.37014803290367126 0.3815169930458069
v 0.3140653967857361 0.33921530842781067 0.3845585882663727
v 0.30366960167884827 -0.19067391753196716 0.3853204548358917
v -0.28073006868362427 -0.05173635855317116 0.38988375663757324
v 0.30696579813957214 0.35468170046806335 0.3891238868236542
v 0.2996135354042053 0.3648228645324707 0.3843059241771698
v -0.2523336410522461 -0.20259028673171997 0.3822769224643707
v -0.25182637572288513 -0.2200842797756195 0.35667139291763306
v -0.04418125003576279 -0.03272110968828201 0.3860803246498108
v 0.20428389310836792 0.37496402859687805 0.3782208561897278
v 0.2940357029438019 -0.027903961017727852 0.38988375663757324
v 0.20479094982147217 -0.040073707699775696 0.3827841877937317
v -0.26222214102745056 0.3681190311908722 0.39140555262565613
v 0.26944270730018616 0.1969825178384781 0.37568652629852295
v -0.12810161709785461 -0.5010029673576355 0.3870948553085327
v -0.105537049472332 -0.5250887274742126 0.3876020908355713
v 0.2656392753124237 -0.023086808621883392 0.39115092158317566
v 0.04988047853112221 -0.24239543080329895 0.3688395917415619
v -0.18945762515068054 0.3729369640350342 0.3878547251224518
v 0.30975469946861267 0.18836311995983124 0.3870948553085327
v -0.04367419332265854 -0.056299999356269836 0.3728976249694824
v -0.0162922702729702 -0.05275051295757294 0.3751792907714844
v -0.006404540967196226 -0.07277984172105789 0.3622492253780365
v 0.30696579813957214 -0.17825071513652802 0.38963112235069275
v -0.13139759004116058 -0.4112502932548523 0.3766990900039673
v -0.1283552497625351 -0.43254712224006653 0.38354602456092834
v -0.2523336410522461 0.19267182052135468 0.38024985790252686
v 0.2783167362213135 -0.01953740231692791 0.3919127881526947
v 0.00449758255854249 -0.4923815429210663 0.38658758997917175
v -0.046970173716545105 -0.5324409604072571 0.37061598896980286
v 0.08689670264720917 -0.04793332517147064 0.37746092677116394
v -0.06623896211385727 -0.04996161535382271 0.3764464557170868
v -0.25005197525024414 -0.030946506187319756 0.38354602456092834
v 0.30265510082244873 -0.06365255266427994 0.37898075580596924
v -0.2769266366958618 0.3696407973766327 0.37568652629852295
v 0.13329379260540009 0.20053131878376007 0.3751792907714844
v 0.18932519853115082 0.19977141916751862 0.37391015887260437
v -0.28073006868362427 0.31462234258651733 0.3701087236404419
v 0.20808693766593933 0.4018386900424957 0.3341054320335388
v 0.17538079619407654 0.39372655749320984 0.35083889961242676
v -0.2827591001987457 -0.06390608102083206 0.3868422210216522
v -0.008432772010564804 -0.5187489986419678 0.3840532898902893
v 0.0019622324034571648 -0.506073534488678 0.3827841877937317
v 0.26361024379730225 -0.04767979681491852 0.37872812151908875
v -0.10579048097133636 -0.026636214926838875 0.3886166214942932
v 0.2970772981643677 -0.03982017561793327 0.3860803246498108
v 0.2998661696910858 -0.05173635855317116 0.3825315237045288
v -0.052294377237558365 -0.08672426640987396 0.3500790297985077
v 0.31482529640197754 0.2654363214969635 0.34272679686546326
v 0.3135581612586975 0.3014396131038666 0.3391759693622589
v -0.0697883740067482 -0.5387786626815796 0.36047282814979553
v -0.022377165034413338 -0.5255939364433289 0.3827841877937317
v 0.30848756432533264 0.20053131878376007 0.3779681921005249
v -0.26044774055480957 -0.02841101586818695 0.3858276903629303
v -0.09919852763414383 -0.04083431512117386 0.38176965713500977
v -0.28148993849754333 -0.18813863396644592 0.3853204548358917
v -0.2865625321865082 -0.15822143852710724 0.37086862325668335
v -0.27363044023513794 0.19977141916751862 0.38481318950653076
v 0.04607744514942169 -0.07024449110031128 0.364276260137558
v -0.18489430844783783 -0.21095684170722961 0.38202425837516785
v 0.30417686700820923 -0.199294313788414 0.3728976249694824
v -0.12201673537492752 -0.29513025283813477 0.3799952566623688
v 0.2278635948896408 -0.057314153760671616 0.3734028935432434
v 0.30214783549308777 0.1873486042022705 0.38176965713500977
v 0.2892177999019623 0.20357483625411987 0.37086862325668335
v -0.09995920956134796 -0.534722626209259 0.35844579339027405
v -0.2774338722229004 0.21219423413276672 0.38176965713500977
v -0.2211502343416214 0.20509465038776398 0.3746720552444458
v -0.2211502343416214 -0.05173635855317116 0.3736575245857239
v -0.2553771436214447 -0.06466668844223022 0.36453089118003845
v -0.25918057560920715 -0.05249696597456932 0.3736575245857239
v 0.05621900409460068 -0.24239543080329895 0.362501859664917
v -0.1699351966381073 -0.2269296646118164 0.36782705783843994
v -0.12581975758075714 -0.032214052975177765 0.3812643885612488
v -0.1788088083267212 0.1969825178384781 0.3782208561897278
v 0.14952003955841064 0.40767115354537964 0.32599329948425293
v -0.2754068374633789 0.22385716438293457 0.3721357583999634
v 0.015906699001789093 -0.3209923803806305 0.3442465662956238
v -0.03556106984615326 0.3884013295173645 0.3749246895313263
v 0.11326451599597931 0.20965993404388428 0.3698540925979614
v -0.27591410279273987 -0.1982802003622055 0.3794879913330078
v -0.12125623971223831 -0.3673894703388214 0.34931713342666626
v -0.2860552668571472 -0.18180030584335327 0.37872812151908875
v -0.18235841393470764 -0.05122930184006691 0.37441742420196533
v 0.3105145990848541 0.35645610094070435 0.3799952566623688
v 0.30848756432533264 -0.17825071513652802 0.36655792593955994
v -0.270841509103775 -0.0631454735994339 0.37416478991508484
v 0.018949130550026894 -0.2910741865634918 0.3612346947193146
v -0.1283552497625351 -0.04387673735618591 0.3779681921005249
v -0.09514206647872925 -0.07607581466436386 0.358953058719635
v -0.1232844665646553 -0.07911823689937592 0.3561641275882721
v -0.28580063581466675 -0.10700719058513641 0.36807969212532043
v 0.011089514940977097 0.21903923153877258 0.364276260137558
v -0.28073006868362427 -0.07480812817811966 0.3761918246746063
v -0.0031084849033504725 -0.5164673328399658 0.37695369124412537
v 0.20479094982147217 -0.06289195269346237 0.3688395917415619
v 0.026048140600323677 -0.2588743269443512 0.3822769224643707
v -0.2011205554008484 0.21270149946212769 0.36960145831108093
v -0.26399654150009155 -0.040073707699775696 0.38176965713500977
v 0.07599465548992157 -0.07354044914245605 0.3612346947193146
v 0.027822883799672127 -0.2647067606449127 0.37112122774124146
v 0.2920067012310028 -0.051989905536174774 0.37746092677116394
v 0.3127962648868561 0.21371600031852722 0.3751792907714844
v 0.009061221964657307 -0.49111437797546387 0.34171226620674133
v 0.011596591211855412 -0.4743809103965759 0.320160835981369
v 0.3089948296546936 -0.10700719058513641 0.3683323264122009
v -0.009953946806490421 -0.5245814323425293 0.3698540925979614
v -0.2784484028816223 -0.08571016043424606 0.3652907609939575
v -0.2827591001987457 -0.08266781270503998 0.3736575245857239
v -0.12455221265554428 -0.2809330224990845 0.3716284930706024
v 0.0070329513400793076 -0.4890853762626648 0.36478352546691895
v 0.3064585328102112 -0.08266781270503998 0.3734028935432434
v -0.1263270080089569 -0.5075932741165161 0.3731502890586853
v 0.30341699719429016 0.3683716654777527 0.3764464557170868
v -0.12201673537492752 -0.39958733320236206 0.33511990308761597
v 0.31457266211509705 0.33921530842781067 0.3751792907714844
v -0.26298201084136963 0.21396863460540771 0.3713758587837219
v -0.2830117344856262 -0.19346284866333008 0.3746720552444458
v 0.1043907031416893 -0.05528585985302925 0.3734028935432434
v -0.24827754497528076 0.2063637673854828 0.3728976249694824
v -0.18134430050849915 0.21980109810829163 0.36453089118003845
v 0.26487940549850464 -0.07227276265621185 0.36300912499427795
v 0.2516946792602539 -0.07354044914245605 0.3627544939517975
v 0.25853967666625977 0.2294350117444992 0.3528679609298706
v -0.19097939133644104 -0.22921150922775269 0.35058629512786865
v 0.25220194458961487 0.37471136450767517 0.37593919038772583
v 0.28617623448371887 0.38257086277008057 0.36300912499427795
v -0.15193413197994232 -0.0824141800403595 0.3528679609298706
v 0.17664854228496552 -0.081400066614151 0.3559094965457916
v 0.3064585328102112 -0.1873781532049179 0.3764464557170868
v -0.1283552497625351 -0.4234204888343811 0.36148732900619507
v -0.28098469972610474 0.3551889657974243 0.3721357583999634
v -0.267799973487854 0.3785147964954376 0.37441742420196533
v -0.2475176453590393 0.38434526324272156 0.37061598896980286
v -0.2645038068294525 0.38459789752960205 0.366050660610199
v 0.15737974643707275 0.22613883018493652 0.35717663168907166
v 0.30088070034980774 0.20205308496952057 0.37239038944244385
v -0.23940353095531464 0.3947410583496094 0.35438773036003113
v 0.3079802989959717 -0.11765559762716293 0.3559094965457916
v 0.02224508672952652 -0.279411256313324 0.3650381565093994
v -0.1390036642551422 -0.2573539614677429 0.3622492253780365
v 0.037964317947626114 -0.26141059398651123 0.3561641275882721
v 0.00449758255854249 -0.5088624358177185 0.3609800636768341
v -0.058379270136356354 0.39372655749320984 0.3597129285335541
v 0.2980917692184448 0.3792746961116791 0.363768994808197
v -0.15066640079021454 -0.2449307143688202 0.3612346947193146
v 0.20124134421348572 -0.24797306954860687 0.31838640570640564
v -0.12607339024543762 -0.280678391456604 0.3609800636768341
v -0.1430603414773941 -0.26141059398651123 0.3419649004936218
v -0.2819972038269043 -0.1972658783197403 0.3731502890586853
v -0.024405594915151596 -0.5309191942214966 0.36807969212532043
v 0.13354742527008057 -0.05908890441060066 0.3713758587837219
v 0.3127962648868561 0.3572179973125458 0.3703613579273224
v -0.27946290373802185 0.23526547849178314 0.3688395917415619
v -0.1303834766149521 -0.4596764147281647 0.3361344337463379
v -0.13190466165542603 -0.47260650992393494 0.33562716841697693
v 0.3046841323375702 -0.0933162197470665 0.362501859664917
v 0.30088070034980774 -0.20690037310123444 0.36909422278404236
v 0.3135581612586975 0.31893303990364075 0.3346126675605774
v -0.21278347074985504 0.40133142471313477 0.34323403239250183
v 0.2998661696910858 -0.07455459982156754 0.3685869574546814
v -0.2852933704853058 -0.19498421251773834 0.3652907609939575
v -0.12201673537492752 -0.5179890990257263 0.3675724267959595
v -0.1303834766149521 -0.4125174283981323 0.3650381565093994
v 0.2859216034412384 0.2281678467988968 0.3528679609298706
v 0.2869361340999603 -0.0644131600856781 0.3688395917415619
v -0.2756594717502594 -0.20690037310123444 0.3668125569820404
v 0.16726768016815186 -0.2337750345468521 0.3472900986671448
v 0.30519139766693115 0.22259001433849335 0.3592056632041931
v 0.10160177946090698 0.22689872980117798 0.3579385280609131
v 0.07599465548992157 0.270506888628006 0.3138231039047241
v 0.12873007357120514 0.2497173398733139 0.33689433336257935
v -0.21227622032165527 -0.07658287137746811 0.3564167618751526
v -0.22976963222026825 -0.08266781270503998 0.3510935306549072
v 0.3079802989959717 0.21422326564788818 0.36782705783843994
v 0.3135581612586975 0.23070214688777924 0.36478352546691895
v -0.26855987310409546 0.22436441481113434 0.36630529165267944
v 0.3074730634689331 -0.19092755019664764 0.3650381565093994
v -0.2845335006713867 -0.10751424729824066 0.3574312627315521
v -0.2865625321865082 -0.11841628700494766 0.35438773036003113
v -0.2766740024089813 0.37800753116607666 0.3640236258506775
v -0.28098469972610474 0.36710453033447266 0.3597129285335541
v 0.029851173982024193 0.21067246794700623 0.37061598896980286
v 0.04658450186252594 0.22740599513053894 0.3581911623477936
v -0.11390361189842224 -0.5281302332878113 0.3594602942466736
v 0.30721843242645264 0.3709079623222351 0.36655792593955994
v -0.22267000377178192 0.23856164515018463 0.3498243987560272
v 0.31457266211509705 0.3559488356113434 0.36148732900619507
v -0.062435928732156754 -0.08418898284435272 0.3528679609298706
v 0.2955574691295624 -0.08114643394947052 0.35996556282043457
v 0.3056986331939697 -0.20360441505908966 0.36174196004867554
v 0.29276856780052185 -0.22033771872520447 0.36022019386291504
v 0.29885366559028625 -0.22033771872520447 0.3536278307437897
v -0.12100260704755783 -0.3055260181427002 0.36655792593955994
v -0.26120761036872864 0.3909376263618469 0.35717663168907166
v -0.011728748679161072 -0.5301592946052551 0.35565686225891113
v -0.26095497608184814 -0.07480812817811966 0.35844579339027405
v -0.26577094197273254 -0.08520309627056122 0.3533751964569092
v 0.28997963666915894 -0.06973741203546524 0.365543395280838
v 0.20428389310836792 0.21751946210861206 0.36300912499427795
v -0.25765880942344666 0.3972753584384918 0.34881189465522766
v -0.19402094185352325 0.24870280921459198 0.34120500087738037
v -0.0748591497540474 0.23627997934818268 0.35514959692955017
v -0.062435928732156754 0.23197127878665924 0.35667139291763306
v -0.12759456038475037 0.22994224727153778 0.35565686225891113
v 0.13557565212249756 -0.08063937723636627 0.3559094965457916
v 0.01869560219347477 -0.30020084977149963 0.3483046293258667
v -0.28554800152778625 -0.20284372568130493 0.3528679609298706
v -0.2756594717502594 -0.21577398478984833 0.35413509607315063
v -0.28706780076026917 -0.19777293503284454 0.33562716841697693
v -0.28732240200042725 -0.18763157725334167 0.34906449913978577
v -0.28706780076026917 -0.15720731019973755 0.3143303692340851
v -0.15725834667682648 0.2608729898929596 0.3280203342437744
v -0.124298594892025 -0.5144402980804443 0.358953058719635
v 0.3089948296546936 -0.1300790160894394 0.3536278307437897
v -0.26070037484169006 0.22588618099689484 0.36174196004867554
v 0.31457266211509705 0.3488512337207794 0.35413509607315063
v -0.28148993849754333 -0.21526692807674408 0.34754273295402527
v -0.28225183486938477 -0.09686581790447235 0.3609800636768341
v -0.2863079011440277 -0.1468123197555542 0.32726043462753296
v 0.234453946352005 -0.0854567214846611 0.3528679609298706
v -0.1372290700674057 -0.2710444927215576 0.3358798325061798
v -0.03353283554315567 -0.5344679951667786 0.358953058719635
v -0.15472285449504852 -0.25126904249191284 0.3409503996372223
v -0.18971025943756104 -0.23656396567821503 0.33689433336257935
v 0.018949130550026894 0.2502245604991913 0.3376561999320984
v -0.0162922702729702 0.23374570906162262 0.35261332988739014
v -0.013503551483154297 0.2763393819332123 0.3077380061149597
v -0.28098469972610474 0.2994105815887451 0.3442465662956238
v 0.09931991994380951 -0.09940111637115479 0.33816149830818176
v 0.1847616732120514 0.24921007454395294 0.3358798325061798
v 0.2121434062719345 0.24946469068527222 0.3361344337463379
v 0.22127123177051544 0.23399831354618073 0.3503316640853882
v 0.03593608736991882 0.41984131932258606 0.3171192705631256
v -0.2688145041465759 -0.10624650120735168 0.33664169907569885
v -0.27794113755226135 0.246928408741951 0.3581911623477936
v -0.13190466165542603 -0.4860438108444214 0.333345502614975
v -0.28098469972610474 0.3374409079551697 0.34652823209762573
v 0.3059512674808502 -0.20842154324054718 0.34957176446914673
v 0.3031623661518097 -0.1042182669043541 0.35058629512786865
v 0.2998661696910858 -0.092302106320858 0.35514959692955017
v -0.25943320989608765 0.2388162761926651 0.3513461649417877
v 0.00018747005378827453 -0.5200181007385254 0.35565686225891113
v 0.31026196479797363 0.37192243337631226 0.3574312627315521
v 0.043542154133319855 -0.2601434290409088 0.34931713342666626
v 0.02858348935842514 -0.0963587611913681 0.34120500087738037
v -0.009700517170131207 -0.09686581790447235 0.3422195315361023
v -0.12683407962322235 -0.5119040012359619 0.32599329948425293
v -0.1303834766149521 -0.5037898421287537 0.3082452416419983
v -0.12024212628602982 -0.5291447639465332 0.30697810649871826
v 0.30874019861221313 -0.1536577045917511 0.3396832346916199
v -0.14128553867340088 0.24515400826931 0.34272679686546326
v 0.18501509726047516 -0.1042182669043541 0.3348672688007355
v -0.12683407962322235 -0.2867634892463684 0.3376561999320984
v -0.12455221265554428 -0.28929978609085083 0.3472900986671448
v -0.2726179361343384 0.39397919178009033 0.3452610671520233
v -0.2802228033542633 0.3807964622974396 0.34804999828338623
v -0.28098469972610474 0.2821698486804962 0.331571102142334
v -0.2784484028816223 0.2700016498565674 0.3341054320335388
v -0.22317726910114288 -0.23580347001552582 0.33030200004577637
v 0.29302123188972473 -0.09204847365617752 0.34931713342666626
v 0.2907395660877228 -0.103204146027565 0.33816149830818176
v 0.25701990723609924 -0.10802130401134491 0.3313165009021759
v -0.21126171946525574 -0.0912879928946495 0.3442465662956238
v -0.16613216698169708 -0.09864042699337006 0.3379088342189789
v -0.12227035313844681 -0.5205233693122864 0.34450119733810425
v -0.013756980188190937 -0.5352298617362976 0.3406977653503418
v 0.276794970035553 -0.26267775893211365 0.2798488140106201
v 0.23065249621868134 -0.2565934658050537 0.2970895767211914
v 0.26158320903778076 -0.27205902338027954 0.2473962903022766
v 0.3110218644142151 0.23399831354618073 0.35565686225891113
v 0.3079802989959717 -0.1914346069097519 0.328527569770813
v -0.11187537014484406 -0.5321863293647766 0.3457683324813843
v -0.116439089179039 -0.5299046635627747 0.33816149830818176
v 0.29124683141708374 0.38865596055984497 0.3521060645580292
v 0.2674136757850647 0.3957535922527313 0.34120500087738037
v 0.2783167362213135 -0.24112768471240997 0.33207836747169495
v 0.3092474639415741 -0.1409810483455658 0.3409503996372223
v -0.11948144435882568 -0.3136381506919861 0.3409503996372223
v -0.27287057042121887 0.24794290959835052 0.35083889961242676
v 0.30265510082244873 0.38282349705696106 0.35438773036003113
v -0.04316714033484459 -0.10472532361745834 0.3341054320335388
v 0.06433212757110596 -0.25456503033638 0.33258363604545593
v -0.20771288871765137 -0.11258501559495926 0.3216826021671295
v 0.29149943590164185 -0.23047906160354614 0.3457683324813843
v -0.13139759004116058 -0.49618497490882874 0.32117533683776855
v 0.3125436305999756 0.3724296987056732 0.34779736399650574
v 0.04227440804243088 -0.08216074854135513 0.3546423614025116
v -0.1182136982679367 -0.3237813115119934 0.32726043462753296
v -0.030997348949313164 0.4119798541069031 0.326753169298172
v 0.3138107657432556 0.344540536403656 0.33689433336257935
v 0.03771069273352623 -0.2692700922489166 0.34297940135002136
v 0.3001208007335663 0.22842048108577728 0.35261332988739014
v -0.0010802146280184388 -0.5263558626174927 0.34171226620674133
v -0.28148993849754333 0.3676117956638336 0.34779736399650574
v -0.1232844665646553 -0.4366031885147095 0.3199082016944885
v 0.22938336431980133 -0.1082749292254448 0.3313165009021759
v 0.014639019034802914 0.41553062200546265 0.32294973731040955
v 0.004244053270667791 -0.5162146687507629 0.34754273295402527
v 0.021484479308128357 -0.3585154712200165 0.24866347014904022
v 0.01869560219347477 -0.3643459379673004 0.2828923463821411
v 0.015906699001789093 -0.46652141213417053 0.2628626823425293
v -0.14762385189533234 -0.10573944449424744 0.331063836812973
v 0.03897843882441521 0.42693892121315 0.3034273087978363
v -0.06725308299064636 0.24109794199466705 0.35058629512786865
v -0.28123730421066284 0.29560714960098267 0.331063836812973
v -0.2804774343967438 0.32501813769340515 0.333345502614975
v -0.2574041783809662 -0.08621720969676971 0.34881189465522766
v 0.26513200998306274 0.24616849422454834 0.3374015688896179
v -0.2827591001987457 -0.11233139038085938 0.3470354676246643
v -0.21709218621253967 -0.10954246670007706 0.3252314031124115
v -0.2675473392009735 -0.22338005900382996 0.34627559781074524
v 0.31482529640197754 0.25225359201431274 0.3536278307437897
v 0.02959764562547207 -0.28448182344436646 0.3343600332736969
v 0.30265510082244873 -0.11588099598884583 0.33816149830818176
v 0.3082329332828522 0.23957617580890656 0.3467828631401062
v -0.2792082726955414 0.2621401250362396 0.3452610671520233
v 0.29606473445892334 0.24718302488327026 0.3343600332736969
v 0.02909056656062603 0.42313551902770996 0.3112868070602417
v 0.010328907519578934 0.43124961853027344 0.2816232442855835
v -0.2566443085670471 0.26923975348472595 0.31813380122184753
v -0.21227622032165527 0.2527608573436737 0.3361344337463379
v -0.266532838344574 -0.2309863269329071 0.3330909013748169
v -0.24954469501972198 -0.2350427806377411 0.3297947347164154
v -0.07866217941045761 -0.10092228651046753 0.33664169907569885
v -0.0031084849033504725 -0.1348961740732193 0.2958224415779114
v -0.019334815442562103 -0.13565665483474731 0.29632967710494995
v -0.13951072096824646 -0.27535519003868103 0.3143303692340851
v -0.12480565160512924 -0.2946229875087738 0.3234570026397705
v -0.27160340547561646 0.25681692361831665 0.34019050002098083
v 0.30671316385269165 0.3853597939014435 0.34450119733810425
v -0.2566443085670471 -0.11182433366775513 0.3234570026397705
v -0.07587326318025589 0.24642114341259003 0.3442465662956238
v 0.30240246653556824 -0.21983066201210022 0.3450084328651428
v 0.07726240158081055 -0.2553257346153259 0.3204154670238495
v -0.2574041783809662 0.24870280921459198 0.34120500087738037
v -0.2863079011440277 -0.12881126999855042 0.3419649004936218
v 0.279331237077713 0.26492905616760254 0.3155975043773651
v 0.3079802989959717 -0.15416476130485535 0.31686463952064514
v -0.25309547781944275 0.40158605575561523 0.3409503996372223
v 0.31305089592933655 0.25250622630119324 0.3437393009662628
v -0.028969114646315575 -0.539538562297821 0.33841609954833984
v -0.17323096096515656 0.41831955313682556 0.3082452416419983
v 0.3056986331939697 -0.12678304314613342 0.3343600332736969
v 0.04810567572712898 -0.1141061931848526 0.32294973731040955
v -0.12252398580312729 0.25174635648727417 0.33664169907569885
v 0.3125436305999756 0.3706552982330322 0.3204154670238495
v 0.3140653967857361 0.3473294675350189 0.28998997807502747
v 0.3138107657432556 0.383838027715683 0.3077380061149597
v -0.11770664155483246 -0.10142934322357178 0.33562716841697693
v -0.2850407660007477 -0.2132387012243271 0.33993786573410034
v -0.07333797961473465 -0.542582094669342 0.3467828631401062
v -0.06776013970375061 -0.5463855266571045 0.3297947347164154
v -0.04291370511054993 -0.12424755096435547 0.31179407238960266
v -0.05051977559924126 0.243379607796669 0.3439939320087433
v 0.009314771741628647 -0.5040444731712341 0.32878217101097107
v 0.2965700328350067 0.39372655749320984 0.34171226620674133
v 0.17512716352939606 -0.10776786506175995 0.331063836812973
v -0.17221684753894806 -0.24924081563949585 0.32092270255088806
v -0.12353809922933578 -0.37321993708610535 0.30292004346847534
v -0.12277740985155106 -0.3864046633243561 0.31204870343208313
v -0.09742391854524612 -0.5441038608551025 0.320160835981369
v -0.07232386618852615 -0.5509488582611084 0.31001967191696167
v 0.042781468480825424 -0.2680029571056366 0.3358798325061798
v 0.15661905705928802 0.24946469068527222 0.33664169907569885
v 0.30975469946861267 0.2527608573436737 0.33511990308761597
v 0.18729697167873383 0.2694943845272064 0.3125559389591217
v 0.2253272980451584 0.26721271872520447 0.31509023904800415
v 0.1084473580121994 -0.24011357128620148 0.3391759693622589
v -0.28098469972610474 0.3823162317276001 0.323711633682251
v -0.28073006868362427 0.35011836886405945 0.3095124065876007
v 0.2838945686817169 -0.2497478723526001 0.31204870343208313
v -0.2693217396736145 0.4005715250968933 0.33689433336257935
v -0.2792082726955414 0.3896704912185669 0.3374015688896179
v 0.3046841323375702 -0.21856291592121124 0.3358798325061798
v 0.3125436305999756 0.37496402859687805 0.3379088342189789
v 0.3013879656791687 -0.22971858084201813 0.331063836812973
v -0.11973506957292557 -0.5266084671020508 0.3297947347164154
v 0.024780455976724625 -0.29513025283813477 0.3295421004295349
v -0.22469905018806458 0.4228828549385071 0.2955678105354309
v -0.24016541242599487 0.41400888562202454 0.3171192705631256
v -0.2117689698934555 0.27380308508872986 0.3125559389591217
v -0.04063184931874275 0.266958087682724 0.31813380122184753
v -0.28250446915626526 -0.12221932411193848 0.3343600332736969
v 0.07751583307981491 -0.10472532361745834 0.3328382670879364
v 0.10109472274780273 -0.1318536251783371 0.2986113429069519
v 0.003483446314930916 -0.5228070616722107 0.33385276794433594
v -0.28098469972610474 -0.22363369166851044 0.3346126675605774
v -0.28681516647338867 -0.17596885561943054 0.3006383776664734
v 0.30062806606292725 0.3962608277797699 0.33207836747169495
v -0.10274813324213028 -0.5390332937240601 0.3371489346027374
v 0.2940357029438019 -0.23453572392463684 0.33562716841697693
v -0.01578521355986595 -0.5397931933403015 0.3262459337711334
v -0.06091475859284401 -0.12374049425125122 0.31204870343208313
v -0.12100260704755783 -0.40719422698020935 0.321429967880249
v 0.16422513127326965 0.42186835408210754 0.28998997807502747
v -0.28073006868362427 0.38155636191368103 0.2742709815502167
v -0.28073006868362427 0.3506256341934204 0.2600737512111664
v 0.29910629987716675 0.25960585474967957 0.32117533683776855
v -0.15877953171730042 -0.2573539614677429 0.3204154670238495
v 0.31152912974357605 0.3871341943740845 0.32548603415489197
v -0.11973506957292557 -0.31110385060310364 0.32928943634033203
v 0.2278635948896408 -0.12805058062076569 0.3074853718280792
v 0.20098792016506195 -0.12779715657234192 0.30697810649871826
v -0.002347877947613597 -0.5321863293647766 0.32751306891441345
v 0.18831108510494232 0.4211084544658661 0.289737343788147
v 0.3001208007335663 0.26822522282600403 0.3095124065876007
v 0.29783913493156433 0.2814099192619324 0.2894827425479889
v -0.10401567816734314 0.27735385298728943 0.3064708411693573
v -0.15827246010303497 0.28014278411865234 0.3031746745109558
v -0.14331376552581787 0.2933254837989807 0.28111597895622253
v 0.28972503542900085 -0.11461325734853745 0.3265005648136139
v -0.02465902455151081 -0.5441038608551025 0.3173719048500061
v 0.3140653967857361 0.26594358682632446 0.3323310315608978
v -0.14838452637195587 0.2636619210243225 0.32447153329849243
v -0.28580063581466675 -0.21475987136363983 0.3343600332736969
v 0.01869560219347477 -0.3410200774669647 0.29632967710494995
v 0.01869560219347477 -0.3197232484817505 0.32193523645401
v -0.19300644099712372 -0.25101563334465027 0.3031746745109558
v 0.3079802989959717 -0.13895262777805328 0.33080923557281494
v 0.3077256679534912 -0.1597425937652588 0.3049490749835968
v 0.050387535244226456 -0.2700299918651581 0.31813380122184753
v -0.11745321750640869 -0.34507814049720764 0.3014002740383148
v -0.27337780594825745 0.2700016498565674 0.326753169298172
v 0.14394241571426392 -0.2573539614677429 0.2988639771938324
v -0.2850407660007477 -0.13210725784301758 0.33055663108825684
v -0.26577094197273254 0.4056421220302582 0.32878217101097107
v -0.28098469972610474 0.2930728495121002 0.3199082016944885
v -0.28073006868362427 0.3001704812049866 0.3074853718280792
v -0.10832596570253372 -0.5375115275382996 0.33030200004577637
v -0.1719634234905243 -0.1250082403421402 0.30621621012687683
v -0.13063710927963257 -0.28929978609085083 0.30545634031295776
v 0.2892177999019623 0.4010787904262543 0.33030200004577637
v 0.2947956323623657 -0.24011357128620148 0.323711633682251
v 0.12289880961179733 0.2732958197593689 0.30900514125823975
v 0.14242105185985565 0.2760847508907318 0.3046964406967163
v -0.26196950674057007 0.41071268916130066 0.3204154670238495
v -0.2847861349582672 -0.2228730022907257 0.3224424719810486
v -0.27946290373802185 -0.23123975098133087 0.32092270255088806
v -0.27794113755226135 0.39651545882225037 0.32599329948425293
v -0.27616673707962036 -0.11968402564525604 0.32878217101097107
v 0.3018952012062073 -0.12551529705524445 0.3262459337711334
v 0.30848756432533264 -0.16988416016101837 0.29176440834999084
v 0.3077256679534912 -0.19168823957443237 0.3014002740383148
v 0.30417686700820923 0.25428062677383423 0.328527569770813
v -0.12303104251623154 -0.4584072530269623 0.3067234754562378
v 0.012610732577741146 0.27532485127449036 0.31001967191696167
v -0.28706780076026917 -0.21374575793743134 0.31052690744400024
v -0.13139759004116058 -0.4824930429458618 0.323711633682251
v 0.3064585328102112 -0.21653467416763306 0.32573866844177246
v 0.22684907913208008 0.2765919864177704 0.30292004346847534
v 0.25524550676345825 -0.12779715657234192 0.3074853718280792
v 0.2811056673526764 -0.25608620047569275 0.2968369424343109
v 0.2831326723098755 -0.11841628700494766 0.320160835981369
v -0.2214028686285019 0.27202868461608887 0.3155975043773651
v -0.0687742531299591 0.4127417206764221 0.32320436835289
v -0.1263270080089569 -0.4766625761985779 0.3097670376300812
v -0.2865625321865082 -0.23428209125995636 0.283145010471344
v -0.28681516647338867 -0.19802656769752502 0.27452561259269714
v -0.28681516647338867 -0.2081679105758667 0.24917073547840118
v 0.03618951886892319 -0.2847364544868469 0.3161047697067261
v 0.3122909963130951 0.26822522282600403 0.32269710302352905
v -0.1511734575033188 -0.2654666602611542 0.31331583857536316
v 0.03213299438357353 0.2776065170764923 0.30545634031295776
v -0.035307638347148895 -0.13945968449115753 0.28847017884254456
v -0.11314311623573303 -0.5354825258255005 0.32294973731040955
v -0.2804774343967438 0.28774765133857727 0.3204154670238495
v 0.09069973975419998 -0.25710052251815796 0.30875250697135925
v 0.2940357029438019 0.4051348567008972 0.320160835981369
v 0.05545831471681595 0.2575768232345581 0.3300493657588959
v 0.006272344850003719 -0.5250887274742126 0.31179407238960266
v 0.009568301029503345 -0.5111441016197205 0.3161047697067261
v -0.28250446915626526 -0.13337500393390656 0.321429967880249
v 0.12796957790851593 -0.11359913647174835 0.323711633682251
v -0.2787010371685028 0.2809026837348938 0.32193523645401
v -0.07460552453994751 -0.12957195937633514 0.30444180965423584
v -0.09235315024852753 -0.1290649026632309 0.30444180965423584
v -0.20669838786125183 -0.1310931295156479 0.2970895767211914
v 0.3044314980506897 0.3990497589111328 0.3221898674964905
v -0.27160340547561646 -0.23935288190841675 0.31331583857536316
v -0.15193413197994232 0.42009395360946655 0.30444180965423584
v 0.3044314980506897 -0.22870445251464844 0.3221898674964905
v 0.3059512674808502 -0.13743144273757935 0.321429967880249
v -0.12074918299913406 -0.4033907949924469 0.31001967191696167
v -0.25284087657928467 0.41882678866386414 0.3049490749835968
v -0.2680526077747345 0.41679778695106506 0.3019075393676758
v -0.2652636766433716 -0.12221932411193848 0.31483760476112366
v 0.2968246340751648 -0.12551529705524445 0.3191463053226471
v -0.12024212628602982 -0.30958208441734314 0.31838640570640564
v 0.03492197394371033 -0.2918340861797333 0.3021601438522339
v -0.11694616079330444 -0.5326935648918152 0.3153448700904846
v -0.2754068374633789 0.40462759137153625 0.31813380122184753
v -0.24523597955703735 -0.24848012626171112 0.3016529083251953
v -0.22698070108890533 -0.2558327913284302 0.28263774514198303
v -0.2074582874774933 -0.2535509169101715 0.2922716438770294
v -0.2789556682109833 0.2915510833263397 0.3097670376300812
v -0.20517662167549133 -0.14503751695156097 0.27325648069381714
v 0.2686828374862671 0.41071268916130066 0.3097670376300812
v 0.315079927444458 0.37978196144104004 0.2904972434043884
v 0.2265944480895996 0.41248708963394165 0.31001967191696167
v 0.053937144577503204 0.4320095181465149 0.27934157848358154
v 0.10261590033769608 0.4271935522556305 0.28086334466934204
v 0.09120679646730423 0.4413908123970032 0.22508496046066284
v -0.270841509103775 0.2765919864177704 0.31686463952064514
v -0.2852933704853058 -0.14529114961624146 0.31661200523376465
v 0.2123970240354538 -0.2631850242614746 0.2788343131542206
v -0.059900447726249695 0.28014278411865234 0.2998785078525543
v -0.2789556682109833 -0.1359102874994278 0.3125559389591217
v -0.00412264047190547 -0.5372568964958191 0.31306320428848267
v -0.23306579887866974 -0.12247294187545776 0.30875250697135925
v 0.31305089592933655 0.3853597939014435 0.31661200523376465
v 0.2996135354042053 -0.23909945785999298 0.3163573741912842
v 0.048359308391809464 -0.12957195937633514 0.30292004346847534
v 0.021484479308128357 -0.14909417927265167 0.2717367112636566
v 0.2534691095352173 0.27557748556137085 0.3034273087978363
v -0.11796027421951294 -0.3214976489543915 0.3155975043773651
v -0.28098469972610474 0.3916975259780884 0.3112868070602417
v 0.30874019861221313 0.3977826237678528 0.31331583857536316
v 0.30671316385269165 0.266958087682724 0.3161047697067261
v -0.2802228033542633 0.3977826237678528 0.31230130791664124
v -0.18895037472248077 0.4193340539932251 0.30545634031295776
v -0.10300156474113464 -0.5430893898010254 0.31356847286224365
v 0.13785751163959503 0.28800228238105774 0.2861885130405426
v 0.20453733205795288 0.28622788190841675 0.287962943315506
v -0.15725834667682648 0.4335312843322754 0.26260805130004883
v -0.18058361113071442 0.43302401900291443 0.2643844485282898
v -0.2819972038269043 -0.237831711769104 0.3003857433795929
v -0.2741377055644989 -0.2446770966053009 0.29810410737991333
v 0.3125436305999756 0.27862101793289185 0.31154143810272217
v 0.315079927444458 0.29129844903945923 0.31001967191696167
v -0.16410373151302338 -0.2565934658050537 0.31356847286224365
v 0.3018952012062073 -0.13616390526294708 0.31356847286224365
v -0.11010056734085083 -0.12830421328544617 0.3046964406967163
v 0.0549512580037117 -0.27535519003868103 0.2973422110080719
v -0.12303104251623154 -0.44496995210647583 0.3077380061149597
v 0.29783913493156433 0.4081784188747406 0.31027430295944214
v 0.29099220037460327 -0.12678304314613342 0.3125559389591217
v -0.27971553802490234 0.3011849820613861 0.2968369424343109
v -0.28073006868362427 0.32501813769340515 0.3079926371574402
v 0.3059512674808502 -0.2269296646118164 0.31204870343208313
v -0.12505927681922913 -0.4282364249229431 0.2986113429069519
v -0.25943320989608765 0.42465725541114807 0.2864411771297455
v 0.07853014767169952 -0.13514959812164307 0.2927789092063904
v -0.051026832312345505 -0.5517087578773499 0.291004478931427
v 0.08537552505731583 -0.15213653445243835 0.26210078597068787
v 0.05621900409460068 -0.1447840929031372 0.2783270478248596
v 0.2920067012310028 -0.2487337589263916 0.3079926371574402
v -0.2723633050918579 0.4117272198200226 0.3092597723007202
v -0.23433294892311096 -0.1468123197555542 0.2692004144191742
v -0.24675574898719788 -0.1465587019920349 0.26945504546165466
v -0.28402623534202576 -0.23123975098133087 0.3110341727733612
v 0.032386522740125656 0.4302351176738739 0.29784947633743286
v 0.0057652671821415424 0.28495875000953674 0.2935407757759094
v -0.2675473392009735 0.2814099192619324 0.3079926371574402
v -0.2584187090396881 0.2874950170516968 0.2922716438770294
v -0.23103676736354828 0.28622788190841675 0.2940480411052704
v -0.16156844794750214 -0.26293236017227173 0.29911860823631287
v -0.07815512269735336 -0.5512015223503113 0.3031746745109558
v -0.26298201084136963 -0.2449307143688202 0.30520370602607727
v 0.14723818004131317 -0.13565665483474731 0.2935407757759094
v 0.11884234845638275 -0.13514959812164307 0.29506054520606995
v -0.12049555033445358 -0.4112502932548523 0.2973422110080719
v 0.005004660226404667 -0.14985467493534088 0.2722439467906952
v 0.15585857629776 -0.1239941269159317 0.31077954173088074
v 0.03923206403851509 -0.14884056150913239 0.27122944593429565
v -0.2832663357257843 -0.1437699794769287 0.30723074078559875
v -0.011982178315520287 -0.5433419942855835 0.3046964406967163
v 0.0009480769513174891 -0.5349752306938171 0.30570897459983826
v -0.27946290373802185 -0.14503751695156097 0.29911860823631287
v -0.2584187090396881 -0.13210725784301758 0.2958224415779114
v 0.3029097318649292 -0.23833876848220825 0.3077380061149597
v -0.12607339024543762 -0.4348287880420685 0.2768072783946991
v -0.12556633353233337 -0.44142112135887146 0.2641298174858093
v -0.12505927681922913 -0.45992904901504517 0.2717367112636566
v -0.1273411363363266 -0.1310931295156479 0.2998785078525543
v -0.13976435363292694 -0.1379384994506836 0.28897547721862793
v -0.2804774343967438 0.3131025433540344 0.2833996117115021
v -0.1854015588760376 0.28191718459129333 0.3016529083251953
v 0.042781468480825424 -0.2943703830242157 0.2724965810775757
v -0.15066640079021454 -0.275862455368042 0.2770599126815796
v 0.24256806075572968 0.29560714960098267 0.26818588376045227
v -0.033786267042160034 0.2869877517223358 0.28847017884254456
v -0.01502472534775734 0.2844514846801758 0.2935407757759094
v 0.29124683141708374 -0.13540323078632355 0.29962587356567383
v 0.30519139766693115 0.2809026837348938 0.29506054520606995
v 0.09779874980449677 0.28191718459129333 0.29632967710494995
v -0.09539549797773361 0.42313551902770996 0.29784947633743286
v 0.24459511041641235 -0.14503751695156097 0.2801034450531006
v 0.01185012049973011 -0.513933002948761 0.29328614473342896
v 0.31330353021621704 0.3960082232952118 0.2955678105354309
v 0.22304563224315643 -0.15340428054332733 0.26235541701316833
v 0.19211409986019135 -0.15315064787864685 0.2618481516838074
v -0.06421073526144028 0.29611441493034363 0.27148208022117615
v -0.12480565160512924 -0.29969358444213867 0.2998785078525543
v -0.19756975769996643 0.29586178064346313 0.27756717801094055
v -0.27768850326538086 0.4084310233592987 0.3031746745109558
v -0.06547828018665314 -0.14858712255954742 0.2727492153644562
v 0.30240246653556824 -0.1468123197555542 0.3001311123371124
v -0.12404515594244003 -0.3846282660961151 0.30266740918159485
v 0.2752731740474701 0.2902839481830597 0.27477824687957764
v -0.12759456038475037 -0.2971592843532562 0.2907518446445465
v -0.020348932594060898 0.42947521805763245 0.28415951132774353
v 0.31152912974357605 0.3972753584384918 0.30418920516967773
v 0.30417686700820923 0.40767115354537964 0.30114564299583435
v 0.30975469946861267 0.27988818287849426 0.30266740918159485
v -0.17348459362983704 -0.2619178593158722 0.28568127751350403
v -0.28706780076026917 -0.15720731019973755 0.3021601438522339
v -0.28098469972610474 0.3995570242404938 0.3001311123371124
v 0.13557565212249756 -0.1447840929031372 0.2785816788673401
v -0.03860361501574516 0.4307423532009125 0.27908894419670105
v 0.19617076218128204 -0.26445215940475464 0.2752855122089386
v 0.30671316385269165 -0.22540849447250366 0.30089300870895386
v 0.2821201682090759 0.42161571979522705 0.27934157848358154
v 0.25397634506225586 0.41527602076530457 0.29962587356567383
v -0.27515220642089844 0.2905365526676178 0.30114564299583435
v -0.28681516647338867 -0.22464780509471893 0.2970895767211914
v -0.28073006868362427 0.3262852728366852 0.28365227580070496
v 0.11681392043828964 0.29586178064346313 0.2689477801322937
v -0.10198744386434555 -0.5458782911300659 0.3006383776664734
v 0.29631736874580383 -0.2497478723526001 0.3001311123371124
v 0.0057652671821415424 -0.5314264297485352 0.29784947633743286
v 0.17436668276786804 -0.13616390526294708 0.2937934100627899
v 0.1936352699995041 0.29865071177482605 0.26336994767189026
v -0.12455221265554428 -0.5134257674217224 0.2785816788673401
v -0.12024212628602982 -0.5258485674858093 0.2737637162208557
v -0.11922801285982132 -0.5309191942214966 0.283145010471344
v 0.28820326924324036 0.4142634868621826 0.29962587356567383
v 0.3140653967857361 0.29129844903945923 0.29937124252319336
v -0.014264038763940334 -0.5476527214050293 0.289737343788147
v -0.13013005256652832 -0.4994811415672302 0.2970895767211914
v 0.01489255577325821 0.28293168544769287 0.29658231139183044
v 0.25575074553489685 0.4259244203567505 0.2692004144191742
v 0.26361024379730225 0.43251678347587585 0.23979143798351288
v 0.20986174046993256 0.43251678347587585 0.24967797100543976
v -0.11719958484172821 -0.5349752306938171 0.29201897978782654
v -0.11136831343173981 -0.541314959526062 0.2864411771297455
v -0.12125623971223831 -0.4497878849506378 0.24841082096099854
v 0.315079927444458 0.30346664786338806 0.2927789092063904
v 0.31457266211509705 0.31436970829963684 0.28061071038246155
v -0.12252398580312729 -0.46652141213417053 0.29201897978782654
v -0.0008266650838777423 -0.5403004288673401 0.29125910997390747
v -0.24016541242599487 0.2905365526676178 0.28542667627334595
v -0.12353809922933578 -0.38260123133659363 0.29201897978782654
v -0.11872075498104095 -0.403643399477005 0.2846667766571045
v 0.30519139766693115 -0.23732464015483856 0.29784947633743286
v -0.12810161709785461 -0.5093677043914795 0.2940480411052704
v 0.12441997975111008 0.42770081758499146 0.2770599126815796
v -0.264251172542572 0.4211084544658661 0.2935407757759094
v 0.30366960167884827 -0.15695369243621826 0.2861885130405426
v 0.014131948351860046 -0.51215660572052 0.2709748148918152
v -0.116439089179039 -0.32961177825927734 0.29024457931518555
v -0.27515220642089844 0.4142634868621826 0.2935407757759094
v -0.116439089179039 -0.15492545068264008 0.2567775845527649
v 0.07143114507198334 0.2945946455001831 0.2707221806049347
v -0.116439089179039 -0.3410200774669647 0.2768072783946991
v -0.1232844665646553 -0.3676421046257019 0.28086334466934204
v -0.1065511703491211 0.2933254837989807 0.2798488140106201
v 0.3082329332828522 -0.18078620731830597 0.27908894419670105
v -0.28681516647338867 -0.1696305274963379 0.28897547721862793
v -0.09818440675735474 -0.5496816635131836 0.28568127751350403
v 0.29733189940452576 0.29281821846961975 0.2679332494735718
v -0.28402623534202576 -0.15543250739574432 0.29303351044654846
v 0.29910629987716675 0.41553062200546265 0.28998997807502747
v -0.27489960193634033 -0.15289722383022308 0.2783270478248596
v 0.14546360075473785 0.30042511224746704 0.25753745436668396
v -0.2802228033542633 0.4048822224140167 0.287455677986145
v 0.009061221964657307 -0.5266084671020508 0.2894827425479889
v -0.26247477531433105 -0.1437699794769287 0.2788343131542206
v 0.30062806606292725 -0.24822670221328735 0.2922716438770294
v 0.1629575788974762 -0.15948916971683502 0.24536725878715515
v 0.3079802989959717 0.40767115354537964 0.2922716438770294
v 0.28795063495635986 -0.25710052251815796 0.29125910997390747
v -0.12404515594244003 -0.36967113614082336 0.2925262451171875
v 0.3062058985233307 -0.23580347001552582 0.28720107674598694
v 0.3074730634689331 -0.2170417308807373 0.2755381464958191
v 0.026555199176073074 -0.3100893497467041 0.29303351044654846
v 0.03897843882441521 0.44037628173828125 0.26945504546165466
v 0.035429030656814575 0.4353056848049164 0.28365227580070496
v -0.13697543740272522 -0.29031431674957275 0.26818588376045227
v -0.2792082726955414 0.4135016202926636 0.2757927477359772
v 0.09424934536218643 -0.2692700922489166 0.2742709815502167
v -0.2827591001987457 -0.24239543080329895 0.287455677986145
v -0.01705295778810978 -0.5512015223503113 0.27452561259269714
v 0.315079927444458 0.3724296987056732 0.2648897171020508
v 0.3127962648868561 0.2920583486557007 0.289230078458786
v 0.11199676990509033 -0.2756078243255615 0.24156583845615387
v 0.15129484236240387 -0.27383342385292053 0.2430856078863144
v -0.2738850712776184 -0.24949444830417633 0.2859339118003845
v -0.02744794264435768 -0.1625315099954605 0.23928417265415192
v -0.2766740024089813 0.30194687843322754 0.2877083420753479
v 0.28363993763923645 -0.1447840929031372 0.28187787532806396
v -0.014517666772007942 -0.14529114961624146 0.2803560793399811
v 0.31482529640197754 0.39195215702056885 0.2780744135379791
v 0.31457266211509705 0.4036150872707367 0.2656516134738922
v -0.25968584418296814 0.2950998842716217 0.2788343131542206
v 0.2950502336025238 0.42034661769866943 0.27934157848358154
v 0.3082329332828522 -0.17875777184963226 0.2679332494735718
v 0.3138107657432556 0.30169224739074707 0.27731454372406006
v 0.060782525688409805 -0.16481336951255798 0.22964827716350555
v 0.043542154133319855 -0.16506680846214294 0.22990289330482483
v -0.20948731899261475 0.3009323477745056 0.2661588490009308
v -0.08043698966503143 -0.5544976592063904 0.281370609998703
v -0.07460552453994751 -0.5544976592063904 0.287962943315506
v -0.12860867381095886 -0.5032845735549927 0.28365227580070496
v -0.20340222120285034 -0.25507208704948425 0.2882155776023865
v -0.28123730421066284 0.4005715250968933 0.26235541701316833
v 0.3143180310726166 0.3944864273071289 0.2864411771297455
v -0.08246521651744843 -0.15137605369091034 0.2643844485282898
v -0.11694616079330444 -0.3275827467441559 0.2785816788673401
v 0.011596591211855412 0.28926941752433777 0.2828923463821411
v -0.2416851967573166 -0.25608620047569275 0.28061071038246155
v -0.011982178315520287 -0.15315064787864685 0.2641298174858093
v 0.06534624099731445 -0.27966588735580444 0.26996028423309326
v 0.03593608736991882 0.29586178064346313 0.2707221806049347
v -0.024151967838406563 0.30448117852211 0.2506924867630005
v 0.011596591211855412 0.31132614612579346 0.22939565777778625
v -0.28554800152778625 -0.16582749783992767 0.2785816788673401
v -0.2072056531906128 -0.25431159138679504 0.289230078458786
v -0.12404515594244003 -0.476915180683136 0.28086334466934204
v 0.29302123188972473 -0.25786101818084717 0.28365227580070496
v -0.2726179361343384 0.3014396131038666 0.27934157848358154
v 0.30848756432533264 0.29079118371009827 0.2816232442855835
v -0.04595605283975601 -0.5588083267211914 0.2458745241165161
v -0.014010608196258545 -0.5537377595901489 0.25272151827812195
v 0.2874433696269989 -0.15315064787864685 0.2661588490009308
v 0.27730220556259155 -0.15340428054332733 0.2628626823425293
v -0.11846733093261719 -0.39147523045539856 0.2740183472633362
v 0.03644314780831337 -0.3034970164299011 0.2659042179584503
v -0.002854956779628992 -0.544863760471344 0.27655264735221863
v 0.3064585328102112 0.41375622153282166 0.281370609998703
v -0.270841509103775 0.42516452074050903 0.27477824687957764
v 0.14673113822937012 -0.1597425937652588 0.2458745241165161
v 0.07320574671030045 -0.27383342385292053 0.2780744135379791
v 0.30341699719429016 -0.24695895612239838 0.283145010471344
v 0.31127649545669556 0.40640199184417725 0.2833996117115021
v 0.02047034539282322 -0.3334152102470398 0.2859339118003845
v 0.3049367666244507 -0.16734866797924042 0.2719893157482147
v 0.2996135354042053 -0.1567002534866333 0.2780744135379791
v -0.20340222120285034 -0.25786101818084717 0.28061071038246155
v -0.12708750367164612 -0.4966922402381897 0.2719893157482147
v -0.28073006868362427 -0.1625315099954605 0.27148208022117615
v -0.18971025943756104 -0.14909417927265167 0.26514434814453125
v -0.264251172542572 -0.2573539614677429 0.2707221806049347
v -0.2599404752254486 -0.2603960931301117 0.26260805130004883
v -0.267799973487854 -0.2535509169101715 0.2798488140106201
v 0.008047087118029594 -0.533455491065979 0.2757927477359772
v -0.12100260704755783 -0.3131309151649475 0.2719893157482147
v -0.28098469972610474 -0.24746601283550262 0.27756717801094055
v -0.10350862145423889 -0.548412561416626 0.2788343131542206
v -0.07942286878824234 0.30980637669563293 0.24004405736923218
v 0.30366960167884827 0.29104381799697876 0.2740183472633362
v -0.06142181530594826 -0.5585537552833557 0.2646370828151703
v 0.1310119330883026 0.30524304509162903 0.2473962903022766
v -0.10274813324213028 0.4365728497505188 0.2537340223789215
v -0.14331376552581787 0.43429118394851685 0.2610882818698883
v 0.043542154133319855 0.4431651830673218 0.253988653421402
v -0.10021264106035233 -0.5522159934043884 0.26387718319892883
v -0.11669252812862396 -0.5367496609687805 0.26818588376045227
v 0.30544403195381165 -0.24543777108192444 0.27300384640693665
v 0.22583456337451935 0.30828461050987244 0.2367478758096695
v 0.24637149274349213 0.3014396131038666 0.253481388092041
v -0.12227035313844681 -0.3661203384399414 0.26844051480293274
v -0.2860552668571472 -0.16988416016101837 0.2770599126815796
v 0.028329961001873016 0.3118334114551544 0.22939565777778625
v 0.29758453369140625 -0.2573539614677429 0.27630001306533813
v -0.11998849362134933 -0.4147990942001343 0.2598191201686859
v -0.2863079011440277 -0.24036699533462524 0.27148208022117615
v 0.31457266211509705 0.3212146759033203 0.25119975209236145
v -0.28554800152778625 -0.24797306954860687 0.25931188464164734
v 0.30265510082244873 -0.16608111560344696 0.2628626823425293
v 0.2902323007583618 -0.15543250739574432 0.26336994767189026
v -0.267799973487854 0.429220587015152 0.26539698243141174
v 0.3127962648868561 0.4053894877433777 0.27452561259269714
v 0.2844018340110779 -0.2634396255016327 0.2750328779220581
v -0.2787010371685028 0.3120880424976349 0.27325648069381714
v 0.021230950951576233 -0.33721864223480225 0.2742709815502167
v 0.08562915772199631 -0.27383342385292053 0.2656516134738922
v 0.279838502407074 -0.26876282691955566 0.25779208540916443
v -0.20441673696041107 -0.26876282691955566 0.24207308888435364
v -0.17348459362983704 -0.2692700922489166 0.2598191201686859
v -0.1253127157688141 -0.47285911440849304 0.2610882818698883
v 0.30696579813957214 0.4165451228618622 0.27148208022117615
v 0.3064585328102112 -0.2439166009426117 0.2618481516838074
v 0.04075324162840843 0.44823575019836426 0.22204340994358063
v 0.03213299438357353 0.4467160105705261 0.2410585731267929
v 0.2907395660877228 -0.26394689083099365 0.2689477801322937
v 0.3016425669193268 -0.2563398480415344 0.2679332494735718
v -0.18032997846603394 0.30853724479675293 0.24511465430259705
v 0.013878412544727325 0.4363202154636383 0.2674260139465332
v -0.12505927681922913 -0.30755504965782166 0.25424128770828247
v -0.11314311623573303 -0.5423274636268616 0.2413112074136734
v -0.11618547141551971 -0.5380187630653381 0.25576305389404297
v -0.12176329642534256 -0.4984666705131531 0.25551044940948486
v -0.11770664155483246 -0.4033907949924469 0.27122944593429565
v 0.29581010341644287 -0.26293236017227173 0.2618481516838074
v 0.0022157616913318634 -0.542582094669342 0.26945504546165466
v -0.2787010371685028 0.3212146759033203 0.2489181011915207
v -0.2802228033542633 0.33008867502212524 0.23471885919570923
v 0.22735632956027985 0.43834924697875977 0.21114037930965424
v -0.2693217396736145 0.30321401357650757 0.27021491527557373
v -0.27312517166137695 -0.1625315099954605 0.25424128770828247
v -0.28402623534202576 -0.1724194437265396 0.25449591875076294
v 0.2856689691543579 0.42491188645362854 0.2692004144191742
v -0.2799701690673828 0.32222920656204224 0.25931188464164734
v -0.2754068374633789 0.3115807771682739 0.2643844485282898
v 0.11478568613529205 -0.15999622642993927 0.24612915515899658
v -0.057111725211143494 0.4431651830673218 0.22331055998802185
v -0.08728236705064774 0.4360675811767578 0.25627031922340393
v -0.12480565160512924 -0.4888327419757843 0.26058101654052734
v 0.016920840367674828 -0.513933002948761 0.23624062538146973
v -0.2787010371685028 -0.252536803483963 0.26818588376045227
v 0.2103687971830368 -0.16937710344791412 0.21088773012161255
v 0.17791609466075897 -0.16937710344791412 0.21139498054981232
v 0.3079802989959717 -0.18915274739265442 0.2550031840801239
v -0.24650314450263977 -0.26774832606315613 0.2382696568965912
v 0.05697949230670929 0.30498841404914856 0.24917073547840118
v -0.1154249757528305 -0.348626971244812 0.25145235657691956
v -0.11998849362134933 -0.36358603835105896 0.25627031922340393
v 0.29606473445892334 0.42364275455474854 0.26945504546165466
v -0.21050181984901428 0.4370800852775574 0.24765092134475708
v -0.005136777646839619 -0.549174427986145 0.26159554719924927
v 0.31178373098373413 0.3009323477745056 0.2676786184310913
v 0.1984526365995407 -0.27358078956604004 0.23979143798351288
v 0.011596591211855412 -0.5283828973770142 0.26691874861717224
v -0.11719958484172821 -0.32530108094215393 0.2676786184310913
v -0.12176329642534256 -0.3757542371749878 0.25601768493652344
v -0.2789556682109833 0.42009395360946655 0.2656516134738922
v -0.105537049472332 -0.5499343276023865 0.2567775845527649
v -0.26399654150009155 -0.1516294777393341 0.2641298174858093
v 0.1738596260547638 0.4353056848049164 0.24029669165611267
v 0.28642886877059937 0.2996652126312256 0.25424128770828247
v 0.3077256679534912 -0.18763157725334167 0.24410012364387512
v 0.30696579813957214 -0.2289578914642334 0.2395368069410324
v 0.30696579813957214 -0.2231266349554062 0.22838114202022552
v -0.2863079011440277 -0.18154668807983398 0.24765092134475708
v -0.2632366418838501 0.30321401357650757 0.26362255215644836
v -0.13646838068962097 0.3014396131038666 0.2631153166294098
v -0.11010056734085083 0.30980637669563293 0.24004405736923218
v -0.14965227246284485 -0.16050328314304352 0.24029669165611267
v -0.2444741129875183 0.43302401900291443 0.26387718319892883
v 0.03314713016152382 0.4426579475402832 0.2631153166294098
v 0.14926661550998688 0.3105662763118744 0.2286357581615448
v 0.19515664875507355 0.31107351183891296 0.22812849283218384
v 0.28059840202331543 -0.27205902338027954 0.2458745241165161
v -0.12810161709785461 -0.30476614832878113 0.23902954161167145
v -0.15877953171730042 0.3136098086833954 0.22939565777778625
v -0.11872075498104095 -0.40263089537620544 0.2598191201686859
v 0.008554164320230484 -0.16024965047836304 0.2473962903022766
v 0.006779402494430542 -0.5392859578132629 0.26159554719924927
v 0.0263016689568758 -0.1655740588903427 0.23015554249286652
v -0.28681516647338867 -0.2429024875164032 0.24638178944587708
v -0.24523597955703735 0.43885648250579834 0.23852229118347168
v -0.25968584418296814 0.4353056848049164 0.24917073547840118
v 0.050387535244226456 -0.2933558523654938 0.25474855303764343
v -0.17145636677742004 -0.1655740588903427 0.21443653106689453
v -0.11441066861152649 -0.16101033985614777 0.24029669165611267
v -0.07840855419635773 -0.16709524393081665 0.2228032946586609
v 0.2998661696910858 0.42465725541114807 0.2600737512111664
v 0.30975469946861267 0.4160378873348236 0.26235541701316833
v -0.2756594717502594 -0.2573539614677429 0.2595664858818054
v 0.25372371077537537 0.43758735060691833 0.21088773012161255
v -0.2632366418838501 -0.15391133725643158 0.2582993507385254
v -0.116439089179039 -0.32606297731399536 0.2367478758096695
v 0.035429030656814575 -0.3100893497467041 0.2519596219062805
v 0.0027228393591940403 0.43860185146331787 0.2537340223789215
v 0.06914927810430527 -0.2837219536304474 0.2489181011915207
v 0.3079802989959717 0.3014396131038666 0.25931188464164734
v -0.11491772532463074 -0.3354422450065613 0.250945121049881
v 0.14850592613220215 -0.27662232518196106 0.22787387669086456
v -0.016799526289105415 -0.5567793250083923 0.23725514113903046
v 0.11453226208686829 0.4398689866065979 0.22838114202022552
v 0.14825250208377838 0.4380946159362793 0.23066279292106628
v 0.12137763947248459 0.4441797137260437 0.1832519918680191
v 0.3122909963130951 0.3077773451805115 0.25474855303764343
v 0.17157776653766632 0.4426579475402832 0.15536300837993622
v 0.1718311905860901 0.44291257858276367 0.17387111485004425
v 0.2052980214357376 0.44189804792404175 0.1644902527332306
v 0.30671316385269165 -0.177490234375 0.25753745436668396
v 0.29276856780052185 0.42972785234451294 0.24917073547840118
v 0.3062058985233307 -0.24949444830417633 0.24967797100543976
v 0.30088070034980774 -0.2621704936027527 0.2537340223789215
v -0.1481311023235321 -0.2865108549594879 0.2334517240524292
v -0.27439233660697937 0.42972785234451294 0.24612915515899658
v -0.28098469972610474 0.4150233864784241 0.25119975209236145
v -0.22317726910114288 -0.15213653445243835 0.25728484988212585
v -0.23002225160598755 -0.1518831104040146 0.25728484988212585
v 0.00044101959792897105 -0.5473980903625488 0.25449591875076294
v 0.315079927444458 0.4018386900424957 0.2570302188396454
v -0.27185603976249695 0.3115807771682739 0.25551044940948486
v 0.2874433696269989 -0.2700299918651581 0.25272151827812195
v -0.2802228033542633 0.422122985124588 0.2395368069410324
v -0.06345004588365555 0.30955174565315247 0.23979143798351288
v -0.169681578874588 -0.2725662589073181 0.2506924867630005
v 0.013878412544727325 -0.5299046635627747 0.24460738897323608
v 0.2534691095352173 0.2991579473018646 0.25905925035476685
v 0.31457266211509705 0.39702272415161133 0.2395368069410324
v 0.29885366559028625 -0.1655740588903427 0.25449591875076294
v -0.21531778573989868 -0.15898211300373077 0.24055132269859314
v 0.30392423272132874 0.3014396131038666 0.25145235657691956
v 0.31330353021621704 0.4135016202926636 0.24460738897323608
v 0.22684907913208008 -0.27535519003868103 0.2304101586341858
v 0.28997963666915894 -0.16050328314304352 0.25119975209236145
v 0.024019848555326462 -0.33569687604904175 0.2519596219062805
v -0.09387432038784027 0.4431651830673218 0.21976174414157867
v -0.12074918299913406 0.44443434476852417 0.20784419775009155
v -0.12176329642534256 -0.4193624258041382 0.2395368069410324
v -0.12353809922933578 -0.4378723204135895 0.25145235657691956
v 0.3046841323375702 0.42465725541114807 0.250945121049881
v -0.267799973487854 -0.26394689083099365 0.24232572317123413
v 0.31178373098373413 0.4150233864784241 0.253481388092041
v 0.032893601804971695 0.4451942443847656 0.2519596219062805
v -0.11567841470241547 -0.46931031346321106 0.2291410267353058
v -0.11897438764572144 -0.4893399775028229 0.2428329735994339
v 0.3153325617313385 0.34098973870277405 0.21823997795581818
v 0.3140653967857361 0.3295814096927643 0.17513886094093323
v 0.3153325617313385 0.34251150488853455 0.17158925533294678
v 0.010835985653102398 0.32045480608940125 0.1900973618030548
v -0.03353283554315567 0.3209620714187622 0.1893368661403656
v -0.2860552668571472 -0.18408216536045074 0.23902954161167145
v -0.2835189700126648 -0.2527904212474823 0.24917073547840118
v -0.266025573015213 0.31107351183891296 0.2489181011915207
v -0.016545897349715233 0.44544684886932373 0.21240951120853424
v -0.05153388902544975 0.3181731402873993 0.20962058007717133
v -0.28073006868362427 0.3412443697452545 0.2225506603717804
v -0.2804774343967438 0.3757258951663971 0.2367478758096695
v -0.28098469972610474 0.4048822224140167 0.2506924867630005
v -0.2830117344856262 -0.1744476854801178 0.24562188982963562
v 0.005258188582956791 -0.544863760471344 0.2471436858177185
v -0.22976963222026825 -0.15517908334732056 0.2489181011915207
v -0.16156844794750214 -0.278903990983963 0.2331990748643875
v -0.12176329642534256 -0.4115029275417328 0.2395368069410324
v -0.09691686183214188 -0.5552595257759094 0.24866347014904022
v 0.3046841323375702 -0.17596885561943054 0.24790355563163757
v -0.27185603976249695 -0.1686164140701294 0.23471885919570923
v 0.26792094111442566 -0.27636969089508057 0.22305792570114136
v 0.026555199176073074 -0.33265331387519836 0.24207308888435364
v -0.11517134308815002 -0.35116320848464966 0.24993258714675903
v 0.3059512674808502 0.3077773451805115 0.2367478758096695
v 0.2980917692184448 0.302706778049469 0.24486202001571655
v 0.28642886877059937 0.30701744556427 0.2319299429655075
v 0.3140653967857361 0.4117272198200226 0.23573337495326996
v -0.0018408215837553144 -0.5517087578773499 0.2395368069410324
v -0.09869146347045898 -0.17165875434875488 0.19694314897060394
v -0.11593203246593475 -0.17140533030033112 0.19694314897060394
v -0.28706780076026917 -0.2320004403591156 0.2352261245250702
v 0.29276856780052185 -0.26901745796203613 0.24562188982963562
v 0.30950209498405457 0.30701744556427 0.2458745241165161
v 0.29733189940452576 -0.17520837485790253 0.21976174414157867
v 0.28820326924324036 -0.16937710344791412 0.2192544937133789
v 0.2831326723098755 -0.16506680846214294 0.2334517240524292
v 0.3018952012062073 -0.2634396255016327 0.24029669165611267
v -0.1123824268579483 -0.358768105506897 0.22812849283218384
v 0.1895788311958313 -0.27991852164268494 0.19567599892616272
v -0.2462485134601593 0.3133551776409149 0.23091740906238556
v -0.06928131729364395 -0.5626117587089539 0.2364952564239502
v 0.2699499726295471 0.3072700798511505 0.23421359062194824
v -0.26222214102745056 -0.15695369243621826 0.24967797100543976
v -0.11669252812862396 -0.5309191942214966 0.22356317937374115
v 0.039485495537519455 -0.3073004186153412 0.24359285831451416
v 0.1647321879863739 -0.2761150896549225 0.2288883924484253
v 0.04886636510491371 -0.2986810803413391 0.24055132269859314
v 0.25879430770874023 -0.1696305274963379 0.2103804647922516
v 0.30696579813957214 -0.18585677444934845 0.2331990748643875
v 0.26183584332466125 -0.2809330224990845 0.18097013235092163
v 0.2955574691295624 0.43099498748779297 0.23979143798351288
v -0.20441673696041107 0.3087918758392334 0.24663642048835754
v -0.14635631442070007 0.4426579475402832 0.21798734366893768
v 0.009568301029503345 -0.5410603284835815 0.2395368069410324
v -0.1133965402841568 -0.33924567699432373 0.23877690732479095
v 0.19794537127017975 0.4345458149909973 0.24004405736923218
v -0.2817445695400238 -0.2573539614677429 0.2395368069410324
v 0.3140653967857361 0.3184257745742798 0.2425803542137146
v -0.12125623971223831 -0.3864046633243561 0.24232572317123413
v 0.3062058985233307 -0.25304386019706726 0.23750779032707214
v -0.26070037484169006 -0.1597425937652588 0.2413112074136734
v -0.11314311623573303 -0.4155609905719757 0.21190224587917328
v 0.31482529640197754 0.32983604073524475 0.2304101586341858
v 0.03086530975997448 0.44798314571380615 0.2304101586341858
v 0.010075378231704235 0.4446869492530823 0.22432507574558258
v 0.30671316385269165 0.42491188645362854 0.2413112074136734
v 0.119349405169487 0.30803197622299194 0.23852229118347168
v 0.1054048165678978 0.3151295781135559 0.20885871350765228
v 0.12264538556337357 0.3153842091560364 0.20885871350765228
v -0.27160340547561646 0.4337839186191559 0.2364952564239502
v -0.25486987829208374 0.44012361764907837 0.22812849283218384
v 0.07599465548992157 -0.2898070514202118 0.2055625319480896
v 0.11225039511919022 -0.2816929221153259 0.20480264723300934
v -0.1291157305240631 -0.3055260181427002 0.213422030210495
v -0.20796553790569305 0.4431651830673218 0.21190224587917328
v -0.28250446915626526 -0.17672954499721527 0.23725514113903046
v -0.17601989209651947 0.3194402754306793 0.20201373100280762
v -0.11948144435882568 -0.3864046633243561 0.2319299429655075
v 0.037964317947626114 -0.31389278173446655 0.2291410267353058
v 0.02579459361732006 -0.3412747085094452 0.22838114202022552
v -0.011221690103411674 -0.1734335571527481 0.19618326425552368
v 0.0410066694021225 -0.1734335571527481 0.19567599892616272
v 0.03492197394371033 -0.17470130324363708 0.1685469001531601
v -0.09311363101005554 -0.5583010911941528 0.2334517240524292
v -0.08931059390306473 -0.5610899925231934 0.21823997795581818
v -0.18920299410820007 -0.274088054895401 0.21976174414157867
v 0.30214783549308777 -0.17419424653053284 0.23902954161167145
v -0.06167524680495262 -0.5633716583251953 0.22990289330482483
v -0.2399107813835144 -0.16024965047836304 0.23218455910682678
v 0.09906648844480515 -0.16481336951255798 0.22939565777778625
v -0.28580063581466675 -0.25101563334465027 0.23370634019374847
v -0.2804774343967438 0.35189276933670044 0.2101258635520935
v -0.13266533613204956 -0.16532042622566223 0.22305792570114136
v 0.29276856780052185 -0.27053722739219666 0.23624062538146973
v 0.2871907651424408 -0.2745952904224396 0.22939565777778625
v -0.15751178562641144 -0.2819475531578064 0.22457769513130188
v -0.04418125003576279 -0.16912347078323364 0.21392928063869476
v -0.008939830586314201 -0.17039121687412262 0.21367664635181427
v -0.11010056734085083 -0.5468928217887878 0.22660672664642334
v -0.10325518995523453 -0.5544976592063904 0.2192544937133789
v -0.08525414019823074 -0.5633716583251953 0.20302824676036835
v -0.06015406921505928 -0.5664151906967163 0.20657704770565033
v -0.11060762405395508 -0.3625715374946594 0.21671819686889648
v -0.11136831343173981 -0.37474173307418823 0.21545104682445526
v 0.025287533178925514 -0.35293763875961304 0.21545104682445526
v 0.23699022829532623 0.3153842091560364 0.20480264723300934
v 0.14825250208377838 -0.17165875434875488 0.19389961659908295
v 0.3064585328102112 0.31107351183891296 0.22660672664642334
v 0.22684907913208008 -0.16937710344791412 0.21088773012161255
v -0.26070037484169006 -0.16227808594703674 0.23269180953502655
v 0.016920840367674828 -0.5222997665405273 0.22381781041622162
v -0.2645038068294525 0.31766587495803833 0.22584682703018188
v 0.31482529640197754 0.40944555401802063 0.2273666262626648
v 0.01996326632797718 -0.4873109757900238 0.20353549718856812
v -0.26070037484169006 0.4406309127807617 0.22153614461421967
v -0.25132107734680176 0.4436724781990051 0.20226635038852692
v 0.31127649545669556 0.31589147448539734 0.22483232617378235
v -0.22267000377178192 -0.16734866797924042 0.20632439851760864
v -0.24092528223991394 -0.1665881723165512 0.20632439851760864
v -0.041392337530851364 0.4467160105705261 0.18705500662326813
v -0.27515220642089844 -0.26572129130363464 0.2225506603717804
v -0.25918057560920715 -0.26901745796203613 0.22609947621822357
v -0.2802228033542633 0.42516452074050903 0.23598799109458923
v 0.2980917692184448 0.4317568838596344 0.2304101586341858
v -0.06497121602296829 0.31893303990364075 0.20049194991588593
v 0.30874019861221313 0.42491188645362854 0.23243720829486847
v 0.3140653967857361 0.4178122878074646 0.1974503993988037
v 0.3125436305999756 0.4213610887527466 0.2149437963962555
v 0.3138107657432556 0.3899231255054474 0.21392928063869476
v -0.06142181530594826 -0.16734866797924042 0.2228032946586609
v -0.11365017294883728 -0.49263617396354675 0.19415421783924103
v -0.1154249757528305 -0.5286375284194946 0.1992247998714447
v -0.00462969858199358 -0.5557648539543152 0.22432507574558258
v -0.2860552668571472 -0.18611040711402893 0.2304101586341858
v -0.2599404752254486 0.3179185092449188 0.21798734366893768
v -0.2056838721036911 0.32070744037628174 0.193139910697937
v 0.30088070034980774 -0.2669884264469147 0.22964827716350555
v -0.26095497608184814 -0.16481336951255798 0.22432507574558258
v 0.30544403195381165 -0.25710052251815796 0.22584682703018188
v -0.28681516647338867 -0.2010689228773117 0.2253395915031433
v -0.27008163928985596 0.43556031584739685 0.2288883924484253
v 0.008047087118029594 -0.546130895614624 0.22508496046066284
v -0.12024212628602982 -0.400601863861084 0.2304101586341858
v -0.11618547141551971 -0.4482661187648773 0.23243720829486847
v 0.03264006972312927 -0.3242865800857544 0.22381781041622162
v -0.28123730421066284 0.4145161211490631 0.22660672664642334
v -0.11466428637504578 -0.32961177825927734 0.22584682703018188
v -0.11390361189842224 -0.4500405192375183 0.21773271262645721
v -0.1133965402841568 -0.5423274636268616 0.21823997795581818
v -0.10325518995523453 0.3151295781135559 0.22052162885665894
v -0.2827591001987457 -0.17901140451431274 0.22838114202022552
v 0.3013879656791687 -0.17622248828411102 0.22787387669086456
v 0.024780455976724625 -0.39984196424484253 0.18781569600105286
v -0.16537147760391235 0.44544684886932373 0.18781569600105286
v -0.20010603964328766 0.4459540843963623 0.17032170295715332
v 0.30519139766693115 -0.26141059398651123 0.21392928063869476
v 0.30417686700820923 -0.2649594247341156 0.20277361571788788
v 0.30696579813957214 -0.2535509169101715 0.19085805118083954
v 0.157886803150177 -0.277129590511322 0.22483232617378235
v -0.23255854845046997 -0.2745952904224396 0.1893368661403656
v 0.02680874615907669 -0.356486439704895 0.19212579727172852
v 0.3001208007335663 -0.26851019263267517 0.22762124240398407
v -0.27287057042121887 -0.17292650043964386 0.21748009324073792
v -0.11288948357105255 -0.3336678445339203 0.2149437963962555
v -0.10984713584184647 -0.34076744318008423 0.193139910697937
v -0.10832596570253372 -0.35597917437553406 0.19364696741104126
v -0.11010056734085083 -0.3896988332271576 0.20328086614608765
v -0.11288948357105255 -0.4021236300468445 0.21291477978229523
v 0.29251396656036377 0.31082090735435486 0.21545104682445526
v 0.2760350704193115 0.3153842091560364 0.194661483168602
v -0.28098469972610474 0.42364275455474854 0.2255922108888626
v 0.3074730634689331 -0.22946494817733765 0.1893368661403656
v 0.30721843242645264 -0.22490143775939941 0.20632439851760864
v 0.053937144577503204 -0.2961447834968567 0.2334517240524292
v -0.022884221747517586 -0.5613426566123962 0.20632439851760864
v -0.2863079011440277 -0.25710052251815796 0.19694314897060394
v -0.28681516647338867 -0.2517760992050171 0.20885871350765228
v -0.28757503628730774 -0.2340286672115326 0.18553385138511658
v 0.3077256679534912 -0.19574470818042755 0.21976174414157867
v 0.3001208007335663 0.43226414918899536 0.2212815284729004
v 0.31178373098373413 0.42313551902770996 0.22356317937374115
v -0.08956422656774521 0.32197457551956177 0.17260336875915527
v -0.2784484028816223 0.3290742039680481 0.2240704447031021
v -0.12404515594244003 -0.31211838126182556 0.2055625319480896
v -0.17931586503982544 -0.2773842215538025 0.20404274761676788
v 0.2684282064437866 0.43429118394851685 0.23015554249286652
v -0.2614622414112091 -0.16684161126613617 0.21570369601249695
v 0.28541433811187744 -0.2761150896549225 0.22052162885665894
v 0.05621900409460068 -0.17394062876701355 0.1862943321466446
v -0.1283552497625351 0.3194402754306793 0.20150646567344666
v -0.2830117344856262 -0.18129326403141022 0.22001437842845917
v 0.30088070034980774 -0.18002551794052124 0.21266213059425354
v 0.07117751240730286 0.31563684344291687 0.20936596393585205
v 0.3082329332828522 0.3148769736289978 0.21595831215381622
v 0.31482529640197754 0.3270471394062042 0.22178877890110016
v -0.2860552668571472 -0.2558327913284302 0.2225506603717804
v -0.06649239361286163 -0.17394062876701355 0.17868825793266296
v 0.2980917692184448 -0.2725662589073181 0.2103804647922516
v -0.27489960193634033 0.43403854966163635 0.22153614461421967
v 0.15940797328948975 -0.2773842215538025 0.22178877890110016
v 0.15535151958465576 -0.277636855840683 0.22229604423046112
v -0.2741377055644989 0.3247635066509247 0.21697282791137695
v 0.012610732577741146 -0.5423274636268616 0.21722546219825745
v -0.2865625321865082 -0.19092755019664764 0.213422030210495
v 0.25549811124801636 0.4391091465950012 0.19212579727172852
v 0.20377683639526367 0.4413908123970032 0.18299835920333862
v 0.3074730634689331 -0.19777293503284454 0.18984392285346985
v 0.18780402839183807 0.31741124391555786 0.19846491515636444
v -0.062435928732156754 0.4467160105705261 0.18173080682754517
v 0.16929589211940765 -0.27839672565460205 0.2131693959236145
v 0.08436141163110733 -0.1706446409225464 0.2037881314754486
v 0.029344094917178154 0.4502648115158081 0.2086060643196106
v 0.03517540544271469 0.44975757598876953 0.21519842743873596
v 0.05292302370071411 0.4474759101867676 0.19973206520080566
v -0.012489236891269684 0.3217219412326813 0.17158925533294678
v 0.045063331723213196 -0.30958208441734314 0.211647629737854
v 0.0009480769513174891 -0.5537377595901489 0.21748009324073792
v 0.315079927444458 0.39828985929489136 0.1842661052942276
v 0.15408377349376678 0.31715860962867737 0.1992247998714447
v 0.1538301408290863 -0.27839672565460205 0.2149437963962555
v 0.27730220556259155 -0.278903990983963 0.20277361571788788
v 0.2813582718372345 -0.2778894901275635 0.21139498054981232
v -0.266025573015213 -0.2697773575782776 0.20657704770565033
v -0.14889158308506012 -0.2882852852344513 0.20784419775009155
v -0.16866746544837952 -0.2801731526851654 0.1893368661403656
v -0.28073006868362427 0.3962608277797699 0.2007465809583664
v 0.2859216034412384 -0.2761150896549225 0.21874722838401794
v 0.029851173982024193 -0.3349349796772003 0.20835144817829132
v -0.1884431093931198 -0.1676023006439209 0.20581714808940887
v 0.1054048165678978 0.44493961334228516 0.18553385138511658
v -0.007672085892409086 -0.5585537552833557 0.20885871350765228
v -0.15244120359420776 -0.17191238701343536 0.1883227527141571
v -0.2804774343967438 0.3387080729007721 0.2101258635520935
v -0.28123730421066284 0.4213610887527466 0.21367664635181427
v 0.30721843242645264 -0.1952376514673233 0.19846491515636444
v -0.24878479540348053 -0.27180638909339905 0.21088773012161255
v -0.2650110423564911 0.44037628173828125 0.213422030210495
v 0.30721843242645264 -0.19320940971374512 0.2070843130350113
v -0.2832663357257843 -0.2606506943702698 0.2131693959236145
v -0.05128025636076927 -0.1744476854801178 0.1693073809146881
v -0.11060762405395508 -0.5466381907463074 0.20404274761676788
v -0.09945215284824371 -0.5575411915779114 0.20429538190364838
v -0.26374390721321106 0.32222920656204224 0.20175909996032715
v -0.24979932606220245 0.3217219412326813 0.18857617676258087
v -0.050773199647665024 -0.5651460289955139 0.20353549718856812
v 0.3140653967857361 0.32501813769340515 0.2131693959236145
v -0.11669252812862396 0.44646137952804565 0.15789829194545746
v 0.0060187955386936665 -0.5512015223503113 0.2101258635520935
v 0.28997963666915894 0.4365728497505188 0.21088773012161255
v -0.2039094716310501 -0.17089827358722687 0.1794489473104477
v -0.15573717653751373 -0.17292650043964386 0.17032170295715332
v 0.0519087128341198 -0.30146995186805725 0.21874722838401794
v -0.2802228033542633 -0.26419949531555176 0.20454801619052887
v -0.2804774343967438 0.37826016545295715 0.1974503993988037
v 0.28820326924324036 -0.17165875434875488 0.21063311398029327
v 0.017174389213323593 -0.5306665301322937 0.21063311398029327
v 0.27400603890419006 -0.17140533030033112 0.20150646567344666
v -0.05660446733236313 -0.5679349899291992 0.18502679467201233
v -0.03581469506025314 -0.5651460289955139 0.18071669340133667
v 0.3018952012062073 0.43226414918899536 0.21190224587917328
v 0.30088070034980774 0.3151295781135559 0.1977030336856842
v 0.3127962648868561 0.3232436776161194 0.20480264723300934
v -0.2784484028816223 0.43226414918899536 0.21240951120853424
v -0.27287057042121887 -0.17495474219322205 0.20885871350765228
v -0.11365017294883728 -0.5342153310775757 0.1852802187204361
v 0.03314713016152382 0.4520391821861267 0.19389961659908295
v 0.09982697665691376 -0.17089827358722687 0.20353549718856812
v 0.11732097715139389 -0.17292650043964386 0.18553385138511658
v 0.2760350704193115 0.4378419518470764 0.20150646567344666
v -0.2229246348142624 0.4457014799118042 0.16677209734916687
v 0.024780455976724625 0.3209620714187622 0.18071669340133667
v 0.28972503542900085 -0.278903990983963 0.1804630607366562
v 0.2932758331298828 -0.2773842215538025 0.1890832483768463
v -0.14483514428138733 -0.2910741865634918 0.1992247998714447
v 0.3082329332828522 -0.199294313788414 0.18122375011444092
v 0.010835985653102398 -0.5473980903625488 0.20277361571788788
v 0.017934994772076607 -0.5306665301322937 0.1992247998714447
v 0.1391250640153885 0.31614410877227783 0.2086060643196106
v 0.17791609466075897 0.3199475407600403 0.17032170295715332
v 0.06230369582772255 -0.29690465331077576 0.20404274761676788
v -0.270841509103775 0.43885648250579834 0.20657704770565033
v -0.2617148756980896 -0.1686164140701294 0.2070843130350113
v 0.01641376130282879 -0.1754617989063263 0.15967309474945068
v -0.018320700153708458 -0.17571543157100677 0.16018015146255493
v 0.30696579813957214 0.4307423532009125 0.20328086614608765
v -0.28681516647338867 -0.1952376514673233 0.20023931562900543
v 0.014385483227670193 -0.5430893898010254 0.194661483168602
v -0.2799701690673828 0.429220587015152 0.20201373100280762
v -0.27439233660697937 0.3288215398788452 0.20328086614608765
v -0.28098469972610474 0.42567178606987 0.19085805118083954
v -0.1668926626443863 0.32222920656204224 0.1644902527332306
v 0.010835985653102398 0.4487430453300476 0.1893368661403656
v -0.1073116585612297 -0.4016163945198059 0.1675327867269516
v -0.10883302241563797 -0.44471728801727295 0.16372975707054138
v -0.24903742969036102 -0.17013758420944214 0.17970238626003265
v -0.26298201084136963 -0.17191238701343536 0.18959030508995056
v -0.26222214102745056 -0.17013758420944214 0.19846491515636444
v -0.16537147760391235 -0.17165875434875488 0.14243271946907043
v 0.2889651656150818 -0.17318013310432434 0.20175909996032715
v 0.2983464002609253 0.4365728497505188 0.19237922132015228
v 0.3013879656791687 -0.18180030584335327 0.20404274761676788
v -0.010207575745880604 -0.5608373880386353 0.19389961659908295
v 0.0037369756028056145 -0.5550049543380737 0.19542136788368225
v 0.02097742259502411 -0.5111441016197205 0.1903509944677353
v 0.2456096112728119 -0.17292650043964386 0.18401247262954712
v 0.04176735505461693 -0.3197232484817505 0.1832519918680191
v -0.2847861349582672 -0.18763157725334167 0.20226635038852692
v 0.2947956323623657 -0.27535519003868103 0.19998469948768616
v -0.11136831343173981 -0.33265331387519836 0.17995600402355194
v -0.12150966376066208 -0.3151599168777466 0.19542136788368225
v -0.14077846705913544 -0.29411575198173523 0.19060441851615906
v -0.12556633353233337 -0.3085675835609436 0.1802094429731369
v -0.27971553802490234 0.3374409079551697 0.19871754944324493
v 0.08715033531188965 -0.28727075457572937 0.19212579727172852
v -0.2556297779083252 -0.2728188931941986 0.19187216460704803
v 0.12315244227647781 0.3199475407600403 0.1614478975534439
v 0.1363363415002823 0.3194402754306793 0.14319320023059845
v 0.22076398134231567 0.3179185092449188 0.18882980942726135
v -0.13367946445941925 0.32197457551956177 0.15485595166683197
v -0.10350862145423889 0.32222920656204224 0.16372975707054138
v -0.23585471510887146 0.44493961334228516 0.1890832483768463
v 0.16802816092967987 -0.280678391456604 0.19085805118083954
v 0.23876462876796722 -0.2809330224990845 0.1774207204580307
v -0.1073116585612297 -0.5506942272186279 0.18882980942726135
v -0.09032491594552994 -0.5623571276664734 0.19567599892616272
v -0.09995920956134796 -0.5577937960624695 0.18122375011444092
v -0.2804774343967438 0.34504780173301697 0.18249130249023438
v -0.2799701690673828 0.3414969742298126 0.19389961659908295
v -0.23281116783618927 -0.17115169763565063 0.17082875967025757
v 0.3062058985233307 0.3181731402873993 0.1693073809146881
v -0.28427886962890625 -0.1873781532049179 0.1911114752292633
v -0.2766740024089813 -0.26749569177627563 0.19567599892616272
v -0.2756594717502594 0.4363202154636383 0.18756206333637238
v 0.06230369582772255 -0.3019772171974182 0.16702573001384735
v 0.08638964593410492 -0.29031431674957275 0.15384182333946228
v 0.09551689028739929 -0.2870181202888489 0.16296908259391785
v -0.2566443085670471 0.44341981410980225 0.19491411745548248
v 0.14064644277095795 -0.2822001874446869 0.15789829194545746
v -0.012489236891269684 0.44823575019836426 0.16220839321613312
v -0.039364103227853775 0.4472232460975647 0.1505458503961563
v -0.28757503628730774 -0.25025492906570435 0.18401247262954712
v 0.03771069273352623 0.4520391821861267 0.18147718906402588
v -0.07207023352384567 -0.5671750903129578 0.1794489473104477
v -0.27185603976249695 -0.2695227265357971 0.18857617676258087
v 0.08638964593410492 -0.17394062876701355 0.1774207204580307
v -0.27287057042121887 0.4391091465950012 0.19643588364124298
v 0.2892177999019623 -0.17470130324363708 0.193139910697937
v -0.23103676736354828 0.3227364718914032 0.16525092720985413
v 0.3016425669193268 -0.18382854759693146 0.19542136788368225
v -0.2738850712776184 0.3293287754058838 0.19212579727172852
v 0.20022723078727722 -0.17318013310432434 0.16626504063606262
v 0.18197275698184967 -0.1734335571527481 0.17564591765403748
v -0.00462969858199358 -0.5598228573799133 0.18705500662326813
v -0.023391278460621834 -0.5648934245109558 0.16829326748847961
v -0.10857939720153809 -0.5197634696960449 0.12316393852233887
v -0.11035420000553131 -0.5301592946052551 0.14496800303459167
v 0.2435825765132904 -0.17115169763565063 0.20175909996032715
v 0.2562580108642578 0.4393617510795593 0.14623574912548065
v 0.30874019861221313 0.42947521805763245 0.19440685212612152
v 0.3029097318649292 -0.2680029571056366 0.19212579727172852
v -0.15345531702041626 0.4459540843963623 0.1774207204580307
v -0.2802228033542633 0.3676117956638336 0.16119426488876343
v -0.2802228033542633 0.3932192921638489 0.12823469936847687
v -0.2802228033542633 0.3587377667427063 0.14877104759216309
v 0.058754291385412216 0.44823575019836426 0.16474387049674988
v 0.315079927444458 0.4160378873348236 0.18857617676258087
v -0.2863079011440277 -0.19675882160663605 0.175392284989357
v 0.0019622324034571648 0.32222920656204224 0.16220839321613312
v -0.10629753768444061 -0.36814936995506287 0.17006807029247284
v -0.26577094197273254 0.3245108723640442 0.19085805118083954
v -0.17855538427829742 0.3214692771434784 0.13736195862293243
v -0.1826118379831314 0.3227364718914032 0.1644902527332306
v -0.21126171946525574 0.3227364718914032 0.1464891880750656
v 0.215693399310112 -0.1736871898174286 0.16626504063606262
v 0.27578043937683105 -0.17318013310432434 0.18375904858112335
v 0.052669402211904526 -0.30780768394470215 0.18173080682754517
v -0.2650110423564911 -0.1734335571527481 0.18097013235092163
v -0.28250446915626526 -0.18687088787555695 0.17970238626003265
v -0.2784484028816223 -0.1833214908838272 0.1723499298095703
v -0.14762385189533234 -0.17165875434875488 0.14217910170555115
v 0.018442051485180855 -0.5329481959342957 0.18705500662326813
v -0.1450885683298111 -0.2910741865634918 0.1743781715631485
v -0.26551830768585205 0.4426579475402832 0.1791953295469284
v -0.2721106708049774 0.44012361764907837 0.1842661052942276
v -0.28427886962890625 -0.26141059398651123 0.18705500662326813
v 0.28617623448371887 -0.27991852164268494 0.17158925533294678
v -0.27439233660697937 0.32983604073524475 0.18705500662326813
v -0.18007655441761017 -0.27839672565460205 0.1784348338842392
v 0.09906648844480515 -0.2852437198162079 0.17894189059734344
v 0.2907395660877228 0.3163987398147583 0.1791953295469284
v 0.23166503012180328 0.31893303990364075 0.17006807029247284
v 0.03035825304687023 -0.348626971244812 0.1705751270055771
v 0.032893601804971695 -0.33417510986328125 0.18654796481132507
v -0.24701038002967834 0.4451942443847656 0.175392284989357
v 0.28972503542900085 -0.17622248828411102 0.18451973795890808
v 0.30240246653556824 -0.1856033354997635 0.18680138885974884
v 0.013371339999139309 -0.548412561416626 0.1804630607366562
v 0.22938336431980133 -0.1726730763912201 0.18401247262954712
v -0.12252398580312729 -0.31110385060310364 0.17032170295715332
v 0.3003734350204468 0.43581295013427734 0.18350541591644287
v -0.28706780076026917 -0.2289578914642334 0.1614478975534439
v -0.10807234048843384 -0.3422892391681671 0.17082875967025757
v 0.2620904743671417 -0.1736871898174286 0.17463180422782898
v 0.3082329332828522 -0.20182959735393524 0.1723499298095703
v 0.31000733375549316 0.42795345187187195 0.18553385138511658
v 0.10464433580636978 -0.1736871898174286 0.1675327867269516
v 0.0009480769513174891 -0.55804842710495 0.1802094429731369
v -0.10376224666833878 -0.5537377595901489 0.17387111485004425
v 0.3074730634689331 -0.2337750345468521 0.17209631204605103
v 0.3018952012062073 -0.2707918584346771 0.18173080682754517
v -0.1362147480249405 -0.29639941453933716 0.15789829194545746
v 0.3059512674808502 -0.26090335845947266 0.17868825793266296
v -0.26196950674057007 -0.2725662589073181 0.17311042547225952
v -0.1073116585612297 -0.5494270920753479 0.1655043512582779
v -0.26374390721321106 0.3247635066509247 0.17716708779335022
v -0.041392337530851364 0.32197457551956177 0.16170133650302887
v 0.016920840367674828 -0.5441038608551025 0.1723499298095703
v 0.2717243731021881 -0.17115169763565063 0.12798108160495758
v 0.27882400155067444 -0.1744476854801178 0.1655043512582779
v 0.28820326924324036 -0.17470130324363708 0.14724987745285034
v 0.13380084931850433 0.4441797137260437 0.16474387049674988
v 0.05647243559360504 0.3214692771434784 0.17108219861984253
v -0.28123730421066284 0.42161571979522705 0.1791953295469284
v -0.2802228033542633 0.42693892121315 0.1675327867269516
v -0.28098469972610474 0.4117272198200226 0.15434888005256653
v 0.2808510363101959 0.4391091465950012 0.18274493515491486
v -0.23788176476955414 -0.2745952904224396 0.14699624478816986
v 0.26487940549850464 0.3184257745742798 0.16068720817565918
v -0.2784484028816223 0.4335312843322754 0.17792777717113495
v -0.0738450363278389 0.3217219412326813 0.1723499298095703
v 0.3153325617313385 0.41400888562202454 0.17995600402355194
v -0.2817445695400238 -0.26572129130363464 0.1784348338842392
v 0.025541063398122787 -0.46677401661872864 0.1477569341659546
v 0.030104704201221466 -0.38107946515083313 0.14395388960838318
v 0.03618951886892319 -0.32961177825927734 0.1774207204580307
v -0.05964701622724533 -0.5694567561149597 0.16981464624404907
v 0.034668345004320145 0.45254647731781006 0.16626504063606262
v 0.012610732577741146 0.4492502808570862 0.15282770991325378
v 0.31482529640197754 0.40589675307273865 0.1546023190021515
v 0.315079927444458 0.3612740635871887 0.14851762354373932
v 0.315079927444458 0.37394949793815613 0.1358407735824585
v -0.26120761036872864 0.3245108723640442 0.16525092720985413
v -0.15624423325061798 -0.28448182344436646 0.15206702053546906
v -0.2771812379360199 0.3336374759674072 0.1784348338842392
v 0.2940357029438019 -0.1785043478012085 0.17564591765403748
v -0.11263605952262878 -0.5326935648918152 0.16803984344005585
v -0.11060762405395508 -0.5385260581970215 0.15713781118392944
v 0.30341699719429016 -0.1873781532049179 0.17792777717113495
v -0.0018408215837553144 -0.5610899925231934 0.16474387049674988
v 0.02275216579437256 -0.5304118990898132 0.15409526228904724
v 0.024780455976724625 -0.508607804775238 0.14496800303459167
v -0.05685809254646301 0.44544684886932373 0.13026294112205505
v 0.30240246653556824 0.4350530505180359 0.17463180422782898
v -0.28732240200042725 -0.25507208704948425 0.17184287309646606
v 0.31152912974357605 0.42643168568611145 0.17691366374492645
v -0.27641937136650085 0.4360675811767578 0.17615297436714172
v 0.315079927444458 0.4112199544906616 0.17158925533294678
v -0.2566443085670471 -0.27383342385292053 0.16575798392295837
v -0.2787010371685028 0.3374409079551697 0.16905395686626434
v -0.2802228033542633 0.34098973870277405 0.1586589813232422
v 0.19439595937728882 -0.28118565678596497 0.16829326748847961
v 0.21290408074855804 -0.279411256313324 0.12950244545936584
v -0.09108540415763855 -0.5623571276664734 0.17311042547225952
v -0.028462057933211327 0.4424052834510803 0.10592356324195862
v 0.2514420449733734 -0.28118565678596497 0.1665186733007431
v 0.30519139766693115 -0.2631850242614746 0.16727915406227112
v 0.011596591211855412 -0.5527232885360718 0.16575798392295837
v -0.0847470834851265 -0.5646387934684753 0.15789829194545746
v -0.020348932594060898 0.3196929097175598 0.13558714091777802
v -0.26678547263145447 -0.17470130324363708 0.17209631204605103
v 0.08182612806558609 0.44443434476852417 0.12874175608158112
v 0.22076398134231567 0.4380946159362793 0.11936089396476746
v 0.19617076218128204 0.4391091465950012 0.11936089396476746
v 0.050387535244226456 -0.31237098574638367 0.16727915406227112
v 0.029851173982024193 -0.35775357484817505 0.1573912352323532
v -0.27489960193634033 0.3308486044406891 0.17285700142383575
v 0.279838502407074 0.31715860962867737 0.1515599638223648
v 0.3016425669193268 0.3169039785861969 0.15130653977394104
v -0.2802228033542633 -0.2667338252067566 0.16727915406227112
v -0.037335868924856186 -0.5676823258399963 0.1419256627559662
v -0.02744794264435768 -0.5659079551696777 0.1518135964870453
v -0.046970173716545105 -0.5692021250724792 0.1573912352323532
v -0.041392337530851364 -0.17419424653053284 0.14141860604286194
v -0.2688145041465759 0.44189804792404175 0.17006807029247284
v 0.29733189940452576 -0.2756078243255615 0.16220839321613312
v -0.105537049472332 -0.40110912919044495 0.14446094632148743
v 0.30848756432533264 -0.20385783910751343 0.16398319602012634
v -0.28554800152778625 -0.19498421251773834 0.1634761393070221
v -0.24853217601776123 -0.1706446409225464 0.1614478975534439
v -0.26044774055480957 -0.17140533030033112 0.15282770991325378
v 0.19186067581176758 0.31918564438819885 0.15206702053546906
v 0.22076398134231567 0.31715860962867737 0.1338125467300415
v 0.30417686700820923 -0.18915274739265442 0.1693073809146881
v 0.29251396656036377 -0.17774365842342377 0.1665186733007431
v 0.06331781297922134 -0.1734335571527481 0.1515599638223648
v -0.11491772532463074 -0.32073774933815 0.1525740772485733
v -0.20872542262077332 -0.17039121687412262 0.1426861435174942
v -0.22241738438606262 -0.17039121687412262 0.1426861435174942
v 0.1619434654712677 -0.17013758420944214 0.12899519503116608
v 0.12061695009469986 -0.1734335571527481 0.16702573001384735
v 0.3122909963130951 0.42465725541114807 0.16803984344005585
v 0.2980917692184448 0.4365728497505188 0.16474387049674988
v -0.1065511703491211 -0.5499343276023865 0.1614478975534439
v -0.2769266366958618 -0.26851019263267517 0.1584053486585617
v 0.12061695009469986 0.4441797137260437 0.1464891880750656
v -0.09539549797773361 -0.5600754618644714 0.15967309474945068
v 0.23825737833976746 -0.1726730763912201 0.13786901533603668
v -0.1065511703491211 -0.3443162739276886 0.15941967070102692
v -0.25613704323768616 0.4439270496368408 0.14826399087905884
v 0.3135581612586975 0.32729974389076233 0.16677209734916687
v 0.2714717388153076 -0.277129590511322 0.11226189136505127
v 0.24053902924060822 -0.27358078956604004 0.09451446682214737
v 0.1708170771598816 0.4398689866065979 0.11961452662944794
v 0.14546360075473785 0.4406309127807617 0.11961452662944794
v -0.27287057042121887 -0.2700299918651581 0.15003879368305206
v -0.2863079011440277 -0.2586216926574707 0.1604337841272354
v -0.27363044023513794 0.43885648250579834 0.1624620109796524
v -0.09869146347045898 0.31918564438819885 0.12747400999069214
v -0.28073006868362427 -0.18509627878665924 0.1573912352323532
v 0.034668345004320145 -0.3362041413784027 0.16322270035743713
v -0.2117689698934555 0.44341981410980225 0.12164276838302612
v -0.0915924608707428 0.4462087154388428 0.14826399087905884
v 0.2778094708919525 -0.280678391456604 0.1556166261434555
v 0.28186553716659546 -0.2804257571697235 0.16398319602012634
v -0.27185603976249695 0.32983604073524475 0.1546023190021515
v 0.03847137838602066 0.4517865777015686 0.14496800303459167
v 0.03213299438357353 0.45254647731781006 0.15105290710926056
v 0.11985646188259125 0.44037628173828125 0.11074072122573853
v 0.2859216034412384 0.43860185146331787 0.15510956943035126
v 0.3140653967857361 0.4223756194114685 0.15941967070102692
v -0.005390305537730455 -0.5631189942359924 0.14877104759216309
v 0.276287704706192 0.31436970829963684 0.12468510121107101
v -0.105537049472332 -0.3704310357570648 0.1586589813232422
v 0.1538301408290863 -0.2791586220264435 0.12113571166992188
v -0.06522484868764877 0.3138624429702759 0.10186690837144852
v 0.03390773758292198 -0.4622107148170471 0.05673755332827568
v 0.03897843882441521 -0.3724600672721863 0.04152541980147362
v 0.03441491723060608 -0.3879244327545166 0.08589428663253784
v -0.27185603976249695 -0.17825071513652802 0.1546023190021515
v 0.015399628318846226 -0.5489198565483093 0.15815192461013794
v 0.01514609158039093 0.3209620714187622 0.14420752227306366
v 0.06331781297922134 0.3163987398147583 0.11733266711235046
v 0.10008060932159424 0.31868040561676025 0.13457302749156952
v 0.04607744514942169 -0.16886983811855316 0.11352963000535965
v 0.040246181190013885 -0.17216582596302032 0.13127705454826355
v -0.2792082726955414 0.3374409079551697 0.1525740772485733
v 0.29733189940452576 -0.18078620731830597 0.15789829194545746
v 0.3143180310726166 0.3359191417694092 0.14598213136196136
v 0.3049367666244507 -0.19118118286132812 0.16068720817565918
v 0.0410066694021225 -0.32783737778663635 0.14496800303459167
v 0.03137238696217537 -0.3536975085735321 0.14699624478816986
v 0.1687888503074646 0.3169039785861969 0.12519215047359467
v 0.20504438877105713 0.31436970829963684 0.11631855368614197
v 0.11377157270908356 -0.17039121687412262 0.12950244545936584
v -0.1065511703491211 -0.3354422450065613 0.13508008420467377
v -0.12024212628602982 -0.30958208441734314 0.13533371686935425
v 0.3064585328102112 0.43226414918899536 0.1566307544708252
v -0.062435928732156754 -0.5699639916419983 0.15434888005256653
v 0.30696579813957214 -0.25304386019706726 0.15536300837993622
v -0.11136831343173981 -0.1726730763912201 0.1419256627559662
v 0.0037369756028056145 -0.55931556224823 0.15789829194545746
v 0.31026196479797363 0.3214692771434784 0.1406579315662384
v -0.25968584418296814 0.3240036070346832 0.15612368285655975
v 0.3046841323375702 -0.2652140259742737 0.15587006509304047
v -0.2802228033542633 0.4284607172012329 0.15587006509304047
v -0.19275379180908203 0.32045480608940125 0.12823469936847687
v 0.3079802989959717 -0.22363369166851044 0.13482666015625
v 0.3082329332828522 -0.2119709551334381 0.11657197773456573
v 0.3077256679534912 -0.19675882160663605 0.12950244545936584
v -0.24345959722995758 0.4441797137260437 0.13710851967334747
v 0.29428836703300476 -0.27687695622444153 0.15333476662635803
v -0.2830117344856262 -0.18763157725334167 0.15434888005256653
v 0.2985990345478058 0.4368274509906769 0.1556166261434555
v -0.2766740024089813 0.4347984194755554 0.153588205575943
v -0.2627294063568115 -0.17115169763565063 0.13736195862293243
v 0.2717243731021881 -0.280678391456604 0.14927810430526733
v -0.17525939643383026 0.44493961334228516 0.13736195862293243
v -0.14356739819049835 0.4457014799118042 0.14598213136196136
v -0.10528342425823212 -0.34634530544281006 0.1477569341659546
v 0.3077256679534912 -0.20056185126304626 0.14877104759216309
v -0.10325518995523453 -0.5534831881523132 0.15206702053546906
v -0.26070037484169006 0.4426579475402832 0.14015087485313416
v -0.2830117344856262 -0.18712452054023743 0.1419256627559662
v -0.266532838344574 -0.17165875434875488 0.12874175608158112
v -0.07714100927114487 -0.1726730763912201 0.1416720449924469
v 0.29885366559028625 -0.18180030584335327 0.14902468025684357
v -0.28706780076026917 -0.20461851358413696 0.15029221773147583
v -0.2817445695400238 -0.2636922597885132 0.14040450751781464
v 0.027822883799672127 0.31715860962867737 0.11758609861135483
v 0.04658450186252594 0.30828461050987244 0.08411947637796402
v -0.27515220642089844 0.4360675811767578 0.14040450751781464
v 0.3138107657432556 0.420853853225708 0.1505458503961563
v -0.08829648047685623 -0.5631189942359924 0.1419256627559662
v 0.008554164320230484 -0.5565266609191895 0.1505458503961563
v -0.15675128996372223 -0.27991852164268494 0.11783972382545471
v 0.3029097318649292 -0.1863638311624527 0.14319320023059845
v -0.008939830586314201 -0.5643861889839172 0.1327982246875763
v -0.11136831343173981 0.4411381483078003 0.10617699474096298
v -0.09945215284824371 -0.5567793250083923 0.14344683289527893
v -0.05609741061925888 -0.5704712867736816 0.14826399087905884
v 0.31457266211509705 0.41882678866386414 0.1419256627559662
v 0.30062806606292725 0.4347984194755554 0.13761557638645172
v 0.2871907651424408 0.4380946159362793 0.14623574912548065
v -0.2781957685947418 0.3338921070098877 0.13508008420467377
v -0.28706780076026917 -0.24949444830417633 0.1475033015012741
v -0.07739444077014923 -0.5666678547859192 0.12747400999069214
v -0.05559035390615463 -0.5709785223007202 0.13609421253204346
v 0.10870078951120377 -0.2837219536304474 0.12645989656448364
v -0.2710961401462555 0.32856693863868713 0.1457286924123764
v 0.05064116790890694 0.44646137952804565 0.11910746991634369
v -0.12987641990184784 0.3179185092449188 0.11910746991634369
v -0.16131481528282166 0.3120880424976349 0.09400741010904312
v 0.30366960167884827 -0.2669884264469147 0.14496800303459167
v 0.024019848555326462 0.45102471113204956 0.14319320023059845
v 0.3079802989959717 0.43099498748779297 0.1477569341659546
v -0.28098469972610474 0.4241500198841095 0.14420752227306366
v 0.3140653967857361 0.39854249358177185 0.12899519503116608
v 0.18349392712116241 -0.16734866797924042 0.10947297513484955
v 0.2065657675266266 -0.17191238701343536 0.13812263309955597
v 0.21848231554031372 -0.16582749783992767 0.10389513522386551
v 0.29124683141708374 -0.2778894901275635 0.14420752227306366
v -0.10883302241563797 -0.32530108094215393 0.12012158334255219
v 0.01362487580627203 -0.5534831881523132 0.14319320023059845
v -0.1321582794189453 -0.2976665496826172 0.14243271946907043
v -0.1481311023235321 -0.28600361943244934 0.13355891406536102
v -0.09539549797773361 -0.5595682263374329 0.13482666015625
v -0.0905783399939537 -0.5621045231819153 0.1269669532775879
v 0.02224508672952652 -0.5377641320228577 0.1406579315662384
v -0.23915088176727295 0.3179185092449188 0.11150140315294266
v -0.20821817219257355 0.3196929097175598 0.1198679655790329
v -0.25791144371032715 0.32349634170532227 0.14699624478816986
v -0.10579048097133636 -0.5479053258895874 0.136854887008667
v 0.14952003955841064 0.31614410877227783 0.11631855368614197
v 0.2575271427631378 0.3136098086833954 0.11606492102146149
v 0.08284024149179459 -0.2915814518928528 0.13786901533603668
v 0.2980917692184448 0.3151295781135559 0.13355891406536102
v 0.29885366559028625 0.31589147448539734 0.14243271946907043
v 0.31482529640197754 0.41400888562202454 0.12468510121107101
v 0.31482529640197754 0.4096981883049011 0.10769837349653244
v 0.03492197394371033 -0.34533077478408813 0.1256992071866989
v -0.2505592405796051 -0.16734866797924042 0.12747400999069214
v -0.25613704323768616 -0.27332615852355957 0.14141860604286194
v 0.0341612845659256 -0.3554719090461731 0.11226189136505127
v 0.0006945478380657732 -0.5618498921394348 0.14217910170555115
v -0.28098469972610474 -0.1833214908838272 0.12874175608158112
v 0.1639717072248459 -0.27687695622444153 0.10643062740564346
v 0.315079927444458 0.36101943254470825 0.13913676142692566
v 0.27882400155067444 -0.2791586220264435 0.1317841112613678
v 0.12594135105609894 -0.274088054895401 0.08183761686086655
v -0.24041804671287537 -0.1637992560863495 0.10744474083185196
v -0.11948144435882568 -0.1696305274963379 0.12265688180923462
v 0.1282230168581009 -0.16075670719146729 0.09020437300205231
v 0.2902323007583618 -0.17520837485790253 0.13812263309955597
v 0.005004660226404667 0.4467160105705261 0.12443167716264725
v 0.31457266211509705 0.4165451228618622 0.13330549001693726
v -0.01908118836581707 -0.16886983811855316 0.11251552402973175
v 0.05697949230670929 -0.3085675835609436 0.1366012692451477
v 0.0440492145717144 -0.3242865800857544 0.13609421253204346
v -0.28732240200042725 -0.2340286672115326 0.1358407735824585
v 0.3077256679534912 -0.19650539755821228 0.13761557638645172
v 0.279838502407074 -0.17140533030033112 0.1259528398513794
v -0.28757503628730774 -0.25101563334465027 0.12848813831806183
v -0.28681516647338867 -0.25431159138679504 0.1338125467300415
v -0.2693217396736145 0.32501813769340515 0.12823469936847687
v 0.31000733375549316 0.42770081758499146 0.13051657378673553
v -0.26399654150009155 -0.2707918584346771 0.12798108160495758
v 0.31457266211509705 0.33313024044036865 0.13761557638645172
v 0.0341612845659256 0.4507720470428467 0.12848813831806183
v -0.25512251257896423 0.3199475407600403 0.12037502229213715
v 0.09577051550149918 0.31436970829963684 0.10921954363584518
v 0.28972503542900085 0.4368274509906769 0.12798108160495758
v 0.01134304329752922 -0.557033896446228 0.12798108160495758
v -0.10122695565223694 -0.34811970591545105 0.11124777793884277
v -0.22089560329914093 0.43226414918899536 0.06992145627737045
v -0.2399107813835144 0.43251678347587585 0.0714426338672638
v -0.1263270080089569 -0.29994821548461914 0.12519215047359467
v 0.3029097318649292 -0.1853497177362442 0.13710851967334747
v 0.30265510082244873 -0.2682555615901947 0.13457302749156952
v -0.28250446915626526 -0.1843355894088745 0.1188538447022438
v -0.10705822706222534 -0.5408077239990234 0.12367099523544312
v -0.210247203707695 -0.16481336951255798 0.10516288131475449
v -0.1628361940383911 -0.16532042622566223 0.1041487604379654
v -0.2784484028816223 0.43277138471603394 0.13127705454826355
v -0.05280143395066261 -0.5712311267852783 0.12671352922916412
v 0.31457266211509705 0.3305959403514862 0.12899519503116608
v 0.04785224422812462 -0.3204851448535919 0.11479717493057251
v 0.04227440804243088 -0.33113354444503784 0.09679632633924484
v -0.07536620646715164 -0.16633455455303192 0.10338807851076126
v -0.09286020696163177 -0.16608111560344696 0.10364170372486115
v 0.06610672920942307 -0.3009627163410187 0.12113571166992188
v 0.06154320761561394 -0.30451154708862305 0.12874175608158112
v -0.05812583863735199 -0.1665881723165512 0.1031346470117569
v 0.3016425669193268 0.4335312843322754 0.12874175608158112
v 0.05343008041381836 -0.16151739656925201 0.09299328923225403
v -0.2688145041465759 0.43860185146331787 0.12316393852233887
v -0.2863079011440277 -0.19295579195022583 0.13305185735225677
v 0.3153325617313385 0.3932192921638489 0.1031346470117569
v 0.30671316385269165 -0.2576075792312622 0.1249387264251709
v 0.13177262246608734 0.3163987398147583 0.11631855368614197
v -0.2784484028816223 -0.2654666602611542 0.13203774392604828
v -0.1291157305240631 -0.29639941453933716 0.11657197773456573
v 0.2953028976917267 0.3115807771682739 0.11606492102146149
v 0.051148224622011185 0.44341981410980225 0.10161347687244415
v 0.02959764562547207 0.4492502808570862 0.10947297513484955
v 0.315079927444458 0.35645610094070435 0.12214982509613037
v 0.30874019861221313 0.31766587495803833 0.12341757118701935
v -0.012742864899337292 -0.5648934245109558 0.11631855368614197
v 0.021230950951576233 -0.5443565249443054 0.1269669532775879
v -0.10426930338144302 -0.15948916971683502 0.08310536295175552
v -0.12860867381095886 -0.15898211300373077 0.0823446735739708
v -0.2802228033542633 0.38611966371536255 0.10262759029865265
v -0.28098469972610474 0.420853853225708 0.11150140315294266
v 0.29606473445892334 -0.17723660171031952 0.1297558844089508
v -0.2477702796459198 -0.2725662589073181 0.1259528398513794
v 0.06357143819332123 0.4332786500453949 0.06763960421085358
v 0.2970772981643677 -0.2730735242366791 0.12772764265537262
v -0.1024945005774498 -0.5522159934043884 0.12772764265537262
v 0.03035825304687023 0.4502648115158081 0.11834678798913956
v -0.28706780076026917 -0.21399939060211182 0.1198679655790329
v -0.17145636677742004 -0.2725662589073181 0.09578201174736023
v 0.02579459361732006 -0.5258485674858093 0.12037502229213715
v -0.10401567816734314 -0.3316408097743988 0.1031346470117569
v -0.2802228033542633 -0.26394689083099365 0.1317841112613678
v 0.16016866266727448 -0.16126376390457153 0.08969731628894806
v -0.14889158308506012 0.4378419518470764 0.09096486866474152
v -0.28073006868362427 0.3478367030620575 0.11251552402973175
v -0.10325518995523453 -0.4936486780643463 0.07549929618835449
v -0.10300156474113464 -0.5314264297485352 0.06003352627158165
v -0.10350862145423889 -0.5362443923950195 0.07676684111356735
v 0.2846544682979584 -0.277636855840683 0.12519215047359467
v 0.2996135354042053 -0.17875777184963226 0.1208820790052414
v 0.3059512674808502 -0.18763157725334167 0.11555786430835724
v 0.31482529640197754 0.3399772047996521 0.11733266711235046
v -0.2574041783809662 0.44037628173828125 0.11352963000535965
v -0.08043698966503143 0.4411381483078003 0.10338807851076126
v -0.28732240200042725 -0.24417003989219666 0.11707904189825058
v 0.3077256679534912 -0.2429024875164032 0.11429011821746826
v -0.28377360105514526 -0.2603960931301117 0.12367099523544312
v 0.3016425669193268 -0.26901745796203613 0.1239246279001236
v 0.06306438148021698 -0.30324435234069824 0.10566993802785873
v -0.2771812379360199 0.32983604073524475 0.11783972382545471
v 0.2813582718372345 -0.27383342385292053 0.09755681455135345
v -0.2741377055644989 -0.26572129130363464 0.1140366867184639
v -0.2581660747528076 -0.2697773575782776 0.11175483465194702
v 0.3074730634689331 -0.24518415331840515 0.12671352922916412
v -0.10426930338144302 -0.5458782911300659 0.11352963000535965
v 0.30240246653556824 0.43226414918899536 0.12012158334255219
v -0.031758036464452744 -0.5669204592704773 0.11023366451263428
v -0.14534220099449158 -0.16532042622566223 0.10389513522386551
v 0.10388364642858505 -0.28270742297172546 0.10947297513484955
v -0.2688145041465759 0.32375094294548035 0.11936089396476746
v 0.3105145990848541 0.423897385597229 0.113022580742836
v -0.28123730421066284 0.42313551902770996 0.12037502229213715
v -0.2723633050918579 0.43581295013427734 0.11479717493057251
v -0.2781957685947418 0.43048974871635437 0.1089659184217453
v -0.26095497608184814 -0.16633455455303192 0.113022580742836
v 0.2904869019985199 0.43429118394851685 0.11048708856105804
v 0.2752731740474701 0.4363202154636383 0.11936089396476746
v 0.002976368647068739 -0.17165875434875488 0.12214982509613037
v 0.28617623448371887 -0.17089827358722687 0.12012158334255219
v -0.07561983168125153 -0.5666678547859192 0.10465582460165024
v -0.09438137710094452 -0.5583010911941528 0.11048708856105804
v 0.008047087118029594 -0.5598228573799133 0.11251552402973175
v -0.28681516647338867 -0.1982802003622055 0.12113571166992188
v 0.31457266211509705 0.32805967330932617 0.12037502229213715
v 0.2932758331298828 -0.274088054895401 0.11961452662944794
v 0.17943726480007172 -0.2692700922489166 0.07220332324504852
v 0.2504275441169739 -0.2634396255016327 0.05470931902527809
v 0.3031623661518097 -0.26597392559051514 0.12164276838302612
v -0.006911599077284336 0.31715860962867737 0.11809315532445908
v 0.008047087118029594 0.3103136420249939 0.09248603135347366
v -0.2650110423564911 -0.16633455455303192 0.10465582460165024
v -0.2756594717502594 -0.1655740588903427 0.07879526913166046
v -0.2835189700126648 -0.17571543157100677 0.08487996459007263
v -0.2556297779083252 0.43758735060691833 0.09755681455135345
v -0.21050181984901428 0.30574831366539 0.07169625908136368
v -0.13393308222293854 -0.2910741865634918 0.10947297513484955
v 0.019456209614872932 -0.549174427986145 0.11251552402973175
v -0.2462485134601593 -0.2692700922489166 0.10135985165834427
v 0.09374228864908218 0.429220587015152 0.05901941657066345
v 0.1857757866382599 0.30828461050987244 0.09071142971515656
v -0.05533692240715027 -0.5712311267852783 0.11175483465194702
v -0.2852933704853058 -0.25684690475463867 0.11429011821746826
v -0.17247048020362854 0.3011849820613861 0.06231538951396942
v -0.12556633353233337 0.2915510833263397 0.044567763805389404
v 0.24662412703037262 0.3100590109825134 0.09882456064224243
v 0.1589009165763855 -0.26749569177627563 0.06459725648164749
v -0.11035420000553131 0.43277138471603394 0.0694143995642662
v 0.26614654064178467 -0.16785572469234467 0.11276895552873611
v -0.2845335006713867 -0.18484266102313995 0.1089659184217453
v 0.2889651656150818 -0.275862455368042 0.11707904189825058
v 0.11402500420808792 0.30701744556427 0.08285173773765564
v -0.12049555033445358 -0.30324435234069824 0.1089659184217453
v 0.30366960167884827 -0.26293236017227173 0.10972660034894943
v 0.30265510082244873 0.43048974871635437 0.11124777793884277
v 0.3143180310726166 0.3257780075073242 0.1120084673166275
v -0.11719958484172821 -0.30324435234069824 0.09451446682214737
v 0.02579459361732006 -0.5344679951667786 0.10769837349653244
v 0.25879430770874023 0.30701744556427 0.09020437300205231
v 0.29454296827316284 0.3077773451805115 0.09882456064224243
v -0.19909152388572693 -0.26774832606315613 0.08487996459007263
v 0.03213299438357353 -0.15999622642993927 0.08386585116386414
v 0.3079802989959717 0.3133551776409149 0.10643062740564346
v 0.29149943590164185 -0.17115169763565063 0.11251552402973175
v -0.15168051421642303 -0.2791586220264435 0.1021205335855484
v -0.28580063581466675 -0.18611040711402893 0.09755681455135345
v -0.26704007387161255 0.3212146759033203 0.10972660034894943
v -0.25918057560920715 0.31411507725715637 0.09045780450105667
v 0.1322796791791916 0.4347984194755554 0.08462654054164886
v 0.15763317048549652 0.43150225281715393 0.07600635290145874
v 0.03035825304687023 0.44798314571380615 0.10059936344623566
v -0.28681516647338867 -0.1962517648935318 0.10947297513484955
v -0.2784484028816223 0.33161044120788574 0.1089659184217453
v 0.18247981369495392 0.42567178606987 0.05876578390598297
v -0.28706780076026917 -0.21475987136363983 0.08462654054164886
v -0.28732240200042725 -0.24569140374660492 0.09400741010904312
v -0.12962278723716736 0.3118334114551544 0.09350034594535828
v 0.1449565291404724 -0.15416476130485535 0.07017488777637482
v 0.12974438071250916 -0.1409810483455658 0.04304659366607666
v 0.29606473445892334 -0.17191238701343536 0.10490944981575012
v -0.105537049472332 -0.5390332937240601 0.10009210556745529
v 0.2932758331298828 -0.2728188931941986 0.10947297513484955
v 0.1905929446220398 -0.16126376390457153 0.0891900584101677
v -0.10528342425823212 -0.5304118990898132 0.08792251348495483
v 0.31482529640197754 0.3473294675350189 0.0970497578382492
v -0.04164596274495125 0.3077773451805115 0.08487996459007263
v -0.18514692783355713 0.4393617510795593 0.09882456064224243
v 0.040246181190013885 -0.33721864223480225 0.0823446735739708
v 0.004244053270667791 -0.5615972280502319 0.09628906846046448
v 0.16828179359436035 0.2999178469181061 0.06561136990785599
v -0.10807234048843384 -0.3144000172615051 0.08538702875375748
v 0.315079927444458 0.3878940939903259 0.08589428663253784
v -0.09767735004425049 0.3120880424976349 0.09324672073125839
v -0.0796763002872467 0.43251678347587585 0.06687891483306885
v -0.02060256153345108 0.423897385597229 0.03899012878537178
v -0.2865625321865082 -0.2515226900577545 0.10490944981575012
v 0.30696579813957214 -0.1883922666311264 0.10440239310264587
v -0.005390305537730455 -0.5641315579414368 0.0871618315577507
v -0.2781957685947418 -0.26267775893211365 0.10668405145406723
v -0.26196950674057007 0.4345458149909973 0.08944369107484818
v -0.2784484028816223 0.42668628692626953 0.09172554314136505
v 0.3077256679534912 -0.2418883740901947 0.1021205335855484
v 0.017174389213323593 -0.5534831881523132 0.09755681455135345
v -0.2563916742801666 -0.2652140259742737 0.0871618315577507
v 0.045063331723213196 -0.1468123197555542 0.05521637946367264
v -0.2563916742801666 -0.15847505629062653 0.08640134334564209
v -0.04037821665406227 -0.1567002534866333 0.07296380400657654
v 0.26665380597114563 -0.16126376390457153 0.08944369107484818
v 0.3031623661518097 0.4284607172012329 0.10262759029865265
v -0.09767735004425049 -0.3473597764968872 0.07372449338436127
v -0.28073006868362427 0.33896270394325256 0.0881759449839592
v -0.2766740024089813 0.32349634170532227 0.09451446682214737
v -0.23712186515331268 0.30574831366539 0.07093557715415955
v 0.3107692301273346 0.42186835408210754 0.10440239310264587
v -0.2723633050918579 -0.2621704936027527 0.08944369107484818
v 0.31482529640197754 0.3351592719554901 0.10034573078155518
v 0.02959764562547207 -0.5022701025009155 0.08792251348495483
v 0.25093480944633484 -0.1508689969778061 0.06155470386147499
v -0.28123730421066284 0.4135016202926636 0.08589428663253784
v -0.28098469972610474 0.3962608277797699 0.09096486866474152
v 0.29099220037460327 0.43277138471603394 0.10161347687244415
v -0.0827188491821289 0.3118334114551544 0.09350034594535828
v 0.06610672920942307 -0.1399669349193573 0.04152541980147362
v 0.3140653967857361 0.32375094294548035 0.10338807851076126
v -0.27185603976249695 0.32222920656204224 0.1021205335855484
v 0.2968246340751648 -0.2697773575782776 0.1011064201593399
v -0.04088527336716652 -0.1665881723165512 0.1031346470117569
v -0.09032491594552994 -0.5610899925231934 0.10262759029865265
v 0.08005132526159286 0.30448117852211 0.07473861426115036
v -0.09818440675735474 -0.5539904236793518 0.09476789087057114
v 0.08968562632799149 -0.2834673225879669 0.08335879445075989
v 0.09906648844480515 -0.2816929221153259 0.09273966401815414
v 0.3031623661518097 -0.177490234375 0.09933161735534668
v 0.20960810780525208 -0.15036173164844513 0.058512359857559204
v -0.14534220099449158 -0.27839672565460205 0.08487996459007263
v 0.01134304329752922 0.30219951272010803 0.06713254749774933
v -0.1232844665646553 -0.2913268208503723 0.07702047377824783
v 0.01768144778907299 0.4431651830673218 0.09299328923225403
v 0.315079927444458 0.4071638882160187 0.0990779921412468
v 0.30519139766693115 -0.2586216926574707 0.09983867406845093
v -0.16156844794750214 -0.2631850242614746 0.05394863709807396
v 0.19236773252487183 -0.14199517667293549 0.042032476514577866
v 0.315079927444458 0.4053894877433777 0.09045780450105667
v 0.06230369582772255 0.3077773451805115 0.08335879445075989
v 0.10236246883869171 0.2890167832374573 0.042032476514577866
v 0.13760389387607574 0.28825491666793823 0.04177884757518768
v 0.3140653967857361 0.3214692771434784 0.09476789087057114
v -0.10224107652902603 -0.32479381561279297 0.07980938255786896
v 0.2871907651424408 -0.16532042622566223 0.09628906846046448
v 0.315079927444458 0.4010787904262543 0.07321743667125702
v 0.31127649545669556 0.41527602076530457 0.07854164391756058
v -0.28681516647338867 -0.19650539755821228 0.07448498159646988
v 0.3079802989959717 0.3090444803237915 0.0891900584101677
v 0.3079802989959717 -0.1904204934835434 0.09324672073125839
v -0.07916924357414246 -0.5648934245109558 0.08868300169706345
v -0.10325518995523453 -0.5441038608551025 0.08969731628894806
v 0.30366960167884827 0.42693892121315 0.09400741010904312
v 0.29276856780052185 -0.16532042622566223 0.0891900584101677
v -0.06623896211385727 -0.13616390526294708 0.0318911150097847
v -0.08246521651744843 -0.15137605369091034 0.06231538951396942
v 0.31127649545669556 0.4195866882801056 0.09603563696146011
v 0.29149943590164185 0.43099498748779297 0.09299328923225403
v -0.2832663357257843 -0.2548186480998993 0.08944369107484818
v 0.27578043937683105 -0.26724109053611755 0.06713254749774933
v 0.28997963666915894 -0.26876282691955566 0.08158399164676666
v 0.030104704201221466 0.4459540843963623 0.09197897464036942
v 0.2765423357486725 0.4317568838596344 0.09273966401815414
v -0.04443488270044327 -0.5704712867736816 0.08564065396785736
v -0.02744794264435768 -0.5666678547859192 0.0714426338672638
v 0.31482529640197754 0.33287760615348816 0.09172554314136505
v -0.24675574898719788 -0.15543250739574432 0.07854164391756058
v -0.04975908622145653 -0.5712311267852783 0.09248603135347366
v 0.3001208007335663 -0.26597392559051514 0.09273966401815414
v 0.3082329332828522 -0.2051255702972412 0.0803164467215538
v 0.3082329332828522 -0.22388732433319092 0.04152541980147362
v 0.30848756432533264 -0.19118118286132812 0.04355364665389061
v -0.09387432038784027 -0.5567793250083923 0.08614771068096161
v -0.152948260307312 -0.15822143852710724 0.0803164467215538
v 0.234453946352005 0.429220587015152 0.07549929618835449
v 0.04328852891921997 0.44164544343948364 0.08386585116386414
v -0.08677530288696289 0.2945946455001831 0.052173834294080734
v -0.0697883740067482 0.2983960807323456 0.06003352627158165
v -0.1014803871512413 0.29890331625938416 0.06003352627158165
v -0.2802228033542633 0.3693861961364746 0.06789322197437286
v 0.026048140600323677 0.30524304509162903 0.07524567097425461
v 0.11402500420808792 -0.2728188931941986 0.07017488777637482
v 0.009568301029503345 -0.5598228573799133 0.08944369107484818
v 0.3049367666244507 -0.1785043478012085 0.08944369107484818
v 0.31482529640197754 0.3402298390865326 0.0714426338672638
v 0.3056986331939697 -0.25456503033638 0.0881759449839592
v 0.2189895659685135 0.30524304509162903 0.08183761686086655
v 0.24180619418621063 0.2981434464454651 0.0653577446937561
v -0.09869146347045898 -0.36536043882369995 0.08411947637796402
v -0.2627294063568115 0.43251678347587585 0.08082350343465805
v 0.2953028976917267 0.3024541437625885 0.08183761686086655
v 0.04455627501010895 -0.3255557119846344 0.06206176057457924
v 0.053176458925008774 -0.3103419840335846 0.058512359857559204
v 0.06382507085800171 -0.3009627163410187 0.0823446735739708
v 0.30366960167884827 0.42491188645362854 0.08538702875375748
v -0.001333742868155241 -0.5633716583251953 0.04101835936307907
v -0.037082239985466 -0.5684422254562378 0.043300218880176544
v 0.31152912974357605 0.4175576865673065 0.0871618315577507
v -0.2568969428539276 0.43150225281715393 0.07169625908136368
v -0.05001271143555641 -0.5717384219169617 0.07854164391756058
v -0.2860552668571472 -0.24543777108192444 0.07068194448947906
v -0.28681516647338867 -0.2101963460445404 0.06155470386147499
v 0.27704960107803345 0.42770081758499146 0.07549929618835449
v -0.08981785923242569 -0.55931556224823 0.0782880187034607
v -0.08500050753355026 -0.5615972280502319 0.07017488777637482
v 0.013117803260684013 -0.14884056150913239 0.055469807237386703
v 0.037964317947626114 -0.4979593753814697 -0.003603982971981168
v 0.3140653967857361 0.31893303990364075 0.08640134334564209
v 0.021484479308128357 -0.5494270920753479 0.08969731628894806
v 0.019202658906579018 -0.5534831881523132 0.07473861426115036
v -0.266025573015213 0.3136098086833954 0.08462654054164886
v 0.30671316385269165 -0.18002551794052124 0.07904870808124542
v 0.29758453369140625 -0.16608111560344696 0.08183761686086655
v -0.2781957685947418 0.3240036070346832 0.08437290787696838
v -0.10021264106035233 -0.5481599569320679 0.08006281405687332
v 0.30240246653556824 -0.2606506943702698 0.08386585116386414
v 0.15509788691997528 0.28825491666793823 0.04152541980147362
v 0.31457266211509705 0.32805967330932617 0.07473861426115036
v 0.20884741842746735 0.29079118371009827 0.04913148283958435
v 0.23394668102264404 0.29434001445770264 0.05699118226766586
v -0.2850407660007477 -0.2507619857788086 0.08006281405687332
v -0.15548354387283325 0.42161571979522705 0.03670826926827431
v -0.18109066784381866 0.42516452074050903 0.046849627047777176
v -0.2845335006713867 -0.2429024875164032 0.05825872719287872
v 0.27273890376091003 0.2930728495121002 0.05597686395049095
v -0.2766740024089813 -0.2588743269443512 0.0823446735739708
v -0.2784484028816223 0.4226302206516266 0.07448498159646988
v -0.28098469972610474 0.41096732020378113 0.07752753049135208
v 0.03035825304687023 0.44341981410980225 0.08335879445075989
v 0.017427917569875717 0.43885648250579834 0.07549929618835449
v -0.11086125671863556 -0.14351634681224823 0.046089138835668564
v 0.23090514540672302 -0.14884056150913239 0.05470931902527809
v 0.24434246122837067 -0.12729009985923767 0.01896064355969429
v 0.2265944480895996 -0.13236068189144135 0.026059651747345924
v -0.18666870892047882 -0.2662285268306732 0.07448498159646988
v 0.006272344850003719 -0.5615972280502319 0.07372449338436127
v -0.25436264276504517 -0.25938159227371216 0.06256882101297379
v 0.06788153201341629 -0.2958921492099762 0.07372449338436127
v 0.08486846834421158 -0.28270742297172546 0.0663718581199646
v 0.3107692301273346 0.3103136420249939 0.08259830623865128
v 0.3140653967857361 0.31411507725715637 0.06916077435016632
v 0.027569353580474854 -0.5362443923950195 0.08386585116386414
v 0.026048140600323677 -0.5443565249443054 0.0694143995642662
v -0.26120761036872864 -0.15720731019973755 0.07879526913166046
v -0.2703362703323364 -0.2563398480415344 0.06485068053007126
v -0.2566443085670471 0.30853724479675293 0.07600635290145874
v 0.001201625564135611 0.43099498748779297 0.056230492889881134
v 0.2889651656150818 -0.157714381814003 0.07372449338436127
v -0.19097939133644104 -0.2636922597885132 0.0663718581199646
v 0.30392423272132874 0.4223756194114685 0.07676684111356735
v 0.3062058985233307 -0.2500015199184418 0.07651341706514359
v -0.2802228033542633 0.3288215398788452 0.07524567097425461
v -0.28554800152778625 -0.17901140451431274 0.07524567097425461
v -0.2703362703323364 0.3087918758392334 0.06434362381696701
v -0.24498134851455688 -0.23960651457309723 0.009579893201589584
v -0.2241917848587036 -0.23757807910442352 0.0037485682405531406
v -0.2462485134601593 -0.25405797362327576 0.04431433603167534
v 0.11909577250480652 0.4223756194114685 0.042032476514577866
v 0.31482529640197754 0.39803725481033325 0.06485068053007126
v 0.029851173982024193 0.43834924697875977 0.0663718581199646
v 0.04328852891921997 0.4370800852775574 0.06687891483306885
v 0.030104704201221466 0.4307423532009125 0.050145599991083145
v -0.24853217601776123 -0.1468123197555542 0.057751670479774475
v -0.21328875422477722 -0.1506153643131256 0.06231538951396942
v -0.22495166957378387 -0.13717801868915558 0.038483068346977234
v 0.29758453369140625 0.2918057143688202 0.055469807237386703
v 0.030104704201221466 0.4411381483078003 0.07473861426115036
v 0.05571174621582031 0.28014278411865234 0.02656671218574047
v 0.04886636510491371 0.29408738017082214 0.05039922893047333
v 0.03187946602702141 0.29408738017082214 0.05065265670418739
v -0.09970558434724808 -0.5329481959342957 0.021242504939436913
v -0.28073006868362427 0.3120880424976349 0.027327395975589752
v -0.2781957685947418 0.30853724479675293 0.047610312700271606
v -0.2802228033542633 0.32045480608940125 0.05141334608197212
v 0.30417686700820923 0.30194687843322754 0.07448498159646988
v 0.2937811017036438 -0.2654666602611542 0.07296380400657654
v 0.3011353313922882 0.4213610887527466 0.06789322197437286
v 0.29099220037460327 0.42186835408210754 0.058512359857559204
v 0.3018952012062073 -0.16709524393081665 0.07372449338436127
v 0.30417686700820923 -0.2558327913284302 0.07372449338436127
v -0.27768850326538086 0.31741124391555786 0.0714426338672638
v 0.315585196018219 0.37192243337631226 0.042032476514577866
v 0.3153325617313385 0.39372655749320984 0.047610312700271606
v -0.05559035390615463 -0.5704712867736816 0.07169625908136368
v 0.11301088333129883 -0.26572129130363464 0.044567763805389404
v -0.25512251257896423 -0.14934761822223663 0.06307587772607803
v -0.2662782073020935 -0.15619319677352905 0.07169625908136368
v -0.19579535722732544 -0.2487337589263916 0.02529916726052761
v 0.3077256679534912 -0.18002551794052124 0.06840028613805771
v -0.2627294063568115 0.42795345187187195 0.06358293443918228
v -0.2781957685947418 0.42034661769866943 0.06586480140686035
v -0.09793098270893097 -0.5494270920753479 0.06485068053007126
v 0.031118860468268394 -0.5258485674858093 0.06307587772607803
v 0.24637149274349213 0.2935801148414612 0.05521637946367264
v 0.3110218644142151 0.4129943549633026 0.07017488777637482
v -0.28098469972610474 0.40944555401802063 0.06155470386147499
v -0.2804774343967438 0.33110320568084717 0.06409019976854324
v -0.2804774343967438 0.37369686365127563 0.045328449457883835
v -0.27946290373802185 -0.1655740588903427 0.07017488777637482
v -0.11745321750640869 -0.2915814518928528 0.06079421564936638
v -0.13951072096824646 -0.27687695622444153 0.06840028613805771
v -0.10021264106035233 -0.543596625328064 0.05597686395049095
v -0.019334815442562103 -0.5646387934684753 0.019467702135443687
v -0.09869146347045898 -0.32986441254615784 0.06409019976854324
v 0.23344141244888306 0.4213610887527466 0.05039922893047333
v -0.19655722379684448 0.2872404158115387 0.034426406025886536
v 0.2073262482881546 0.42491188645362854 0.05876578390598297
v 0.016667310148477554 -0.557033896446228 0.0595264732837677
v -0.19402094185352325 0.40944555401802063 0.009579893201589584
v 0.1817191243171692 -0.13616390526294708 0.0318911150097847
v 0.29276856780052185 -0.15010830760002136 0.05268089100718498
v 0.3082329332828522 0.3011849820613861 0.0663718581199646
v 0.3059512674808502 -0.24949444830417633 0.06282245367765427
v 0.29910629987716675 -0.2565934658050537 0.05470931902527809
v -0.16638559103012085 -0.15391133725643158 0.06865371018648148
v 0.23115776479244232 -0.2408740520477295 -0.00030801488901488483
v 0.25068020820617676 -0.2436629682779312 0.006283917464315891
v 0.20276272296905518 -0.2555791437625885 0.03315865993499756
v 0.31457266211509705 0.3257780075073242 0.06611842662096024
v 0.28997963666915894 0.4160378873348236 0.042032476514577866
v 0.2608233392238617 0.4157832860946655 0.03746875748038292
v -0.2863079011440277 -0.17901140451431274 0.06383656710386276
v -0.2792082726955414 0.32045480608940125 0.06231538951396942
v 0.0024692907463759184 -0.5628644227981567 0.057751670479774475
v 0.3074730634689331 -0.17115169763565063 0.05521637946367264
v 0.2998661696910858 -0.15923555195331573 0.059779904782772064
v -0.04595605283975601 -0.5707238912582397 0.06358293443918228
v -0.24523597955703735 0.4271935522556305 0.05470931902527809
v -0.2705889046192169 -0.1556861400604248 0.06383656710386276
v 0.04303509742021561 -0.3318934440612793 0.047356683760881424
v 0.0410066694021225 -0.33747127652168274 0.057751670479774475
v 0.3107692301273346 0.41071268916130066 0.06155470386147499
v 0.3143180310726166 0.3288215398788452 0.05166677385568619
v -0.27515220642089844 0.309299111366272 0.05699118226766586
v -0.267799973487854 0.30067771673202515 0.0496385432779789
v 0.3138107657432556 0.31259530782699585 0.06231538951396942
v 0.06382507085800171 -0.2971592843532562 0.05749823898077011
v -0.2863079011440277 -0.23681758344173431 0.04837080091238022
v -0.09615617990493774 -0.34355637431144714 0.06079421564936638
v -0.05153388902544975 -0.5709785223007202 0.05673755332827568
v 0.22127123177051544 -0.2583680748939514 0.039243556559085846
v -0.11010056734085083 -0.30298975110054016 0.06510431319475174
v 0.279331237077713 -0.26394689083099365 0.058512359857559204
v -0.07764806598424911 -0.5641315579414368 0.0564839243888855
v 0.3011353313922882 0.41882678866386414 0.05927284061908722
v -0.020095303654670715 -0.13945968449115753 0.03746875748038292
v -0.03860361501574516 -0.13565665483474731 0.03138405829668045
v -0.13469357788562775 0.4241500198841095 0.042539533227682114
v -0.27439233660697937 -0.252536803483963 0.05749823898077011
v -0.2835189700126648 -0.16684161126613617 0.06231538951396942
v 0.02858348935842514 -0.5390332937240601 0.06003352627158165
v -0.12074918299913406 -0.28448182344436646 0.05242746323347092
v -0.28123730421066284 0.4003188908100128 0.04837080091238022
v 0.05748654901981354 0.40260055661201477 -0.0063928766176104546
v 0.15611200034618378 0.4038677215576172 0.002734412904828787
v 0.1449565291404724 0.4145161211490631 0.02504553832113743
v 0.1855221539735794 0.40767115354537964 0.013129377737641335
v -0.18413302302360535 -0.13895262777805328 0.038483068346977234
v -0.27591410279273987 0.4195866882801056 0.058512359857559204
v -0.21861395239830017 0.4241500198841095 0.04355364665389061
v -0.14534220099449158 -0.14605163037776947 0.05166677385568619
v -0.09717029333114624 -0.3833611011505127 0.05749823898077011
v 0.31127649545669556 0.30194687843322754 0.057751670479774475
v -0.11010056734085083 -0.13033245503902435 0.02301730588078499
v -0.0827188491821289 -0.13033245503902435 0.02301730588078499
v 0.024780455976724625 0.4162905514240265 0.017439469695091248
v -0.26095497608184814 -0.14757300913333893 0.05673755332827568
v -0.09767735004425049 -0.503030002117157 -0.0005615436239168048
v 0.3105145990848541 0.40589675307273865 0.044567763805389404
v -0.2852933704853058 -0.1665881723165512 0.052173834294080734
v -0.09108540415763855 -0.5567793250083923 0.05724461376667023
v -0.2865625321865082 -0.1873781532049179 0.05166677385568619
v 0.24434246122837067 0.29434001445770264 0.05699118226766586
v 0.31305089592933655 0.39347192645072937 0.02935563027858734
v -0.2863079011440277 -0.1883922666311264 0.028341513127088547
v -0.2652636766433716 0.42161571979522705 0.04837080091238022
v -0.2784484028816223 0.4150233864784241 0.047610312700271606
v -0.26298201084136963 0.42668628692626953 0.058512359857559204
v 0.02097742259502411 -0.5529758930206299 0.05166677385568619
v -0.27946290373802185 -0.15543250739574432 0.04786374047398567
v -0.09488844126462936 -0.32809001207351685 0.03746875748038292
v -0.09311363101005554 -0.352175772190094 0.022763676941394806
v 0.03137238696217537 -0.5342153310775757 0.050145599991083145
v 0.30265510082244873 0.4150233864784241 0.05141334608197212
v 0.30696579813957214 -0.24112768471240997 0.05242746323347092
v -0.11517134308815002 0.2776065170764923 0.02251024916768074
v -0.07891581207513809 0.27988818287849426 0.026820341125130653
v -0.08677530288696289 -0.5590609908103943 0.04152541980147362
v 0.027822883799672127 -0.1308395117521286 0.023777993395924568
v -0.04418125003576279 0.2900293171405792 0.044567763805389404
v -0.09742391854524612 -0.547145426273346 0.04076473042368889
v -0.051026832312345505 -0.5702166557312012 0.044567763805389404
v -0.2553771436214447 -0.13819213211536407 0.041271790862083435
v 0.013117803260684013 -0.5590609908103943 0.04355364665389061
v 0.2884579002857208 -0.13920624554157257 0.03696169704198837
v 0.28972503542900085 -0.1318536251783371 0.02580622397363186
v 0.3125436305999756 0.302706778049469 0.047610312700271606
v 0.016920840367674828 -0.13616390526294708 0.0318911150097847
v 0.24434246122837067 0.29256561398506165 0.052934519946575165
v 0.30392423272132874 -0.16050328314304352 0.05141334608197212
v -0.09818440675735474 -0.32327404618263245 0.052934519946575165
v 0.032893601804971695 -0.5268630981445312 0.039750613272190094
v -0.27794113755226135 -0.24822670221328735 0.04913148283958435
v -0.2335730642080307 0.29256561398506165 0.04304659366607666
v -0.01781364344060421 0.28952205181121826 0.04380727559328079
v 0.30519139766693115 0.2915510833263397 0.050145599991083145
v 0.31457266211509705 0.3412443697452545 0.026820341125130653
v 0.279331237077713 -0.2601434290409088 0.046089138835668564
v -0.26830723881721497 -0.14250223338603973 0.039750613272190094
v 0.05140165612101555 -0.3098367154598236 0.03214454650878906
v 0.06737447530031204 -0.28625625371932983 0.024285050109028816
v -0.15523011982440948 -0.12348707020282745 0.015411239117383957
v -0.1709493100643158 -0.11638806015253067 0.006030388176441193
v -0.11593203246593475 0.41730502247810364 0.02580622397363186
v -0.09438137710094452 0.4117272198200226 0.012368771247565746
v 0.2519493103027344 0.28952205181121826 0.047610312700271606
v 0.23546846210956573 0.28825491666793823 0.04431433603167534
v 0.030104704201221466 -0.538271427154541 0.04913148283958435
v -0.11694616079330444 0.4129943549633026 0.01566466875374317
v 0.1490129828453064 0.265183687210083 0.007805131375789642
v 0.11503931879997253 0.2679726183414459 0.01135463546961546
v -0.09894509613513947 -0.3085675835609436 0.03138405829668045
v 0.3079802989959717 -0.16532042622566223 0.043300218880176544
v 0.0924745425581932 -0.26724109053611755 0.02504553832113743
v 0.3031623661518097 0.2821698486804962 0.03544052317738533
v -0.14280670881271362 0.2684798538684845 0.010086950846016407
v -0.16942794620990753 0.28673315048217773 0.0346798375248909
v 0.025287533178925514 -0.5489198565483093 0.04380727559328079
v -0.15041276812553406 -0.2636922597885132 0.044060707092285156
v 0.29733189940452576 -0.14934761822223663 0.04482139274477959
v -0.094635009765625 -0.32023051381111145 0.02656671218574047
v -0.25284087657928467 0.42034661769866943 0.03746875748038292
v -0.07004199922084808 0.2824244499206543 0.030876804143190384
v -0.21861395239830017 0.41400888562202454 0.01896064355969429
v -0.12581975758075714 -0.27332615852355957 0.03417277708649635
v -0.11314311623573303 -0.2849890887737274 0.034426406025886536
v -0.09083197265863419 -0.5552595257759094 0.03391934931278229
v 0.00449758255854249 -0.5623571276664734 0.034426406025886536
v -0.007165029179304838 0.26721271872520447 0.010340500622987747
v 0.006779402494430542 0.27557748556137085 0.019974758848547935
v 0.3158397972583771 0.3716678321361542 0.01769309863448143
v -0.15751178562641144 -0.2548186480998993 0.027581024914979935
v 0.02807641215622425 0.27101415395736694 0.012115242891013622
v 0.19515664875507355 0.4162905514240265 0.033665720373392105
v 0.0440492145717144 -0.4956777095794678 -0.07155168056488037
v 0.04810567572712898 -0.4112502932548523 -0.08321420848369598
v 0.2985990345478058 -0.2527904212474823 0.04177884757518768
v 0.2795838713645935 0.263916552066803 0.011608163826167583
v 0.2892177999019623 0.27101415395736694 0.021496132016181946
v -0.2860552668571472 -0.16582749783992767 0.04152541980147362
v 0.30950209498405457 0.2918057143688202 0.042793158441782
v -0.2781957685947418 0.3029593825340271 0.03544052317738533
v -0.26678547263145447 0.29281821846961975 0.03620121255517006
v -0.28123730421066284 -0.2429024875164032 0.04152541980147362
v 0.28795063495635986 -0.2527904212474823 0.030369743704795837
v 0.30240246653556824 0.4127417206764221 0.042793158441782
v 0.3064585328102112 -0.16075670719146729 0.04177884757518768
v -0.2802228033542633 0.2963690459728241 0.013129377737641335
v -0.28073006868362427 0.3181731402873993 -0.018562598153948784
v -0.28732240200042725 -0.22033771872520447 0.026820341125130653
v -0.28706780076026917 -0.22870445251464844 0.03822943940758705
v -0.26678547263145447 -0.24898719787597656 0.039243556559085846
v 0.3074730634689331 -0.22921150922775269 0.028848569840192795
v 0.30265510082244873 -0.24569140374660492 0.035187095403671265
v -0.2792082726955414 0.4081784188747406 0.03670826926827431
v -0.26982900500297546 0.41248708963394165 0.028341513127088547
v 0.07320574671030045 0.2796355187892914 0.02656671218574047
v 0.3120363652706146 0.4008261561393738 0.040004242211580276
v 0.023259244859218597 -0.5527232885360718 0.028848569840192795
v -0.16156844794750214 0.2621401250362396 0.002227334538474679
v 0.11732097715139389 -0.10776786506175995 -0.005378733389079571
v 0.09906648844480515 -0.11309207230806351 0.0017202766612172127
v 0.10033423453569412 -0.1318536251783371 0.02707376889884472
v 0.029851173982024193 -0.541314959526062 0.03620121255517006
v -0.2827591001987457 -0.15441839396953583 0.039243556559085846
v 0.3140653967857361 0.303973913192749 0.03696169704198837
v 0.30214783549308777 -0.14909417927265167 0.03721532225608826
v -0.2832663357257843 -0.23656396567821503 0.03290523216128349
v -0.08804304897785187 -0.4003472626209259 -0.061663754284381866
v -0.2586733400821686 0.2857206165790558 0.028848569840192795
v -0.2505592405796051 0.27887365221977234 0.021242504939436913
v 0.3062058985233307 0.40614938735961914 0.03341229259967804
v 0.2892177999019623 0.4129943549633026 0.033665720373392105
v 0.28059840202331543 -0.24569140374660492 0.010847559198737144
v -0.2787010371685028 0.4038677215576172 0.024031423032283783
v 0.279331237077713 0.3990497589111328 0.002227334538474679
v 0.2438352108001709 0.3972753584384918 -0.0030969129875302315
v -0.09919852763414383 -0.29538488388061523 0.010340500622987747
v 0.30848756432533264 -0.16202445328235626 0.031637489795684814
v -0.12607339024543762 0.4157832860946655 0.02251024916768074
v -0.13570769131183624 0.4142634868621826 0.01896064355969429
v -0.053055066615343094 -0.5694567561149597 0.03493346646428108
v -0.2617148756980896 -0.13616390526294708 0.03493346646428108
v -0.07764806598424911 -0.5631189942359924 0.03290523216128349
v -0.05254800245165825 -0.5692021250724792 0.023270733654499054
v 0.04810567572712898 -0.3146526515483856 0.016678981482982635
v 0.3089948296546936 -0.16582749783992767 0.020735448226332664
v 0.3082329332828522 -0.21653467416763306 0.029609259217977524
v 0.015399628318846226 -0.5585537552833557 0.0204820167273283
v 0.18932519853115082 -0.1250082403421402 0.014904181472957134
v 0.31305089592933655 0.2923109829425812 0.03391934931278229
v 0.031118860468268394 0.4066566228866577 -0.001575699308887124
v -0.2792082726955414 0.2991579473018646 0.02453847974538803
v -0.2693217396736145 0.28800228238105774 0.026313280686736107
v -0.270841509103775 -0.2446770966053009 0.031637489795684814
v -0.28073006868362427 -0.14503751695156097 0.02656671218574047
v -0.2865625321865082 -0.16810935735702515 0.030116314068436623
v -0.016799526289105415 -0.12424755096435547 0.014650552533566952
v 0.21848231554031372 0.4041203558444977 0.007805131375789642
v 0.20707282423973083 0.4145161211490631 0.030369743704795837
v 0.30366960167884827 -0.239859938621521 0.02453847974538803
v -0.20466935634613037 -0.11968402564525604 0.011101107113063335
v 0.16650699079036713 0.2684798538684845 0.012622321024537086
v -0.25005197525024414 -0.12881126999855042 0.02580622397363186
v -0.116439089179039 -0.11740217357873917 0.006283917464315891
v -0.08753599226474762 -0.09661220014095306 -0.01602724753320217
v -0.11517134308815002 -0.09661220014095306 -0.015773698687553406
v 0.0006945478380657732 -0.5628644227981567 0.018200159072875977
v 0.29581010341644287 -0.13869918882846832 0.03138405829668045
v 0.23521581292152405 0.2712687849998474 0.018200159072875977
v 0.034668345004320145 -0.5309191942214966 0.016425352543592453
v 0.3011353313922882 0.2715214192867279 0.0204820167273283
v 0.30848756432533264 0.28166258335113525 0.02808808535337448
v -0.09387432038784027 -0.5504416227340698 0.02580622397363186
v -0.2589259445667267 -0.24340954422950745 0.021242504939436913
v -0.2863079011440277 -0.15315064787864685 0.019467702135443687
v 0.3056986331939697 -0.15010830760002136 0.02859514206647873
v -0.23915088176727295 -0.12297999858856201 0.017186041921377182
v -0.09590255469083786 -0.5266084671020508 -0.027182821184396744
v -0.09615617990493774 -0.5359897613525391 -0.01653430610895157
v 0.315079927444458 0.303973913192749 0.02504553832113743
v -0.14356739819049835 0.40614938735961914 0.0014667275827378035
v -0.2847861349582672 -0.23022563755512238 0.023777993395924568
v -0.116439089179039 -0.277636855840683 0.026059651747345924
v 0.055204689502716064 -0.11765559762716293 0.008058659732341766
v 0.3056986331939697 -0.14047399163246155 0.016425352543592453
v 0.3001208007335663 -0.12830421328544617 0.01135463546961546
v -0.09209951758384705 -0.32631561160087585 0.011861714534461498
v 0.23851199448108673 0.2519989609718323 -0.004618126433342695
v 0.2904869019985199 0.25073182582855225 -0.003603982971981168
v -0.24498134851455688 0.4005715250968933 -0.0063928766176104546
v -0.21227622032165527 0.38738682866096497 -0.029971739277243614
v 0.2922613024711609 -0.24822670221328735 0.022256620228290558
v -0.2738850712776184 -0.23960651457309723 0.02301730588078499
v 0.2970772981643677 0.4069092571735382 0.022763676941394806
v 0.30950209498405457 0.3993043899536133 0.024285050109028816
v -0.12886230647563934 -0.26749569177627563 0.02580622397363186
v 0.027315806597471237 -0.548412561416626 0.020989075303077698
v -0.08677530288696289 -0.5575411915779114 0.018200159072875977
v 0.31152912974357605 0.28191718459129333 0.019467702135443687
v 0.24408984184265137 -0.10700719058513641 -0.005378733389079571
v -0.17855538427829742 0.2654363214969635 0.005269781220704317
v -0.22317726910114288 0.27862101793289185 0.021496132016181946
v -0.25918057560920715 -0.12652941048145294 0.022003188729286194
v 0.17309893667697906 -0.2439166009426117 0.005016232840716839
v -0.2571515440940857 0.4114745557308197 0.016932412981987
v 0.24079366028308868 0.24109794199466705 -0.015520170331001282
v 0.30874019861221313 -0.1536577045917511 0.019974758848547935
v -0.09539549797773361 -0.5420748591423035 -0.0063928766176104546
v -0.09793098270893097 -0.5372568964958191 0.007805131375789642
v -0.2860552668571472 -0.1734335571527481 0.006283917464315891
v 0.05343008041381836 -0.3022298812866211 0.009579893201589584
v -0.14863815903663635 -0.2487337589263916 0.009072815999388695
v 0.2884579002857208 -0.12247294187545776 0.013129377737641335
v 0.17994432151317596 -0.1181628629565239 0.006030388176441193
v 0.3062058985233307 -0.2259155511856079 0.003495018696412444
v 0.3082329332828522 -0.20994271337985992 0.005523310508579016
v 0.2674136757850647 -0.23960651457309723 -0.0018292282475158572
v -0.2852933704853058 -0.2231266349554062 0.013636456802487373
v -0.09032491594552994 -0.5529758930206299 0.010340500622987747
v 0.27121710777282715 -0.11790923029184341 0.00856573786586523
v -0.28098469972610474 0.3308486044406891 -0.01729491353034973
v -0.28580063581466675 -0.2150135040283203 0.0037485682405531406
v -0.2726179361343384 0.40741652250289917 0.01896064355969429
v -0.2754068374633789 0.28825491666793823 0.01972133107483387
v -0.09336726367473602 -0.5479053258895874 0.002227334538474679
v -0.1123824268579483 -0.26851019263267517 0.0004525920085143298
v 0.31152912974357605 0.3899231255054474 0.014904181472957134
v 0.31609243154525757 0.3638083338737488 0.005016232840716839
v 0.3046841323375702 -0.2330145537853241 0.014143533073365688
v -0.12227035313844681 0.4145161211490631 0.01896064355969429
v 0.03137238696217537 0.3995570242404938 -0.013998957350850105
v 0.20808693766593933 -0.09838700294494629 -0.015013092197477818
v 0.1895788311958313 -0.10472532361745834 -0.008928238414227962
v 0.19135361909866333 -0.2337750345468521 -0.013491879217326641
v 0.2202567160129547 0.2588459551334381 0.002734412904828787
v -0.2863079011440277 -0.2053792029619217 -0.00715348357334733
v 0.06306438148021698 0.2573241889476776 -0.003603982971981168
v 0.09044630825519562 0.2575768232345581 -0.0008150926441885531
v 0.10413727164268494 -0.25101563334465027 -0.00030801488901488483
v 0.07726240158081055 -0.2669884264469147 -0.0025898353196680546
v 0.07067045569419861 -0.2801731526851654 0.01566466875374317
v 0.044809699058532715 -0.35116320848464966 -0.015520170331001282
v 0.04607744514942169 -0.32073774933815 0.0017202766612172127
v -0.28225183486938477 -0.1407274305820465 0.016678981482982635
v -0.2721106708049774 0.28318434953689575 0.016425352543592453
v -0.2769266366958618 -0.23453572392463684 0.014904181472957134
v 0.29581010341644287 -0.24315591156482697 0.014904181472957134
v 0.30062806606292725 0.40133142471313477 0.014143533073365688
v 0.19388890266418457 0.2588459551334381 0.0017202766612172127
v -0.12607339024543762 0.4145161211490631 0.01896064355969429
v 0.11123628169298172 0.4010787904262543 -0.00563226779922843
v -0.2799701690673828 0.3944864273071289 0.0133829265832901
v -0.28123730421066284 0.37318962812423706 0.010594028979539871
v -0.12581975758075714 -0.2500015199184418 -0.00994237419217825
v 0.03137238696217537 -0.5433419942855835 0.012622321024537086
v -0.271348774433136 -0.1239941269159317 0.009072815999388695
v -0.08728236705064774 0.24261969327926636 -0.016280777752399445
v -0.07663395255804062 0.24540862441062927 -0.013491879217326641
v -0.0796763002872467 0.261634886264801 0.002480883616954088
v 0.29454296827316284 0.265183687210083 0.013636456802487373
v -0.2566443085670471 0.40462759137153625 0.004002096597105265
v -0.26906710863113403 -0.11283844709396362 -0.0030969129875302315
v 0.02047034539282322 -0.5560193657875061 0.0133829265832901
v -0.04189939424395561 -0.10371121019124985 -0.008928238414227962
v 0.30696579813957214 0.27076151967048645 0.013636456802487373
v 0.017427917569875717 0.2580840587615967 -0.0018292282475158572
v 0.2904869019985199 0.39854249358177185 0.0029879410285502672
v 0.058754291385412216 -0.2880326509475708 -0.008421160280704498
v 0.1736059933900833 0.3944864273071289 -0.012984802015125751
v 0.2220311164855957 0.3807964622974396 -0.03225359693169594
v 0.20757988095283508 0.3729369640350342 -0.044423189014196396
v -0.26577094197273254 -0.2340286672115326 0.00476270355284214
v 0.01185012049973011 -0.5603300929069519 0.0045091742649674416
v -0.06522484868764877 0.40792378783226013 0.003495018696412444
v 0.08106543868780136 -0.11892334371805191 0.00856573786586523
v 0.30950209498405457 -0.15340428054332733 0.00856573786586523
v 0.04759862273931503 -0.3382311761379242 -0.03985966742038727
v 0.31026196479797363 -0.12779715657234192 -0.015266641043126583
v 0.3089948296546936 -0.16405269503593445 -0.029211051762104034
v 0.3092474639415741 -0.12779715657234192 -0.05177582800388336
v -0.27946290373802185 -0.12754352390766144 0.0037485682405531406
v -0.2847861349582672 -0.1399669349193573 0.007298053242266178
v -0.2784484028816223 0.28648051619529724 0.010086950846016407
v -0.020855989307165146 0.40589675307273865 -0.002336306031793356
v -0.005390305537730455 0.4071638882160187 -5.4485746659338474e-05
v -0.009700517170131207 0.3805418312549591 -0.043155644088983536
v 0.04886636510491371 -0.31287825107574463 -0.03808486461639404
v 0.049119990319013596 -0.3083149194717407 -0.019323205575346947
v -0.07764806598424911 -0.5618498921394348 0.009833421558141708
v -0.2863079011440277 -0.1526435911655426 0.007805131375789642
v -0.14331376552581787 -0.09661220014095306 -0.015266641043126583
v 0.31000733375549316 0.266958087682724 0.004255625884979963
v -0.2723633050918579 0.4008261561393738 0.006537446286529303
v 0.2953028976917267 0.25529515743255615 0.0017202766612172127
v -0.2505592405796051 0.2700016498565674 0.00856573786586523
v 0.3127962648868561 0.2793809175491333 0.009072815999388695
v 0.025287533178925514 -0.5524705648422241 0.006030388176441193
v 0.1528160274028778 0.38459789752960205 -0.030732227489352226
v 0.10033423453569412 0.37623313069343567 -0.04543730616569519
v -0.044941939413547516 0.25352075695991516 -0.004871661309152842
v 0.3135581612586975 0.3807964622974396 0.0037485682405531406
v -0.07105612009763718 0.26442378759384155 0.006790995132178068
v -0.2792082726955414 -0.2281973958015442 0.007044524420052767
v 0.29910629987716675 -0.23707102239131927 0.006283917464315891
v 0.3049367666244507 0.3944864273071289 0.006283917464315891
v 0.31000733375549316 -0.14022037386894226 -0.003603982971981168
v 0.30848756432533264 -0.14022037386894226 0.006790995132178068
v 0.03618951886892319 -0.5326935648918152 -0.00715348357334733
v -0.25943320989608765 0.26721271872520447 0.004255625884979963
v 0.13430790603160858 0.2514917254447937 -0.006899949163198471
v -0.22647345066070557 -0.10624650120735168 -0.0038575176149606705
v -0.24396686255931854 -0.09762631356716156 -0.011463588103652
v -0.16156844794750214 -0.08849906921386719 -0.021858572959899902
v -0.2721106708049774 0.2740577161312103 0.0037485682405531406
v 0.29302123188972473 -0.11740217357873917 0.005016232840716839
v -0.11669252812862396 -0.24239543080329895 -0.030478795990347862
v -0.10629753768444061 -0.25304386019706726 -0.032760657370090485
v -0.2165849208831787 -0.08849906921386719 -0.021858572959899902
v 0.28490909934043884 -0.24112768471240997 0.0032414905726909637
v -0.09412795305252075 -0.5088624358177185 -0.04822622239589691
v -0.004883247427642345 0.24185781180858612 -0.01729491353034973
v -0.28073006868362427 0.29129844903945923 0.0014667275827378035
v -0.2766740024089813 0.3924593925476074 -0.0018292282475158572
v -0.2802228033542633 0.37724569439888 -0.011463588103652
v -0.041392337530851364 -0.5676823258399963 -0.00994237419217825
v -0.010714633390307426 -0.5631189942359924 -0.00563226779922843
v 0.3044314980506897 0.25529515743255615 -0.0018292282475158572
v 0.3049367666244507 -0.12830421328544617 0.003495018696412444
v 0.00779355876147747 -0.5610899925231934 -0.011717136017978191
v -0.25157371163368225 0.38865596055984497 -0.02515452913939953
v 0.16929589211940765 0.24794290959835052 -0.010449451394379139
v -0.2817445695400238 -0.22160546481609344 -0.0013221504632383585
v 0.31457266211509705 0.29104381799697876 -0.0008150926441885531
v -0.04925202950835228 -0.5689495205879211 0.008312208577990532
v 0.02909056656062603 -0.5486671924591064 -0.0025898353196680546
v -0.2835189700126648 -0.12729009985923767 -0.004111054819077253
v -0.2574041783809662 0.26492905616760254 0.002227334538474679
v -0.28427886962890625 -0.1209515705704689 -0.014759562909603119
v 0.04785224422812462 -0.3146526515483856 -0.008928238414227962
v -0.18464027345180511 -0.22845083475112915 -0.016787854954600334
v -0.15776540338993073 -0.23123975098133087 -0.016280777752399445
v -0.2789556682109833 0.27862101793289185 -0.001575699308887124
v 0.2892177999019623 -0.11258501559495926 0.0017202766612172127
v -0.27591410279273987 0.386374294757843 -0.013998957350850105
v 0.11174333840608597 -0.239859938621521 -0.016787854954600334
v 0.12467361241579056 -0.24264885485172272 -0.004871661309152842
v -0.20644375681877136 0.2560570538043976 -0.006646411959081888
v -0.2860552668571472 -0.15948916971683502 -0.015773698687553406
v 0.3143180310726166 0.2740577161312103 -0.01425248570740223
v -0.09362088888883591 -0.2986810803413391 -0.006646411959081888
v -0.18666870892047882 0.3790220618247986 -0.04188790172338486
v -0.26855987310409546 -0.22870445251464844 -0.003603982971981168
v -0.09818440675735474 -0.2745952904224396 -0.023886842653155327
v 0.016920840367674828 -0.55804842710495 -0.0025898353196680546
v -0.28580063581466675 -0.13895262777805328 -0.0030969129875302315
v 0.2996135354042053 -0.11689511686563492 -0.0010686214081943035
v 0.3016425669193268 -0.2299720048904419 -0.002336306031793356
v 0.3056986331939697 0.39220476150512695 0.001973805483430624
v 0.30366960167884827 0.38764145970344543 -0.008421160280704498
v -0.2634892761707306 0.3932192921638489 -0.013998957350850105
v -0.26729270815849304 0.26645082235336304 -0.0008150926441885531
v -0.2835189700126648 -0.2063933163881302 -0.02008381113409996
v -0.28681516647338867 -0.1833214908838272 -0.028703995048999786
v 0.2892177999019623 -0.23631052672863007 -0.0043645896948874
v 0.2844018340110779 -0.10751424729824066 -0.002336306031793356
v 0.30848756432533264 -0.1883922666311264 -0.03149291127920151
v 0.28059840202331543 0.3916975259780884 -0.011210058815777302
v 0.06940270960330963 -0.2654666602611542 -0.026422133669257164
v 0.08030475676059723 -0.2601434290409088 -0.011463588103652
v -0.09083197265863419 -0.28625625371932983 -0.03225359693169594
v -0.2447287142276764 -0.2337750345468521 -0.0018292282475158572
v 0.24332794547080994 -0.23352161049842834 -0.012477743439376354
v 0.3127962648868561 0.3775002956390381 -0.00563226779922843
v 0.30544403195381165 -0.21983066201210022 -0.009181766770780087
v 0.31482529640197754 0.35949966311454773 -0.020844416692852974
v 0.31127649545669556 0.36406296491622925 -0.029211051762104034
v 0.30696579813957214 0.37471136450767517 -0.02414039336144924
v 0.049627047032117844 0.24287234246730804 -0.017548462375998497
v 0.30848756432533264 -0.12931832671165466 -0.004871661309152842
v 0.31127649545669556 0.26036572456359863 -0.006899949163198471
v 0.022498637437820435 -0.09686581790447235 -0.015773698687553406
v -0.28073006868362427 0.2778611183166504 -0.011717136017978191
v -0.051026832312345505 -0.5676823258399963 -0.0018292282475158572
v 0.23090514540672302 0.2449013590812683 -0.012224194593727589
v -0.23788176476955414 0.25960585474967957 -0.0030969129875302315
v 0.15459083020687103 -0.09509102255105972 -0.017548462375998497
v 0.15408377349376678 -0.22059133648872375 -0.03732417896389961
v -0.27312517166137695 0.26442378759384155 -0.007914082147181034
v 0.030104704201221466 0.3909376263618469 -0.027943506836891174
v -0.22216275334358215 -0.22464780509471893 -0.019830282777547836
v 0.2998661696910858 -0.10599306970834732 -0.012224194593727589
v 0.0836007297039032 -0.2538045346736908 -0.02008381113409996
v 0.3003734350204468 0.24895742535591125 -0.0063928766176104546
v -0.12074918299913406 0.3714151978492737 -0.052536316215991974
v -0.049505654722452164 0.3785147964954376 -0.04467681795358658
v -0.0728309229016304 0.35975226759910583 -0.0682557001709938
v 0.07498054206371307 0.24413947761058807 -0.016787854954600334
v 0.3140653967857361 0.26619821786880493 -0.015266641043126583
v -0.2586733400821686 0.2547878921031952 -0.009181766770780087
v -0.2827591001987457 -0.21450644731521606 -0.010702980682253838
v -0.26855987310409546 -0.10244346410036087 -0.013998957350850105
v -0.1767805814743042 0.3676117956638336 -0.05760709568858147
v -0.12886230647563934 0.3927120268344879 -0.021858572959899902
v -0.14432808756828308 0.36254119873046875 -0.06343835592269897
v 0.037964317947626114 0.22867511212825775 -0.02895762212574482
v -0.014010608196258545 -0.10371121019124985 -0.008928238414227962
v 0.23952452838420868 -0.07607581466436386 -0.032760657370090485
v 0.2123970240354538 -0.07480812817811966 -0.03453546017408371
v 0.27121710777282715 0.23070214688777924 -0.023126237094402313
v -0.2117689698934555 0.2329838126897812 -0.027689877897500992
v 0.30417686700820923 -0.11562737077474594 -0.008928238414227962
v -0.1392572969198227 0.24084331095218658 -0.018816126510500908
v -0.11998849362134933 0.2355201095342636 -0.02414039336144924
v 0.02224508672952652 -0.5557648539543152 -0.00994237419217825
v -0.09007128328084946 -0.5512015223503113 -0.012731271795928478
v -0.28148993849754333 0.27988818287849426 -0.02236562967300415
v -0.27185603976249695 -0.2228730022907257 -0.011717136017978191
v 0.049627047032117844 -0.09078093618154526 -0.02109796553850174
v 0.3122909963130951 0.25377538800239563 -0.018055519089102745
v 0.315079927444458 0.3217219412326813 -0.023886842653155327
v 0.2547382414340973 -0.09255573898553848 -0.018816126510500908
v 0.29733189940452576 0.2449013590812683 -0.009435315616428852
v 0.29276856780052185 -0.23022563755512238 -0.012224194593727589
v -0.2860552668571472 -0.13362842798233032 -0.013998957350850105
v 0.31457266211509705 0.3014396131038666 -0.05000102519989014
v 0.05951477959752083 0.3777529299259186 -0.045944564044475555
v 0.31026196479797363 -0.11461325734853745 -0.02692919410765171
v 0.0037369756028056145 -0.5613426566123962 -0.02845056727528572
v -0.24219244718551636 -0.08571016043424606 -0.023126237094402313
v 0.3013879656791687 0.23780174553394318 -0.018055519089102745
v -0.0728309229016304 -0.5628644227981567 -0.00563226779922843
v -0.08195815980434418 -0.5575411915779114 -0.02059088833630085
v -0.06776013970375061 -0.5636262893676758 -0.021858572959899902
v 0.3056986331939697 -0.21146389842033386 -0.021351493895053864
v -0.08804304897785187 -0.317696213722229 -0.02515452913939953
v 0.03517540544271469 -0.5403004288673401 -0.020844416692852974
v 0.2765423357486725 -0.23073269426822662 -0.01729491353034973
v -0.08702893555164337 -0.3098367154598236 -0.03732417896389961
v -0.1610613912343979 0.23526547849178314 -0.02414039336144924
v 0.3092474639415741 0.37800753116607666 -0.01425248570740223
v -0.04747723042964935 0.2091526985168457 -0.04239495471119881
v -0.012996293604373932 0.21827933192253113 -0.036310065537691116
v 0.2937811017036438 -0.09534445405006409 -0.01780199259519577
v 0.057233117520809174 -0.2791586220264435 -0.04112721234560013
v 0.28668349981307983 -0.08520309627056122 -0.02414039336144924
v 0.24434246122837067 -0.20182959735393524 -0.05988895148038864
v 0.26639917492866516 -0.21754878759384155 -0.03884555399417877
v 0.0866432711482048 -0.24670551717281342 -0.029211051762104034
v -0.2614622414112091 -0.092302106320858 -0.019323205575346947
v -0.26729270815849304 0.25402799248695374 -0.013745407573878765
v 0.24662412703037262 0.3729369640350342 -0.04239495471119881
v 0.30392423272132874 0.24185781180858612 -0.015520170331001282
v -0.2852933704853058 -0.11892334371805191 -0.02464745007455349
v 0.06230369582772255 -0.09002024680376053 -0.020844416692852974
v 0.09399572014808655 -0.083428293466568 -0.026675760746002197
v -0.25309547781944275 -0.07075154781341553 -0.035549577325582504
v -0.25284087657928467 -0.0824141800403595 -0.025915076956152916
v -0.2784484028816223 0.2667054533958435 -0.014759562909603119
v 0.1363363415002823 0.22461706399917603 -0.03174654021859169
v 0.10134835541248322 0.2436322420835495 -0.015520170331001282
v -0.13114416599273682 0.2327311784029007 -0.026675760746002197
v -0.26982900500297546 0.24439409375190735 -0.02414039336144924
v 0.02680874615907669 -0.5517087578773499 -0.01729491353034973
v 0.018949130550026894 -0.5575411915779114 -0.02566164918243885
v -0.08931059390306473 -0.548412561416626 -0.036310065537691116
v 0.30088070034980774 0.3835853934288025 -0.01780199259519577
v -0.2802228033542633 -0.11207795888185501 -0.017041385173797607
v -0.27971553802490234 0.2573241889476776 -0.0261687058955431
v -0.04671674221754074 -0.5666678547859192 -0.028703995048999786
v -0.27616673707962036 0.2436322420835495 -0.030732227489352226
v -0.2586733400821686 -0.2200842797756195 -0.023379787802696228
v -0.27363044023513794 -0.2162812501192093 -0.02109796553850174
v -0.09412795305252075 -0.5390332937240601 -0.030732227489352226
v -0.2845335006713867 -0.19802656769752502 -0.03022516705095768
v 0.04607744514942169 -0.05503233149647713 -0.0474657341837883
v 0.025287533178925514 -0.050468672066926956 -0.04949396848678589
v 0.011089514940977097 -0.06872327625751495 -0.03859192132949829
v 0.26310497522354126 0.22056099772453308 -0.031999967992305756
v 0.2937811017036438 0.38307812809944153 -0.023379787802696228
v -0.25918057560920715 0.225124329328537 -0.03504251688718796
v -0.22038835287094116 0.20585650205612183 -0.04670505225658417
v 0.30366960167884827 -0.10244346410036087 -0.020844416692852974
v 0.3140653967857361 0.3508782684803009 -0.0335211455821991
v 0.07650171965360641 -0.2548186480998993 -0.03149291127920151
v -0.27464497089385986 -0.10142934322357178 -0.020337359979748726
v 0.276794970035553 -0.07379397749900818 -0.0335211455821991
v -0.2754068374633789 0.37800753116607666 -0.025915076956152916
v -0.266532838344574 0.386374294757843 -0.023633314296603203
v -0.018320700153708458 -0.055539391934871674 -0.0474657341837883
v -0.06167524680495262 -0.07252631336450577 -0.035549577325582504
v -0.059900447726249695 -0.09661220014095306 -0.016280777752399445
v -0.28554800152778625 -0.14909417927265167 -0.03859192132949829
v 0.23648296296596527 0.22056099772453308 -0.032760657370090485
v -0.28123730421066284 0.2930728495121002 -0.056085918098688126
v 0.29783913493156433 -0.21653467416763306 -0.03098585642874241
v 0.30975469946861267 0.24109794199466705 -0.022112101316452026
v 0.20073428750038147 -0.2162812501192093 -0.04112721234560013
v 0.31457266211509705 0.2636619210243225 -0.03985966742038727
v 0.1966778188943863 0.21903923153877258 -0.03504251688718796
v 0.0519087128341198 -0.2974119186401367 -0.026675760746002197
v -0.28098469972610474 0.26746535301208496 -0.02414039336144924
v 0.17538079619407654 0.2248716801404953 -0.030732227489352226
v -0.2845335006713867 -0.11258501559495926 -0.02515452913939953
v 0.2874433696269989 -0.2132387012243271 -0.04290201514959335
v 0.31482529640197754 0.33465200662612915 -0.047719165682792664
v -0.2781957685947418 0.3729369640350342 -0.025915076956152916
v 0.2983464002609253 -0.09002024680376053 -0.02566164918243885
v 0.09830580651760101 -0.22870445251464844 -0.047719165682792664
v 0.11782803386449814 -0.22338005900382996 -0.04112721234560013
v 0.1152927428483963 -0.23352161049842834 -0.02566164918243885
v -0.2802228033542633 0.35975226759910583 -0.036310065537691116
v -0.2680526077747345 -0.09078093618154526 -0.02515452913939953
v -0.21100708842277527 0.35924503207206726 -0.06673433631658554
v -0.24675574898719788 0.37014803290367126 -0.052029259502887726
v -0.23788176476955414 0.3775002956390381 -0.043155644088983536
v -0.07257729023694992 0.225124329328537 -0.030732227489352226
v 0.034668345004320145 -0.5428347587585449 -0.0335211455821991
v -0.28148993849754333 0.34073710441589355 -0.03935261070728302
v 0.30392423272132874 0.2266460806131363 -0.028703995048999786
v -0.20771288871765137 0.33794817328453064 -0.08980616927146912
v -0.12987641990184784 -0.23453572392463684 -0.02819693833589554
v 0.04252804070711136 -0.5190036296844482 -0.061663754284381866
v -0.27616673707962036 -0.20943565666675568 -0.02895762212574482
v -0.07714100927114487 -0.5590609908103943 -0.036817122250795364
v -0.06623896211385727 -0.5615972280502319 -0.047212108969688416
v 0.10464433580636978 -0.06720203906297684 -0.040366727858781815
v 0.10489775985479355 -0.07785055786371231 -0.02819693833589554
v 0.13937869668006897 -0.0788646936416626 -0.03174654021859169
v -0.037335868924856186 -0.5666678547859192 -0.02515452913939953
v 0.3062058985233307 -0.20208323001861572 -0.03326771408319473
v -0.2847861349582672 -0.16810935735702515 -0.06242424249649048
v -0.2850407660007477 -0.17875777184963226 -0.05177582800388336
v -0.08880353718996048 -0.348626971244812 -0.027689877897500992
v 0.3013879656791687 0.37521862983703613 -0.030732227489352226
v -0.2804774343967438 -0.10066886246204376 -0.027436450123786926
v -0.13469357788562775 0.19824965298175812 -0.050508081912994385
v -0.1232844665646553 0.2012932002544403 -0.04822622239589691
v 0.15230897068977356 0.18531957268714905 -0.055325232446193695
v 0.050387535244226456 -0.32530108094215393 -0.0641990453004837
v 0.3079802989959717 -0.10244346410036087 -0.029211051762104034
v -0.28148993849754333 0.26569095253944397 -0.07003030180931091
v -0.28250446915626526 0.2996652126312256 -0.09158096462488174
v -0.28225183486938477 0.2872404158115387 -0.10425780713558197
v 0.05900772660970688 0.22360454499721527 -0.0335211455821991
v 0.052669402211904526 0.19039015471935272 -0.053297001868486404
v -0.1597936451435089 -0.22464780509471893 -0.025915076956152916
v -0.1818513572216034 -0.21273164451122284 -0.04087378457188606
v -0.017560014501214027 -0.5628644227981567 -0.036563690751791
v -0.27185603976249695 0.2327311784029007 -0.035549577325582504
v 0.24966765940189362 -0.07252631336450577 -0.03504251688718796
v 0.2917540371417999 -0.0788646936416626 -0.03123948536813259
v -0.2510664463043213 -0.20968928933143616 -0.040366727858781815
v 0.24256806075572968 0.33313024044036865 -0.08955273032188416
v 0.21315771341323853 0.33642640709877014 -0.08727087825536728
v -0.26830723881721497 -0.0788646936416626 -0.03529594838619232
v 0.3127962648868561 0.24033604562282562 -0.03123948536813259
v -0.21861395239830017 -0.06339900195598602 -0.04112721234560013
v -0.22824785113334656 -0.05908890441060066 -0.04391612857580185
v 0.3107692301273346 0.35823050141334534 -0.04087378457188606
v 0.3013879656791687 0.36583736538887024 -0.0434090718626976
v -0.2650110423564911 0.3777529299259186 -0.036310065537691116
v 0.3016425669193268 0.20357483625411987 -0.04467681795358658
v 0.3059512674808502 0.21498316526412964 -0.039606038480997086
v -0.18768322467803955 0.21827933192253113 -0.03808486461639404
v -0.28427886962890625 -0.10092228651046753 -0.03580300509929657
v 0.023766320198774338 -0.5542449951171875 -0.03301408514380455
v 0.039485495537519455 -0.5304118990898132 -0.04062015563249588
v 0.31482529640197754 0.3240036070346832 -0.06039601191878319
v 0.31457266211509705 0.3133551776409149 -0.07307285070419312
v -0.28554800152778625 -0.11613442748785019 -0.03580300509929657
v -0.041392337530851364 -0.5651460289955139 -0.047719165682792664
v 0.28161290287971497 0.3754712641239166 -0.03707074746489525
v -0.28123730421066284 0.25859132409095764 -0.036563690751791
v 0.3018952012062073 -0.08317486941814423 -0.03428183123469353
v 0.15332308411598206 -0.07962526381015778 -0.030732227489352226
v -0.08677530288696289 -0.2986810803413391 -0.041634272783994675
v -0.09894509613513947 -0.2606506943702698 -0.03859192132949829
v 0.009314771741628647 -0.5603300929069519 -0.03504251688718796
v 0.08993925154209137 0.19165728986263275 -0.053297001868486404
v 0.12416655570268631 0.20509465038776398 -0.044423189014196396
v -0.09869146347045898 -0.06821619719266891 -0.03859192132949829
v -0.2726179361343384 0.37014803290367126 -0.03935261070728302
v -0.28427886962890625 -0.08875270187854767 -0.04619799181818962
v -0.09412795305252075 -0.5311717987060547 -0.04087378457188606
v -0.12784819304943085 -0.05503233149647713 -0.0474657341837883
v -0.1461026817560196 -0.22084477543830872 -0.036310065537691116
v -0.12683407962322235 -0.22743670642375946 -0.039606038480997086
v 0.2920067012310028 0.18050162494182587 -0.05481817573308945
v 0.3056986331939697 0.19165728986263275 -0.05380405858159065
v -0.25588440895080566 -0.05782122537493706 -0.04391612857580185
v 0.31000733375549316 -0.1021900326013565 -0.03909898176789284
v -0.105537049472332 -0.22236594557762146 -0.06800207495689392
v -0.10350862145423889 -0.23833876848220825 -0.0543111152946949
v 0.30975469946861267 0.2266460806131363 -0.03529594838619232
v -0.2847861349582672 -0.18915274739265442 -0.04087378457188606
v -0.270841509103775 -0.2010689228773117 -0.045183874666690826
v 0.014131948351860046 0.37014803290367126 -0.05710003525018692
v 0.028329961001873016 -0.5509488582611084 -0.040366727858781815
v 0.28972503542900085 0.35924503207206726 -0.05760709568858147
v 0.2970772981643677 -0.07227276265621185 -0.038338493555784225
v 0.11909577250480652 -0.051989905536174774 -0.05025465413928032
v 0.1419139802455902 -0.04666563868522644 -0.052536316215991974
v -0.08677530288696289 -0.3149072825908661 -0.03808486461639404
v -0.08550757169723511 -0.3240339457988739 -0.0543111152946949
v 0.30544403195381165 -0.07759702950716019 -0.04290201514959335
v 0.3107692301273346 -0.08976681530475616 -0.04974759742617607
v 0.053176458925008774 -0.2882852852344513 -0.050508081912994385
v -0.08829648047685623 -0.5451164245605469 -0.05633934959769249
v -0.09108540415763855 -0.5430893898010254 -0.045183874666690826
v 0.23623032867908478 -0.054018180817365646 -0.0474657341837883
v 0.26792094111442566 -0.04210199788212776 -0.053297001868486404
v 0.2577797770500183 0.1891229897737503 -0.05101514235138893
v -0.2536027431488037 0.3635557293891907 -0.05938189476728439
v -0.26399654150009155 0.3716678321361542 -0.04543730616569519
v -0.09438137710094452 -0.2388458251953125 -0.0702839344739914
v -0.09133902937173843 -0.2619178593158722 -0.056085918098688126
v -0.25512251257896423 -0.20385783910751343 -0.047719165682792664
v 0.058500662446022034 0.34682220220565796 -0.08321420848369598
v 0.05900772660970688 0.3577232360839844 -0.07079099118709564
v 0.09146042913198471 0.35214540362358093 -0.07560814172029495
v 0.2998661696910858 -0.20766085386276245 -0.04087378457188606
v -0.28148993849754333 0.24185781180858612 -0.04974759742617607
v -0.2781957685947418 0.2345055788755417 -0.041634272783994675
v -0.26120761036872864 -0.06568082422018051 -0.04011309891939163
v 0.06255732476711273 -0.06035657972097397 -0.04391612857580185
v 0.07929063588380814 -0.024607982486486435 -0.06293129920959473
v 0.20681919157505035 0.19317905604839325 -0.051268771290779114
v 0.3143180310726166 0.2370418757200241 -0.04188790172338486
v -0.2787010371685028 -0.1942235380411148 -0.04695868119597435
v 0.30671316385269165 -0.19346284866333008 -0.04391612857580185
v -0.0827188491821289 -0.28600361943244934 -0.07383333891630173
v -0.08626824617385864 -0.28600361943244934 -0.052789945155382156
v -0.06497121602296829 0.19292645156383514 -0.05228288844227791
v -0.04849134385585785 0.18582682311534882 -0.05557886138558388
v 0.01996326632797718 -0.5562720894813538 -0.04949396848678589
v -0.27489960193634033 0.22259001433849335 -0.04569093510508537
v -0.26222214102745056 0.21067246794700623 -0.04543730616569519
v -0.10579048097133636 0.19419358670711517 -0.052536316215991974
v -0.22064298391342163 -0.1835751086473465 -0.07484766095876694
v 0.00449758255854249 0.18861573934555054 -0.0543111152946949
v -0.14052484929561615 -0.21070340275764465 -0.052536316215991974
v -0.11669252812862396 -0.2122245877981186 -0.06622727960348129
v 0.10591188073158264 -0.22059133648872375 -0.05355062708258629
v 0.31026196479797363 0.347582072019577 -0.053297001868486404
v -0.08500050753355026 -0.2986810803413391 -0.052536316215991974
v 0.18780402839183807 -0.1706446409225464 -0.09513036906719208
v 0.23014524579048157 -0.16734866797924042 -0.09639811515808105
v -0.08145110309123993 -0.5550049543380737 -0.04391612857580185
v -0.08626824617385864 -0.3116111159324646 -0.04239495471119881
v 0.03618951886892319 -0.541314959526062 -0.044423189014196396
v 0.30975469946861267 -0.07734347879886627 -0.05101514235138893
v -0.2863079011440277 -0.13819213211536407 -0.07155168056488037
v 0.3062058985233307 -0.18382854759693146 -0.056085918098688126
v 0.30848756432533264 -0.17216582596302032 -0.055325232446193695
v 0.3127962648868561 0.223349928855896 -0.04467681795358658
v -0.2852933704853058 -0.0991474837064743 -0.06876275688409805
v -0.28098469972610474 -0.07556873559951782 -0.047719165682792664
v -0.28148993849754333 -0.0631454735994339 -0.05760709568858147
v 0.22482004761695862 0.20256033539772034 -0.04543730616569519
v -0.2769266366958618 0.36101943254470825 -0.04543730616569519
v -0.1065511703491211 -0.02714347094297409 -0.06293129920959473
v -0.11365017294883728 -0.037031203508377075 -0.05760709568858147
v -0.07714100927114487 -0.059595976024866104 -0.044423189014196396
v -0.2769266366958618 -0.05021514371037483 -0.060142580419778824
v -0.09032491594552994 0.15540334582328796 -0.0692698210477829
v -0.05559035390615463 0.1718822419643402 -0.06242424249649048
v -0.2766740024089813 0.35315993428230286 -0.05760709568858147
v -0.2802228033542633 0.34225887060165405 -0.061663754284381866
v 0.17233824729919434 0.3382028043270111 -0.08727087825536728
v 0.1312655657529831 0.33921530842781067 -0.08752430230379105
v 0.12492703646421432 0.3676117956638336 -0.05557886138558388
v 0.07498054206371307 0.18430505692958832 -0.05633934959769249
v -0.18337252736091614 -0.05477878451347351 -0.04670505225658417
v -0.03885704651474953 -0.04615858197212219 -0.052029259502887726
v -0.00031960770138539374 -0.03170699253678322 -0.05988895148038864
v 0.1875505894422531 -0.03677777200937271 -0.05710003525018692
v 0.22456741333007812 -0.03398885205388069 -0.05786072462797165
v 0.30088070034980774 -0.06517376750707626 -0.04670505225658417
v 0.2765423357486725 -0.20664674043655396 -0.05355062708258629
v 0.12746252119541168 0.1566704958677292 -0.06850913166999817
v 0.07244525104761124 -0.2388458251953125 -0.07307285070419312
v 0.0945027768611908 -0.2190699726343155 -0.06698796153068542
v -0.16030070185661316 -0.02384749799966812 -0.06318493187427521
v -0.13063710927963257 -0.019283773377537727 -0.06470610201358795
v 0.30975469946861267 -0.10396483540534973 -0.07535471767187119
v 0.29124683141708374 -0.06111718714237213 -0.0434090718626976
v -0.2852933704853058 -0.15796799957752228 -0.07307285070419312
v -0.007165029179304838 0.008351577445864677 -0.07383333891630173
v 0.04531695693731308 -0.0319606214761734 -0.05912826955318451
v 0.27273890376091003 0.3635557293891907 -0.054057687520980835
v 0.04303509742021561 0.3605121672153473 -0.06850913166999817
v -0.08626824617385864 0.33439937233924866 -0.09538400173187256
v 0.315079927444458 0.29687628149986267 -0.07560814172029495
v 0.31330353021621704 0.3100590109825134 -0.08346784114837646
v -0.2553771436214447 -0.04083431512117386 -0.054057687520980835
v 0.17107069492340088 -0.05249696597456932 -0.04898690804839134
v -0.24396686255931854 -0.19777293503284454 -0.056846607476472855
v 0.31026196479797363 0.2091526985168457 -0.04822622239589691
v 0.025033986195921898 -0.5529758930206299 -0.05633934959769249
v 0.03669657185673714 -0.5415676236152649 -0.056846607476472855
v 0.3011353313922882 0.35645610094070435 -0.05583228915929794
v 0.30214783549308777 -0.19904068112373352 -0.049240536987781525
v 0.31305089592933655 0.3359191417694092 -0.05760709568858147
v 0.29099220037460327 -0.2061396837234497 -0.05101514235138893
v 0.09729168564081192 -0.00812810193747282 -0.0692698210477829
v 0.20022723078727722 0.34859660267829895 -0.07484766095876694
v -0.270841509103775 0.35315993428230286 -0.06445267051458359
v 0.05951477959752083 -0.2697773575782776 -0.05380405858159065
v 0.2641175091266632 -0.00660692946985364 -0.06749501824378967
v 0.1043907031416893 0.16351547837257385 -0.06572022289037704
v -0.28148993849754333 0.23602734506130219 -0.050508081912994385
v 0.03390773758292198 -0.544863760471344 -0.07180510461330414
v 0.03973912075161934 -0.5354825258255005 -0.06572022289037704
v -0.28148993849754333 0.3196929097175598 -0.05304357036948204
v -0.14762385189533234 -0.20259028673171997 -0.05912826955318451
v 0.2965700328350067 -0.05275051295757294 -0.050508081912994385
v 0.023259244859218597 0.13182367384433746 -0.07586177438497543
v -0.08500050753355026 -0.5509488582611084 -0.052029259502887726
v 0.31330353021621704 0.2073782980442047 -0.05760709568858147
v -0.005390305537730455 -0.5603300929069519 -0.06191718578338623
v -0.27439233660697937 -0.19346284866333008 -0.052536316215991974
v -0.07739444077014923 -0.5557648539543152 -0.0583677813410759
v 0.2902323007583618 -0.03779188543558121 -0.055325232446193695
v -0.26399654150009155 -0.19067391753196716 -0.06242424249649048
v -0.14356739819049835 0.15007814764976501 -0.07155168056488037
v -0.13367946445941925 0.16326285898685455 -0.06698796153068542
v -0.1539623737335205 0.18100889027118683 -0.05912826955318451
v 0.3143180310726166 0.22106826305389404 -0.05557886138558388
v 0.3110218644142151 0.19317905604839325 -0.06064964085817337
v -0.2774338722229004 0.2111797332763672 -0.05633934959769249
v -0.2802228033542633 0.22233539819717407 -0.05304357036948204
v 0.30214783549308777 0.1797417402267456 -0.05786072462797165
v 0.24130091071128845 0.18253064155578613 -0.055325232446193695
v -0.11593203246593475 -0.201322540640831 -0.07763637602329254
v -0.14686337113380432 -0.18129326403141022 -0.08194666355848312
v -0.2845335006713867 -0.07582226395606995 -0.05633934959769249
v -0.28554800152778625 -0.07556873559951782 -0.06698796153068542
v 0.30696579813957214 -0.06466668844223022 -0.053297001868486404
v 0.30240246653556824 -0.048186853528022766 -0.056846607476472855
v -0.2819972038269043 0.23830901086330414 -0.061663754284381866
v 0.30341699719429016 -0.18889932334423065 -0.05887483432888985
v -0.20340222120285034 0.168840691447258 -0.0652131587266922
v -0.17069567739963531 0.18861573934555054 -0.056085918098688126
v -0.041138906031847 -0.0073676141910254955 -0.06977687776088715
v -0.059900447726249695 -0.014466626569628716 -0.06622727960348129
v -0.07992992550134659 -0.4125174283981323 -0.16561342775821686
v -0.0847470834851265 -0.4870583117008209 -0.14964060485363007
v -0.2863079011440277 -0.12526187300682068 -0.08245372027158737
v 0.2752731740474701 -0.1856033354997635 -0.07865068316459656
v -0.09209951758384705 -0.5255939364433289 -0.07231216877698898
v 0.010835985653102398 -0.5588083267211914 -0.05862120911478996
v 0.2932758331298828 -0.19802656769752502 -0.05988895148038864
v -0.23484019935131073 0.34834396839141846 -0.07890411466360092
v -0.2523336410522461 0.3541744351387024 -0.07104462385177612
v -0.28148993849754333 0.33110320568084717 -0.06293129920959473
v 0.31152912974357605 -0.07759702950716019 -0.060903068631887436
v -0.08905716985464096 -0.49618497490882874 -0.10425780713558197
v 0.0519087128341198 -0.33772391080856323 -0.09082027524709702
v 0.0559653714299202 -0.29969358444213867 -0.11338505148887634
v -0.12049555033445358 0.16402274370193481 -0.06622727960348129
v -0.002347877947613597 0.3559488356113434 -0.07408697158098221
v 0.3135581612586975 0.24033604562282562 -0.09158096462488174
v -0.26678547263145447 0.19926415383815765 -0.05481817573308945
v -0.2799701690673828 0.20027866959571838 -0.06698796153068542
v -0.27185603976249695 0.18709397315979004 -0.06343835592269897
v 0.30975469946861267 -0.06086365133523941 -0.06242424249649048
v -0.20695102214813232 -0.030946506187319756 -0.05938189476728439
v -0.2787010371685028 0.19089742004871368 -0.0692698210477829
v -0.28123730421066284 0.21270149946212769 -0.06495973467826843
v 0.1152927428483963 -0.20309734344482422 -0.07155168056488037
v 0.2998661696910858 -0.03956668823957443 -0.05862120911478996
v -0.02998323179781437 -0.010663592256605625 -0.0682557001709938
v 0.06636036187410355 0.16250096261501312 -0.06597384810447693
v -0.06928131729364395 -0.5588083267211914 -0.06242424249649048
v -0.08956422656774521 -0.5385260581970215 -0.0702839344739914
v 0.19008588790893555 0.3572179973125458 -0.06546679139137268
v -0.26298201084136963 0.18709397315979004 -0.05912826955318451
v -0.24802491068840027 0.1767001748085022 -0.061410125344991684
v 0.2856689691543579 -0.027903961017727852 -0.05963532626628876
v 0.1647321879863739 -0.017255544662475586 -0.06572022289037704
v 0.1411534994840622 -0.022579751908779144 -0.06445267051458359
v 0.07041682302951813 -0.24797306954860687 -0.06064964085817337
v -0.2196284681558609 0.1751784235239029 -0.06242424249649048
v 0.19972017407417297 -0.008888790383934975 -0.06850913166999817
v -0.2819972038269043 0.23019489645957947 -0.09665174782276154
v -0.28250446915626526 0.2588459551334381 -0.10679309815168381
v -0.28250446915626526 0.24870280921459198 -0.13113248348236084
v -0.26120761036872864 -0.031453561037778854 -0.05963532626628876
v 0.29758453369140625 0.16402274370193481 -0.06293129920959473
v -0.23712186515331268 -0.013452510349452496 -0.06698796153068542
v -0.2523336410522461 -0.015227111056447029 -0.06572022289037704
v -0.2792082726955414 -0.03753826022148132 -0.06850913166999817
v -0.2817445695400238 -0.045651502907276154 -0.06749501824378967
v 0.2532164752483368 0.1412041336297989 -0.07053736597299576
v 0.3003734350204468 0.3465675711631775 -0.06774864345788956
v -0.1283552497625351 0.3288215398788452 -0.09944046288728714
v 0.2235528975725174 -0.0038180111441761255 -0.06977687776088715
v -0.08550757169723511 -0.2606506943702698 -0.07535471767187119
v 0.05951477959752083 -0.26572129130363464 -0.0652131587266922
v 0.2953028976917267 -0.02435455471277237 -0.06242424249649048
v -0.27971553802490234 -0.17520837485790253 -0.06774864345788956
v 0.05368351191282272 0.006830400321632624 -0.07383333891630173
v 0.05571174621582031 0.045367803424596786 -0.08194666355848312
v 0.29276856780052185 0.34580767154693604 -0.07307285070419312
v 0.27882400155067444 0.347582072019577 -0.07307285070419312
v -0.014771096408367157 0.17162960767745972 -0.06242424249649048
v -0.08043698966503143 -0.5509488582611084 -0.07307285070419312
v 0.31000733375549316 -0.03931305930018425 -0.07332628220319748
v -0.28098469972610474 0.32527074217796326 -0.07636883109807968
v -0.2817445695400238 0.3179185092449188 -0.07763637602329254
v 0.3082329332828522 -0.023340437561273575 -0.07484766095876694
v -0.26729270815849304 -0.02612915448844433 -0.06572022289037704
v 0.30392423272132874 -0.1792648285627365 -0.07079099118709564
v -0.07764806598424911 -0.3364567756652832 -0.14710530638694763
v 0.3127962648868561 0.17771270871162415 -0.07180510461330414
v 0.3140653967857361 0.19191192090511322 -0.07003030180931091
v 0.05621900409460068 -0.2743406593799591 -0.09867997467517853
v 0.31000733375549316 0.3369336724281311 -0.06622727960348129
v -0.2845335006713867 -0.05934244021773338 -0.06648090481758118
v -0.2568969428539276 -0.17774365842342377 -0.07839706540107727
v -0.15142688155174255 0.08973666280508041 -0.08270715177059174
v -0.124298594892025 0.08669432252645493 -0.08270715177059174
v -0.12784819304943085 0.13917610049247742 -0.07434039562940598
v -0.07181680202484131 0.1323307305574417 -0.0761152058839798
v -0.04570242762565613 0.13486602902412415 -0.07484766095876694
v 0.31482529640197754 0.20534923672676086 -0.0682557001709938
v -0.06699945032596588 -0.55804842710495 -0.07256579399108887
v 0.06357143819332123 -0.25101563334465027 -0.07865068316459656
v -0.13444013893604279 0.03319821134209633 -0.07966480404138565
v -0.14280670881271362 0.00961932260543108 -0.07484766095876694
v -0.09488844126462936 -0.004578696098178625 -0.0702839344739914
v 0.30671316385269165 0.16782617568969727 -0.06648090481758118
v 0.2917540371417999 -0.014720055274665356 -0.06546679139137268
v 0.3064585328102112 -0.011677708476781845 -0.07586177438497543
v 0.2922613024711609 0.14424768090248108 -0.0692698210477829
v 0.3031623661518097 0.15083804726600647 -0.07079099118709564
v 0.02097742259502411 -0.5537377595901489 -0.07307285070419312
v 0.2953028976917267 -0.1883922666311264 -0.0702839344739914
v -0.27616673707962036 0.17568567395210266 -0.07281922549009323
v -0.17018863558769226 0.1475418657064438 -0.07256579399108887
v 0.23191966116428375 0.1612338125705719 -0.06546679139137268
v -0.023391278460621834 0.15616323053836823 -0.06800207495689392
v 0.21696053445339203 0.1536269634962082 -0.0682557001709938
v -0.14965227246284485 0.33262497186660767 -0.09513036906719208
v -0.04418125003576279 -0.5633716583251953 -0.06293129920959473
v 0.31305089592933655 0.32527074217796326 -0.07003030180931091
v 0.04810567572712898 0.3559488356113434 -0.07332628220319748
v 0.3082329332828522 -0.16810935735702515 -0.06698796153068542
v 0.06534624099731445 0.00961932260543108 -0.07459402829408646
v -0.2353474646806717 0.12903475761413574 -0.07738295197486877
v 0.31152912974357605 -0.06466668844223022 -0.07231216877698898
v 0.15078778564929962 0.14931826293468475 -0.07104462385177612
v 0.1738596260547638 0.1353730708360672 -0.07408697158098221
v -0.2792082726955414 -0.017255544662475586 -0.07814343273639679
v -0.2784484028816223 0.33794817328453064 -0.07256579399108887
v -0.17956949770450592 0.1176256388425827 -0.0791577473282814
v -0.2799701690673828 0.2874950170516968 -0.11414553970098495
v -0.28148993849754333 0.2730431854724884 -0.11693445593118668
v 0.2970772981643677 0.000492079823743552 -0.07180510461330414
v -0.1947808414697647 -0.01091702003031969 -0.06774864345788956
v 0.16447876393795013 0.020014306530356407 -0.07687588781118393
v -0.2662782073020935 0.16326285898685455 -0.07079099118709564
v -0.2556297779083252 0.16326285898685455 -0.06774864345788956
v -0.16030070185661316 0.0017596246907487512 -0.07231216877698898
v 0.12112400680780411 0.13004887104034424 -0.0761152058839798
v -0.264251172542572 0.00961932260543108 -0.0761152058839798
v -0.2574041783809662 -0.0012827215250581503 -0.07129804790019989
v -0.22089560329914093 0.020521368831396103 -0.0771293193101883
v 0.22862347960472107 0.14957089722156525 -0.0692698210477829
v -0.2819972038269043 0.20433473587036133 -0.07662226259708405
v -0.08043698966503143 -0.26090335845947266 -0.09487693756818771
v -0.07891581207513809 -0.2761150896549225 -0.10755378752946854
v 0.042781468480825424 -0.5263558626174927 -0.07459402829408646
v 0.30519139766693115 0.3374409079551697 -0.07307285070419312
v 0.05951477959752083 -0.3397529423236847 -0.17930437624454498
v 0.008554164320230484 0.05525572970509529 -0.08245372027158737
v -0.022377165034413338 0.038522422313690186 -0.08093234896659851
v -0.28123730421066284 -0.1655740588903427 -0.07636883109807968
v 0.3092474639415741 -0.12779715657234192 -0.10248300433158875
v 0.30874019861221313 -0.11664148420095444 -0.11414553970098495
v 0.31127649545669556 -0.04159491881728172 -0.0958910584449768
v 0.30975469946861267 0.3262852728366852 -0.07839706540107727
v 0.30874019861221313 0.3151295781135559 -0.09031321853399277
v 0.23521581292152405 0.1145830973982811 -0.0771293193101883
v 0.24789127707481384 0.11280850321054459 -0.0771293193101883
v -0.28554800152778625 -0.05756768211722374 -0.07687588781118393
v 0.289472371339798 0.13207709789276123 -0.07256579399108887
v 0.29733189940452576 0.11204781383275986 -0.07839706540107727
v 0.29885366559028625 0.12497809529304504 -0.07636883109807968
v -0.28098469972610474 -0.024607982486486435 -0.07763637602329254
v -0.2863079011440277 -0.08875270187854767 -0.1019759476184845
v -0.28580063581466675 -0.04970806464552879 -0.08727087825536728
v 0.12416655570268631 -0.184589222073555 -0.08904547989368439
v 0.1469847559928894 -0.17191238701343536 -0.09563742578029633
v 0.20960810780525208 0.11813269555568695 -0.0771293193101883
v -0.043420761823654175 0.01900019310414791 -0.07687588781118393
v -0.05964701622724533 0.011140499264001846 -0.07560814172029495
v -0.27008163928985596 0.34251150488853455 -0.07636883109807968
v 0.31000733375549316 -0.0012827215250581503 -0.08422832936048508
v 0.3016425669193268 0.14348579943180084 -0.07231216877698898
v 0.31127649545669556 0.16402274370193481 -0.07434039562940598
v -0.09640961140394211 0.08415883034467697 -0.08346784114837646
v -0.06953494250774384 0.10697703063488007 -0.08067891746759415
v -0.2634892761707306 0.15134529769420624 -0.07408697158098221
v -0.19275379180908203 0.12066799402236938 -0.07941117137670517
v -0.2835189700126648 -0.037031203508377075 -0.07687588781118393
v -0.08931059390306473 0.04511437192559242 -0.08169303834438324
v 0.08005132526159286 0.11027301102876663 -0.0801718607544899
v 0.09602394700050354 0.12776701152324677 -0.0761152058839798
v 0.07421985268592834 0.14779649674892426 -0.07129804790019989
v 0.2714717388153076 0.00961932260543108 -0.07155168056488037
v -0.08677530288696289 -0.5420748591423035 -0.07941117137670517
v -0.010207575745880604 -0.5537377595901489 -0.10400418192148209
v -0.04519536346197128 -0.5588083267211914 -0.08853842318058014
v 0.29454296827316284 0.010887066833674908 -0.07357991486787796
v 0.29581010341644287 -0.17901140451431274 -0.0801718607544899
v -0.19224654138088226 0.024578029289841652 -0.07789000868797302
v 0.3082329332828522 0.1356266885995865 -0.0791577473282814
v -0.08449345082044601 0.018239503726363182 -0.07687588781118393
v 0.30671316385269165 0.1254851520061493 -0.08093234896659851
v -0.053055066615343094 0.34251150488853455 -0.08727087825536728
v 0.10667255520820618 0.051452696323394775 -0.08194666355848312
v 0.06838858872652054 0.04764965921640396 -0.08194666355848312
v 0.10667255520820618 0.33794817328453064 -0.09031321853399277
v 0.04683813452720642 0.35442906618118286 -0.07560814172029495
v -0.26729270815849304 0.33439937233924866 -0.0870172455906868
v 0.037964317947626114 -0.539538562297821 -0.0801718607544899
v -0.016799526289105415 0.1264994591474533 -0.07687588781118393
v 0.3046841323375702 -0.1676023006439209 -0.0811859741806984
v -0.2787010371685028 0.15210716426372528 -0.08473538607358932
v -0.12074918299913406 -0.1805325746536255 -0.09360919892787933
v 0.0508945994079113 0.35366716980934143 -0.0761152058839798
v -0.2723633050918579 -0.16430631279945374 -0.08574970066547394
v 0.3138107657432556 0.16199372708797455 -0.08397489786148071
v -0.2817445695400238 0.1893756240606308 -0.07839706540107727
v 0.22608718276023865 0.03269115462899208 -0.07789000868797302
v 0.29149943590164185 0.023563716560602188 -0.07586177438497543
v -0.26044774055480957 0.02432439662516117 -0.07789000868797302
v 0.08284024149179459 -0.1873781532049179 -0.1237800344824791
v 0.10489775985479355 -0.17875777184963226 -0.10679309815168381
v 0.10413727164268494 -0.1894063800573349 -0.09563742578029633
v -0.26704007387161255 -0.0005220368038862944 -0.07484766095876694
v 0.3029097318649292 0.011394123546779156 -0.07814343273639679
v -0.27768850326538086 0.13968238234519958 -0.0870172455906868
v -0.2617148756980896 0.1384156197309494 -0.0771293193101883
v 0.24890579283237457 0.0463821142911911 -0.07966480404138565
v 0.28490909934043884 0.0859336331486702 -0.07941117137670517
v 0.2965700328350067 0.09911753237247467 -0.07991823554039001
v 0.06205027177929878 -0.24543777108192444 -0.10020115226507187
v 0.07421985268592834 -0.2289578914642334 -0.08549607545137405
v 0.19794537127017975 0.04359319433569908 -0.07991823554039001
v -0.2865625321865082 -0.11562737077474594 -0.09310213476419449
v 0.026048140600323677 -0.5506942272186279 -0.08042529225349426
v 0.3074730634689331 -0.16050328314304352 -0.08042529225349426
v -0.2819972038269043 -0.003310954896733165 -0.08625675737857819
v -0.1717097908258438 0.044353682547807693 -0.08169303834438324
v -0.08804304897785187 -0.5349752306938171 -0.09284871071577072
v 0.17791609466075897 0.017732447013258934 -0.0761152058839798
v 0.28820326924324036 0.04283251240849495 -0.07865068316459656
v -0.2566443085670471 0.037001244723796844 -0.07991823554039001
v -0.21100708842277527 0.0572841577231884 -0.08194666355848312
v -0.07536620646715164 -0.5527232885360718 -0.08093234896659851
v -0.07561983168125153 0.043846625834703445 -0.08169303834438324
v 0.16828179359436035 0.0859336331486702 -0.08194666355848312
v 0.287697970867157 0.33921530842781067 -0.08143940567970276
v 0.3001208007335663 0.02863449603319168 -0.07966480404138565
v -0.2852933704853058 -0.1465587019920349 -0.08346784114837646
v 0.24611687660217285 0.08770843595266342 -0.0801718607544899
v 0.09272817522287369 0.10824476927518845 -0.0801718607544899
v -0.031758036464452744 -0.5550049543380737 -0.11237093061208725
v 0.2671610414981842 -0.16633455455303192 -0.09766586124897003
v 0.28338730335235596 -0.14402340352535248 -0.11592034250497818
v 0.29099220037460327 -0.1506153643131256 -0.1088213324546814
v 0.31457266211509705 0.1767001748085022 -0.08245372027158737
v 0.31305089592933655 0.2920583486557007 -0.09715880453586578
v 0.31152912974357605 0.30346664786338806 -0.09411625564098358
v 0.31305089592933655 0.14855638146400452 -0.08549607545137405
v 0.01210367027670145 0.08111648261547089 -0.08270715177059174
v 0.025541063398122787 0.10418811440467834 -0.08093234896659851
v 0.11656048893928528 0.09303265064954758 -0.08245372027158737
v 0.1292373239994049 0.09125784784555435 -0.08270715177059174
v -0.2799701690673828 0.1657971441745758 -0.08245372027158737
v -0.2766740024089813 0.3293287754058838 -0.08397489786148071
v -0.28123730421066284 0.1767001748085022 -0.0801718607544899
v 0.3140653967857361 0.2796355187892914 -0.09944046288728714
v -0.27946290373802185 0.010126378387212753 -0.08727087825536728
v 0.011596591211855412 -0.5560193657875061 -0.08245372027158737
v 0.31127649545669556 -0.024100925773382187 -0.08397489786148071
v 0.04430264234542847 -0.5212852954864502 -0.08473538607358932
v 0.28617623448371887 0.061087191104888916 -0.07966480404138565
v 0.25980880856513977 0.07224266976118088 -0.0801718607544899
v -0.2601931095123291 0.12700651586055756 -0.07941117137670517
v -0.28148993849754333 0.12802064418792725 -0.09665174782276154
v -0.27591410279273987 0.1145830973982811 -0.0910739079117775
v 0.14419585466384888 0.1145830973982811 -0.07890411466360092
v -0.23433294892311096 0.08517294377088547 -0.08245372027158737
v 0.30214783549308777 0.33186307549476624 -0.08245372027158737
v 0.12087058275938034 0.03979016840457916 -0.08093234896659851
v 0.06712104380130768 0.11230144649744034 -0.0801718607544899
v 0.3122909963130951 -0.00990290381014347 -0.09411625564098358
v -0.193261057138443 0.08263765275478363 -0.08270715177059174
v -0.1559906005859375 0.05246680974960327 -0.08270715177059174
v -0.28225183486938477 -0.1536577045917511 -0.08549607545137405
v -0.10097333043813705 -0.19346284866333008 -0.09969409555196762
v -0.09793098270893097 -0.2160276174545288 -0.08498901128768921
v 0.3135581612586975 0.21371600031852722 -0.09259507805109024
v 0.2641175091266632 0.30955174565315247 -0.11084956675767899
v 0.24763864278793335 0.31411507725715637 -0.10755378752946854
v 0.29910629987716675 0.036494188010692596 -0.0801718607544899
v 0.3062058985233307 0.12092162668704987 -0.08169303834438324
v -0.27160340547561646 0.012661668471992016 -0.08143940567970276
v 0.2073262482881546 0.08213059604167938 -0.0811859741806984
v 0.22127123177051544 0.06565072387456894 -0.08093234896659851
v 0.19439595937728882 0.08136990666389465 -0.08169303834438324
v 0.30417686700820923 0.0681862160563469 -0.08625675737857819
v 0.29783913493156433 0.04891740530729294 -0.0811859741806984
v 0.29581010341644287 0.07427090406417847 -0.08169303834438324
v -0.17601989209651947 -0.14960125088691711 -0.1088213324546814
v -0.13849660754203796 -0.1676023006439209 -0.0979192927479744
v 0.17233824729919434 0.0423254556953907 -0.0801718607544899
v 0.15966160595417023 0.041818391531705856 -0.0801718607544899
v 0.04785224422812462 0.3430187702178955 -0.08777793496847153
v 0.30848756432533264 0.015197157859802246 -0.08473538607358932
v 0.016667310148477554 -0.5534831881523132 -0.08955273032188416
v 0.30874019861221313 -0.09889405965805054 -0.12631534039974213
v 0.31152912974357605 -0.07708995044231415 -0.1227659285068512
v 0.11909577250480652 0.052213385701179504 -0.08220009505748749
v -0.25943320989608765 0.1145830973982811 -0.08169303834438324
v -0.043420761823654175 0.0709749236702919 -0.08321420848369598
v -0.2852933704853058 -0.037031203508377075 -0.08651018887758255
v 0.29581010341644287 0.08111648261547089 -0.08143940567970276
v -0.26196950674057007 0.0631154254078865 -0.08473538607358932
v -0.2723633050918579 0.05043858289718628 -0.08879204839468002
v -0.2799701690673828 0.3196929097175598 -0.08752430230379105
v 0.3074730634689331 0.024070771411061287 -0.08549607545137405
v -0.25005197525024414 0.33110320568084717 -0.09487693756818771
v -0.2766740024089813 0.026099205017089844 -0.08777793496847153
v 0.09146042913198471 0.07579226791858673 -0.08296078443527222
v 0.30544403195381165 0.10748409479856491 -0.08321420848369598
v -0.28377360105514526 -0.016494857147336006 -0.08574970066547394
v 0.052669402211904526 0.08669432252645493 -0.08270715177059174
v 0.2889651656150818 0.32501813769340515 -0.09538400173187256
v -0.07029543071985245 -0.5534831881523132 -0.08828499168157578
v -0.06497121602296829 -0.5542449951171875 -0.09513036906719208
v 0.15560494363307953 0.0750315934419632 -0.08270715177059174
v 0.040246181190013885 0.09075077623128891 -0.08245372027158737
v -0.08626824617385864 -0.24011357128620148 -0.08727087825536728
v 0.10388364642858505 0.0948074460029602 -0.08245372027158737
v -0.25968584418296814 0.08897597342729568 -0.08397489786148071
v -0.28225183486938477 0.17898184061050415 -0.09056684374809265
v -0.28250446915626526 0.21067246794700623 -0.12200523912906647
v -0.26070037484169006 0.07629933953285217 -0.08448195457458496
v 0.04126029834151268 -0.5332008600234985 -0.08879204839468002
v 0.3077256679534912 -0.14884056150913239 -0.09132733196020126
v 0.3092474639415741 -0.13362842798233032 -0.08980616927146912
v 0.027569353580474854 0.09252559393644333 -0.08194666355848312
v 0.03872500732541084 0.08618726581335068 -0.08245372027158737
v -0.28073006868362427 0.03750830143690109 -0.09487693756818771
v -0.18007655441761017 0.07325677573680878 -0.08321420848369598
v -0.1154249757528305 0.31436970829963684 -0.11237093061208725
v 0.29758453369140625 0.3262852728366852 -0.0910739079117775
v 0.023766320198774338 0.3447931706905365 -0.08651018887758255
v 0.10489775985479355 0.08136990666389465 -0.08194666355848312
v 0.3127962648868561 0.1384156197309494 -0.08676381409168243
v 0.3110218644142151 0.10013164579868317 -0.09056684374809265
v 0.3127962648868561 0.13486602902412415 -0.08727087825536728
v 0.31305089592933655 0.27202868461608887 -0.11084956675767899
v 0.31305089592933655 0.24515400826931 -0.12504759430885315
v 0.3105145990848541 0.08136990666389465 -0.09208802133798599
v -0.15193413197994232 -0.14985467493534088 -0.11059613525867462
v 0.030611781403422356 -0.5466381907463074 -0.08777793496847153
v -0.08246521651744843 -0.544863760471344 -0.08803136646747589
v 0.30417686700820923 0.07452452182769775 -0.08625675737857819
v -0.2850407660007477 -0.014973683282732964 -0.0958910584449768
v 0.3105145990848541 0.06210131198167801 -0.09284871071577072
v 0.3120363652706146 0.12573876976966858 -0.08803136646747589
v -0.26830723881721497 0.1016528308391571 -0.0870172455906868
v 0.2965700328350067 -0.16734866797924042 -0.09031321853399277
v -0.2819972038269043 0.02432439662516117 -0.09513036906719208
v -0.2830117344856262 0.014183045364916325 -0.09513036906719208
v 0.2838945686817169 -0.17039121687412262 -0.09284871071577072
v -0.18641407787799835 0.31918564438819885 -0.10730016231536865
v 0.31152912974357605 0.11306192725896835 -0.08955273032188416
v -0.08855011314153671 -0.21678830683231354 -0.10070820897817612
v -0.2688145041465759 0.08872254937887192 -0.08803136646747589
v 0.09729168564081192 -0.19904068112373352 -0.09082027524709702
v -0.2827591001987457 0.23653461039066315 -0.13240022957324982
v -0.2766740024089813 0.07629933953285217 -0.09411625564098358
v -0.2784484028816223 0.06362248212099075 -0.09411625564098358
v -0.2827591001987457 0.1673189103603363 -0.12606190145015717
v -0.2817445695400238 0.1409514993429184 -0.09513036906719208
v -0.2827591001987457 -0.1399669349193573 -0.09563742578029633
v -0.2863079011440277 -0.1042182669043541 -0.10349712520837784
v 0.3122909963130951 0.0032809977419674397 -0.09386282414197922
v 0.3120363652706146 0.01164755504578352 -0.09360919892787933
v 0.31152912974357605 0.029902232810854912 -0.09335576742887497
v 0.034668345004320145 -0.5423274636268616 -0.09563742578029633
v -0.26551830768585205 0.3232436776161194 -0.0979192927479744
v -0.27591410279273987 -0.1546720266342163 -0.09259507805109024
v 0.045824021100997925 -0.5136783719062805 -0.09563742578029633
v 0.31026196479797363 0.07477796077728271 -0.09259507805109024
v -0.25182637572288513 -0.16405269503593445 -0.09259507805109024
v 0.31305089592933655 0.043846625834703445 -0.10324349254369736
v 0.021484479308128357 -0.5506942272186279 -0.09715880453586578
v -0.21557240188121796 0.29738155007362366 -0.12428709119558334
v -0.2508138120174408 0.29865071177482605 -0.12149818241596222
v -0.24675574898719788 0.3209620714187622 -0.10425780713558197
v 0.06712104380130768 -0.2309863269329071 -0.10273643583059311
v -0.28148993849754333 0.0899902954697609 -0.10045477747917175
v 0.3140653967857361 0.11306192725896835 -0.09893340617418289
v 0.3135581612586975 0.08745480328798294 -0.100961834192276
v 0.3125436305999756 0.15109266340732574 -0.12200523912906647
v -0.28402623534202576 0.0012525682104751468 -0.09538400173187256
v -0.07891581207513809 -0.25101563334465027 -0.10577898472547531
v -0.08880353718996048 -0.5261012315750122 -0.10527192801237106
v -0.2827591001987457 -0.12652941048145294 -0.10476487129926682
v 0.3143180310726166 0.13866904377937317 -0.09715880453586578
v -0.28580063581466675 -0.03474953770637512 -0.13721737265586853
v 0.049627047032117844 -0.47894421219825745 -0.1275830864906311
v -0.2792082726955414 0.05449524149298668 -0.09436988085508347
v -0.07840855419635773 -0.547145426273346 -0.0958910584449768
v 0.31305089592933655 0.030662721022963524 -0.10349712520837784
v 0.3140653967857361 0.12573876976966858 -0.0979192927479744
v -0.27768850326538086 0.31284791231155396 -0.0979192927479744
v 0.11301088333129883 0.3163987398147583 -0.10932838916778564
v -0.07790149748325348 0.2976361811161041 -0.12631534039974213
v 0.2998661696910858 -0.15619319677352905 -0.09893340617418289
v 0.30519139766693115 -0.14250223338603973 -0.10400418192148209
v -0.24802491068840027 -0.15036173164844513 -0.10552535206079483
v -0.22698070108890533 -0.14731937646865845 -0.10907496511936188
v -0.009446889162063599 0.33642640709877014 -0.09436988085508347
v -0.2860552668571472 -0.056046467274427414 -0.12631534039974213
v 0.13988575339317322 -0.156446635723114 -0.11161025613546371
v 0.05571174621582031 0.32248184084892273 -0.10679309815168381
v -0.031758036464452744 -0.5456236600875854 -0.1493871808052063
v -0.02668725699186325 -0.5499343276023865 -0.13240022957324982
v -0.06522484868764877 -0.5446111559867859 -0.13214659690856934
v -0.0847470834851265 -0.5380187630653381 -0.1019759476184845
v -0.061928872019052505 0.302706778049469 -0.12301935255527496
v -0.19300644099712372 0.31082090735435486 -0.11414553970098495
v -0.28123730421066284 0.11559741944074631 -0.09817291796207428
v 0.30696579813957214 0.30448117852211 -0.10146889090538025
v -0.2817445695400238 0.07731345295906067 -0.10172232240438461
v 0.31330353021621704 0.0750315934419632 -0.10172232240438461
v 0.016160234808921814 -0.549174427986145 -0.1146525964140892
v 0.17157776653766632 -0.1617710292339325 -0.10425780713558197
v 0.2560053765773773 -0.13210725784301758 -0.12580828368663788
v 0.2955574691295624 0.3153842091560364 -0.1019759476184845
v 0.31305089592933655 0.06210131198167801 -0.10248300433158875
v 0.038217950612306595 -0.5372568964958191 -0.10425780713558197
v -0.07688737660646439 -0.19701245427131653 -0.13823148608207703
v -0.07866217941045761 -0.20968928933143616 -0.12783651053905487
v -0.09590255469083786 -0.19346284866333008 -0.10679309815168381
v -0.2774338722229004 -0.14250223338603973 -0.10121526569128036
v 0.3122909963130951 0.11483673006296158 -0.1275830864906311
v -0.28225183486938477 0.06463659554719925 -0.10248300433158875
v -0.18337252736091614 0.30701744556427 -0.11718808859586716
v -0.28073006868362427 0.3001704812049866 -0.1019759476184845
v 0.3122909963130951 0.0050555989146232605 -0.10501829534769058
v -0.2830117344856262 0.04308613762259483 -0.10375075042247772
v -0.2830117344856262 0.128274068236351 -0.10679309815168381
v -0.2056838721036911 0.2930728495121002 -0.1275830864906311
v -0.14331376552581787 0.29256561398506165 -0.1285971999168396
v -0.07359141111373901 -0.548412561416626 -0.10349712520837784
v -0.28402623534202576 0.02026773802936077 -0.12124454975128174
v -0.2850407660007477 -0.005085756070911884 -0.1473587453365326
v -0.271348774433136 0.3131025433540344 -0.10425780713558197
v -0.042660076171159744 0.2945946455001831 -0.12935787439346313
v 0.026048140600323677 -0.547145426273346 -0.10476487129926682
v 0.06002203747630119 -0.4099831283092499 -0.21353109180927277
v 0.06230369582772255 -0.39654579758644104 -0.23508255183696747
v -0.062435928732156754 -0.5499343276023865 -0.11744151264429092
v 0.06788153201341629 -0.2228730022907257 -0.11439916491508484
v 0.0737127959728241 -0.19904068112373352 -0.12885062396526337
v 0.20073428750038147 0.306255578994751 -0.1146525964140892
v 0.15661905705928802 0.31132614612579346 -0.11211731284856796
v -0.08424002677202225 -0.21729536354541779 -0.1088213324546814
v -0.0817045345902443 -0.22921150922775269 -0.10704652965068817
v 0.31026196479797363 0.2933254837989807 -0.10552535206079483
v 0.0934886559844017 -0.1764761060476303 -0.12023043632507324
v -0.10274813324213028 -0.15822143852710724 -0.1245405301451683
v -0.2830117344856262 0.08060942590236664 -0.1296113133430481
v -0.1123824268579483 -0.16810935735702515 -0.10983545333147049
v -0.2784484028816223 -0.13210725784301758 -0.10932838916778564
v -0.2771812379360199 0.2978888154029846 -0.11084956675767899
v 0.30062806606292725 0.3054956793785095 -0.1078072190284729
v 0.20377683639526367 -0.13033245503902435 -0.12809014320373535
v 0.0024692907463759184 0.3212146759033203 -0.1088213324546814
v 0.0399925522506237 0.3105662763118744 -0.11820220202207565
v 0.31127649545669556 -0.03956668823957443 -0.12073749303817749
v 0.31178373098373413 0.0055626630783081055 -0.1384851187467575
v 0.06052909418940544 -0.2487337589263916 -0.13518914580345154
v -0.09995920956134796 -0.14630526304244995 -0.13392139971256256
v -0.08195815980434418 -0.14529114961624146 -0.15319019556045532
v -0.07460552453994751 -0.1587284952402115 -0.15876802802085876
v -0.2835189700126648 0.045874860137701035 -0.11896289139986038
v -0.2830117344856262 0.22005373239517212 -0.1336679756641388
v 0.06407849490642548 -0.22439438104629517 -0.1346820890903473
v 0.04176735505461693 -0.5311717987060547 -0.1128779947757721
v -0.0806904137134552 -0.5408077239990234 -0.11034251004457474
v 0.2811056673526764 0.30498841404914856 -0.11414553970098495
v -0.2650110423564911 0.3090444803237915 -0.11034251004457474
v -0.2675473392009735 -0.13768507540225983 -0.11161025613546371
v -0.25918057560920715 -0.13565665483474731 -0.11592034250497818
v 0.3125436305999756 0.08745480328798294 -0.1255546510219574
v -0.12353809922933578 -0.14757300913333893 -0.119723379611969
v -0.28554800152778625 -0.103204146027565 -0.11515985429286957
v 0.04734518751502037 -0.5157074332237244 -0.11921631544828415
v -0.2416851967573166 -0.1298253834247589 -0.12251229584217072
v 0.00044101959792897105 -0.5499343276023865 -0.11820220202207565
v 0.02047034539282322 -0.5403004288673401 -0.14710530638694763
v 0.026048140600323677 -0.542582094669342 -0.12986493110656738
v -0.2827591001987457 -0.11866991966962814 -0.1128779947757721
v 0.030611781403422356 -0.5433419942855835 -0.11262436956167221
v 0.3049367666244507 -0.1290649026632309 -0.11439916491508484
v 0.31178373098373413 0.046635549515485764 -0.13417503237724304
v -0.2830117344856262 0.13866904377937317 -0.16257107257843018
v -0.2827591001987457 0.1642753630876541 -0.16079626977443695
v -0.0857611894607544 -0.5301592946052551 -0.11515985429286957
v 0.16523924469947815 -0.12931832671165466 -0.13011835515499115
v 0.1183352917432785 -0.15923555195331573 -0.11693445593118668
v -0.15041276812553406 -0.13743144273757935 -0.12073749303817749
v -0.07587326318025589 -0.5428347587585449 -0.11820220202207565
v -0.08829648047685623 -0.5169745683670044 -0.11693445593118668
v -0.28377360105514526 -0.0973728820681572 -0.12530122697353363
v 0.31305089592933655 0.18430505692958832 -0.10932838916778564
v 0.3049367666244507 0.2935801148414612 -0.11262436956167221
v 0.29758453369140625 -0.14148811995983124 -0.11313141882419586
v -0.2601931095123291 0.30067771673202515 -0.11845583468675613
v 0.22406014800071716 0.2930728495121002 -0.12428709119558334
v -0.28225183486938477 -0.08520309627056122 -0.1354425698518753
v 0.3135581612586975 0.2329838126897812 -0.12707602977752686
v 0.3127962648868561 0.2094053030014038 -0.14076697826385498
v 0.24662412703037262 0.2791282832622528 -0.1336679756641388
v 0.006525873672217131 0.2732958197593689 -0.14482344686985016
v -0.023137850686907768 0.28622788190841675 -0.13594962656497955
v 0.31152912974357605 0.06843964010477066 -0.16586704552173615
v 0.1183352917432785 -0.14731937646865845 -0.12707602977752686
v -0.28402623534202576 -0.0740475282073021 -0.13671031594276428
v 0.31127649545669556 0.08238403499126434 -0.16459929943084717
v 0.31152912974357605 0.2342529445886612 -0.1364566832780838
v -0.07561983168125153 -0.23478935658931732 -0.1265689730644226
v 0.30214783549308777 0.28318434953689575 -0.12301935255527496
v 0.29581010341644287 0.2983960807323456 -0.11592034250497818
v -0.2830117344856262 0.12193574011325836 -0.16358518600463867
v -0.27337780594825745 -0.12754352390766144 -0.11668102443218231
v 0.15433719754219055 0.2776065170764923 -0.13696394860744476
v 0.13405448198318481 0.266958087682724 -0.14406296610832214
v -0.07714100927114487 -0.24746601283550262 -0.11642739921808243
v 0.2983464002609253 -0.1369243860244751 -0.11617396771907806
v 0.2889651656150818 0.29256561398506165 -0.12225886434316635
v 0.28541433811187744 0.2791282832622528 -0.13240022957324982
v 0.3120363652706146 0.16072656214237213 -0.15673960745334625
v 0.3120363652706146 0.17314939200878143 -0.15521842241287231
v 0.29302123188972473 -0.13210725784301758 -0.1227659285068512
v 0.07599465548992157 0.29687628149986267 -0.12682239711284637
v -0.27312517166137695 0.29129844903945923 -0.11946994811296463
v 0.20910105109214783 0.27532485127449036 -0.13721737265586853
v 0.18805764615535736 0.26594358682632446 -0.14330227673053741
v 0.07193820178508759 0.2608729898929596 -0.1504012942314148
v 0.1054048165678978 -0.15593957901000977 -0.12834356725215912
v -0.014517666772007942 0.2580840587615967 -0.1534436196088791
v -0.04418125003576279 0.2712687849998474 -0.14482344686985016
v 0.3122909963130951 0.11078006774187088 -0.15116198360919952
v 0.3056986331939697 -0.1209515705704689 -0.12073749303817749
v -0.2571515440940857 -0.12374049425125122 -0.12530122697353363
v -0.2781957685947418 -0.11638806015253067 -0.12073749303817749
v 0.3122909963130951 -0.023340437561273575 -0.15192246437072754
v -0.08195815980434418 -0.5332008600234985 -0.12403347343206406
v 0.3092474639415741 -0.09027387201786041 -0.13240022957324982
v 0.2996135354042053 0.2712687849998474 -0.13316091895103455
v 0.2892177999019623 0.2727905511856079 -0.13594962656497955
v 0.03872500732541084 -0.5337080955505371 -0.12885062396526337
v 0.3046841323375702 -0.1082749292254448 -0.13011835515499115
v -0.2774338722229004 0.28014278411865234 -0.12428709119558334
v -0.28554800152778625 -0.059849511831998825 -0.13772442936897278
v 0.06382507085800171 -0.2231266349554062 -0.15851441025733948
v 0.06737447530031204 -0.19853362441062927 -0.158260777592659
v -0.15725834667682648 -0.12830421328544617 -0.12682239711284637
v 0.31152912974357605 -0.07075154781341553 -0.13290728628635406
v 0.30671316385269165 -0.08621720969676971 -0.14127404987812042
v -0.2675473392009735 0.28622788190841675 -0.1265689730644226
v 0.18526872992515564 -0.08875270187854767 -0.15471136569976807
v -0.07790149748325348 -0.4513096511363983 -0.21556012332439423
v -0.0806904137134552 -0.49263617396354675 -0.1950235813856125
v -0.28225183486938477 -0.10472532361745834 -0.12403347343206406
v -0.08347933739423752 -0.5255939364433289 -0.137471005320549
v -0.28098469972610474 0.2623947560787201 -0.1285971999168396
v -0.0708024874329567 -0.5438492298126221 -0.12530122697353363
v 0.3107692301273346 0.27101415395736694 -0.12023043632507324
v 0.29149943590164185 -0.12019108235836029 -0.1316395401954651
v 0.08334730565547943 -0.17622248828411102 -0.1346820890903473
v 0.07117751240730286 -0.18915274739265442 -0.14888010919094086
v -0.2784484028816223 0.2745649516582489 -0.12580828368663788
v 0.29885366559028625 -0.10700719058513641 -0.13671031594276428
v -0.2845335006713867 0.007591088768094778 -0.158260777592659
v 0.2795838713645935 -0.06821619719266891 -0.16282449662685394
v 0.276287704706192 -0.09204847365617752 -0.15090835094451904
v 0.22076398134231567 -0.05934244021773338 -0.16992351412773132
v -0.2845335006713867 -0.04590503126382828 -0.14786599576473236
v 0.12492703646421432 -0.13717801868915558 -0.13214659690856934
v -0.20061329007148743 -0.10066886246204376 -0.14304864406585693
v 0.3122909963130951 0.002266684779897332 -0.16054263710975647
v 0.3127962648868561 0.015450590290129185 -0.16003558039665222
v 0.30848756432533264 0.2588459551334381 -0.13087904453277588
v -0.2741377055644989 -0.10903540998697281 -0.12910425662994385
v 0.3120363652706146 0.14602208137512207 -0.15851441025733948
v 0.3105145990848541 0.12066799402236938 -0.17068420350551605
v 0.26158320903778076 -0.11030315607786179 -0.14000630378723145
v -0.2214028686285019 -0.08723132312297821 -0.1504012942314148
v 0.027062276378273964 0.2885095477104187 -0.1354425698518753
v 0.03618951886892319 0.26315465569496155 -0.15268313884735107
v -0.23129139840602875 0.27101415395736694 -0.1415274739265442
v -0.2571515440940857 0.26594358682632446 -0.14228816330432892
v -0.2845335006713867 0.021282050758600235 -0.15775372087955475
v 0.14647769927978516 -0.12196588516235352 -0.13721737265586853
v 0.11681392043828964 -0.12323343753814697 -0.14685168862342834
v -0.10934007912874222 0.2872404158115387 -0.13290728628635406
v 0.2859216034412384 -0.09610514342784882 -0.14786599576473236
v 0.31127649545669556 0.19824965298175812 -0.15166902542114258
v -0.07790149748325348 -0.5357370972633362 -0.13214659690856934
v -0.2723633050918579 0.2748175859451294 -0.1316395401954651
v -0.2787010371685028 -0.09762631356716156 -0.13265365362167358
v -0.12379153817892075 -0.11207795888185501 -0.14304864406585693
v -0.10300156474113464 -0.1191769689321518 -0.14786599576473236
v -0.1133965402841568 -0.13362842798233032 -0.13392139971256256
v 0.08334730565547943 -0.16481336951255798 -0.1453305035829544
v 0.08816444873809814 -0.15340428054332733 -0.1483730524778366
v -0.07181680202484131 -0.18382854759693146 -0.1572466641664505
v -0.1461026817560196 0.266958087682724 -0.14507707953453064
v -0.18742859363555908 0.23653461039066315 -0.1623174399137497
v 0.09323523193597794 -0.14250223338603973 -0.15192246437072754
v 0.045824021100997925 -0.5222997665405273 -0.1334143429994583
v -0.13444013893604279 -0.09179504960775375 -0.15217608213424683
v -0.16232892870903015 0.2375471442937851 -0.16257107257843018
v -0.2835189700126648 0.032944586127996445 -0.16789528727531433
v 0.30392423272132874 -0.09509102255105972 -0.13975267112255096
v 0.04886636510491371 0.28039541840553284 -0.14025992155075073
v 0.3056986331939697 0.24743567407131195 -0.14127404987812042
v 0.2947956323623657 0.25960585474967957 -0.14228816330432892
v 0.31152912974357605 0.05449524149298668 -0.16688115894794464
v -0.07257729023694992 -0.25405797362327576 -0.16181038320064545
v -0.07105612009763718 0.24642114341259003 -0.15952852368354797
v -0.07308434695005417 -0.2218588888645172 -0.14811943471431732
v 0.06357143819332123 -0.24848012626171112 -0.17271243035793304
v -0.27591410279273987 0.26315465569496155 -0.13594962656497955
v 0.034668345004320145 -0.5342153310775757 -0.1455841362476349
v -0.25436264276504517 -0.11131726950407028 -0.13417503237724304
v -0.08626824617385864 -0.5129185318946838 -0.13975267112255096
v 0.04607744514942169 -0.5207780003547668 -0.1455841362476349
v -0.11212900280952454 0.26112762093544006 -0.1493871808052063
v 0.16092915832996368 -0.10371121019124985 -0.14710530638694763
v 0.31127649545669556 0.028127431869506836 -0.16865576803684235
v 0.31127649545669556 0.04131133481860161 -0.16789528727531433
v -0.28225183486938477 -0.06061011552810669 -0.14659824967384338
v 0.30950209498405457 0.2230972796678543 -0.14710530638694763
v -0.2832663357257843 0.0709749236702919 -0.15471136569976807
v -0.2835189700126648 0.04891740530729294 -0.16738823056221008
v -0.2792082726955414 0.24921007454395294 -0.13975267112255096
v 0.03923206403851509 -0.5291447639465332 -0.15293656289577484
v -0.07308434695005417 -0.5375115275382996 -0.13975267112255096
v -0.025673139840364456 -0.5397931933403015 -0.1681487113237381
v -0.0162922702729702 -0.5337080955505371 -0.18361447751522064
v 0.01514609158039093 -0.5367496609687805 -0.16510635614395142
v 0.049627047032117844 -0.5091150999069214 -0.14178110659122467
v 0.021484479308128357 0.24515400826931 -0.16789528727531433
v 0.001201625564135611 0.2636619210243225 -0.1504012942314148
v -0.26298201084136963 -0.09534445405006409 -0.14203453063964844
v -0.27337780594825745 -0.092302106320858 -0.139499232172966
v 0.2686828374862671 0.26442378759384155 -0.14228816330432892
v -0.2721106708049774 0.2514917254447937 -0.1453305035829544
v 0.31127649545669556 -0.06162426620721817 -0.14279522001743317
v -0.27794113755226135 0.22715334594249725 -0.15217608213424683
v -0.2827591001987457 0.21067246794700623 -0.1455841362476349
v -0.27591410279273987 -0.08520309627056122 -0.14178110659122467
v -0.2832663357257843 0.19824965298175812 -0.14685168862342834
v -0.2804774343967438 0.23856164515018463 -0.14203453063964844
v -0.2830117344856262 0.09658204019069672 -0.16535979509353638
v -0.2802228033542633 0.16021929681301117 -0.17043057084083557
v -0.28098469972610474 0.1475418657064438 -0.17169831693172455
v -0.09108540415763855 -0.13362842798233032 -0.14913354814052582
v -0.06776013970375061 -0.1833214908838272 -0.1782902628183365
v 0.19794537127017975 0.223349928855896 -0.1681487113237381
v 0.18273323774337769 0.2263934463262558 -0.1663741022348404
v -0.2799701690673828 0.21498316526412964 -0.15471136569976807
v -0.27946290373802185 -0.07328692078590393 -0.1443163901567459
v -0.25182637572288513 0.2527608573436737 -0.1504012942314148
v -0.2257135659456253 0.2342529445886612 -0.16257107257843018
v 0.3016425669193268 0.23678724467754364 -0.15065471827983856
v -0.08297228068113327 -0.4969448745250702 -0.17271243035793304
v -0.07333797961473465 -0.20487195253372192 -0.1473587453365326
v 0.12163106352090836 -0.10041522979736328 -0.1602892130613327
v 0.12949076294898987 -0.08773838728666306 -0.16561342775821686
v 0.14444947242736816 -0.09407690912485123 -0.1554720550775528
v -0.20365484058856964 0.2312094122171402 -0.16586704552173615
v -0.13976435363292694 0.23475821316242218 -0.16535979509353638
v -0.0837329626083374 -0.5172291994094849 -0.14989423751831055
v -0.2617148756980896 -0.07708995044231415 -0.15217608213424683
v 0.30062806606292725 -0.08571016043424606 -0.14761236310005188
v -0.1963026076555252 -0.06517376750707626 -0.16181038320064545
v -0.18032997846603394 -0.07125862687826157 -0.15902146697044373
v -0.2754068374633789 0.23957617580890656 -0.14913354814052582
v -0.0748591497540474 -0.5304118990898132 -0.15395067632198334
v -0.2819972038269043 -0.03627071529626846 -0.1572466641664505
v 0.3049367666244507 -0.0740475282073021 -0.14989423751831055
v -0.1273411363363266 0.23501284420490265 -0.16561342775821686
v 0.3082329332828522 -0.061877794563770294 -0.15116198360919952
v 0.25220194458961487 0.24464674293994904 -0.15369725227355957
v 0.3120363652706146 -0.04844040423631668 -0.14279522001743317
v 0.30874019861221313 -0.03677777200937271 -0.16104969382286072
v 0.289472371339798 0.246928408741951 -0.15065471827983856
v 0.0057652671821415424 -0.5299046635627747 -0.18665681779384613
v -0.28225183486938477 0.18988288938999176 -0.158260777592659
v -0.28250446915626526 0.17720744013786316 -0.15978215634822845
v 0.18881814181804657 -0.06593437492847443 -0.16688115894794464
v 0.31026196479797363 0.09861047565937042 -0.17271243035793304
v -0.0837329626083374 -0.5081005692481995 -0.16155675053596497
v 0.3074730634689331 0.13816198706626892 -0.177276149392128
v -0.27641937136650085 0.23577271401882172 -0.1504012942314148
v 0.051148224622011185 -0.5055662393569946 -0.16459929943084717
v 0.3062058985233307 0.21194159984588623 -0.1572466641664505
v -0.27641937136650085 -0.06086365133523941 -0.15293656289577484
v -0.24701038002967834 0.2372945100069046 -0.15876802802085876
v 0.2980917692184448 -0.07277984172105789 -0.15572547912597656
v -0.06167524680495262 -0.5385260581970215 -0.1534436196088791
v -0.04671674221754074 0.24566127359867096 -0.16079626977443695
v 0.3044314980506897 0.22461706399917603 -0.15420430898666382
v 0.3059512674808502 -0.049201007932424545 -0.15978215634822845
v -0.26551830768585205 0.24388687312602997 -0.15166902542114258
v -0.09869146347045898 -0.1100495234131813 -0.15521842241287231
v 0.22000209987163544 0.23044951260089874 -0.16257107257843018
v 0.026048140600323677 -0.537004292011261 -0.15445774793624878
v 0.30874019861221313 0.18709397315979004 -0.16206401586532593
v 0.12391293048858643 -0.11106384545564651 -0.15166902542114258
v 0.09805237501859665 -0.11968402564525604 -0.16510635614395142
v -0.27591410279273987 0.2030676007270813 -0.16383861005306244
v -0.27946290373802185 -0.048693932592868805 -0.1554720550775528
v 0.08385435491800308 -0.13058607280254364 -0.17752957344055176
v 0.1627039611339569 0.21853196620941162 -0.17347311973571777
v -0.10426930338144302 -0.09534445405006409 -0.16003558039665222
v 0.0440492145717144 0.243379607796669 -0.16409224271774292
v -0.2835189700126648 -0.02384749799966812 -0.15800735354423523
v -0.27008163928985596 0.2296876311302185 -0.15699322521686554
v -0.2845335006713867 -0.01091702003031969 -0.15851441025733948
v 0.07624828815460205 -0.15416476130485535 -0.1732194870710373
v -0.08221159130334854 -0.1209515705704689 -0.16485273838043213
v -0.0697883740067482 -0.5314264297485352 -0.16104969382286072
v -0.05812583863735199 -0.5324409604072571 -0.17474067211151123
v 0.2935284674167633 0.23577271401882172 -0.15521842241287231
v -0.07916924357414246 -0.1328679323196411 -0.1623174399137497
v -0.27768850326538086 0.19089742004871368 -0.1663741022348404
v 0.04328852891921997 -0.5238195657730103 -0.1613033264875412
v -0.0162922702729702 0.23602734506130219 -0.1691628247499466
v -0.09869146347045898 0.22461706399917603 -0.17524771392345428
v 0.26335760951042175 0.2248716801404953 -0.16510635614395142
v -0.07612689584493637 -0.40719422698020935 -0.2112494260072708
v -0.07054905593395233 -0.3488795757293701 -0.23989850282669067
v 0.29149943590164185 -0.04666563868522644 -0.17068420350551605
v 0.2947956323623657 -0.059849511831998825 -0.1633315533399582
v -0.06928131729364395 -0.22160546481609344 -0.1820932924747467
v -0.28123730421066284 0.13486602902412415 -0.17271243035793304
v -0.26374390721321106 0.21929386258125305 -0.16358518600463867
v 0.05419056862592697 -0.48502930998802185 -0.17347311973571777
v 0.2499202936887741 0.22537894546985626 -0.16510635614395142
v 0.06914927810430527 -0.18965980410575867 -0.15902146697044373
v 0.06990976631641388 -0.17825071513652802 -0.1701771467924118
v 0.30265510082244873 -0.06137072294950485 -0.158260777592659
v 0.3105145990848541 -0.024100925773382187 -0.1613033264875412
v 0.14343516528606415 -0.08089300245046616 -0.16510635614395142
v -0.10883302241563797 -0.08418898284435272 -0.16383861005306244
v -0.1886977255344391 -0.0426090769469738 -0.178036630153656
v 0.30975469946861267 0.17441852390766144 -0.16383861005306244
v -0.26222214102745056 -0.0522434376180172 -0.16358518600463867
v 0.31152912974357605 -0.01091702003031969 -0.16104969382286072
v 0.2968246340751648 0.22436441481113434 -0.15902146697044373
v 0.030611781403422356 -0.533455491065979 -0.16181038320064545
v -0.07638031989336014 -0.5228070616722107 -0.1671345978975296
v 0.0726986899971962 -0.16608111560344696 -0.17144468426704407
v 0.07599465548992157 0.23019489645957947 -0.1691628247499466
v 0.05697949230670929 0.2230972796678543 -0.17676909267902374
v 0.30214783549308777 0.20027866959571838 -0.1661204844713211
v 0.15053416788578033 -0.07125862687826157 -0.16992351412773132
v 0.16498582065105438 -0.06568082422018051 -0.1701771467924118
v -0.13063710927963257 -0.07810408622026443 -0.1602892130613327
v -0.0687742531299591 -0.1457982063293457 -0.177276149392128
v -0.19579535722732544 -0.03449591249227524 -0.18462859094142914
v -0.21531778573989868 -0.056046467274427414 -0.16764165461063385
v -0.2756594717502594 -0.03627071529626846 -0.16358518600463867
v 0.06965633481740952 -0.29665201902389526 -0.26499873399734497
v 0.2841472029685974 0.20889806747436523 -0.17271243035793304
v -0.14204621315002441 -0.05807476118206978 -0.17043057084083557
v -0.2784484028816223 -0.02384749799966812 -0.16561342775821686
v 0.30696579813957214 0.15058541297912598 -0.17550134658813477
v 0.3062058985233307 0.16300822794437408 -0.17347311973571777
v 0.2610759735107422 -0.045144423842430115 -0.17955780029296875
v -0.28148993849754333 0.10951251536607742 -0.17448721826076508
v -0.11390361189842224 -0.07379397749900818 -0.16840234398841858
v -0.28073006868362427 -0.011424080468714237 -0.16688115894794464
v 0.3031623661518097 -0.03627071529626846 -0.16789528727531433
v -0.2819972038269043 0.0012525682104751468 -0.16764165461063385
v -0.08855011314153671 -0.0973728820681572 -0.16941645741462708
v -0.2789556682109833 0.1782199740409851 -0.1681487113237381
v -0.21886658668518066 -0.012438393197953701 -0.20592620968818665
v -0.2536027431488037 -0.02435455471277237 -0.17854368686676025
v -0.28148993849754333 0.05855171009898186 -0.17676909267902374
v 0.3059512674808502 -0.02359386533498764 -0.1691628247499466
v 0.28161290287971497 -0.032214052975177765 -0.1841215342283249
v 0.04607744514942169 -0.517481803894043 -0.16992351412773132
v 0.13354742527008057 -0.06846972554922104 -0.17854368686676025
v 0.10819373279809952 -0.08621720969676971 -0.18234673142433167
v 0.3064585328102112 0.014943533577024937 -0.177276149392128
v -0.15269462764263153 0.2073782980442047 -0.19172760844230652
v -0.16866746544837952 0.21498316526412964 -0.1820932924747467
v -0.2799701690673828 0.1657971441745758 -0.16992351412773132
v 0.30950209498405457 0.0017596246907487512 -0.16941645741462708
v 0.30240246653556824 -0.010409964248538017 -0.17626182734966278
v -0.048237912356853485 0.22613883018493652 -0.17575477063655853
v -0.06446415930986404 0.20965993404388428 -0.19223466515541077
v -0.11694616079330444 -0.050975751131772995 -0.1828537881374359
v -0.11136831343173981 -0.06137072294950485 -0.17778320610523224
v -0.2574041783809662 -0.03779188543558121 -0.17093762755393982
v -0.06446415930986404 -0.14529114961624146 -0.19781248271465302
v 0.2220311164855957 0.2111797332763672 -0.17778320610523224
v 0.17994432151317596 0.20053131878376007 -0.1899528056383133
v 0.034668345004320145 -0.5286375284194946 -0.1701771467924118
v -0.27794113755226135 0.014183045364916325 -0.17575477063655853
v -0.27971553802490234 0.02685968577861786 -0.17651546001434326
v 0.00779355876147747 0.2294350117444992 -0.18260034918785095
v -0.019334815442562103 0.21929386258125305 -0.18538928031921387
v 0.30392423272132874 0.1876012235879898 -0.1691628247499466
v -0.07790149748325348 -0.4873109757900238 -0.21708187460899353
v 0.10870078951120377 -0.09762631356716156 -0.1722053736448288
v -0.07181680202484131 -0.5248340964317322 -0.17524771392345428
v 0.1956637054681778 -0.04438381642103195 -0.1820932924747467
v -0.08119747042655945 -0.51215660572052 -0.17144468426704407
v 0.06712104380130768 -0.19802656769752502 -0.18234673142433167
v -0.09412795305252075 -0.08165369182825089 -0.17423361539840698
v 0.02452692575752735 -0.5299046635627747 -0.18031848967075348
v 0.020216817036271095 -0.5337080955505371 -0.17245881259441376
v 0.3079802989959717 0.02787400782108307 -0.177276149392128
v -0.18438664078712463 0.21194159984588623 -0.1851356476545334
v 0.13354742527008057 0.22208276391029358 -0.17144468426704407
v -0.15751178562641144 -0.05122930184006691 -0.17271243035793304
v 0.08410779386758804 -0.11892334371805191 -0.1881781965494156
v 0.05647243559360504 -0.4561256170272827 -0.19426289200782776
v -0.03581469506025314 0.22689872980117798 -0.17575477063655853
v -0.06699945032596588 -0.1328679323196411 -0.18716387450695038
v -0.2432069480419159 0.2048420011997223 -0.18158623576164246
v -0.24574324488639832 0.18329055607318878 -0.19755886495113373
v -0.2723633050918579 0.1784745752811432 -0.17423361539840698
v -0.04316714033484459 -0.5314264297485352 -0.18488222360610962
v 0.24130091071128845 0.20509465038776398 -0.1831074059009552
v 0.2813582718372345 0.19672788679599762 -0.18361447751522064
v 0.3062058985233307 0.07072149962186813 -0.1831074059009552
v 0.30671316385269165 0.08314472436904907 -0.18234673142433167
v 0.08867150545120239 -0.09585151821374893 -0.20136189460754395
v 0.11909577250480652 0.22385716438293457 -0.17093762755393982
v -0.28148993849754333 0.07122855633497238 -0.17626182734966278
v 0.3056986331939697 0.05804464593529701 -0.18361447751522064
v -0.27616673707962036 0.0015061964513733983 -0.17448721826076508
v -0.07409846782684326 -0.10878198593854904 -0.18082554638385773
v -0.28073006868362427 0.045874860137701035 -0.17651546001434326
v 0.30874019861221313 0.04105771332979202 -0.17676909267902374
v 0.14723818004131317 0.19571535289287567 -0.19755886495113373
v 0.10692599415779114 0.19799701869487762 -0.19806592166423798
v 0.048359308391809464 -0.51088947057724 -0.17930437624454498
v -0.2738850712776184 0.1657971441745758 -0.17626182734966278
v -0.2819972038269043 0.0968356728553772 -0.17524771392345428
v 0.15661905705928802 -0.04894746094942093 -0.18488222360610962
v 0.07295230776071548 -0.14453046023845673 -0.20440444350242615
v 0.0737127959728241 -0.13362842798233032 -0.216067373752594
v 0.2856689691543579 0.1860794723033905 -0.1881781965494156
v -0.2819972038269043 0.08390539139509201 -0.176008403301239
v -0.20796553790569305 0.2033202201128006 -0.19629132747650146
v 0.04683813452720642 0.20991256833076477 -0.1929953545331955
v 0.026555199176073074 0.22613883018493652 -0.1851356476545334
v -0.2586733400821686 0.1657971441745758 -0.18614976108074188
v 0.03847137838602066 -0.5238195657730103 -0.17854368686676025
v 0.006779402494430542 0.22132089734077454 -0.19122053682804108
v -0.07739444077014923 -0.5149455666542053 -0.18031848967075348
v 0.07219162583351135 0.20661640167236328 -0.1909669190645218
v -0.07207023352384567 -0.12120519578456879 -0.17930437624454498
v -0.27515220642089844 0.1533743292093277 -0.1782902628183365
v -0.12886230647563934 0.20712366700172424 -0.1929953545331955
v 0.2968246340751648 0.12700651586055756 -0.19248828291893005
v -0.2802228033542633 0.03319821134209633 -0.17676909267902374
v -0.1392572969198227 -0.045651502907276154 -0.17955780029296875
v -0.15472285449504852 -0.027396900579333305 -0.1937558352947235
v -0.12505927681922913 -0.03804551437497139 -0.1899528056383133
v 0.2658939063549042 0.1936863213777542 -0.1937558352947235
v 0.1796908974647522 -0.04793332517147064 -0.18057212233543396
v 0.07067045569419861 -0.16734866797924042 -0.18183967471122742
v -0.27616673707962036 0.13511963188648224 -0.180064857006073
v -0.2766740024089813 0.12218916416168213 -0.18133260309696198
v -0.08018335700035095 -0.08520309627056122 -0.18564270436763763
v 0.06940270960330963 -0.23554983735084534 -0.23508255183696747
v 0.30240246653556824 0.10063871741294861 -0.1881781965494156
v 0.3074730634689331 0.10849840193986893 -0.18031848967075348
v -0.07815512269735336 -0.5058189034461975 -0.1929953545331955
v -0.08931059390306473 0.2094053030014038 -0.19172760844230652
v -0.17855538427829742 -0.01674848422408104 -0.20415081083774567
v -0.19503545761108398 -0.013198881410062313 -0.20744599401950836
v 0.028837040066719055 -0.5258485674858093 -0.1881781965494156
v 0.057233117520809174 -0.47716981172561646 -0.21885628998279572
v 0.059261348098516464 -0.4670286476612091 -0.22950470447540283
v -0.01984187588095665 0.20889806747436523 -0.19857317209243774
v 0.015399628318846226 0.21447589993476868 -0.2000943422317505
v -0.25968584418296814 0.15311969816684723 -0.18767113983631134
v -0.07207023352384567 -0.0973728820681572 -0.19071348011493683
v -0.23129139840602875 0.19951678812503815 -0.194769948720932
v 0.22887609899044037 0.19292645156383514 -0.19705180823802948
v -0.1709493100643158 -0.013705938123166561 -0.20896776020526886
v -0.15548354387283325 -0.008888790383934975 -0.21834903955459595
v -0.1471167951822281 -0.014466626569628716 -0.21048954129219055
v -0.06623896211385727 -0.5255939364433289 -0.1820932924747467
v -0.2769266366958618 0.10951251536607742 -0.1820932924747467
v 0.2950502336025238 0.16452999413013458 -0.18716387450695038
v 0.06940270960330963 -0.18484266102313995 -0.2064334750175476
v -0.2571515440940857 0.016211271286010742 -0.19223466515541077
v -0.2774338722229004 0.0968356728553772 -0.1831074059009552
v 0.16447876393795013 -0.040580783039331436 -0.19045986235141754
v -0.042153019458055496 0.20864543318748474 -0.19527721405029297
v 0.05368351191282272 -0.4954250752925873 -0.199080228805542
v 0.07067045569419861 -0.15999622642993927 -0.19274172186851501
v -0.2586733400821686 0.02914155088365078 -0.19324877858161926
v -0.09717029333114624 0.2033202201128006 -0.19958728551864624
v -0.2766740024089813 0.07148198038339615 -0.18361447751522064
v 0.12264538556337357 -0.06061011552810669 -0.19172760844230652
v 0.13582909107208252 -0.05300404503941536 -0.19071348011493683
v -0.27363044023513794 0.03345164284110069 -0.18260034918785095
v -0.27591410279273987 0.05880533158779144 -0.1838679015636444
v 0.23673561215400696 -0.03170699253678322 -0.19223466515541077
v 0.3044314980506897 0.045367803424596786 -0.1841215342283249
v 0.2970772981643677 0.13968238234519958 -0.19147416949272156
v 0.28516173362731934 0.15692314505577087 -0.21530549228191376
v -0.06040750443935394 -0.5261012315750122 -0.1889386773109436
v 0.22913073003292084 0.18354515731334686 -0.21023491024971008
v 0.2684282064437866 0.17999635636806488 -0.20922239124774933
v 0.2658939063549042 0.1754310429096222 -0.2191089242696762
v -0.24219244718551636 0.010887066833674908 -0.21530549228191376
v -0.23306579887866974 -0.00584644079208374 -0.20719335973262787
v -0.06218230351805687 -0.1706446409225464 -0.2345752865076065
v -0.1390036642551422 -0.02105857990682125 -0.20262964069843292
v -0.2769266366958618 0.08415883034467697 -0.18361447751522064
v 0.051148224622011185 -0.5032845735549927 -0.18919230997562408
v -0.07308434695005417 -0.5169745683670044 -0.1881781965494156
v 0.04176735505461693 -0.5179890990257263 -0.1869104504585266
v 0.18425461649894714 -0.03272110968828201 -0.19451652467250824
v -0.2553771436214447 0.128274068236351 -0.19730542600154877
v -0.26247477531433105 0.11052664369344711 -0.19274172186851501
v 0.21290408074855804 0.18582682311534882 -0.20744599401950836
v 0.16067571938037872 -0.01877671852707863 -0.21987080574035645
v 0.16726768016815186 -0.02080494724214077 -0.21378572285175323
v 0.15028072893619537 -0.035002969205379486 -0.20110847055912018
v 0.08131887018680573 -0.10776786506175995 -0.20795324444770813
v -0.0827188491821289 -0.061877794563770294 -0.19933365285396576
v -0.0857611894607544 -0.0692303329706192 -0.19020642340183258
v -0.09615617990493774 -0.04793332517147064 -0.19933365285396576
v 0.09069973975419998 0.20103858411312103 -0.19578427076339722
v -0.11314311623573303 0.20078593492507935 -0.20313669741153717
v -0.06623896211385727 -0.1100495234131813 -0.19806592166423798
v -0.06497121602296829 -0.12272638082504272 -0.19730542600154877
v 0.2686828374862671 -0.017001915723085403 -0.2064334750175476
v 0.26766830682754517 -0.02765052765607834 -0.1950235813856125
v 0.05571174621582031 -0.48655107617378235 -0.20871514081954956
v -0.26247477531433105 0.0849195197224617 -0.194009467959404
v -0.24016541242599487 0.18430505692958832 -0.20440444350242615
v -0.05584397912025452 -0.5187489986419678 -0.20896776020526886
v -0.03403989225625992 -0.5266084671020508 -0.20060139894485474
v -0.1293693631887436 0.19013752043247223 -0.21961618959903717
v 0.28363993763923645 0.17492379248142242 -0.1998407244682312
v 0.10236246883869171 -0.07379397749900818 -0.19933365285396576
v 0.10794030129909515 -0.06339900195598602 -0.2028832733631134
v 0.29581010341644287 0.07173561304807663 -0.19730542600154877
v 0.2874433696269989 0.07300335168838501 -0.214292973279953
v 0.2920067012310028 0.08948304504156113 -0.20415081083774567
v -0.26196950674057007 0.07224266976118088 -0.19426289200782776
v 0.2902323007583618 0.016971958801150322 -0.19831953942775726
v 0.28668349981307983 0.05500229820609093 -0.21530549228191376
v 0.2932758331298828 0.046635549515485764 -0.19781248271465302
v 0.023259244859218597 0.20763090252876282 -0.20770062506198883
v -0.0697883740067482 -0.2852437198162079 -0.21074217557907104
v -0.06573190540075302 -0.24239543080329895 -0.22950470447540283
v 0.01818852312862873 -0.5245814323425293 -0.199080228805542
v 0.1738596260547638 -0.023340437561273575 -0.2082078754901886
v -0.07460552453994751 -0.5002410411834717 -0.214292973279953
v -0.07435208559036255 -0.508607804775238 -0.20161552727222443
v 0.04531695693731308 -0.5119040012359619 -0.19527721405029297
v 0.008807693608105183 0.2012932002544403 -0.21936354041099548
v -0.10832596570253372 -0.03855257108807564 -0.19857317209243774
v 0.17157776653766632 0.18709397315979004 -0.20770062506198883
v -0.0748591497540474 -0.4807186424732208 -0.23837871849536896
v 0.14368878304958344 -0.0329747349023819 -0.20694074034690857
v 0.12289880961179733 -0.049201007932424545 -0.20262964069843292
v 0.28795063495635986 0.029395176097750664 -0.20694074034690857
v -0.2538553774356842 0.1536269634962082 -0.19451652467250824
v -0.07308434695005417 0.19495348632335663 -0.21403834223747253
v -0.25436264276504517 0.04207182675600052 -0.20060139894485474
v -0.2444741129875183 0.15819227695465088 -0.22291235625743866
v -0.2505592405796051 0.14221864938735962 -0.20415081083774567
v -0.2510664463043213 0.11635790020227432 -0.20617884397506714
v -0.2510664463043213 0.09810341894626617 -0.20694074034690857
v 0.2808510363101959 -0.020044462755322456 -0.194009467959404
v -0.1608077585697174 0.19343368709087372 -0.2127712070941925
v 0.03264006972312927 -0.5210306644439697 -0.1967983841896057
v -0.23103676736354828 0.1906447857618332 -0.20744599401950836
v -0.25461527705192566 0.1412041336297989 -0.19603769481182098
v -0.0680137649178505 -0.5184963345527649 -0.19603769481182098
v -0.014771096408367157 -0.5296519994735718 -0.19451652467250824
v 0.25524550676345825 -0.013705938123166561 -0.21809440851211548
v 0.2217784970998764 -0.024100925773382187 -0.20212258398532867
v 0.2342013120651245 -0.011677708476781845 -0.22316698729991913
v 0.0668674185872078 0.20078593492507935 -0.1988265961408615
v -0.25132107734680176 0.08111648261547089 -0.2082078754901886
v -0.25512251257896423 0.05500229820609093 -0.2008548378944397
v 0.278062105178833 0.17568567395210266 -0.2064334750175476
v -0.09007128328084946 -0.04793332517147064 -0.20592620968818665
v 0.17740902304649353 -0.028664644807577133 -0.2000943422317505
v -0.2492920607328415 0.16706429421901703 -0.2018689513206482
v 0.02680874615907669 -0.5164673328399658 -0.21505285799503326
v -0.0680137649178505 -0.09762631356716156 -0.19933365285396576
v 0.1183352917432785 -0.038298945873975754 -0.2208833396434784
v 0.12568771839141846 -0.029678761959075928 -0.22620852291584015
v 0.13760389387607574 -0.031453561037778854 -0.21327845752239227
v 0.048359308391809464 -0.5055662393569946 -0.20465707778930664
v 0.2808510363101959 -0.00812810193747282 -0.20415081083774567
v -0.07359141111373901 -0.07379397749900818 -0.20364375412464142
v 0.24713139235973358 0.17441852390766144 -0.22646117210388184
v -0.11111468076705933 -0.024861609563231468 -0.2127712070941925
v 0.08917856216430664 -0.0753152072429657 -0.22316698729991913
v 0.09805237501859665 -0.06339900195598602 -0.21784178912639618
v -0.2447287142276764 0.052213385701179504 -0.2282375693321228
v 0.06027546152472496 -0.42570215463638306 -0.22646117210388184
v 0.03695020452141762 -0.5162146687507629 -0.20440444350242615
v 0.09171385318040848 0.17746007442474365 -0.23432065546512604
v 0.06712104380130768 0.19165728986263275 -0.21175669133663177
v -0.10173401236534119 -0.027903961017727852 -0.2163200080394745
v -0.24041804671287537 0.12269642949104309 -0.2457309514284134
v -0.04392781853675842 0.19165728986263275 -0.22291235625743866
v 0.19490301609039307 -0.01750897243618965 -0.21378572285175323
v -0.12455221265554428 -0.01750897243618965 -0.21327845752239227
v 0.11174333840608597 -0.04793332517147064 -0.216067373752594
v -0.22622081637382507 -0.005085756070911884 -0.2130238264799118
v 0.10641893744468689 -0.04793332517147064 -0.22341960668563843
v 0.0737127959728241 -0.1465587019920349 -0.24116763472557068
v 0.052415769547224045 0.18658670783042908 -0.22316698729991913
v 0.11554637551307678 0.18329055607318878 -0.21885628998279572
v 0.015906699001789093 -0.5141856670379639 -0.2254486382007599
v -0.1321582794189453 -0.010663592256605625 -0.2203780561685562
v -0.07460552453994751 0.18785585463047028 -0.2282375693321228
v 0.06813516467809677 0.18354515731334686 -0.22494138777256012
v -0.06142181530594826 -0.11309207230806351 -0.21834903955459595
v 0.07498054206371307 -0.12196588516235352 -0.22798293828964233
v -0.06370347738265991 -0.5113967061042786 -0.216067373752594
v -0.17044225335121155 0.18227802217006683 -0.23533517122268677
v -0.20162780582904816 0.18531957268714905 -0.2282375693321228
v 0.18932519853115082 0.17695282399654388 -0.22367225587368011
v 0.16092915832996368 0.17314939200878143 -0.23508255183696747
v 0.1796908974647522 -0.008381730876863003 -0.23508255183696747
v 0.2778094708919525 0.16655902564525604 -0.2191089242696762
v -0.07764806598424911 -0.06213132292032242 -0.2066861093044281
v -0.2416851967573166 0.0215354822576046 -0.2267157882452011
v -0.21709218621253967 0.1891229897737503 -0.21860167384147644
v 0.2778094708919525 0.0030273732263594866 -0.22417950630187988
v 0.2795838713645935 0.013929413631558418 -0.23660430312156677
v 0.28541433811187744 0.028381062671542168 -0.21708187460899353
v 0.2871907651424408 0.13106298446655273 -0.21987080574035645
v -0.09539549797773361 -0.03753826022148132 -0.21048954129219055
v -0.21278347074985504 -0.002550466451793909 -0.22417950630187988
v -0.18742859363555908 -0.010663592256605625 -0.21226394176483154
v 0.0024692907463759184 -0.5040444731712341 -0.25080153346061707
v 0.02452692575752735 -0.506073534488678 -0.24167488515377045
v 0.051148224622011185 -0.4982140064239502 -0.21378572285175323
v 0.20605869591236115 0.1751784235239029 -0.22646117210388184
v 0.28820326924324036 0.1036810576915741 -0.21175669133663177
v -0.10579048097133636 0.19013752043247223 -0.22139059007167816
v -0.06497121602296829 0.1751784235239029 -0.2693094313144684
v -0.08145110309123993 0.17619292438030243 -0.26069003343582153
v 0.2760350704193115 -0.0076210456900298595 -0.21201130747795105
v 0.25879430770874023 -0.005592812784016132 -0.23229362070560455
v 0.040246181190013885 -0.5106368660926819 -0.2130238264799118
v -0.06091475859284401 -0.0882454439997673 -0.22874481976032257
v 0.03847137838602066 0.18405242264270782 -0.23508255183696747
v -0.026180196553468704 -0.5202707648277283 -0.2175891399383545
v -0.24244707822799683 0.07782050967216492 -0.23736420273780823
v 0.2892177999019623 0.1166115328669548 -0.21099679172039032
v 0.13861800730228424 0.17264212667942047 -0.23964586853981018
v -0.18235841393470764 -0.0020434062462300062 -0.23178637027740479
v 0.21391898393630981 -0.004578696098178625 -0.24040575325489044
v -0.014517666772007942 0.18024899065494537 -0.25713926553726196
v -0.025166083127260208 0.17999635636806488 -0.2551122009754181
v -0.030236858874559402 0.18684133887290955 -0.2345752865076065
v 0.2821201682090759 0.1135689839720726 -0.25257593393325806
v -0.02871568687260151 0.1936863213777542 -0.2203780561685562
v 0.2813582718372345 0.0032809977419674397 -0.21556012332439423
v -0.06623896211385727 -0.07506165653467178 -0.22113794088363647
v -0.09007128328084946 -0.03779188543558121 -0.2175891399383545
v -0.22343190014362335 0.17695282399654388 -0.23812410235404968
v -0.21709218621253967 0.1767001748085022 -0.2442092001438141
v 0.08182612806558609 -0.09661220014095306 -0.2191089242696762
v -0.23509283363819122 0.17593830823898315 -0.22468675673007965
v 0.2811056673526764 0.05119926482439041 -0.24674546718597412
v -0.11187537014484406 -0.01624142751097679 -0.22570127248764038
v -0.2274879664182663 0.003534429706633091 -0.22620852291584015
v -0.24041804671287537 0.14830374717712402 -0.24446381628513336
v -0.10908645391464233 0.1782199740409851 -0.2500416338443756
v 0.06052909418940544 -0.4566328525543213 -0.23989850282669067
v 0.009568301029503345 0.19343368709087372 -0.23229362070560455
v 0.05419056862592697 -0.49009987711906433 -0.22291235625743866
v -0.06953494250774384 -0.06339900195598602 -0.2239268720149994
v -0.07029543071985245 -0.5020154714584351 -0.2221524566411972
v -0.04849134385585785 -0.5149455666542053 -0.2208833396434784
v 0.0440492145717144 -0.505059003829956 -0.22164520621299744
v 0.1916070580482483 0.17086772620677948 -0.23812410235404968
v 0.2253272980451584 0.16833342611789703 -0.2439565509557724
v 0.01362487580627203 0.18785585463047028 -0.24116763472557068
v 0.03086530975997448 -0.5119040012359619 -0.22316698729991913
v -0.2416851967573166 0.16985321044921875 -0.21936354041099548
v -0.1509198248386383 -0.0010290932841598988 -0.23837871849536896
v -0.1283552497625351 -0.003310954896733165 -0.24116763472557068
v 0.27755483984947205 0.12371054291725159 -0.2830013930797577
v 0.2732461392879486 0.0631154254078865 -0.30886155366897583
v -0.09894509613513947 -0.024607982486486435 -0.22570127248764038
v -0.09083197265863419 -0.02841101586818695 -0.23051922023296356
v 0.14825250208377838 -0.015734171494841576 -0.23229362070560455
v 0.27248427271842957 0.1675715446472168 -0.22595590353012085
v 0.2823728024959564 0.1564158797264099 -0.22443412244319916
v -0.11948144435882568 -0.009142419323325157 -0.23280088603496552
v 0.07979769259691238 -0.0973728820681572 -0.22899745404720306
v -0.07409846782684326 -0.4705774784088135 -0.24953438341617584
v 0.27882400155067444 0.1335984766483307 -0.2708311975002289
v 0.27907663583755493 0.14272591471672058 -0.2586610019207001
v 0.12010989338159561 -0.02917170338332653 -0.23330813646316528
v 0.10109472274780273 -0.043369680643081665 -0.24192753434181213
v 0.10996853560209274 -0.030185820534825325 -0.24826526641845703
v -0.20365484058856964 0.1754310429096222 -0.25612473487854004
v 0.04759862273931503 -0.4979593753814697 -0.2302645891904831
v -0.0748591497540474 -0.040073707699775696 -0.24040575325489044
v 0.06965633481740952 0.17695282399654388 -0.23888596892356873
v -0.22951699793338776 0.1767001748085022 -0.23178637027740479
v 0.2813582718372345 0.14906363189220428 -0.2360970675945282
v 0.12289880961179733 -0.021819064393639565 -0.24674546718597412
v 0.09196748584508896 -0.062384869903326035 -0.2360970675945282
v -0.06497121602296829 -0.5032845735549927 -0.22950470447540283
v -0.05001271143555641 -0.5101295709609985 -0.23051922023296356
v 0.2813582718372345 0.14018963277339935 -0.24902711808681488
v 0.27426066994667053 0.0027739412616938353 -0.23280088603496552
v 0.06128958240151405 -0.4282364249229431 -0.2378714680671692
v 0.0836007297039032 -0.07582226395606995 -0.2538430988788605
v 0.279838502407074 0.025338517501950264 -0.24775998294353485
v -0.06699945032596588 -0.27180638909339905 -0.25739386677742004
v -0.07105612009763718 -0.4933960437774658 -0.234827920794487
v -0.2396581470966339 0.16528987884521484 -0.2300119698047638
v 0.05343008041381836 0.1797417402267456 -0.23660430312156677
v 0.10717961192131042 0.17568567395210266 -0.2360970675945282
v 0.05621900409460068 -0.48198577761650085 -0.23280088603496552
v -0.06015406921505928 -0.07708995044231415 -0.24015313386917114
v -0.2026403248310089 0.0045485426671803 -0.2515614330768585
v 0.03492197394371033 -0.507340669631958 -0.23102648556232452
v 0.13380084931850433 -0.021819064393639565 -0.23229362070560455
v 0.26639917492866516 0.1675715446472168 -0.23254625499248505
v -0.1321582794189453 0.1782199740409851 -0.24801261723041534
v 0.27400603890419006 0.12954181432724 -0.30226919054985046
v -0.058632902801036835 -0.20842154324054718 -0.295424222946167
v -0.062435928732156754 -0.22363369166851044 -0.26220980286598206
v 0.2529618740081787 -0.004578696098178625 -0.23863135278224945
v 0.16752110421657562 0.17086772620677948 -0.24116763472557068
v 0.06788153201341629 -0.41657349467277527 -0.30531075596809387
v -0.10807234048843384 -0.010156531818211079 -0.24649085104465485
v -0.06522484868764877 -0.24670551717281342 -0.26702776551246643
v -0.06370347738265991 -0.2728188931941986 -0.27894333004951477
v 0.09272817522287369 -0.05655354633927345 -0.24801261723041534
v 0.11656048893928528 0.17238949239253998 -0.2442092001438141
v 0.04531695693731308 -0.4890853762626648 -0.256632000207901
v 0.03187946602702141 -0.4956777095794678 -0.2586610019207001
v 0.024273378774523735 -0.4873109757900238 -0.27792882919311523
v -0.1854015588760376 0.0030273732263594866 -0.24699810147285461
v -0.17221684753894806 0.004802174400538206 -0.2586610019207001
v -0.0748591497540474 -0.44015398621559143 -0.2485198676586151
v -0.11162194609642029 0.17416390776634216 -0.26499873399734497
v -0.020855989307165146 -0.5141856670379639 -0.23254625499248505
v -0.07663395255804062 -0.03170699253678322 -0.2538430988788605
v 0.0815725028514862 0.16985321044921875 -0.2617025673389435
v 0.06610672920942307 0.17137497663497925 -0.2599281668663025
v -0.08981785923242569 -0.019283773377537727 -0.2538430988788605
v -0.07308434695005417 -0.4218987226486206 -0.2586610019207001
v 0.020723871886730194 0.18177075684070587 -0.25536486506462097
v -0.053055066615343094 -0.5048043727874756 -0.2391386181116104
v 0.050387535244226456 -0.49136704206466675 -0.2391386181116104
v 0.2734987735748291 0.1594594120979309 -0.2393932342529297
v -0.24092528223991394 0.03218409791588783 -0.23761683702468872
v 0.18780402839183807 0.1655445098876953 -0.25916826725006104
v 0.2605687081813812 0.1673189103603363 -0.2391386181116104
v -0.23889626562595367 0.037001244723796844 -0.24801261723041534
v -0.23509283363819122 0.060326509177684784 -0.26829490065574646
v 0.09729168564081192 0.1690933257341385 -0.26347896456718445
v -0.05609741061925888 -0.0933162197470665 -0.26195719838142395
v -0.05736515671014786 -0.10497894883155823 -0.2515614330768585
v 0.14064644277095795 -0.008888790383934975 -0.26043540239334106
v 0.15763317048549652 -0.010156531818211079 -0.23989850282669067
v -0.023644907400012016 -0.5035372376441956 -0.25257593393325806
v -0.013756980188190937 -0.5004956722259521 -0.26069003343582153
v 0.07624828815460205 -0.11359913647174835 -0.2520686984062195
v -0.23788176476955414 0.019760681316256523 -0.23533517122268677
v -0.23560009896755219 0.16706429421901703 -0.23812410235404968
v 0.03847137838602066 -0.5015081763267517 -0.2393932342529297
v -0.17323096096515656 0.1736566424369812 -0.26347896456718445
v -0.04392781853675842 -0.49719947576522827 -0.25764650106430054
v -0.23331843316555023 0.017986079677939415 -0.24344928562641144
v -0.22089560329914093 0.008098145015537739 -0.24446381628513336
v 0.14774544537067413 0.16985321044921875 -0.24801261723041534
v -0.19680985808372498 0.16985321044921875 -0.28705745935440063
v -0.21481052041053772 0.16960057616233826 -0.2672803997993469
v -0.054322801530361176 -0.1191769689321518 -0.2987203896045685
v -0.11365017294883728 -0.009395847097039223 -0.2393932342529297
v 0.05292302370071411 -0.4840148091316223 -0.24801261723041534
v 0.05697949230670929 0.17416390776634216 -0.2515614330768585
v 0.2702026069164276 0.0030273732263594866 -0.2409130185842514
v 0.040246181190013885 0.17796733975410461 -0.24902711808681488
v -0.044941939413547516 0.17720744013786316 -0.26195719838142395
v -0.059900447726249695 -0.06593437492847443 -0.2518160343170166
v -0.06497121602296829 -0.28727075457572937 -0.26829490065574646
v -0.06573190540075302 -0.3100893497467041 -0.2710838317871094
v -0.13165122270584106 0.000999139971099794 -0.256632000207901
v -0.05609741061925888 -0.49922651052474976 -0.24699810147285461
v -0.06750650703907013 -0.4906071424484253 -0.24674546718597412
v 0.26183584332466125 0.004041485954076052 -0.25713926553726196
v 0.26614654064178467 0.003534429706633091 -0.24927975237369537
v 0.02807641215622425 -0.5010029673576355 -0.2500416338443756
v -0.2335730642080307 0.11432967334985733 -0.2766616642475128
v 0.2783167362213135 0.15109266340732574 -0.24497106671333313
v -0.22545893490314484 0.1693459451198578 -0.253083199262619
v -0.2353474646806717 0.1579376608133316 -0.251308798789978
v -0.06598533689975739 -0.053257573395967484 -0.24446381628513336
v 0.07700877636671066 -0.1843355894088745 -0.29466232657432556
v 0.2765423357486725 0.013168725185096264 -0.2457309514284134
v -0.07257729023694992 -0.03322816640138626 -0.262717068195343
v -0.0629429891705513 -0.05427172780036926 -0.25409767031669617
v 0.06838858872652054 -0.3831084966659546 -0.2911135256290436
v 0.2684282064437866 0.1609811931848526 -0.24674546718597412
v 0.04202098399400711 -0.4954250752925873 -0.24775998294353485
v -0.06852082908153534 -0.4822404086589813 -0.25612473487854004
v 0.2529618740081787 0.002266684779897332 -0.261449933052063
v -0.09818440675735474 0.17289675772190094 -0.2771689295768738
v 0.22735632956027985 0.0012525682104751468 -0.2629716992378235
v 0.19008588790893555 -0.004071639385074377 -0.24344928562641144
v -0.06674602627754211 -0.33569687604904175 -0.2726055979728699
v 0.2093546837568283 0.16250096261501312 -0.27767619490623474
v 0.1857757866382599 0.16351547837257385 -0.3045508563518524
v -0.07333797961473465 -0.46347784996032715 -0.261449933052063
v -0.06928131729364395 -0.36231690645217896 -0.2642388343811035
v 0.26310497522354126 0.1612338125705719 -0.2535904347896576
v 0.2577797770500183 0.16174107789993286 -0.26069003343582153
v 0.24053902924060822 0.16452999413013458 -0.25713926553726196
v 0.09931991994380951 -0.042355526238679886 -0.25232329964637756
v -0.22875511646270752 0.016971958801150322 -0.2515614330768585
v 0.11732097715139389 0.1657971441745758 -0.28097236156463623
v -0.238643616437912 0.13689424097537994 -0.25561946630477905
v -0.13570769131183624 0.004802174400538206 -0.2726055979728699
v 0.1350685954093933 0.1675715446472168 -0.26069003343582153
v -0.05406918004155159 -0.08393535017967224 -0.2845211625099182
v -0.06091475859284401 -0.05579293891787529 -0.26499873399734497
v 0.06205027177929878 -0.45561835169792175 -0.263224333524704
v 0.274513304233551 0.15286707878112793 -0.2533378005027771
v 0.16625356674194336 -0.0005220368038862944 -0.26981669664382935
v 0.18907177448272705 0.0012525682104751468 -0.26550599932670593
v -0.2056838721036911 0.008351577445864677 -0.26652050018310547
v 0.13557565212249756 -0.009395847097039223 -0.2677876651287079
v 0.07853014767169952 -0.10472532361745834 -0.2769162952899933
v 0.0866432711482048 -0.14453046023845673 -0.373006671667099
v 0.0825866162776947 -0.083428293466568 -0.3012546896934509
v 0.0876573920249939 -0.07962526381015778 -0.3681887090206146
v -0.23078414797782898 0.14145876467227936 -0.28528305888175964
v 0.2734987735748291 0.012915300205349922 -0.25485759973526
v 0.05545831471681595 -0.476915180683136 -0.25739386677742004
v -0.06040750443935394 -0.48655107617378235 -0.2647460997104645
v 0.09019268304109573 0.1673189103603363 -0.29288792610168457
v 0.09627757221460342 -0.0426090769469738 -0.2850284278392792
v 0.11402500420808792 -0.024861609563231468 -0.2629716992378235
v -0.2305295169353485 0.025592140853405 -0.26525336503982544
v -0.21937385201454163 0.014690102078020573 -0.2675350308418274
v 0.12670183181762695 -0.012184765189886093 -0.28401392698287964
v -0.12480565160512924 0.17137497663497925 -0.2908608913421631
v -0.14838452637195587 0.17112235724925995 -0.2890844941139221
v -0.2198811024427414 0.16960057616233826 -0.2599281668663025
v -0.0680137649178505 -0.3509086072444916 -0.2748872637748718
v 0.024273378774523735 0.17872722446918488 -0.2703239321708679
v -0.07156317681074142 -0.4391394853591919 -0.28401392698287964
v -0.07207023352384567 -0.4518169164657593 -0.27285823225975037
v 0.278062105178833 0.024070771411061287 -0.257901132106781
v -0.06928131729364395 -0.47387364506721497 -0.2660132646560669
v -0.23179864883422852 0.15996667742729187 -0.2599281668663025
v 0.1629575788974762 0.16452999413013458 -0.30835428833961487
v 0.13582909107208252 0.1673189103603363 -0.31976258754730225
v 0.08588258922100067 -0.06745558977127075 -0.2786906957626343
v 0.0825866162776947 -0.07759702950716019 -0.26525336503982544
v 0.2534691095352173 0.0050555989146232605 -0.27336549758911133
v -0.013756980188190937 -0.48832547664642334 -0.2827467620372772
v 0.2707098722457886 0.15413421392440796 -0.261449933052063
v 0.10920784622430801 0.1673189103603363 -0.3093687891960144
v -0.08702893555164337 -0.014466626569628716 -0.27590179443359375
v 0.16447876393795013 0.16351547837257385 -0.2862955927848816
v -0.21861395239830017 0.16377010941505432 -0.28401392698287964
v -0.11365017294883728 0.0007455117302015424 -0.2764090597629547
v -0.054322801530361176 -0.05934244021773338 -0.295424222946167
v 0.2516946792602539 0.1614864617586136 -0.26702776551246643
v 0.2707098722457886 0.012661668471992016 -0.2642388343811035
v 0.05419056862592697 0.17137497663497925 -0.27311286330223083
v -0.023391278460621834 0.17720744013786316 -0.2657606303691864
v 0.05824723839759827 -0.4682958126068115 -0.2675350308418274
v -0.16714628040790558 0.014436469413340092 -0.3278767168521881
v -0.13063710927963257 0.014690102078020573 -0.3418212831020355
v -0.11212900280952454 0.004295118153095245 -0.29948028922080994
v -0.02592676877975464 0.17492379248142242 -0.28071773052215576
v 0.014385483227670193 0.17872722446918488 -0.2850284278392792
v 0.048359308391809464 -0.4822404086589813 -0.26550599932670593
v -0.06497121602296829 -0.24670551717281342 -0.2786906957626343
v -0.06268936395645142 -0.2340286672115326 -0.2756471633911133
v -0.0588863268494606 -0.22845083475112915 -0.30860692262649536
v -0.05001271143555641 -0.4860438108444214 -0.27437999844551086
v -0.18793585896492004 0.009112265892326832 -0.2865501940250397
v 0.26792094111442566 0.012661668471992016 -0.27336549758911133
v 0.2778094708919525 0.03522644564509392 -0.2688021659851074
v -0.2135433852672577 0.16478262841701508 -0.2911135256290436
v 0.276287704706192 0.14500756561756134 -0.2672803997993469
v -0.06776013970375061 -0.3534448742866516 -0.27894333004951477
v -0.06699945032596588 -0.361304372549057 -0.2921280562877655
v 0.008047087118029594 -0.4875636100769043 -0.28198689222335815
v -0.2274879664182663 0.16174107789993286 -0.26829490065574646
v -0.23027688264846802 0.03345164284110069 -0.2769162952899933
v 0.27578043937683105 0.023310283198952675 -0.2677876651287079
v -0.23230589926242828 0.15235981345176697 -0.27412739396095276
v 0.15053416788578033 -0.0038180111441761255 -0.26829490065574646
v 0.2658939063549042 0.15590862929821014 -0.26854953169822693
v -0.07511277496814728 -0.02562209777534008 -0.27742356061935425
v 0.23191966116428375 0.1614864617586136 -0.297198623418808
v -0.2292623668909073 0.04486074671149254 -0.28807199001312256
v -0.22469905018806458 0.09252559393644333 -0.3192553222179413
v 0.08917856216430664 -0.056299999356269836 -0.2921280562877655
v -0.10300156474113464 -0.0010290932841598988 -0.2906062602996826
v 0.215693399310112 0.003534429706633091 -0.27615442872047424
v -0.05964701622724533 -0.046919189393520355 -0.2878173589706421
v -0.06649239361286163 -0.3100893497467041 -0.2842685580253601
v -0.06928131729364395 -0.46474698185920715 -0.27615442872047424
v -0.2026403248310089 0.16782617568969727 -0.30531075596809387
v -0.06167524680495262 -0.47869160771369934 -0.27412739396095276
v -0.06674602627754211 -0.41860252618789673 -0.32103174924850464
v -0.07004199922084808 -0.4251948893070221 -0.2956768572330475
v -0.06826719641685486 -0.3818393349647522 -0.29314255714416504
v -0.22672808170318604 0.023817339912056923 -0.27412739396095276
v 0.24332794547080994 0.005816287361085415 -0.2878173589706421
v 0.05419056862592697 -0.46753591299057007 -0.28401392698287964
v 0.060782525688409805 -0.45891451835632324 -0.27742356061935425
v -0.21430326998233795 0.013929413631558418 -0.2748872637748718
v 0.25575074553489685 0.1579376608133316 -0.2832540273666382
v 0.27273890376091003 0.1470365971326828 -0.27590179443359375
v 0.17233824729919434 0.0030273732263594866 -0.2860429584980011
v -0.22368453443050385 0.16300822794437408 -0.2769162952899933
v -0.18692134320735931 0.17264212667942047 -0.3268622159957886
v 0.06382507085800171 -0.4452245533466339 -0.2736201286315918
v 0.1956637054681778 0.004295118153095245 -0.2824941575527191
v -0.08500050753355026 0.17264212667942047 -0.2893391251564026
v -0.20010603964328766 0.008351577445864677 -0.2736201286315918
v 0.04176735505461693 -0.47716981172561646 -0.2847757935523987
v 0.2734987735748291 0.023310283198952675 -0.27767619490623474
v 0.09982697665691376 -0.035763658583164215 -0.2987203896045685
v 0.11453226208686829 -0.018269658088684082 -0.3096214234828949
v 0.08030475676059723 -0.27636969089508057 -0.37401917576789856
v 0.08715033531188965 -0.16988416016101837 -0.38618937134742737
v -0.02871568687260151 0.17467115819454193 -0.29593145847320557
v -0.001333742868155241 0.17898184061050415 -0.3060726225376129
v -0.010461005382239819 0.1782199740409851 -0.31469202041625977
v 0.2689354717731476 0.14881101250648499 -0.2842685580253601
v 0.24941302835941315 0.0055626630783081055 -0.2814796268939972
v -0.05254800245165825 -0.10142934322357178 -0.30886155366897583
v -0.22393915057182312 0.03116978518664837 -0.29618412256240845
v -0.2211502343416214 0.04080428183078766 -0.31773555278778076
v -0.06547828018665314 -0.2849890887737274 -0.2939024567604065
v -0.06674602627754211 -0.2979191839694977 -0.29593145847320557
v -0.12353809922933578 0.005309231113642454 -0.2857903242111206
v -0.06725308299064636 -0.3493868410587311 -0.2786906957626343
v 0.276794970035553 0.13613376021385193 -0.28071773052215576
v 0.26487940549850464 0.012661668471992016 -0.2824941575527191
v -0.06345004588365555 -0.3166816830635071 -0.32584768533706665
v -0.06421073526144028 -0.39350226521492004 -0.3435956835746765
v 0.03720363229513168 0.17644555866718292 -0.3167210519313812
v 0.008047087118029594 0.1794891059398651 -0.297198623418808
v -0.20948731899261475 0.01342235691845417 -0.2827467620372772
v -0.22241738438606262 0.022296171635389328 -0.28223952651023865
v -0.12404515594244003 0.17289675772190094 -0.31469202041625977
v -0.05178732052445412 -0.4794514775276184 -0.2835066616535187
v -0.2290097326040268 0.15413421392440796 -0.2827467620372772
v -0.06928131729364395 -0.4551110863685608 -0.28680282831192017
v -0.19376830756664276 0.008858634158968925 -0.2799578607082367
v 0.06407849490642548 -0.4421810209751129 -0.2974512577056885
v 0.06331781297922134 0.16985321044921875 -0.3048054873943329
v -0.2290097326040268 0.13157004117965698 -0.296691358089447
v 0.20326977968215942 0.16326285898685455 -0.3078470230102539
v -0.06345004588365555 -0.2700299918651581 -0.29162079095840454
v -0.058632902801036835 0.17492379248142242 -0.3126649856567383
v -0.07207023352384567 0.17771270871162415 -0.33801788091659546
v -0.0639571025967598 -0.031453561037778854 -0.30404359102249146
v -0.052040945738554 -0.07430105656385422 -0.3065798878669739
v -0.01781364344060421 -0.4761553108692169 -0.3012546896934509
v -0.0015872729709371924 -0.4759026765823364 -0.3030290901660919
v -0.06116819009184837 0.17314939200878143 -0.2908608913421631
v 0.24003177881240845 0.006576975807547569 -0.296691358089447
v -0.22723333537578583 0.0324375219643116 -0.2865501940250397
v 0.274513304233551 0.03370526805520058 -0.2893391251564026
v 0.27121710777282715 0.022296171635389328 -0.2875647246837616
v 0.03187946602702141 -0.4759026765823364 -0.29466232657432556
v -0.06268936395645142 -0.2553257346153259 -0.301509290933609
v -0.2041621059179306 0.012661668471992016 -0.2895917594432831
v -0.05356212332844734 -0.472099244594574 -0.29263532161712646
v 0.27400603890419006 0.13892267644405365 -0.28984639048576355
v 0.05647243559360504 -0.4596764147281647 -0.29339519143104553
v 0.14571702480316162 0.002266684779897332 -0.3220442533493042
v 0.15129484236240387 0.005816287361085415 -0.33801788091659546
v 0.17943726480007172 0.009112265892326832 -0.3266095817089081
v 0.26183584332466125 0.012154611758887768 -0.29162079095840454
v -0.0639571025967598 -0.46170344948768616 -0.29288792610168457
v -0.2181066870689392 0.02102842554450035 -0.2908608913421631
v 0.06965633481740952 -0.40440529584884644 -0.31596115231513977
v -0.2244444191455841 0.15616323053836823 -0.2903536558151245
v 0.032893601804971695 -0.4609435498714447 -0.31798818707466125
v 0.03492197394371033 -0.46931031346321106 -0.30404359102249146
v 0.13557565212249756 -0.005592812784016132 -0.2911135256290436
v 0.2123970240354538 0.007591088768094778 -0.3080996572971344
v -0.06674602627754211 -0.3022298812866211 -0.2987203896045685
v -0.06598533689975739 -0.31237098574638367 -0.3111431896686554
v -0.042153019458055496 -0.47716981172561646 -0.2921280562877655
v 0.2658939063549042 0.15058541297912598 -0.29314255714416504
v 0.04531695693731308 -0.470324844121933 -0.29339519143104553
v -0.22799521684646606 0.14424768090248108 -0.29466232657432556
v -0.0697883740067482 -0.0215656366199255 -0.3093687891960144
v -0.0687742531299591 -0.44319555163383484 -0.29795852303504944
v 0.234453946352005 0.008605209179222584 -0.31519925594329834
v 0.2501729428768158 0.01164755504578352 -0.31646642088890076
v -0.1993461549282074 0.012661668471992016 -0.2974512577056885
v 0.2686828374862671 0.0215354822576046 -0.297198623418808
v 0.24637149274349213 0.16021929681301117 -0.29795852303504944
v -0.20872542262077332 0.16605177521705627 -0.298973023891449
v -0.2135433852672577 0.019760681316256523 -0.2984657883644104
v -0.22495166957378387 0.14678198099136353 -0.30404359102249146
v 0.2582870423793793 0.012154611758887768 -0.2999875247478485
v -0.193261057138443 0.012661668471992016 -0.30404359102249146
v -0.18616145849227905 0.012661668471992016 -0.3093687891960144
v -0.06446415930986404 -0.4523221552371979 -0.30277642607688904
v 0.2714717388153076 0.14145876467227936 -0.29948028922080994
v -0.06446415930986404 -0.2801731526851654 -0.29770585894584656
v 0.058754291385412216 -0.4515622854232788 -0.30277642607688904
v -0.03860361501574516 -0.46068891882896423 -0.31646642088890076
v -0.22013571858406067 0.02914155088365078 -0.3048054873943329
v -0.06116819009184837 -0.28422921895980835 -0.32280614972114563
v -0.057111725211143494 -0.2586216926574707 -0.3486662805080414
v -0.05812583863735199 -0.2819475531578064 -0.3499334156513214
v 0.1043907031416893 0.17796733975410461 -0.37401917576789856
v 0.05621900409460068 0.17441852390766144 -0.332947313785553
v 0.27248427271842957 0.0324375219643116 -0.29973292350769043
v -0.05508328974246979 -0.4642397463321686 -0.3012546896934509
v -0.0036155637353658676 -0.46652141213417053 -0.31697365641593933
v -0.06547828018665314 -0.2867634892463684 -0.29770585894584656
v -0.08449345082044601 -0.010156531818211079 -0.2982131242752075
v 0.04810567572712898 -0.4629705846309662 -0.30226919054985046
v -0.05508328974246979 -0.04945453628897667 -0.30860692262649536
v 0.07117751240730286 -0.394009530544281 -0.3266095817089081
v 0.0716845691204071 -0.37321993708610535 -0.3250878155231476
v -0.06547828018665314 -0.4061796963214874 -0.3321874141693115
v 0.2623431086540222 0.15210716426372528 -0.3017619252204895
v -0.06370347738265991 -0.43254712224006653 -0.3235660195350647
v -0.06421073526144028 -0.4426882863044739 -0.3129175901412964
v -0.14103209972381592 0.1767001748085022 -0.3435956835746765
v 0.2704572379589081 0.13613376021385193 -0.32255151867866516
v 0.2691880762577057 0.14424768090248108 -0.30886155366897583
v 0.24890579283237457 0.1609811931848526 -0.32407328486442566
v 0.22760896384716034 0.16503725945949554 -0.3283839821815491
v -0.08753599226474762 -0.004578696098178625 -0.3129175901412964
v -0.20872542262077332 0.01900019310414791 -0.3065798878669739
v 0.004751110449433327 0.18100889027118683 -0.3124103546142578
v 0.26614654064178467 0.02102842554450035 -0.3065798878669739
v 0.27121710777282715 0.10925889760255814 -0.32584768533706665
v -0.09032491594552994 0.000999139971099794 -0.3281293511390686
v -0.20669838786125183 0.16528987884521484 -0.32255151867866516
v -0.21100708842277527 0.16300822794437408 -0.3144393861293793
v -0.22038835287094116 0.15210716426372528 -0.3121577203273773
v 0.2544836103916168 0.011901180259883404 -0.30886155366897583
v 0.01185012049973011 -0.4505477547645569 -0.3385251462459564
v 0.11884234845638275 -0.012945449911057949 -0.3245805501937866
v 0.1320260465145111 -0.0015363497659564018 -0.34613001346588135
v -0.21607767045497894 0.027620375156402588 -0.31317222118377686
v -0.010461005382239819 -0.4523221552371979 -0.3357362151145935
v 0.21315771341323853 0.010633435100317001 -0.33193278312683105
v 0.060782525688409805 -0.4434501528739929 -0.3126649856567383
v -0.056351035833358765 -0.4558729827404022 -0.3108885586261749
v 0.2707098722457886 0.031423408538103104 -0.3096214234828949
v 0.05064116790890694 -0.45561835169792175 -0.3113958239555359
v 0.0876573920249939 -0.05934244021773338 -0.30277642607688904
v -0.20289495587348938 0.16833342611789703 -0.330665647983551
v -0.19833163917064667 0.017732447013258934 -0.32128435373306274
v -0.1978243738412857 0.02305665984749794 -0.3451174795627594
v -0.18793585896492004 0.020014306530356407 -0.3481590151786804
v 0.26006144285202026 0.15464147925376892 -0.3108885586261749
v 0.2702026069164276 0.1264994591474533 -0.3344690799713135
v -0.0728309229016304 -0.013959566131234169 -0.32407328486442566
v -0.06167524680495262 -0.3676421046257019 -0.36641430854797363
v -0.06015406921505928 -0.3818393349647522 -0.36945587396621704
v 0.1033765897154808 -0.02917170338332653 -0.3126649856567383
v -0.05685809254646301 -0.039059631526470184 -0.3220442533493042
v -0.22469905018806458 0.13790856301784515 -0.31697365641593933
v 0.0866432711482048 -0.0644131600856781 -0.33827051520347595
v 0.2638648748397827 0.020521368831396103 -0.31621378660202026
v 0.09069973975419998 -0.05072222277522087 -0.31621378660202026
v -0.2117689698934555 0.026099205017089844 -0.32153698801994324
v -0.053055066615343094 -0.050975751131772995 -0.3187500834465027
v -0.04671674221754074 0.1751784235239029 -0.31367748975753784
v 0.06712104380130768 -0.4226585924625397 -0.3182428181171417
v -0.050773199647665024 -0.1318536251783371 -0.34638461470603943
v 0.2065657675266266 0.17086772620677948 -0.3565257787704468
v 0.26690641045570374 0.14652934670448303 -0.3182428181171417
v -0.2196284681558609 0.06362248212099075 -0.34004688262939453
v -0.057111725211143494 -0.4469989538192749 -0.32077711820602417
v 0.053176458925008774 -0.44750621914863586 -0.32077711820602417
v 0.2686828374862671 0.030662721022963524 -0.31976258754730225
v -0.1045229360461235 0.007337464485317469 -0.3293984830379486
v 0.03771069273352623 -0.4546058177947998 -0.3253404200077057
v -0.06142181530594826 -0.3960385322570801 -0.35728567838668823
v 0.05216233804821968 0.17314939200878143 -0.31798818707466125
v -0.022123733535408974 0.17999635636806488 -0.3387777805328369
v 0.06255732476711273 -0.4343215227127075 -0.32280614972114563
v -0.01908118836581707 0.17796733975410461 -0.3235660195350647
v 0.09399572014808655 -0.04210199788212776 -0.3299037516117096
v -0.04316714033484459 -0.45409858226776123 -0.32382065057754517
v -0.21734680235385895 0.1551487296819687 -0.33472171425819397
v -0.22216275334358215 0.13182367384433746 -0.33979228138923645
v -0.033786267042160034 0.1876012235879898 -0.3998813331127167
v -0.07156317681074142 0.18709397315979004 -0.3996267020702362
v -0.04037821665406227 0.1815161406993866 -0.3565257787704468
v 0.05545831471681595 -0.43964672088623047 -0.33015838265419006
v -0.08525414019823074 -0.0007756650447845459 -0.3357362151145935
v -0.07587326318025589 -0.0068605574779212475 -0.33953961730003357
v 0.24155354499816895 0.011901180259883404 -0.3326926827430725
v 0.24662412703037262 0.011901180259883404 -0.3253404200077057
v 0.2608233392238617 0.019760681316256523 -0.3253404200077057
v 0.09779874980449677 -0.03398885205388069 -0.3441029489040375
v 0.024273378774523735 0.18379780650138855 -0.3517078459262848
v 0.05444420129060745 0.17796733975410461 -0.3547513782978058
v -0.05812583863735199 -0.29639941453933716 -0.3636254072189331
v 0.005258188582956791 0.18633408844470978 -0.3466372787952423
v -0.057872213423252106 -0.2309863269329071 -0.345624715089798
v -0.1777946949005127 0.016464702785015106 -0.33801788091659546
v -0.05457623675465584 -0.19853362441062927 -0.34461021423339844
v -0.13494721055030823 0.01747901551425457 -0.35855481028556824
v -0.04620968550443649 -0.44649168848991394 -0.331172913312912
v 0.06636036187410355 -0.4158135950565338 -0.34258121252059937
v 0.017174389213323593 0.18379780650138855 -0.33370718359947205
v -0.21861395239830017 0.03979016840457916 -0.32762208580970764
v 0.2575271427631378 0.1566704958677292 -0.332440048456192
v 0.03213299438357353 -0.4439554512500763 -0.3430884778499603
v 0.26487940549850464 0.14906363189220428 -0.3281293511390686
v -0.04975908622145653 -0.054018180817365646 -0.3405521810054779
v -0.04975908622145653 -0.06492021679878235 -0.32914385199546814
v 0.11123628169298172 -0.018269658088684082 -0.3418212831020355
v 0.26944270730018616 0.04156477004289627 -0.331172913312912
v 0.2707098722457886 0.06387590616941452 -0.3296511173248291
v 0.08917856216430664 -0.0535111203789711 -0.3512025773525238
v 0.06458555907011032 -0.4249402582645416 -0.3326926827430725
v -0.057111725211143494 -0.4376177191734314 -0.33041101694107056
v 0.26665380597114563 0.029902232810854912 -0.3299037516117096
v -0.21557240188121796 0.039029479026794434 -0.3372580111026764
v -0.05913995951414108 -0.02917170338332653 -0.33624348044395447
v -0.10832596570253372 0.011140499264001846 -0.3448628783226013
v -0.06345004588365555 -0.42139145731925964 -0.3344690799713135
v -0.22216275334358215 0.08922960609197617 -0.34156668186187744
v 0.09146042913198471 0.18430505692958832 -0.4092606008052826
v 0.04176735505461693 0.18658670783042908 -0.3899928033351898
v -0.20999455451965332 0.028127431869506836 -0.3321874141693115
v 0.20783330500125885 0.014436469413340092 -0.3618509769439697
v 0.22913073003292084 0.017986079677939415 -0.37985166907310486
v 0.23977914452552795 0.016971958801150322 -0.3656524121761322
v 0.04607744514942169 -0.44015398621559143 -0.3405521810054779
v -0.18387958407402039 0.18405242264270782 -0.373006671667099
v -0.2074582874774933 0.18481230735778809 -0.3844149708747864
v -0.20948731899261475 0.18075624108314514 -0.3757956027984619
v 0.2691880762577057 0.13917610049247742 -0.3326926827430725
v 0.12771596014499664 -0.002803894691169262 -0.3542441129684448
v 0.2580344080924988 0.01950724981725216 -0.3344690799713135
v -0.06421073526144028 -0.015227111056447029 -0.3532296121120453
v 0.24003177881240845 0.1655445098876953 -0.3392850160598755
v -0.023644907400012016 -0.4373650550842285 -0.35069531202316284
v 0.07320574671030045 -0.38260123133659363 -0.35982194542884827
v 0.07498054206371307 -0.3628241717815399 -0.3580475449562073
v -0.054322801530361176 -0.19320940971374512 -0.3793444037437439
v -0.04570242762565613 -0.12272638082504272 -0.4026702344417572
v -0.05660446733236313 -0.03043924830853939 -0.34613001346588135
v -0.21759945154190063 0.15692314505577087 -0.34765177965164185
v 0.25397634506225586 0.1597120612859726 -0.3408068120479584
v 0.2656392753124237 0.1455148309469223 -0.35246971249580383
v 0.2582870423793793 0.15743039548397064 -0.3565257787704468
v 0.2674136757850647 0.14221864938735962 -0.3423285484313965
v 0.0057652671821415424 -0.4373650550842285 -0.3562731444835663
v 0.26487940549850464 0.11280850321054459 -0.378329873085022
v 0.13684339821338654 0.0030273732263594866 -0.36134374141693115
v 0.15636563301086426 0.009112265892326832 -0.35373684763908386
v -0.20999455451965332 0.17771270871162415 -0.36337077617645264
v -0.03885704651474953 -0.4348287880420685 -0.3486662805080414
v 0.26792094111442566 0.04080428183078766 -0.34156668186187744
v 0.23800474405288696 0.012661668471992016 -0.34131407737731934
v 0.07219162583351135 -0.39198246598243713 -0.3496807813644409
v 0.05774017423391342 -0.43077272176742554 -0.34004688262939453
v -0.20999455451965332 0.17010784149169922 -0.3512025773525238
v -0.17601989209651947 0.020014306530356407 -0.36159634590148926
v -0.08829648047685623 0.004295118153095245 -0.35069531202316284
v -0.21607767045497894 0.049424462020397186 -0.34942618012428284
v 0.2643721401691437 0.028888119384646416 -0.33953961730003357
v -0.057872213423252106 -0.42722392082214355 -0.3405521810054779
v -0.21785405278205872 0.15210716426372528 -0.3593147099018097
v 0.010835985653102398 -0.43102535605430603 -0.3636254072189331
v -0.014010608196258545 -0.4236731231212616 -0.3689486086368561
v 0.2547382414340973 0.01900019310414791 -0.34334108233451843
v -0.22013571858406067 0.09987802803516388 -0.3512025773525238
v -0.061928872019052505 -0.4099831283092499 -0.3451174795627594
v -0.00031960770138539374 0.18658670783042908 -0.35373684763908386
v -0.21709218621253967 0.07325677573680878 -0.3618509769439697
v 0.09399572014808655 -0.040073707699775696 -0.36514517664909363
v 0.0767553448677063 -0.3204851448535919 -0.3547513782978058
v 0.08030475676059723 -0.30907484889030457 -0.3884710371494293
v 0.07726240158081055 -0.350401371717453 -0.3920218348503113
v -0.11846733093261719 0.18227802217006683 -0.37123027443885803
v -0.05457623675465584 -0.20943565666675568 -0.38010427355766296
v -0.05051977559924126 -0.04362320899963379 -0.35373684763908386
v 0.26766830682754517 0.1333448439836502 -0.3550040125846863
v -0.05736515671014786 -0.41682812571525574 -0.35069531202316284
v 0.21493151783943176 0.17746007442474365 -0.3981049060821533
v 0.12847663462162018 0.17999635636806488 -0.39430347084999084
v 0.24484972655773163 0.16605177521705627 -0.35525864362716675
v 0.26183584332466125 0.028381062671542168 -0.34891894459724426
v -0.1628361940383911 0.020521368831396103 -0.373006671667099
v 0.049119990319013596 -0.43178725242614746 -0.3496807813644409
v 0.24713139235973358 0.018493136391043663 -0.36007457971572876
v 0.2516946792602539 0.01900019310414791 -0.35246971249580383
v -0.16232892870903015 0.18100889027118683 -0.3643852770328522
v 0.051148224622011185 -0.4234204888343811 -0.3590620756149292
v 0.06154320761561394 -0.4127720594406128 -0.35982194542884827
v -0.2023877054452896 0.02711331844329834 -0.34942618012428284
v 0.03695020452141762 -0.4376177191734314 -0.3501880466938019
v 0.2674136757850647 0.05195975303649902 -0.35196244716644287
v -0.15421579778194427 0.18557420372962952 -0.3811188042163849
v -0.20948731899261475 0.037001244723796844 -0.3560185134410858
v 0.11148971319198608 -0.014973683282732964 -0.36514517664909363
v 0.22913073003292084 0.1690933257341385 -0.3529769778251648
v 0.2658939063549042 0.03953653573989868 -0.3517078459262848
v -0.213796004652977 0.04815671592950821 -0.35982194542884827
v -0.2011205554008484 0.029395176097750664 -0.3605818450450897
v -0.044688306748867035 -0.14757300913333893 -0.4417131245136261
v -0.046970173716545105 -0.19777293503284454 -0.4445020258426666
v -0.04747723042964935 -0.08266781270503998 -0.3618509769439697
v -0.018827758729457855 0.18354515731334686 -0.3605818450450897
v 0.14647769927978516 0.008098145015537739 -0.36920323967933655
v -0.048237912356853485 -0.41784265637397766 -0.3608364760875702
v -0.042153019458055496 -0.4264620244503021 -0.3562731444835663
v 0.03035825304687023 -0.42392775416374207 -0.3686959743499756
v 0.0757412314414978 -0.36206427216529846 -0.3811188042163849
v -0.20821817219257355 0.11331555992364883 -0.41407856345176697
v -0.2117689698934555 0.08213059604167938 -0.3932889699935913
v -0.054322801530361176 -0.25684690475463867 -0.38618937134742737
v 0.004244053270667791 0.18861573934555054 -0.3689486086368561
v -0.05533692240715027 -0.024607982486486435 -0.3702177405357361
v -0.048744965344667435 -0.04539797455072403 -0.3643852770328522
v 0.2595541775226593 0.028127431869506836 -0.35855481028556824
v -0.07105612009763718 -0.002803894691169262 -0.3717375099658966
v -0.06421073526144028 -0.011931137181818485 -0.3653998076915741
v -0.05761878192424774 -0.22769033908843994 -0.35678040981292725
v -0.059900447726249695 -0.35268303751945496 -0.37858450412750244
v -0.21405062079429626 0.05905876308679581 -0.3719921410083771
v 0.2656392753124237 0.05094563961029053 -0.3623562455177307
v -0.0018408215837553144 0.19013752043247223 -0.37554097175598145
v -0.10021264106035233 0.014436469413340092 -0.3745264410972595
v -0.08626824617385864 0.008098145015537739 -0.37351194024086
v -0.11035420000553131 0.018493136391043663 -0.3839077353477478
v -0.14103209972381592 0.18709397315979004 -0.3930343687534332
v 0.16726768016815186 0.015957646071910858 -0.3859367370605469
v 0.24028639495372772 0.16858606040477753 -0.3626108765602112
v 0.26361024379730225 0.14855638146400452 -0.3623562455177307
v 0.2641175091266632 0.038522422313690186 -0.36159634590148926
v 0.06914927810430527 -0.3955312967300415 -0.3636254072189331
v 0.13278673589229584 0.004295118153095245 -0.3930343687534332
v 0.003483446314930916 -0.4140391945838928 -0.3826405704021454
v 0.22228574752807617 0.17264212667942047 -0.3699631094932556
v -0.034546948969364166 -0.4234204888343811 -0.3626108765602112
v 0.25575074553489685 0.16021929681301117 -0.36590704321861267
v 0.08968562632799149 -0.05680707469582558 -0.377822607755661
v -0.20289495587348938 0.03522644564509392 -0.3745264410972595
v 0.00754000898450613 0.19267182052135468 -0.38340047001838684
v 0.26462477445602417 0.13993698358535767 -0.37528833746910095
v 0.24332794547080994 0.01874656043946743 -0.3686959743499756
v -0.21430326998233795 0.168840691447258 -0.3684413433074951
v 0.2529618740081787 0.16377010941505432 -0.37478107213974
v 0.23977914452552795 0.17036046087741852 -0.37376657128334045
v -0.02187010645866394 0.18506693840026855 -0.37554097175598145
v 0.2565126419067383 0.027366749942302704 -0.36768147349357605
v -0.210247203707695 0.15210716426372528 -0.4014011025428772
v 0.05343008041381836 -0.4140391945838928 -0.3684413433074951
v 0.03517540544271469 -0.41682812571525574 -0.3757956027984619
v 0.08385435491800308 -0.26572129130363464 -0.40799346566200256
v -0.1902175098657608 0.026099205017089844 -0.37478107213974
v 0.2653866410255432 0.07959531247615814 -0.3704703748226166
v 0.2610759735107422 0.07883462309837341 -0.40165573358535767
v 0.2534691095352173 0.02685968577861786 -0.3768081068992615
v -0.04722379893064499 -0.4069395959377289 -0.3719921410083771
v -0.20847280323505402 0.045874860137701035 -0.3795970380306244
v 0.04303509742021561 -0.41074302792549133 -0.37985166907310486
v 0.06407849490642548 -0.3924877643585205 -0.38010427355766296
v 0.07193820178508759 -0.3749943673610687 -0.3844149708747864
v 0.11199676990509033 -0.012438393197953701 -0.3889783024787903
v -0.17500577867031097 0.18785585463047028 -0.3889783024787903
v 0.26183584332466125 0.1518525630235672 -0.3719921410083771
v 0.26183584332466125 0.03801535815000534 -0.3714849054813385
v -0.05533692240715027 -0.39223513007164 -0.37427380681037903
v 0.09399572014808655 -0.04083431512117386 -0.38492223620414734
v 0.09146042913198471 -0.11613442748785019 -0.4295448958873749
v 0.09222091734409332 -0.07937177270650864 -0.4259941279888153
v -0.05584397912025452 -0.29969358444213867 -0.40089383721351624
v -0.05559035390615463 -0.3415273427963257 -0.4044446349143982
v -0.1511734575033188 0.022042538970708847 -0.38644397258758545
v -0.04570242762565613 -0.04945453628897667 -0.3836550712585449
v 0.009061221964657307 -0.395783931016922 -0.40089383721351624
v 0.028837040066719055 -0.40085452795028687 -0.39379623532295227
v 0.08917856216430664 -0.22439438104629517 -0.4498272240161896
v -0.2117689698934555 0.057537589222192764 -0.3823859393596649
v -0.06725308299064636 -0.004578696098178625 -0.38035890460014343
v -0.05406918004155159 -0.023340437561273575 -0.3811188042163849
v 0.26183584332466125 0.14652934670448303 -0.39557063579559326
v 0.10286952555179596 -0.02283318154513836 -0.38796377182006836
v -0.05913995951414108 -0.36865663528442383 -0.3806115388870239
v 0.0549512580037117 -0.40415066480636597 -0.37858450412750244
v 0.040246181190013885 0.18963025510311127 -0.41154226660728455
v 0.2113829106092453 0.02026773802936077 -0.3993740677833557
v 0.23065249621868134 0.02026773802936077 -0.39252710342407227
v -0.20035865902900696 0.18810848891735077 -0.38948556780815125
v -0.03606812655925751 -0.403643399477005 -0.3821333050727844
v 0.1786767691373825 0.018493136391043663 -0.3953160345554352
v 0.2504275441169739 0.02635263092815876 -0.3856821358203888
v -0.20923268795013428 0.1690933257341385 -0.3998813331127167
v 0.22557993233203888 0.020521368831396103 -0.3998813331127167
v 0.2625977396965027 0.04866377264261246 -0.3828932046890259
v 0.23546846210956573 0.17264212667942047 -0.38162606954574585
v -0.05051977559924126 -0.024100925773382187 -0.40089383721351624
v -0.07130954414606094 0.0032809977419674397 -0.3965851366519928
v -0.04773085564374924 -0.39629119634628296 -0.38162606954574585
v -0.05153388902544975 -0.21374575793743134 -0.39557063579559326
v 0.25980880856513977 0.15438883006572723 -0.38162606954574585
v -0.05482986569404602 -0.38082683086395264 -0.38517487049102783
v 0.021230950951576233 0.19292645156383514 -0.3950633704662323
v -0.094635009765625 0.01342235691845417 -0.38162606954574585
v 0.2575271427631378 0.036494188010692596 -0.39125996828079224
v 0.24966765940189362 0.16655902564525604 -0.38314783573150635
v -0.04367419332265854 -0.07328692078590393 -0.39911943674087524
v -0.19554270803928375 0.18963025510311127 -0.3965851366519928
v -0.19909152388572693 0.03446575626730919 -0.38340047001838684
v 0.2359757274389267 0.17441852390766144 -0.3932889699935913
v -0.08424002677202225 0.01164755504578352 -0.39633050560951233
v -0.1618218719959259 0.024070771411061287 -0.3968377709388733
v 0.05621900409460068 -0.39324963092803955 -0.3887256383895874
v -0.20973993837833405 0.17923448979854584 -0.3874565362930298
v -0.1886977255344391 0.028127431869506836 -0.3859367370605469
v -0.006911599077284336 0.19292645156383514 -0.39430347084999084
v 0.24763864278793335 0.026606261730194092 -0.3950633704662323
v -0.2056838721036911 0.04486074671149254 -0.38923290371894836
v 0.17740902304649353 0.18633408844470978 -0.44729092717170715
v -0.05356212332844734 -0.3689092695713043 -0.39557063579559326
v 0.059261348098516464 0.18886837363243103 -0.42802315950393677
v -0.04595605283975601 -0.09509102255105972 -0.42092353105545044
v -0.04620968550443649 -0.10802130401134491 -0.42498159408569336
v 0.0009480769513174891 -0.38716456294059753 -0.40850070118904114
v -0.15041276812553406 0.18861573934555054 -0.4272632598876953
v 0.2580344080924988 0.15743039548397064 -0.3917672038078308
v 0.24890579283237457 0.16807880997657776 -0.39404886960983276
v -0.046970173716545105 -0.3848828971385956 -0.3920218348503113
v 0.2567652761936188 0.13309122622013092 -0.4389241933822632
v 0.23166503012180328 0.1767001748085022 -0.4011484682559967
v -0.05128025636076927 -0.0180160291492939 -0.41128963232040405
v 0.06636036187410355 -0.3691639006137848 -0.40317749977111816
v -0.19579535722732544 0.03370526805520058 -0.3922744393348694
v -0.05178732052445412 -0.3554719090461731 -0.40774083137512207
v -0.17221684753894806 0.026606261730194092 -0.4072335660457611
v 0.1847616732120514 0.024578029289841652 -0.4351227283477783
v -0.20923268795013428 0.05626984313130379 -0.39252710342407227
v 0.008300616405904293 0.1952080875635147 -0.39557063579559326
v -0.03581469506025314 0.18963025510311127 -0.4168674647808075
v -0.04671674221754074 0.19039015471935272 -0.4247269630432129
v -0.04291370511054993 -0.04894746094942093 -0.4090079665184021
v -0.1024945005774498 0.021282050758600235 -0.4138259291648865
v 0.2608233392238617 0.0473962277173996 -0.3932889699935913
v 0.23521581292152405 0.17771270871162415 -0.41585296392440796
v 0.25879430770874023 0.04688917100429535 -0.40343013405799866
v -0.20872542262077332 0.06742552667856216 -0.4039373993873596
v 0.07853014767169952 -0.33899304270744324 -0.4029228687286377
v -0.1886977255344391 0.1891229897737503 -0.4026702344417572
v -0.20771288871765137 0.1812635064125061 -0.3978523015975952
v -0.002601428423076868 0.19647525250911713 -0.4092606008052826
v -0.04189939424395561 -0.3833611011505127 -0.3981049060821533
v -0.03860361501574516 -0.05579293891787529 -0.44856008887290955
v 0.03644314780831337 -0.3818393349647522 -0.410022497177124
v 0.057233117520809174 -0.3818393349647522 -0.3998813331127167
v -0.052040945738554 -0.2819475531578064 -0.4368971288204193
v 0.10033423453569412 -0.026636214926838875 -0.40343013405799866
v -0.2023877054452896 0.043846625834703445 -0.3986121714115143
v 0.25524550676345825 0.0354800671339035 -0.40089383721351624
v -0.1917392909526825 0.03319821134209633 -0.40089383721351624
v 0.2562580108642578 0.16072656214237213 -0.40165573358535767
v -0.045448996126651764 -0.11714854091405869 -0.43765705823898315
v 0.15230897068977356 0.014690102078020573 -0.40850070118904114
v 0.12746252119541168 0.0017596246907487512 -0.41306403279304504
v 0.13658976554870605 0.009112265892326832 -0.42853042483329773
v 0.2438352108001709 0.026099205017089844 -0.40317749977111816
v -0.04595605283975601 -0.37169817090034485 -0.40368276834487915
v -0.19249917566776276 0.18633408844470978 -0.41889649629592896
v 0.07954426854848862 -0.3275827467441559 -0.4138259291648865
v -0.20669838786125183 0.05474867299199104 -0.4026702344417572
v 0.25423097610473633 0.16402274370193481 -0.4107823669910431
v 0.24865315854549408 0.17010784149169922 -0.4168674647808075
v -0.05381574481725693 -0.3288518786430359 -0.41585296392440796
v -0.17348459362983704 0.18709397315979004 -0.43765705823898315
v -0.20365484058856964 0.1845596730709076 -0.4062190651893616
v -0.20644375681877136 0.0790882557630539 -0.42168542742729187
v 0.07421985268592834 -0.352175772190094 -0.4064716696739197
v 0.23699022829532623 0.02635263092815876 -0.42067089676856995
v 0.2141716331243515 0.02432439662516117 -0.42498159408569336
v -0.0738450363278389 0.01164755504578352 -0.42548686265945435
v -0.059900447726249695 -0.0038180111441761255 -0.4150930643081665
v -0.033786267042160034 -0.3678947389125824 -0.41560032963752747
v 0.006779402494430542 -0.36865663528442383 -0.42675599455833435
v 0.002976368647068739 -0.37753063440322876 -0.4183892607688904
v -0.19909152388572693 0.04283251240849495 -0.40799346566200256
v 0.25879430770874023 0.1533743292093277 -0.415345698595047
v -0.0015872729709371924 -0.3580082058906555 -0.43436089158058167
v -0.18641407787799835 0.03218409791588783 -0.40799346566200256
v -0.16156844794750214 0.028127431869506836 -0.4262487590312958
v 0.24079366028308868 0.026099205017089844 -0.412304162979126
v 0.09272817522287369 -0.0535111203789711 -0.412304162979126
v -0.19909152388572693 0.18709397315979004 -0.41306403279304504
v 0.010328907519578934 0.19622260332107544 -0.40875333547592163
v -0.051026832312345505 -0.2991882860660553 -0.43943145871162415
v -0.052294377237558365 -0.31389278173446655 -0.4272632598876953
v -0.20365484058856964 0.17898184061050415 -0.4186418652534485
v 0.05774017423391342 -0.36967113614082336 -0.41128963232040405
v 0.25270920991897583 0.03471938893198967 -0.4102751314640045
v -0.19427357614040375 0.1815161406993866 -0.4336009919643402
v 0.09424934536218643 -0.046412110328674316 -0.42269793152809143
v -0.14635631442070007 0.027366749942302704 -0.4262487590312958
v 0.1152927428483963 -0.008381730876863003 -0.41281139850616455
v -0.2041621059179306 0.05373455211520195 -0.412304162979126
v -0.061928872019052505 0.0012525682104751468 -0.42498159408569336
v 0.09602394700050354 -0.049201007932424545 -0.4462784230709076
v 0.2278635948896408 0.1815161406993866 -0.4325864911079407
v 0.2575271427631378 0.057030532509088516 -0.4242197275161743
v 0.2549908757209778 0.06793258339166641 -0.4445020258426666
v 0.0440492145717144 -0.3749943673610687 -0.41407856345176697
v -0.20365484058856964 0.06438317149877548 -0.42700862884521484
v 0.05824723839759827 -0.35775357484817505 -0.42269793152809143
v 0.06813516467809677 -0.3471051752567291 -0.42371246218681335
v -0.04443488270044327 -0.35927534103393555 -0.4143311679363251
v -0.20340222120285034 0.1693459451198578 -0.4310646951198578
v -0.20213507115840912 0.16503725945949554 -0.44272762537002563
v -0.20289495587348938 0.15438883006572723 -0.44424939155578613
v 0.07523416727781296 -0.34051284193992615 -0.41737473011016846
v 0.25727254152297974 0.04612848535180092 -0.4133186638355255
v 0.014385483227670193 0.1969825178384781 -0.4353753924369812
v 0.0017086839070543647 0.19799701869487762 -0.4244743585586548
v -0.04240664839744568 -0.04083431512117386 -0.42092353105545044
v 0.04049960896372795 -0.3724600672721863 -0.41762736439704895
v 0.02047034539282322 -0.35572654008865356 -0.4368971288204193
v -0.1815977245569229 0.031677041202783585 -0.41585296392440796
v -0.050266142934560776 -0.34000757336616516 -0.42016366124153137
v -0.044688306748867035 -0.12678304314613342 -0.4498272240161896
v -0.2011205554008484 0.05246680974960327 -0.42193806171417236
v -0.19554270803928375 0.04207182675600052 -0.4168674647808075
v 0.08309367299079895 -0.2994409501552582 -0.42193806171417236
v 0.09957355260848999 -0.02917170338332653 -0.42878302931785583
v 0.11250382661819458 -0.011170648969709873 -0.42827579379081726
v -0.05001271143555641 -0.24670551717281342 -0.44729092717170715
v 0.05419056862592697 -0.36840200424194336 -0.4150930643081665
v 0.2499202936887741 0.03421233221888542 -0.4194037616252899
v 0.08486846834421158 -0.28879252076148987 -0.4323338270187378
v 0.10616550594568253 0.1954607218503952 -0.49064648151397705
v 0.06788153201341629 0.19596798717975616 -0.48126524686813354
v 0.023259244859218597 0.1985042691230774 -0.4663061201572418
v -0.08601482212543488 0.019760681316256523 -0.43461549282073975
v 0.2565126419067383 0.15616323053836823 -0.42523422837257385
v -0.06446415930986404 0.005816287361085415 -0.4341082274913788
v -0.048744965344667435 -0.010156531818211079 -0.4475455582141876
v 0.04785224422812462 -0.3524303734302521 -0.4336009919643402
v -0.035307638347148895 -0.35597917437553406 -0.42371246218681335
v 0.08081181347370148 -0.31718894839286804 -0.4244743585586548
v -0.20035865902900696 0.18100889027118683 -0.42675599455833435
v 0.14977367222309113 0.015957646071910858 -0.42700862884521484
v 0.2532164752483368 0.043846625834703445 -0.43334636092185974
v -0.17601989209651947 0.030916353687644005 -0.4229525625705719
v 0.24130091071128845 0.17619292438030243 -0.43334636092185974
v -0.1978243738412857 0.05170632153749466 -0.4310646951198578
v -0.191991925239563 0.04131133481860161 -0.4257414937019348
v 0.07624828815460205 -0.3288518786430359 -0.42802315950393677
v 0.22279100120067596 0.027620375156402588 -0.44374212622642517
v 0.20124134421348572 0.028888119384646416 -0.4602230191230774
v 0.10261590033769608 -0.02435455471277237 -0.4384189248085022
v -0.04671674221754074 -0.022579751908779144 -0.4275158941745758
v 0.12492703646421432 0.0025203130207955837 -0.4526161551475525
v 0.1411534994840622 0.012661668471992016 -0.43638989329338074
v 0.2499202936887741 0.1690933257341385 -0.42979755997657776
v -0.016799526289105415 0.1939389556646347 -0.4325864911079407
v -0.008179144002497196 0.19672788679599762 -0.46275731921195984
v -0.04620968550443649 0.19571535289287567 -0.46554622054100037
v 0.25575074553489685 0.15895216166973114 -0.4353753924369812
v 0.2253272980451584 0.0324375219643116 -0.46858978271484375
v 0.23014524579048157 0.03193046525120735 -0.46123552322387695
v 0.14571702480316162 0.015957646071910858 -0.44374212622642517
v -0.011221690103411674 0.19571535289287567 -0.42548686265945435
v -0.0489984005689621 -0.32783737778663635 -0.4305574297904968
v 0.23217228055000305 0.026606261730194092 -0.42827579379081726
v 0.24662412703037262 0.03345164284110069 -0.42853042483329773
v -0.1899648755788803 0.17568567395210266 -0.4543905556201935
v -0.08702893555164337 0.2012932002544403 -0.5121979117393494
v -0.12860867381095886 0.19419358670711517 -0.4675752520561218
v -0.1854015588760376 0.03801535815000534 -0.43182656168937683
v -0.0031084849033504725 0.19799701869487762 -0.43182656168937683
v -0.07866217941045761 0.022296171635389328 -0.4680825173854828
v -0.06268936395645142 0.012154611758887768 -0.4701095521450043
v -0.058379270136356354 0.0030273732263594866 -0.4508417546749115
v -0.10579048097133636 0.02432439662516117 -0.4295448958873749
v -0.08398639410734177 0.0215354822576046 -0.4513489902019501
v 0.06914927810430527 -0.3351896107196808 -0.4341082274913788
v -0.037842925637960434 -0.3440636396408081 -0.43157196044921875
v -0.20010603964328766 0.07579226791858673 -0.4483054578304291
v -0.20086592435836792 0.06362248212099075 -0.4358826279640198
v -0.039364103227853775 -0.08596377819776535 -0.452868789434433
v 0.0519087128341198 -0.3425418734550476 -0.4412078261375427
v 0.07776946574449539 -0.3067931830883026 -0.4495725929737091
v -0.1699351966381073 0.03345164284110069 -0.4460237920284271
v -0.15624423325061798 0.030662721022963524 -0.44551652669906616
v 0.2435825765132904 0.03345164284110069 -0.43765705823898315
v 0.05545831471681595 -0.3316408097743988 -0.4495725929737091
v -0.19706250727176666 0.05094563961029053 -0.4323338270187378
v -0.18819047510623932 0.04080428183078766 -0.43436089158058167
v 0.07700877636671066 -0.317696213722229 -0.43917879462242126
v -0.20188044011592865 0.10646997392177582 -0.45667222142219543
v -0.19833163917064667 0.16681165993213654 -0.4510943591594696
v 0.25524550676345825 0.15007814764976501 -0.4475455582141876
v -0.04722379893064499 -0.3144000172615051 -0.4419677257537842
v 0.16828179359436035 0.0250850860029459 -0.45489782094955444
v -0.18666870892047882 0.04080428183078766 -0.4389241933822632
v -0.11086125671863556 0.02711331844329834 -0.44526389241218567
v -0.04240664839744568 -0.026889843866229057 -0.4429822266101837
v 0.2504275441169739 0.09911753237247467 -0.4838014841079712
v 0.2534691095352173 0.12624582648277283 -0.4602230191230774
v 0.24916042387485504 0.16960057616233826 -0.4404459595680237
v 0.23369406163692474 0.1815161406993866 -0.4495725929737091
v 0.06965633481740952 -0.32352668046951294 -0.44526389241218567
v -0.19402094185352325 0.05069220811128616 -0.4414604604244232
v -0.04747723042964935 -0.24138110876083374 -0.47188395261764526
v -0.029729804024100304 -0.32809001207351685 -0.44881272315979004
v 0.25068020820617676 0.0433395691215992 -0.44272762537002563
v -0.020855989307165146 -0.3222595453262329 -0.457179456949234
v -0.0015872729709371924 -0.3493868410587311 -0.4419677257537842
v 0.24586424231529236 0.1734040081501007 -0.4490673243999481
v -0.04925202950835228 -0.28600361943244934 -0.4508417546749115
v -0.191991925239563 0.062354739755392075 -0.4630119502544403
v -0.19097939133644104 0.050185151398181915 -0.4508417546749115
v 0.24053902924060822 0.03370526805520058 -0.4465310573577881
v -0.18337252736091614 0.04080428183078766 -0.4480528235435486
v 0.2532164752483368 0.16224832832813263 -0.4450092613697052
v 0.011596591211855412 -0.3471051752567291 -0.44551652669906616
v 0.10008060932159424 -0.03043924830853939 -0.45337602496147156
v -0.04620968550443649 -0.2289578914642334 -0.48278698325157166
v 0.00982182938605547 -0.32809001207351685 -0.4619974195957184
v 0.02858348935842514 -0.322512149810791 -0.4650389850139618
v -0.003869091859087348 -0.31287825107574463 -0.4711240828037262
v 0.006272344850003719 -0.30628594756126404 -0.47949081659317017
v -0.1980770081281662 0.08973666280508041 -0.46123552322387695
v 0.24966765940189362 0.1503307819366455 -0.4898865818977356
v 0.2519493103027344 0.1566704958677292 -0.4675752520561218
v 0.0009480769513174891 -0.3349349796772003 -0.45489782094955444
v 0.08410779386758804 -0.28422921895980835 -0.455912321805954
v -0.03758930414915085 -0.31718894839286804 -0.45160162448883057
v -0.03911067172884941 -0.025368670001626015 -0.46909505128860474
v -0.03885704651474953 -0.03272110968828201 -0.45768672227859497
v -0.03987115994095802 -0.12526187300682068 -0.47518014907836914
v -0.04595605283975601 -0.29969358444213867 -0.4538832902908325
v -0.04773085564374924 -0.27180638909339905 -0.46250468492507935
v -0.05254800245165825 0.000492079823743552 -0.46732062101364136
v -0.1963026076555252 0.1597120612859726 -0.4619974195957184
v -0.20188044011592865 0.14323316514492035 -0.4556576907634735
v 0.2483985275030136 0.042579080909490585 -0.4526161551475525
v 0.058754291385412216 -0.3204851448535919 -0.45793935656547546
v -0.09995920956134796 0.027620375156402588 -0.4589538872241974
v -0.01578521355986595 -0.31947061419487 -0.4617427885532379
v 0.06990976631641388 -0.31110385060310364 -0.45667222142219543
v -0.16334325075149536 0.18988288938999176 -0.4526161551475525
v -0.05533692240715027 0.012154611758887768 -0.4997731149196625
v -0.06345004588365555 0.017986079677939415 -0.49242088198661804
v -0.06573190540075302 0.026606261730194092 -0.5248733758926392
v 0.23724286258220673 0.03370526805520058 -0.4556576907634735
v -0.15827246010303497 0.03776173293590546 -0.48430874943733215
v -0.1450885683298111 0.0354800671339035 -0.4838014841079712
v -0.18641407787799835 0.14982552826404572 -0.4898865818977356
v -0.19402094185352325 0.1384156197309494 -0.47492751479148865
v 0.16118277609348297 0.02787400782108307 -0.4898865818977356
v 0.16523924469947815 0.02685968577861786 -0.4741656184196472
v 0.14647769927978516 0.019253624603152275 -0.4675752520561218
v 0.25118744373321533 0.1655445098876953 -0.4543905556201935
v -0.152948260307312 0.19317905604839325 -0.46706801652908325
v 0.25245657563209534 0.05373455211520195 -0.455405056476593
v 0.09906648844480515 -0.037031203508377075 -0.46732062101364136
v 0.09551689028739929 -0.07379397749900818 -0.4604756534099579
v 0.2121434062719345 0.18582682311534882 -0.453630656003952
v 0.07903721183538437 -0.29513025283813477 -0.4602230191230774
v -0.12455221265554428 0.03750830143690109 -0.5030693411827087
v -0.09615617990493774 0.03370526805520058 -0.4987586438655853
v 0.24256806075572968 0.17644555866718292 -0.45768672227859497
v 0.10641893744468689 -0.01750897243618965 -0.4587012529373169
v 0.2298906147480011 0.18354515731334686 -0.45768672227859497
v -0.18793585896492004 0.049931518733501434 -0.45946112275123596
v -0.1995987743139267 0.12624582648277283 -0.4663061201572418
v 0.24865315854549408 0.11280850321054459 -0.49698421359062195
v -0.17601989209651947 0.04080428183078766 -0.4665607511997223
v -0.003869091859087348 0.19901153445243835 -0.47796905040740967
v -0.044688306748867035 -0.14960125088691711 -0.4652935862541199
v -0.04189939424395561 -0.16734866797924042 -0.49216824769973755
v -0.0380963571369648 -0.30425888299942017 -0.4607282876968384
v -0.04620968550443649 -0.25684690475463867 -0.4744202494621277
v -0.1717097908258438 0.18709397315979004 -0.46098291873931885
v 0.24916042387485504 0.10114577412605286 -0.4944499135017395
v 0.06027546152472496 -0.30780768394470215 -0.4683351516723633
v 0.02858348935842514 -0.30958208441734314 -0.4761946499347687
v 0.2456096112728119 0.041818391531705856 -0.4619974195957184
v -0.04367419332265854 -0.2854963541030884 -0.4663061201572418
v -0.18945762515068054 0.06210131198167801 -0.4726458489894867
v -0.19072477519512177 0.08948304504156113 -0.47974345088005066
v -0.0380963571369648 -0.15137605369091034 -0.528169572353363
v 0.10489775985479355 -0.020044462755322456 -0.4728984832763672
v 0.24916042387485504 0.16858606040477753 -0.46402445435523987
v 0.22557993233203888 0.18582682311534882 -0.4652935862541199
v 0.08841788023710251 -0.2553257346153259 -0.46402445435523987
v 0.25118744373321533 0.064129538834095 -0.47644925117492676
v 0.023512771353125572 -0.3146526515483856 -0.4726458489894867
v -0.08094404637813568 0.029648607596755028 -0.5002804398536682
v 0.0975453183054924 -0.06137072294950485 -0.4820270836353302
v 0.12974438071250916 0.00961932260543108 -0.4848160147666931
v -0.19858425855636597 0.1046953797340393 -0.46554622054100037
v -0.1854015588760376 0.17264212667942047 -0.4756873846054077
v 0.24256806075572968 0.04131133481860161 -0.4711240828037262
v 0.09323523193597794 -0.19346284866333008 -0.48151981830596924
v 0.09577051550149918 -0.17292650043964386 -0.5025621056556702
v 0.23952452838420868 0.1794891059398651 -0.4663061201572418
v 0.10109472274780273 -0.03119993396103382 -0.4774617850780487
v 0.08486846834421158 -0.27332615852355957 -0.46706801652908325
v 0.07117751240730286 -0.2979191839694977 -0.4683351516723633
v 0.07193820178508759 -0.2854963541030884 -0.4789835810661316
v -0.18742859363555908 0.10393469035625458 -0.492928147315979
v -0.18514692783355713 0.049424462020397186 -0.46884241700172424
v 0.027315806597471237 0.20078593492507935 -0.48151981830596924
v 0.09982697665691376 -0.04844040423631668 -0.5040838122367859
v 0.09779874980449677 -0.12678304314613342 -0.5106761455535889
v 0.10464433580636978 -0.05579293891787529 -0.562143862247467
v 0.05140165612101555 -0.30146995186805725 -0.4777163863182068
v 0.11402500420808792 -0.006353501230478287 -0.4759419858455658
v -0.1826118379831314 0.17492379248142242 -0.4855758845806122
v 0.13354742527008057 0.20103858411312103 -0.537043571472168
v 0.11250382661819458 0.20230571925640106 -0.5423668026924133
v 0.1837475597858429 0.02914155088365078 -0.46732062101364136
v 0.1865362823009491 0.1954607218503952 -0.5124505758285522
v 0.2481459081172943 0.05170632153749466 -0.4754347503185272
v -0.03632175922393799 -0.05503233149647713 -0.4741656184196472
v -0.036575183272361755 -0.29082155227661133 -0.4726458489894867
v -0.037335868924856186 -0.0973728820681572 -0.48887208104133606
v -0.18692134320735931 0.061087191104888916 -0.48126524686813354
v 0.24637149274349213 0.17086772620677948 -0.47366032004356384
v 0.23952452838420868 0.04080428183078766 -0.4802507162094116
v -0.18768322467803955 0.12776701152324677 -0.49039384722709656
v 0.22101660072803497 0.1873486042022705 -0.4726458489894867
v 0.235723078250885 0.18177075684070587 -0.4744202494621277
v -0.04189939424395561 -0.2710444927215576 -0.47847631573677063
v 0.1033765897154808 -0.1191769689321518 -0.5791299939155579
v 0.11098264902830124 -0.06872327625751495 -0.6067665219306946
v 0.10819373279809952 -0.048186853528022766 -0.5831860899925232
v -0.1818513572216034 0.049424462020397186 -0.47796905040740967
v -0.17855538427829742 0.0491708368062973 -0.48735031485557556
v 0.08613621443510056 -0.2598888576030731 -0.47796905040740967
v 0.21974946558475494 0.032944586127996445 -0.4820270836353302
v 0.2235528975725174 0.03522644564509392 -0.49064648151397705
v -0.1767805814743042 0.18329055607318878 -0.47949081659317017
v -0.16030070185661316 0.1936863213777542 -0.4865904152393341
v -0.03987115994095802 -0.019030146300792694 -0.47949081659317017
v 0.06002203747630119 0.20078593492507935 -0.5091543793678284
v -0.05457623675465584 0.0055626630783081055 -0.4774617850780487
v 0.0549512580037117 -0.2910741865634918 -0.4858285188674927
v -0.022884221747517586 -0.28422921895980835 -0.48633578419685364
v -0.13266533613204956 0.1985042691230774 -0.496476948261261
v -0.04164596274495125 -0.2190699726343155 -0.5089017152786255
v 0.015399628318846226 -0.29842644929885864 -0.48735031485557556
v 0.2438352108001709 0.1754310429096222 -0.4820270836353302
v 0.2468787580728531 0.16630439460277557 -0.4974915087223053
v 0.2235528975725174 0.18810848891735077 -0.4865904152393341
v 0.20808693766593933 0.19039015471935272 -0.4848160147666931
v 0.01489255577325821 -0.2852437198162079 -0.4972388446331024
v 0.022498637437820435 -0.277129590511322 -0.5030693411827087
v 0.08030475676059723 -0.2712991237640381 -0.4820270836353302
v -0.18438664078712463 0.06083356589078903 -0.49039384722709656
v 0.23217228055000305 0.1845596730709076 -0.48303964734077454
v 0.1687888503074646 0.03218409791588783 -0.507379949092865
v 0.18400098383426666 0.03750830143690109 -0.5294367074966431
v 0.21290408074855804 0.0354800671339035 -0.5012949705123901
v 0.11098264902830124 -0.009395847097039223 -0.491153746843338
v -0.052040945738554 0.006323344074189663 -0.49064648151397705
v 0.03264006972312927 0.20281298458576202 -0.4972388446331024
v -0.03403989225625992 -0.03982017561793327 -0.49698421359062195
v 0.2377501279115677 0.04156477004289627 -0.48887208104133606
v -0.04063184931874275 -0.2563398480415344 -0.4896319508552551
v -0.03885704651474953 -0.012691821902990341 -0.503831148147583
v 0.24941302835941315 0.06260836869478226 -0.48709768056869507
v 0.24611687660217285 0.05069220811128616 -0.4850686490535736
v 0.002976368647068739 -0.2816929221153259 -0.4972388446331024
v 0.24789127707481384 0.06184767931699753 -0.4974915087223053
v 0.2468787580728531 0.07705982029438019 -0.5134650468826294
v 0.2420608103275299 0.1767001748085022 -0.49242088198661804
v -0.18413302302360535 0.08694774657487869 -0.5068727135658264
v -0.17525939643383026 0.1016528308391571 -0.5476920008659363
v -0.17348459362983704 0.18582682311534882 -0.4883648157119751
v 0.0975453183054924 -0.16886983811855316 -0.5258879065513611
v 0.09729168564081192 -0.16608111560344696 -0.5494663715362549
v 0.09982697665691376 -0.14833350479602814 -0.5469321012496948
v -0.15269462764263153 0.19748975336551666 -0.503831148147583
v -0.157004714012146 0.19571535289287567 -0.4959696829319
v 0.13861800730228424 0.01747901551425457 -0.5002804398536682
v 0.058500662446022034 -0.27966588735580444 -0.49368801712989807
v 0.07219162583351135 -0.27231162786483765 -0.49064648151397705
v 0.08689670264720917 -0.2487337589263916 -0.4886174499988556
v 0.08055838197469711 -0.2588743269443512 -0.4931807816028595
v -0.023644907400012016 -0.2712991237640381 -0.4954644441604614
v 0.237497478723526 0.18177075684070587 -0.49952051043510437
v 0.09399572014808655 -0.19954773783683777 -0.5175211429595947
v 0.22431278228759766 0.1893756240606308 -0.4987586438655853
v -0.03302577883005142 0.20382748544216156 -0.5230989456176758
v 0.1431817263364792 0.021282050758600235 -0.5081398487091064
v -0.15548354387283325 0.038522422313690186 -0.49368801712989807
v -0.03505401313304901 -0.2616632580757141 -0.49419528245925903
v 0.239271879196167 0.04511437192559242 -0.4990132749080658
v 0.2468787580728531 0.14348579943180084 -0.5114360451698303
v -0.1679067760705948 0.044100258499383926 -0.49520981311798096
v -0.1815977245569229 0.0600728765130043 -0.4992658793926239
v 0.09196748584508896 -0.221098393201828 -0.4962243139743805
v -0.17956949770450592 0.17746007442474365 -0.49495717883110046
v -0.04316714033484459 -0.23174680769443512 -0.4972388446331024
v -0.13798955082893372 0.20103858411312103 -0.5154920816421509
v -0.03961772844195366 -0.20461851358413696 -0.5205627083778381
v -0.17018863558769226 0.18810848891735077 -0.49698421359062195
v -0.03581469506025314 -0.015480739995837212 -0.5187882781028748
v -0.04392781853675842 0.0017596246907487512 -0.5223391056060791
v 0.09298159927129745 -0.20994271337985992 -0.5066201090812683
v 0.2468787580728531 0.10976595431566238 -0.5114360451698303
v -0.03353283554315567 -0.0319606214761734 -0.5086471438407898
v 0.24586424231529236 0.05779121816158295 -0.5043364763259888
v 0.22608718276023865 0.03776173293590546 -0.5002804398536682
v 0.08816444873809814 -0.23757807910442352 -0.49952051043510437
v 0.0617966391146183 -0.26901745796203613 -0.5015475749969482
v -0.18210478127002716 0.07173561304807663 -0.5116906762123108
v -0.03074391931295395 -0.2477196455001831 -0.5086471438407898
v 0.08182612806558609 -0.24619846045970917 -0.5040838122367859
v -0.17120273411273956 0.0491708368062973 -0.5056055784225464
v 0.06458555907011032 -0.2558327913284302 -0.5106761455535889
v -0.01502472534775734 0.2078835517168045 -0.5497210025787354
v -0.014264038763940334 0.21447589993476868 -0.5961180925369263
v -0.04975908622145653 0.21270149946212769 -0.5895258188247681
v -0.03403989225625992 -0.1587284952402115 -0.5565659999847412
v -0.03606812655925751 -0.17495474219322205 -0.5441431999206543
v 0.24510234594345093 0.16960057616233826 -0.507379949092865
v 0.2435825765132904 0.08314472436904907 -0.541354238986969
v 0.24180619418621063 0.14855638146400452 -0.5512408018112183
v 0.24434246122837067 0.15007814764976501 -0.531718373298645
v -0.1539623737335205 0.04029722511768341 -0.5033239126205444
v -0.05381574481725693 0.016211271286010742 -0.5241134762763977
v 0.03162591531872749 0.20560188591480255 -0.5195501446723938
v 0.03568246215581894 0.2073782980442047 -0.5345072746276855
v -0.025673139840364456 -0.2588743269443512 -0.5045910477638245
v 0.011596591211855412 -0.2756078243255615 -0.5048437118530273
v 0.015906699001789093 -0.2583680748939514 -0.5187882781028748
v 0.02275216579437256 -0.2649594247341156 -0.5137177109718323
v 0.07244525104761124 -0.24594484269618988 -0.5142249464988708
v -0.1808372437953949 0.1657971441745758 -0.5096616148948669
v -0.17754125595092773 0.17999635636806488 -0.5048437118530273
v 0.12746252119541168 0.009872954338788986 -0.5241134762763977
v -0.14863815903663635 0.0423254556953907 -0.5223391056060791
v -0.11872075498104095 0.03979016840457916 -0.5223391056060791
v -0.1719634234905243 0.18633408844470978 -0.5116906762123108
v 0.024273378774523735 -0.25025492906570435 -0.5253806114196777
v 0.05444420129060745 -0.24797306954860687 -0.5218318104743958
v -0.094635009765625 0.03750830143690109 -0.5230989456176758
v -0.10477636754512787 0.04105771332979202 -0.5372961759567261
v -0.08855011314153671 0.03928310424089432 -0.539577841758728
v -0.17804832756519318 0.15920479595661163 -0.5263951420783997
v -0.16359667479991913 0.046635549515485764 -0.5142249464988708
v -0.17906244099140167 0.05880533158779144 -0.5083944797515869
v -0.15142688155174255 0.19799701869487762 -0.5048437118530273
v -0.037842925637960434 -0.19118118286132812 -0.5319730043411255
v 0.08892493695020676 -0.22616897523403168 -0.5101689100265503
v 0.23039788007736206 0.1876012235879898 -0.5162540078163147
v 0.22000209987163544 0.1911500245332718 -0.5066201090812683
v 0.13963212072849274 0.02026773802936077 -0.5243661403656006
v 0.22913073003292084 0.03953653573989868 -0.5099142789840698
v -0.03758930414915085 -0.23047906160354614 -0.5124505758285522
v 0.10768667608499527 -0.015734171494841576 -0.507379949092865
v 0.24003177881240845 0.0491708368062973 -0.5104215145111084
v 0.24130091071128845 0.1754310429096222 -0.526902437210083
v -0.03150460124015808 -0.06770911812782288 -0.5355218052864075
v 0.10388364642858505 -0.027903961017727852 -0.5238588452339172
v -0.1283552497625351 0.20408210158348083 -0.5350145697593689
v -0.15142688155174255 0.04156477004289627 -0.5127031803131104
v 0.08131887018680573 -0.2337750345468521 -0.5162540078163147
v 0.23724286258220673 0.18202340602874756 -0.5111833810806274
v -0.15573717653751373 0.1972351223230362 -0.5127031803131104
v 0.10794030129909515 -0.015987800434231758 -0.5319730043411255
v 0.21391898393630981 0.039029479026794434 -0.5248733758926392
v -0.17830175161361694 0.08415883034467697 -0.533494770526886
v -0.017306586727499962 -0.24112768471240997 -0.5220844745635986
v -0.1770341992378235 0.17771270871162415 -0.5129578113555908
v 0.24028639495372772 0.05373455211520195 -0.5215771794319153
v -0.1757664531469345 0.05855171009898186 -0.5175211429595947
v -0.15928658843040466 0.19622260332107544 -0.5215771794319153
v -0.1798229217529297 0.07046786695718765 -0.5205627083778381
v -0.019334815442562103 -0.22946494817733765 -0.5301985740661621
v -0.17145636677742004 0.18582682311534882 -0.5236062407493591
v 0.1616898477077484 0.03218409791588783 -0.5263951420783997
v 0.08968562632799149 -0.21374575793743134 -0.5213245749473572
v 0.23065249621868134 0.04359319433569908 -0.5203100442886353
v 0.2265944480895996 0.19089742004871368 -0.5243661403656006
v 0.21112927794456482 0.1952080875635147 -0.5218318104743958
v 0.02224508672952652 -0.239859938621521 -0.5337473750114441
v 0.058500662446022034 -0.23757807910442352 -0.5296913385391235
v 0.06128958240151405 -0.22642260789871216 -0.5388180017471313
v 0.08182612806558609 -0.2221125215291977 -0.5274096727371216
v -0.1770341992378235 0.17492379248142242 -0.5213245749473572
v 0.19997380673885345 0.04131133481860161 -0.5509881973266602
v 0.21696053445339203 0.04080428183078766 -0.5342546701431274
v 0.1163068637251854 -0.002550466451793909 -0.5233516097068787
v 0.2390192598104477 0.1784745752811432 -0.5365363359451294
v 0.23166503012180328 0.18785585463047028 -0.5408470034599304
v -0.03226508945226669 -0.030692875385284424 -0.5228463411331177
v 0.23800474405288696 0.09100440889596939 -0.5829334259033203
v -0.14787746965885162 0.2015458196401596 -0.5309584736824036
v -0.030236858874559402 -0.21957702934741974 -0.5291840434074402
v 0.018949130550026894 -0.22971858084201813 -0.5418615341186523
v -0.1263270080089569 0.044353682547807693 -0.5507335662841797
v 0.10464433580636978 -0.03246767818927765 -0.5487065315246582
v -0.16410373151302338 0.049424462020397186 -0.5241134762763977
v 0.037457261234521866 -0.23554983735084534 -0.5350145697593689
v 0.09526345878839493 -0.18864569067955017 -0.528169572353363
v -0.13063710927963257 0.20839080214500427 -0.567974328994751
v -0.17247048020362854 0.05804464593529701 -0.5266478061676025
v -0.1709493100643158 0.18379780650138855 -0.5329875349998474
v -0.16207550466060638 0.19444622099399567 -0.531213104724884
v 0.24459511041641235 0.06793258339166641 -0.5291840434074402
v -0.031758036464452744 -0.10599306970834732 -0.5639182329177856
v 0.09069973975419998 -0.20259028673171997 -0.5314657092094421
v -0.03403989225625992 -0.012438393197953701 -0.5431286692619324
v -0.044941939413547516 0.011140499264001846 -0.5547916293144226
v -0.03403989225625992 -0.01091702003031969 -0.566707193851471
v 0.23191966116428375 0.0463821142911911 -0.5309584736824036
v 0.15585857629776 0.031423408538103104 -0.5449030995368958
v 0.009061221964657307 0.21422326564788818 -0.5928218960762024
v 0.22253838181495667 0.19292645156383514 -0.5322256088256836
v -0.030490292236208916 -0.028664644807577133 -0.5469321012496948
v -0.17754125595092773 0.07021444290876389 -0.5299439430236816
v -0.17221684753894806 0.08136990666389465 -0.5603694319725037
v -0.17247048020362854 0.06793258339166641 -0.5476920008659363
v 0.20681919157505035 0.1969825178384781 -0.5299439430236816
v 0.19388890266418457 0.2012932002544403 -0.5535224676132202
v -0.15852589905261993 0.04815671592950821 -0.5332401394844055
v 0.13836456835269928 0.020521368831396103 -0.5378034710884094
v 0.11377157270908356 -0.00584644079208374 -0.538310706615448
v -0.05685809254646301 0.021282050758600235 -0.5327329039573669
v 0.17157776653766632 0.03674761950969696 -0.5416069030761719
v -0.06446415930986404 0.029648607596755028 -0.5489591360092163
v 0.24053902924060822 0.057537589222192764 -0.533494770526886
v -0.169681578874588 0.17568567395210266 -0.5585930347442627
v -0.169681578874588 0.15920479595661163 -0.5634109973907471
v -0.16917452216148376 0.05779121816158295 -0.5357764363288879
v 0.08284024149179459 -0.20867498219013214 -0.5388180017471313
v -0.03961772844195366 -0.0012827215250581503 -0.5372961759567261
v -0.033786267042160034 -0.20182959735393524 -0.5362836718559265
v -0.16207550466060638 0.19419358670711517 -0.536029040813446
v 0.07726240158081055 -0.20867498219013214 -0.5446504354476929
v -0.020095303654670715 -0.2170417308807373 -0.5385653376579285
v -0.13570769131183624 0.20839080214500427 -0.5755811929702759
v -0.10883302241563797 0.21168696880340576 -0.5862296223640442
v 0.10641893744468689 -0.02283318154513836 -0.5464248657226562
v 0.12416655570268631 0.00784452073276043 -0.539577841758728
v -0.07942286878824234 0.21041983366012573 -0.5763410925865173
v 0.24256806075572968 0.16681165993213654 -0.5400851368904114
v -0.17500577867031097 0.06894669681787491 -0.5388180017471313
v 0.06433212757110596 -0.21552056074142456 -0.5466774702072144
v 0.09095336496829987 -0.1904204934835434 -0.5428740382194519
v 0.2189895659685135 0.19571535289287567 -0.54059237241745
v -0.1709493100643158 0.1812635064125061 -0.5416069030761719
v 0.24053902924060822 0.06210131198167801 -0.5454103350639343
v 0.23318679630756378 0.050185151398181915 -0.5423668026924133
v -0.14331376552581787 0.044607315212488174 -0.541354238986969
v 0.22000209987163544 0.0433395691215992 -0.5433812737464905
v 0.05621900409460068 -0.2221125215291977 -0.5441431999206543
v 0.12949076294898987 0.20408210158348083 -0.5565659999847412
v 0.1589009165763855 0.03370526805520058 -0.5542843341827393
v 0.13278673589229584 0.016718335449695587 -0.5560587644577026
v 0.11351794004440308 -0.0073676141910254955 -0.5514954328536987
v 0.1033765897154808 -0.11943040043115616 -0.6042302250862122
v 0.10312295705080032 -0.11790923029184341 -0.6161457896232605
v 0.10895442217588425 -0.10396483540534973 -0.622992753982544
v -0.16613216698169708 0.057537589222192764 -0.5449030995368958
v -0.09133902937173843 0.0433395691215992 -0.5692434906959534
v -0.08246521651744843 0.03979016840457916 -0.5563113689422607
v -0.14838452637195587 0.2015458196401596 -0.5416069030761719
v 0.02097742259502411 -0.21425281465053558 -0.5535224676132202
v -0.16334325075149536 0.1627555936574936 -0.5920600891113281
v -0.16156844794750214 0.11610447615385056 -0.6070191264152527
v -0.031758036464452744 -0.18864569067955017 -0.5476920008659363
v -0.15370874106884003 0.049931518733501434 -0.5520026683807373
v -0.1608077585697174 0.19470085203647614 -0.5454103350639343
v -0.05254800245165825 0.01900019310414791 -0.5481992363929749
v -0.023391278460621834 -0.2053792029619217 -0.5451557040214539
v 0.23496119678020477 0.18430505692958832 -0.5558061003684998
v 0.2283688485622406 0.1911500245332718 -0.5494663715362549
v -0.07790149748325348 0.03725467622280121 -0.5489591360092163
v 0.24104629456996918 0.17010784149169922 -0.5502282977104187
v 0.21467888355255127 0.19799701869487762 -0.5481992363929749
v -0.10325518995523453 0.04612848535180092 -0.5791299939155579
v -0.009446889162063599 -0.2101963460445404 -0.5492137670516968
v 0.1419139802455902 0.02305665984749794 -0.5715251564979553
v 0.06230369582772255 0.20763090252876282 -0.5573258996009827
v 0.050387535244226456 0.21016719937324524 -0.57000333070755
v 0.08410779386758804 -0.1835751086473465 -0.5603694319725037
v 0.09146042913198471 -0.179518461227417 -0.5540297031402588
v -0.030490292236208916 -0.02638278715312481 -0.5707632303237915
v 0.07979769259691238 -0.19574470818042755 -0.5535224676132202
v 0.053176458925008774 -0.2051255702972412 -0.5585930347442627
v 0.1926211565732956 0.04308613762259483 -0.5707632303237915
v 0.2220311164855957 0.045874860137701035 -0.5540297031402588
v 0.10768667608499527 -0.039059631526470184 -0.571017861366272
v 0.234453946352005 0.0542416088283062 -0.5527625679969788
v -0.1699351966381073 0.0681862160563469 -0.5568186640739441
v -0.1648644208908081 0.19013752043247223 -0.5532698631286621
v -0.13291877508163452 0.049424462020397186 -0.5798919200897217
v 0.24003177881240845 0.06717189401388168 -0.5580877661705017
v -0.16334325075149536 0.057537589222192764 -0.5540297031402588
v -0.15725834667682648 0.1969825178384781 -0.5580877661705017
v -0.02947617508471012 -0.03880600258708 -0.5596075654029846
v -0.1392572969198227 0.2048420011997223 -0.5492137670516968
v -0.015531782992184162 -0.20081548392772675 -0.5542843341827393
v -0.023644907400012016 -0.19118118286132812 -0.5563113689422607
v 0.21062222123146057 0.20027866959571838 -0.5560587644577026
v -0.02998323179781437 -0.1736871898174286 -0.5593549609184265
v -0.14787746965885162 0.20357483625411987 -0.5659472942352295
v -0.05280143395066261 0.020014306530356407 -0.5715251564979553
v 0.10996853560209274 -0.02612915448844433 -0.5684815645217896
v 0.11275745928287506 -0.014720055274665356 -0.5649327635765076
v 0.2250746637582779 0.19419358670711517 -0.5578331351280212
v 0.09830580651760101 -0.1546720266342163 -0.5603694319725037
v 0.22431278228759766 0.04891740530729294 -0.5636656284332275
v 0.12594135105609894 0.008858634158968925 -0.563158392906189
v -0.029729804024100304 -0.07937177270650864 -0.5869895219802856
v 0.07143114507198334 -0.19219529628753662 -0.563158392906189
v 0.239271879196167 0.17314939200878143 -0.5601148009300232
v -0.16511784493923187 0.1876012235879898 -0.5618892312049866
v -0.04240664839744568 0.006576975807547569 -0.5697486996650696
v -0.169681578874588 0.09531450271606445 -0.5735521912574768
v 0.07472711056470871 0.21194159984588623 -0.5907929539680481
v 0.08486846834421158 -0.17115169763565063 -0.572284996509552
v 0.11275745928287506 -0.07937177270650864 -0.6179221868515015
v -0.1600472629070282 0.057537589222192764 -0.563158392906189
v -0.011221690103411674 -0.18509627878665924 -0.5674670934677124
v 0.01818852312862873 -0.1894063800573349 -0.5732995271682739
v 0.049119990319013596 -0.1863638311624527 -0.574566662311554
v -0.032518722116947174 -0.14402340352535248 -0.5684815645217896
v -0.16816039383411407 0.1721348762512207 -0.566959798336029
v 0.23546846210956573 0.1797417402267456 -0.5796372890472412
v 0.232679545879364 0.18709397315979004 -0.5651854276657104
v 0.005258188582956791 -0.17419424653053284 -0.5814116597175598
v 0.20073428750038147 0.20357483625411987 -0.5705106258392334
v -0.07815512269735336 0.038522422313690186 -0.5717777609825134
v -0.07333797961473465 0.03598713129758835 -0.564425528049469
v 0.23470856249332428 0.058298274874687195 -0.5641708970069885
v 0.12087058275938034 -1.4976632883190177e-05 -0.56873619556427
v 0.15611200034618378 0.02914155088365078 -0.5945963263511658
v 0.17512716352939606 0.038522422313690186 -0.6004267930984497
v 0.17994432151317596 0.04156477004289627 -0.5831860899925232
v 0.2217784970998764 0.19672788679599762 -0.5661998987197876
v 0.020216817036271095 -0.1764761060476303 -0.5839479565620422
v 0.045824021100997925 -0.17115169763565063 -0.5885112881660461
v -0.023644907400012016 -0.17596885561943054 -0.5654400587081909
v 0.053176458925008774 0.21473053097724915 -0.5989069938659668
v 0.03771069273352623 0.2172648310661316 -0.6057519912719727
v 0.21974946558475494 0.050185151398181915 -0.5806517601013184
v -0.16714628040790558 0.06793258339166641 -0.5659472942352295
v 0.23952452838420868 0.07604570686817169 -0.5697486996650696
v 0.21797505021095276 0.19951678812503815 -0.5743140578269958
v -0.025673139840364456 -0.16101033985614777 -0.5732995271682739
v -0.1648644208908081 0.18506693840026855 -0.5702559947967529
v -0.1481311023235321 0.05195975303649902 -0.571017861366272
v -0.16739971935749054 0.08010236918926239 -0.5788773894309998
v -0.029222743585705757 -0.04590503126382828 -0.5732995271682739
v -0.15675128996372223 0.11027301102876663 -0.6328793168067932
v -0.15370874106884003 0.1767001748085022 -0.6326266527175903
v -0.14534220099449158 0.15464147925376892 -0.6820653676986694
v 0.07447348535060883 -0.1805325746536255 -0.572284996509552
v -0.1610613912343979 0.06717189401388168 -0.5842005610466003
v -0.15675128996372223 0.0572841577231884 -0.572284996509552
v -0.02668725699186325 -0.12120519578456879 -0.6057519912719727
v -0.029729804024100304 -0.11892334371805191 -0.5913001894950867
v -0.02998323179781437 -0.08773838728666306 -0.6004267930984497
v 0.23496119678020477 0.06286179274320602 -0.5748212933540344
v 0.22710169851779938 0.05576278641819954 -0.5847078561782837
v -0.06497121602296829 0.030662721022963524 -0.572284996509552
v -0.030490292236208916 -0.1310931295156479 -0.5798919200897217
v -0.018574131652712822 -0.17470130324363708 -0.571017861366272
v 0.2298906147480011 0.19089742004871368 -0.5738067626953125
v -0.03632175922393799 -0.013452510349452496 -0.5887638926506042
v -0.036575183272361755 -0.024861609563231468 -0.6009340286254883
v -0.030236858874559402 -0.035763658583164215 -0.5839479565620422
v 0.09424934536218643 -0.1546720266342163 -0.5753265619277954
v 0.09500983357429504 -0.14427703619003296 -0.5867368578910828
v -0.15827246010303497 0.1936863213777542 -0.5819188952445984
v 0.1251806616783142 0.0027739412616938353 -0.5768483281135559
v 0.16904228925704956 0.03776173293590546 -0.5692434906959534
v 0.17436668276786804 0.03979016840457916 -0.5763410925865173
v 0.11757460981607437 -0.022579751908779144 -0.5849624872207642
v -0.105537049472332 0.2263934463262558 -0.6455567479133606
v -0.12404515594244003 0.2152377963066101 -0.6196966171264648
v 0.11301088333129883 -0.04210199788212776 -0.6034703254699707
v 0.11554637551307678 -0.03043924830853939 -0.6001741290092468
v 0.05368351191282272 -0.17825071513652802 -0.5814116597175598
v 0.06357143819332123 -0.17292650043964386 -0.5831860899925232
v 0.2123970240354538 0.050185151398181915 -0.6006814241409302
v -0.04443488270044327 0.0032809977419674397 -0.5918074250221252
v -0.16435736417770386 0.18202340602874756 -0.5788773894309998
v -0.05457623675465584 0.018239503726363182 -0.5938364267349243
v -0.07435208559036255 0.03522644564509392 -0.5869895219802856
v -0.06674602627754211 0.02863449603319168 -0.5943417549133301
v -0.06167524680495262 0.026099205017089844 -0.5867368578910828
v -0.13951072096824646 0.2078835517168045 -0.5842005610466003
v 0.14723818004131317 0.026099205017089844 -0.5788773894309998
v 0.14394241571426392 0.020014306530356407 -0.5945963263511658
v 0.23800474405288696 0.15540334582328796 -0.5791299939155579
v 0.08030475676059723 -0.157714381814003 -0.5895258188247681
v -0.15345531702041626 0.057030532509088516 -0.5816662907600403
v -0.001333742868155241 -0.16532042622566223 -0.5864822268486023
v -0.026180196553468704 -0.1437699794769287 -0.5844551920890808
v 0.2073262482881546 0.20408210158348083 -0.5849624872207642
v -0.10021264106035233 0.043846625834703445 -0.606259286403656
v -0.16511784493923187 0.07883462309837341 -0.5874967575073242
v -0.12404515594244003 0.21802668273448944 -0.6351609826087952
v -0.02947617508471012 -0.05680707469582558 -0.5857223868370056
v 0.09678462892770767 -0.13464254140853882 -0.5978925228118896
v -0.1638503074645996 0.0917649045586586 -0.6001741290092468
v -0.13139759004116058 0.21168696880340576 -0.6022011637687683
v 0.22938336431980133 0.19089742004871368 -0.5874967575073242
v 0.06788153201341629 -0.162785142660141 -0.5913001894950867
v 0.15433719754219055 0.20763090252876282 -0.5867368578910828
v 0.08613621443510056 -0.14731937646865845 -0.5948489904403687
v -0.01781364344060421 -0.14757300913333893 -0.5920600891113281
v 0.23470856249332428 0.1784745752811432 -0.5940890312194824
v 0.06661378592252731 0.21396863460540771 -0.5981451272964478
v 0.0866432711482048 0.21396863460540771 -0.6034703254699707
v 0.12112400680780411 -0.020297890529036522 -0.5935818552970886
v 0.12898370623588562 -0.002550466451793909 -0.5981451272964478
v -0.1499057114124298 0.2015458196401596 -0.5989069938659668
v -0.09945215284824371 0.04029722511768341 -0.6237526535987854
v -0.08855011314153671 0.03421233221888542 -0.6222308874130249
v 0.234453946352005 0.06742552667856216 -0.5877513289451599
v -0.07714100927114487 0.031677041202783585 -0.6082862615585327
v -0.0796763002872467 0.037001244723796844 -0.5943417549133301
v 0.05292302370071411 -0.16227808594703674 -0.5940890312194824
v -0.15852589905261993 0.19140465557575226 -0.5902856588363647
v 0.13785751163959503 0.011140499264001846 -0.6011886596679688
v 0.23217228055000305 0.11940044164657593 -0.6240053176879883
v 0.232679545879364 0.15920479595661163 -0.6222308874130249
v -0.14965227246284485 0.0572841577231884 -0.5907929539680481
v 0.019709737971425056 -0.162785142660141 -0.5933291912078857
v 0.22608718276023865 0.05804464593529701 -0.5981451272964478
v 0.12746252119541168 0.21422326564788818 -0.6131042242050171
v 0.23394668102264404 0.1751784235239029 -0.6067665219306946
v -0.03150460124015808 -0.04590503126382828 -0.5963706970214844
v -0.15776540338993073 0.06615778058767319 -0.5933291912078857
v -0.020348932594060898 -0.13540323078632355 -0.6014413237571716
v -0.009700517170131207 -0.13210725784301758 -0.6120897531509399
v -0.042660076171159744 -0.03373522311449051 -0.6204564571380615
v 0.23344141244888306 0.0709749236702919 -0.6001741290092468
v 0.23623032867908478 0.08390539139509201 -0.5971306562423706
v -0.16207550466060638 0.09100440889596939 -0.6093007922172546
v 0.03695020452141762 -0.15898211300373077 -0.5966253280639648
v 0.02047034539282322 -0.1399669349193573 -0.603977620601654
v -0.0489984005689621 -0.003310954896733165 -0.6120897531509399
v -0.050266142934560776 -0.014212998561561108 -0.6240053176879883
v -0.03860361501574516 -0.0692303329706192 -0.6270488500595093
v -0.033786267042160034 -0.09103436022996902 -0.6214709877967834
v -0.03226508945226669 0.21777206659317017 -0.6156405210494995
v 0.22076398134231567 0.20027866959571838 -0.5968779921531677
v -0.1628361940383911 0.07782050967216492 -0.5966253280639648
v 0.034668345004320145 0.3209620714187622 -0.5923146605491638
v 0.048359308391809464 0.33287760615348816 -0.5973852276802063
v 0.03669657185673714 0.33287760615348816 -0.5958634614944458
v 0.045824021100997925 -0.14706595242023468 -0.6011886596679688
v 0.04176735505461693 0.31766587495803833 -0.5925673246383667
v 0.0726986899971962 -0.1516294777393341 -0.5981451272964478
v -0.0588863268494606 0.012408243492245674 -0.6143713593482971
v 0.0737127959728241 0.21777206659317017 -0.6158931851387024
v -0.03632175922393799 -0.05579293891787529 -0.6158931851387024
v 0.23014524579048157 0.1891229897737503 -0.5989069938659668
v -0.11136831343173981 0.04688917100429535 -0.6161457896232605
v -0.13469357788562775 0.05626984313130379 -0.6275560855865479
v -0.11136831343173981 0.03928310424089432 -0.6508820056915283
v 0.07599465548992157 -0.1407274305820465 -0.6072737574577332
v -0.15827246010303497 0.18861573934555054 -0.5989069938659668
v -0.05913995951414108 0.0012525682104751468 -0.6267942190170288
v 0.18628284335136414 0.04080428183078766 -0.6143713593482971
v 0.053176458925008774 0.3229890763759613 -0.5933291912078857
v 0.05976840481162071 0.30574831366539 -0.6001741290092468
v 0.04075324162840843 0.2991579473018646 -0.5999195575714111
v 0.01641376130282879 0.3120880424976349 -0.6006814241409302
v -0.058632902801036835 0.22157549858093262 -0.6278087496757507
v -0.07207023352384567 0.23070214688777924 -0.650374710559845
v 0.03162591531872749 0.3351592719554901 -0.5996668934822083
v 0.02452692575752735 0.32552534341812134 -0.5933291912078857
v -0.15472285449504852 0.06539728492498398 -0.6024557948112488
v 0.11858871579170227 -0.027396900579333305 -0.609808087348938
v 0.1322796791791916 0.0017596246907487512 -0.6070191264152527
v -0.14584925770759583 0.0572841577231884 -0.5999195575714111
v 0.04379558563232422 -0.1465587019920349 -0.6014413237571716
v 0.0263016689568758 -0.13362842798233032 -0.6085408926010132
v 0.06255732476711273 0.3209620714187622 -0.5968779921531677
v 0.01514609158039093 0.3295814096927643 -0.5971306562423706
v 0.1490129828453064 0.021789107471704483 -0.6019485592842102
v -0.02592676877975464 -0.11588099598884583 -0.6186820864677429
v 0.05647243559360504 0.3349066376686096 -0.6014413237571716
v 0.19186067581176758 0.041818391531705856 -0.6209637522697449
v 0.19972017407417297 0.045367803424596786 -0.6260343194007874
v -0.1390036642551422 0.2091526985168457 -0.6191893219947815
v -0.14838452637195587 0.20180043578147888 -0.6120897531509399
v 0.03568246215581894 0.34098973870277405 -0.6095554232597351
v 0.12315244227647781 0.22056099772453308 -0.6293305158615112
v 0.15408377349376678 0.21270149946212769 -0.6120897531509399
v 0.014639019034802914 0.2170121967792511 -0.6090481877326965
v 0.008300616405904293 0.21903923153877258 -0.6148786544799805
v 0.024273378774523735 0.3382028043270111 -0.6044848561286926
v 0.07219162583351135 0.32831427454948425 -0.5986523628234863
v 0.07878357917070389 0.31436970829963684 -0.6060046553611755
v 0.07954426854848862 0.3290742039680481 -0.6044848561286926
v 0.13075850903987885 -0.012945449911057949 -0.6219782829284668
v 0.21974946558475494 0.05652347579598427 -0.6174149513244629
v 0.22710169851779938 0.06210131198167801 -0.6085408926010132
v 0.09171385318040848 -0.1300790160894394 -0.6146259903907776
v -0.15548354387283325 0.07553865015506744 -0.6235000491142273
v -0.15801884233951569 0.07629933953285217 -0.6143713593482971
v 0.04303509742021561 -0.1318536251783371 -0.611075222492218
v 0.06154320761561394 -0.13667096197605133 -0.6093007922172546
v 0.04531695693731308 0.28825491666793823 -0.6027084589004517
v -0.15852589905261993 0.16960057616233826 -0.6120897531509399
v 0.1163068637251854 -0.03931305930018425 -0.612851619720459
v -0.16055433452129364 0.07705982029438019 -0.6054973602294922
v 0.22304563224315643 0.1985042691230774 -0.6067665219306946
v -0.0005731368437409401 0.3194402754306793 -0.6090481877326965
v 0.0022157616913318634 0.3001704812049866 -0.61335688829422
v 0.0006945478380657732 -0.12576892971992493 -0.620711088180542
v 0.021484479308128357 -0.12729009985923767 -0.6156405210494995
v -0.06471779197454453 0.022296171635389328 -0.6082862615585327
v 0.21163634955883026 0.20687103271484375 -0.6179221868515015
v -6.605817907257006e-05 0.3338921070098877 -0.6077790260314941
v 0.053176458925008774 -0.1407274305820465 -0.6052447557449341
v 0.06610672920942307 0.2930728495121002 -0.6070191264152527
v 0.01996326632797718 0.2930728495121002 -0.6054973602294922
v 0.06433212757110596 0.3371883034706116 -0.606259286403656
v 0.030611781403422356 0.28800228238105774 -0.603977620601654
v 0.23394668102264404 0.08415883034467697 -0.6118370890617371
v -0.012235807254910469 0.225124329328537 -0.6321194171905518
v -0.031250979751348495 0.2218281328678131 -0.6278087496757507
v 0.1657465100288391 0.025338517501950264 -0.6227381229400635
v 0.04810567572712898 0.22106826305389404 -0.6156405210494995
v -0.15193413197994232 0.06489022821187973 -0.6113298535346985
v 0.07193820178508759 0.3387080729007721 -0.611075222492218
v 0.18983225524425507 0.21903923153877258 -0.6387118101119995
v 0.1370968371629715 0.003534429706633091 -0.6146259903907776
v -0.02871568687260151 -0.11106384545564651 -0.6404861807823181
v -0.023644907400012016 -0.11588099598884583 -0.6338938474655151
v 0.04049960896372795 0.2187865972518921 -0.611075222492218
v 0.23065249621868134 0.18709397315979004 -0.6108225584030151
v 0.03872500732541084 0.27202868461608887 -0.6100627183914185
v 0.06255732476711273 0.2778611183166504 -0.6115824580192566
v -0.1539623737335205 0.09379332512617111 -0.6468238830566406
v -0.154976487159729 0.08365178108215332 -0.6349083185195923
v 0.05368351191282272 0.35011836886405945 -0.6285706162452698
v 0.0022157616913318634 0.3437786400318146 -0.620711088180542
v 0.07295230776071548 0.225124329328537 -0.6285706162452698
v 0.10312295705080032 0.22385716438293457 -0.6364301443099976
v -0.07561983168125153 0.024831460788846016 -0.6219782829284668
v 0.01514609158039093 0.27684661746025085 -0.6151332855224609
v 0.07979769259691238 0.34048447012901306 -0.6158931851387024
v 0.09399572014808655 0.3321177065372467 -0.6151332855224609
v 0.07954426854848862 0.28014278411865234 -0.6194419860839844
v 0.05571174621582031 0.22208276391029358 -0.620711088180542
v -0.05685809254646301 -0.04489089548587799 -0.645049512386322
v -0.014517666772007942 -0.1260223537683487 -0.6194419860839844
v 0.14850592613220215 0.005816287361085415 -0.6283159852027893
v 0.1738596260547638 0.02914155088365078 -0.6270488500595093
v 0.04937342181801796 -0.12830421328544617 -0.6158931851387024
v 0.14952003955841064 0.2342529445886612 -0.6643193364143372
v 0.13430790603160858 0.22892774641513824 -0.655190646648407
v 0.02452692575752735 0.22208276391029358 -0.6169076561927795
v 0.09298159927129745 0.3163987398147583 -0.6169076561927795
v 0.11808165907859802 -0.06365255266427994 -0.6247671842575073
v 0.1292373239994049 -0.048186853528022766 -0.6374446153640747
v 0.1254342943429947 -0.03652414306998253 -0.6283159852027893
v -0.007672085892409086 0.3202001750469208 -0.6146259903907776
v -0.15675128996372223 0.1827852725982666 -0.6158931851387024
v 0.09678462892770767 0.2294350117444992 -0.6422606110572815
v 0.058500662446022034 0.2626473903656006 -0.6161457896232605
v 0.22406014800071716 0.19799701869487762 -0.6179221868515015
v -0.013249923475086689 0.33642640709877014 -0.6196966171264648
v -0.023644907400012016 0.3209620714187622 -0.6361755132675171
v 0.23014524579048157 0.18481230735778809 -0.6232454180717468
v 0.06052909418940544 -0.12551529705524445 -0.6219782829284668
v 0.059261348098516464 -0.1318536251783371 -0.6136115193367004
v 0.04455627501010895 0.24642114341259003 -0.6184294819831848
v 0.08968562632799149 0.2953545153141022 -0.6212183833122253
v -0.011475120671093464 0.30372127890586853 -0.6247671842575073
v 0.07929063588380814 0.3612740635871887 -0.6579796075820923
v 0.05419056862592697 0.3630484640598297 -0.6584868431091309
v -0.15218757092952728 0.1921645551919937 -0.6278087496757507
v 0.12771596014499664 -0.02435455471277237 -0.6252744197845459
v -0.0697883740067482 0.014436469413340092 -0.6278087496757507
v 0.2265944480895996 0.064129538834095 -0.6214709877967834
v 0.19490301609039307 0.03776173293590546 -0.6432750821113586
v 0.20910105109214783 0.044353682547807693 -0.6663463711738586
v 0.22456741333007812 0.06767895072698593 -0.6475858092308044
v -0.09083197265863419 0.027366749942302704 -0.6387118101119995
v -0.08347933739423752 0.014183045364916325 -0.6442896127700806
v 0.01818852312862873 0.2563096582889557 -0.6184294819831848
v 0.016920840367674828 0.225124329328537 -0.6217236518859863
v -0.14838452637195587 0.06463659554719925 -0.6204564571380615
v 0.06813516467809677 -0.12272638082504272 -0.6313595175743103
v 0.08791081607341766 -0.12475460767745972 -0.6321194171905518
v 0.0757412314414978 0.2654363214969635 -0.6237526535987854
v 0.22557993233203888 0.06615778058767319 -0.6344010829925537
v 0.0410066694021225 0.23070214688777924 -0.6222308874130249
v 0.032893601804971695 0.2294350117444992 -0.6232454180717468
v -0.004376170691102743 0.34555503726005554 -0.6262889504432678
v 0.01768144778907299 0.3572179973125458 -0.6440349817276001
v -0.005136777646839619 0.22284266352653503 -0.6265415549278259
v 0.10008060932159424 0.33262497186660767 -0.6214709877967834
v 0.09931991994380951 -0.119937464594841 -0.6328793168067932
v -0.011982178315520287 0.26721271872520447 -0.6397262811660767
v 0.0024692907463759184 0.23222391307353973 -0.6318668127059937
v 0.057233117520809174 -0.12044451385736465 -0.6333865523338318
v 0.040246181190013885 -0.11359913647174835 -0.6534162759780884
v 0.05774017423391342 -0.1151203140616417 -0.6615303754806519
v 0.0017086839070543647 0.22106826305389404 -0.620711088180542
v 0.03593608736991882 -0.11841628700494766 -0.6387118101119995
v 0.047091566026210785 -0.12323343753814697 -0.6250197887420654
v 0.07320574671030045 0.2509864568710327 -0.6273014545440674
v 0.06205027177929878 0.2355201095342636 -0.6262889504432678
v 0.2159460335969925 0.20585650205612183 -0.6260343194007874
v 0.09906648844480515 0.31589147448539734 -0.6235000491142273
v 0.09475640207529068 0.342766135931015 -0.6260343194007874
v -0.14559562504291534 0.064129538834095 -0.6293305158615112
v -0.15269462764263153 0.08162353932857513 -0.643782377243042
v -0.018574131652712822 -0.12044451385736465 -0.6267942190170288
v 0.1796908974647522 0.030155664309859276 -0.6338938474655151
v 0.159915030002594 0.016211271286010742 -0.6290778517723083
v -0.13672180473804474 0.2111797332763672 -0.6328793168067932
v -0.019334815442562103 0.33769553899765015 -0.6260343194007874
v -0.14255326986312866 0.06362248212099075 -0.6387118101119995
v -0.13798955082893372 0.062354739755392075 -0.6569650769233704
v -0.019334815442562103 0.22740599513053894 -0.6371899843215942
v 0.22608718276023865 0.19495348632335663 -0.6280633807182312
v 0.003229897702112794 -0.11613442748785019 -0.6453041434288025
v 0.08689670264720917 0.2390689104795456 -0.6392190456390381
v 0.011089514940977097 0.22892774641513824 -0.6278087496757507
v -0.011982178315520287 0.23627997934818268 -0.6427678465843201
v 0.0934886559844017 0.2811553180217743 -0.6308522820472717
v 0.09703826159238815 0.26721271872520447 -0.64023357629776
v 0.024780455976724625 -0.11359913647174835 -0.651641845703125
v -0.017306586727499962 0.25250622630119324 -0.6483457088470459
v 0.10591188073158264 0.3321177065372467 -0.6283159852027893
v 0.12594135105609894 -0.07379397749900818 -0.6422606110572815
v -0.022377165034413338 0.3042285442352295 -0.6389644145965576
v -0.014517666772007942 0.2852133512496948 -0.6356682181358337
v -0.04646310955286026 -0.0788646936416626 -0.6455567479133606
v -0.03860361501574516 -0.09838700294494629 -0.6420079469680786
v -0.013249923475086689 -0.11664148420095444 -0.6430224776268005
v -0.011221690103411674 0.34707483649253845 -0.6318668127059937
v 0.10286952555179596 0.3420042395591736 -0.6305976510047913
v -0.14635631442070007 0.20053131878376007 -0.6389644145965576
v 0.14419585466384888 -0.0053393845446407795 -0.6328793168067932
v 0.2298906147480011 0.18202340602874756 -0.6356682181358337
v 0.07092408090829849 0.2370418757200241 -0.6298377513885498
v 0.10185541212558746 0.2978888154029846 -0.6338938474655151
v -0.0010802146280184388 0.3577232360839844 -0.6511346101760864
v 0.10996853560209274 0.3270471394062042 -0.6369373798370361
v 0.10996853560209274 -0.10624650120735168 -0.6344010829925537
v 0.1408998668193817 -0.01750897243618965 -0.6366827487945557
v 0.17208482325077057 0.01747901551425457 -0.6417533159255981
v -0.05457623675465584 -0.06137072294950485 -0.648598313331604
v 0.22735632956027985 0.12371054291725159 -0.6653318405151367
v 0.22913073003292084 0.1409514993429184 -0.648598313331604
v 0.08562915772199631 0.35037100315093994 -0.6346557140350342
v 0.22279100120067596 0.2012932002544403 -0.643782377243042
v 0.21163634955883026 0.21194159984588623 -0.6427678465843201
v -0.05913995951414108 -0.028157588094472885 -0.64150071144104
v 0.1251806616783142 -0.0973728820681572 -0.6564598083496094
v 0.1411534994840622 -0.08190712332725525 -0.6645719408988953
v 0.06762810796499252 -0.11892334371805191 -0.651641845703125
v 0.11174333840608597 0.3166513741016388 -0.6458094120025635
v -0.15142688155174255 0.1893756240606308 -0.6361755132675171
v 0.09374228864908218 0.23983080685138702 -0.6447969079017639
v 0.10667255520820618 0.2436322420835495 -0.6572197079658508
v 0.09830580651760101 0.34859660267829895 -0.6374446153640747
v 0.10768667608499527 0.342766135931015 -0.6356682181358337
v 0.13329379260540009 -0.06035657972097397 -0.6465712785720825
v -0.06167524680495262 -0.011170648969709873 -0.6376972794532776
v -0.017560014501214027 0.348089337348938 -0.6382045149803162
v 0.18349392712116241 0.019253624603152275 -0.6554452776908875
v -0.02871568687260151 0.33617377281188965 -0.64150071144104
v -0.1263270080089569 0.22588618099689484 -0.6650792360305786
v -0.12683407962322235 0.21853196620941162 -0.6442896127700806
v -0.04367419332265854 -0.09483739733695984 -0.6496128439903259
v 0.10920784622430801 0.2811553180217743 -0.6524017453193665
v -0.12784819304943085 0.04764965921640396 -0.680290937423706
v 0.23014524579048157 0.08415883034467697 -0.6399789452552795
v -0.02668725699186325 0.2296876311302185 -0.642515242099762
v 0.08917856216430664 -0.12171225994825363 -0.6432750821113586
v -0.13444013893604279 0.21320876479148865 -0.6427678465843201
v -0.15142688155174255 0.1046953797340393 -0.6589940786361694
v -0.10528342425823212 0.0027739412616938353 -0.6775020360946655
v -0.0708024874329567 -0.07810408622026443 -0.6716715693473816
v -0.05482986569404602 -0.092302106320858 -0.6633048057556152
v 0.11199676990509033 0.34225887060165405 -0.643782377243042
v 0.1568726897239685 -0.004832128062844276 -0.645049512386322
v -0.14889158308506012 0.1827852725982666 -0.652908980846405
v -0.02465902455151081 0.2857206165790558 -0.650374710559845
v 0.11351794004440308 -0.10928904265165329 -0.6562051773071289
v 0.11706755310297012 0.22588618099689484 -0.6475858092308044
v -0.02744794264435768 0.3199475407600403 -0.6442896127700806
v 0.10312295705080032 0.3526526689529419 -0.6468238830566406
v -0.023644907400012016 0.3488512337207794 -0.6447969079017639
v 0.11554637551307678 0.2730431854724884 -0.6716715693473816
v 0.1183352917432785 0.2436322420835495 -0.6709097027778625
v -0.14762385189533234 0.07351040840148926 -0.6508820056915283
v 0.2278635948896408 0.18684133887290955 -0.6508820056915283
v -0.023644907400012016 0.25402799248695374 -0.6546834111213684
v 0.11503931879997253 0.3412443697452545 -0.652908980846405
v 0.11174333840608597 0.30194687843322754 -0.6508820056915283
v -0.033279210329055786 -0.1082749292254448 -0.648093044757843
v -0.14635631442070007 0.19799701869487762 -0.6478384137153625
v 0.1152927428483963 0.3131025433540344 -0.6633048057556152
v -0.025673139840364456 0.24160520732402802 -0.6536709070205688
v -0.010968062095344067 0.3676117956638336 -0.6795310378074646
v -0.002347877947613597 0.37369686365127563 -0.6952500343322754
v -0.016545897349715233 0.36887893080711365 -0.6975317001342773
v -0.03860361501574516 0.25681692361831665 -0.6772494316101074
v -0.02871568687260151 0.2580840587615967 -0.6617830395698547
v 0.11453226208686829 -0.10193639993667603 -0.642515242099762
v 0.10261590033769608 0.23222391307353973 -0.6491055488586426
v -0.023391278460621834 0.3551889657974243 -0.6559525728225708
v 0.11503931879997253 0.3240036070346832 -0.6572197079658508
v -0.018067071214318275 -0.11385256797075272 -0.6501200795173645
v -0.0847470834851265 -0.029425133019685745 -0.6666010022163391
v -0.07333797961473465 -0.06162426620721817 -0.6678681373596191
v 0.11579980701208115 0.30321401357650757 -0.6792764067649841
v -0.10224107652902603 0.23349107801914215 -0.6595013737678528
v 0.19617076218128204 0.02711331844329834 -0.6676135063171387
v 0.21620064973831177 0.21067246794700623 -0.650374710559845
v 0.18907177448272705 0.020521368831396103 -0.6625429391860962
v -0.14077846705913544 0.20687103271484375 -0.6592487096786499
v -0.031758036464452744 0.33110320568084717 -0.6625429391860962
v -0.02947617508471012 0.34859660267829895 -0.651641845703125
v -0.14737042784690857 0.07807393372058868 -0.6610231399536133
v 0.1312655657529831 -0.09686581790447235 -0.6627975702285767
v 0.09957355260848999 -0.11689511686563492 -0.6574723124504089
v -0.001333742868155241 -0.11334551125764847 -0.652908980846405
v 0.18729697167873383 0.000999139971099794 -0.6775020360946655
v 0.08410779386758804 -0.119937464594841 -0.6605159044265747
v 0.22456741333007812 0.19824965298175812 -0.6536709070205688
v 0.12010989338159561 0.23475821316242218 -0.6686280369758606
v 0.22760896384716034 0.08035579323768616 -0.6546834111213684
v 0.2025090903043747 0.2203083485364914 -0.6511346101760864
v 0.025287533178925514 0.36685189604759216 -0.6683753728866577
v -0.14534220099449158 0.11154075711965561 -0.6886576414108276
v -0.011728748679161072 -0.11055658757686615 -0.6668536067008972
v 0.11047559231519699 0.35366716980934143 -0.6564598083496094
v -0.1461026817560196 0.1954607218503952 -0.6562051773071289
v -0.03911067172884941 0.23526547849178314 -0.6546834111213684
v -0.03226508945226669 0.31614410877227783 -0.6693899035453796
v -0.04925202950835228 -0.0933162197470665 -0.6564598083496094
v -0.032518722116947174 0.2918057143688202 -0.6949954032897949
v -0.06776013970375061 0.23653461039066315 -0.6650792360305786
v -0.05178732052445412 0.2390689104795456 -0.6668536067008972
v -0.014264038763940334 0.3612740635871887 -0.6633048057556152
v -0.04316714033484459 -0.10295052081346512 -0.6625429391860962
v 0.034668345004320145 -0.11207795888185501 -0.6600086092948914
v -0.09184608608484268 0.2375471442937851 -0.6676135063171387
v 0.22431278228759766 0.0699608102440834 -0.6592487096786499
v 0.15256258845329285 -0.057314153760671616 -0.6645719408988953
v 0.16929589211940765 0.23602734506130219 -0.6701498031616211
v 0.21366436779499054 0.21853196620941162 -0.6650792360305786
v 0.20098792016506195 0.22715334594249725 -0.6648265719413757
v -0.046970173716545105 0.25428062677383423 -0.693475604057312
v -0.048744965344667435 0.24591387808322906 -0.6807982325553894
v 0.0024692907463759184 -0.11182433366775513 -0.6671082377433777
v 0.008047087118029594 -0.11157090216875076 -0.6605159044265747
v -0.03226508945226669 0.34707483649253845 -0.6602612733840942
v 0.040246181190013885 0.37344422936439514 -0.6886576414108276
v 0.011089514940977097 0.3709079623222351 -0.682572603225708
v 0.18729697167873383 -0.02714347094297409 -0.6911939382553101
v 0.18678990006446838 -0.06821619719266891 -0.7064056992530823
v 0.19693125784397125 -0.06517376750707626 -0.7213647961616516
v 0.01818852312862873 -0.11258501559495926 -0.6579796075820923
v -0.032518722116947174 0.24388687312602997 -0.6597539782524109
v 0.22557993233203888 0.19444622099399567 -0.6648265719413757
v 0.11909577250480652 -0.10776786506175995 -0.6627975702285767
v 0.1152927428483963 0.33896270394325256 -0.6612757444381714
v -0.14534220099449158 0.19241918623447418 -0.6645719408988953
v 0.04379558563232422 -0.11664148420095444 -0.6721788048744202
v -0.06116819009184837 -0.09255573898553848 -0.6696425080299377
v -0.12049555033445358 0.03750830143690109 -0.6777566075325012
v 0.06433212757110596 -0.11588099598884583 -0.6676135063171387
v 0.13735045492649078 -0.0963587611913681 -0.6691352725028992
v 0.10464433580636978 -0.1151203140616417 -0.6648265719413757
v 0.028329961001873016 -0.11334551125764847 -0.6696425080299377
v 0.2250746637582779 0.20585650205612183 -0.7086873650550842
v 0.22406014800071716 0.15616323053836823 -0.7135053277015686
v 0.2217784970998764 0.17112235724925995 -0.7560989856719971
v 0.2235528975725174 0.07148198038339615 -0.6726861000061035
v 0.12746252119541168 0.23602734506130219 -0.6736986041069031
v -0.02592676877975464 0.35797786712646484 -0.6653318405151367
v 0.2265944480895996 0.08390539139509201 -0.6678681373596191
v 0.0866432711482048 -0.12145863473415375 -0.6828271746635437
v 0.11301088333129883 0.3526526689529419 -0.6650792360305786
v 0.20124134421348572 0.02102842554450035 -0.6876431703567505
v 0.2141716331243515 0.0491708368062973 -0.6846016049385071
v 0.11478568613529205 0.3341447412967682 -0.6785165667533875
v -0.03834998235106468 0.2449013590812683 -0.6663463711738586
v 0.1251806616783142 -0.10700719058513641 -0.6691352725028992
v -0.05457623675465584 -0.10117591917514801 -0.6762349009513855
v -0.03758930414915085 -0.10599306970834732 -0.6800382733345032
v 0.10413727164268494 0.36076679825782776 -0.6671082377433777
v -0.03074391931295395 0.343273401260376 -0.676994800567627
v -0.035307638347148895 0.27811378240585327 -0.698291540145874
v 0.11656048893928528 -0.11233139038085938 -0.6782638430595398
v 0.015653163194656372 -0.12196588516235352 -0.6726861000061035
v -0.030490292236208916 0.35290729999542236 -0.6655864715576172
v -0.13773612678050995 0.21422326564788818 -0.6797837018966675
v 0.21822769939899445 0.21599766612052917 -0.6731913089752197
v -0.11517134308815002 0.23602734506130219 -0.6719241738319397
v 0.22329826653003693 0.20180043578147888 -0.680290937423706
v -0.025673139840364456 0.3600068986415863 -0.6709097027778625
v 0.07041682302951813 -0.11638806015253067 -0.6734459400177002
v -0.11796027421951294 -0.0071139857172966 -0.7026022672653198
v -0.02541971206665039 -0.11106384545564651 -0.6787691712379456
v -0.02795500122010708 -0.12171225994825363 -0.6889122724533081
v 0.00018747005378827453 -0.13616390526294708 -0.6800382733345032
v 0.11453226208686829 0.35037100315093994 -0.6736986041069031
v 0.05951477959752083 -0.11537393927574158 -0.6714169383049011
v 0.20707282423973083 0.22715334594249725 -0.6714169383049011
v -0.02263079397380352 0.3638083338737488 -0.6797837018966675
v 0.11301088333129883 -0.11461325734853745 -0.6937282085418701
v 0.10210884362459183 -0.12424755096435547 -0.690432071685791
v 0.12365949898958206 -0.1300790160894394 -0.7064056992530823
v 0.11503931879997253 0.31766587495803833 -0.6830798983573914
v 0.14723818004131317 -0.08418898284435272 -0.671164333820343
v -0.14128553867340088 0.11787908524274826 -0.7178139686584473
v -0.14128553867340088 0.1057094931602478 -0.7145178318023682
v -0.04367419332265854 0.24566127359867096 -0.6734459400177002
v 0.1350685954093933 0.23805437982082367 -0.6777566075325012
v -0.14787746965885162 0.08821549266576767 -0.6729387044906616
v 0.1312655657529831 -0.10599306970834732 -0.6757276058197021
v 0.10768667608499527 0.36101943254470825 -0.6764875054359436
v 0.12847663462162018 0.24566127359867096 -0.68485426902771
v 0.22557993233203888 0.14652934670448303 -0.6797837018966675
v -0.09235315024852753 -0.06263840198516846 -0.686883270740509
v -0.028969114646315575 0.3559488356113434 -0.674713134765625
v -0.02998323179781437 0.33110320568084717 -0.6884050369262695
v -0.08981785923242569 -0.07911823689937592 -0.6906867027282715
v -0.07916924357414246 -0.09280916303396225 -0.6894176006317139
v -0.07359141111373901 -0.092302106320858 -0.6823199391365051
v -0.14534220099449158 0.07629933953285217 -0.6698971390724182
v -0.1392572969198227 0.0681862160563469 -0.7043766379356384
v 0.1431817263364792 -0.09711926430463791 -0.6757276058197021
v 0.14926661550998688 -0.0973728820681572 -0.6820653676986694
v -0.06446415930986404 0.24261969327926636 -0.679023802280426
v 0.22329826653003693 0.21143436431884766 -0.6924610733985901
v 0.21696053445339203 0.22360454499721527 -0.6863759756088257
v 0.2052980214357376 0.2345055788755417 -0.6851088404655457
v 0.012610732577741146 -0.14706595242023468 -0.6835871338844299
v 0.03644314780831337 -0.13261431455612183 -0.6782638430595398
v -0.12860867381095886 0.22715334594249725 -0.6736986041069031
v 0.02680874615907669 -0.1518831104040146 -0.6881504058837891
v -0.06725308299064636 -0.0933162197470665 -0.6764875054359436
v 0.12644840776920319 0.2601131200790405 -0.6955026388168335
v 0.22101660072803497 0.07376384735107422 -0.7112216353416443
v 0.21341173350811005 0.04207182675600052 -0.698291540145874
v 0.09120679646730423 0.3696407973766327 -0.6878977417945862
v 0.06762810796499252 -0.12652941048145294 -0.6823199391365051
v 0.14546360075473785 0.24109794199466705 -0.6800382733345032
v -0.11162194609642029 0.24312497675418854 -0.6856160759925842
v 0.11605343222618103 0.28014278411865234 -0.7099545001983643
v 0.10794030129909515 0.30067771673202515 -0.7150250673294067
v 0.11225039511919022 0.31132614612579346 -0.6995607018470764
v 0.2238055169582367 0.08035579323768616 -0.6830798983573914
v -0.04088527336716652 0.26290202140808105 -0.6987988352775574
v 0.11123628169298172 0.34403327107429504 -0.690432071685791
v 0.11072902381420135 0.3551889657974243 -0.6843470335006714
v 0.0716845691204071 0.3724296987056732 -0.6886576414108276
v 0.1431817263364792 -0.103204146027565 -0.6886576414108276
v -0.1334260255098343 0.22563156485557556 -0.6828271746635437
v 0.1905929446220398 0.24084331095218658 -0.6866286993026733
v -0.06015406921505928 -0.10041522979736328 -0.6830798983573914
v -0.02744794264435768 0.35645610094070435 -0.6843470335006714
v -0.12658044695854187 0.23627997934818268 -0.6861233711242676
v -0.06699945032596588 0.2512390911579132 -0.6990534663200378
v 0.12163106352090836 -0.11638806015253067 -0.6965171694755554
v 0.1322796791791916 -0.10776786506175995 -0.6990534663200378
v -0.07612689584493637 0.266958087682724 -0.7355620265007019
v -0.10097333043813705 0.26290202140808105 -0.727955162525177
v -0.14584925770759583 0.08644068986177444 -0.6818126440048218
v -0.031758036464452744 -0.11030315607786179 -0.6853615045547485
v -0.04291370511054993 -0.10447189211845398 -0.6876431703567505
v -0.12784819304943085 0.030662721022963524 -0.7033621668815613
v 0.08410779386758804 -0.14453046023845673 -0.6975317001342773
v -0.1362147480249405 0.0542416088283062 -0.7097018957138062
v 0.13380084931850433 0.2481975257396698 -0.6899248361587524
v 0.10312295705080032 0.36533012986183167 -0.686883270740509
v 0.04531695693731308 -0.1726730763912201 -0.7010805010795593
v 0.0934886559844017 -0.12120519578456879 -0.6876431703567505
v 0.009568301029503345 0.3775002956390381 -0.7074202299118042
v -0.021363049745559692 0.36608999967575073 -0.690432071685791
v 0.005511717405170202 -0.1536577045917511 -0.686883270740509
v -0.013503551483154297 -0.14934761822223663 -0.6917011737823486
v -0.05153388902544975 0.25402799248695374 -0.7015877366065979
v 0.10920784622430801 0.3242582082748413 -0.7031095027923584
v 0.21543878316879272 0.23146404325962067 -0.700067937374115
v 0.20326977968215942 0.24160520732402802 -0.6990534663200378
v -0.06446415930986404 -0.09838700294494629 -0.6911939382553101
v -0.03758930414915085 -0.10903540998697281 -0.6917011737823486
v 0.2220311164855957 0.10063871741294861 -0.7299842238426208
v 0.22329826653003693 0.13790856301784515 -0.7026022672653198
v 0.16625356674194336 -0.08393535017967224 -0.6899248361587524
v 0.1855221539735794 0.25377538800239563 -0.7155323624610901
v 0.18273323774337769 0.25985848903656006 -0.730236828327179
v 0.1459706425666809 0.2621401250362396 -0.7236464619636536
v -0.024405594915151596 -0.16633455455303192 -0.7071655988693237
v -0.03987115994095802 -0.12247294187545776 -0.7015877366065979
v -0.13114416599273682 0.23475821316242218 -0.6939828395843506
v -0.030236858874559402 0.2852133512496948 -0.7155323624610901
v 0.18780402839183807 0.24743567407131195 -0.7010805010795593
v 0.10388364642858505 0.3645702302455902 -0.695757269859314
v 0.1391250640153885 0.25174635648727417 -0.694742739200592
v -0.04773085564374924 -0.10168297588825226 -0.6942355036735535
v -0.020855989307165146 0.35645610094070435 -0.7018423676490784
v -0.02263079397380352 0.3417516052722931 -0.7043766379356384
v 0.1619434654712677 -0.09610514342784882 -0.694742739200592
v -0.14077846705913544 0.21041983366012573 -0.697024405002594
v -0.10097333043813705 -0.07785055786371231 -0.7043766379356384
v -0.0956491231918335 -0.07835763692855835 -0.6975317001342773
v -0.10883302241563797 -0.06035657972097397 -0.7074202299118042
v 0.13329379260540009 0.2563096582889557 -0.6952500343322754
v 0.10160177946090698 0.35924503207206726 -0.7033621668815613
v 0.009568301029503345 -0.1726730763912201 -0.6939828395843506
v -0.010461005382239819 -0.16405269503593445 -0.6962645053863525
v -0.031250979751348495 0.3181731402873993 -0.690432071685791
v -0.020095303654670715 0.3295814096927643 -0.7150250673294067
v 0.09374228864908218 0.37014803290367126 -0.6975317001342773
v 0.1538301408290863 -0.10244346410036087 -0.7028568983078003
v 0.001201625564135611 -0.17825071513652802 -0.6965171694755554
v 0.20504438877105713 -0.033481791615486145 -0.7241536974906921
v 0.22228574752807617 0.22056099772453308 -0.7053911685943604
v -0.14204621315002441 0.1356266885995865 -0.7502664923667908
v -0.14204621315002441 0.14018963277339935 -0.7330257296562195
v -0.13748249411582947 0.17391127347946167 -0.7697889804840088
v 0.10033423453569412 0.33465200662612915 -0.7145178318023682
v -0.08981785923242569 -0.09052730351686478 -0.7033621668815613
v -0.07359141111373901 -0.09382327646017075 -0.7061510682106018
v -0.10807234048843384 0.25047919154167175 -0.699306070804596
v -0.026433825492858887 0.31411507725715637 -0.7099545001983643
v -0.11441066861152649 -0.044637344777584076 -0.7107163667678833
v -0.11491772532463074 -0.06973741203546524 -0.7221246957778931
v -0.11086125671863556 0.25833868980407715 -0.7200956344604492
v 0.11174333840608597 -0.14047399163246155 -0.7066583037376404
v -0.0588863268494606 -0.09762631356716156 -0.7071655988693237
v -0.05381574481725693 -0.10066886246204376 -0.7003206014633179
v 0.17538079619407654 -0.06999094039201736 -0.6929683685302734
v 0.17816971242427826 -0.08292123675346375 -0.7033621668815613
v 0.10591188073158264 0.32070744037628174 -0.7112216353416443
v -0.04316714033484459 -0.1082749292254448 -0.6975317001342773
v -0.135200634598732 0.2327311784029007 -0.7026022672653198
v -0.1400177925825119 0.22132089734077454 -0.7091946005821228
v -0.12379153817892075 0.24439409375190735 -0.6990534663200378
v -0.00412264047190547 0.37369686365127563 -0.7061510682106018
v -0.011728748679161072 0.3615266978740692 -0.7117288708686829
v -0.1430603414773941 0.0948074460029602 -0.7026022672653198
v 0.13050487637519836 0.26036572456359863 -0.7046312689781189
v 0.13963212072849274 -0.10802130401134491 -0.7036167979240417
v 0.01362487580627203 -0.19092755019664764 -0.7008278369903564
v -0.1362147480249405 0.23374570906162262 -0.7124907970428467
v 0.1322796791791916 -0.13312137126922607 -0.7109690308570862
v -0.0008266650838777423 -0.19980137050151825 -0.7086873650550842
v 0.005511717405170202 -0.19194166362285614 -0.7026022672653198
v -0.019334815442562103 -0.19549128413200378 -0.7152796983718872
v -0.1182136982679367 0.25402799248695374 -0.7162942290306091
v -0.022377165034413338 -0.18256080150604248 -0.7109690308570862
v 0.09424934536218643 0.3691335618495941 -0.7061510682106018
v -0.04088527336716652 0.2626473903656006 -0.7020949721336365
v 0.17816971242427826 -0.09103436022996902 -0.7157869935035706
v -0.037842925637960434 0.26771798729896545 -0.7102091312408447
v 0.08613621443510056 0.37318962812423706 -0.7071655988693237
v -0.10680459439754486 -0.07379397749900818 -0.7104617357254028
v -0.0489984005689621 -0.1082749292254448 -0.7043766379356384
v 0.0519087128341198 0.37952733039855957 -0.7175613641738892
v 0.03923206403851509 0.38003456592559814 -0.7178139686584473
v 0.20910105109214783 0.24109794199466705 -0.7061510682106018
v 0.01514609158039093 -0.19574470818042755 -0.7028568983078003
v 0.12315244227647781 0.26822522282600403 -0.7157869935035706
v -0.14153915643692017 0.1472892314195633 -0.7074202299118042
v -0.012489236891269684 0.344540536403656 -0.7190831303596497
v -0.0956491231918335 -0.08773838728666306 -0.7099545001983643
v 0.027569353580474854 -0.19751951098442078 -0.7069129347801208
v 0.07421985268592834 0.3759784996509552 -0.7076728343963623
v 0.03492197394371033 -0.20385783910751343 -0.7112216353416443
v 0.20124134421348572 0.2481975257396698 -0.7132506966590881
v 0.009061221964657307 -0.20157597959041595 -0.7069129347801208
v 0.0009480769513174891 0.37496402859687805 -0.7157869935035706
v 0.025287533178925514 0.38003456592559814 -0.7175613641738892
v 0.013117803260684013 0.37471136450767517 -0.724406361579895
v 0.09044630825519562 -0.17698317766189575 -0.7175613641738892
v 0.2220311164855957 0.225124329328537 -0.7175613641738892
v 0.21366436779499054 0.2390689104795456 -0.7137579321861267
v -0.050773199647665024 0.2580840587615967 -0.7104617357254028
v 0.07472711056470871 0.3759784996509552 -0.7170541286468506
v 0.06433212757110596 0.3785147964954376 -0.7175613641738892
v -0.1291157305240631 0.24540862441062927 -0.7160395979881287
v 0.1837475597858429 -0.08165369182825089 -0.7102091312408447
v 0.15256258845329285 -0.10650013387203217 -0.7167994976043701
v 0.20986174046993256 0.009872954338788986 -0.7167994976043701
v -0.008939830586314201 -0.20943565666675568 -0.7236464619636536
v -0.019334815442562103 0.3029593825340271 -0.727955162525177
v 0.11554637551307678 -0.1536577045917511 -0.7155323624610901
v 0.12087058275938034 0.270506888628006 -0.7254208922386169
v 0.08461485058069229 0.3209620714187622 -0.7375910878181458
v 0.08689670264720917 0.3313558101654053 -0.7312513589859009
v 0.021484479308128357 -0.2053792029619217 -0.7089399695396423
v -0.07663395255804062 -0.09534445405006409 -0.7269426584243774
v -0.06497121602296829 -0.09762631356716156 -0.7135053277015686
v 0.09171385318040848 0.3645702302455902 -0.7132506966590881
v -0.05482986569404602 -0.10802130401134491 -0.7112216353416443
v 0.16321101784706116 -0.0963587611913681 -0.7178139686584473
v 0.11960283666849136 -0.14199517667293549 -0.7112216353416443
v -0.14153915643692017 0.20382748544216156 -0.7226319313049316
v -0.14179259538650513 0.10849840193986893 -0.7522955536842346
v -0.08931059390306473 -0.0882454439997673 -0.7271952629089355
v 0.08309367299079895 0.3638083338737488 -0.7213647961616516
v -0.09438137710094452 0.26898711919784546 -0.7408872246742249
v 0.015906699001789093 -0.20892859995365143 -0.7129980325698853
v -0.10705822706222534 -0.08089300245046616 -0.7193357944488525
v 0.00449758255854249 -0.2081679105758667 -0.7147724628448486
v 0.08588258922100067 0.3706552982330322 -0.7155323624610901
v 0.217467799782753 0.23602734506130219 -0.721872091293335
v -0.04189939424395561 -0.19371646642684937 -0.7375910878181458
v -0.026433825492858887 -0.19701245427131653 -0.721872091293335
v -0.00412264047190547 0.3714151978492737 -0.7145178318023682
v -0.10528342425823212 -0.08418898284435272 -0.7249135971069336
v 0.22329826653003693 0.13385190069675446 -0.7500138878822327
v 0.18932519853115082 -0.08013232052326202 -0.7173067331314087
v 0.039485495537519455 -0.21247801184654236 -0.7221246957778931
v 0.045063331723213196 -0.20867498219013214 -0.7173067331314087
v -0.06928131729364395 -0.12196588516235352 -0.7360693216323853
v 0.20681919157505035 -0.019030146300792694 -0.7216174602508545
v 0.02452692575752735 -0.21298526227474213 -0.7203502655029297
v -0.14103209972381592 0.21954646706581116 -0.7178139686584473
v 0.10870078951120377 -0.17799729108810425 -0.724406361579895
v 0.003229897702112794 0.36887893080711365 -0.7223773002624512
v -0.12810161709785461 -0.01624142751097679 -0.727449893951416
v -0.14077846705913544 0.02685968577861786 -0.7573661208152771
v 0.058500662446022034 -0.19473059475421906 -0.7135053277015686
v -0.12683407962322235 0.2509864568710327 -0.7264353632926941
v 0.13557565212249756 -0.1457982063293457 -0.7211101651191711
v 0.12087058275938034 -0.1683627814054489 -0.7233918309211731
v -0.02389833889901638 0.2783663868904114 -0.7337876558303833
v -0.07207023352384567 -0.10751424729824066 -0.732265830039978
v 0.11453226208686829 0.2778611183166504 -0.7183212637901306
v 0.07472711056470871 -0.20208323001861572 -0.7228845953941345
v 0.0815725028514862 -0.20360441505908966 -0.7271952629089355
v 0.12264538556337357 -0.19701245427131653 -0.7353094220161438
v 0.12594135105609894 -0.1835751086473465 -0.730998694896698
v 0.002976368647068739 -0.2132387012243271 -0.729731559753418
v 0.09272817522287369 -0.2003084272146225 -0.7294769287109375
v -0.14128553867340088 0.08365178108215332 -0.7451959252357483
v 0.21188996732234955 0.24540862441062927 -0.727955162525177
v 0.19870606064796448 0.25428062677383423 -0.727955162525177
v 0.006272344850003719 0.35924503207206726 -0.728717029094696
v 0.0549512580037117 -0.21146389842033386 -0.7241536974906921
v 0.06103615090250969 -0.21044978499412537 -0.7246609926223755
v 0.12416655570268631 -0.1556861400604248 -0.7193357944488525
v 0.10084129869937897 0.28648051619529724 -0.7386035919189453
v -0.13773612678050995 0.23197127878665924 -0.7213647961616516
v 0.15408377349376678 -0.119937464594841 -0.728717029094696
v 0.15712611377239227 -0.10497894883155823 -0.724406361579895
v 0.19439595937728882 -0.07785055786371231 -0.724406361579895
v -0.020095303654670715 -0.2051255702972412 -0.7246609926223755
v -0.007165029179304838 0.3042285442352295 -0.7411398887634277
v -0.012742864899337292 0.2811553180217743 -0.7474775910377502
v 0.0737127959728241 0.3716678321361542 -0.7241536974906921
v 0.027315806597471237 -0.21526692807674408 -0.730236828327179
v 0.07853014767169952 0.343273401260376 -0.7340402603149414
v 0.08106543868780136 0.3534145653247833 -0.7277025580406189
v 0.18805764615535736 -0.08697789162397385 -0.7304914593696594
v 0.2235528975725174 0.2172648310661316 -0.7294769287109375
v 0.21873493492603302 0.2345055788755417 -0.7350547909736633
v -0.11491772532463074 0.25833868980407715 -0.7249135971069336
v -0.028462057933211327 0.2750721871852875 -0.7261807322502136
v -0.12784819304943085 -0.045144423842430115 -0.7378436923027039
v -0.12074918299913406 -0.06973741203546524 -0.7312513589859009
v 0.06382507085800171 0.37648576498031616 -0.7259281277656555
v 0.03897843882441521 0.37952733039855957 -0.726688027381897
v 0.16219690442085266 -0.1437699794769287 -0.7563516497612
v 0.16067571938037872 -0.13210725784301758 -0.7462104558944702
v 0.1431817263364792 -0.1468123197555542 -0.7277025580406189
v 0.04937342181801796 -0.21450644731521606 -0.7299842238426208
v 0.027062276378273964 -0.21552056074142456 -0.7393654584884644
v 0.12188469618558884 0.2702542841434479 -0.73454749584198
v -0.14052484929561615 0.21447589993476868 -0.7348021268844604
v 0.21087585389614105 -0.042862605303525925 -0.7431688904762268
v -0.13444013893604279 0.24160520732402802 -0.7330257296562195
v 0.2202567160129547 0.05474867299199104 -0.7388582229614258
v 0.025033986195921898 0.3785147964954376 -0.7259281277656555
v 0.1302514374256134 -0.1556861400604248 -0.728717029094696
v 0.11148971319198608 0.2778611183166504 -0.727449893951416
v -0.10781890898942947 -0.08317486941814423 -0.727955162525177
v 0.07016339898109436 -0.21171753108501434 -0.732265830039978
v -0.03074391931295395 -0.20335078239440918 -0.7330257296562195
v 0.16549287736415863 -0.0991474837064743 -0.7393654584884644
v 0.1736059933900833 -0.09027387201786041 -0.7330257296562195
v 0.1370968371629715 -0.1726730763912201 -0.7330257296562195
v 0.0716845691204071 0.3638083338737488 -0.7304914593696594
v -0.1382431834936142 0.22994224727153778 -0.729731559753418
v 0.015906699001789093 0.36685189604759216 -0.730998694896698
v 0.19870606064796448 -0.07556873559951782 -0.732265830039978
v 0.20428389310836792 0.2530134916305542 -0.7348021268844604
v 0.2159460335969925 0.2388162761926651 -0.7441813945770264
v -0.05356212332844734 -0.19650539755821228 -0.7535626888275146
v -0.07156317681074142 -0.17191238701343536 -0.7591405510902405
v -0.009700517170131207 -0.21146389842033386 -0.730998694896698
v 0.05621900409460068 -0.21450644731521606 -0.7401253581047058
v -0.03606812655925751 0.2679726183414459 -0.7330257296562195
v 0.22253838181495667 0.06717189401388168 -0.7573661208152771
v 0.06407849490642548 0.36887893080711365 -0.7320132255554199
v 0.03872500732541084 -0.21374575793743134 -0.7768884897232056
v 0.0508945994079113 -0.21273164451122284 -0.7773957848548889
v 0.1500270962715149 -0.17318013310432434 -0.7477322220802307
v 0.15737974643707275 -0.15948916971683502 -0.751788318157196
v 0.21797505021095276 0.010126378387212753 -0.7446886897087097
v 0.22279100120067596 0.036240555346012115 -0.7837334871292114
v -0.12150966376066208 -0.07277984172105789 -0.7398727536201477
v 0.02680874615907669 0.3724296987056732 -0.732265830039978
v -0.00462969858199358 0.31715860962867737 -0.7380983233451843
v 0.20859399437904358 -0.06390608102083206 -0.7469703555107117
v 0.05165528133511543 0.37318962812423706 -0.7332803606987
v -0.09539549797773361 -0.08596377819776535 -0.7337876558303833
v -0.0018408215837553144 0.3305959403514862 -0.73454749584198
v -0.12658044695854187 0.25352075695991516 -0.7363219261169434
v -0.11263605952262878 0.2626473903656006 -0.73454749584198
v 0.10261590033769608 -0.19878725707530975 -0.7315059900283813
v 0.11072902381420135 -0.20208323001861572 -0.7363219261169434
v -0.08195815980434418 -0.09433034062385559 -0.7340402603149414
v 0.1728455126285553 0.26898711919784546 -0.7505211234092712
v -0.02060256153345108 -0.20994271337985992 -0.7403799891471863
v 0.0825866162776947 -0.21070340275764465 -0.7408872246742249
v 0.09551689028739929 -0.20867498219013214 -0.7416471242904663
v 0.1282230168581009 0.27735385298728943 -0.7644657492637634
v 0.11326451599597931 0.27557748556137085 -0.7451959252357483
v 0.03923206403851509 0.37394949793815613 -0.7337876558303833
v 0.21645329892635345 0.23044951260089874 -0.757113516330719
v 0.19236773252487183 -0.08393535017967224 -0.7386035919189453
v 0.06433212757110596 0.3551889657974243 -0.7370837926864624
v 0.1074332445859909 -0.20791448652744293 -0.7507737874984741
v 0.09069973975419998 0.28648051619529724 -0.757113516330719
v -0.13773612678050995 0.0491708368062973 -0.726688027381897
v 0.21518613398075104 0.12954181432724 -0.8014815449714661
v 0.22152386605739594 0.10139939188957214 -0.7756213545799255
v 0.22076398134231567 0.08922960609197617 -0.7875369191169739
v 0.11148971319198608 0.2760847508907318 -0.7360693216323853
v -0.11136831343173981 -0.08038594573736191 -0.7375910878181458
v -0.10274813324213028 -0.08266781270503998 -0.7464650869369507
v -0.030236858874559402 0.2694943845272064 -0.7401253581047058
v -0.12505927681922913 0.2560570538043976 -0.7462104558944702
v 0.20580507814884186 0.25352075695991516 -0.7454505562782288
v 0.014131948351860046 -0.21450644731521606 -0.7484921216964722
v 0.13380084931850433 -0.1856033354997635 -0.7365765571594238
v 0.027569353580474854 0.3605121672153473 -0.7380983233451843
v 0.2202567160129547 0.21143436431884766 -0.7505211234092712
v 0.20301614701747894 -0.07354044914245605 -0.7406325936317444
v -0.13266533613204956 -0.05275051295757294 -0.754069983959198
v -0.13875024020671844 -0.014973683282732964 -0.7644657492637634
v 0.06864222139120102 -0.21273164451122284 -0.7495066523551941
v 0.1786767691373825 -0.08748495578765869 -0.7401253581047058
v 0.12137763947248459 -0.20461851358413696 -0.7520409226417542
v 0.039485495537519455 0.36228856444358826 -0.7393654584884644
v -0.135200634598732 0.23957617580890656 -0.7416471242904663
v -0.08804304897785187 -0.10269708931446075 -0.7495066523551941
v 0.07523416727781296 0.3323703408241272 -0.7401253581047058
v 0.19591714441776276 0.25960585474967957 -0.7426616549491882
v 0.027822883799672127 0.3473294675350189 -0.7434215545654297
v 0.07878357917070389 0.2890167832374573 -0.7667474150657654
v 0.05292302370071411 0.3181731402873993 -0.7548298239707947
v 0.16726768016815186 -0.10928904265165329 -0.7604076862335205
v 0.17005658149719238 -0.09509102255105972 -0.7467176914215088
v -0.04392781853675842 0.268732488155365 -0.7413924932479858
v -0.13773612678050995 0.22461706399917603 -0.7467176914215088
v -0.010207575745880604 -0.2091822326183319 -0.767254650592804
v 0.0815725028514862 -0.21171753108501434 -0.7497592568397522
v -0.11086125671863556 0.26771798729896545 -0.7497592568397522
v 0.005004660226404667 0.2938327491283417 -0.7545772194862366
v 0.01210367027670145 0.3247635066509247 -0.7464650869369507
v 0.06357143819332123 0.342766135931015 -0.7429142594337463
v -0.094635009765625 -0.11486688256263733 -0.7637038826942444
v -0.12886230647563934 -0.06492021679878235 -0.7510284185409546
v -0.03226508945226669 -0.20588625967502594 -0.7411398887634277
v 0.1282230168581009 -0.199294313788414 -0.7436761856079102
v 0.19870606064796448 -0.07962526381015778 -0.7451959252357483
v 0.0399925522506237 0.349356472492218 -0.7449433207511902
v -0.06015406921505928 0.27076151967048645 -0.7444360256195068
v -0.04291370511054993 -0.20056185126304626 -0.7434215545654297
v 0.10185541212558746 0.28014278411865234 -0.7555917501449585
v -0.03403989225625992 0.27988818287849426 -0.7685218453407288
v -0.014264038763940334 0.2765919864177704 -0.761929452419281
v -0.09336726367473602 -0.09002024680376053 -0.7446886897087097
v 0.052669402211904526 0.3336374759674072 -0.7495066523551941
v 0.03162591531872749 0.32045480608940125 -0.7548298239707947
v -0.08449345082044601 0.2748175859451294 -0.7558443546295166
v -0.1004662737250328 0.27380308508872986 -0.7588878870010376
v 0.1469847559928894 -0.18661746382713318 -0.7512810230255127
v -0.12125623971223831 -0.07506165653467178 -0.7482395172119141
v 0.21822769939899445 0.16377010941505432 -0.7768884897232056
v 0.18273323774337769 -0.08418898284435272 -0.7479848861694336
v -0.094635009765625 -0.09306279569864273 -0.7522955536842346
v 0.013878412544727325 -0.21298526227474213 -0.7675073146820068
v 0.13582909107208252 -0.19802656769752502 -0.7492539882659912
v -0.03226508945226669 -0.20766085386276245 -0.7497592568397522
v -0.1232844665646553 0.25859132409095764 -0.7563516497612
v 0.1708170771598816 -0.09509102255105972 -0.757113516330719
v 0.21341173350811005 0.24261969327926636 -0.7530554533004761
v 0.1994667500257492 -0.07683642208576202 -0.7563516497612
v -0.04367419332265854 -0.20335078239440918 -0.7505211234092712
v -0.0687742531299591 0.28293168544769287 -0.7771412134170532
v -0.1133965402841568 0.2679726183414459 -0.7588878870010376
v 0.027062276378273964 0.3336374759674072 -0.7489993572235107
v -0.06750650703907013 -0.18889932334423065 -0.7639585137367249
v 0.12949076294898987 -0.20335078239440918 -0.7568588852882385
v -0.029729804024100304 -0.20385783910751343 -0.7687744498252869
v 0.06433212757110596 -0.21095684170722961 -0.7779030203819275
v 0.16701404750347137 -0.13514959812164307 -0.7748595476150513
v 0.21670791506767273 -0.035002969205379486 -0.7609149217605591
v -0.14255326986312866 0.004802174400538206 -0.7880442142486572
v -0.12987641990184784 0.24870280921459198 -0.7533100843429565
v -0.13367946445941925 0.23399831354618073 -0.7586332559585571
v -0.005643854383379221 0.2836915850639343 -0.7528027892112732
v -0.08550757169723511 -0.17165875434875488 -0.7766339182853699
v -0.1291157305240631 -0.06745558977127075 -0.759647786617279
v 0.2103687971830368 0.24642114341259003 -0.7614222168922424
v 0.19769194722175598 0.2606203556060791 -0.7515356540679932
v 0.159915030002594 -0.17191238701343536 -0.7616768479347229
v -0.09742391854524612 -0.0973728820681572 -0.759647786617279
v -0.11618547141551971 -0.07708995044231415 -0.7664927840232849
v 0.14166055619716644 -0.19701245427131653 -0.757113516330719
v 0.07827652245759964 -0.20943565666675568 -0.7687744498252869
v 0.17842315137386322 -0.0824141800403595 -0.7637038826942444
v -0.04367419332265854 -0.20436489582061768 -0.759395182132721
v 0.02807641215622425 0.2920583486557007 -0.7670000195503235
v 0.015906699001789093 0.2874950170516968 -0.7657328844070435
v 0.20986174046993256 -0.067962646484375 -0.75761878490448
v 0.11884234845638275 -0.20563262701034546 -0.7609149217605591
v 0.15256258845329285 -0.1853497177362442 -0.758380651473999
v -0.09083197265863419 0.28014278411865234 -0.774099588394165
v 0.21518613398075104 0.21980109810829163 -0.7685218453407288
v 0.22228574752807617 0.06210131198167801 -0.7915930151939392
v 0.0009480769513174891 0.28343895077705383 -0.7588878870010376
v 0.05419056862592697 0.2953545153141022 -0.7677618861198425
v -0.1024945005774498 -0.15391133725643158 -0.7895659804344177
v -0.09615617990493774 0.27735385298728943 -0.767254650592804
v -0.10807234048843384 0.27202868461608887 -0.7692816853523254
v 0.1994667500257492 0.2606203556060791 -0.7604076862335205
v 0.04176735505461693 0.2953545153141022 -0.7677618861198425
v 0.10160177946090698 -0.20461851358413696 -0.7801846861839294
v -0.14128553867340088 0.1016528308391571 -0.7776484489440918
v -0.12886230647563934 0.243379607796669 -0.7705507874488831
v -0.14103209972381592 0.055509354919195175 -0.8019887804985046
v -0.14280670881271362 0.030916353687644005 -0.7953964471817017
v 0.14723818004131317 -0.19549128413200378 -0.7639585137367249
v 0.16701404750347137 0.27431032061576843 -0.764211118221283
v 0.15712611377239227 0.28166258335113525 -0.7844954133033752
v 0.1885647028684616 0.26721271872520447 -0.7621840834617615
v -0.05609741061925888 -0.19980137050151825 -0.7611695528030396
v 0.17791609466075897 -0.09407690912485123 -0.7905784845352173
v 0.10261590033769608 0.2814099192619324 -0.764972984790802
v -0.10908645391464233 -0.08925975859165192 -0.7715633511543274
v 0.2220311164855957 -0.0012827215250581503 -0.7768884897232056
v 0.22279100120067596 0.00961932260543108 -0.7872843146324158
v 0.12467361241579056 -0.20233666896820068 -0.774099588394165
v 0.13481496274471283 -0.20208323001861572 -0.764211118221283
v 0.18729697167873383 -0.07201923429965973 -0.7814518213272095
v 0.20377683639526367 -0.0740475282073021 -0.7644657492637634
v 0.004751110449433327 0.2821698486804962 -0.7639585137367249
v -0.005897482391446829 0.2791282832622528 -0.7657328844070435
v -0.12353809922933578 0.2578314542770386 -0.764972984790802
v 0.157886803150177 -0.1843355894088745 -0.764972984790802
v -0.13570769131183624 -0.059595976024866104 -0.7708034515380859
v 0.21341173350811005 -0.0631454735994339 -0.7664927840232849
v 0.21848231554031372 -0.04489089548587799 -0.7723252177238464
v 0.20504438877105713 0.25326812267303467 -0.7680145502090454
v 0.2004808634519577 0.2578314542770386 -0.7781556844711304
v 0.1916070580482483 0.2667054533958435 -0.7804373502731323
v 0.09120679646730423 0.28495875000953674 -0.775114119052887
v -0.05533692240715027 -0.20081548392772675 -0.7697889804840088
v 0.20605869591236115 0.24287234246730804 -0.7834808826446533
v -0.10705822706222534 -0.10345777869224548 -0.7758740186691284
v -0.1232844665646553 0.25504252314567566 -0.7735924124717712
v -0.12810161709785461 -0.0692303329706192 -0.7682691216468811
v 0.17918384075164795 0.2732958197593689 -0.7730851173400879
v 0.15230897068977356 -0.19320940971374512 -0.7713107466697693
v -0.1372290700674057 0.1234569102525711 -0.7928621768951416
v 0.026555199176073074 -0.22033771872520447 -0.7844954133033752
v -0.07840855419635773 -0.1843355894088745 -0.7738450169563293
v -0.13063710927963257 0.22766061127185822 -0.7753667831420898
v -0.11567841470241547 0.2626473903656006 -0.7850006222724915
v 0.18045157194137573 -0.08089300245046616 -0.7880442142486572
v -0.03961772844195366 -0.19751951098442078 -0.7890586853027344
v 0.16118277609348297 -0.18129326403141022 -0.7723252177238464
v 0.14039281010627747 -0.20005479454994202 -0.7713107466697693
v 0.003990504890680313 0.2824244499206543 -0.7733396887779236
v -0.016545897349715233 0.2821698486804962 -0.7761286497116089
v 0.2063121348619461 -0.06999094039201736 -0.7746068835258484
v -0.048237912356853485 0.29560714960098267 -0.8136517405509949
v -0.009953946806490421 0.29738155007362366 -0.8146662712097168
v 0.016920840367674828 0.2844514846801758 -0.774099588394165
v 0.16929589211940765 0.2791282832622528 -0.7837334871292114
v 0.18222618103027344 0.2730431854724884 -0.7913403511047363
v -0.13976435363292694 -0.04945453628897667 -0.7827190160751343
v 0.02959764562547207 0.28800228238105774 -0.775114119052887
v -0.06776013970375061 -0.1952376514673233 -0.7804373502731323
v 0.20073428750038147 0.23475821316242218 -0.7994524836540222
v 0.21366436779499054 0.2012932002544403 -0.7814518213272095
v 0.20580507814884186 0.19013752043247223 -0.8057922124862671
v 0.04176735505461693 0.2902839481830597 -0.7852552533149719
v -0.12227035313844681 -0.07024449110031128 -0.7862697839736938
v -0.11136831343173981 -0.092302106320858 -0.7799301147460938
v -0.14204621315002441 0.07477796077728271 -0.7796774506568909
v 0.12340587377548218 0.29434001445770264 -0.8149188756942749
v 0.07979769259691238 0.28825491666793823 -0.7855079174041748
v -0.10934007912874222 -0.1399669349193573 -0.7928621768951416
v -0.11035420000553131 -0.12145863473415375 -0.7893113493919373
v 0.21873493492603302 -0.05503233149647713 -0.7842407822608948
v -0.02744794264435768 -0.20157597959041595 -0.7882968187332153
v 0.06712104380130768 0.28926941752433777 -0.7852552533149719
v -0.09539549797773361 0.28014278411865234 -0.7809445858001709
v -0.12074918299913406 -0.08849906921386719 -0.7999597787857056
v -0.11998849362134933 -0.10447189211845398 -0.8047777414321899
v -0.11086125671863556 -0.10776786506175995 -0.7839881181716919
v -0.13545426726341248 -0.06137072294950485 -0.7791701555252075
v 0.016667310148477554 0.2872404158115387 -0.7839881181716919
v 0.0009480769513174891 -0.21475987136363983 -0.7855079174041748
v 0.14546360075473785 -0.19777293503284454 -0.7784103155136108
v 0.15661905705928802 -0.19067391753196716 -0.778662919998169
v 0.19870606064796448 0.25073182582855225 -0.7946365475654602
v 0.19186067581176758 0.265183687210083 -0.7893113493919373
v 0.19186067581176758 -0.0692303329706192 -0.7908331155776978
v 0.21087585389614105 -0.06618790328502655 -0.7819591164588928
v 0.20783330500125885 0.1472892314195633 -0.8164406418800354
v -0.10705822706222534 0.2732958197593689 -0.778662919998169
v -0.11998849362134933 0.24794290959835052 -0.7903258800506592
v 0.11301088333129883 -0.20157597959041595 -0.7857625484466553
v 0.12315244227647781 -0.19675882160663605 -0.8007216453552246
v -0.08601482212543488 0.28293168544769287 -0.7819591164588928
v -0.14255326986312866 -0.03753826022148132 -0.7948892116546631
v -0.14280670881271362 -0.02511504292488098 -0.7984380125999451
v -0.04849134385585785 -0.19396990537643433 -0.7989452481269836
v 0.1639717072248459 -0.17799729108810425 -0.7804373502731323
v 0.22253838181495667 -0.025368670001626015 -0.8022414445877075
v -0.14255326986312866 0.003788054222241044 -0.7971708178520203
v -0.09919852763414383 -0.1734335571527481 -0.7938746809959412
v -0.07916924357414246 -0.18864569067955017 -0.7822117209434509
v 0.09881286323070526 0.2991579473018646 -0.8253147006034851
v 0.07878357917070389 0.2976361811161041 -0.8154261112213135
v -0.05406918004155159 0.2915510833263397 -0.7999597787857056
v -0.13393308222293854 0.1675715446472168 -0.7865224480628967
v 0.013371339999139309 -0.2180558443069458 -0.7842407822608948
v 0.2220311164855957 0.0050555989146232605 -0.8098483085632324
v 0.052669402211904526 -0.2190699726343155 -0.7852552533149719
v -0.1283552497625351 0.20813816785812378 -0.7885514497756958
v -0.010207575745880604 -0.21044978499412537 -0.7865224480628967
v 0.15053416788578033 -0.1952376514673233 -0.7857625484466553
v -0.08956422656774521 -0.18382854759693146 -0.7923548817634583
v -0.14077846705913544 -0.04996161535382271 -0.7918476462364197
v 0.0767553448677063 -0.21171753108501434 -0.7875369191169739
v 0.02807641215622425 0.2983960807323456 -0.8154261112213135
v -0.13291877508163452 -0.06213132292032242 -0.7880442142486572
v 0.16067571938037872 -0.18712452054023743 -0.7862697839736938
v 0.040246181190013885 -0.23478935658931732 -0.7900732159614563
v 0.1847616732120514 -0.083428293466568 -0.8106082081794739
v 0.1895788311958313 -0.06846972554922104 -0.8075666427612305
v -0.10705822706222534 0.2694943845272064 -0.7959036827087402
v -0.08094404637813568 0.2854659855365753 -0.7890586853027344
v 0.06433212757110596 -0.2150135040283203 -0.7865224480628967
v -0.07181680202484131 0.28977668285369873 -0.8022414445877075
v -0.13393308222293854 0.11838613450527191 -0.810355544090271
v 0.17893020808696747 -0.14300929009914398 -0.8189749717712402
v 0.1905929446220398 -0.12551529705524445 -0.8486385345458984
v 0.19110000133514404 -0.11055658757686615 -0.846611499786377
v -0.07790149748325348 -0.19092755019664764 -0.7908331155776978
v -0.016799526289105415 -0.2101963460445404 -0.7956490516662598
v -0.13798955082893372 0.07959531247615814 -0.8088337779045105
v -0.09691686183214188 0.2796355187892914 -0.7898185849189758
v -0.12074918299913406 0.1815161406993866 -0.8179604411125183
v 0.2159460335969925 -0.059595976024866104 -0.7974254488945007
v 0.2202567160129547 -0.049201007932424545 -0.7941293120384216
v 0.10616550594568253 -0.20335078239440918 -0.7989452481269836
v 0.0519087128341198 -0.23250749707221985 -0.7910857200622559
v 0.026555199176073074 -0.24442365765571594 -0.7959036827087402
v 0.19617076218128204 0.246928408741951 -0.802496075630188
v -0.12150966376066208 -0.07227276265621185 -0.7948892116546631
v -0.14128553867340088 0.026099205017089844 -0.8123825788497925
v 0.16650699079036713 -0.17419424653053284 -0.7908331155776978
v -0.11897438764572144 -0.1209515705704689 -0.809593677520752
v -0.11897438764572144 -0.13743144273757935 -0.8144116401672363
v 0.009061221964657307 -0.2603960931301117 -0.810355544090271
v 0.02807641215622425 -0.26597392559051514 -0.809088408946991
v 0.15915454924106598 0.2841988503932953 -0.8035105466842651
v 0.14571702480316162 0.28622788190841675 -0.7943819165229797
v 0.07092408090829849 -0.2350427806377411 -0.800214409828186
v 0.19110000133514404 0.2623947560787201 -0.7976781129837036
v 0.2217784970998764 0.03269115462899208 -0.80604487657547
v 0.22076398134231567 0.060326509177684784 -0.8022414445877075
v -0.08677530288696289 0.28470608592033386 -0.8004670143127441
v 0.196424201130867 -0.06492021679878235 -0.7976781129837036
v 0.07802309095859528 -0.2170417308807373 -0.7956490516662598
v 0.15256258845329285 -0.19270235300064087 -0.7961563467979431
v 0.1479988694190979 0.2885095477104187 -0.8136517405509949
v 0.20174840092658997 0.1754310429096222 -0.8199894428253174
v -0.11263605952262878 0.25504252314567566 -0.8012269139289856
v -0.02795500122010708 -0.20385783910751343 -0.7971708178520203
v -0.09767735004425049 0.2778611183166504 -0.7984380125999451
v -0.008179144002497196 -0.22921150922775269 -0.7999597787857056
v -0.10883302241563797 -0.1665881723165512 -0.8045231103897095
v -0.12379153817892075 -0.06263840198516846 -0.8065521121025085
v -0.06218230351805687 -0.19168823957443237 -0.7994524836540222
v 0.048359308391809464 -0.2449307143688202 -0.7971708178520203
v -0.14280670881271362 -0.012945449911057949 -0.8108628392219543
v 0.1946495920419693 0.20991256833076477 -0.8202421069145203
v -0.11162194609642029 -0.16101033985614777 -0.80604487657547
v 0.159915030002594 -0.1883922666311264 -0.8007216453552246
v 0.08892493695020676 -0.21044978499412537 -0.7969182133674622
v 0.0017086839070543647 -0.23707102239131927 -0.7976781129837036
v 0.13380084931850433 -0.19092755019664764 -0.8149188756942749
v -0.08855011314153671 -0.18585677444934845 -0.8014815449714661
v -0.03606812655925751 -0.20157597959041595 -0.8068047761917114
v 0.09272817522287369 -0.22667604684829712 -0.811622679233551
v 0.17233824729919434 0.27811378240585327 -0.8019887804985046
v 0.2217784970998764 -0.025368670001626015 -0.8243001699447632
v 0.21696053445339203 -0.013452510349452496 -0.8529492616653442
v -0.1400177925825119 -0.05173635855317116 -0.8004670143127441
v 0.1905929446220398 0.20509465038776398 -0.8278489708900452
v 0.1817191243171692 0.26822522282600403 -0.8083265423774719
v 0.22076398134231567 -0.049201007932424545 -0.802496075630188
v 0.2220311164855957 -0.038298945873975754 -0.8144116401672363
v -0.09995920956134796 -0.17799729108810425 -0.8030033111572266
v -0.11415722966194153 0.24008341133594513 -0.8065521121025085
v -0.11517134308815002 0.22436441481113434 -0.8113700747489929
v 0.217467799782753 0.09201852232217789 -0.8070594072341919
v -0.08677530288696289 -0.18611040711402893 -0.810355544090271
v -0.06446415930986404 -0.18306785821914673 -0.8296233415603638
v -0.05559035390615463 -0.18889932334423065 -0.8192296028137207
v 0.21924220025539398 -0.051989905536174774 -0.8113700747489929
v 0.1698029637336731 -0.16937710344791412 -0.8004670143127441
v 0.16498582065105438 -0.18382854759693146 -0.8075666427612305
v 0.1738596260547638 -0.16329219937324524 -0.8106082081794739
v 0.04075324162840843 -0.2662285268306732 -0.8093410134315491
v 0.13481496274471283 0.2902839481830597 -0.8047777414321899
v -0.06091475859284401 0.2935801148414612 -0.812637209892273
v -0.01781364344060421 -0.21577398478984833 -0.8027486801147461
v -0.14229965209960938 -0.042355526238679886 -0.8123825788497925
v 0.18729697167873383 0.25377538800239563 -0.8133971095085144
v -0.105537049472332 0.26569095253944397 -0.8040158152580261
v 0.21645329892635345 0.06869327276945114 -0.8204967379570007
v 0.21620064973831177 0.03953653573989868 -0.8349485993385315
v 0.0628107488155365 -0.25025492906570435 -0.8052849769592285
v 0.05165528133511543 -0.2553257346153259 -0.803763210773468
v 0.17309893667697906 -0.17571543157100677 -0.8268344402313232
v -0.09742391854524612 0.2748175859451294 -0.8068047761917114
v 0.0022157616913318634 0.30372127890586853 -0.834693968296051
v -0.014264038763940334 -0.25431159138679504 -0.8207493424415588
v -0.0020943498238921165 -0.2553257346153259 -0.811622679233551
v -0.12049555033445358 -0.07734347879886627 -0.8118773102760315
v -0.13646838068962097 0.09151146560907364 -0.8121299743652344
v 0.09526345878839493 -0.2122245877981186 -0.80604487657547
v 0.10261590033769608 -0.20791448652744293 -0.809088408946991
v -0.04646310955286026 -0.19396990537643433 -0.8088337779045105
v -0.13697543740272522 -0.05376465246081352 -0.809088408946991
v -0.08931059390306473 0.2811553180217743 -0.8085811734199524
v 0.15535151958465576 -0.18687088787555695 -0.8187223076820374
v -0.05812583863735199 -0.1894063800573349 -0.8098483085632324
v 0.19921311736106873 -0.061877794563770294 -0.8070594072341919
v -0.12227035313844681 -0.09027387201786041 -0.8085811734199524
v 0.21670791506767273 0.02685968577861786 -0.836975634098053
v 0.18678990006446838 0.22842048108577728 -0.8248074054718018
v -0.1133965402841568 -0.16785572469234467 -0.8243001699447632
v -0.10908645391464233 -0.17165875434875488 -0.813904345035553
v -0.12784819304943085 0.15743039548397064 -0.811622679233551
v 0.07650171965360641 -0.25304386019706726 -0.813904345035553
v 0.08638964593410492 -0.2436629682779312 -0.8159334063529968
v 0.15966160595417023 0.2836915850639343 -0.8123825788497925
v -0.09919852763414383 -0.18027915060520172 -0.8118773102760315
v 0.19895969331264496 -0.05782122537493706 -0.817453145980835
v -0.10097333043813705 0.2555497884750366 -0.8197368383407593
v 0.19186067581176758 -0.06770911812782288 -0.8227784037590027
v -0.11035420000553131 0.1693459451198578 -0.8423008322715759
v -0.11086125671863556 0.1412041336297989 -0.8532018661499023
v 0.05419056862592697 -0.2636922597885132 -0.810355544090271
v -0.12150966376066208 -0.10751424729824066 -0.8131445050239563
v -0.08043698966503143 -0.18103963136672974 -0.8298779726028442
v -0.14179259538650513 -0.03398885205388069 -0.8329195380210876
v -0.13951072096824646 -0.04590503126382828 -0.8296233415603638
v 0.17157776653766632 0.2730431854724884 -0.8187223076820374
v -0.022884221747517586 -0.23428209125995636 -0.8164406418800354
v -0.010461005382239819 0.30321401357650757 -0.8344413042068481
v 0.13658976554870605 0.2920583486557007 -0.8235382437705994
v 0.09779874980449677 -0.21678830683231354 -0.813904345035553
v 0.2065657675266266 0.12117505073547363 -0.8296233415603638
v 0.2052980214357376 0.13613376021385193 -0.8270890712738037
v -0.08398639410734177 0.2821698486804962 -0.8182150721549988
v 0.10819373279809952 -0.20461851358413696 -0.8159334063529968
v -0.09615617990493774 0.2712687849998474 -0.8151715397834778
v 0.11985646188259125 -0.19650539755821228 -0.8161860108375549
v 0.17791609466075897 0.2590985894203186 -0.8237928748130798
v -0.12125623971223831 -0.09255573898553848 -0.8172005414962769
v -0.03581469506025314 -0.22642260789871216 -0.8273417353630066
v 0.17335256934165955 0.22715334594249725 -0.842553436756134
v 0.18222618103027344 0.19571535289287567 -0.843567967414856
v 0.1954100877046585 0.15210716426372528 -0.8405264019966125
v -0.039364103227853775 -0.20740742981433868 -0.8235382437705994
v -0.13393308222293854 -0.05427172780036926 -0.8179604411125183
v -0.11922801285982132 -0.06694851070642471 -0.8240455389022827
v 0.028329961001873016 -0.2745952904224396 -0.8161860108375549
v -0.10857939720153809 0.20078593492507935 -0.8324123024940491
v -0.08347933739423752 0.2481975257396698 -0.8453423976898193
v -0.09488844126462936 0.20180043578147888 -0.8511748313903809
v 0.0037369756028056145 -0.27510055899620056 -0.8243001699447632
v 0.17005658149719238 0.26923975348472595 -0.8265818357467651
v 0.07853014767169952 -0.2606506943702698 -0.8207493424415588
v -0.12125623971223831 -0.12450118362903595 -0.8179604411125183
v 0.10033423453569412 -0.22743670642375946 -0.8215112090110779
v 0.19312821328639984 -0.08444241434335709 -0.8476240634918213
v 0.19388890266418457 -0.07151215523481369 -0.847878634929657
v 0.05343008041381836 -0.28144028782844543 -0.8237928748130798
v 0.06990976631641388 -0.274088054895401 -0.8258199095726013
v -0.09717029333114624 -0.18027915060520172 -0.8210039734840393
v -0.07333797961473465 0.2887621521949768 -0.8202421069145203
v 0.15560494363307953 0.2372945100069046 -0.8564980626106262
v 0.15357671678066254 0.2578314542770386 -0.8504129648208618
v -0.12708750367164612 0.10646997392177582 -0.8344413042068481
v 0.21696053445339203 -0.05122930184006691 -0.8207493424415588
v 0.21062222123146057 0.07148198038339615 -0.838752031326294
v 0.15966160595417023 0.2821698486804962 -0.8212566375732422
v -0.11390361189842224 -0.08444241434335709 -0.8405264019966125
v -0.11948144435882568 -0.10497894883155823 -0.8258199095726013
v -0.10832596570253372 -0.1736871898174286 -0.8227784037590027
v -0.049505654722452164 0.2963690459728241 -0.8227784037590027
v -0.13165122270584106 0.062354739755392075 -0.8410336971282959
v 0.13151898980140686 -0.19016686081886292 -0.8212566375732422
v 0.08816444873809814 -0.2522831857204437 -0.8230310082435608
v -0.037082239985466 0.2983960807323456 -0.8237928748130798
v -0.06167524680495262 0.2930728495121002 -0.8217638731002808
v -0.053055066615343094 -0.19092755019664764 -0.8281036019325256
v 0.11275745928287506 -0.20208323001861572 -0.8240455389022827
v 0.05292302370071411 0.3014396131038666 -0.8255673050880432
v 0.10819373279809952 -0.21374575793743134 -0.8265818357467651
v -0.12201673537492752 -0.13464254140853882 -0.8240455389022827
v 0.14825250208377838 0.2854659855365753 -0.8308925032615662
v 0.22127123177051544 -0.03804551437497139 -0.8240455389022827
v -0.12100260704755783 -0.14757300913333893 -0.8298779726028442
v -0.022884221747517586 -0.25431159138679504 -0.8298779726028442
v 0.028329961001873016 -0.2852437198162079 -0.8222711086273193
v 0.015653163194656372 -0.2931032180786133 -0.8291161060333252
v 0.20681919157505035 0.04105771332979202 -0.8615686297416687
v 0.20200203359127045 0.0542416088283062 -0.8676537275314331
v 0.20377683639526367 0.11001957207918167 -0.8402717709541321
v 0.11275745928287506 0.2983960807323456 -0.8344413042068481
v -0.09083197265863419 0.26112762093544006 -0.8306378722190857
v -0.025673139840364456 0.3014396131038666 -0.8336814045906067
v 0.10033423453569412 -0.24442365765571594 -0.8324123024940491
v 0.11960283666849136 -0.19675882160663605 -0.8281036019325256
v 0.11148971319198608 -0.22718310356140137 -0.840019166469574
v -0.12227035313844681 0.08314472436904907 -0.8557381629943848
v 0.196424201130867 -0.059849511831998825 -0.8260745406150818
v 0.19211409986019135 -0.09762631356716156 -0.8486385345458984
v -0.0728309229016304 0.2857206165790558 -0.8283562064170837
v 0.08816444873809814 -0.2649594247341156 -0.8354558348655701
v -0.03911067172884941 -0.2299720048904419 -0.8357084393501282
v -0.0162922702729702 -0.26115795969963074 -0.8281036019325256
v -0.11694616079330444 -0.12931832671165466 -0.8428080677986145
v 0.16067571938037872 -0.1835751086473465 -0.8253147006034851
v 0.157886803150177 0.27355045080184937 -0.8367229700088501
v -0.08297228068113327 0.27101415395736694 -0.8331741690635681
v 0.18526872992515564 -0.1468123197555542 -0.8405264019966125
v 0.08410779386758804 -0.280678391456604 -0.8423008322715759
v -0.11770664155483246 -0.059595976024866104 -0.8423008322715759
v -0.061928872019052505 0.29104381799697876 -0.8301306366920471
v -0.10122695565223694 -0.1764761060476303 -0.8319050073623657
v -0.10883302241563797 -0.0973728820681572 -0.8615686297416687
v 0.12594135105609894 -0.1924487203359604 -0.8293707370758057
v 0.21924220025539398 -0.04159491881728172 -0.8339340686798096
v -0.050266142934560776 0.29586178064346313 -0.8316524028778076
v -0.11466428637504578 -0.16633455455303192 -0.8321596384048462
v 0.0617966391146183 -0.28904515504837036 -0.8313977718353271
v 0.028837040066719055 -0.3037516176700592 -0.8354558348655701
v 0.04126029834151268 -0.2958921492099762 -0.8291161060333252
v -0.1402714103460312 -0.035763658583164215 -0.8417935371398926
v -0.14128553867340088 -0.020297890529036522 -0.8367229700088501
v -0.13798955082893372 -0.025368670001626015 -0.8539637327194214
v 0.20808693766593933 0.028127431869506836 -0.8641048669815063
v 0.12492703646421432 0.2948472499847412 -0.833426833152771
v 0.04988047853112221 -0.29386311769485474 -0.8301306366920471
v 0.17233824729919434 -0.177490234375 -0.8301306366920471
v 0.17816971242427826 -0.16937710344791412 -0.8326669335365295
v 0.2205093652009964 -0.03804551437497139 -0.8349485993385315
v 0.1984526365995407 -0.05072222277522087 -0.8392572999000549
v 0.16726768016815186 0.2636619210243225 -0.8341866731643677
v 0.08791081607341766 0.30219951272010803 -0.844329833984375
v 0.07751583307981491 0.30321401357650757 -0.8354558348655701
v -0.030490292236208916 -0.24315591156482697 -0.8324123024940491
v 0.15028072893619537 -0.18103963136672974 -0.8362157344818115
v 0.0519087128341198 0.3054956793785095 -0.8537091612815857
v 0.039485495537519455 0.3060029447078705 -0.844835102558136
v 0.13658976554870605 0.29079118371009827 -0.8324123024940491
v 0.003990504890680313 -0.2976665496826172 -0.8367229700088501
v 0.09577051550149918 -0.2756078243255615 -0.8567526936531067
v -0.008432772010564804 -0.277129590511322 -0.8326669335365295
v -0.03860361501574516 0.29738155007362366 -0.841286301612854
v -0.11390361189842224 -0.0717657059431076 -0.8395119309425354
v 0.19414234161376953 0.1244710236787796 -0.8537091612815857
v 0.17715559899806976 0.13917610049247742 -0.8729788661003113
v -0.01578521355986595 -0.2756078243255615 -0.8428080677986145
v -0.13570769131183624 -0.04666563868522644 -0.8382447361946106
v 0.041513726115226746 -0.3034970164299011 -0.8357084393501282
v 0.17614127695560455 0.20763090252876282 -0.8468641638755798
v 0.06509261578321457 0.30473580956459045 -0.8445824980735779
v 0.12061695009469986 -0.20081548392772675 -0.844329833984375
v -0.13063710927963257 0.04029722511768341 -0.8534564971923828
v -0.06142181530594826 0.28800228238105774 -0.8382447361946106
v -0.06167524680495262 -0.184589222073555 -0.839004635810852
v 0.052415769547224045 -0.30172261595726013 -0.8367229700088501
v 0.16701404750347137 -0.17825071513652802 -0.8379901051521301
v 0.015906699001789093 -0.30172261595726013 -0.8357084393501282
v 0.21188996732234955 -0.04590503126382828 -0.8395119309425354
v -0.06953494250774384 -0.17723660171031952 -0.8504129648208618
v -0.020855989307165146 -0.2692700922489166 -0.8532018661499023
v -0.13798955082893372 0.018493136391043663 -0.8382447361946106
v 0.10717961192131042 -0.24797306954860687 -0.8471187949180603
v -0.04595605283975601 -0.22135183215141296 -0.8471187949180603
v -0.07029543071985245 0.27532485127449036 -0.843567967414856
v -0.006911599077284336 -0.2885378897190094 -0.8392572999000549
v -0.10756528377532959 -0.16810935735702515 -0.8509202003479004
v -0.10097333043813705 -0.16810935735702515 -0.8570052981376648
v -0.09209951758384705 -0.17318013310432434 -0.8486385345458984
v 0.17715559899806976 -0.17140533030033112 -0.8450897336006165
v -0.11719958484172821 0.11052664369344711 -0.8542163968086243
v -0.105537049472332 -0.1724194437265396 -0.840019166469574
v -0.1182136982679367 -0.1574607491493225 -0.8420462012290955
v 0.06433212757110596 -0.2976665496826172 -0.8372302651405334
v 0.12441997975111008 0.28952205181121826 -0.8499076962471008
v 0.18298687040805817 -0.16405269503593445 -0.8491458296775818
v -0.03632175922393799 -0.24797306954860687 -0.8496530652046204
v -0.04925202950835228 0.28952205181121826 -0.8476240634918213
v 0.21442624926567078 -0.0413413904607296 -0.841286301612854
v 0.13557565212249756 0.2836915850639343 -0.8483859300613403
v -0.13089053332805634 0.012154611758887768 -0.8651193976402283
v -0.11719958484172821 0.029902232810854912 -0.8876833915710449
v -0.0680137649178505 0.26771798729896545 -0.8506675958633423
v -0.026433825492858887 0.3009323477745056 -0.842553436756134
v 0.159915030002594 -0.17672954499721527 -0.8440752029418945
v 0.0017086839070543647 0.30473580956459045 -0.8440752029418945
v 0.14647769927978516 0.2760847508907318 -0.8463568687438965
v 0.21924220025539398 -0.03246767818927765 -0.844835102558136
v 0.040246181190013885 -0.30628594756126404 -0.843567967414856
v 0.027062276378273964 0.30574831366539 -0.844835102558136
v 0.014131948351860046 0.30498841404914856 -0.8532018661499023
v 0.015906699001789093 -0.30476614832878113 -0.8440752029418945
v 0.053176458925008774 -0.3050187826156616 -0.844329833984375
v 0.17639490962028503 0.10317400097846985 -0.8876833915710449
v 0.0037369756028056145 -0.3024825155735016 -0.844329833984375
v 0.12746252119541168 -0.18889932334423065 -0.8529492616653442
v 0.17259187996387482 0.16858606040477753 -0.8661338686943054
v -0.116439089179039 0.059565819799900055 -0.8770349621772766
v 0.10058766603469849 0.2978888154029846 -0.8521893620491028
v 0.19819900393486023 0.08745480328798294 -0.8613160252571106
v -0.10984713584184647 -0.16734866797924042 -0.8486385345458984
v -0.044688306748867035 -0.23250749707221985 -0.8534564971923828
v -0.010714633390307426 0.30219951272010803 -0.8519347310066223
v -0.13646838068962097 -0.013198881410062313 -0.8572599291801453
v 0.1350685954093933 -0.18129326403141022 -0.8575125932693481
v 0.1974383145570755 -0.050975751131772995 -0.8496530652046204
v 0.028837040066719055 -0.30628594756126404 -0.843567967414856
v -0.13697543740272522 -0.03728482872247696 -0.8501603007316589
v 0.07700877636671066 0.2996652126312256 -0.8615686297416687
v 0.20403027534484863 -0.042355526238679886 -0.8552309274673462
v -0.05939338356256485 -0.184589222073555 -0.8483859300613403
v -0.052040945738554 -0.19473059475421906 -0.8455970287322998
v 0.06534624099731445 -0.30298975110054016 -0.8450897336006165
v -0.06015406921505928 0.28293168544769287 -0.8458496332168579
v 0.07548759877681732 -0.29842644929885864 -0.846611499786377
v -0.11111468076705933 -0.07201923429965973 -0.8494004607200623
v -0.03834998235106468 0.29434001445770264 -0.8494004607200623
v 0.16447876393795013 0.1815161406993866 -0.8696827292442322
v -0.012742864899337292 -0.28575098514556885 -0.8494004607200623
v 0.08486846834421158 -0.2898070514202118 -0.8494004607200623
v -0.11365017294883728 -0.06035657972097397 -0.8504129648208618
v 0.21645329892635345 -0.0329747349023819 -0.8539637327194214
v 0.1708170771598816 -0.1724194437265396 -0.8524419665336609
v -0.11035420000553131 -0.060103047639131546 -0.8605560660362244
v -0.13063710927963257 -0.0426090769469738 -0.8549782633781433
v -0.0639571025967598 0.21802668273448944 -0.8737387657165527
v -0.05812583863735199 0.19774238765239716 -0.886668860912323
v 0.11782803386449814 -0.22135183215141296 -0.8537091612815857
v 0.17335256934165955 0.20585650205612183 -0.8511748313903809
v 0.11453226208686829 -0.23656396567821503 -0.8526965975761414
v -0.11263605952262878 -0.03982017561793327 -0.8742460012435913
v -0.10908645391464233 -0.04793332517147064 -0.8712044954299927
v -0.051026832312345505 -0.21450644731521606 -0.8676537275314331
v -0.11365017294883728 -0.157714381814003 -0.8539637327194214
v 0.08791081607341766 0.2978888154029846 -0.8610613942146301
v -0.09438137710094452 -0.16734866797924042 -0.8633449673652649
v -0.02592676877975464 0.2978888154029846 -0.8506675958633423
v 0.03872500732541084 -0.3052714169025421 -0.8526965975761414
v 0.02858348935842514 -0.3052714169025421 -0.8526965975761414
v 0.04734518751502037 -0.2986810803413391 -0.8729788661003113
v 0.0648391842842102 -0.3037516176700592 -0.8537091612815857
v 0.1875505894422531 -0.1516294777393341 -0.8514274954795837
v 0.0017086839070543647 0.3011849820613861 -0.8610613942146301
v 0.015653163194656372 -0.30451154708862305 -0.8529492616653442
v -0.014010608196258545 -0.278903990983963 -0.8506675958633423
v 0.03923206403851509 0.30346664786338806 -0.862330436706543
v 0.026555199176073074 0.30346664786338806 -0.8620758652687073
v 0.13405448198318481 0.27735385298728943 -0.8554855585098267
v 0.19135361909866333 -0.07354044914245605 -0.8615686297416687
v 0.1926211565732956 -0.11334551125764847 -0.8633449673652649
v 0.17259187996387482 0.21067246794700623 -0.8501603007316589
v -0.11086125671863556 -0.14351634681224823 -0.8638502955436707
v -0.05330869182944298 -0.1944771558046341 -0.8549782633781433
v -0.0479842871427536 0.2836915850639343 -0.8552309274673462
v 0.1926211565732956 -0.12881126999855042 -0.8643575310707092
v 0.12289880961179733 -0.20005479454994202 -0.8663865327835083
v 0.0027228393591940403 -0.3037516176700592 -0.8532018661499023
v 0.07624828815460205 -0.30121535062789917 -0.8547236323356628
v 0.09171385318040848 -0.29082155227661133 -0.8595415949821472
v -0.006911599077284336 -0.2986810803413391 -0.8539637327194214
v -0.06497121602296829 0.2590985894203186 -0.8572599291801453
v -0.042660076171159744 0.2667054533958435 -0.8684155344963074
v -0.008686202578246593 -0.2933558523654938 -0.8567526936531067
v 0.12137763947248459 0.27684661746025085 -0.8641048669815063
v 0.11199676990509033 0.2900293171405792 -0.8590343594551086
v -0.044688306748867035 -0.24036699533462524 -0.8605560660362244
v -0.05153388902544975 -0.2160276174545288 -0.8765276670455933
v -0.04570242762565613 -0.24543777108192444 -0.8777948617935181
v -0.03480038046836853 0.2826770842075348 -0.8641048669815063
v 0.19236773252487183 -0.059849511831998825 -0.8615686297416687
v 0.16650699079036713 0.21067246794700623 -0.8564980626106262
v -0.06649239361286163 -0.17698317766189575 -0.8592869639396667
v 0.1895788311958313 -0.08469603955745697 -0.8838799595832825
v -0.1334260255098343 -0.020044462755322456 -0.8694281578063965
v 0.18095864355564117 -0.16481336951255798 -0.8592869639396667
v 0.12416655570268631 0.246928408741951 -0.8755131959915161
v 0.12898370623588562 0.26112762093544006 -0.8666391968727112
v -0.05508328974246979 -0.1863638311624527 -0.8755131959915161
v -0.052294377237558365 -0.1962517648935318 -0.8635976910591125
v 0.21442624926567078 -0.027396900579333305 -0.8633449673652649
v 0.11275745928287506 -0.24543777108192444 -0.8605560660362244
v 0.19794537127017975 0.015450590290129185 -0.8917394280433655
v 0.2083403617143631 -0.010663592256605625 -0.8798238635063171
v 0.1084473580121994 0.2765919864177704 -0.8712044954299927
v 0.20580507814884186 -0.035510025918483734 -0.8684155344963074
v -0.04012478515505791 -0.25938159227371216 -0.8734861612319946
v -0.02389833889901638 -0.2786513566970825 -0.8689228296279907
v -0.13570769131183624 -0.03119993396103382 -0.8592869639396667
v 0.09881286323070526 0.2887621521949768 -0.8676537275314331
v 0.19186067581176758 -0.14402340352535248 -0.8648648262023926
v 0.19388890266418457 -0.048186853528022766 -0.8712044954299927
v 0.20098792016506195 -0.038298945873975754 -0.8646121025085449
v -0.06142181530594826 0.2497173398733139 -0.8635976910591125
v -0.1065511703491211 -0.12779715657234192 -0.8729788661003113
v -0.09640961140394211 0.10520243644714355 -0.8884432315826416
v -0.11567841470241547 0.07528521120548248 -0.8719643950462341
v 0.003229897702112794 -0.3007080852985382 -0.8620758652687073
v 0.0757412314414978 -0.30121535062789917 -0.8633449673652649
v 0.027822883799672127 -0.2956375181674957 -0.8821055293083191
v -0.06725308299064636 -0.1726730763912201 -0.8739933967590332
v -0.010714633390307426 0.29865071177482605 -0.860048770904541
v -0.023644907400012016 0.28825491666793823 -0.8656266331672668
v -0.08931059390306473 0.17036046087741852 -0.8701899647712708
v -0.006911599077284336 -0.29538488388061523 -0.8620758652687073
v 0.1183352917432785 -0.23580347001552582 -0.8755131959915161
v 0.12137763947248459 -0.2231266349554062 -0.8775421977043152
v -0.10274813324213028 -0.16024965047836304 -0.8706972002983093
v 0.18729697167873383 -0.15695369243621826 -0.8633449673652649
v 0.014131948351860046 0.2983960807323456 -0.8694281578063965
v 0.1312655657529831 -0.18230736255645752 -0.8656266331672668
v -0.1004662737250328 0.12320348620414734 -0.8757678270339966
v 0.0519087128341198 0.2991579473018646 -0.8701899647712708
v 0.1746201068162918 -0.16506680846214294 -0.8666391968727112
v 0.0985594317317009 -0.2865108549594879 -0.8671464920043945
v 0.14622408151626587 0.2094053030014038 -0.8745006322860718
v -0.13089053332805634 -0.0329747349023819 -0.8671464920043945
v 0.1528160274028778 -0.1683627814054489 -0.8719643950462341
v 0.08410779386758804 -0.2974119186401367 -0.8732315301895142
v 0.08943219482898712 -0.29639941453933716 -0.8661338686943054
v 0.11275745928287506 -0.24746601283550262 -0.8724716305732727
v 0.12137763947248459 -0.20461851358413696 -0.8963047862052917
v 0.16650699079036713 0.128274068236351 -0.8884432315826416
v -0.045448996126651764 0.23678724467754364 -0.8788093328475952
v 0.0019622324034571648 0.2963690459728241 -0.8686681985855103
v 0.0767553448677063 0.2950998842716217 -0.8691754341125488
v -0.10350862145423889 -0.05908890441060066 -0.8803310990333557
v 0.06458555907011032 0.29738155007362366 -0.8699353933334351
v 0.026555199176073074 0.2996652126312256 -0.8699353933334351
v 0.005004660226404667 -0.29386311769485474 -0.8699353933334351
v 0.039485495537519455 0.2933254837989807 -0.8775421977043152
v 0.1074332445859909 -0.274088054895401 -0.8841345906257629
v 0.1916070580482483 -0.06213132292032242 -0.8722169995307922
v -0.009953946806490421 0.2854659855365753 -0.8739933967590332
v 0.01514609158039093 -0.2994409501552582 -0.8722169995307922
v 0.08791081607341766 0.2821698486804962 -0.8767822980880737
v -0.1253127157688141 -0.0319606214761734 -0.8742460012435913
v -0.12607339024543762 -0.00964947510510683 -0.8864161968231201
v 0.0836007297039032 0.2626473903656006 -0.8869234919548035
v 0.08740375936031342 -0.2928485870361328 -0.8876833915710449
v 0.06610672920942307 -0.2948776185512543 -0.883120059967041
v 0.06509261578321457 -0.29234135150909424 -0.8925012946128845
v -0.1065511703491211 -0.14960125088691711 -0.8739933967590332
v 0.18907177448272705 -0.0717657059431076 -0.8815982937812805
v -0.021363049745559692 0.28039541840553284 -0.8724716305732727
v 0.1419139802455902 0.1936863213777542 -0.8841345906257629
v -0.07460552453994751 -0.16582749783992767 -0.8810909986495972
v 0.18324029445648193 -0.157714381814003 -0.8729788661003113
v 0.18019795417785645 0.07883462309837341 -0.893261194229126
v -0.116439089179039 0.004041485954076052 -0.9008680582046509
v -0.12201673537492752 -0.011170648969709873 -0.8947829604148865
v 0.10971490293741226 -0.2634396255016327 -0.894528329372406
v 0.21188996732234955 -0.02384749799966812 -0.8724716305732727
v 0.1895788311958313 -0.14757300913333893 -0.8767822980880737
v 0.11858871579170227 0.23197127878665924 -0.884387195110321
v 0.09779874980449677 -0.29082155227661133 -0.8737387657165527
v 0.12594135105609894 -0.18509627878665924 -0.8750059008598328
v 0.09602394700050354 0.2859732508659363 -0.8712044954299927
v 0.1905929446220398 -0.12450118362903595 -0.8902196884155273
v -0.011728748679161072 -0.2849890887737274 -0.8765276670455933
v 0.07244525104761124 0.2918057143688202 -0.8739933967590332
v 0.045063331723213196 -0.2961447834968567 -0.8828654289245605
v 0.14622408151626587 0.1693459451198578 -0.8904722929000854
v 0.14394241571426392 0.1815161406993866 -0.887430727481842
v -0.10198744386434555 -0.1516294777393341 -0.8823601603507996
v 0.17791609466075897 -0.15822143852710724 -0.8805837631225586
v -0.10401567816734314 0.019760681316256523 -0.9127836227416992
v -0.09438137710094452 0.08111648261547089 -0.9001061916351318
v 0.014131948351860046 0.2918057143688202 -0.8762750625610352
v -0.08398639410734177 0.1424712836742401 -0.8869234919548035
v -0.0796763002872467 0.13030250370502472 -0.8957974910736084
v -0.12962278723716736 -0.02105857990682125 -0.8780494928359985
v -0.09666324406862259 -0.16024965047836304 -0.8772895932197571
v 0.029344094917178154 0.28926941752433777 -0.8805837631225586
v 0.11301088333129883 0.2172648310661316 -0.8927539587020874
v 0.0836007297039032 0.2218281328678131 -0.9023878574371338
v 0.10388364642858505 -0.28422921895980835 -0.8803310990333557
v 0.13304036855697632 -0.17419424653053284 -0.8788093328475952
v 0.18932519853115082 -0.1379384994506836 -0.8894577622413635
v 0.09374228864908218 -0.29361048340797424 -0.8808383941650391
v 0.18907177448272705 -0.04184846952557564 -0.8783020973205566
v -0.023391278460621834 -0.28600361943244934 -0.8762750625610352
v -0.03987115994095802 -0.2695227265357971 -0.8800784945487976
v 0.18222618103027344 -0.05807476118206978 -0.8856543302536011
v 0.06458555907011032 0.28648051619529724 -0.8798238635063171
v 0.014639019034802914 -0.29538488388061523 -0.8815982937812805
v -0.10325518995523453 -0.10345777869224548 -0.881852924823761
v -0.09894509613513947 -0.09306279569864273 -0.9023878574371338
v -0.09945215284824371 -0.13134656846523285 -0.9049241542816162
v -0.10502999275922775 -0.04717271775007248 -0.8798238635063171
v -0.007165029179304838 0.2765919864177704 -0.8798238635063171
v -0.10173401236534119 -0.14300929009914398 -0.8942757248878479
v 0.0399925522506237 -0.29639941453933716 -0.8826127648353577
v -0.07435208559036255 0.16478262841701508 -0.8869234919548035
v -0.0479842871427536 -0.23453572392463684 -0.8899650573730469
v 0.20326977968215942 -0.022072691470384598 -0.8884432315826416
v -0.025166083127260208 0.2527608573436737 -0.883120059967041
v -0.04975908622145653 -0.21171753108501434 -0.8973172903060913
v -0.10934007912874222 -0.035002969205379486 -0.8833726644515991
v 0.14850592613220215 0.15692314505577087 -0.8935158252716064
v 0.17157776653766632 -0.15720731019973755 -0.8869234919548035
v 0.14343516528606415 -0.16126376390457153 -0.8983318209648132
v 0.12087058275938034 -0.22667604684829712 -0.8871760964393616
v 0.07929063588380814 0.27735385298728943 -0.881852924823761
v -0.03201165795326233 0.21599766612052917 -0.8947829604148865
v 0.11858871579170227 0.1921645551919937 -0.8995989561080933
v -0.1253127157688141 -0.02080494724214077 -0.8859089612960815
v -0.042660076171159744 -0.26419949531555176 -0.9006134271621704
v -0.04063184931874275 -0.275862455368042 -0.8970646262168884
v 0.19008588790893555 0.04105771332979202 -0.8940210938453674
v -0.05508328974246979 -0.17774365842342377 -0.8876833915710449
v 0.12670183181762695 -0.1754617989063263 -0.8851490616798401
v 0.20453733205795288 -0.01091702003031969 -0.8884432315826416
v 0.01489255577325821 0.2821698486804962 -0.8828654289245605
v 0.00754000898450613 0.2580840587615967 -0.8917394280433655
v -0.10376224666833878 0.05601641908288002 -0.8980791568756104
v 0.024019848555326462 -0.27991852164268494 -0.896809995174408
v 0.0027228393591940403 -0.277129590511322 -0.9066985249519348
v 0.18247981369495392 -0.04159491881728172 -0.8841345906257629
v 0.03923206403851509 0.28495875000953674 -0.8838799595832825
v 0.18831108510494232 -0.10548601299524307 -0.8963047862052917
v 0.1875505894422531 -0.0963587611913681 -0.894528329372406
v 0.04988047853112221 0.2796355187892914 -0.8856543302536011
v -0.08829648047685623 0.11787908524274826 -0.8922467231750488
v 0.1855221539735794 -0.14909417927265167 -0.8861616253852844
v -0.025673139840364456 -0.27991852164268494 -0.8963047862052917
v -0.01705295778810978 -0.2700299918651581 -0.889712393283844
v -0.04367419332265854 -0.24848012626171112 -0.8952902555465698
v -0.11948144435882568 -0.020297890529036522 -0.8925012946128845
v -0.08424002677202225 0.06970738619565964 -0.9158251881599426
v -0.08626824617385864 0.057537589222192764 -0.918361485004425
v 0.034668345004320145 0.2740577161312103 -0.8892051577568054
v 0.06737447530031204 0.24312497675418854 -0.8985864520072937
v 0.11909577250480652 -0.18306785821914673 -0.9034023880958557
v 0.10185541212558746 -0.28727075457572937 -0.8879380226135254
v -0.09590255469083786 -0.03322816640138626 -0.9077130556106567
v -0.09184608608484268 -0.045651502907276154 -0.9168397188186646
v -0.09818440675735474 -0.05908890441060066 -0.8995989561080933
v -0.09717029333114624 -0.15289722383022308 -0.8902196884155273
v -0.06091475859284401 -0.1683627814054489 -0.8927539587020874
v 0.13887163996696472 0.12979523837566376 -0.9115164875984192
v 0.15763317048549652 0.10494880378246307 -0.9066985249519348
v 0.18805764615535736 -0.02841101586818695 -0.8879380226135254
v 0.027062276378273964 0.2502245604991913 -0.8983318209648132
v -0.050266142934560776 -0.20081548392772675 -0.8970646262168884
v -0.04975908622145653 -0.18382854759693146 -0.8952902555465698
v -0.010461005382239819 -0.28118565678596497 -0.9046695232391357
v 0.12061695009469986 -0.21830947697162628 -0.8973172903060913
v -0.04570242762565613 0.19140465557575226 -0.896809995174408
v -0.04773085564374924 0.16630439460277557 -0.9056840538978577
v -0.10325518995523453 -0.03804551437497139 -0.8899650573730469
v 0.18425461649894714 -0.07100509852170944 -0.8886978626251221
v -0.008686202578246593 0.23678724467754364 -0.8960501551628113
v -0.03834998235106468 -0.279411256313324 -0.8856543302536011
v -0.0708024874329567 0.10646997392177582 -0.9132909178733826
v -0.10705822706222534 -0.028664644807577133 -0.8935158252716064
v 0.04303509742021561 -0.2898070514202118 -0.8917394280433655
v 0.10768667608499527 -0.279411256313324 -0.8935158252716064
v 0.17436668276786804 -0.14884056150913239 -0.9001061916351318
v 0.18907177448272705 -0.119937464594841 -0.8985864520072937
v 0.18881814181804657 -0.13160020112991333 -0.8995989561080933
v 0.17893020808696747 -0.11790923029184341 -0.9122763872146606
v 0.17918384075164795 -0.14300929009914398 -0.9036570191383362
v 0.16016866266727448 -0.08038594573736191 -0.916332483291626
v 0.15636563301086426 -0.05477878451347351 -0.9102473855018616
v -0.07207023352384567 -0.1508689969778061 -0.9150652885437012
v 0.1758878529071808 -0.03855257108807564 -0.8902196884155273
v 0.19236773252487183 -0.019283773377537727 -0.9021352529525757
v -0.05533692240715027 -0.1683627814054489 -0.8995989561080933
v 0.09703826159238815 -0.2882852852344513 -0.8952902555465698
v 0.16904228925704956 -0.045651502907276154 -0.8965573906898499
v 0.12670183181762695 -0.16684161126613617 -0.8963047862052917
v 0.055204689502716064 -0.2882852852344513 -0.9013753533363342
v 0.06889565289020538 -0.2839745879173279 -0.9051767587661743
v 0.18349392712116241 0.0542416088283062 -0.8985864520072937
v 0.18197275698184967 0.06641139835119247 -0.8960501551628113
v 0.18324029445648193 -0.019790833815932274 -0.9059386849403381
v 0.20022723078727722 -0.011170648969709873 -0.8963047862052917
v 0.014385483227670193 -0.2715517580509186 -0.9099947214126587
v -0.11770664155483246 -0.00660692946985364 -0.9023878574371338
v 0.12087058275938034 -0.16430631279945374 -0.9031497240066528
v 0.08030475676059723 0.2345055788755417 -0.8985864520072937
v 0.17233824729919434 0.0917649045586586 -0.8970646262168884
v -0.035307638347148895 -0.2819475531578064 -0.8955428600311279
v 0.11478568613529205 -0.22921150922775269 -0.9044169187545776
v -0.09133902937173843 -0.15315064787864685 -0.896809995174408
v -0.094635009765625 0.04511437192559242 -0.9148126840591431
v -0.0847470834851265 -0.15239016711711884 -0.9031497240066528
v -0.08626824617385864 -0.1447840929031372 -0.916332483291626
v -0.05406918004155159 0.1475418657064438 -0.9094874858856201
v 0.1627039611339569 -0.034242480993270874 -0.9018825888633728
v 0.17411305010318756 -0.02714347094297409 -0.8990936875343323
v -0.1004662737250328 -0.034242480993270874 -0.8998535871505737
v -0.015278154984116554 0.2111797332763672 -0.9034023880958557
v -0.03834998235106468 -0.22769033908843994 -0.9231794476509094
v -0.04037821665406227 -0.252536803483963 -0.9145580530166626
v 0.09095336496829987 -0.28727075457572937 -0.9016279578208923
v -0.11491772532463074 -0.0180160291492939 -0.9003608226776123
v 0.04810567572712898 0.22791323065757751 -0.9066985249519348
v -0.009700517170131207 0.19571535289287567 -0.9112618565559387
v 0.11250382661819458 0.17923448979854584 -0.9077130556106567
v 0.00018747005378827453 0.23374570906162262 -0.8998535871505737
v 0.1054048165678978 -0.2819475531578064 -0.9018825888633728
v 0.025033986195921898 0.20991256833076477 -0.9135435223579407
v -0.006404540967196226 0.20864543318748474 -0.9074584245681763
v 0.1152927428483963 0.16706429421901703 -0.9110092520713806
v 0.10971490293741226 -0.2715517580509186 -0.9054313898086548
v -0.09767735004425049 -0.14453046023845673 -0.9026424884796143
v 0.17740902304649353 0.01900019310414791 -0.920643150806427
v 0.16092915832996368 -0.14047399163246155 -0.922924816608429
v 0.16219690442085266 -0.1465587019920349 -0.9130362868309021
v 0.1401393860578537 -0.1516294777393341 -0.9178542494773865
v 0.047091566026210785 -0.27687695622444153 -0.9160798192024231
v -0.030997348949313164 -0.28245481848716736 -0.9041642546653748
v -0.10883302241563797 -0.017001915723085403 -0.9066985249519348
v -0.09514206647872925 -0.015480739995837212 -0.918361485004425
v -0.046970173716545105 -0.2132387012243271 -0.9064459204673767
v -0.1073116585612297 -0.00660692946985364 -0.917094349861145
v 0.18349392712116241 -0.1082749292254448 -0.9036570191383362
v -0.03860361501574516 -0.2756078243255615 -0.9061912894248962
v -0.03480038046836853 -0.2697773575782776 -0.9214030504226685
v -0.03606812655925751 -0.27383342385292053 -0.9155725836753845
v 0.1183352917432785 -0.21678830683231354 -0.9059386849403381
v 0.08917856216430664 0.20053131878376007 -0.9092348217964172
v 0.1639717072248459 0.06843964010477066 -0.9158251881599426
v 0.1855221539735794 -0.00660692946985364 -0.918361485004425
v 0.057233117520809174 0.19799701869487762 -0.9176015853881836
v -0.025673139840364456 -0.28245481848716736 -0.9044169187545776
v 0.159915030002594 0.0927790179848671 -0.9097421169281006
v 0.16701404750347137 -0.025368670001626015 -0.9046695232391357
v 0.022498637437820435 0.20180043578147888 -0.9165871143341064
v 0.009568301029503345 0.19267182052135468 -0.9178542494773865
v -0.08829648047685623 -0.0583282969892025 -0.9264736175537109
v -0.08956422656774521 -0.06973741203546524 -0.9285026788711548
v 0.18831108510494232 0.01747901551425457 -0.9066985249519348
v 0.09196748584508896 0.18886837363243103 -0.9130362868309021
v 0.15256258845329285 0.057030532509088516 -0.9302770495414734
v 0.0945027768611908 -0.2809330224990845 -0.9155725836753845
v 0.10692599415779114 -0.2743406593799591 -0.9143054485321045
v 0.17943726480007172 -0.1308395117521286 -0.9143054485321045
v 0.15940797328948975 -0.12830421328544617 -0.9320514798164368
v 0.15611200034618378 -0.033481791615486145 -0.9077130556106567
v 0.17639490962028503 -0.018269658088684082 -0.9117691516876221
v -0.0926065742969513 -0.14529114961624146 -0.9102473855018616
v 0.15459083020687103 -0.13920624554157257 -0.9292625188827515
v 0.021230950951576233 -0.2631850242614746 -0.910502016544342
v 0.1142786294221878 -0.16303856670856476 -0.9089801907539368
v 0.06864222139120102 -0.26242509484291077 -0.910502016544342
v -0.09083197265863419 -0.08393535017967224 -0.9307843446731567
v -0.09362088888883591 -0.11233139038085938 -0.9348403811454773
v -0.04570242762565613 -0.1835751086473465 -0.9036570191383362
v -0.01908118836581707 0.1612338125705719 -0.9221649169921875
v 0.11554637551307678 -0.2063933163881302 -0.9143054485321045
v -0.030997348949313164 -0.18078620731830597 -0.92596834897995
v 0.07827652245759964 -0.280678391456604 -0.9130362868309021
v 0.13456153869628906 -0.02841101586818695 -0.924191951751709
v 0.1421676129102707 -0.029932191595435143 -0.9191213846206665
v 0.13582909107208252 -0.051989905536174774 -0.9274881482124329
v 0.1054048165678978 -0.26141059398651123 -0.9231794476509094
v -0.09742391854524612 -0.13464254140853882 -0.9145580530166626
v -0.029222743585705757 -0.27966588735580444 -0.9135435223579407
v 0.15433719754219055 -0.020044462755322456 -0.9165871143341064
v -0.011982178315520287 -0.280678391456604 -0.9145580530166626
v -0.05533692240715027 -0.1587284952402115 -0.9117691516876221
v 0.12137763947248459 -0.15593957901000977 -0.9143054485321045
v 0.001201625564135611 -0.27839672565460205 -0.9153199195861816
v 0.1102219671010971 -0.1785043478012085 -0.9188687205314636
v -0.0905783399939537 0.03319821134209633 -0.9239393472671509
v -0.09514206647872925 0.008351577445864677 -0.9295171499252319
v -0.1004662737250328 0.009112265892326832 -0.9224175810813904
v 0.1102219671010971 -0.21171753108501434 -0.9221649169921875
v -0.02998323179781437 -0.15720731019973755 -0.924191951751709
v 0.13836456835269928 0.09404676407575607 -0.9267282485961914
v 0.03644314780831337 0.1734040081501007 -0.9290099143981934
v 0.049627047032117844 -0.26394689083099365 -0.9269808530807495
v -0.037335868924856186 0.13486602902412415 -0.9246992468833923
v 0.0060187955386936665 -0.2773842215538025 -0.9153199195861816
v 0.11478568613529205 0.13030250370502472 -0.9264736175537109
v -0.0588863268494606 0.0958215594291687 -0.9269808530807495
v -0.09590255469083786 -0.12374049425125122 -0.9254611134529114
v 0.14977367222309113 -0.05427172780036926 -0.916332483291626
v 0.14926661550998688 -0.0319606214761734 -0.9135435223579407
v 0.02579459361732006 -0.2682555615901947 -0.918361485004425
v -0.08500050753355026 -0.03246767818927765 -0.9216576814651489
v 0.014385483227670193 -0.274088054895401 -0.9160798192024231
v -0.037082239985466 -0.2538045346736908 -0.9234320521354675
v 0.06559967249631882 0.17137497663497925 -0.9274881482124329
v 0.08715033531188965 0.1693459451198578 -0.9224175810813904
v 0.10895442217588425 -0.1625315099954605 -0.9155725836753845
v -0.07257729023694992 -0.14199517667293549 -0.9277427792549133
v 0.11503931879997253 -0.15391133725643158 -0.9201359152793884
v 0.07802309095859528 -0.2616632580757141 -0.9214030504226685
v 0.14520996809005737 -0.11664148420095444 -0.9419400095939636
v 0.0876573920249939 -0.2786513566970825 -0.921910285949707
v -0.0796763002872467 -0.04489089548587799 -0.9295171499252319
v -0.057111725211143494 0.0709749236702919 -0.9388984441757202
v -0.07207023352384567 0.03193046525120735 -0.9432071447372437
v -0.026180196553468704 -0.27662232518196106 -0.9239393472671509
v 0.10210884362459183 -0.2730735242366791 -0.9214030504226685
v -0.017306586727499962 -0.27687695622444153 -0.924953818321228
v -0.008179144002497196 -0.277636855840683 -0.9239393472671509
v -0.08626824617385864 -0.08418898284435272 -0.9381365776062012
v -0.08880353718996048 -0.09813337028026581 -0.9414327144622803
v -0.09286020696163177 -0.13565665483474731 -0.9224175810813904
v -0.00462969858199358 0.1533743292093277 -0.9302770495414734
v 0.14749181270599365 -0.13844557106494904 -0.9345877766609192
v 0.06914927810430527 -0.24442365765571594 -0.922924816608429
v 0.16726768016815186 0.006323344074189663 -0.9366167783737183
v 0.09424934536218643 0.13993698358535767 -0.9315462112426758
v 0.07143114507198334 0.14982552826404572 -0.9345877766609192
v 0.00449758255854249 -0.27687695622444153 -0.9246992468833923
v -0.09488844126462936 -0.00584644079208374 -0.9302770495414734
v 0.14546360075473785 -0.017762601375579834 -0.920643150806427
v -0.058379270136356354 -0.13869918882846832 -0.9383912086486816
v -0.05051977559924126 -0.1300790160894394 -0.9551246762275696
v -0.033786267042160034 -0.13895262777805328 -0.9391510486602783
v 0.013117803260684013 -0.2756078243255615 -0.9252064824104309
v -0.0738450363278389 -0.1239941269159317 -0.9530956745147705
v -0.059900447726249695 -0.13058607280254364 -0.9520811438560486
v 0.10464433580636978 -0.1625315099954605 -0.9239393472671509
v -0.07790149748325348 -0.020551519468426704 -0.9264736175537109
v -0.032518722116947174 -0.24062062799930573 -0.9310389757156372
v 0.06154320761561394 -0.2565934658050537 -0.9269808530807495
v 0.04328852891921997 -0.26876282691955566 -0.9449835419654846
v 0.027062276378273964 -0.2715517580509186 -0.9388984441757202
v 0.039485495537519455 -0.2636922597885132 -0.9604478478431702
v -0.08702893555164337 -0.1359102874994278 -0.9292625188827515
v -0.033786267042160034 -0.21450644731521606 -0.9307843446731567
v -0.0956491231918335 -0.0010290932841598988 -0.9307843446731567
v 0.1254342943429947 -0.14757300913333893 -0.9285026788711548
v 0.09602394700050354 -0.2710444927215576 -0.9269808530807495
v 0.15484444797039032 -0.011424080468714237 -0.9279953837394714
v 0.09779874980449677 -0.23554983735084534 -0.9246992468833923
v 0.10008060932159424 -0.20436489582061768 -0.9356022477149963
v 0.10591188073158264 -0.2061396837234497 -0.9295171499252319
v 0.09222091734409332 -0.21957702934741974 -0.9320514798164368
v 0.12746252119541168 -0.026636214926838875 -0.9292625188827515
v -0.02465902455151081 -0.2761150896549225 -0.924953818321228
v -0.02668725699186325 0.1016528308391571 -0.9437143802642822
v -0.03226508945226669 0.08441246300935745 -0.9482777118682861
v -0.054322801530361176 0.08365178108215332 -0.9353476166725159
v -0.058379270136356354 -0.10675355792045593 -0.9619696140289307
v -0.07409846782684326 -0.09610514342784882 -0.9513212442398071
v -0.03581469506025314 -0.04210199788212776 -0.9485323429107666
v 0.1094614788889885 -0.15239016711711884 -0.9269808530807495
v 0.13887163996696472 -0.015987800434231758 -0.9264736175537109
v 0.08436141163110733 -0.2522831857204437 -0.9277427792549133
v -0.03277214616537094 -0.14934761822223663 -0.9267282485961914
v 0.16650699079036713 -0.0030575229320675135 -0.9371240735054016
v -0.00412264047190547 -0.26774832606315613 -0.946757972240448
v -0.030997348949313164 -0.2682555615901947 -0.9302770495414734
v -0.05482986569404602 -0.011170648969709873 -0.9409254789352417
v -0.042153019458055496 -0.018523089587688446 -0.9411801099777222
v -0.05153388902544975 -0.03119993396103382 -0.9386438131332397
v 0.021230950951576233 -0.2730735242366791 -0.9340804815292358
v 0.09957355260848999 -0.2598888576030731 -0.9290099143981934
v -0.08804304897785187 -0.004578696098178625 -0.9356022477149963
v -0.030236858874559402 0.1125548705458641 -0.9373766779899597
v -0.0162922702729702 -0.2692700922489166 -0.9414327144622803
v 0.09906648844480515 -0.1764761060476303 -0.9323061108589172
v -0.07688737660646439 0.005816287361085415 -0.94903963804245
v -0.08322590589523315 0.0060699195601046085 -0.9432071447372437
v 0.07143114507198334 -0.2522831857204437 -0.9297698140144348
v -0.022377165034413338 -0.15517908334732056 -0.9292625188827515
v -0.0926065742969513 -0.1260223537683487 -0.9338278770446777
v 0.07929063588380814 -0.23478935658931732 -0.9325587153434753
v -0.0837329626083374 -0.06973741203546524 -0.9348403811454773
v 0.11148971319198608 0.10621654242277145 -0.9376292824745178
v 0.09120679646730423 0.11483673006296158 -0.9429545402526855
v 0.1203635185956955 -0.03779188543558121 -0.9363621473312378
v 0.07954426854848862 0.045367803424596786 -0.9751543402671814
v 0.07700877636671066 0.05880533158779144 -0.970336377620697
v 0.09298159927129745 0.06970738619565964 -0.9607024788856506
v -0.0708024874329567 -0.014466626569628716 -0.9323061108589172
v -0.03353283554315567 -0.22769033908843994 -0.9310389757156372
v 0.12188469618558884 -0.13641734421253204 -0.9477724432945251
v 0.08537552505731583 -0.21932359039783478 -0.9373766779899597
v -0.033279210329055786 -0.25507208704948425 -0.9320514798164368
v -0.02389833889901638 -0.14630526304244995 -0.9300244450569153
v 0.12340587377548218 -0.012438393197953701 -0.9361095428466797
v 0.13760389387607574 -0.0038180111441761255 -0.9472652077674866
v -0.08018335700035095 -0.004071639385074377 -0.9406728744506836
v 0.1408998668193817 -0.1369243860244751 -0.9406728744506836
v 0.15180189907550812 -0.0007756650447845459 -0.9477724432945251
v 0.16067571938037872 0.007084032520651817 -0.9427018761634827
v 0.05216233804821968 -0.2669884264469147 -0.9465033411979675
v 0.07117751240730286 -0.25405797362327576 -0.9485323429107666
v 0.0767553448677063 -0.24822670221328735 -0.9528430104255676
v -0.019588248804211617 -0.09179504960775375 -0.9728707075119019
v -0.04063184931874275 -0.10472532361745834 -0.9693219065666199
v -0.02820863015949726 -0.14250223338603973 -0.9340804815292358
v -0.044688306748867035 0.05855171009898186 -0.9523357152938843
v 0.06255732476711273 -0.26293236017227173 -0.9462506771087646
v 0.06838858872652054 -0.2583680748939514 -0.946757972240448
v 0.028837040066719055 0.15083804726600647 -0.9376292824745178
v -0.014264038763940334 -0.15441839396953583 -0.9335732460021973
v 0.08816444873809814 0.12675289809703827 -0.9391510486602783
v -0.02592676877975464 -0.26749569177627563 -0.9383912086486816
v 0.12492703646421432 0.04612848535180092 -0.9551246762275696
v 0.07624828815460205 -0.23453572392463684 -0.9530956745147705
v -0.020095303654670715 -0.18763157725334167 -0.9409254789352417
v -0.08956422656774521 0.002266684779897332 -0.9368694424629211
v 0.11225039511919022 -0.07506165653467178 -0.9566444754600525
v -0.02263079397380352 -0.01674848422408104 -0.9470105767250061
v 0.050387535244226456 0.14323316514492035 -0.9404182434082031
v -0.02187010645866394 -0.21399939060211182 -0.9437143802642822
v -0.021363049745559692 -0.22718310356140137 -0.9439690113067627
v 0.12289880961179733 -0.10117591917514801 -0.9568990468978882
v 0.1310119330883026 -0.12779715657234192 -0.9546173810958862
v -0.02871568687260151 -0.25507208704948425 -0.9399129748344421
v -0.016545897349715233 -0.24746601283550262 -0.9528430104255676
v 0.11985646188259125 -0.024607982486486435 -0.9345877766609192
v -0.018320700153708458 -0.14300929009914398 -0.9368694424629211
v 0.1657465100288391 0.02026773802936077 -0.9338278770446777
v 0.14546360075473785 -0.12678304314613342 -0.9434617757797241
v -0.013503551483154297 -0.18661746382713318 -0.9465033411979675
v -0.00412264047190547 0.11331555992364883 -0.9470105767250061
v 0.08233318477869034 -0.15619319677352905 -0.9396583437919617
v 0.09171385318040848 -0.16202445328235626 -0.9366167783737183
v 0.07802309095859528 -0.18712452054023743 -0.9508140087127686
v 0.09779874980449677 -0.1508689969778061 -0.9404182434082031
v 0.1142786294221878 0.09430039674043655 -0.9411801099777222
v 0.1054048165678978 -0.024100925773382187 -0.9454907774925232
v 0.11301088333129883 -0.022072691470384598 -0.9401655793190002
v -0.022123733535408974 -0.2619178593158722 -0.9465033411979675
v 0.0716845691204071 0.11001957207918167 -0.95030677318573
v 0.04683813452720642 0.13182367384433746 -0.9454907774925232
v 0.0037369756028056145 0.12954181432724 -0.9424472451210022
v -0.007418657653033733 -0.14300929009914398 -0.9386438131332397
v -0.043420761823654175 -0.12855763733386993 -0.9604478478431702
v -0.03480038046836853 -0.12652941048145294 -0.9642512798309326
v 0.0934886559844017 -0.20233666896820068 -0.9416873455047607
v -0.08702893555164337 -0.1260223537683487 -0.9409254789352417
v -0.019334815442562103 -0.1348961740732193 -0.9495468735694885
v -0.007165029179304838 -0.15315064787864685 -0.9386438131332397
v -0.09007128328084946 -0.1141061931848526 -0.9434617757797241
v 0.07041682302951813 -0.19802656769752502 -0.9571517705917358
v 0.07853014767169952 -0.20005479454994202 -0.9520811438560486
v 0.06965633481740952 -0.2340286672115326 -0.9609551429748535
v 0.0022157616913318634 -0.184589222073555 -0.9561391472816467
v -0.006404540967196226 -0.1856033354997635 -0.9518285393714905
v 0.0009480769513174891 -0.15391133725643158 -0.9434617757797241
v -0.04595605283975601 -0.009142419323325157 -0.9442216753959656
v -0.061928872019052505 0.010126378387212753 -0.9591807126998901
v 0.08512189984321594 -0.2081679105758667 -0.9465033411979675
v 0.15028072893619537 0.03319821134209633 -0.9427018761634827
v 0.07421985268592834 -0.15517908334732056 -0.9447289109230042
v -0.02744794264435768 0.03446575626730919 -0.971350908279419
v -0.015278154984116554 0.0681862160563469 -0.9627295136451721
v 0.12441997975111008 0.000492079823743552 -0.9591807126998901
v 0.11047559231519699 -0.007874674163758755 -0.9482777118682861
v 0.020216817036271095 0.11990751326084137 -0.9497994780540466
v -0.0010802146280184388 -0.1427556574344635 -0.9447289109230042
v 0.09196748584508896 -0.03474953770637512 -0.9584208130836487
v 0.07827652245759964 -0.1427556574344635 -0.946757972240448
v 0.09602394700050354 -0.13895262777805328 -0.9497994780540466
v -0.08195815980434418 -0.09762631356716156 -0.946757972240448
v -0.014771096408367157 -0.02841101586818695 -0.9520811438560486
v -0.007165029179304838 -0.21247801184654236 -0.9541101455688477
v 0.08689670264720917 -0.13565665483474731 -0.9530956745147705
v 0.15408377349376678 0.008351577445864677 -0.9485323429107666
v 0.06458555907011032 -0.15010830760002136 -0.9475178122520447
v 0.06002203747630119 -0.18408216536045074 -0.9584208130836487
v 0.13836456835269928 -0.12931832671165466 -0.9492922425270081
v -0.08424002677202225 -0.11385256797075272 -0.9497994780540466
v -0.06623896211385727 0.025338517501950264 -0.95030677318573
v -0.01578521355986595 -0.2606506943702698 -0.9528430104255676
v -0.037335868924856186 -0.0073676141910254955 -0.9482777118682861
v 0.06838858872652054 0.0750315934419632 -0.9657730460166931
v 0.008300616405904293 -0.1536577045917511 -0.9485323429107666
v -0.002854956779628992 -0.13362842798233032 -0.9584208130836487
v -0.02668725699186325 -0.12475460767745972 -0.969069242477417
v 0.004244053270667791 0.08897597342729568 -0.9596879482269287
v -6.605817907257006e-05 0.10114577412605286 -0.9530956745147705
v 0.033400677144527435 0.10723065584897995 -0.9556319117546082
v -0.05330869182944298 0.008858634158968925 -0.9632368087768555
v -0.043420761823654175 0.009112265892326832 -0.966025710105896
v 0.013878412544727325 -0.26242509484291077 -0.961209774017334
v 0.02275216579437256 -0.26115795969963074 -0.9645059108734131
v 0.05013411119580269 -0.21881653368473053 -0.966025710105896
v 0.04607744514942169 -0.16050328314304352 -0.9568990468978882
v 0.09906648844480515 -0.01953740231692791 -0.9513212442398071
v 0.004751110449433327 -0.1399669349193573 -0.9510666728019714
v 0.06965633481740952 -0.14047399163246155 -0.95030677318573
v 0.05748654901981354 -0.26419949531555176 -0.95157390832901
v 0.03390773758292198 0.09404676407575607 -0.9614623785018921
v 0.10185541212558746 0.03395869955420494 -0.971603512763977
v 0.017174389213323593 -0.237831711769104 -0.9693219065666199
v -0.001333742868155241 -0.2449307143688202 -0.9627295136451721
v 0.14673113822937012 0.009112265892326832 -0.953855574131012
v 0.13811095058918 0.020774994045495987 -0.9571517705917358
v -0.026940885931253433 -0.006353501230478287 -0.9508140087127686
v -0.014010608196258545 -0.015987800434231758 -0.9508140087127686
v 0.10134835541248322 -0.00812810193747282 -0.9523357152938843
v -0.07638031989336014 -0.11258501559495926 -0.9548701047897339
v 0.018949130550026894 -0.15213653445243835 -0.95030677318573
v 0.028329961001873016 -0.13920624554157257 -0.9523357152938843
v 0.11047559231519699 -0.13033245503902435 -0.9609551429748535
v -0.0015872729709371924 -0.2553257346153259 -0.9634914398193359
v 0.09120679646730423 -0.022579751908779144 -0.9566444754600525
v 0.06357143819332123 -0.03246767818927765 -0.9814921021461487
v 0.08410779386758804 -0.0215656366199255 -0.9622222781181335
v -0.058632902801036835 -0.12044451385736465 -0.9627295136451721
v -0.019334815442562103 -0.0030575229320675135 -0.9561391472816467
v 0.041513726115226746 -0.1409810483455658 -0.9523357152938843
v 0.042781468480825424 -0.14326271414756775 -0.9518285393714905
v 0.04049960896372795 -0.1506153643131256 -0.9536029100418091
v 0.03618951886892319 -0.16430631279945374 -0.958928108215332
v 0.02275216579437256 -0.17774365842342377 -0.9604478478431702
v 0.12467361241579056 -0.12323343753814697 -0.9604478478431702
v 0.0648391842842102 -0.25938159227371216 -0.9586734771728516
v 0.04379558563232422 -0.12931832671165466 -0.9619696140289307
v -0.006404540967196226 -0.003310954896733165 -0.9551246762275696
v -0.00412264047190547 -0.015480739995837212 -0.953855574131012
v 0.002976368647068739 -0.02765052765607834 -0.9596879482269287
v 0.12315244227647781 0.010380011051893234 -0.9688146114349365
v 0.005004660226404667 -0.2631850242614746 -0.9576590061187744
v 0.09551689028739929 -0.0073676141910254955 -0.9586734771728516
v 0.07067045569419861 -0.2487337589263916 -0.9609551429748535
v 0.001201625564135611 -0.1972658783197403 -0.9576590061187744
v 0.018442051485180855 -0.13033245503902435 -0.9622222781181335
v 0.05647243559360504 -0.26090335845947266 -0.9632368087768555
v 0.03771069273352623 -0.0329747349023819 -0.9756596088409424
v 0.037964317947626114 -0.07658287137746811 -0.9896042346954346
v 0.00982182938605547 -0.08063937723636627 -0.9802249073982239
v 0.09475640207529068 -0.12678304314613342 -0.970336377620697
v -0.052294377237558365 0.0215354822576046 -0.9617170095443726
v 0.07751583307981491 -0.12323343753814697 -0.9787031412124634
v 0.10261590033769608 -0.0007756650447845459 -0.9639986753463745
v 0.004751110449433327 -0.011424080468714237 -0.9568990468978882
v 0.12213832139968872 0.022296171635389328 -0.966787576675415
v 0.10591188073158264 0.01164755504578352 -0.9774360060691833
v 0.08993925154209137 -0.05807476118206978 -0.9710962772369385
v 0.050387535244226456 -0.1942235380411148 -0.9634914398193359
v 0.08461485058069229 -0.0071139857172966 -0.961209774017334
v -0.022123733535408974 0.0017596246907487512 -0.9797176718711853
v -0.011221690103411674 0.004295118153095245 -0.9710962772369385
v 0.0519087128341198 -0.13261431455612183 -0.9574063420295715
v 0.0014551547355949879 -0.0005220368038862944 -0.9601952433586121
v 0.03897843882441521 -0.19067391753196716 -0.9642512798309326
v 0.0070329513400793076 -0.2555791437625885 -0.9675474762916565
v 0.020216817036271095 -0.20436489582061768 -0.9642512798309326
v 0.013878412544727325 -0.009395847097039223 -0.9607024788856506
v 0.04810567572712898 0.05195975303649902 -0.9776886105537415
v 0.013117803260684013 0.06463659554719925 -0.971350908279419
v 0.021484479308128357 -0.02283318154513836 -0.9657730460166931
v 0.11681392043828964 -0.12247294187545776 -0.9655184149742126
v -0.041392337530851364 -0.11638806015253067 -0.970336377620697
v 0.01185012049973011 0.0015061964513733983 -0.962476909160614
v -0.04595605283975601 0.015957646071910858 -0.9678000807762146
v -0.029222743585705757 0.021789107471704483 -0.9748997092247009
v 0.0628107488155365 -0.2477196455001831 -0.9672948718070984
v 0.022498637437820435 -0.0053393845446407795 -0.9645059108734131
v 0.0757412314414978 -0.007874674163758755 -0.9652658104896545
v 0.057233117520809174 -0.1250082403421402 -0.9731253385543823
v -0.02820863015949726 0.012915300205349922 -0.9733779430389404
v 0.018949130550026894 0.003534429706633091 -0.9675474762916565
v 0.06788153201341629 -0.00812810193747282 -0.970336377620697
v -0.001333742868155241 0.006830400321632624 -0.9731253385543823
v 0.039485495537519455 -0.23276092112064362 -0.9695765376091003
v 0.015653163194656372 -0.2538045346736908 -0.971603512763977
v 0.06965633481740952 -0.06973741203546524 -0.989858865737915
v 0.06610672920942307 -0.04489089548587799 -0.9847882390022278
v 0.1102219671010971 -0.10599306970834732 -0.9700817465782166
v 0.1033765897154808 -0.11841628700494766 -0.9771813750267029
v 0.03441491723060608 -0.00432506762444973 -0.9652658104896545
v 0.03137238696217537 -0.020297890529036522 -0.9688146114349365
v 0.03847137838602066 -0.2573539614677429 -0.9708436727523804
v 0.03035825304687023 -0.2583680748939514 -0.9693219065666199
v 0.02959764562547207 0.004041485954076052 -0.970336377620697
v 0.09627757221460342 0.015957646071910858 -0.9807322025299072
v 0.05216233804821968 -0.24898719787597656 -0.970336377620697
v -0.01908118836581707 -0.12145863473415375 -0.9736325740814209
v 0.041513726115226746 -0.0015363497659564018 -0.9705890417098999
v -0.02389833889901638 -0.11182433366775513 -0.9779432415962219
v 0.058754291385412216 -0.014212998561561108 -0.9771813750267029
v 0.025287533178925514 -0.25025492906570435 -0.973885178565979
v 0.050387535244226456 -0.023086808621883392 -0.9784485101699829
v -0.007165029179304838 0.045367803424596786 -0.9748997092247009
v 0.011089514940977097 0.01164755504578352 -0.9913806319236755
v 0.02579459361732006 0.014436469413340092 -0.989858865737915
v 0.08638964593410492 0.016971958801150322 -0.9837737083435059
v 0.041513726115226746 -0.24645189940929413 -0.972618043422699
v 0.037964317947626114 -0.24518415331840515 -0.9728707075119019
v 0.07244525104761124 -0.11892334371805191 -0.9855481386184692
v -0.011221690103411674 -0.119937464594841 -0.9787031412124634
v 0.03872500732541084 0.010380011051893234 -0.9850409030914307
v 0.048359308391809464 0.005816287361085415 -0.9759142398834229
v 0.06128958240151405 0.021282050758600235 -0.9868152737617493
v 0.09577051550149918 -0.09787993878126144 -0.9802249073982239
v -0.02187010645866394 0.010633435100317001 -0.9792104363441467
v 0.059261348098516464 -0.005085756070911884 -0.9759142398834229
v 0.0508945994079113 0.007591088768094778 -0.9781959056854248
v 0.07396642118692398 0.018239503726363182 -0.9858027696609497
v -0.01502472534775734 0.028127431869506836 -0.9781959056854248
v -0.014264038763940334 -0.10928904265165329 -0.9807322025299072
v -0.010461005382239819 0.004802174400538206 -0.9830138683319092
v 0.016667310148477554 0.05195975303649902 -0.9774360060691833
v 0.02858348935842514 -0.11638806015253067 -0.9888443350791931
v 0.09729168564081192 -0.11283844709396362 -0.9835211038589478
v -0.005136777646839619 -0.10650013387203217 -0.9840263724327087
v 0.013878412544727325 0.024578029289841652 -0.9875771999359131
v -0.0015872729709371924 0.009872954338788986 -0.9875771999359131
v 0.03593608736991882 0.03928310424089432 -0.9835211038589478
v 0.024780455976724625 0.02711331844329834 -0.9880844354629517
v 0.037457261234521866 0.014943533577024937 -0.9946748614311218
v 0.039485495537519455 -0.11461325734853745 -0.9911260008811951
v 0.004751110449433327 -0.10244346410036087 -0.9865626692771912
v 0.014639019034802914 -0.11309207230806351 -0.989858865737915
v 0.0549512580037117 -0.04590503126382828 -0.9863100051879883
v 0.052669402211904526 -0.11486688256263733 -0.9913806319236755
v 0.08892493695020676 -0.11131726950407028 -0.9878298044204712
v 0.07979769259691238 -0.08190712332725525 -0.9883370399475098
v 0.013878412544727325 -0.10041522979736328 -0.989858865737915
v 0.0815725028514862 -0.11030315607786179 -0.993407666683197
v 0.04988047853112221 0.012915300205349922 -0.9916332364082336
v 0.06331781297922134 -0.11714854091405869 -0.9890989661216736
v 0.058754291385412216 -0.05782122537493706 -0.9908733367919922
v 0.0815725028514862 -0.09661220014095306 -0.9911260008811951
v 0.05697949230670929 -0.09559808671474457 -0.9994927644729614
v 0.0341612845659256 -0.09179504960775375 -0.9939149022102356
v 0.06559967249631882 -0.09509102255105972 -1.0
v 0.023005714640021324 -0.10751424729824066 -0.9936622977256775
v 0.0726986899971962 -0.1082749292254448 -0.9967038035392761
v 0.03213299438357353 -0.10573944449424744 -0.9967038035392761
v 0.06407849490642548 -0.08190712332725525 -0.9982256293296814
v 0.06382507085800171 -0.10472532361745834 -0.99873286485672
v 0.05216233804821968 -0.10447189211845398 -0.99873286485672
v 0.04049960896372795 -0.10016180574893951 -0.9979709386825562
f 1 2 3
f 4 5 6
f 7 8 9
f 10 11 12
f 9 13 14
f 9 15 13
f 1 16 17
f 18 19 14
f 2 1 20
f 13 21 22
f 13 6 21
f 23 4 24
f 25 4 15
f 26 27 28
f 27 29 28
f 30 31 32
f 33 7 9
f 34 20 1
f 1 3 16
f 4 6 15
f 26 12 35
f 36 2 37
f 38 39 24
f 20 37 2
f 40 41 42
f 32 43 44
f 4 25 45
f 46 47 40
f 27 35 48
f 49 32 31
f 50 35 12
f 51 44 43
f 52 51 53
f 51 52 44
f 54 3 19
f 32 49 43
f 26 55 30
f 56 47 46
f 48 57 27
f 56 46 58
f 31 30 55
f 46 40 42
f 52 59 42
f 57 60 27
f 36 19 2
f 22 14 13
f 59 61 42
f 52 62 59
f 63 39 38
f 30 32 12
f 26 30 12
f 29 27 60
f 6 13 15
f 35 50 48
f 56 64 47
f 24 4 40
f 52 65 62
f 19 18 54
f 28 66 26
f 59 67 61
f 67 59 62
f 68 6 5
f 69 23 24
f 43 70 51
f 17 34 1
f 9 14 19
f 26 35 27
f 47 38 40
f 71 72 45
f 4 45 40
f 37 73 36
f 31 74 49
f 4 23 5
f 51 70 53
f 75 36 73
f 12 76 77
f 25 15 78
f 46 42 61
f 41 45 72
f 24 39 69
f 46 61 58
f 79 38 47
f 80 5 23
f 76 12 44
f 74 31 55
f 11 50 12
f 48 81 82
f 20 34 83
f 44 12 32
f 84 64 56
f 55 26 66
f 38 24 40
f 65 52 53
f 52 42 44
f 78 15 8
f 18 85 54
f 39 63 69
f 47 64 79
f 61 86 58
f 57 48 87
f 49 88 43
f 48 50 81
f 16 54 89
f 37 20 90
f 28 29 66
f 50 11 81
f 62 91 67
f 92 21 6
f 60 57 93
f 36 9 19
f 94 63 38
f 34 17 95
f 70 43 88
f 23 69 80
f 84 79 64
f 95 83 34
f 58 96 56
f 5 80 68
f 18 22 85
f 45 41 40
f 16 3 54
f 73 97 75
f 6 68 92
f 61 67 86
f 83 90 20
f 15 9 8
f 87 93 57
f 84 56 96
f 73 37 98
f 65 99 62
f 33 75 97
f 100 44 42
f 38 79 94
f 19 3 2
f 101 87 48
f 36 75 9
f 29 102 66
f 75 33 9
f 103 104 78
f 91 62 99
f 49 74 88
f 90 98 37
f 82 101 48
f 89 54 85
f 10 12 77
f 89 17 16
f 78 104 25
f 18 14 22
f 41 105 42
f 41 72 106
f 58 86 96
f 103 107 108
f 97 73 109
f 110 69 94
f 111 106 112
f 113 89 85
f 103 78 8
f 67 114 86
f 115 95 17
f 104 116 71
f 33 97 117
f 107 103 8
f 98 109 73
f 118 81 11
f 22 92 85
f 104 71 25
f 71 116 119
f 69 63 94
f 120 119 116
f 83 95 121
f 122 82 81
f 123 124 125
f 79 84 126
f 72 127 128
f 93 102 60
f 88 129 70
f 100 105 130
f 90 131 132
f 72 71 127
f 100 130 133
f 87 134 135
f 133 76 44
f 93 87 135
f 120 116 103
f 105 100 42
f 84 96 126
f 11 10 118
f 53 99 65
f 17 89 115
f 136 130 105
f 101 82 137
f 107 8 7
f 110 138 85
f 66 139 55
f 95 115 121
f 86 114 96
f 98 90 132
f 29 60 102
f 102 140 139
f 111 136 105
f 126 94 79
f 71 119 127
f 97 109 141
f 71 45 25
f 142 122 81
f 90 83 143
f 106 105 41
f 67 91 114
f 117 97 141
f 100 133 44
f 82 122 137
f 109 98 132
f 110 80 69
f 81 118 142
f 144 123 133
f 102 93 135
f 10 77 125
f 145 144 130
f 117 146 107
f 111 112 147
f 115 89 148
f 136 145 130
f 149 121 115
f 22 21 92
f 103 116 104
f 136 150 145
f 151 129 139
f 111 105 106
f 152 138 110
f 144 133 130
f 127 119 153
f 128 112 72
f 109 154 141
f 155 136 111
f 125 118 10
f 132 154 109
f 156 137 122
f 108 157 158
f 117 107 7
f 108 107 157
f 122 142 156
f 144 145 159
f 150 136 155
f 160 161 155
f 99 53 129
f 145 150 159
f 117 7 33
f 161 150 155
f 155 111 147
f 148 149 115
f 112 106 72
f 90 143 131
f 158 157 162
f 119 120 153
f 135 163 102
f 164 108 158
f 108 120 103
f 53 70 129
f 121 149 143
f 144 165 123
f 146 157 107
f 150 166 159
f 129 88 139
f 151 167 129
f 89 113 148
f 158 162 168
f 169 127 153
f 108 164 120
f 146 117 170
f 117 141 170
f 150 161 166
f 123 125 77
f 144 159 165
f 171 147 172
f 142 173 174
f 163 135 134
f 175 176 177
f 153 120 178
f 137 156 179
f 131 180 132
f 149 148 181
f 164 182 178
f 142 118 173
f 157 146 162
f 164 178 120
f 154 132 180
f 181 143 149
f 128 169 112
f 160 155 171
f 171 155 147
f 146 170 162
f 123 77 76
f 169 183 184
f 185 172 147
f 139 74 55
f 174 156 142
f 83 121 143
f 123 165 124
f 87 101 134
f 186 187 188
f 161 189 166
f 190 191 153
f 192 171 193
f 169 153 183
f 110 92 68
f 159 194 165
f 192 160 171
f 190 153 178
f 164 195 182
f 134 196 163
f 197 181 148
f 91 99 114
f 161 198 189
f 187 199 188
f 195 158 168
f 159 166 194
f 178 200 201
f 202 179 156
f 203 204 205
f 192 198 160
f 206 207 185
f 112 188 147
f 169 128 127
f 118 125 173
f 124 208 209
f 190 178 201
f 123 76 133
f 161 160 198
f 143 181 210
f 164 158 195
f 156 174 202
f 196 140 163
f 193 171 172
f 166 189 211
f 188 199 147
f 184 186 188
f 197 113 212
f 110 85 92
f 102 163 140
f 169 184 112
f 201 200 213
f 191 183 153
f 181 197 210
f 187 186 214
f 215 216 217
f 197 148 113
f 184 188 112
f 218 219 220
f 221 172 185
f 189 222 223
f 196 134 219
f 162 205 168
f 126 114 224
f 198 192 222
f 165 208 124
f 137 179 134
f 201 225 190
f 191 190 226
f 189 198 222
f 227 221 185
f 225 226 190
f 182 200 178
f 166 211 194
f 228 210 197
f 182 229 230
f 179 202 231
f 193 232 192
f 176 212 113
f 182 195 229
f 233 206 199
f 140 196 219
f 141 234 203
f 187 233 199
f 206 185 147
f 189 223 211
f 212 228 197
f 202 174 235
f 192 236 222
f 225 201 237
f 170 203 205
f 184 238 186
f 226 239 240
f 237 201 213
f 200 182 230
f 184 183 241
f 240 242 241
f 243 176 113
f 193 244 232
f 162 170 205
f 186 238 214
f 131 234 180
f 214 238 245
f 206 233 207
f 246 174 173
f 233 247 207
f 165 194 208
f 221 193 172
f 232 248 249
f 226 250 239
f 102 139 66
f 237 250 225
f 194 211 251
f 219 252 140
f 124 173 125
f 174 246 235
f 110 94 126
f 210 228 253
f 240 191 226
f 230 213 200
f 192 232 236
f 235 231 202
f 195 254 229
f 151 139 255
f 206 147 199
f 211 223 251
f 124 209 256
f 238 184 241
f 257 258 259
f 244 221 260
f 221 244 193
f 232 249 236
f 250 261 239
f 141 180 234
f 259 258 262
f 141 154 180
f 194 263 208
f 228 212 264
f 138 243 85
f 168 265 254
f 214 245 257
f 233 259 247
f 240 241 191
f 223 222 266
f 226 225 250
f 218 220 267
f 268 246 173
f 269 250 270
f 224 114 167
f 244 248 232
f 222 236 266
f 262 271 247
f 252 272 140
f 264 253 228
f 221 227 260
f 203 234 273
f 134 274 220
f 252 219 218
f 101 137 134
f 275 276 270
f 223 277 251
f 214 259 187
f 278 257 245
f 195 168 254
f 207 279 185
f 259 262 247
f 126 96 114
f 250 269 261
f 235 280 281
f 99 167 114
f 213 275 270
f 231 235 274
f 230 229 275
f 168 205 265
f 236 249 282
f 273 131 215
f 266 236 282
f 261 283 239
f 284 139 272
f 208 263 285
f 244 260 286
f 242 239 283
f 244 286 248
f 287 288 278
f 260 227 289
f 203 273 204
f 124 256 268
f 250 237 270
f 290 279 247
f 272 252 218
f 124 268 173
f 227 291 289
f 176 264 212
f 249 292 282
f 241 242 293
f 152 110 126
f 240 239 242
f 294 271 258
f 261 295 283
f 279 291 227
f 207 247 279
f 246 280 235
f 110 68 80
f 223 266 277
f 241 293 296
f 286 297 292
f 253 264 298
f 214 257 259
f 249 248 292
f 294 299 271
f 271 300 301
f 229 265 275
f 281 274 235
f 302 303 291
f 304 263 277
f 305 287 278
f 237 213 270
f 283 293 242
f 259 233 187
f 286 289 306
f 301 290 247
f 307 268 256
f 271 262 258
f 241 296 308
f 218 309 272
f 310 289 303
f 295 311 283
f 215 298 216
f 288 312 299
f 286 306 297
f 246 307 280
f 141 203 170
f 238 308 245
f 241 183 191
f 266 313 277
f 167 151 314
f 301 247 271
f 278 288 294
f 175 298 264
f 219 134 220
f 293 283 311
f 264 176 175
f 309 218 267
f 315 307 256
f 278 258 257
f 294 288 299
f 238 241 308
f 215 253 298
f 209 285 316
f 274 317 220
f 289 291 303
f 286 260 289
f 288 318 312
f 143 210 253
f 261 269 295
f 289 310 306
f 318 319 312
f 308 320 245
f 292 321 322
f 279 227 185
f 295 323 311
f 272 309 284
f 194 251 263
f 291 324 302
f 290 324 279
f 179 231 134
f 311 325 293
f 220 326 267
f 285 209 208
f 246 268 307
f 312 319 327
f 273 234 131
f 248 286 292
f 270 276 269
f 267 328 309
f 329 300 330
f 301 300 331
f 312 327 299
f 307 315 280
f 332 333 334
f 318 335 336
f 325 311 323
f 266 282 313
f 263 251 277
f 327 319 330
f 298 175 216
f 278 294 258
f 274 281 317
f 279 324 291
f 325 337 293
f 310 303 338
f 300 327 330
f 339 281 280
f 296 293 337
f 306 340 297
f 332 334 295
f 314 151 255
f 341 278 245
f 318 288 287
f 342 322 343
f 215 344 345
f 315 256 346
f 347 346 209
f 328 348 309
f 281 339 317
f 175 177 349
f 341 305 278
f 323 295 334
f 301 331 290
f 245 320 341
f 323 350 325
f 131 143 253
f 342 282 292
f 300 299 327
f 134 231 274
f 309 348 284
f 318 336 319
f 328 267 351
f 280 315 339
f 337 325 350
f 352 353 255
f 282 342 313
f 213 230 275
f 349 216 175
f 204 265 205
f 344 215 217
f 340 321 297
f 271 299 300
f 292 297 321
f 345 273 215
f 300 354 331
f 300 329 354
f 335 287 355
f 152 224 356
f 276 332 269
f 357 324 290
f 331 357 290
f 346 256 209
f 358 354 329
f 338 359 340
f 296 360 308
f 336 361 362
f 317 363 220
f 350 323 364
f 348 328 351
f 326 351 267
f 334 364 323
f 275 265 365
f 287 305 355
f 337 366 360
f 367 368 332
f 335 318 287
f 243 138 152
f 369 317 339
f 88 74 139
f 229 254 265
f 335 355 370
f 284 255 139
f 336 362 330
f 273 345 371
f 216 349 372
f 373 341 320
f 99 129 167
f 215 131 253
f 331 354 357
f 310 338 340
f 355 305 374
f 314 255 353
f 316 285 263
f 204 375 265
f 275 365 276
f 304 277 313
f 336 330 319
f 376 336 335
f 377 378 304
f 317 379 363
f 362 361 380
f 348 381 284
f 296 337 360
f 337 350 366
f 351 382 348
f 358 329 383
f 364 366 350
f 216 372 217
f 357 354 384
f 349 177 372
f 366 364 385
f 386 361 336
f 341 374 305
f 381 387 388
f 370 376 335
f 339 315 346
f 364 389 385
f 329 390 383
f 306 310 340
f 321 340 391
f 382 351 392
f 393 329 330
f 314 394 224
f 347 209 316
f 381 382 387
f 303 395 338
f 393 390 329
f 204 273 371
f 361 396 380
f 362 380 397
f 379 398 363
f 399 372 177
f 400 393 397
f 362 393 330
f 366 385 401
f 346 369 339
f 381 388 352
f 392 326 402
f 354 358 384
f 403 390 393
f 303 302 395
f 345 404 371
f 370 405 376
f 360 401 406
f 396 361 386
f 376 386 336
f 372 407 217
f 383 390 408
f 391 340 359
f 384 409 410
f 411 355 374
f 392 351 326
f 324 357 412
f 316 263 304
f 390 413 408
f 405 414 415
f 220 363 326
f 384 358 409
f 395 359 338
f 416 404 344
f 413 400 417
f 418 391 359
f 372 399 407
f 364 333 389
f 360 366 401
f 332 295 269
f 342 292 322
f 419 379 369
f 380 420 397
f 414 421 422
f 396 423 424
f 425 426 373
f 378 316 304
f 420 396 424
f 324 412 302
f 376 427 386
f 358 383 409
f 392 387 382
f 390 403 413
f 405 415 428
f 400 403 393
f 317 369 379
f 152 126 224
f 367 332 365
f 399 177 429
f 360 425 308
f 381 348 382
f 177 243 430
f 386 431 423
f 375 371 432
f 386 427 431
f 322 433 343
f 397 434 435
f 408 413 436
f 284 381 255
f 437 395 302
f 368 333 332
f 427 405 428
f 383 408 409
f 407 399 438
f 439 440 441
f 224 394 356
f 352 255 381
f 302 442 443
f 345 344 404
f 326 444 402
f 347 316 445
f 364 334 333
f 316 378 446
f 359 395 437
f 418 359 437
f 362 397 393
f 396 386 423
f 347 447 346
f 343 377 304
f 357 384 410
f 399 429 438
f 374 373 421
f 414 411 421
f 224 167 314
f 380 396 420
f 427 448 431
f 408 436 449
f 363 398 326
f 387 392 402
f 413 403 400
f 437 302 443
f 416 344 217
f 428 448 427
f 368 389 333
f 447 419 369
f 322 450 433
f 326 451 444
f 343 304 313
f 375 452 265
f 401 453 454
f 360 406 425
f 408 449 409
f 371 404 432
f 326 398 451
f 445 316 446
f 453 455 454
f 406 456 425
f 447 369 346
f 457 458 397
f 406 459 456
f 204 371 375
f 376 405 427
f 397 420 434
f 460 402 444
f 355 411 370
f 458 400 397
f 447 461 419
f 411 374 421
f 448 428 462
f 405 370 414
f 402 463 387
f 347 445 447
f 464 378 465
f 428 415 462
f 466 457 435
f 417 400 467
f 465 377 433
f 417 468 436
f 406 454 459
f 423 469 424
f 400 470 467
f 445 461 447
f 471 442 302
f 446 378 464
f 373 374 341
f 472 416 217
f 469 473 424
f 409 474 410
f 322 391 418
f 425 373 308
f 475 476 477
f 457 397 435
f 401 385 453
f 431 478 469
f 463 388 387
f 463 402 460
f 479 439 480
f 446 461 445
f 367 481 482
f 400 458 470
f 483 471 410
f 415 414 422
f 484 485 472
f 413 417 436
f 424 486 434
f 424 473 486
f 243 113 85
f 415 487 462
f 458 457 470
f 488 438 429
f 429 430 489
f 471 302 412
f 446 464 490
f 460 444 491
f 492 493 367
f 437 494 418
f 495 496 486
f 419 497 379
f 406 401 454
f 217 407 498
f 479 499 439
f 500 501 502
f 475 373 503
f 388 463 460
f 470 457 504
f 497 419 461
f 451 398 379
f 425 456 426
f 438 488 498
f 415 422 487
f 467 470 505
f 424 434 420
f 443 442 506
f 450 322 418
f 414 370 411
f 442 507 506
f 508 466 435
f 410 412 357
f 434 509 435
f 417 467 468
f 373 426 503
f 343 313 342
f 510 489 430
f 487 478 462
f 368 453 385
f 423 431 469
f 511 494 443
f 488 429 489
f 512 513 514
f 515 466 516
f 495 486 517
f 518 519 461
f 520 521 522
f 431 448 462
f 373 475 421
f 434 496 509
f 487 422 523
f 385 389 368
f 471 412 410
f 524 498 488
f 460 525 388
f 496 495 509
f 431 462 478
f 506 511 443
f 486 526 517
f 515 504 466
f 467 527 468
f 478 487 523
f 375 432 452
f 455 492 528
f 529 530 526
f 437 443 494
f 426 456 531
f 409 480 474
f 525 460 491
f 492 482 532
f 494 533 450
f 534 526 530
f 378 377 465
f 475 535 476
f 489 524 488
f 509 536 537
f 394 314 538
f 472 539 416
f 457 466 504
f 529 540 541
f 377 343 433
f 139 140 272
f 522 510 430
f 498 524 542
f 368 493 453
f 486 473 526
f 464 465 543
f 474 483 410
f 509 537 435
f 531 456 459
f 478 540 469
f 519 497 461
f 388 544 352
f 509 495 536
f 492 367 482
f 472 485 545
f 436 468 479
f 459 455 528
f 506 507 546
f 466 508 516
f 511 506 533
f 547 365 452
f 467 505 527
f 508 435 548
f 422 477 523
f 491 549 525
f 550 551 536
f 418 494 450
f 421 477 422
f 497 552 451
f 407 438 498
f 494 511 533
f 553 481 367
f 465 513 543
f 432 501 452
f 176 243 177
f 455 493 492
f 365 332 276
f 539 545 501
f 486 496 434
f 507 471 483
f 515 516 554
f 555 542 524
f 524 489 555
f 388 525 544
f 442 471 507
f 539 472 545
f 526 534 517
f 519 556 557
f 459 454 455
f 505 558 527
f 519 557 559
f 491 444 560
f 446 490 518
f 497 451 379
f 561 562 550
f 561 495 517
f 549 491 560
f 539 432 416
f 561 534 562
f 476 535 563
f 506 564 533
f 421 475 477
f 565 510 522
f 515 554 566
f 531 503 426
f 534 530 562
f 498 542 484
f 455 453 493
f 543 490 464
f 567 516 508
f 528 531 459
f 505 470 504
f 152 522 243
f 322 321 391
f 561 536 495
f 525 549 544
f 542 555 568
f 444 569 560
f 508 548 567
f 515 505 504
f 480 439 474
f 540 473 469
f 570 507 483
f 544 549 560
f 540 523 541
f 561 517 534
f 571 572 573
f 475 503 574
f 539 501 432
f 452 365 265
f 432 404 416
f 506 546 564
f 542 568 484
f 519 559 552
f 529 541 575
f 546 570 576
f 510 555 489
f 516 567 554
f 519 518 556
f 567 548 577
f 497 519 552
f 578 528 579
f 480 409 449
f 580 581 548
f 579 492 532
f 528 578 531
f 582 503 531
f 583 568 555
f 529 526 473
f 515 558 505
f 584 536 551
f 480 449 436
f 567 585 554
f 500 586 452
f 433 514 513
f 560 587 544
f 518 461 446
f 533 588 450
f 581 577 548
f 562 589 550
f 537 584 435
f 468 527 479
f 490 543 590
f 591 592 546
f 555 510 583
f 579 528 492
f 546 507 570
f 314 353 538
f 444 571 569
f 500 502 593
f 594 356 394
f 479 480 436
f 551 550 589
f 501 545 502
f 472 217 498
f 561 550 536
f 479 595 499
f 582 578 579
f 567 577 585
f 596 595 479
f 592 564 546
f 587 560 569
f 441 483 474
f 484 597 598
f 570 483 441
f 490 556 518
f 599 580 600
f 527 558 479
f 568 583 601
f 589 562 602
f 554 603 566
f 533 592 604
f 562 530 602
f 571 573 605
f 537 536 584
f 584 548 435
f 540 529 473
f 589 606 551
f 515 607 558
f 513 590 543
f 523 476 563
f 512 514 608
f 515 566 607
f 373 320 308
f 609 482 481
f 535 475 574
f 544 610 352
f 594 611 356
f 484 601 597
f 579 612 582
f 613 538 610
f 614 551 606
f 615 580 548
f 583 510 616
f 451 552 444
f 485 502 545
f 569 617 587
f 578 582 531
f 610 618 619
f 481 553 620
f 589 621 606
f 576 570 622
f 594 394 538
f 623 585 577
f 439 441 474
f 554 585 603
f 559 557 572
f 577 581 623
f 624 596 607
f 616 601 583
f 602 625 626
f 582 627 503
f 530 529 575
f 559 571 444
f 533 564 592
f 614 584 551
f 614 628 629
f 544 618 610
f 580 615 600
f 630 514 450
f 452 586 547
f 612 631 627
f 631 632 627
f 614 615 584
f 490 633 556
f 581 580 634
f 532 609 631
f 556 635 557
f 603 636 637
f 623 581 638
f 493 368 367
f 617 569 639
f 585 636 603
f 523 477 476
f 558 596 479
f 631 640 641
f 626 642 621
f 514 433 450
f 484 568 601
f 590 513 512
f 580 599 634
f 591 546 576
f 614 606 628
f 553 643 644
f 582 612 627
f 616 565 645
f 490 590 633
f 621 628 606
f 177 430 429
f 484 472 498
f 614 600 615
f 501 500 452
f 604 591 646
f 616 645 647
f 553 644 620
f 648 649 650
f 586 651 547
f 601 616 597
f 586 593 652
f 593 653 654
f 439 499 440
f 655 656 657
f 557 658 572
f 544 587 618
f 633 635 556
f 522 152 356
f 559 572 571
f 441 659 570
f 627 574 503
f 660 481 620
f 512 661 590
f 558 607 596
f 585 623 636
f 618 617 639
f 444 552 559
f 530 625 602
f 662 663 622
f 612 532 631
f 512 608 664
f 665 666 667
f 628 642 668
f 628 621 642
f 630 450 588
f 669 670 671
f 647 597 616
f 635 667 557
f 563 541 523
f 532 482 609
f 629 672 673
f 485 653 502
f 625 575 674
f 627 632 675
f 633 676 635
f 658 667 666
f 677 678 535
f 440 499 595
f 590 661 633
f 441 679 659
f 634 680 681
f 614 629 600
f 584 615 548
f 682 678 683
f 609 481 660
f 672 684 673
f 630 608 514
f 682 563 678
f 653 593 502
f 653 485 685
f 639 686 618
f 625 530 575
f 664 608 687
f 634 638 581
f 655 599 656
f 613 688 594
f 627 675 574
f 563 535 678
f 611 520 356
f 634 599 680
f 621 589 602
f 598 485 484
f 541 682 689
f 597 647 690
f 626 621 602
f 629 691 600
f 661 512 664
f 571 639 569
f 637 624 607
f 676 667 635
f 599 600 656
f 681 692 638
f 686 639 650
f 693 657 694
f 604 592 591
f 685 485 695
f 500 593 586
f 647 645 696
f 629 673 691
f 628 668 672
f 638 636 623
f 683 678 669
f 634 681 638
f 612 579 532
f 677 535 574
f 661 697 633
f 679 440 595
f 655 657 698
f 699 645 565
f 682 683 689
f 696 690 647
f 608 630 700
f 599 655 680
f 610 353 352
f 622 701 576
f 675 669 677
f 658 666 572
f 702 642 626
f 648 571 605
f 588 703 630
f 659 662 622
f 632 631 641
f 636 624 637
f 629 628 672
f 673 704 691
f 613 610 705
f 641 706 707
f 681 708 692
f 665 667 709
f 699 696 645
f 691 710 656
f 637 607 603
f 650 711 686
f 591 701 646
f 667 676 709
f 712 713 588
f 699 565 714
f 715 716 596
f 563 682 541
f 687 717 718
f 680 655 719
f 638 720 636
f 600 691 656
f 659 622 570
f 704 684 721
f 465 433 513
f 540 478 523
f 655 722 719
f 640 706 641
f 618 686 619
f 441 440 679
f 636 720 624
f 723 596 716
f 619 686 711
f 681 719 708
f 520 522 356
f 697 676 633
f 660 640 609
f 571 648 650
f 672 724 684
f 683 669 671
f 672 725 726
f 690 696 727
f 728 679 595
f 711 650 649
f 720 692 729
f 666 573 572
f 701 591 576
f 696 699 727
f 672 668 725
f 672 726 724
f 692 708 729
f 664 687 697
f 597 690 598
f 730 604 646
f 704 673 684
f 367 365 547
f 681 680 719
f 731 732 714
f 724 721 684
f 571 650 639
f 687 608 700
f 698 733 722
f 728 734 735
f 631 609 640
f 711 736 619
f 701 622 663
f 737 727 699
f 738 646 663
f 533 604 588
f 683 739 689
f 739 740 741
f 719 742 708
f 613 594 538
f 699 714 737
f 736 711 649
f 743 744 745
f 640 620 746
f 661 664 697
f 720 747 624
f 593 654 652
f 646 701 663
f 604 712 588
f 702 626 674
f 748 685 695
f 666 665 573
f 687 718 697
f 687 749 717
f 655 698 722
f 522 430 243
f 620 750 746
f 521 565 522
f 721 724 726
f 587 617 618
f 654 685 748
f 669 675 670
f 693 698 657
f 691 704 710
f 697 718 751
f 702 725 642
f 641 675 632
f 752 703 713
f 729 742 753
f 723 595 596
f 656 710 694
f 630 703 700
f 698 693 733
f 754 755 710
f 721 756 704
f 738 730 646
f 737 714 757
f 598 727 758
f 675 677 574
f 657 656 694
f 675 759 670
f 607 566 603
f 760 739 671
f 727 737 758
f 693 694 761
f 762 763 648
f 654 748 764
f 688 705 765
f 756 754 710
f 626 625 674
f 706 640 746
f 713 766 767
f 649 768 736
f 619 769 610
f 679 728 659
f 726 770 721
f 729 753 747
f 689 739 741
f 771 688 765
f 728 735 659
f 756 721 770
f 725 772 773
f 703 752 749
f 774 775 776
f 719 722 742
f 733 693 777
f 725 668 642
f 654 653 685
f 778 741 779
f 722 780 781
f 676 751 709
f 641 707 675
f 689 741 541
f 732 757 714
f 768 649 763
f 723 728 595
f 693 761 777
f 756 710 704
f 620 644 750
f 598 695 485
f 730 738 782
f 722 733 780
f 694 783 761
f 752 767 784
f 670 785 786
f 762 648 787
f 757 758 737
f 619 736 769
f 756 788 754
f 707 706 746
f 752 789 749
f 605 790 791
f 775 792 776
f 731 714 565
f 793 773 794
f 735 795 662
f 749 789 717
f 510 565 616
f 781 742 722
f 739 683 671
f 741 575 541
f 665 605 573
f 725 702 796
f 797 798 799
f 640 660 620
f 662 795 663
f 793 770 773
f 670 759 785
f 741 778 674
f 733 777 780
f 725 796 772
f 728 723 734
f 713 703 588
f 782 738 800
f 763 801 768
f 735 662 659
f 802 652 654
f 756 793 788
f 687 700 749
f 754 788 803
f 725 773 726
f 748 804 764
f 760 671 805
f 678 677 669
f 806 807 808
f 759 707 809
f 665 810 790
f 730 782 712
f 598 690 727
f 742 781 753
f 703 749 700
f 769 768 801
f 667 658 557
f 755 754 803
f 758 757 811
f 802 654 764
f 648 763 649
f 604 730 712
f 553 367 547
f 746 750 809
f 707 759 675
f 812 777 761
f 797 738 663
f 729 708 742
f 780 777 813
f 801 763 814
f 770 726 773
f 756 770 793
f 739 760 740
f 741 674 575
f 598 758 695
f 781 815 753
f 783 806 808
f 777 816 813
f 817 818 819
f 707 746 809
f 761 783 812
f 762 814 763
f 723 716 734
f 665 709 810
f 797 663 820
f 801 821 769
f 521 731 565
f 644 822 750
f 736 768 769
f 803 823 755
f 697 751 676
f 810 709 824
f 740 779 741
f 825 817 695
f 757 732 811
f 755 694 710
f 748 695 804
f 826 805 827
f 759 809 828
f 788 829 803
f 821 801 814
f 782 800 830
f 674 778 796
f 750 822 809
f 777 812 816
f 795 735 831
f 788 793 832
f 610 538 353
f 781 780 815
f 747 753 792
f 812 833 816
f 793 794 832
f 834 835 836
f 772 794 773
f 652 802 651
f 740 760 837
f 830 712 782
f 796 838 772
f 734 716 839
f 715 840 716
f 734 841 735
f 705 842 765
f 802 843 651
f 823 844 845
f 716 840 839
f 812 783 833
f 758 811 846
f 823 829 844
f 797 847 738
f 789 848 717
f 848 752 784
f 814 762 849
f 847 800 738
f 850 851 852
f 814 853 821
f 829 854 844
f 800 855 830
f 856 838 857
f 644 643 822
f 809 822 858
f 859 858 860
f 797 799 847
f 861 811 732
f 735 841 831
f 829 832 854
f 800 847 855
f 862 813 816
f 863 778 864
f 747 720 729
f 780 813 815
f 831 820 795
f 790 836 791
f 855 865 830
f 751 824 709
f 841 734 866
f 791 648 605
f 764 804 867
f 847 799 868
f 758 825 695
f 638 692 720
f 816 833 862
f 853 814 849
f 822 860 858
f 783 808 833
f 811 869 846
f 826 837 805
f 811 861 869
f 802 870 843
f 665 790 605
f 769 871 610
f 872 718 717
f 797 820 798
f 841 873 831
f 778 779 864
f 874 808 807
f 823 803 829
f 855 847 868
f 841 866 873
f 810 824 875
f 876 877 751
f 796 702 674
f 834 810 875
f 813 878 879
f 755 823 694
f 648 791 787
f 715 596 624
f 758 846 825
f 863 864 880
f 867 804 817
f 791 836 787
f 831 881 820
f 786 785 882
f 838 796 883
f 862 833 884
f 865 855 868
f 813 879 815
f 828 809 858
f 828 885 785
f 829 788 832
f 831 873 881
f 886 715 624
f 732 731 887
f 874 833 808
f 823 845 888
f 867 817 819
f 734 839 866
f 806 889 807
f 834 836 790
f 832 794 854
f 890 884 874
f 891 872 717
f 713 712 766
f 873 866 892
f 849 893 853
f 887 861 732
f 810 834 790
f 874 807 894
f 817 825 895
f 869 861 896
f 865 766 830
f 769 821 871
f 888 806 694
f 837 760 805
f 866 839 892
f 848 789 752
f 869 897 846
f 846 898 825
f 881 873 892
f 764 867 870
f 783 694 806
f 823 888 694
f 813 862 878
f 856 794 838
f 882 785 885
f 899 900 901
f 844 899 845
f 867 819 870
f 875 824 902
f 903 853 893
f 884 833 874
f 825 898 895
f 670 805 671
f 869 896 897
f 731 521 904
f 871 842 705
f 779 837 864
f 897 898 846
f 815 792 753
f 586 652 651
f 826 827 905
f 886 624 775
f 906 849 787
f 712 830 766
f 907 908 909
f 893 849 906
f 785 759 828
f 861 910 896
f 892 911 881
f 889 806 888
f 802 764 870
f 875 902 912
f 821 903 871
f 844 913 914
f 865 868 915
f 821 853 903
f 889 888 916
f 875 917 834
f 835 834 917
f 918 919 920
f 839 921 892
f 922 850 766
f 820 663 795
f 897 896 923
f 799 924 868
f 826 864 837
f 862 884 878
f 899 844 914
f 807 925 926
f 858 927 828
f 897 923 898
f 779 740 837
f 854 856 913
f 910 923 896
f 670 786 805
f 893 928 903
f 856 857 929
f 651 745 553
f 890 874 894
f 930 889 916
f 804 695 817
f 643 860 822
f 610 871 705
f 870 819 931
f 868 924 915
f 932 910 887
f 906 933 893
f 799 934 935
f 870 936 843
f 935 937 938
f 917 939 835
f 917 875 912
f 792 879 940
f 941 878 884
f 752 713 767
f 928 893 933
f 651 936 743
f 898 923 942
f 899 916 845
f 943 840 715
f 944 904 521
f 914 900 899
f 924 799 935
f 817 945 818
f 807 889 925
f 915 922 766
f 840 943 921
f 927 858 859
f 899 901 916
f 884 890 946
f 820 881 798
f 815 879 792
f 923 910 942
f 859 860 947
f 946 941 884
f 786 827 805
f 807 926 894
f 871 948 949
f 950 890 894
f 930 916 901
f 839 840 921
f 915 938 922
f 771 944 611
f 907 911 908
f 849 762 787
f 931 819 818
f 907 798 911
f 861 887 910
f 918 920 951
f 928 933 948
f 952 891 953
f 930 954 889
f 889 954 925
f 878 940 879
f 939 917 955
f 844 854 913
f 827 956 905
f 891 952 872
f 931 957 936
f 894 926 950
f 901 958 959
f 915 935 938
f 958 960 959
f 915 766 865
f 942 932 961
f 917 912 955
f 860 962 947
f 963 964 965
f 881 911 798
f 886 775 774
f 927 885 828
f 890 950 946
f 945 817 895
f 877 824 751
f 942 910 932
f 900 966 958
f 871 928 948
f 876 751 718
f 798 934 799
f 966 967 958
f 968 940 941
f 969 954 930
f 933 951 948
f 898 942 895
f 950 926 970
f 971 972 973
f 775 747 792
f 939 787 835
f 870 931 936
f 942 961 895
f 926 974 970
f 877 902 824
f 975 943 715
f 939 976 787
f 921 977 892
f 978 872 952
f 979 851 980
f 913 981 914
f 901 900 958
f 982 715 886
f 971 974 925
f 950 983 946
f 944 521 520
f 766 850 767
f 921 943 977
f 974 926 925
f 907 909 934
f 978 876 872
f 984 932 887
f 882 885 985
f 956 986 905
f 904 887 731
f 936 957 987
f 651 743 745
f 798 907 934
f 940 878 941
f 864 905 880
f 966 900 914
f 787 836 835
f 988 989 990
f 915 924 935
f 991 966 981
f 872 876 718
f 986 956 965
f 859 885 927
f 950 970 983
f 935 934 937
f 984 887 989
f 947 992 859
f 981 966 914
f 939 955 976
f 930 901 959
f 887 904 989
f 993 945 994
f 977 908 892
f 905 986 880
f 771 995 944
f 895 996 994
f 916 888 845
f 891 717 784
f 860 643 745
f 986 965 997
f 852 851 998
f 922 999 850
f 937 1000 938
f 871 903 928
f 743 987 1001
f 902 1002 912
f 946 983 968
f 895 961 996
f 992 947 1003
f 1004 1005 1006
f 951 1007 948
f 772 838 794
f 1008 983 970
f 1009 883 1010
f 925 954 972
f 976 918 787
f 1011 976 955
f 965 956 786
f 1012 765 842
f 1007 951 920
f 909 1013 934
f 978 952 1014
f 951 933 906
f 1015 1003 962
f 611 944 520
f 960 958 967
f 852 891 784
f 959 969 930
f 956 827 786
f 992 1003 1016
f 984 989 988
f 960 1017 959
f 1018 988 990
f 553 547 651
f 977 1019 908
f 970 974 1008
f 999 1020 850
f 818 957 931
f 856 981 913
f 986 997 880
f 968 983 1021
f 932 1022 996
f 983 1023 1021
f 975 1024 1025
f 1024 975 982
f 771 611 594
f 945 895 994
f 902 877 1004
f 976 1026 918
f 882 963 965
f 961 932 996
f 955 1002 1027
f 947 962 1003
f 918 906 787
f 955 912 1002
f 937 1013 1028
f 918 951 906
f 1011 955 1027
f 960 1029 1017
f 852 998 891
f 776 792 1030
f 949 948 1007
f 963 882 985
f 975 977 943
f 992 1031 885
f 967 966 991
f 902 1004 1002
f 1032 1008 974
f 920 1033 1007
f 975 715 982
f 818 993 957
f 882 965 786
f 978 1014 1034
f 908 1019 1035
f 967 991 1029
f 922 938 999
f 992 1036 1031
f 1037 1038 1011
f 771 765 995
f 920 919 1039
f 850 852 767
f 957 1040 1041
f 796 778 883
f 1042 971 973
f 987 957 1001
f 920 1039 1033
f 863 1043 883
f 934 1013 937
f 857 1044 929
f 919 918 1045
f 1045 1046 1047
f 1008 1032 1023
f 974 971 1032
f 745 744 1048
f 745 643 553
f 938 1000 999
f 975 1019 977
f 863 883 778
f 908 1035 909
f 1007 1033 949
f 976 1038 1026
f 891 998 953
f 1049 1050 1051
f 1029 1052 1017
f 952 953 1053
f 932 984 1022
f 975 1025 1019
f 997 1054 880
f 991 981 929
f 851 979 1055
f 940 968 1030
f 999 1000 1056
f 998 851 1055
f 1024 982 1057
f 651 843 936
f 908 911 892
f 1039 919 1045
f 937 1056 1000
f 864 826 905
f 983 1008 1023
f 971 925 972
f 1032 1058 1059
f 1023 1032 1059
f 959 1017 969
f 1004 1006 1027
f 1045 918 1046
f 1060 984 988
f 965 1061 997
f 842 949 1062
f 994 996 1063
f 1031 985 885
f 1060 1022 984
f 838 1009 1044
f 1018 990 1064
f 1049 1020 1050
f 976 1011 1038
f 1032 971 1065
f 1057 1066 1024
f 1025 1035 1019
f 1056 1050 999
f 705 688 613
f 1052 1067 1068
f 745 1015 962
f 1045 1069 1039
f 1070 1071 963
f 1052 1072 1067
f 1004 1073 1005
f 877 1074 1004
f 1020 980 851
f 1031 1036 985
f 1023 1059 1021
f 968 941 946
f 876 978 1034
f 859 992 885
f 969 973 972
f 953 998 1055
f 1017 1052 969
f 1024 1066 1025
f 1063 1075 1076
f 992 1016 1036
f 996 1022 1077
f 1056 937 1078
f 1054 997 1061
f 1079 1080 1013
f 1081 774 776
f 1020 999 1050
f 1037 1011 1027
f 968 1021 1030
f 1029 991 1072
f 1004 1027 1002
f 993 1040 957
f 1060 988 1082
f 1078 937 1028
f 1016 1003 1015
f 1050 1056 1051
f 957 1041 1001
f 909 1079 1013
f 880 1054 863
f 971 1042 1065
f 1083 1016 1015
f 1021 1084 1030
f 991 1085 1072
f 1086 1068 1087
f 1032 1065 1058
f 1052 1068 969
f 981 856 929
f 1035 1088 1089
f 1069 1045 1090
f 1068 1086 969
f 1056 1078 1051
f 965 964 1061
f 1060 1077 1022
f 918 1026 1046
f 1013 1080 1028
f 985 1091 1070
f 952 1053 1014
f 1036 1092 985
f 1035 1025 1088
f 1061 1093 1054
f 1052 1029 1072
f 1057 1094 1066
f 1090 1045 1047
f 995 1095 944
f 982 774 1057
f 1006 1037 1027
f 949 842 871
f 1036 1016 1092
f 1054 1043 863
f 1089 1096 909
f 1009 1010 1097
f 1065 1098 1099
f 1100 1091 1101
f 1085 991 1102
f 1099 1058 1065
f 717 848 784
f 949 1103 1062
f 1059 1104 1084
f 1034 1014 1105
f 1033 1039 1069
f 953 1106 1107
f 1074 1034 1108
f 972 954 969
f 1053 953 1107
f 1106 979 1109
f 1059 1084 1021
f 1057 1110 1111
f 1078 1112 1051
f 1086 1087 1113
f 743 936 987
f 842 1062 1012
f 1077 1114 1063
f 1083 1092 1016
f 1065 1042 1098
f 1038 1046 1026
f 964 963 1071
f 1034 1074 876
f 1058 1099 1104
f 960 967 1029
f 1078 1028 1112
f 1035 1089 909
f 1066 1094 1088
f 1093 1061 1115
f 964 1116 1117
f 1053 1107 1118
f 1105 1108 1034
f 990 1095 1119
f 794 856 854
f 1120 1006 1121
f 1061 1122 1115
f 1070 963 985
f 1040 993 1123
f 1124 1125 1126
f 953 1055 1106
f 1082 1127 1114
f 1106 1055 979
f 1025 1066 1088
f 1053 1118 1105
f 1074 1108 1128
f 792 940 1030
f 1060 1082 1114
f 949 1033 1103
f 1124 1049 1125
f 1094 1057 1111
f 1082 988 1018
f 1042 1129 1130
f 1071 1070 1116
f 1107 1131 1118
f 990 904 944
f 1112 1125 1051
f 990 989 904
f 982 886 774
f 1132 1074 1128
f 1104 1099 1133
f 969 1086 1134
f 1054 1093 1043
f 1010 1135 1136
f 1047 1137 1090
f 909 1096 1079
f 969 1134 973
f 883 1043 1010
f 1138 1098 1042
f 1092 1083 1139
f 1038 1140 1046
f 818 945 993
f 1141 979 980
f 1108 1105 1118
f 1092 1139 985
f 1137 1103 1090
f 1006 1142 1037
f 1143 1112 1028
f 1028 1080 1144
f 996 1077 1063
f 1059 1058 1104
f 1107 1145 1131
f 1088 1146 1089
f 1129 1042 973
f 1147 1148 1149
f 1096 1150 1079
f 1068 1067 1087
f 1074 1073 1004
f 1087 1067 1151
f 1117 1122 1061
f 852 784 767
f 1005 1152 1153
f 1083 1154 1139
f 1113 1155 1134
f 745 962 860
f 1115 1135 1093
f 1074 877 876
f 991 929 1102
f 1125 1112 1143
f 850 1020 851
f 1067 1156 1151
f 1010 1136 1157
f 1093 1135 1043
f 771 594 688
f 1073 1158 1152
f 1159 1160 1144
f 1077 1060 1114
f 1138 1042 1130
f 1038 1037 1140
f 1108 1161 1128
f 1137 1047 1162
f 1132 1128 1163
f 1053 1105 1014
f 774 1110 1057
f 1164 1143 1028
f 1124 1126 1165
f 1117 1166 1122
f 1113 1167 1168
f 1147 776 1030
f 1167 1169 1168
f 964 1071 1116
f 1073 1074 1132
f 1020 1049 980
f 1098 1133 1099
f 1159 1144 1080
f 1147 1030 1084
f 1086 1113 1134
f 1170 1083 1015
f 1049 1051 1125
f 1103 1137 1162
f 1087 1151 1167
f 1114 1127 1171
f 1091 1139 1101
f 1005 1073 1152
f 1069 1090 1103
f 1070 1091 1116
f 1040 1123 1041
f 1118 1172 1161
f 1142 1006 1120
f 1127 1082 1018
f 1143 1126 1125
f 973 1134 1129
f 1005 1153 1006
f 1173 1174 1150
f 1063 1076 1123
f 1063 993 994
f 1161 1172 1175
f 1107 1106 1145
f 1091 985 1139
f 1176 1177 1121
f 1178 765 1012
f 980 1124 1179
f 1180 1181 1062
f 1098 1138 1182
f 1140 1142 1183
f 1108 1118 1161
f 1184 1123 1076
f 1046 1185 1047
f 979 1141 1109
f 1096 1146 1150
f 1164 1028 1144
f 1067 1085 1156
f 1098 1182 1133
f 857 838 1044
f 1186 1130 1129
f 1135 1115 1187
f 1015 1188 1170
f 1138 1189 1182
f 1155 1113 1168
f 1083 1170 1154
f 1113 1087 1167
f 1073 1190 1158
f 1122 1166 1191
f 1120 1183 1142
f 1186 1192 1193
f 1122 1187 1115
f 1165 1126 1194
f 1037 1142 1140
f 1001 1195 743
f 1063 1196 1075
f 1197 1151 1156
f 1192 1198 1193
f 838 883 1009
f 1163 1190 1132
f 964 1117 1061
f 1126 1143 1194
f 1006 1153 1121
f 1186 1134 1192
f 1152 1199 1153
f 1095 995 1200
f 1100 1101 1201
f 1088 1111 1202
f 1203 1145 1106
f 1096 1089 1146
f 1153 1199 1121
f 1154 1101 1139
f 1187 1136 1135
f 1001 1184 1195
f 1033 1069 1103
f 1073 1132 1190
f 1138 1130 1204
f 1183 1205 1046
f 1163 1128 1206
f 1018 1171 1127
f 1067 1072 1085
f 1207 1185 1208
f 1209 1194 1164
f 980 1049 1124
f 1156 1085 1102
f 1133 1182 1210
f 1157 1097 1010
f 990 944 1095
f 1130 1186 1204
f 1101 1154 1201
f 1091 1211 1116
f 1183 1120 1177
f 1202 1110 1212
f 1009 1213 1214
f 1155 1168 1192
f 1138 1204 1189
f 1199 1152 1215
f 1201 1216 1217
f 1187 1122 1191
f 1169 1167 1218
f 1165 1194 1219
f 1143 1164 1194
f 1048 1220 1188
f 1203 1106 1109
f 1158 1221 1222
f 1182 1189 1210
f 1167 1223 1218
f 1159 1150 1174
f 1201 1217 1224
f 1131 1172 1118
f 1063 1123 993
f 1188 1220 1225
f 1170 1188 1154
f 1140 1183 1046
f 1156 1102 1197
f 1226 1227 1147
f 1190 1163 1228
f 1199 1215 1121
f 1148 1084 1133
f 1088 1094 1111
f 1009 1214 1044
f 1171 1196 1114
f 1229 1141 1230
f 1158 1222 1215
f 1229 1109 1141
f 1171 1018 1231
f 1018 1232 1231
f 1166 1233 1234
f 1188 1216 1154
f 1184 1076 1235
f 1159 1174 1236
f 1237 1189 1204
f 1136 1187 1191
f 1164 1144 1160
f 1202 1173 1150
f 1151 1197 1223
f 1216 1188 1225
f 1206 1161 1175
f 1237 1204 1193
f 1169 1238 1168
f 1239 1210 1189
f 1171 1231 1196
f 1168 1238 1192
f 1159 1080 1079
f 1169 1218 1240
f 1230 1141 980
f 1100 1201 1224
f 1145 1241 1131
f 1184 1041 1123
f 1183 1177 1205
f 1189 1237 1239
f 1215 1152 1158
f 1242 1237 1193
f 1215 1243 1121
f 1196 1063 1114
f 1133 1210 1148
f 1159 1079 1150
f 1197 1244 1223
f 1084 1104 1133
f 1121 1243 1245
f 1134 1155 1192
f 1192 1246 1198
f 995 1247 1200
f 1110 1248 1212
f 1248 1249 1212
f 1128 1161 1206
f 1202 1150 1146
f 1091 1250 1211
f 1175 1172 1251
f 1167 1151 1223
f 1185 1162 1047
f 1205 1185 1046
f 1201 1154 1216
f 1124 1165 1179
f 1191 1252 1136
f 1062 1253 1012
f 1009 1254 1213
f 1209 1164 1160
f 1243 1255 1245
f 1210 1239 1256
f 1257 1239 1237
f 1257 1237 1242
f 1252 1157 1136
f 1235 1075 1258
f 1238 1169 1240
f 1205 1177 1176
f 1110 1259 1248
f 1206 1260 1261
f 1186 1129 1134
f 1194 1262 1219
f 1185 1263 1162
f 1259 1081 1264
f 1265 1149 1148
f 1266 1267 1254
f 1268 1217 1225
f 1097 1254 1009
f 1010 1043 1135
f 1109 1269 1203
f 1192 1238 1270
f 1243 1215 1222
f 1202 1146 1088
f 1145 1203 1241
f 1064 1271 1272
f 1176 1121 1245
f 1064 990 1271
f 1197 1102 1273
f 1209 1262 1194
f 1274 1275 1178
f 1260 1276 1261
f 1247 995 1178
f 1158 1190 1228
f 1224 1277 1250
f 1158 1228 1278
f 1165 1219 1179
f 1279 1280 1208
f 1269 1241 1203
f 1206 1261 1163
f 1239 1257 1256
f 1180 1062 1103
f 1158 1278 1221
f 1177 1120 1121
f 1202 1212 1173
f 1207 1263 1185
f 1209 1160 1281
f 1116 1233 1117
f 1222 1255 1243
f 1224 1217 1277
f 1252 1282 1283
f 1244 1197 1273
f 765 1178 995
f 1100 1224 1250
f 1269 1109 1229
f 1192 1270 1246
f 1241 1251 1172
f 1211 1233 1116
f 1240 1284 1238
f 1263 1180 1162
f 1281 1160 1285
f 1286 1287 1288
f 1252 1191 1282
f 1261 1289 1228
f 1240 1290 1284
f 1262 1209 1281
f 1202 1111 1110
f 1235 1258 1291
f 1091 1100 1250
f 1290 1292 1284
f 1184 1293 1195
f 1294 1242 1193
f 1295 1157 1283
f 1270 1284 1296
f 1261 1228 1163
f 1250 1297 1298
f 1206 1175 1260
f 1299 1257 1242
f 1217 1268 1277
f 1217 1216 1225
f 1257 1300 1256
f 1219 1262 1301
f 1018 1064 1232
f 1302 1229 1303
f 1255 1222 1287
f 1218 1304 1290
f 1212 1249 1173
f 1241 1269 1305
f 1306 1207 1208
f 1307 1308 1119
f 1157 1252 1283
f 1281 1301 1262
f 1250 1309 1211
f 1157 1295 1097
f 1178 1275 1310
f 1260 1175 1311
f 1222 1221 1287
f 1198 1294 1193
f 1245 1279 1176
f 1218 1244 1304
f 1312 1309 1313
f 1250 1277 1297
f 1180 1263 1314
f 1258 1075 1196
f 1315 1316 1317
f 1258 1318 1291
f 1232 1272 1319
f 1241 1172 1131
f 1159 1285 1160
f 1234 1282 1191
f 1293 1320 1321
f 1204 1186 1193
f 1234 1191 1166
f 1219 1322 1323
f 1225 1220 1324
f 1233 1166 1117
f 1238 1284 1270
f 1174 1173 1325
f 1326 1325 1173
f 1184 1327 1293
f 1240 1218 1290
f 1328 1302 1303
f 1214 1329 1044
f 1233 1312 1330
f 1295 1283 1331
f 1205 1176 1279
f 1207 1314 1263
f 1316 1332 1333
f 1305 1251 1241
f 1242 1294 1334
f 1259 1264 1335
f 1268 1297 1277
f 1001 1041 1184
f 1180 1103 1162
f 1301 1281 1336
f 1314 1181 1180
f 1299 1242 1337
f 1048 1188 1015
f 1286 1255 1287
f 1257 1299 1300
f 1230 980 1179
f 1244 1273 1304
f 1336 1281 1285
f 1338 1300 1299
f 1339 1258 1231
f 1279 1245 1286
f 1048 1015 745
f 1221 1340 1287
f 1286 1245 1255
f 1341 1342 1311
f 1147 1084 1148
f 1298 1297 1343
f 1344 1330 1345
f 1268 1225 1324
f 1232 1339 1231
f 1159 1236 1285
f 1235 1291 1346
f 1302 1305 1229
f 1179 1219 1323
f 1286 1288 1347
f 1336 1348 1301
f 1349 990 1119
f 990 1349 1271
f 1278 1340 1221
f 1218 1223 1244
f 1119 1308 1349
f 1148 1210 1256
f 1258 1196 1231
f 1350 1351 1081
f 1233 1211 1312
f 1276 1260 1311
f 1247 1178 1310
f 1324 1352 1268
f 1353 1354 1355
f 1346 1327 1184
f 1185 1279 1208
f 1354 1236 1355
f 1329 1356 929
f 1357 1358 1012
f 1358 1178 1012
f 1314 1317 1181
f 1305 1269 1229
f 1286 1280 1279
f 1339 1232 1319
f 1330 1234 1233
f 1306 1208 1359
f 1360 1230 1179
f 1232 1064 1272
f 1330 1312 1313
f 1251 1305 1361
f 1298 1343 1362
f 1248 1335 1363
f 1095 1200 1364
f 1198 1365 1294
f 1365 1366 1367
f 1368 1247 1369
f 1282 1344 1370
f 1371 1372 1296
f 1293 1321 1373
f 1314 1374 1317
f 1375 1376 1377
f 1185 1205 1279
f 1340 1288 1287
f 1303 1229 1230
f 1378 1357 1253
f 1276 1379 1289
f 1348 1336 1380
f 1302 1361 1305
f 1268 1352 1297
f 1338 1299 1337
f 1175 1341 1311
f 1346 1381 1327
f 1254 1267 1382
f 1383 1384 1385
f 1386 1324 1220
f 1303 1230 1360
f 1326 1355 1325
f 1285 1380 1336
f 1248 1363 1249
f 1298 1387 1309
f 1300 1265 1256
f 1388 1303 1360
f 1258 1339 1389
f 1330 1344 1234
f 1361 1341 1251
f 1390 1288 1383
f 1352 1324 1386
f 1110 774 1259
f 1280 1286 1347
f 1337 1391 1392
f 1250 1298 1309
f 1393 1292 1290
f 1337 1394 1391
f 1380 1395 1348
f 1295 1331 1266
f 1328 1303 1396
f 1307 1119 1095
f 1296 1246 1270
f 1235 1076 1075
f 1297 1352 1343
f 1350 776 1147
f 1097 1295 1254
f 1200 1247 1368
f 1386 1220 1397
f 1175 1251 1341
f 1292 1371 1296
f 1398 1399 1353
f 1296 1372 1246
f 1292 1296 1284
f 1228 1289 1278
f 1276 1400 1379
f 1298 1362 1387
f 1319 1389 1339
f 1314 1306 1374
f 1304 1273 1401
f 1208 1280 1402
f 1316 1181 1317
f 1236 1354 1285
f 1254 1382 1213
f 1380 1285 1403
f 1346 1184 1235
f 1404 1307 1095
f 1361 1302 1405
f 1404 1095 1364
f 1387 1313 1309
f 1406 1407 1408
f 1368 1364 1200
f 1347 1402 1280
f 1368 1369 1409
f 1342 1400 1311
f 1338 1337 1392
f 1358 1274 1178
f 1214 1213 1382
f 1330 1313 1410
f 1326 1173 1249
f 1359 1374 1306
f 1411 1358 1357
f 1393 1290 1401
f 1290 1304 1401
f 1395 1380 1412
f 1062 1316 1253
f 1337 1334 1394
f 1328 1405 1302
f 1327 1413 1293
f 1300 1338 1265
f 1314 1207 1306
f 1401 1414 1415
f 1341 1416 1417
f 1372 1365 1246
f 1352 1386 1343
f 1326 1249 1363
f 1208 1402 1418
f 1380 1403 1412
f 1347 1288 1419
f 1258 1389 1318
f 1386 1420 1343
f 1276 1311 1400
f 1371 1421 1422
f 1359 1208 1418
f 1395 1322 1348
f 1371 1393 1421
f 1338 1423 1265
f 1389 1319 1424
f 1346 1291 1425
f 1426 1283 1427
f 1341 1428 1416
f 1342 1341 1417
f 1248 1259 1335
f 1344 1282 1234
f 1319 1272 1429
f 1272 1430 1429
f 1271 1349 1430
f 1081 776 1350
f 1356 1431 1432
f 1349 1308 1433
f 1308 1307 1434
f 1307 1404 1435
f 1436 1396 1437
f 1425 1381 1346
f 1236 1325 1355
f 1242 1334 1337
f 1404 1364 1438
f 1247 1310 1369
f 1310 1275 1439
f 1364 1368 1440
f 1275 1274 1441
f 1442 1443 1394
f 1331 1426 1266
f 1374 1359 1444
f 1357 1012 1253
f 1358 1445 1446
f 1402 1347 1447
f 1411 1357 1448
f 1315 1317 1449
f 1389 1424 1318
f 1379 1450 1289
f 1044 1329 929
f 1062 1181 1316
f 1316 1333 1378
f 1357 1378 1451
f 1327 1381 1452
f 1363 1453 1326
f 1317 1374 1449
f 1450 1278 1289
f 1259 774 1081
f 1415 1393 1401
f 1423 1338 1392
f 1400 1342 1454
f 1426 1455 1266
f 1429 1424 1319
f 1303 1388 1396
f 1452 1413 1327
f 1397 1420 1386
f 1436 1456 1396
f 1426 1427 1407
f 1174 1325 1236
f 1457 1458 1367
f 1330 1410 1459
f 1372 1371 1422
f 1402 1460 1418
f 1418 1444 1359
f 1272 1271 1430
f 1322 1301 1348
f 1433 1430 1349
f 1390 1383 1385
f 1434 1433 1308
f 1362 1461 1387
f 1435 1434 1307
f 1419 1447 1347
f 1355 1326 1453
f 1438 1435 1404
f 1405 1328 1456
f 1291 1462 1425
f 1439 1369 1310
f 1463 1273 1102
f 1464 1439 1275
f 1289 1261 1276
f 1441 1464 1275
f 1409 1440 1368
f 1440 1438 1364
f 1465 1323 1466
f 744 1467 1468
f 1362 1469 1461
f 1446 1441 1274
f 1444 1449 1374
f 1370 1344 1345
f 1358 1446 1274
f 1411 1445 1358
f 1315 1332 1316
f 1417 1454 1342
f 1316 1378 1253
f 1309 1312 1211
f 1333 1451 1378
f 1451 1448 1357
f 1370 1283 1282
f 1370 1427 1283
f 1391 1443 1470
f 1412 1471 1466
f 1379 1400 1472
f 1450 1340 1278
f 1294 1442 1334
f 1214 1382 1329
f 1291 1318 1462
f 1403 1471 1412
f 1473 1388 1360
f 1402 1447 1460
f 1341 1361 1405
f 1371 1292 1393
f 1474 1363 1335
f 1356 1329 1431
f 1444 1418 1460
f 1355 1453 1475
f 1415 1421 1393
f 1449 1444 1460
f 1454 1472 1400
f 1424 1429 1462
f 1381 1476 1452
f 1429 1477 1462
f 1478 1479 1315
f 1353 1355 1475
f 1480 1477 1429
f 1412 1322 1395
f 1473 1481 1482
f 1430 1433 1483
f 1332 1479 1484
f 1048 1468 1485
f 1433 1486 1483
f 1341 1405 1428
f 1391 1394 1443
f 1409 1369 1487
f 1439 1464 1488
f 1369 1489 1487
f 1446 1445 1490
f 1464 1441 1488
f 1445 1411 1490
f 1440 1491 1438
f 1441 1492 1488
f 1333 1332 1484
f 1435 1438 1493
f 1479 1332 1315
f 1427 1370 1345
f 1424 1462 1318
f 1447 1419 1390
f 1411 1494 1490
f 1451 1333 1484
f 1469 1420 1397
f 1411 1495 1494
f 1478 1315 1390
f 1383 1450 1496
f 1388 1437 1396
f 1390 1419 1288
f 1390 1385 1478
f 1413 1497 1320
f 1498 1453 1363
f 1430 1480 1429
f 1322 1466 1323
f 1460 1447 1390
f 1433 1434 1486
f 1369 1439 1489
f 1487 1489 1499
f 1198 1246 1365
f 1440 1500 1491
f 1379 1496 1450
f 1441 1501 1492
f 1448 1502 1495
f 1438 1491 1493
f 1442 1458 1443
f 1264 1081 1503
f 1473 1360 1481
f 1340 1450 1383
f 1399 1354 1353
f 1315 1449 1460
f 1454 1504 1505
f 1362 1420 1469
f 1412 1466 1322
f 1322 1219 1301
f 1422 1506 1507
f 1453 1498 1475
f 1408 1345 1459
f 1293 1413 1320
f 1381 1425 1476
f 1508 1509 1414
f 1510 1474 1264
f 1422 1511 1506
f 1456 1328 1396
f 1469 1397 1376
f 1399 1403 1354
f 1425 1512 1476
f 1454 1416 1504
f 1345 1408 1427
f 1365 1442 1294
f 1448 1451 1502
f 1422 1507 1372
f 1421 1509 1511
f 1430 1483 1480
f 1472 1454 1505
f 1387 1461 1513
f 1426 1331 1283
f 1446 1490 1501
f 1439 1514 1489
f 1403 1285 1354
f 1493 1515 1486
f 1440 1487 1500
f 1437 1388 1473
f 1265 1148 1256
f 1516 1470 1443
f 1477 1512 1462
f 1387 1513 1313
f 1481 1360 1179
f 1315 1460 1390
f 1428 1517 1416
f 1421 1415 1509
f 1479 1518 1484
f 744 1373 1467
f 1413 1452 1497
f 1484 1518 1502
f 1474 1510 1519
f 1451 1484 1502
f 1323 1481 1179
f 1365 1367 1442
f 1411 1448 1495
f 1490 1494 1501
f 1379 1472 1496
f 1492 1514 1488
f 1376 1397 1485
f 1492 1501 1520
f 1391 1470 1392
f 1441 1446 1501
f 1329 1382 1431
f 1439 1488 1514
f 1500 1487 1499
f 1440 1409 1487
f 1442 1394 1334
f 1507 1521 1365
f 1426 1407 1455
f 1376 1522 1523
f 1524 1525 1498
f 1330 1459 1345
f 1436 1428 1456
f 1425 1462 1512
f 1398 1353 1526
f 1048 744 1468
f 1513 1461 1523
f 1408 1459 1527
f 1461 1469 1523
f 1288 1340 1383
f 1512 1477 1528
f 1295 1266 1254
f 1507 1365 1372
f 1437 1529 1436
f 1422 1421 1511
f 1512 1528 1476
f 1407 1427 1408
f 1365 1521 1366
f 1476 1528 1530
f 1384 1383 1496
f 1518 1479 1531
f 775 624 747
f 1502 1518 1532
f 1480 1483 1533
f 1227 1350 1147
f 1495 1502 1532
f 1534 1398 1526
f 1469 1376 1523
f 1535 1536 1537
f 1505 1538 1496
f 1494 1495 1539
f 1454 1417 1416
f 1483 1486 1540
f 1399 1471 1403
f 1494 1539 1501
f 1507 1541 1521
f 1501 1542 1520
f 1514 1543 1489
f 1493 1434 1435
f 1273 1414 1401
f 1493 1491 1544
f 1545 1499 1543
f 1513 1523 1546
f 1479 1478 1531
f 1470 1547 1392
f 1498 1525 1475
f 1367 1548 1549
f 1443 1458 1516
f 1550 1528 1477
f 1476 1551 1497
f 1552 1471 1399
f 1540 1533 1483
f 1474 1335 1264
f 1474 1498 1363
f 1517 1504 1416
f 1539 1542 1501
f 1553 1540 1486
f 1514 1520 1554
f 1514 1554 1543
f 1544 1515 1493
f 1543 1499 1489
f 1455 1406 1555
f 1545 1500 1499
f 1437 1556 1529
f 1457 1367 1557
f 1455 1407 1406
f 1428 1529 1558
f 1476 1530 1551
f 1323 1465 1481
f 1556 1559 1529
f 1468 1560 1485
f 1524 1498 1474
f 1472 1505 1496
f 1458 1442 1367
f 1561 1562 1482
f 1507 1506 1541
f 1563 1496 1564
f 1362 1343 1420
f 1392 1565 1423
f 1463 1508 1414
f 1504 1566 1505
f 1567 1552 1398
f 1353 1475 1526
f 1552 1399 1398
f 1452 1476 1497
f 1410 1568 1459
f 1510 1264 1503
f 1529 1569 1558
f 1455 1570 1266
f 1533 1571 1550
f 1478 1572 1531
f 1458 1457 1516
f 1468 1467 1573
f 1470 1516 1547
f 1406 1408 1527
f 1313 1574 1410
f 1511 1575 1506
f 1493 1486 1434
f 1517 1576 1577
f 1544 1491 1500
f 1513 1574 1313
f 1562 1473 1482
f 1505 1566 1538
f 1385 1384 1563
f 1513 1578 1574
f 1504 1517 1579
f 1533 1477 1480
f 1367 1366 1548
f 1511 1509 1575
f 1570 1455 1555
f 1481 1580 1482
f 1405 1456 1428
f 1533 1540 1571
f 1195 744 743
f 1535 1465 1466
f 1525 1526 1475
f 1566 1504 1579
f 1581 1582 1539
f 1457 1583 1516
f 1398 1534 1567
f 1584 1542 1539
f 1506 1585 1541
f 1582 1584 1539
f 1520 1542 1554
f 1544 1545 1515
f 1513 1546 1578
f 1521 1541 1366
f 1478 1385 1572
f 1367 1586 1557
f 1579 1517 1577
f 1510 1587 1519
f 1588 1267 1570
f 1527 1568 1589
f 1496 1590 1564
f 1591 1592 1547
f 1563 1384 1496
f 1593 1375 1377
f 1527 1459 1568
f 1574 1594 1410
f 1586 1367 1549
f 1320 1595 1321
f 1596 1597 1465
f 1538 1566 1598
f 1437 1562 1556
f 1599 1547 1592
f 1474 1519 1600
f 1579 1598 1566
f 1524 1474 1600
f 1601 1350 1227
f 1533 1550 1477
f 1517 1558 1576
f 1428 1436 1529
f 1602 1457 1603
f 1267 1266 1570
f 1541 1604 1366
f 1385 1563 1572
f 1437 1473 1562
f 1531 1605 1518
f 1552 1466 1471
f 1528 1550 1530
f 1574 1578 1594
f 1149 1606 1226
f 1485 1220 1048
f 1506 1607 1585
f 1534 1526 1608
f 1524 1608 1526
f 1496 1609 1610
f 1611 1559 1556
f 1457 1557 1603
f 1509 1612 1575
f 1497 1551 1613
f 1356 1102 929
f 1598 1609 1538
f 1392 1547 1565
f 1531 1614 1605
f 1535 1596 1465
f 1195 1373 744
f 1540 1553 1571
f 1397 1220 1485
f 1529 1611 1615
f 1534 1616 1617
f 1557 1586 1603
f 1558 1618 1576
f 1532 1518 1605
f 1619 1587 1503
f 1523 1522 1546
f 1515 1553 1486
f 1584 1554 1542
f 1514 1492 1520
f 1545 1620 1515
f 1621 1584 1622
f 1376 1375 1623
f 1541 1585 1604
f 1624 1561 1625
f 1572 1563 1564
f 1551 1530 1626
f 1598 1579 1627
f 1516 1583 1591
f 1547 1599 1565
f 1626 1613 1551
f 1611 1556 1561
f 1536 1535 1466
f 1267 1431 1382
f 1406 1628 1555
f 1320 1497 1613
f 1351 1503 1081
f 1604 1585 1607
f 1506 1575 1607
f 1609 1598 1627
f 1602 1583 1457
f 1529 1615 1569
f 1577 1627 1579
f 1629 1373 1321
f 1530 1550 1630
f 1227 1226 1631
f 1567 1632 1536
f 1614 1633 1605
f 1632 1537 1536
f 1550 1571 1630
f 1591 1602 1634
f 1635 1626 1530
f 1636 1637 1463
f 1555 1628 1638
f 1510 1503 1587
f 1564 1639 1572
f 1406 1640 1628
f 1571 1553 1641
f 1642 1564 1590
f 1366 1604 1548
f 1195 1293 1373
f 1630 1635 1530
f 1496 1538 1609
f 1517 1428 1558
f 1589 1640 1527
f 1531 1572 1614
f 1613 1626 1643
f 1602 1603 1644
f 1373 1645 1646
f 1525 1524 1526
f 1481 1597 1580
f 1613 1643 1595
f 1612 1647 1607
f 1627 1648 1609
f 1602 1649 1634
f 1482 1650 1651
f 1624 1615 1611
f 1607 1652 1604
f 1591 1547 1516
f 1522 1653 1546
f 1619 1654 1655
f 1546 1656 1578
f 1571 1641 1630
f 1605 1633 1657
f 1529 1559 1611
f 1575 1612 1607
f 1606 1658 1226
f 1624 1611 1561
f 1580 1659 1650
f 1481 1465 1597
f 1535 1660 1596
f 1661 1641 1620
f 1572 1639 1614
f 1662 1603 1586
f 1653 1522 1623
f 1589 1663 1664
f 1569 1618 1558
f 1621 1622 1665
f 1545 1544 1500
f 1570 1555 1638
f 1548 1604 1652
f 1627 1577 1666
f 1565 1265 1423
f 1556 1562 1561
f 1626 1635 1667
f 1581 1539 1532
f 1668 1669 1657
f 1609 1648 1610
f 1639 1564 1642
f 1647 1612 1670
f 1667 1643 1626
f 1567 1534 1632
f 1468 1671 1560
f 1587 1672 1673
f 1587 1619 1674
f 1675 1569 1615
f 1675 1615 1624
f 1320 1613 1595
f 1519 1673 1600
f 1614 1668 1633
f 1568 1410 1594
f 1577 1676 1666
f 1634 1592 1591
f 1677 1568 1594
f 1678 1679 1680
f 1467 1373 1646
f 1642 1590 1681
f 1648 1627 1666
f 1678 1682 1679
f 1656 1683 1578
f 1675 1618 1569
f 1635 1630 1684
f 1522 1376 1623
f 1351 1619 1503
f 1656 1653 1685
f 1644 1603 1662
f 1589 1664 1686
f 1578 1677 1594
f 1687 1688 1689
f 1414 1273 1463
f 1684 1667 1635
f 1653 1656 1546
f 1591 1583 1602
f 1647 1670 1679
f 1614 1639 1668
f 1524 1690 1608
f 1584 1691 1622
f 1662 1692 1693
f 1552 1536 1466
f 1576 1618 1694
f 1624 1625 1675
f 1695 1590 1610
f 1660 1687 1659
f 1600 1690 1524
f 1696 1595 1643
f 1638 1697 1570
f 1677 1698 1568
f 1630 1699 1684
f 1674 1700 1672
f 1560 1671 1701
f 1676 1576 1694
f 1643 1667 1702
f 1703 1704 1656
f 1662 1586 1692
f 1705 1535 1537
f 1632 1534 1617
f 1597 1596 1659
f 1697 1588 1570
f 1577 1576 1676
f 1545 1543 1706
f 1592 1634 1707
f 1548 1652 1682
f 1702 1696 1643
f 1704 1683 1656
f 1485 1560 1377
f 1639 1642 1668
f 1667 1684 1702
f 1496 1610 1590
f 1652 1647 1679
f 1708 1709 1482
f 1640 1406 1527
f 1710 1711 1676
f 1602 1644 1649
f 1596 1660 1659
f 1698 1663 1568
f 1581 1532 1605
f 1592 1707 1599
f 1676 1694 1712
f 1653 1623 1685
f 1543 1554 1621
f 1509 1508 1612
f 1519 1587 1673
f 1508 1713 1670
f 1657 1581 1605
f 1693 1644 1662
f 1634 1649 1707
f 1714 1713 1508
f 1687 1689 1715
f 1711 1666 1676
f 1673 1716 1690
f 1707 1717 1718
f 1699 1719 1684
f 1719 1702 1684
f 1720 1537 1721
f 1722 1695 1610
f 1376 1485 1377
f 1642 1681 1668
f 1674 1619 1655
f 1552 1567 1536
f 1721 1537 1723
f 1703 1656 1685
f 1539 1495 1532
f 1696 1724 1595
f 1720 1705 1537
f 1595 1725 1321
f 1482 1651 1726
f 1373 1629 1645
f 1664 1727 1686
f 1630 1641 1699
f 1652 1607 1647
f 1651 1715 1728
f 1654 1619 1351
f 1534 1608 1616
f 1628 1729 1638
f 1730 1731 1732
f 1648 1666 1711
f 1580 1597 1659
f 1641 1661 1699
f 1733 1671 1573
f 1694 1625 1734
f 1644 1735 1649
f 1633 1668 1657
f 1735 1693 1736
f 1650 1482 1580
f 1663 1589 1568
f 1682 1737 1548
f 1549 1738 1739
f 1740 1706 1543
f 1640 1589 1686
f 1431 1741 1432
f 1720 1721 1688
f 1655 1654 1742
f 1582 1691 1584
f 1696 1743 1724
f 1692 1549 1739
f 1588 1431 1267
f 1707 1718 1599
f 1702 1719 1743
f 1508 1670 1612
f 1723 1632 1617
f 1600 1673 1690
f 1654 1351 1350
f 1690 1616 1608
f 1623 1744 1685
f 1683 1698 1677
f 1663 1698 1745
f 1746 1645 1629
f 1737 1682 1678
f 1729 1628 1747
f 1618 1675 1694
f 1705 1660 1535
f 1748 1749 1622
f 1683 1677 1578
f 1719 1699 1750
f 1709 1625 1561
f 1625 1694 1675
f 1710 1676 1712
f 1751 1752 1625
f 1682 1652 1679
f 1686 1727 1747
f 1587 1674 1672
f 1621 1554 1584
f 1467 1753 1573
f 1700 1674 1655
f 1599 1606 1565
f 1730 1732 1754
f 1595 1724 1725
f 1573 1671 1468
f 1710 1722 1711
f 1716 1673 1672
f 1651 1728 1755
f 1737 1549 1548
f 1616 1756 1617
f 1641 1553 1620
f 1686 1628 1640
f 1757 1601 1758
f 1670 1680 1679
f 1735 1736 1759
f 1593 1377 1760
f 1737 1738 1549
f 1719 1750 1743
f 1761 1668 1681
f 1645 1762 1763
f 1588 1754 1431
f 1735 1644 1693
f 1620 1545 1706
f 1751 1709 1708
f 1756 1764 1765
f 1628 1686 1747
f 1651 1755 1766
f 1377 1767 1760
f 1375 1768 1623
f 1750 1699 1769
f 1737 1770 1771
f 1703 1772 1704
f 1601 1227 1758
f 1467 1646 1753
f 1729 1773 1638
f 1754 1774 1431
f 1703 1744 1775
f 1699 1661 1769
f 1590 1776 1681
f 1593 1760 1777
f 1687 1705 1688
f 1683 1778 1698
f 1645 1746 1762
f 1668 1761 1669
f 1659 1687 1715
f 1696 1702 1743
f 1705 1720 1688
f 1581 1657 1748
f 1779 1780 1752
f 1781 1733 1573
f 1768 1744 1623
f 1772 1782 1778
f 1697 1638 1773
f 1778 1783 1745
f 1704 1772 1778
f 1784 1785 1786
f 1646 1763 1753
f 1787 1788 1789
f 1663 1745 1664
f 1722 1610 1711
f 1773 1729 1790
f 1747 1791 1790
f 1776 1761 1681
f 1709 1561 1482
f 1773 1790 1792
f 1750 1793 1743
f 1680 1670 1713
f 1738 1737 1771
f 1771 1770 1794
f 1321 1789 1629
f 1795 1735 1759
f 1796 1694 1734
f 1655 1742 1797
f 1694 1798 1712
f 1321 1725 1789
f 1730 1754 1588
f 1565 1149 1265
f 1665 1740 1621
f 1799 1800 1801
f 1750 1769 1793
f 1772 1703 1775
f 1735 1717 1649
f 1657 1802 1748
f 1751 1779 1752
f 1625 1803 1734
f 1669 1761 1804
f 1377 1560 1701
f 1683 1704 1778
f 1722 1710 1695
f 1671 1733 1701
f 1778 1805 1783
f 1672 1806 1716
f 1565 1606 1149
f 1751 1708 1779
f 1625 1807 1803
f 1808 1809 1689
f 1778 1745 1698
f 1770 1678 1680
f 1665 1622 1810
f 1787 1789 1725
f 1669 1802 1657
f 1690 1716 1616
f 1773 1792 1730
f 1646 1645 1763
f 1735 1795 1811
f 1377 1701 1767
f 1761 1812 1804
f 1813 1710 1712
f 1774 1741 1431
f 1726 1651 1766
f 1798 1694 1796
f 1794 1770 1814
f 1375 1593 1815
f 1789 1746 1629
f 1816 1807 1817
f 1745 1783 1664
f 1432 1463 1102
f 1709 1751 1625
f 1818 1819 1820
f 1810 1622 1749
f 1757 1742 1601
f 1759 1821 1822
f 1823 1733 1824
f 1793 1825 1743
f 1227 1631 1826
f 1737 1678 1770
f 1692 1736 1693
f 1729 1747 1790
f 1759 1736 1821
f 1735 1811 1717
f 1771 1827 1738
f 1828 1620 1706
f 1632 1723 1537
f 1756 1723 1617
f 1700 1829 1672
f 1716 1806 1616
f 1827 1830 1739
f 1782 1831 1832
f 1782 1832 1778
f 1616 1764 1756
f 1738 1827 1739
f 1746 1789 1788
f 1831 1833 1832
f 1710 1813 1695
f 1610 1648 1711
f 1815 1593 1777
f 1703 1685 1744
f 1813 1712 1798
f 1689 1688 1721
f 1781 1753 1834
f 1708 1835 1779
f 1770 1680 1814
f 1692 1821 1736
f 1717 1707 1649
f 1836 1831 1837
f 1758 1227 1826
f 1669 1804 1802
f 1740 1543 1621
f 1701 1838 1767
f 1746 1788 1839
f 1753 1781 1573
f 1761 1776 1812
f 1769 1840 1793
f 1650 1659 1715
f 1841 1776 1590
f 1588 1697 1773
f 1825 1840 1842
f 1815 1843 1768
f 1708 1726 1835
f 1781 1834 1844
f 1375 1815 1768
f 1767 1838 1845
f 1846 1811 1795
f 1637 1508 1463
f 1792 1791 1847
f 1740 1848 1706
f 1849 1728 1715
f 1744 1837 1775
f 1727 1783 1850
f 1730 1588 1773
f 1759 1846 1795
f 1840 1851 1842
f 1821 1692 1739
f 1620 1553 1515
f 1732 1774 1754
f 1742 1654 1601
f 1848 1828 1706
f 1700 1655 1829
f 1852 1771 1794
f 1708 1482 1726
f 1815 1777 1853
f 1749 1748 1802
f 1854 1661 1620
f 1855 1636 1432
f 1763 1834 1753
f 1856 1840 1769
f 1857 1672 1829
f 1827 1771 1852
f 1760 1858 1777
f 1794 1814 1859
f 1798 1860 1813
f 1856 1769 1661
f 1813 1861 1695
f 1862 1833 1863
f 1651 1650 1715
f 1781 1844 1824
f 1829 1655 1797
f 1839 1762 1746
f 1601 1654 1350
f 1805 1832 1833
f 1821 1864 1822
f 1865 1864 1739
f 1866 1867 1774
f 1680 1713 1814
f 1849 1715 1809
f 1732 1731 1868
f 1781 1824 1733
f 1869 1718 1717
f 1861 1841 1695
f 1870 1857 1829
f 1822 1871 1872
f 1815 1853 1843
f 1726 1766 1835
f 1724 1825 1873
f 1837 1831 1775
f 1701 1823 1838
f 1850 1783 1805
f 1854 1874 1875
f 1766 1876 1835
f 1755 1728 1876
f 1798 1796 1860
f 1877 1878 1879
f 1763 1762 1880
f 1782 1772 1775
f 1792 1847 1881
f 1882 1721 1723
f 1732 1868 1774
f 1734 1819 1796
f 1766 1755 1876
f 1724 1873 1725
f 1804 1812 1883
f 1689 1721 1882
f 1838 1823 1824
f 1880 1834 1763
f 1748 1691 1582
f 1760 1767 1858
f 1727 1664 1783
f 1806 1764 1616
f 1728 1849 1876
f 1731 1877 1868
f 1813 1860 1861
f 1884 1689 1885
f 1799 1801 1886
f 1733 1823 1701
f 1759 1872 1846
f 1759 1822 1872
f 1887 1756 1765
f 1797 1888 1870
f 1689 1809 1715
f 1841 1812 1776
f 1825 1724 1743
f 1889 1890 1816
f 1858 1767 1845
f 1637 1891 1892
f 1856 1851 1840
f 1893 1894 1779
f 1740 1665 1895
f 1762 1839 1896
f 1730 1792 1881
f 1819 1734 1897
f 1805 1898 1850
f 1846 1872 1899
f 1414 1509 1415
f 1782 1775 1831
f 1748 1582 1581
f 1900 1820 1816
f 1838 1901 1845
f 1896 1880 1762
f 1599 1718 1606
f 1809 1902 1903
f 1687 1660 1705
f 1794 1904 1852
f 1819 1818 1796
f 1787 1725 1873
f 1867 1741 1774
f 1812 1841 1905
f 1835 1906 1907
f 1908 1847 1791
f 1805 1778 1832
f 1747 1727 1791
f 1803 1807 1816
f 1796 1818 1860
f 1909 1844 1910
f 1911 1912 1835
f 1808 1689 1884
f 1432 1867 1913
f 1862 1898 1805
f 1768 1914 1915
f 1825 1916 1873
f 1857 1917 1806
f 1822 1864 1871
f 1845 1918 1858
f 1226 1658 1631
f 1872 1871 1899
f 1919 1911 1920
f 1843 1921 1914
f 1870 1829 1797
f 1911 1919 1912
f 1920 1911 1903
f 1839 1788 1922
f 1923 1919 1920
f 1849 1903 1876
f 1875 1856 1661
f 1911 1876 1903
f 1924 1925 1920
f 1757 1758 1826
f 1876 1911 1835
f 1857 1806 1672
f 1780 1894 1926
f 1777 1918 1927
f 1896 1922 1928
f 1692 1586 1549
f 1841 1929 1905
f 1924 1920 1903
f 1912 1906 1835
f 1924 1930 1931
f 1923 1920 1932
f 1828 1848 1933
f 1912 1919 1934
f 1764 1917 1935
f 1833 1831 1863
f 1768 1843 1914
f 1904 1936 1852
f 1714 1937 1814
f 1833 1862 1805
f 1938 1939 1940
f 1941 1807 1752
f 1896 1839 1922
f 1825 1793 1840
f 1942 1847 1908
f 1923 1943 1919
f 1944 1932 1920
f 1943 1934 1919
f 1944 1920 1925
f 1827 1852 1830
f 1861 1945 1929
f 1898 1908 1791
f 1695 1841 1590
f 1863 1831 1836
f 1946 1912 1934
f 1921 1947 1914
f 1895 1665 1810
f 1865 1739 1948
f 1903 1849 1809
f 1901 1838 1824
f 1788 1787 1949
f 1946 1906 1912
f 1871 1864 1950
f 1902 1809 1808
f 1820 1900 1951
f 1925 1924 1952
f 1636 1891 1637
f 1902 1924 1903
f 1887 1882 1756
f 1899 1871 1953
f 1954 1866 1868
f 1877 1731 1881
f 1934 1943 1955
f 1877 1881 1878
f 1825 1842 1956
f 1943 1923 1957
f 1851 1856 1958
f 1946 1959 1960
f 1902 1930 1924
f 1949 1922 1788
f 1857 1870 1917
f 1924 1931 1952
f 1843 1853 1921
f 1882 1885 1689
f 1356 1432 1102
f 1818 1961 1860
f 1752 1807 1625
f 1923 1932 1962
f 1742 1963 1797
f 1846 1869 1811
f 1861 1961 1945
f 1964 1946 1960
f 1925 1965 1944
f 1966 1967 1933
f 1935 1917 1968
f 1744 1768 1915
f 1959 1955 1969
f 1631 1799 1826
f 1958 1842 1851
f 1932 1944 1970
f 1896 1971 1910
f 1897 1816 1820
f 1955 1943 1972
f 1847 1973 1881
f 1909 1974 1975
f 1946 1955 1959
f 1844 1834 1910
f 1850 1898 1791
f 1787 1976 1949
f 1777 1858 1918
f 1962 1957 1923
f 1757 1977 1978
f 1744 1915 1837
f 1854 1875 1661
f 1979 1980 1981
f 1880 1896 1910
f 1901 1982 1983
f 1960 1984 1964
f 1907 1779 1835
f 1970 1962 1932
f 1731 1730 1881
f 1985 1986 1987
f 1988 1989 1865
f 1846 1899 1869
f 1845 1901 1983
f 1734 1803 1897
f 1941 1752 1780
f 1871 1950 1953
f 1834 1880 1910
f 1853 1777 1927
f 1952 1990 1965
f 1863 1836 1991
f 1854 1992 1874
f 1938 1859 1937
f 1877 1879 1993
f 1882 1723 1756
f 1739 1830 1948
f 1964 1907 1906
f 1965 1970 1944
f 1884 1885 1981
f 1994 1982 1824
f 1856 1995 1958
f 1868 1877 1993
f 1749 1996 1997
f 1936 1904 1940
f 1925 1952 1965
f 1918 1845 1998
f 1828 1854 1620
f 1982 1901 1824
f 1984 1907 1964
f 1930 1999 1931
f 1800 1799 1631
f 1952 1931 2000
f 1852 1936 1830
f 2001 2002 2003
f 1864 1821 1739
f 1870 1888 1968
f 1867 2004 1913
f 1907 1986 1893
f 1742 1978 1963
f 1961 1820 1951
f 1946 1934 1955
f 2005 2000 1931
f 1960 2006 1984
f 1787 1873 1976
f 1943 1957 1972
f 1980 1930 1902
f 1896 1928 1971
f 1927 1918 2007
f 1862 1863 1991
f 1957 2008 1972
f 1941 1780 1926
f 1983 1998 1845
f 1953 2009 1899
f 1883 1802 1804
f 1922 1949 2010
f 1870 1968 1917
f 1984 1987 1907
f 1957 1962 2008
f 2011 1895 1810
f 1987 1984 2006
f 2001 2003 1883
f 1946 1964 1906
f 1861 1860 1961
f 1960 2012 2006
f 1959 1969 2013
f 2014 1909 1910
f 1998 2007 1918
f 1881 1973 1878
f 1727 1850 1791
f 1909 1994 1844
f 1980 2015 1999
f 1828 1933 2016
f 1970 1965 2017
f 1792 1790 1791
f 1941 1817 1807
f 2010 1928 1922
f 1909 1975 1994
f 2018 1942 2019
f 2018 1973 1942
f 1915 1947 2020
f 1982 1994 2021
f 1985 1987 2022
f 1986 1907 1987
f 2023 2024 2003
f 1927 1921 1853
f 1987 2025 2022
f 1894 1780 1779
f 1819 1897 1820
f 2024 1996 1802
f 1999 2015 2026
f 1962 2027 2008
f 2005 1931 1999
f 1740 1895 1848
f 1764 1935 1765
f 1982 2028 1983
f 1873 1916 1976
f 1949 2029 2010
f 1816 1817 1889
f 1910 2030 2014
f 1991 2031 2032
f 2033 1765 2034
f 1978 2035 2036
f 2011 1810 2037
f 1945 1961 1951
f 2014 1974 1909
f 1954 1868 1993
f 1947 1921 2038
f 1950 2039 1953
f 2040 2017 1965
f 1902 1808 1884
f 1990 2040 1965
f 1883 2003 1802
f 1994 1824 1844
f 2009 2041 1869
f 1989 2042 1950
f 1874 2043 2044
f 1842 1995 2045
f 2007 2046 2038
f 1869 1717 1811
f 1817 1941 1926
f 1862 2047 1908
f 1975 2021 1994
f 1940 2048 1936
f 1915 1914 1947
f 1936 2048 1830
f 1971 2049 2050
f 1904 1794 1859
f 2005 1999 2051
f 2052 2037 1810
f 1971 1928 2049
f 1952 2000 1990
f 1862 1908 1898
f 1998 1983 2053
f 2021 2028 1982
f 1930 1980 1999
f 1985 2054 2055
f 2041 2056 2057
f 2012 2058 2006
f 1842 2059 1956
f 1865 1989 1864
f 1841 1861 1929
f 1867 1866 2004
f 1980 1902 1981
f 1955 1972 1969
f 1951 1929 1945
f 1825 1956 1916
f 2000 2060 2061
f 2007 1998 2053
f 2052 1749 1997
f 1907 1893 1779
f 2053 2062 2063
f 2038 2064 1947
f 2029 2065 2010
f 1972 2066 1969
f 1990 2000 2061
f 1999 2026 2051
f 1899 2009 1869
f 1985 1893 1986
f 1963 1888 1797
f 1828 2016 1854
f 1979 1981 2067
f 1226 1147 1149
f 1900 1816 1890
f 2031 1836 1837
f 2055 2068 2069
f 2033 2070 1887
f 1967 2071 2043
f 1892 1714 1508
f 1902 1884 1981
f 1927 2038 1921
f 1962 2017 2027
f 2064 2020 1947
f 2004 1954 2072
f 2062 2053 1983
f 1889 2073 2074
f 1960 1959 2012
f 2039 1950 2042
f 2013 2012 1959
f 1985 2022 2054
f 2024 1802 2003
f 2058 2025 2006
f 1910 1971 2030
f 2017 2075 2027
f 2076 2077 1862
f 2010 2049 1928
f 2070 1882 1887
f 1905 1900 2078
f 1974 2014 2079
f 1987 2006 2025
f 1980 1979 2015
f 2000 2005 2060
f 1942 1908 2047
f 2080 2046 2081
f 1972 2008 2066
f 1985 2055 1893
f 1916 2082 1976
f 2007 2083 2046
f 2016 1967 1992
f 1432 1741 1867
f 1962 1970 2017
f 2009 1953 2084
f 2040 1990 2085
f 2086 2036 2087
f 1866 1774 1868
f 1900 1890 2078
f 1939 1938 2088
f 2089 1991 2032
f 2090 1915 2020
f 2021 2091 2092
f 1933 1967 2016
f 1636 1463 1432
f 1897 1803 1816
f 2093 2031 1837
f 1992 1967 2043
f 2064 2038 2080
f 2028 2021 2092
f 1989 1950 1864
f 2030 1971 2050
f 2010 2065 2049
f 1742 1757 1978
f 1977 1799 1886
f 1961 1818 1820
f 2094 1935 1968
f 1916 1956 2082
f 2030 2079 2014
f 1938 1940 1904
f 2055 2095 2068
f 2040 2075 2017
f 2052 1810 1749
f 1938 1904 1859
f 2015 2096 2026
f 1892 2097 1714
f 1878 1973 2018
f 2055 2069 1893
f 1905 1929 1900
f 2090 1837 1915
f 2093 1837 2098
f 2034 2099 2100
f 2020 2064 2101
f 2004 1866 1954
f 2067 2102 1979
f 2103 2019 2104
f 1963 1978 2036
f 1993 2072 1954
f 2041 2057 1718
f 2070 1885 1882
f 2061 2085 1990
f 1889 1817 1926
f 2105 1894 1893
f 1842 2045 2059
f 2058 2106 2107
f 2025 2058 2107
f 2026 2108 2051
f 1890 2109 2078
f 2058 2012 2106
f 2025 2110 2022
f 1713 1714 1814
f 2011 2037 2111
f 2005 2051 2060
f 2012 2013 2112
f 2036 2035 2087
f 1917 1764 1806
f 2113 2015 1979
f 1748 1622 1691
f 2054 2110 2114
f 1953 2115 2084
f 2053 2063 2083
f 2090 2020 2116
f 2080 2101 2064
f 1894 2117 1926
f 1996 1749 1802
f 2016 1992 1854
f 2039 2042 2115
f 2001 1905 2078
f 2067 2118 2119
f 2120 2082 1956
f 2095 2121 2068
f 2069 2122 2123
f 2033 1887 1765
f 2073 1889 1926
f 2123 2122 2124
f 2046 2083 2081
f 2015 2113 2096
f 2051 2125 2060
f 2098 2090 2116
f 1837 2090 2098
f 1800 1631 2126
f 2049 2127 2050
f 1874 1992 2043
f 2107 2110 2025
f 1973 1847 1942
f 2101 2116 2020
f 2001 1883 1812
f 2110 2054 2022
f 1976 2128 2129
f 2001 1812 1905
f 2127 2065 2029
f 1888 1963 2036
f 1989 2130 2042
f 1879 2131 2072
f 2095 2054 2114
f 2091 1975 1974
f 2108 2125 2051
f 2132 2048 1940
f 2047 2104 2019
f 1991 1836 2031
f 2009 2084 2041
f 1939 2132 1940
f 1942 2047 2019
f 1969 2112 2013
f 2048 1948 1830
f 1890 1889 2074
f 2026 2096 2108
f 1929 1951 1900
f 2080 2038 2046
f 2089 2032 2133
f 2103 2104 2134
f 2135 2136 1913
f 2094 1968 1888
f 2040 2137 2075
f 1842 1958 1995
f 1891 2138 1892
f 1969 2066 2112
f 2055 2054 2095
f 1939 2088 2139
f 1995 1874 2044
f 2031 2093 2032
f 2069 2140 2105
f 2141 1966 1933
f 2076 1862 1991
f 2116 2142 2098
f 2049 2065 2127
f 2143 2115 2042
f 2138 2097 1892
f 2144 2113 2102
f 2113 2145 2096
f 1976 2082 2128
f 2096 2146 2108
f 2085 2061 2147
f 2069 2068 2122
f 1976 2029 1949
f 2093 2148 2149
f 2150 2151 2152
f 2135 2153 2136
f 1976 2129 2154
f 1967 1966 2155
f 2007 2053 2083
f 1953 2039 2115
f 2027 2156 2008
f 1631 1658 2157
f 2061 2060 2147
f 2021 1975 2091
f 2127 2029 2158
f 2029 2154 2158
f 2159 2160 2161
f 2121 2122 2068
f 2113 1979 2102
f 2162 2149 2148
f 1508 1637 1892
f 2163 1995 2164
f 2163 2045 1995
f 2042 2130 2143
f 2142 2116 2165
f 2040 2085 2137
f 1636 2166 2167
f 2093 2149 2032
f 1714 2168 1937
f 2028 2092 2062
f 2145 2146 2096
f 1991 2089 2076
f 2047 1862 2077
f 2060 2125 2169
f 1976 2154 2029
f 2086 1888 2036
f 2047 2170 2104
f 2171 2172 2173
f 2174 2035 1978
f 1927 2007 2038
f 2069 2123 2140
f 2048 2175 2176
f 2137 2147 2177
f 1977 1886 2174
f 2116 2101 2165
f 2059 2120 1956
f 1856 1875 1995
f 2178 2114 2179
f 2001 2078 2002
f 2076 2180 2077
f 2069 2105 1893
f 2086 2094 1888
f 2095 2114 2178
f 2144 2102 2181
f 2182 2138 2183
f 2120 2171 2128
f 2125 2108 2184
f 2018 1879 1878
f 2081 2165 2101
f 2120 2128 2082
f 2113 2144 2145
f 2121 2095 2178
f 2132 2139 2185
f 2086 2087 2186
f 2115 2143 2187
f 2132 2175 2048
f 2147 2060 2169
f 2132 1939 2139
f 2097 2161 1714
f 2130 1988 2150
f 2142 2188 2148
f 2099 2189 2100
f 1859 1814 1937
f 1977 1757 1826
f 2105 2140 2190
f 2135 2004 2072
f 2048 2176 1948
f 2130 1989 1988
f 2191 2135 2072
f 2122 2121 2192
f 2115 2193 2084
f 2102 2067 2194
f 2166 1636 1855
f 2108 2146 2184
f 2089 2195 2076
f 2180 2076 2195
f 2174 1978 1977
f 2143 2130 2196
f 1935 2034 1765
f 1995 2044 2164
f 1995 1875 1874
f 2077 2180 2170
f 2197 2123 2124
f 2123 2197 2140
f 1977 1826 1799
f 2154 2129 2198
f 2125 2184 2169
f 2041 2199 2056
f 2120 2059 2171
f 2050 2200 2201
f 2093 2142 2148
f 2202 2203 2204
f 1996 2024 2205
f 2081 2083 2063
f 2142 2165 2188
f 2178 2192 2121
f 2129 2128 2206
f 2146 2145 2207
f 2149 2208 2032
f 2094 2186 2099
f 2144 2209 2145
f 2102 2194 2181
f 1894 2105 2117
f 2195 2089 2133
f 2122 2210 2124
f 2195 2133 2211
f 2194 2067 2119
f 2027 2075 2156
f 2080 2081 2101
f 2154 2198 2158
f 1801 1800 2212
f 2018 2103 1879
f 2206 2198 2129
f 2153 2213 2214
f 2127 2200 2050
f 2215 1996 2205
f 2216 2087 2035
f 2204 2118 2067
f 2041 2193 2199
f 2002 2078 2109
f 2146 2217 2184
f 2197 2218 2140
f 1886 2219 2174
f 2094 2086 2186
f 2132 2185 2175
f 2196 2187 2143
f 2137 2085 2147
f 1997 1996 2215
f 1631 2157 2126
f 2220 2081 2063
f 2035 2174 2216
f 2196 2130 2150
f 1800 2126 2212
f 2171 2206 2128
f 2177 2221 2156
f 2139 2222 2185
f 2134 2104 2211
f 2032 2208 2223
f 2093 2098 2142
f 2224 2225 2176
f 2115 2187 2193
f 2161 2168 1714
f 2208 2149 2162
f 2194 2226 2181
f 2156 2066 2008
f 2175 2224 2176
f 1993 1879 2072
f 1913 2136 2227
f 1886 1801 2219
f 2209 2207 2145
f 2032 2223 2133
f 2117 2073 1926
f 2141 1933 1848
f 2124 2228 2197
f 2218 2197 2228
f 2144 2181 2209
f 2164 2044 2229
f 2087 2216 2230
f 2075 2137 2177
f 2192 2178 2231
f 2074 2232 1890
f 2162 2148 2233
f 2234 2194 2119
f 2223 2208 2162
f 2235 2131 2236
f 2122 2192 2210
f 2237 2238 2239
f 2188 2240 2233
f 2219 2241 2242
f 2028 2062 1983
f 2094 2099 1935
f 2169 2243 2177
f 2126 2157 2244
f 1938 1937 2088
f 2185 2245 2175
f 2246 2172 2163
f 2105 2190 2117
f 2218 2247 2140
f 2147 2169 2177
f 2133 2248 2249
f 2047 2077 2170
f 2250 2251 2246
f 2200 2252 2253
f 2181 2226 2254
f 2255 2193 2187
f 2256 2157 1658
f 2187 2196 2255
f 2257 2163 2164
f 2245 2224 2175
f 2148 2188 2233
f 2228 2258 2218
f 1879 2103 2131
f 2206 2171 2259
f 2059 2172 2171
f 2146 2207 2217
f 2235 2191 2072
f 2234 2226 2194
f 2260 2044 2043
f 2231 2179 2261
f 2162 2262 2223
f 2228 2124 2263
f 2133 2249 2211
f 2231 2210 2192
f 2264 2196 2265
f 2180 2195 2211
f 2252 2266 2253
f 2103 2018 2019
f 2133 2223 2248
f 2131 2235 2072
f 1937 2168 2088
f 2211 2170 2180
f 2103 2134 2131
f 2092 2063 2062
f 2267 2037 2052
f 2268 2171 2173
f 2207 2209 2269
f 2106 2110 2107
f 2260 2229 2044
f 2124 2270 2263
f 2241 2271 2242
f 2247 2190 2140
f 2272 2273 2181
f 2184 2217 2169
f 2245 2185 2222
f 2004 2135 1913
f 2075 2177 2156
f 1948 2176 1865
f 2199 2274 2056
f 2176 1988 1865
f 2250 2246 2275
f 2268 2259 2171
f 2134 2276 2131
f 2037 2267 2111
f 2258 2277 2278
f 2074 2073 2279
f 2226 2234 2254
f 2151 2280 2281
f 2181 2254 2282
f 2264 2255 2196
f 2239 2283 2284
f 2269 2217 2207
f 2285 2057 2056
f 2023 2109 2286
f 2223 2262 2248
f 2126 2244 2287
f 2288 2112 2156
f 2166 1786 2289
f 2153 2214 2290
f 2023 2002 2109
f 2291 2275 2292
f 2071 1967 2155
f 2245 2293 2224
f 2258 2263 2277
f 2294 2295 2296
f 2011 1848 1895
f 2139 2088 2296
f 2087 2230 2186
f 2117 2190 2297
f 2262 2162 2298
f 2066 2156 2112
f 2235 2213 2191
f 2212 2126 2287
f 2174 2219 2242
f 2045 2163 2172
f 1885 2070 1981
f 2153 2191 2213
f 2273 2269 2209
f 2237 2286 2238
f 2193 2255 2199
f 2070 2204 1981
f 2074 2279 2232
f 2159 2161 2097
f 2071 2260 2043
f 2267 2052 1997
f 2215 2267 1997
f 2299 2119 2300
f 2070 2033 2204
f 2162 2233 2298
f 2182 2159 2138
f 2251 2173 2172
f 2258 2247 2218
f 2201 2030 2050
f 2247 2301 2190
f 2245 2302 2293
f 2254 2234 2303
f 2264 2265 2304
f 2155 2305 2071
f 2257 2164 2306
f 2168 2160 2294
f 2248 2262 2298
f 2210 2261 2307
f 2267 2308 2111
f 2247 2309 2301
f 2011 2141 1848
f 2124 2307 2270
f 1786 2166 1855
f 2310 2308 2311
f 2222 2312 2302
f 2119 2118 2300
f 2248 2313 2249
f 2201 2091 2079
f 2310 2111 2308
f 2238 2232 2279
f 2255 2314 2199
f 2265 2150 2152
f 2023 2003 2002
f 2273 2209 2181
f 2200 2253 2315
f 2224 2293 2225
f 2316 2034 2100
f 2024 2317 2205
f 2268 2318 2252
f 1784 1786 1855
f 2159 2097 2138
f 2183 2138 1891
f 2319 2299 2300
f 2232 2109 1890
f 2249 2320 2211
f 2258 2228 2263
f 2234 2299 2303
f 2321 2322 2230
f 2111 2141 2011
f 2302 2312 2323
f 2324 2317 2286
f 2136 2290 2325
f 2157 2256 2244
f 2267 2326 2308
f 2023 2317 2024
f 2327 2215 2205
f 2260 2305 2328
f 2329 2330 2243
f 2059 2045 2172
f 2117 2331 2073
f 2173 2251 2332
f 2258 2278 2247
f 2299 2234 2119
f 2278 2309 2247
f 2313 2333 2334
f 2201 2079 2030
f 2057 1606 1718
f 2294 2160 2335
f 2124 2210 2307
f 2260 2328 2306
f 2313 2334 2336
f 2303 2282 2254
f 2164 2229 2306
f 2267 2215 2327
f 2269 2337 2217
f 2338 2216 2174
f 2153 2135 2191
f 2263 2270 2277
f 2242 2338 2174
f 2257 2246 2163
f 2339 2277 2270
f 2278 2340 2309
f 2104 2170 2211
f 2173 2318 2268
f 2249 2341 2320
f 2246 2257 2275
f 2219 2212 2241
f 2161 2160 2168
f 2333 2342 2343
f 2245 2222 2302
f 2106 2179 2114
f 2267 2327 2326
f 2225 2280 1988
f 2274 2199 2314
f 2198 2206 2259
f 2071 2305 2260
f 1966 2344 2345
f 2217 2243 2169
f 2136 2153 2290
f 2250 2275 2346
f 2117 2297 2331
f 2347 2201 2200
f 2276 2236 2131
f 2252 2259 2268
f 2255 2264 2314
f 2134 2211 2348
f 1432 1913 2227
f 2299 2349 2303
f 2196 2150 2265
f 2340 2278 2350
f 2251 2172 2246
f 2351 2352 2353
f 2354 2227 2136
f 2250 2332 2251
f 2311 2326 2355
f 2188 2165 2081
f 2277 2350 2278
f 2216 2338 2230
f 2279 2073 2239
f 2309 2356 2301
f 2293 2357 2225
f 2099 2034 1935
f 2338 2242 2321
f 2230 2189 2186
f 2311 2308 2326
f 2343 2240 2358
f 2041 2084 2193
f 2341 2313 2336
f 2302 2359 2357
f 2313 2248 2333
f 2151 2150 1988
f 2360 2214 2213
f 2361 2182 2183
f 2167 1891 1636
f 2362 2363 2166
f 2190 2301 2297
f 1966 2345 2155
f 2249 2313 2341
f 2282 2364 2272
f 2269 2273 2337
f 2159 2182 2365
f 2202 2204 2033
f 2316 2202 2033
f 2159 2335 2160
f 2222 2296 2312
f 2340 2366 2367
f 2310 2368 2141
f 2368 2310 2311
f 2155 2369 2305
f 2156 2370 2288
f 2270 2307 2371
f 2372 2373 2371
f 2271 2374 2321
f 2210 2231 2261
f 2244 2375 2376
f 2063 2092 2377
f 2173 2332 2318
f 2378 2289 1786
f 2327 2205 2379
f 2380 2291 2292
f 2319 2300 2381
f 2319 2349 2299
f 2316 2033 2034
f 2322 2189 2230
f 2212 2287 2241
f 2201 2347 2091
f 2309 2340 2356
f 1718 1869 2041
f 2350 2277 2339
f 2336 2382 2341
f 2332 2250 2383
f 2303 2349 2384
f 2111 2310 2141
f 2298 2342 2333
f 2057 2385 1606
f 2320 2382 2386
f 2323 2295 2387
f 2317 2023 2286
f 2219 1801 2212
f 2363 2167 2166
f 2388 2331 2297
f 2287 2376 2241
f 2276 2134 2348
f 2381 2118 2389
f 2242 2271 2321
f 2282 2303 2364
f 2240 2188 2390
f 2361 2365 2182
f 2264 2304 2314
f 2189 2099 2186
f 2204 2203 2118
f 2291 2346 2275
f 2281 2280 2391
f 2265 2152 2392
f 2368 2355 2393
f 2250 2346 2394
f 2332 2383 2318
f 2340 2350 2366
f 2288 2395 2396
f 2304 2397 2314
f 2339 2270 2371
f 2368 2398 2399
f 2248 2298 2333
f 2204 2067 1981
f 2357 2400 2225
f 2287 2244 2376
f 2231 2178 2179
f 2304 2265 2401
f 2159 2365 2335
f 2344 1966 2368
f 2394 2383 2250
f 2222 2139 2296
f 2350 2402 2366
f 2233 2342 2298
f 2403 2386 2404
f 2405 2256 1658
f 2406 2384 2349
f 2349 2319 2406
f 2368 2393 2398
f 2347 2200 2315
f 2236 2407 2360
f 2319 2408 2409
f 2236 2213 2235
f 2320 2341 2382
f 2382 2336 2410
f 2319 2411 2408
f 2381 2300 2118
f 2188 2081 2412
f 2280 2151 1988
f 2340 2367 2356
f 2413 2368 2399
f 2275 2257 2292
f 2346 2291 2414
f 2271 2415 2374
f 2321 2230 2338
f 2367 2416 2356
f 2155 2345 2369
f 2414 2394 2346
f 2334 2410 2336
f 2276 2348 2407
f 2345 2417 2369
f 2418 2405 2385
f 2331 2239 2073
f 2280 2400 2391
f 2419 2334 2333
f 2239 2331 2388
f 2348 2211 2320
f 2302 2357 2293
f 2326 2379 2355
f 2411 2381 2389
f 2415 2420 2374
f 2363 2421 2183
f 2347 2422 2091
f 2344 2423 2345
f 2388 2297 2424
f 2303 2384 2364
f 2386 2382 2425
f 2272 2181 2282
f 2426 2407 2427
f 2401 2397 2304
f 2428 2302 2323
f 2265 2392 2401
f 2286 2109 2238
f 2426 2360 2407
f 2366 2429 2367
f 2406 2319 2409
f 2410 2425 2382
f 2091 1974 2079
f 2081 2220 2412
f 2127 2158 2200
f 2368 1966 2141
f 2238 2109 2232
f 2306 2328 2430
f 2294 2088 2168
f 2416 2367 2429
f 2431 2419 2343
f 2380 2414 2291
f 2323 2387 2432
f 2413 2344 2368
f 2354 2136 2325
f 2383 2394 2433
f 2430 2434 2435
f 2384 2406 2436
f 2403 2348 2320
f 2342 2240 2343
f 2314 2437 2274
f 2369 2328 2305
f 2203 2389 2118
f 2357 2359 2400
f 2411 2438 2408
f 2302 2428 2359
f 2350 2339 2402
f 2394 2414 2433
f 2426 2214 2360
f 2345 2439 2417
f 2351 2322 2321
f 2283 2239 2388
f 2295 2312 2296
f 2301 2440 2441
f 2167 2363 2183
f 1784 1855 2227
f 2419 2333 2343
f 2410 2334 2419
f 2167 2183 1891
f 2405 2418 2256
f 2112 2288 2106
f 2280 2225 2400
f 2442 2365 2361
f 2189 2322 2100
f 2384 2436 2364
f 2205 2317 2379
f 2429 2443 2416
f 2444 2418 2385
f 2425 2404 2386
f 2229 2260 2306
f 2383 2445 2318
f 2414 2380 2446
f 2321 2374 2351
f 2271 2241 2415
f 2429 2366 2447
f 2436 2406 2409
f 2426 2448 2290
f 2344 2413 2423
f 2354 1784 2227
f 2436 2409 2449
f 2446 2433 2414
f 2425 2410 2450
f 2451 2256 2418
f 2365 2452 2335
f 2314 2397 2437
f 2453 2221 2177
f 2354 2325 2454
f 2091 2422 2455
f 2403 2320 2386
f 2106 2114 2110
f 2402 2447 2366
f 2401 2392 2456
f 2326 2327 2379
f 2428 2457 2359
f 2356 2416 2440
f 2416 2443 2440
f 2319 2381 2411
f 2458 2151 2281
f 2397 2401 2459
f 2240 2390 2460
f 2461 2324 2286
f 2200 2158 2252
f 2337 2272 2364
f 2325 2462 2454
f 2419 2450 2410
f 2359 2457 2400
f 2428 2432 2463
f 2012 2112 2106
f 2442 2452 2365
f 2295 2335 2464
f 2443 2465 2466
f 2459 2437 2397
f 2236 2360 2213
f 2467 2446 2380
f 2392 2152 2468
f 2469 2203 2470
f 2447 2465 2429
f 2404 2425 2471
f 2236 2276 2407
f 2432 2472 2463
f 2354 2454 1784
f 2443 2429 2465
f 2450 2471 2425
f 2385 2405 1606
f 2337 2273 2272
f 2473 2467 2380
f 2176 2225 1988
f 2389 2474 2411
f 2322 2353 2100
f 2475 2473 2292
f 2362 2166 2289
f 2423 2476 2477
f 2363 2478 2421
f 2470 2203 2202
f 2411 2474 2438
f 2443 2466 2440
f 2479 2347 2315
f 2480 2481 2364
f 2345 2423 2439
f 2337 2329 2243
f 2482 2483 2266
f 2433 2484 2445
f 2335 2485 2464
f 2377 2092 2455
f 2408 2438 2486
f 2408 2486 2409
f 2214 2426 2290
f 2487 2488 2427
f 2489 2490 2441
f 2446 2467 2484
f 2283 2388 2491
f 2385 2057 2492
f 2322 2351 2353
f 2404 2471 2493
f 2421 2361 2183
f 2403 2493 2494
f 2457 2428 2463
f 2335 2295 2294
f 2462 2495 2454
f 2496 2487 2497
f 2451 2375 2256
f 2441 2424 2301
f 2369 2417 2430
f 2498 2372 2371
f 2399 2398 2499
f 2457 2500 2391
f 2450 2419 2431
f 2456 2459 2401
f 2244 2256 2375
f 2465 2447 2501
f 2353 2352 2502
f 2453 2177 2243
f 2392 2468 2456
f 2439 2423 2477
f 2297 2301 2424
f 2437 2503 2274
f 2362 2289 2504
f 2363 2362 2478
f 2466 2505 2440
f 2506 2438 2474
f 2288 2179 2106
f 2467 2473 2507
f 2508 2378 1785
f 2347 2509 2422
f 2501 2510 2466
f 2484 2511 2445
f 2203 2469 2389
f 2471 2431 2512
f 2513 2475 2292
f 2431 2343 2514
f 2507 2484 2467
f 2515 2453 2243
f 2063 2377 2516
f 2323 2312 2295
f 2517 2486 2438
f 2233 2240 2342
f 2158 2198 2252
f 2428 2323 2432
f 2356 2440 2301
f 2438 2506 2517
f 1855 1432 2227
f 2505 2489 2440
f 2257 2306 2292
f 2457 2391 2400
f 2465 2501 2466
f 2417 2434 2430
f 2368 2311 2355
f 2473 2380 2292
f 2505 2518 2489
f 2519 2468 2458
f 2375 2415 2376
f 2471 2512 2493
f 2471 2450 2431
f 2505 2466 2510
f 2454 1785 1784
f 2487 2520 2497
f 2521 2442 2361
f 2522 2324 2523
f 2524 2507 2473
f 2486 2449 2409
f 2281 2391 2525
f 2421 2478 2521
f 2469 2526 2527
f 2455 2092 2091
f 2451 2418 2444
f 2528 2515 2243
f 2503 2529 2274
f 2530 2531 2352
f 2335 2452 2485
f 2532 2415 2375
f 2328 2369 2430
f 2379 2317 2324
f 2448 2325 2290
f 2329 2533 2330
f 2486 2534 2449
f 2475 2524 2473
f 2534 2517 2535
f 2486 2517 2534
f 2221 2453 2536
f 2516 2537 2063
f 2252 2318 2445
f 2538 2468 2519
f 2421 2521 2361
f 2532 2530 2415
f 2403 2404 2493
f 2469 2474 2389
f 2198 2259 2252
f 2539 2540 2355
f 2541 2508 1785
f 2347 2479 2509
f 2520 2403 2494
f 2510 2542 2505
f 2518 2505 2542
f 2458 2281 2525
f 2370 2543 2395
f 2511 2544 2445
f 2463 2545 2500
f 2469 2546 2526
f 2512 2547 2493
f 2454 2495 1785
f 2489 2518 2490
f 2544 2548 2549
f 2431 2514 2512
f 2362 2504 2478
f 2487 2427 2407
f 2517 2527 2535
f 2391 2500 2525
f 2550 2551 2522
f 2449 2552 2553
f 2540 2393 2355
f 2220 2063 2537
f 2415 2530 2420
f 2423 2499 2476
f 2288 2370 2395
f 2494 2493 2547
f 2217 2337 2243
f 2539 2355 2551
f 2423 2413 2499
f 2475 2554 2555
f 2534 2535 2556
f 2241 2376 2415
f 2440 2489 2441
f 2253 2557 2315
f 2524 2475 2558
f 2427 2448 2426
f 2468 2152 2458
f 2559 2377 2455
f 2516 2377 2560
f 2475 2513 2554
f 2495 2541 1785
f 2537 2516 2560
f 2542 2561 2518
f 2402 2339 2371
f 2562 2370 2221
f 2511 2484 2507
f 2500 2563 2525
f 2514 2564 2512
f 2542 2510 2565
f 2566 2567 2568
f 2220 2569 2412
f 2518 2561 2490
f 2570 2462 2448
f 2517 2506 2527
f 2571 2261 2572
f 2545 2573 2500
f 2456 2503 2459
f 2537 2574 2220
f 2575 2538 2519
f 2576 2432 2387
f 2455 2577 2559
f 2329 2578 2579
f 2100 2353 2316
f 2472 2545 2463
f 2580 2562 2221
f 2538 2456 2468
f 2377 2581 2560
f 2582 2583 2584
f 2434 2417 2439
f 2508 2585 2378
f 2547 2586 2494
f 2502 2587 2316
f 2547 2512 2564
f 2504 2588 2478
f 2371 2373 2402
f 2508 2589 2590
f 2521 2478 2588
f 2451 2444 2591
f 2520 2592 2497
f 2593 2594 2519
f 2510 2584 2565
f 2420 2530 2352
f 2555 2558 2475
f 2490 2595 2568
f 2560 2574 2537
f 2449 2534 2552
f 2378 1786 1785
f 2470 2596 2597
f 2261 2179 2572
f 2541 2495 2598
f 2599 2600 2601
f 2462 2598 2495
f 2238 2279 2239
f 2500 2573 2563
f 2393 2499 2398
f 2424 2567 2388
f 2353 2502 2316
f 2561 2542 2602
f 2472 2432 2576
f 2430 2435 2513
f 2561 2603 2490
f 2604 2479 2315
f 2605 2576 2387
f 2606 2482 2544
f 2507 2524 2558
f 2351 2420 2352
f 2372 2607 2373
f 2453 2608 2536
f 2574 2569 2220
f 2427 2570 2448
f 2413 2399 2499
f 2284 2609 2610
f 2535 2527 2611
f 2527 2506 2474
f 2422 2612 2577
f 2430 2292 2306
f 2570 2488 2613
f 2614 2615 2532
f 2616 2253 2266
f 2586 2592 2494
f 2565 2602 2542
f 2152 2151 2458
f 2586 2547 2617
f 2405 1658 1606
f 2324 2461 2523
f 2330 2528 2243
f 2477 2476 2434
f 2448 2462 2325
f 2240 2460 2358
f 2508 2590 2618
f 2619 2581 2559
f 2581 2620 2560
f 2593 2519 2458
f 2568 2441 2490
f 2370 2156 2221
f 2546 2469 2621
f 2547 2564 2617
f 2422 2509 2612
f 2388 2567 2491
f 2513 2622 2623
f 2558 2555 2624
f 2379 2551 2355
f 2480 2436 2449
f 2348 2403 2520
f 2603 2595 2490
f 2580 2221 2536
f 2625 2509 2479
f 2564 2514 2626
f 2456 2538 2503
f 2567 2441 2568
f 2266 2483 2627
f 2558 2511 2507
f 2574 2628 2569
f 2569 2629 2412
f 2603 2561 2630
f 2631 2593 2563
f 2632 2633 2503
f 2492 2057 2285
f 2527 2634 2611
f 2393 2635 2499
f 2539 2551 2636
f 2488 2570 2427
f 2288 2572 2179
f 2527 2526 2634
f 2457 2463 2500
f 2602 2630 2561
f 2370 2562 2637
f 2442 2485 2452
f 2545 2638 2573
f 2639 2496 2497
f 2526 2546 2634
f 2461 2286 2237
f 2377 2559 2581
f 2532 2640 2531
f 2585 2508 2618
f 2482 2266 2544
f 2625 2612 2509
f 2569 2641 2642
f 2266 2252 2445
f 2611 2556 2535
f 2574 2643 2628
f 2644 2476 2499
f 2434 2439 2477
f 2540 2539 2635
f 2562 2645 2637
f 2616 2266 2627
f 2284 2237 2239
f 2555 2554 2646
f 2545 2605 2638
f 2453 2515 2608
f 2592 2586 2647
f 2531 2530 2532
f 2437 2459 2503
f 2546 2648 2634
f 2614 2451 2591
f 2316 2596 2202
f 2520 2494 2592
f 2617 2647 2586
f 2646 2624 2555
f 2569 2642 2649
f 2602 2565 2650
f 2554 2513 2623
f 2536 2608 2580
f 2585 2289 2378
f 2515 2528 2651
f 2571 2498 2371
f 2480 2364 2436
f 2652 2653 2523
f 2654 2643 2620
f 2603 2630 2595
f 2351 2374 2420
f 2559 2577 2655
f 2534 2556 2552
f 2574 2620 2643
f 2629 2569 2649
f 2513 2656 2622
f 2528 2330 2651
f 2373 2584 2501
f 2487 2348 2520
f 2631 2563 2657
f 2544 2511 2658
f 2337 2364 2578
f 2637 2543 2370
f 2515 2651 2608
f 2630 2659 2660
f 2637 2661 2662
f 2581 2619 2663
f 2565 2584 2650
f 2664 2461 2237
f 2665 2550 2522
f 2666 2395 2543
f 2645 2661 2637
f 2623 2646 2554
f 2573 2667 2563
f 2577 2612 2655
f 2396 2395 2668
f 2295 2464 2387
f 2669 2670 2572
f 2538 2632 2503
f 2288 2396 2572
f 2455 2422 2577
f 2626 2671 2672
f 2575 2632 2538
f 2575 2519 2594
f 2673 2585 2618
f 2567 2424 2441
f 2614 2532 2451
f 2390 2629 2649
f 2630 2602 2659
f 2574 2560 2620
f 2562 2580 2645
f 2625 2479 2604
f 2674 2614 2591
f 2442 2521 2588
f 2284 2283 2491
f 2674 2675 2676
f 2624 2677 2658
f 2501 2584 2510
f 2647 2678 2592
f 2556 2679 2552
f 2680 2645 2580
f 2316 2587 2596
f 2637 2662 2543
f 2592 2678 2497
f 2522 2379 2324
f 2620 2581 2663
f 2681 2682 2683
f 2684 2488 2487
f 2685 2686 2687
f 2688 2689 2690
f 2662 2666 2543
f 2673 2504 2289
f 2685 2691 2686
f 2464 2692 2387
f 2691 2693 2686
f 2689 2685 2687
f 2689 2687 2690
f 2693 2694 2695
f 2599 2601 2588
f 2694 2696 2697
f 2619 2559 2655
f 2698 2604 2315
f 2666 2668 2395
f 2601 2442 2588
f 2686 2693 2699
f 2700 2701 2685
f 2695 2697 2702
f 2612 2703 2655
f 2704 2705 2706
f 2704 2707 2705
f 2647 2617 2672
f 2539 2636 2708
f 2687 2686 2709
f 2608 2680 2580
f 2702 2697 2707
f 2508 2541 2598
f 2668 2710 2396
f 2711 2712 2713
f 2700 2714 2701
f 2715 2713 2688
f 2445 2383 2433
f 2329 2337 2578
f 2654 2620 2663
f 2716 2691 2701
f 2717 2718 2719
f 2645 2720 2661
f 2330 2721 2651
f 2469 2527 2474
f 2630 2722 2595
f 2396 2669 2572
f 2688 2690 2715
f 2715 2690 2709
f 2720 2645 2723
f 2396 2710 2669
f 2696 2694 2716
f 2724 2695 2702
f 2717 2704 2706
f 2390 2412 2629
f 2723 2680 2725
f 2726 2727 2728
f 2690 2687 2709
f 2645 2680 2723
f 2718 2717 2706
f 2662 2720 2729
f 2651 2730 2608
f 2731 2732 2733
f 2732 2734 2733
f 2605 2735 2638
f 2733 2736 2737
f 2719 2738 2739
f 2740 2736 2733
f 2741 2712 2736
f 2715 2711 2713
f 2641 2628 2742
f 2743 2744 2706
f 2737 2731 2733
f 2744 2738 2719
f 2739 2655 2703
f 2745 2719 2746
f 2578 2747 2579
f 2741 2713 2712
f 2744 2718 2706
f 2741 2736 2740
f 2726 2728 2732
f 2663 2619 2738
f 2745 2748 2717
f 2390 2749 2460
f 2748 2704 2717
f 2734 2740 2733
f 2739 2738 2619
f 2654 2663 2738
f 2716 2701 2750
f 2745 2717 2719
f 2730 2725 2608
f 2253 2616 2557
f 2608 2725 2680
f 2654 2742 2643
f 2738 2742 2654
f 2736 2751 2737
f 2591 2444 2385
f 2716 2693 2691
f 2602 2650 2659
f 2666 2662 2729
f 2665 2522 2653
f 2604 2752 2625
f 2628 2643 2742
f 2728 2753 2732
f 2734 2732 2754
f 2686 2699 2755
f 2480 2449 2553
f 2739 2619 2655
f 2633 2756 2757
f 2481 2758 2578
f 2753 2728 2723
f 2662 2661 2720
f 2646 2623 2677
f 2742 2738 2743
f 2718 2744 2719
f 2728 2720 2723
f 2390 2759 2749
f 2760 2741 2740
f 2736 2712 2751
f 2677 2761 2658
f 2711 2715 2762
f 2763 2700 2688
f 2716 2750 2764
f 2701 2765 2750
f 2748 2707 2704
f 2695 2766 2699
f 2686 2767 2709
f 2485 2601 2464
f 2584 2583 2650
f 2694 2693 2716
f 2696 2707 2697
f 2379 2522 2551
f 2674 2591 2675
f 2595 2768 2568
f 2666 2729 2769
f 2732 2753 2754
f 2748 2745 2702
f 2492 2770 2385
f 2771 2754 2753
f 2772 2763 2713
f 2731 2726 2732
f 2649 2642 2759
f 2659 2773 2660
f 2748 2702 2707
f 2711 2762 2774
f 2634 2679 2611
f 2751 2712 2774
f 2719 2739 2746
f 2695 2694 2697
f 2612 2625 2703
f 2605 2387 2775
f 2776 2739 2703
f 2712 2711 2774
f 2556 2611 2679
f 2777 2729 2727
f 2741 2778 2772
f 2641 2743 2779
f 2701 2691 2685
f 2780 2698 2315
f 2593 2525 2563
f 2730 2771 2723
f 2598 2683 2589
f 2700 2685 2689
f 2774 2762 2781
f 2739 2776 2746
f 2636 2551 2550
f 2782 2783 2784
f 2614 2674 2615
f 2532 2615 2640
f 2785 2786 2787
f 2393 2540 2635
f 2508 2598 2589
f 2630 2660 2722
f 2774 2781 2788
f 2737 2789 2790
f 2791 2480 2553
f 2329 2792 2533
f 2668 2666 2769
f 2557 2780 2315
f 2442 2601 2485
f 2632 2575 2756
f 2569 2628 2641
f 2678 2647 2793
f 2529 2794 2274
f 2623 2622 2795
f 2787 2734 2754
f 2710 2668 2769
f 2727 2729 2720
f 2730 2721 2771
f 2725 2730 2723
f 2593 2458 2525
f 2575 2796 2797
f 2610 2664 2237
f 2390 2649 2759
f 2616 2627 2798
f 2499 2799 2644
f 2716 2800 2696
f 2641 2742 2743
f 2755 2801 2767
f 2738 2744 2743
f 2699 2766 2755
f 2625 2776 2703
f 2802 2803 2776
f 2513 2435 2656
f 2672 2793 2647
f 2626 2617 2564
f 2644 2434 2476
f 2722 2768 2595
f 2713 2741 2772
f 2728 2727 2720
f 2669 2710 2804
f 2746 2805 2745
f 2330 2533 2721
f 2806 2763 2772
f 2623 2795 2677
f 2787 2740 2734
f 2806 2772 2807
f 2808 2809 2810
f 2695 2724 2766
f 2784 2587 2502
f 2613 2462 2570
f 2604 2698 2752
f 2659 2650 2583
f 2760 2786 2811
f 2545 2472 2576
f 2696 2800 2812
f 2813 2814 2815
f 2741 2760 2778
f 2670 2669 2816
f 2670 2571 2572
f 2558 2624 2511
f 2571 2817 2498
f 2700 2818 2714
f 2660 2773 2722
f 2626 2672 2617
f 2808 2810 2743
f 2813 2729 2814
f 2533 2819 2721
f 2634 2648 2820
f 2769 2729 2813
f 2821 2801 2822
f 2693 2695 2699
f 2696 2812 2705
f 2769 2804 2710
f 2545 2576 2605
f 2698 2823 2752
f 2709 2767 2824
f 2825 2787 2754
f 2364 2481 2578
f 2698 2780 2823
f 2692 2464 2826
f 2634 2820 2679
f 2727 2726 2827
f 2621 2469 2470
f 2764 2828 2829
f 2546 2830 2648
f 2585 2673 2289
f 2624 2646 2677
f 2831 2821 2822
f 2631 2832 2593
f 2743 2706 2808
f 2613 2681 2462
f 2553 2833 2834
f 2390 2188 2412
f 2804 2835 2669
f 2607 2836 2373
f 2808 2705 2837
f 2575 2594 2796
f 2700 2689 2688
f 2812 2837 2705
f 2701 2714 2765
f 2729 2777 2814
f 2779 2743 2810
f 2784 2838 2587
f 2639 2678 2793
f 2709 2824 2762
f 2839 2789 2751
f 2840 2684 2487
f 2638 2667 2573
f 2675 2591 2385
f 2835 2816 2669
f 2696 2705 2707
f 2721 2841 2771
f 2284 2491 2609
f 2842 2795 2622
f 2843 2588 2504
f 2481 2480 2844
f 2837 2845 2846
f 2805 2847 2702
f 2760 2811 2807
f 2808 2706 2705
f 2848 2779 2810
f 2631 2657 2849
f 2771 2753 2723
f 2488 2684 2613
f 2673 2850 2851
f 2387 2852 2775
f 2754 2771 2853
f 2566 2568 2854
f 2792 2819 2533
f 2752 2776 2625
f 2633 2757 2529
f 2722 2855 2768
f 2786 2856 2811
f 2839 2751 2774
f 2653 2522 2523
f 2795 2857 2677
f 2858 2859 2847
f 2532 2375 2451
f 2571 2371 2261
f 2827 2726 2731
f 2780 2557 2860
f 2670 2861 2571
f 2773 2659 2862
f 2822 2863 2864
f 2778 2760 2807
f 2776 2803 2746
f 2752 2802 2776
f 2752 2823 2802
f 2622 2656 2842
f 2804 2769 2813
f 2670 2816 2861
f 2737 2790 2827
f 2722 2773 2855
f 2846 2808 2837
f 2601 2600 2464
f 2861 2817 2571
f 2801 2755 2822
f 2777 2865 2814
f 2329 2579 2792
f 2294 2296 2088
f 2583 2862 2659
f 2860 2823 2780
f 2866 2648 2830
f 2779 2642 2641
f 2805 2702 2745
f 2610 2609 2867
f 2766 2822 2755
f 2435 2868 2656
f 2557 2869 2860
f 2721 2819 2841
f 2847 2870 2702
f 2635 2539 2708
f 2837 2871 2845
f 2730 2651 2721
f 2872 2597 2873
f 2874 2754 2853
f 2761 2677 2857
f 2777 2727 2827
f 2844 2758 2481
f 2716 2829 2800
f 2835 2804 2815
f 2523 2875 2876
f 2777 2827 2877
f 2797 2756 2575
f 2870 2724 2702
f 2830 2878 2879
f 2827 2790 2877
f 2633 2632 2756
f 2679 2820 2833
f 2874 2853 2880
f 2881 2882 2343
f 2813 2815 2804
f 2845 2883 2846
f 2737 2827 2731
f 2825 2754 2874
f 2866 2820 2648
f 2683 2682 2884
f 2793 2672 2885
f 2765 2714 2886
f 2794 2887 2285
f 2713 2763 2688
f 2639 2497 2678
f 2888 2889 2890
f 2673 2851 2504
f 2771 2891 2853
f 2765 2764 2750
f 2642 2779 2759
f 2892 2828 2764
f 2853 2891 2880
f 2793 2893 2639
f 2802 2823 2890
f 2819 2792 2894
f 2832 2849 2895
f 2857 2842 2896
f 2624 2658 2511
f 2765 2886 2892
f 2897 2898 2899
f 2735 2900 2667
f 2894 2841 2819
f 2816 2835 2901
f 2803 2802 2890
f 2589 2902 2590
f 2768 2903 2568
f 2583 2582 2904
f 2905 2866 2830
f 2553 2552 2833
f 2778 2807 2772
f 2857 2795 2842
f 2358 2460 2906
f 2237 2284 2610
f 2815 2901 2835
f 2855 2907 2908
f 2671 2885 2672
f 2889 2805 2746
f 2840 2909 2910
f 2889 2746 2803
f 2892 2911 2828
f 2491 2912 2609
f 2557 2616 2869
f 2503 2633 2529
f 2884 2902 2589
f 2579 2913 2792
f 2914 2785 2825
f 2889 2888 2805
f 2915 2842 2656
f 2700 2763 2806
f 2667 2657 2563
f 2814 2865 2916
f 2673 2618 2850
f 2735 2605 2917
f 2667 2918 2657
f 2771 2919 2891
f 2615 2920 2640
f 2600 2826 2464
f 2644 2921 2434
f 2861 2922 2817
f 2862 2907 2773
f 2724 2870 2863
f 2923 2924 2925
f 2820 2866 2926
f 2692 2927 2928
f 2893 2793 2885
f 2869 2929 2890
f 2786 2760 2787
f 2766 2724 2863
f 2788 2839 2774
f 2862 2583 2904
f 2873 2587 2838
f 2823 2860 2890
f 2841 2894 2930
f 2618 2590 2850
f 2926 2833 2820
f 2639 2893 2496
f 2757 2931 2529
f 2801 2821 2824
f 2796 2594 2932
f 2430 2513 2292
f 2855 2773 2907
f 2644 2799 2898
f 2913 2894 2792
f 2578 2758 2747
f 2807 2811 2933
f 2700 2806 2818
f 2847 2859 2870
f 2749 2759 2848
f 2841 2930 2771
f 2917 2605 2775
f 2498 2817 2922
f 2861 2901 2922
f 2789 2737 2751
f 2865 2777 2877
f 2828 2911 2934
f 2785 2787 2825
f 2873 2596 2587
f 2848 2810 2935
f 2758 2936 2747
f 2842 2937 2896
f 2387 2692 2928
f 2919 2771 2930
f 2839 2938 2939
f 2761 2940 2658
f 2814 2901 2815
f 2837 2812 2871
f 2912 2941 2942
f 2692 2826 2927
f 2906 2943 2358
f 2715 2709 2762
f 2681 2683 2598
f 2716 2764 2829
f 2756 2797 2944
f 2756 2945 2757
f 2638 2735 2667
f 2373 2501 2447
f 2755 2767 2686
f 2860 2869 2890
f 2461 2664 2523
f 2891 2919 2946
f 2947 2871 2800
f 2890 2889 2803
f 2760 2740 2787
f 2758 2844 2936
f 2757 2945 2931
f 2812 2800 2871
f 2919 2930 2946
f 2579 2948 2913
f 2809 2846 2883
f 2768 2855 2903
f 2616 2798 2869
f 2546 2621 2830
f 2825 2874 2880
f 2747 2949 2948
f 2923 2925 2950
f 2785 2856 2786
f 2836 2951 2952
f 2832 2895 2953
f 2796 2954 2797
f 2859 2863 2870
f 2498 2955 2372
f 2848 2956 2749
f 2371 2307 2261
f 2822 2766 2863
f 2957 2947 2829
f 2885 2958 2893
f 2905 2926 2866
f 2885 2671 2959
f 2770 2675 2385
f 2907 2862 2904
f 2808 2846 2809
f 2597 2596 2873
f 2679 2833 2552
f 2921 2435 2434
f 2798 2960 2869
f 2961 2818 2933
f 2829 2828 2934
f 2840 2962 2684
f 2905 2830 2963
f 2767 2801 2824
f 2590 2902 2850
f 2818 2806 2933
f 2964 2843 2504
f 2891 2946 2965
f 2830 2879 2963
f 2358 2943 2343
f 2761 2896 2940
f 2966 2916 2967
f 2684 2681 2613
f 2266 2445 2544
f 2918 2968 2895
f 2798 2627 2969
f 2970 2890 2929
f 2954 2796 2932
f 2779 2848 2759
f 2627 2483 2969
f 2971 2972 2973
f 2920 2974 2782
f 2657 2918 2849
f 2682 2975 2884
f 2851 2850 2964
f 2901 2966 2922
f 2871 2976 2845
f 2871 2947 2976
f 2825 2880 2914
f 2805 2977 2847
f 2826 2599 2927
f 2911 2892 2924
f 2747 2948 2579
f 2978 2875 2867
f 2956 2848 2935
f 2483 2482 2979
f 2882 2514 2343
f 2930 2913 2946
f 2901 2814 2966
f 2969 2960 2798
f 2487 2407 2348
f 2797 2954 2944
f 2735 2917 2900
f 2285 2887 2980
f 2653 2981 2665
f 2957 2829 2934
f 2982 2788 2781
f 2958 2983 2893
f 2880 2891 2965
f 2912 2942 2609
f 2983 2909 2496
f 2588 2843 2984
f 2781 2762 2824
f 2956 2460 2749
f 2621 2470 2597
f 2681 2598 2462
f 2958 2885 2985
f 2947 2800 2829
f 2809 2883 2986
f 2499 2635 2799
f 2788 2938 2839
f 2904 2987 2907
f 2908 2907 2987
f 2986 2971 2809
f 2926 2988 2833
f 2989 2943 2906
f 2990 2492 2285
f 2991 2992 2993
f 2514 2882 2994
f 2756 2944 2945
f 2831 2822 2864
f 2855 2908 2903
f 2785 2914 2856
f 2995 2824 2821
f 2789 2877 2790
f 2969 2483 2979
f 2936 2949 2747
f 2943 2989 2996
f 2498 2922 2955
f 2944 2997 2945
f 2930 2894 2913
f 2914 2965 2998
f 2911 2923 2934
f 2999 2675 2770
f 2991 2957 2992
f 2888 3000 2977
f 2943 2881 2343
f 2956 2935 3001
f 2373 2447 2402
f 2961 2933 3002
f 2966 2955 2922
f 2433 2446 2484
f 2960 2929 2869
f 2881 2943 2996
f 2826 2600 2599
f 3003 2999 2770
f 2948 2949 3004
f 2372 3005 2607
f 2995 2821 2831
f 2913 2948 2946
f 2794 3006 3007
f 2553 3008 2791
f 2818 2886 2714
f 2789 2939 2877
f 2675 2999 2676
f 2915 2656 2868
f 2671 2626 2959
f 2914 2998 2856
f 2684 2682 2681
f 3001 2906 2460
f 2921 2868 2435
f 2944 2954 3009
f 2975 2682 2962
f 2653 2652 2981
f 3010 3011 2996
f 2850 3012 2964
f 2903 2854 2568
f 3013 2931 2945
f 2936 2844 3014
f 2610 2867 2664
f 2900 2917 3015
f 2937 2842 2915
f 2908 2987 3016
f 2599 2984 3017
f 2652 2523 2876
f 2582 3018 2904
f 2550 2708 2636
f 2849 2918 2895
f 2596 2470 2202
f 2988 2834 2833
f 2861 2816 2901
f 2960 2969 3019
f 2987 2904 3018
f 2832 2953 2932
f 2983 2958 3020
f 2966 2814 2916
f 2991 2976 2957
f 2970 2888 2890
f 2811 3021 2933
f 2818 2924 2886
f 2883 2845 2991
f 2985 3020 2958
f 2881 3011 2882
f 3001 2935 2973
f 2960 3022 2929
f 2955 3005 2372
f 2977 3000 3023
f 2946 3024 3025
f 2893 2983 2496
f 2916 2865 3026
f 2791 2844 2480
f 3027 2975 2962
f 3028 2854 3029
f 2991 3030 2883
f 2594 2832 2932
f 2998 3031 2856
f 2949 2936 3004
f 2948 3004 2946
f 2963 3032 2905
f 2928 3033 2852
f 2896 2937 3034
f 3035 3036 3037
f 2854 3028 2566
f 2939 2938 3038
f 3001 2973 2906
f 2996 3011 2881
f 2971 2935 2810
f 2615 2676 2920
f 2807 2933 2806
f 2791 3014 2844
f 3039 2966 2967
f 2965 2946 3025
f 2955 2966 3039
f 3040 3036 2921
f 2658 2940 2544
f 2553 3041 3008
f 3009 2997 2944
f 3035 2915 3036
f 2976 2947 2957
f 3003 2770 3042
f 2845 2976 2991
f 3012 2850 3043
f 2969 2979 3019
f 2676 3003 3044
f 2935 2971 2973
f 3018 2582 2952
f 2945 2997 3045
f 2665 2981 3046
f 3047 3029 2903
f 3048 2884 2975
f 3049 2872 2873
f 3050 3043 3051
f 3042 2770 2492
f 3020 3052 2983
f 2954 3053 3009
f 2811 3054 3021
f 2960 3019 3022
f 2914 2880 2965
f 3016 2987 3055
f 3035 2937 2915
f 2929 3022 2970
f 2482 3056 2979
f 2967 2916 3026
f 2902 3048 3043
f 3057 3058 2775
f 3018 3055 2987
f 3005 2955 3039
f 2902 2884 3048
f 3014 2791 3059
f 2915 2868 3036
f 2956 3001 2460
f 2879 3060 2963
f 3018 2952 3061
f 2921 2898 3062
f 2684 2962 2682
f 3063 2936 3014
f 2765 2892 2764
f 2900 2918 2667
f 3036 2868 2921
f 3020 2985 3064
f 2926 3032 2988
f 2794 2056 2274
f 3015 3065 2900
f 3066 2927 2599
f 2967 3026 3067
f 2936 3068 3004
f 2920 2676 3044
f 2851 2964 2504
f 3000 2888 2970
f 2791 3008 3059
f 3052 3069 2983
f 3010 2996 2989
f 2885 2959 2985
f 2938 2788 2982
f 2496 2909 2840
f 2983 3069 2909
f 3053 2954 2932
f 2838 3070 2873
f 2789 2839 2939
f 2621 2878 2830
f 2387 2928 2852
f 2640 2782 2784
f 2957 2934 2992
f 3071 2967 3067
f 3072 3073 3074
f 2971 3075 3076
f 2902 3043 2850
f 3039 3077 3005
f 2607 3077 3078
f 2832 2594 2593
f 2888 2977 2805
f 3021 3002 2933
f 2895 2968 2953
f 2979 3079 3019
f 3032 2963 3080
f 2994 3081 3082
f 3016 2903 2908
f 3035 3083 2937
f 2606 3056 2482
f 2937 3084 3034
f 2920 2782 2640
f 3085 2995 3086
f 3065 3087 2918
f 3055 3088 3016
f 3052 3020 3064
f 2970 3022 3089
f 2926 2905 3032
f 3018 3090 3055
f 2606 2544 2549
f 3091 2934 2923
f 3050 3012 3043
f 2923 2911 2924
f 3013 2945 3045
f 2676 2999 3003
f 2566 2912 2567
f 2854 2903 3029
f 2884 2589 2683
f 3014 3092 3063
f 3093 3094 3095
f 3094 3060 2879
f 2964 3096 2843
f 3036 3040 3097
f 2971 2810 2809
f 3009 3053 3098
f 3011 3010 2882
f 3039 2967 3077
f 2607 3005 3077
f 3080 2988 3032
f 2923 2950 3091
f 2859 2858 2863
f 3099 3100 3010
f 3066 2599 3017
f 2936 3063 3101
f 2936 3101 3068
f 2939 3102 2877
f 2491 2567 2912
f 3088 3047 3016
f 2989 2973 2972
f 3040 3103 3097
f 2971 3076 2972
f 2878 3094 2879
f 2496 2840 2487
f 3000 3089 3104
f 2609 2978 2867
f 3083 3035 3037
f 3105 3106 2864
f 2858 3107 2863
f 2963 3060 3093
f 3046 2708 2550
f 3091 2992 2934
f 2979 3056 3079
f 2621 2597 2878
f 2818 2925 2924
f 3108 3054 3031
f 3109 2990 2285
f 3030 2986 2883
f 3004 3068 2946
f 2900 3065 2918
f 2615 2674 2676
f 3016 3047 2903
f 3069 3110 3111
f 3028 2941 2912
f 3112 3113 3114
f 2920 3044 2974
f 3023 3104 3115
f 3065 3015 3116
f 3087 2968 2918
f 3093 3080 2963
f 2553 3117 3041
f 3040 2921 3062
f 3019 3079 3118
f 3014 3059 3092
f 3018 3119 3090
f 2927 3033 2928
f 3110 3120 3111
f 3121 2994 2882
f 2959 3122 3113
f 3088 3055 3090
f 3068 3024 2946
f 3123 2998 2965
f 2990 3042 2492
f 3050 3051 3124
f 2937 3083 3084
f 3125 3053 2932
f 3099 2972 3076
f 2640 2352 2531
f 3126 3027 3127
f 3128 3129 3130
f 2924 2892 2886
f 3054 2856 3031
f 2940 3131 2548
f 3010 3121 2882
f 3132 3002 3108
f 3129 2995 2831
f 2995 3085 2824
f 2985 3113 3064
f 2840 3027 2962
f 3133 3134 3135
f 2875 3136 2876
f 3092 3101 3063
f 3121 3100 3137
f 3036 3097 3037
f 3056 2606 3138
f 3023 3000 3104
f 2967 3071 3077
f 3077 3071 3078
f 2927 3066 3033
f 2514 2994 2626
f 2775 3139 3015
f 3034 3084 3140
f 2973 2989 2906
f 2832 2631 2849
f 3102 3133 3135
f 3093 3095 3141
f 3000 2970 3089
f 3059 3142 3143
f 3064 3113 3110
f 3056 3144 3079
f 2896 3034 2940
f 2997 3145 3045
f 3118 3022 3019
f 3047 3088 3146
f 3044 3147 2974
f 3148 3149 2925
f 3150 3151 3152
f 3121 3081 2994
f 2959 2626 3082
f 3110 3113 3112
f 3153 2834 2988
f 2997 3009 3145
f 3090 3146 3088
f 3025 3123 2965
f 3154 3107 3023
f 2811 2856 3054
f 3155 3031 3123
f 3126 3051 3043
f 3124 3156 3157
f 3109 2285 2980
f 2940 2548 2544
f 3083 3158 3159
f 3078 2836 2607
f 3059 3008 3142
f 3044 3003 3042
f 2548 3160 3161
f 3162 3027 2840
f 3101 3092 3024
f 2858 2977 3023
f 3163 3164 3165
f 3102 2865 2877
f 3166 3075 3167
f 3139 3150 3168
f 3046 2550 2665
f 2549 3138 2606
f 3069 2910 2909
f 3085 3086 2781
f 3169 3098 3125
f 3170 3171 3172
f 2818 2961 2925
f 3071 3173 3078
f 3080 3174 2988
f 3087 3168 3175
f 3168 3176 3175
f 3085 2781 2824
f 3029 3047 3177
f 2941 3028 3178
f 3069 3064 3110
f 2994 3082 2626
f 2597 2872 3179
f 3083 3097 3158
f 3143 3092 3059
f 3117 2834 3180
f 3096 3181 2984
f 3138 3182 3144
f 3099 3010 2989
f 3038 2982 3072
f 3099 2989 2972
f 3146 3183 3047
f 3184 2950 3149
f 3015 2917 2775
f 3078 3173 2836
f 2986 3030 3167
f 2991 2993 3030
f 2599 2588 2984
f 2782 2974 2783
f 2974 3147 3185
f 3166 3167 3186
f 3162 2840 2910
f 3093 3060 3094
f 2836 2584 2373
f 3081 3121 3137
f 3054 3108 3021
f 3084 3083 3159
f 3187 3094 2878
f 3139 3188 3150
f 3119 3018 3061
f 3174 3153 2988
f 3146 3090 3189
f 2942 2978 2609
f 2708 2799 2635
f 3183 3177 3047
f 2961 3190 2925
f 2898 2921 2644
f 3181 3191 2984
f 2834 3153 3180
f 3192 2652 2876
f 3050 3096 3012
f 3119 3193 3189
f 3072 2982 2781
f 3031 2998 3123
f 3075 2986 3167
f 3194 3044 3042
f 3090 3119 3189
f 3124 3157 3050
f 3173 3071 3195
f 3196 3145 3098
f 3009 3098 3145
f 3084 3197 3140
f 3195 3071 3067
f 3033 3198 3057
f 3068 3101 3024
f 3056 3138 3144
f 3123 3165 3199
f 3192 2876 3200
f 3008 3041 3142
f 3138 2549 3182
f 3038 2938 2982
f 3092 3143 3163
f 3045 3145 3201
f 3202 3203 3204
f 3117 2553 2834
f 3002 3190 2961
f 2794 2285 2056
f 3205 3030 2993
f 3206 3136 2875
f 3207 3106 3105
f 3208 3131 3209
f 3129 3128 2995
f 3118 3144 3089
f 2974 3185 2783
f 3069 3052 3064
f 3100 3099 3210
f 3069 3111 2910
f 3045 3006 3013
f 3187 3095 3094
f 3183 3146 3189
f 3148 2925 3190
f 2836 2952 2582
f 3211 3026 3135
f 3096 2964 3012
f 3082 3081 3212
f 3144 3118 3079
f 3213 3166 3186
f 3057 2775 2852
f 3107 3105 2864
f 3111 3214 2910
f 3173 3215 2836
f 3083 3037 3097
f 3187 2878 3179
f 2990 3216 3042
f 3098 3053 3125
f 3087 3116 3168
f 3041 3217 3142
f 2898 2799 2899
f 2640 2784 2502
f 3205 3167 3030
f 3159 3197 3084
f 3092 3163 3024
f 3173 3218 3215
f 2549 2548 3219
f 3195 3218 3173
f 2864 3106 2831
f 3195 3067 3220
f 3075 3166 3076
f 3200 3221 3222
f 3223 3224 3089
f 3214 3225 3226
f 3212 3081 3137
f 3227 2950 3184
f 2865 3135 3026
f 2977 2858 2847
f 3193 3119 3061
f 3228 3229 3149
f 3136 3200 2876
f 3156 3230 3231
f 3182 3219 3232
f 2836 3215 2951
f 3158 3097 3103
f 3050 3157 3096
f 3177 3183 3233
f 3203 2887 3007
f 3025 3165 3123
f 3210 3234 3137
f 3235 3207 3105
f 3195 3220 3218
f 3143 3142 3163
f 3108 3002 3021
f 3194 3147 3044
f 3041 3117 3217
f 3236 3141 3095
f 3099 3076 3210
f 2708 2899 2799
f 2783 3185 3237
f 3144 3182 3238
f 3182 2549 3219
f 3189 3233 3183
f 3196 3098 3169
f 3082 3212 3239
f 3029 3178 3028
f 3102 3038 3133
f 3211 3240 3220
f 3174 3241 3153
f 3196 3201 3145
f 3121 3010 3100
f 3067 3211 3220
f 3095 3187 3236
f 3040 3242 3103
f 3218 3243 3215
f 2523 2664 2867
f 3154 3023 3115
f 3169 3125 3244
f 3245 2897 2899
f 3216 3194 3042
f 3117 3246 3217
f 3219 2548 3161
f 3111 3120 3214
f 3190 3247 3148
f 3107 3154 3248
f 3249 3250 3251
f 2992 3252 2993
f 3142 3164 3163
f 3013 2794 2931
f 3080 3093 3141
f 3120 3110 3253
f 3215 3243 2951
f 2898 2897 3062
f 3254 3255 3125
f 3229 3256 3149
f 3106 3257 3129
f 3201 3258 3006
f 3233 3259 3177
f 3108 3031 3260
f 2865 3102 3135
f 3261 3126 3127
f 3106 3129 2831
f 3182 3232 3238
f 3253 3110 3112
f 3262 3263 2984
f 3107 2864 2863
f 3163 3165 3024
f 2968 3254 2953
f 3087 3065 3116
f 3177 3178 3029
f 3264 3265 3255
f 3147 3266 3185
f 3155 3123 3199
f 2968 3087 3175
f 3107 3235 3105
f 3038 3267 3133
f 2843 3096 2984
f 3040 3062 3242
f 3218 3268 3243
f 3134 3269 3270
f 3075 2971 2986
f 2783 3271 2784
f 3197 3272 3273
f 2953 3125 2932
f 3179 2872 3274
f 2838 2784 3271
f 3103 3275 3158
f 3158 3276 3159
f 3126 3043 3048
f 3141 3236 3277
f 3126 2975 3027
f 3233 3189 3278
f 3236 3279 3277
f 3168 3150 3280
f 3142 3217 3164
f 2640 2502 2352
f 3109 3281 3216
f 3282 3283 3062
f 3157 3181 3096
f 2950 2925 3149
f 3144 3238 3089
f 3224 3284 3104
f 3113 3122 3114
f 3106 3207 3257
f 3275 3103 3242
f 3140 3209 2940
f 3129 3257 3285
f 3212 3286 3239
f 3139 3116 3015
f 3080 3141 3174
f 3102 2939 3038
f 3260 3031 3155
f 3132 3287 3002
f 2878 2597 3179
f 3288 3287 3132
f 2836 2582 2584
f 3203 3007 3204
f 3201 3196 3289
f 3120 3290 3214
f 3253 3290 3120
f 3112 3114 3291
f 2992 3091 3227
f 2951 3243 3268
f 3264 3255 3254
f 3147 3194 3266
f 3235 3285 3257
f 3197 3159 3272
f 3259 3233 3292
f 3293 3175 3176
f 3045 3201 3006
f 3236 3294 3279
f 3169 3244 3295
f 3100 3210 3137
f 3161 3232 3219
f 3276 3158 3275
f 3263 3017 2984
f 3227 3184 3296
f 3297 3017 3263
f 3086 3072 2781
f 2978 3298 2875
f 3033 3057 2852
f 2548 3131 3160
f 3299 3300 3273
f 3210 3213 3234
f 2910 3226 3162
f 3220 3240 3301
f 3124 3051 3302
f 3233 3303 3292
f 3304 3181 3157
f 3199 3305 3306
f 3196 3169 3307
f 3074 3267 3038
f 2978 3308 3298
f 2990 3109 3216
f 3261 3302 3126
f 3179 3294 3187
f 3309 3240 3310
f 3117 3180 3246
f 3238 3232 3223
f 3107 3248 3235
f 3311 3312 3313
f 3304 3157 3156
f 3162 3127 3027
f 3164 3217 3314
f 2775 3058 3139
f 3089 3224 3104
f 3177 3259 3178
f 3140 2940 3034
f 3176 3168 3280
f 2980 3281 3109
f 3239 2959 3082
f 3244 3315 3295
f 3218 3220 3268
f 3278 3189 3193
f 3155 3199 3306
f 2761 2857 2896
f 3268 3316 2951
f 3248 3317 3311
f 3125 2953 3254
f 3318 3253 3112
f 2887 3319 3320
f 3321 3261 3127
f 3180 3153 3322
f 3174 3323 3241
f 3184 3256 3296
f 3107 2858 3023
f 3126 3048 2975
f 3266 3216 3324
f 3118 3089 3022
f 3180 3322 3246
f 3205 2993 3252
f 2984 3191 3325
f 3232 3326 3223
f 3271 3327 2838
f 2951 3316 2952
f 3286 3328 3239
f 3074 3038 3072
f 3242 3329 3275
f 3330 3209 3331
f 3131 3208 3160
f 3236 3187 3294
f 3176 3332 3293
f 3192 3046 2981
f 3186 3167 3333
f 3231 3230 3334
f 3292 3335 3259
f 3304 3156 3231
f 3307 3289 3196
f 3336 3294 3179
f 3074 3337 3338
f 3290 3225 3214
f 3329 3242 3339
f 3259 3335 3178
f 3233 3278 3303
f 3227 3091 2950
f 3266 3194 3216
f 3169 3295 3307
f 3290 3340 3341
f 2980 2887 3320
f 3275 3342 3276
f 3165 3025 3024
f 3137 3234 3343
f 3217 3246 3344
f 3345 3323 3346
f 3332 3176 3280
f 3201 3289 3258
f 3220 3347 3268
f 3137 3286 3212
f 3239 3122 2959
f 3304 3191 3181
f 3159 3276 3272
f 2652 3192 2981
f 2968 3175 3293
f 3217 3344 3314
f 3242 3283 3339
f 2910 3214 3226
f 3316 3268 3347
f 3348 3058 3057
f 3167 3205 3333
f 3185 3266 3324
f 3232 3161 3326
f 3347 3220 3301
f 3349 3128 3130
f 3328 3286 3343
f 3318 3350 3340
f 3139 3058 3351
f 3277 3279 3352
f 3161 3160 3326
f 3269 3353 3270
f 3115 3317 3154
f 3342 3275 3329
f 3246 3322 3344
f 3017 3033 3066
f 3336 3279 3294
f 3199 3354 3305
f 3248 3311 3235
f 3137 3343 3286
f 3249 3303 3278
f 3249 3193 3250
f 3269 3133 3267
f 2872 3171 3355
f 3017 3297 3033
f 3277 3174 3141
f 3314 3356 3165
f 3224 3357 3284
f 3192 3358 3046
f 3359 3351 3058
f 3360 3361 3362
f 3216 3363 3324
f 3342 3272 3276
f 3112 3291 3350
f 3316 3364 2952
f 3336 3179 3274
f 3209 3131 2940
f 3230 3124 3365
f 3349 3366 3128
f 3185 3324 3237
f 3262 2984 3325
f 3229 3367 3256
f 3290 3318 3340
f 3347 3364 3316
f 3280 3368 3332
f 3160 3208 3369
f 3223 3357 3224
f 3210 3076 3213
f 3197 3273 3140
f 3271 3370 3327
f 3335 3292 3371
f 3128 3372 3086
f 3348 3359 3058
f 3293 3254 2968
f 3134 3211 3135
f 3190 3287 3247
f 3072 3372 3073
f 3289 3373 3374
f 3343 3375 3328
f 3376 3108 3260
f 3377 3326 3160
f 3227 3378 3379
f 3380 3186 3333
f 3303 3381 3292
f 3122 3328 3375
f 3225 3382 3226
f 3245 2899 3383
f 3384 3352 3279
f 3289 3374 3258
f 3385 3344 3322
f 3317 3115 3312
f 3351 3188 3139
f 3376 3132 3108
f 3297 3263 3386
f 3339 3387 3388
f 3343 3389 3375
f 3344 3390 3314
f 3279 3336 3384
f 3190 3002 3287
f 3332 3368 3264
f 3249 3278 3193
f 3191 3304 3391
f 3392 3363 3281
f 3381 3371 3292
f 3369 3377 3160
f 3393 3280 3150
f 3329 3394 3342
f 3395 3396 3397
f 3364 3347 3301
f 3323 3174 3346
f 3156 3124 3230
f 3385 3322 3241
f 3136 3221 3200
f 3076 3166 3213
f 3330 3369 3208
f 3124 3302 3365
f 3231 3391 3304
f 3330 3331 3398
f 3399 3380 3333
f 3335 3400 3178
f 3290 3253 3318
f 3250 3401 3251
f 3402 2941 3178
f 3207 3235 3257
f 2992 3227 3252
f 3403 3404 3405
f 3150 3188 3151
f 3395 3397 3162
f 3368 3280 3393
f 3239 3328 3122
f 3394 3329 3339
f 3199 3165 3354
f 3344 3385 3390
f 3393 3150 3152
f 3162 3321 3127
f 3234 3389 3343
f 3314 3390 3356
f 3358 2899 2708
f 3326 3377 3406
f 3375 3407 3122
f 3171 3408 3172
f 3255 3265 3315
f 3326 3406 3223
f 3311 3409 3235
f 2985 2959 3113
f 3164 3314 3165
f 3389 3410 3375
f 3295 3411 3307
f 3389 3234 3412
f 3249 3413 3303
f 3414 3384 3336
f 3228 3415 3416
f 3062 3283 3242
f 3352 3346 3174
f 3353 3417 3270
f 3073 3337 3074
f 3341 3225 3290
f 3391 3418 3191
f 3272 3342 3419
f 3381 3303 3420
f 3363 3216 3281
f 3227 3296 3378
f 2887 3203 3319
f 3289 3307 3373
f 3301 3421 3364
f 3342 3394 3422
f 3341 3382 3225
f 3245 3423 2897
f 3368 3424 3264
f 3223 3089 3238
f 3407 3114 3122
f 2523 2867 2875
f 3338 3425 3426
f 3412 3234 3213
f 3191 3418 3325
f 3427 3428 3383
f 3377 3369 3406
f 3382 3429 3430
f 3431 3432 2952
f 3413 3420 3303
f 3417 3240 3211
f 3261 3433 3302
f 3188 3359 3151
f 3434 3390 3385
f 3260 3155 3306
f 2980 3320 3281
f 3379 3435 3252
f 3324 3436 3237
f 3437 3348 3057
f 3371 3381 3438
f 3439 3356 3390
f 3440 3331 3441
f 3384 3414 3442
f 3297 3386 3443
f 3407 3375 3410
f 3444 3387 3282
f 3247 3287 3445
f 3315 3265 3446
f 3409 3285 3235
f 3421 3431 3364
f 3369 3330 3398
f 3397 3321 3162
f 3297 3198 3033
f 3227 3379 3252
f 3128 3366 3372
f 3284 3115 3104
f 3422 3419 3342
f 3447 3448 3445
f 3415 3247 3445
f 3413 3249 3251
f 3051 3126 3302
f 3255 3315 3244
f 3449 3414 3336
f 3295 3315 3411
f 3046 3358 2708
f 3339 3450 3394
f 3365 3302 3433
f 3412 3451 3452
f 3341 3340 3453
f 3421 3301 3309
f 3139 3168 3116
f 2941 3402 3308
f 3368 3393 3424
f 3420 3438 3381
f 3322 3153 3241
f 3403 3454 3206
f 3390 3434 3439
f 3412 3380 3451
f 3369 3398 3406
f 3350 3453 3340
f 3336 3274 3449
f 3072 3086 3372
f 3349 3130 3455
f 3394 3450 3422
f 3408 3171 3049
f 3364 3431 2952
f 3188 3351 3359
f 3456 3223 3406
f 3223 3457 3458
f 3450 3339 3388
f 3067 3026 3211
f 3365 3433 3459
f 3264 3460 3265
f 3382 3430 3461
f 3354 3356 3439
f 3198 3437 3057
f 3007 3258 3374
f 3462 3463 3376
f 3386 3464 3443
f 3371 3400 3335
f 3273 3441 3209
f 3228 3416 3465
f 3466 3376 3260
f 3415 3448 3467
f 3307 3411 3373
f 3114 3407 3468
f 3209 3441 3331
f 3420 3413 3251
f 3240 3309 3301
f 3315 3469 3411
f 3411 3470 3373
f 3431 3421 3309
f 3412 3213 3186
f 3471 3410 3472
f 2794 2529 2931
f 3410 3468 3407
f 3473 3442 3414
f 3474 3475 3476
f 3466 3260 3306
f 3273 3209 3140
f 2897 3423 3062
f 3477 3478 3333
f 3339 3283 3387
f 3363 3436 3324
f 3440 3441 3479
f 3284 3480 3115
f 3392 3481 3436
f 3334 3230 3482
f 3417 3353 3483
f 3414 3449 3473
f 3484 3485 3130
f 3398 3456 3406
f 3370 3271 3237
f 3372 3366 3073
f 3439 3434 3486
f 3309 3310 3487
f 3206 3221 3136
f 3425 3337 3488
f 3383 2899 3489
f 3007 3006 3258
f 3490 3305 3354
f 3374 3373 3491
f 3251 3401 3492
f 3469 3315 3446
f 3241 3434 3385
f 3338 3267 3074
f 3493 3494 3306
f 3409 3495 3484
f 3496 3231 3334
f 3412 3186 3380
f 3497 3284 3458
f 3403 2875 3404
f 3352 3384 3442
f 3450 3498 3422
f 3499 3256 3367
f 3466 3462 3376
f 3434 3500 3486
f 3501 3263 3262
f 2995 3128 3086
f 3228 3148 3247
f 3129 3285 3130
f 3240 3417 3502
f 3503 3334 3482
f 3293 3264 3254
f 3504 3200 3222
f 3251 3505 3420
f 3415 3467 3416
f 3438 3420 3506
f 3374 3491 3007
f 3049 2873 3070
f 3318 3112 3350
f 3432 3431 3507
f 3321 3508 3459
f 3395 3162 3226
f 3468 3509 3114
f 3309 3507 3431
f 3419 3422 3510
f 3463 3288 3376
f 2899 3358 3489
f 3411 3469 3470
f 3462 3511 3463
f 3410 3389 3472
f 3504 3512 3192
f 3061 2952 3432
f 3264 3424 3460
f 3513 3408 3049
f 3363 3392 3436
f 3442 3473 3514
f 3371 3438 3400
f 3400 3402 3178
f 3435 3477 3252
f 3400 3515 3516
f 3468 3410 3471
f 3517 3456 3398
f 3505 3506 3420
f 3251 3492 3505
f 3453 3350 3518
f 3488 3337 3073
f 3398 3331 3517
f 3273 3300 3519
f 3256 3184 3149
f 3382 3453 3429
f 3520 3425 3488
f 3130 3285 3484
f 3152 3521 3393
f 3355 3449 3274
f 3507 3309 3487
f 3114 3509 3291
f 3522 3473 3449
f 3198 3297 3443
f 3358 3192 3512
f 3498 3510 3422
f 3373 3470 3523
f 3462 3466 3524
f 3277 3352 3174
f 3271 2783 3237
f 3496 3391 3231
f 3498 3450 3388
f 3241 3323 3500
f 3241 3500 3434
f 3425 3525 3426
f 3357 3223 3458
f 2887 2794 3007
f 3526 3527 3528
f 3130 3485 3455
f 3373 3523 3491
f 3221 3206 3454
f 3206 2875 3403
f 3438 3506 3529
f 3461 3226 3382
f 3507 3530 3432
f 3531 3469 3446
f 3359 3532 3151
f 3330 3208 3209
f 3533 3349 3455
f 3425 3338 3337
f 3134 3270 3211
f 3534 3535 3536
f 3480 3312 3115
f 2978 2941 3308
f 3472 3412 3452
f 3516 3534 3402
f 3400 3516 3402
f 2566 3028 2912
f 3400 3529 3515
f 3537 3538 3521
f 3476 3475 3539
f 3540 3541 3250
f 3359 3348 3542
f 3509 3468 3471
f 3470 3469 3543
f 3518 3429 3453
f 3417 3211 3270
f 3349 3533 3366
f 3284 3357 3458
f 3288 3132 3376
f 3457 3544 3458
f 3321 3459 3433
f 3501 3545 3546
f 3472 3389 3412
f 3547 3514 3473
f 3327 3070 2838
f 3473 3522 3547
f 3440 3517 3331
f 3151 3548 3152
f 3382 3341 3453
f 3293 3332 3264
f 3449 3355 3522
f 3549 3404 2875
f 3437 3198 3443
f 3285 3409 3484
f 3228 3247 3415
f 3311 3317 3312
f 3491 3204 3007
f 3255 3244 3125
f 3436 3370 3237
f 3506 3505 3492
f 3387 3550 3388
f 3500 3323 3551
f 3491 3552 3204
f 3070 3327 3049
f 3334 3503 3496
f 3532 3548 3151
f 3553 3325 3418
f 3388 3554 3498
f 3441 3519 3479
f 3221 3454 3222
f 3477 3435 3555
f 3524 3466 3306
f 3501 3262 3545
f 3556 3488 3073
f 3557 3558 3325
f 3530 3507 3487
f 3489 3358 3512
f 3240 3502 3310
f 3311 3559 3409
f 3228 3149 3148
f 3345 3346 3560
f 3550 3387 3444
f 3509 3561 3291
f 3543 3523 3470
f 3521 3538 3562
f 3310 3502 3563
f 3359 3542 3532
f 3288 3445 3287
f 3471 3564 3509
f 3513 3049 3327
f 3506 3565 3529
f 3501 3386 3263
f 3477 3205 3252
f 3352 3442 3346
f 3517 3457 3456
f 3469 3531 3543
f 3566 3564 3471
f 3540 3432 3530
f 3482 3459 3508
f 3323 3345 3551
f 3425 3567 3525
f 3510 3498 3568
f 3493 3305 3490
f 3298 3549 2875
f 3523 3569 3491
f 3461 3395 3226
f 3570 3566 3471
f 3571 3547 3522
f 3282 3423 3428
f 3572 3511 3462
f 3548 3526 3528
f 3321 3433 3261
f 3554 3388 3550
f 3492 3573 3506
f 3574 3522 3355
f 3423 3282 3062
f 3477 3333 3205
f 3575 3545 3262
f 3514 3576 3577
f 3134 3133 3269
f 2794 3013 3006
f 3578 3392 3320
f 3403 3579 3580
f 3503 3482 3581
f 3299 3568 3582
f 3327 3370 3583
f 3152 3537 3521
f 3584 3430 3429
f 3496 3418 3391
f 3524 3572 3462
f 3585 3531 3446
f 3392 3281 3320
f 3250 3586 3401
f 3554 3568 3498
f 3501 3546 3464
f 3487 3587 3530
f 3522 3574 3571
f 3506 3573 3565
f 3509 3564 3561
f 3588 3589 3327
f 3430 3590 3461
f 3269 3426 3353
f 3486 3354 3439
f 3499 3296 3256
f 3441 3273 3519
f 3319 3578 3320
f 3429 3518 3360
f 3367 3591 3499
f 3592 3440 3479
f 3593 3486 3500
f 3228 3465 3594
f 3354 3165 3356
f 3454 3580 3222
f 3595 3586 3596
f 3517 3597 3457
f 3529 3598 3515
f 3403 3580 3454
f 3501 3464 3386
f 3599 3560 3577
f 3223 3456 3457
f 3547 3571 3576
f 3424 3521 3460
f 3493 3306 3305
f 3540 3600 3541
f 3467 3601 3602
f 3603 3497 3458
f 3562 3604 3605
f 3548 3532 3606
f 3397 3607 3321
f 3608 3299 3582
f 3573 3492 3609
f 3379 3610 3555
f 3611 3553 3503
f 3455 3612 3533
f 3499 3378 3296
f 3613 3396 3395
f 3523 3543 3569
f 3267 3338 3269
f 3540 3587 3600
f 3559 3311 3313
f 3350 3291 3361
f 3401 3609 3492
f 3367 3614 3591
f 3521 3424 3393
f 3430 3584 3590
f 3517 3440 3592
f 3553 3496 3503
f 3481 3615 3436
f 3401 3586 3595
f 3360 3584 3429
f 3616 3617 3618
f 3564 3566 3619
f 3554 3582 3568
f 3620 3607 3397
f 3380 3399 3451
f 3170 3574 3355
f 3542 3476 3621
f 3622 3571 3574
f 3616 3533 3612
f 3592 3623 3597
f 3387 3283 3282
f 3310 3624 3487
f 3585 3625 3626
f 3593 3627 3628
f 3587 3487 3624
f 3560 3346 3577
f 3542 3621 3532
f 3545 3558 3629
f 3630 3481 3578
f 3620 3397 3396
f 3543 3531 3631
f 3558 3575 3325
f 3565 3573 3632
f 3554 3633 3582
f 3511 3572 3634
f 3486 3593 3354
f 3635 3583 3370
f 3636 3576 3571
f 3609 3637 3573
f 3203 3638 3319
f 3538 3537 3528
f 2872 3355 3274
f 3553 3418 3496
f 3613 3395 3461
f 3436 3615 3635
f 3561 3564 3619
f 3562 3605 3460
f 3551 3639 3640
f 3545 3629 3546
f 3571 3622 3636
f 3457 3597 3544
f 3609 3401 3595
f 3605 3446 3460
f 3529 3565 3598
f 3641 3607 3620
f 3438 3529 3400
f 3485 3484 3617
f 3637 3632 3573
f 3229 3228 3594
f 3621 3642 3606
f 3553 3557 3325
f 3606 3526 3548
f 3353 3426 3483
f 3566 3643 3619
f 3593 3490 3354
f 3428 3245 3383
f 3574 3170 3622
f 3644 3399 3333
f 3613 3645 3646
f 3497 3480 3284
f 3647 3613 3461
f 3545 3575 3558
f 3570 3472 3452
f 3446 3265 3460
f 3551 3345 3639
f 3504 3192 3200
f 3442 3514 3346
f 3521 3562 3460
f 2978 2942 2941
f 3321 3607 3508
f 3543 3648 3569
f 3517 3592 3597
f 3611 3503 3649
f 3650 3590 3584
f 3538 3651 3562
f 3630 3578 3638
f 3551 3593 3500
f 3632 3598 3565
f 3530 3587 3540
f 3592 3479 3623
f 3652 3495 3559
f 3653 3310 3563
f 3419 3299 3273
f 3605 3654 3446
f 3365 3459 3482
f 3624 3600 3587
f 3637 3609 3595
f 3567 3520 3655
f 3531 3585 3631
f 3489 3656 3657
f 3658 3403 3405
f 3540 3061 3432
f 3620 3396 3641
f 3659 3651 3660
f 3576 3661 3577
f 3569 3552 3491
f 3611 3557 3553
f 3489 3657 3383
f 3662 3663 3483
f 3548 3528 3537
f 3624 3310 3653
f 3557 3664 3558
f 3554 3550 3633
f 3619 3665 3561
f 3319 3638 3578
f 3590 3650 3647
f 3616 3618 3666
f 3570 3471 3472
f 3667 3636 3622
f 3668 3475 3474
f 3584 3360 3669
f 3272 3419 3273
f 3586 3250 3670
f 3671 3669 3362
f 3417 3483 3502
f 3548 3537 3152
f 3640 3672 3673
f 3562 3651 3604
f 2872 3049 3171
f 3346 3514 3577
f 3230 3365 3482
f 3633 3444 3674
f 3632 3637 3675
f 3437 3443 3474
f 3425 3520 3567
f 3676 3622 3170
f 3479 3519 3677
f 3299 3510 3568
f 3203 3678 3638
f 3635 3679 3583
f 3170 3680 3676
f 3641 3681 3682
f 3551 3640 3593
f 3589 3513 3327
f 3669 3650 3584
f 3419 3510 3299
f 3436 3635 3370
f 3595 3675 3637
f 3677 3623 3479
f 3621 3606 3532
f 3588 3327 3583
f 3645 3613 3647
f 3361 3518 3350
f 3550 3444 3633
f 3616 3366 3533
f 3621 3476 3683
f 3345 3560 3639
f 3680 3170 3172
f 3600 3624 3653
f 3636 3667 3661
f 3598 3632 3684
f 3661 3685 3577
f 3658 3686 3687
f 3667 3688 3689
f 3497 3690 3313
f 3580 3691 3222
f 3556 3366 3616
f 3649 3581 3692
f 3693 3694 3695
f 3629 3696 3546
f 3543 3631 3648
f 3688 3697 3689
f 3649 3503 3581
f 3631 3698 3648
f 3699 3300 3700
f 3536 3535 3701
f 3702 3597 3623
f 3515 3534 3516
f 3643 3703 3704
f 3651 3538 3660
f 3515 3598 3705
f 3675 3684 3632
f 3644 3333 3478
f 3546 3474 3464
f 3706 3707 3677
f 3481 3392 3578
f 3665 3619 3643
f 3708 3447 3511
f 3709 3710 3512
f 3585 3446 3654
f 3711 3642 3621
f 3204 3552 3712
f 3610 3379 3378
f 3713 3647 3650
f 3559 3495 3409
f 3527 3660 3528
f 3493 3714 3715
f 3367 3229 3594
f 3383 3657 3427
f 3603 3458 3544
f 3494 3715 3572
f 3248 3154 3317
f 3694 3527 3695
f 3569 3648 3552
f 3716 3599 3577
f 3623 3677 3702
f 3613 3717 3396
f 3718 3556 3616
f 3676 3680 3688
f 3675 3595 3596
f 3557 3719 3720
f 3338 3426 3269
f 3557 3720 3664
f 3627 3640 3673
f 3641 3396 3681
f 3684 3721 3598
f 3635 3615 3679
f 3428 3722 3282
f 3631 3723 3698
f 3447 3445 3288
f 3601 3448 3447
f 3599 3639 3560
f 3653 3724 3600
f 3408 3513 3725
f 3647 3713 3645
f 3648 3726 3552
f 3649 3727 3611
f 3607 3641 3508
f 3534 3515 3705
f 3721 3705 3598
f 3650 3669 3713
f 3689 3661 3667
f 3664 3728 3629
f 3665 3361 3561
f 3633 3729 3582
f 3527 3694 3660
f 3474 3348 3437
f 3667 3676 3688
f 3514 3547 3576
f 3659 3660 3730
f 3643 3731 3703
f 3428 3423 3245
f 3732 3298 3308
f 3733 3563 3502
f 3734 3735 3736
f 3627 3593 3640
f 3361 3704 3737
f 3170 3355 3171
f 3612 3455 3485
f 3597 3702 3738
f 3640 3639 3672
f 3630 3638 3678
f 3559 3739 3740
f 3684 3675 3596
f 3325 3575 3262
f 3555 3741 3478
f 3696 3668 3474
f 3742 3444 3282
f 3685 3735 3577
f 3579 3743 3691
f 3525 3744 3745
f 3727 3649 3692
f 3680 3172 3746
f 3361 3360 3518
f 3581 3747 3692
f 3724 3653 3563
f 3660 3694 3730
f 3579 3658 3743
f 3594 3465 3614
f 3690 3748 3739
f 3474 3476 3542
f 3696 3629 3749
f 3707 3702 3677
f 3465 3750 3614
f 3662 3483 3426
f 3648 3698 3751
f 3752 3416 3467
f 3729 3633 3674
f 3590 3647 3461
f 3751 3726 3648
f 3582 3729 3608
f 3753 3671 3362
f 3754 3755 3742
f 3750 3465 3416
f 3520 3488 3556
f 3711 3621 3683
f 3481 3756 3615
f 3644 3741 3757
f 3361 3291 3561
f 3661 3689 3685
f 3555 3478 3477
f 3639 3599 3672
f 3474 3443 3464
f 3758 3610 3759
f 3667 3622 3676
f 3452 3731 3570
f 3721 3684 3760
f 3367 3594 3614
f 3474 3542 3348
f 3710 3656 3489
f 3361 3737 3362
f 3524 3494 3572
f 3665 3643 3704
f 3556 3073 3366
f 3596 3761 3684
f 3671 3713 3669
f 3585 3626 3723
f 3566 3570 3731
f 3762 3645 3713
f 3702 3707 3738
f 3535 3763 3701
f 3222 3691 3504
f 3764 3731 3452
f 3765 3692 3747
f 3669 3360 3362
f 3766 3630 3678
f 3691 3767 3504
f 3679 3615 3768
f 3526 3606 3642
f 3508 3641 3682
f 3448 3415 3445
f 3447 3288 3463
f 3519 3300 3706
f 3563 3769 3724
f 3683 3476 3539
f 3552 3726 3712
f 3546 3696 3474
f 3765 3770 3692
f 3771 3589 3588
f 3761 3760 3684
f 3593 3628 3490
f 3724 3541 3600
f 3645 3762 3646
f 3627 3673 3628
f 3772 3626 3625
f 3558 3664 3629
f 3749 3668 3696
f 3718 3616 3666
f 3773 3774 3775
f 3776 3670 3541
f 3777 3778 3779
f 3727 3770 3557
f 3605 3604 3654
f 3780 3672 3599
f 3711 3695 3642
f 3781 3535 3534
f 3685 3689 3782
f 3689 3783 3782
f 3713 3671 3762
f 3581 3784 3747
f 3729 3785 3786
f 3787 3788 3451
f 3756 3768 3615
f 3789 3751 3698
f 3435 3379 3555
f 3698 3723 3789
f 3499 3610 3378
f 3761 3596 3790
f 3588 3583 3679
f 3651 3659 3604
f 3690 3497 3603
f 3579 3403 3658
f 3585 3654 3625
f 3791 3738 3707
f 3792 3697 3688
f 3785 3793 3786
f 3794 3495 3652
f 3527 3526 3695
f 3710 3489 3512
f 3682 3681 3795
f 3643 3566 3731
f 3726 3751 3796
f 3483 3663 3797
f 3798 3790 3586
f 3799 3673 3672
f 3720 3728 3664
f 3716 3780 3599
f 3601 3467 3448
f 3787 3399 3800
f 3787 3451 3399
f 3729 3786 3608
f 3688 3680 3792
f 3707 3706 3791
f 3769 3563 3801
f 3790 3798 3802
f 3803 3172 3408
f 3770 3727 3692
f 3540 3250 3061
f 3524 3306 3494
f 3804 3628 3673
f 3724 3769 3776
f 3193 3061 3250
f 3726 3796 3712
f 3202 3805 3678
f 3656 3806 3807
f 3731 3764 3703
f 3729 3674 3785
f 3612 3485 3617
f 3734 3716 3735
f 3604 3659 3654
f 3630 3756 3481
f 3672 3780 3799
f 3631 3585 3723
f 3689 3697 3783
f 3742 3674 3444
f 3668 3808 3809
f 3797 3502 3483
f 3760 3761 3810
f 3646 3762 3811
f 3784 3581 3482
f 3790 3812 3761
f 3749 3629 3728
f 3682 3482 3508
f 3526 3642 3695
f 3743 3813 3691
f 3202 3678 3203
f 3447 3463 3511
f 3683 3814 3815
f 3733 3801 3563
f 3557 3611 3727
f 3770 3719 3557
f 3743 3658 3813
f 3538 3528 3660
f 3673 3799 3804
f 3723 3626 3789
f 3705 3760 3781
f 3580 3579 3691
f 3816 3817 3818
f 3819 3618 3820
f 3737 3821 3362
f 3697 3792 3783
f 3822 3762 3671
f 3738 3791 3823
f 3711 3683 3815
f 3717 3681 3396
f 3812 3810 3761
f 3512 3767 3824
f 3801 3776 3769
f 3618 3825 3820
f 3826 3300 3827
f 3786 3828 3608
f 3809 3539 3475
f 3703 3829 3704
f 3699 3791 3706
f 3751 3789 3830
f 3788 3787 3831
f 3832 3784 3482
f 3787 3800 3831
f 3749 3833 3668
f 3751 3830 3796
f 3576 3636 3661
f 3659 3730 3834
f 3780 3716 3835
f 3835 3799 3780
f 3810 3781 3760
f 3616 3612 3617
f 3497 3313 3480
f 3703 3836 3829
f 3762 3822 3811
f 3172 3803 3837
f 3695 3711 3815
f 3536 3308 3402
f 3774 3773 3549
f 3812 3790 3802
f 3752 3750 3416
f 3838 3805 3202
f 3705 3721 3760
f 3752 3467 3602
f 3839 3720 3719
f 3746 3792 3680
f 3840 3841 3842
f 3452 3451 3788
f 3798 3843 3802
f 3788 3764 3452
f 3724 3776 3541
f 3753 3822 3671
f 3399 3644 3800
f 3708 3511 3634
f 3789 3844 3830
f 3519 3706 3677
f 3741 3644 3478
f 3738 3544 3597
f 3791 3699 3823
f 3758 3845 3846
f 3525 3567 3744
f 3690 3739 3313
f 3742 3755 3674
f 3753 3362 3847
f 3839 3719 3770
f 3848 3783 3792
f 3801 3849 3776
f 3740 3652 3559
f 3850 3851 3852
f 3670 3776 3849
f 3783 3853 3782
f 3720 3854 3728
f 3733 3841 3801
f 3805 3766 3678
f 3813 3658 3687
f 3855 3803 3725
f 3810 3812 3802
f 3738 3823 3856
f 3704 3829 3737
f 3834 3857 3654
f 3734 3835 3716
f 3797 3858 3733
f 3783 3848 3853
f 3703 3764 3859
f 3313 3312 3480
f 3693 3695 3860
f 3792 3746 3848
f 3795 3832 3482
f 3861 3766 3838
f 3862 3725 3513
f 3766 3756 3630
f 3861 3863 3756
f 3404 3549 3773
f 3841 3849 3801
f 3628 3864 3490
f 3734 3736 3865
f 3755 3785 3674
f 3857 3625 3654
f 3837 3803 3866
f 3732 3774 3549
f 3828 3827 3608
f 3781 3810 3867
f 3690 3603 3868
f 3869 3657 3656
f 3830 3870 3796
f 3839 3770 3871
f 3872 3308 3536
f 3822 3873 3811
f 3849 3874 3670
f 3679 3768 3588
f 3875 3749 3728
f 3404 3773 3405
f 3782 3876 3735
f 3831 3877 3859
f 3813 3767 3691
f 3878 3808 3833
f 3879 3816 3586
f 3853 3876 3782
f 3361 3665 3704
f 3687 3880 3881
f 3802 3882 3810
f 3883 3884 3885
f 3886 3755 3887
f 3699 3706 3300
f 3670 3250 3541
f 3813 3687 3767
f 3789 3626 3844
f 3888 3889 3588
f 3758 3555 3610
f 3765 3747 3890
f 3613 3646 3717
f 3722 3891 3754
f 3827 3300 3299
f 3836 3892 3829
f 3868 3893 3690
f 3662 3426 3525
f 3750 3591 3614
f 3854 3894 3875
f 3861 3838 3895
f 3838 3202 3896
f 3897 3898 3899
f 3874 3879 3670
f 3900 3901 3857
f 3737 3829 3821
f 3882 3867 3810
f 3738 3856 3544
f 3755 3886 3785
f 3795 3681 3902
f 3835 3734 3903
f 3857 3904 3625
f 3778 3774 3732
f 3732 3549 3298
f 3788 3831 3859
f 3831 3905 3877
f 3906 3447 3708
f 3828 3786 3793
f 3822 3753 3907
f 3908 3826 3827
f 3741 3909 3757
f 3668 3809 3475
f 3741 3555 3758
f 3617 3484 3495
f 3668 3833 3808
f 3869 3428 3427
f 3746 3910 3848
f 3883 3556 3718
f 3854 3875 3728
f 3848 3910 3853
f 3841 3840 3849
f 3766 3861 3756
f 3765 3871 3770
f 3628 3852 3864
f 3559 3313 3739
f 3685 3782 3735
f 3874 3849 3840
f 3730 3694 3693
f 3746 3172 3837
f 3746 3837 3911
f 3912 3832 3902
f 3913 3591 3914
f 3915 3916 3900
f 3856 3868 3603
f 3798 3586 3816
f 3626 3772 3844
f 3915 3693 3860
f 3901 3917 3918
f 3854 3919 3920
f 3202 3921 3896
f 3300 3826 3700
f 3662 3745 3922
f 3793 3785 3886
f 3907 3873 3822
f 3892 3821 3829
f 3882 3802 3843
f 3797 3733 3502
f 3923 3906 3708
f 3588 3889 3771
f 3840 3842 3924
f 3910 3746 3911
f 3799 3835 3903
f 3805 3838 3766
f 3733 3858 3842
f 3634 3923 3708
f 3830 3844 3870
f 3634 3572 3923
f 3493 3864 3925
f 3811 3717 3646
f 3841 3733 3842
f 3722 3742 3282
f 3703 3859 3877
f 3865 3903 3734
f 3847 3907 3753
f 3877 3926 3836
f 3796 3870 3927
f 3875 3833 3749
f 3863 3768 3756
f 3823 3928 3856
f 3798 3929 3843
f 3204 3712 3930
f 3931 3887 3932
f 3874 3933 3879
f 3905 3934 3935
f 3788 3859 3764
f 3824 3936 3709
f 3800 3934 3905
f 3811 3937 3938
f 3886 3939 3793
f 3867 3882 3940
f 3539 3814 3683
f 3757 3800 3644
f 3758 3909 3741
f 3869 3427 3657
f 3703 3877 3836
f 3794 3941 3825
f 3534 3705 3781
f 3858 3797 3663
f 3843 3942 3882
f 3943 3944 3945
f 3591 3946 3499
f 3617 3794 3825
f 3796 3927 3712
f 3682 3795 3482
f 3945 3798 3816
f 3860 3947 3948
f 3894 3854 3920
f 3861 3895 3863
f 3716 3577 3735
f 3844 3772 3949
f 3811 3938 3717
f 3858 3662 3922
f 3821 3892 3950
f 3856 3928 3951
f 3952 3893 3868
f 3910 3953 3853
f 3905 3926 3877
f 3887 3891 3932
f 3839 3871 3854
f 3744 3567 3655
f 3755 3754 3887
f 3954 3905 3935
f 3827 3299 3608
f 3811 3873 3937
f 3942 3940 3882
f 3876 3853 3955
f 3362 3956 3847
f 3957 3886 3887
f 3834 3900 3857
f 3844 3958 3870
f 3875 3959 3833
f 3808 3960 3809
f 3903 3804 3799
f 3693 3834 3730
f 3838 3961 3895
f 3909 3758 3846
f 3793 3939 3962
f 3871 3765 3963
f 3913 3914 3897
f 3886 3957 3939
f 3872 3732 3308
f 3493 3925 3714
f 3878 3964 3960
f 3915 3860 3965
f 3740 3966 3652
f 3892 3836 3967
f 3903 3865 3968
f 3867 3535 3781
f 3828 3793 3962
f 3928 3823 3699
f 3969 3921 3202
f 3875 3894 3959
f 3659 3834 3654
f 3745 3662 3525
f 3695 3815 3860
f 3874 3924 3933
f 3856 3603 3544
f 3520 3883 3655
f 3967 3950 3892
f 3953 3955 3853
f 3970 3971 3891
f 3870 3958 3927
f 3942 3843 3929
f 3972 3973 3974
f 3572 3715 3923
f 3900 3916 3901
f 3589 3771 3975
f 3976 3902 3681
f 3921 3969 3977
f 3910 3978 3953
f 3836 3979 3967
f 3968 3850 3852
f 3910 3911 3978
f 3709 3512 3824
f 3980 3981 3982
f 3494 3493 3715
f 3894 3983 3984
f 3985 3858 3986
f 3869 3970 3891
f 3912 3784 3832
f 3963 3765 3890
f 3939 3957 3987
f 3589 3975 3862
f 3700 3928 3699
f 3974 3988 3989
f 3686 3880 3687
f 3926 3905 3954
f 3687 3881 3767
f 3894 3920 3983
f 3962 3939 3987
f 3903 3968 3852
f 3863 3990 3768
f 3844 3949 3958
f 3832 3795 3902
f 3693 3915 3900
f 3362 3821 3950
f 3873 3907 3937
f 3202 3204 3969
f 3991 3625 3904
f 3959 3894 3984
f 3992 3993 3994
f 3758 3759 3845
f 3768 3888 3588
f 3874 3840 3924
f 3968 3995 3850
f 3858 3663 3662
f 3940 3942 3996
f 3960 3539 3809
f 3929 3997 3942
f 3836 3954 3979
f 3953 3978 3955
f 3591 3750 3914
f 3784 3890 3747
f 3998 3941 3966
f 3752 3898 3914
f 3736 3989 3995
f 3858 3922 3986
f 3826 3999 3700
f 3890 4000 3963
f 3362 3950 3956
f 3912 3902 4001
f 3539 3960 3814
f 3867 4002 3535
f 3898 3897 3914
f 3534 3536 3402
f 3856 3952 3868
f 3954 3935 4003
f 3837 4004 3911
f 4005 3898 3601
f 3949 3772 3991
f 3748 4006 3739
f 3831 3800 3905
f 3838 3896 3961
f 3950 3967 4007
f 3931 3957 3887
f 3995 4008 3850
f 3985 3842 3858
f 4009 3718 3666
f 3610 3499 3946
f 3924 4010 3933
f 3884 3883 3718
f 3933 4011 3879
f 3997 3996 3942
f 3884 3718 4009
f 3907 4012 3937
f 3759 3946 4013
f 3978 4014 3972
f 4015 3987 3957
f 3591 3913 3946
f 3883 3744 3655
f 3975 4016 3862
f 3864 3493 3490
f 3879 3586 3670
f 4017 3975 3771
f 3999 4018 3928
f 3914 3750 3752
f 3958 4019 3927
f 3815 3814 3947
f 3700 3999 3928
f 3693 3900 3834
f 3950 4020 3956
f 3940 3996 4002
f 3903 3852 3804
f 3701 4021 4022
f 3957 3931 4015
f 3628 3804 3852
f 4023 3989 3988
f 3794 3617 3495
f 4024 3745 3744
f 3709 4025 3806
f 4026 3725 3862
f 3906 4027 3601
f 4011 3816 3879
f 3997 3929 3944
f 4028 4029 4030
f 3919 3854 3980
f 3978 4004 4014
f 4017 4016 3975
f 3819 3820 4031
f 3878 3960 3808
f 3895 3961 4032
f 3955 3978 3972
f 4033 3958 3949
f 3943 3945 4034
f 3924 3985 4010
f 3954 4003 3979
f 3979 4007 3967
f 4024 3744 4035
f 3895 3990 3863
f 3771 4036 4017
f 4030 4029 3686
f 3837 4037 4038
f 3690 3893 3748
f 3854 3871 3963
f 3938 3937 4039
f 4040 4001 4041
f 3962 4042 3827
f 4011 3933 4010
f 4043 4004 3837
f 3896 4044 3961
f 4045 3934 3800
f 3405 4046 4030
f 3919 3980 3982
f 3773 4046 3405
f 3949 3991 4047
f 3880 4029 3881
f 3656 3710 3806
f 3909 4048 3757
f 3999 4049 4018
f 3987 4015 4050
f 3909 3846 4048
f 4037 3837 3866
f 3854 3963 3980
f 4023 4051 3989
f 3759 3610 3946
f 3759 4013 3845
f 3996 3997 3944
f 3836 3926 3954
f 3938 4052 3717
f 3931 3932 4053
f 4017 4036 4016
f 3405 3686 3658
f 3995 4054 4008
f 4055 3937 4012
f 4056 3913 3897
f 3720 3839 3854
f 3916 4057 4058
f 3951 4018 4059
f 3916 3965 4057
f 4033 3949 4047
f 3951 4059 4060
f 3586 3790 3596
f 4053 4015 3931
f 3972 3974 3989
f 3784 4040 3890
f 4026 3855 3725
f 3878 3833 3959
f 4040 3912 4001
f 3993 3956 3994
f 3955 3736 3876
f 3918 4061 3904
f 3950 4007 4020
f 3807 3869 3656
f 3816 4011 4062
f 3837 4038 4043
f 4063 3807 3806
f 3958 4033 4064
f 3996 4065 4002
f 4064 4019 3958
f 3961 4044 4032
f 4066 4048 4067
f 3993 3847 3956
f 3921 3977 4044
f 3965 3948 4057
f 4010 4062 4011
f 3895 4032 4068
f 3862 4016 4026
f 3937 4069 4039
f 4042 4070 3827
f 4026 4016 4036
f 3978 3911 4004
f 3850 4071 3851
f 4043 4014 4004
f 3962 3987 4050
f 4019 4072 3927
f 3990 4068 3888
f 4029 4028 3881
f 3901 4058 3917
f 4071 4073 3864
f 3860 3815 3947
f 3722 3754 3742
f 4061 4074 4075
f 3944 4076 3996
f 3828 3962 3827
f 4010 4077 4078
f 3880 3686 4029
f 3895 4068 3990
f 4079 4050 4015
f 3927 3930 3712
f 4015 4053 4079
f 3924 3842 3985
f 3898 3602 3601
f 3883 3520 3556
f 3999 3826 4049
f 4007 3979 4080
f 4057 3948 4081
f 4082 4028 4030
f 3923 4083 3906
f 3959 3984 3878
f 3993 4055 4012
f 4046 3773 3775
f 4076 4065 3996
f 3923 4084 4083
f 3763 4002 4085
f 3850 4008 4071
f 3929 3798 3945
f 3908 4049 3826
f 3867 3940 4002
f 3709 3806 3710
f 3901 3916 4058
f 4065 4085 4002
f 3979 4003 4080
f 3968 3865 3995
f 4077 3985 3986
f 4012 3907 3847
f 3851 4071 3864
f 4007 4080 4020
f 3901 3904 3857
f 4043 4038 4014
f 3891 3971 4086
f 3896 3921 4044
f 3666 3618 3819
f 3819 4087 3666
f 4037 4088 4089
f 4090 4040 4041
f 4091 4023 3988
f 4033 4047 4064
f 4062 4010 4078
f 4072 4092 4093
f 3883 4094 3744
f 3938 4039 4052
f 3883 3885 4094
f 3998 3966 4006
f 4095 4024 4035
f 3951 3928 4018
f 4068 4032 4096
f 3768 3990 3888
f 3916 3915 3965
f 3887 3754 3891
f 3991 4061 4075
f 3946 3913 4013
f 3937 4055 4069
f 4068 4096 3888
f 4097 4079 4053
f 4098 4080 4003
f 3960 3964 3814
f 4099 4100 3897
f 4052 3681 3717
f 4019 4064 4092
f 3803 3408 3725
f 4076 3944 4101
f 3944 3929 3945
f 3935 4098 4003
f 3956 4020 4102
f 3906 4083 4027
f 4092 4103 4093
f 4050 4079 4104
f 4049 4105 4018
f 4104 4106 4042
f 3893 4107 4006
f 4028 4108 3881
f 3878 4109 4110
f 4111 4112 4113
f 4055 3993 4069
f 4066 4067 4114
f 3973 3972 4014
f 3589 3862 3513
f 4071 4008 4115
f 4065 4116 4085
f 4101 3944 3943
f 4054 4117 4008
f 3913 4056 4013
f 4047 4118 4119
f 4072 4093 4120
f 3535 4002 3763
f 3852 3851 3864
f 4121 3864 4073
f 4044 4122 4032
f 4053 3932 4097
f 3752 3602 3898
f 4064 4047 4119
f 4047 3991 4118
f 4079 4097 4104
f 4080 4123 4020
f 4038 4124 4014
f 4125 3981 4126
f 3906 3601 3447
f 4018 4105 4059
f 4117 4115 4008
f 3991 3772 3625
f 4127 4128 4126
f 4049 3908 4129
f 3889 3888 4130
f 4076 4116 4065
f 3618 3617 3825
f 4000 3980 3963
f 4050 4104 4042
f 4052 4039 4131
f 4132 4133 4095
f 4094 4035 3744
f 4024 4095 4134
f 4006 4135 4136
f 3893 4006 3748
f 3994 3956 4102
f 4020 4123 4102
f 4080 4098 4113
f 3891 4137 3932
f 3767 3512 3504
f 3784 3912 4040
f 4021 3763 4085
f 4115 4073 4071
f 4124 4038 4037
f 4036 3771 3889
f 4052 4131 3976
f 4026 4036 4138
f 4127 4090 4041
f 3803 4139 3866
f 4058 4140 4141
f 4006 3966 3740
f 4140 4142 4141
f 3405 4030 3686
f 4143 4144 4070
f 4129 4105 4049
f 3964 3947 3814
f 4124 3973 4014
f 3955 3972 3989
f 4098 3935 4113
f 3992 4069 3993
f 3935 3934 4145
f 4010 3985 4077
f 3927 4120 3930
f 3869 3722 3428
f 4117 4054 4051
f 4052 3976 3681
f 4087 4009 3666
f 4119 4092 4064
f 4146 3817 4078
f 4080 4147 4123
f 4148 4039 4069
f 4104 4149 4106
f 3908 4144 4129
f 4150 4151 4152
f 3901 3918 3904
f 4072 4019 4092
f 4138 4036 3889
f 3897 3899 4099
f 4061 3918 4074
f 4127 4126 4000
f 4028 4082 4108
f 3965 3860 3948
f 4153 4097 3932
f 4138 3889 4154
f 4058 4141 3917
f 4137 3891 4086
f 4155 4156 3936
f 3992 3994 4157
f 3736 3995 3865
f 4082 4030 4158
f 3918 4159 4074
f 3980 4000 4126
f 4039 4160 4131
f 4078 3816 4062
f 4027 4161 4005
f 4104 4162 4149
f 3951 4060 3952
f 4145 3934 4066
f 4034 3945 3816
f 4076 4101 4116
f 4115 4117 4163
f 3952 4060 4164
f 4051 4054 3989
f 4051 4165 4117
f 4097 4153 4162
f 4166 4059 4105
f 4069 3992 4148
f 4167 4168 3714
f 4169 4118 4170
f 4022 3732 3872
f 4110 4171 4172
f 3701 3763 4021
f 3955 3989 3736
f 4121 4173 3864
f 4025 3936 4156
f 4021 4174 3779
f 4124 4037 4089
f 3943 4175 4101
f 4006 3740 3739
f 4124 4176 3973
f 3869 3807 4177
f 3962 4050 4042
f 4005 3601 4027
f 4105 4129 4166
f 3998 4006 4136
f 4178 4179 4180
f 4158 4030 4181
f 4165 4163 4117
f 3652 3966 3941
f 3878 4110 3964
f 4182 3943 4034
f 4102 4183 3994
f 3820 3825 3941
f 4083 4161 4027
f 3819 4031 4184
f 4058 4057 4140
f 4101 4175 4116
f 3982 4185 3983
f 4059 4166 4186
f 4187 4188 4189
f 4080 4113 4147
f 4190 4167 3714
f 4140 4057 4081
f 4173 3925 3864
f 4127 4000 3890
f 4026 4138 3855
f 4073 4163 4191
f 3893 4188 4107
f 3981 3980 4126
f 4146 4078 4077
f 3917 4141 4159
f 4092 4119 4103
f 4176 3974 3973
f 3736 3735 3876
f 3918 3917 4159
f 4032 4122 4192
f 4165 4051 4023
f 4039 4148 4160
f 4147 4193 4194
f 4102 4123 4147
f 3935 4111 4113
f 4040 4090 3890
f 4104 4097 4162
f 4193 4195 4194
f 4196 4067 3846
f 4176 4124 4089
f 4093 4103 4197
f 4127 4041 4198
f 4175 3943 4182
f 3869 3891 3722
f 4153 4199 4200
f 4201 4148 3992
f 3866 4202 4088
f 4129 4144 4203
f 4144 3908 4070
f 4032 4192 4096
f 4204 4041 4001
f 4162 4153 4200
f 4090 4127 3890
f 4129 4203 4166
f 4118 3991 4075
f 3970 3869 4177
f 4150 4152 4205
f 4169 4119 4118
f 4077 3986 4206
f 3922 4207 3986
f 3745 4134 3922
f 3977 4208 4209
f 3927 4072 4120
f 3767 3881 3824
f 3935 4145 4111
f 4186 4060 4059
f 4153 4137 4210
f 4166 4203 4186
f 3757 4045 3800
f 4163 4165 4211
f 4023 4212 4165
f 4168 3715 3714
f 4148 4201 4160
f 4056 3897 4100
f 4119 4213 4103
f 4214 3925 4173
f 4128 4215 4125
f 4116 4175 4216
f 4157 3994 4217
f 4070 3908 3827
f 4073 4115 4163
f 4121 4073 4191
f 3982 4218 4185
f 4205 3889 4130
f 4219 4121 4191
f 4091 3988 4220
f 3982 3983 3920
f 4182 4221 4175
f 3774 3778 3775
f 4022 3872 3701
f 4200 4149 4162
f 4157 4201 3992
f 3977 4209 4044
f 4083 4222 4161
f 4212 4211 4165
f 3856 3951 3952
f 3807 4063 4177
f 4108 3824 3881
f 4223 4169 4170
f 4140 4081 4224
f 4225 3988 3974
f 4203 4144 4143
f 4125 4126 4128
f 4221 4216 4175
f 4089 4226 4176
f 4108 4082 4158
f 4147 4112 4193
f 4215 4128 4227
f 3974 4176 4228
f 4211 4191 4163
f 4178 4143 4070
f 4131 4160 4229
f 4214 4173 4121
f 4081 4230 4224
f 4060 4231 4164
f 4031 3820 4232
f 4197 4213 4233
f 4102 4147 4183
f 4234 4235 4236
f 3775 3778 4237
f 4238 4132 3884
f 3893 3952 4188
f 4110 3947 3964
f 4239 4240 4241
f 4116 4216 4242
f 3982 3920 3919
f 4024 4134 3745
f 4116 4242 4085
f 4212 4023 4091
f 4137 4086 4210
f 3976 4243 4204
f 3794 3652 3941
f 4066 3934 4045
f 4244 4206 3986
f 4106 4149 4245
f 4209 4122 4044
f 3982 3981 4218
f 4066 4045 4048
f 3998 4246 3941
f 4119 4223 4213
f 4203 4231 4186
f 4221 4182 4247
f 4248 4160 4201
f 4249 4250 3969
f 4093 4197 4120
f 4034 4247 4182
f 4054 3995 3989
f 4226 4228 4176
f 4209 4251 4122
f 4074 4159 4252
f 4108 4253 4254
f 4255 4256 4257
f 4226 4089 4088
f 4153 3932 4137
f 3898 4005 3899
f 4111 4193 4112
f 4231 4258 4164
f 4149 4200 4245
f 4259 4198 4041
f 3976 4001 3902
f 4119 4169 4223
f 4143 4260 4203
f 4160 4248 4229
f 4070 4042 4241
f 4245 4239 4106
f 4045 3757 4048
f 4211 4212 4261
f 4262 4263 4230
f 4091 4264 4212
f 4146 4077 4206
f 4081 4262 4230
f 4223 4170 4265
f 4251 4209 4208
f 4120 4266 4267
f 4156 4268 4025
f 4147 4194 4183
f 4142 4140 4224
f 4216 4221 4269
f 4214 3714 3925
f 4191 4235 4219
f 4201 4157 4270
f 4231 4203 4260
f 4157 4217 4270
f 4247 4271 4221
f 4255 4034 4256
f 4153 4210 4199
f 4192 4130 4096
f 4264 4261 4212
f 4074 4252 4075
f 3816 4078 3817
f 4200 4199 4272
f 4022 4021 3779
f 4273 4034 4255
f 4197 4103 4213
f 3976 4274 4243
f 4083 4084 4222
f 4272 4245 4200
f 4259 4041 4204
f 3993 4012 3847
f 4275 4178 4276
f 4270 4248 4201
f 4271 4269 4221
f 4277 4154 4278
f 4247 4034 4273
f 4113 4112 4147
f 4142 4279 4141
f 4150 4205 4130
f 3715 4168 3923
f 4191 4211 4235
f 4268 4156 4280
f 4253 4158 4181
f 3866 4139 4281
f 4214 4190 3714
f 4226 4282 4228
f 4213 4223 4283
f 4159 4284 4252
f 3981 4125 4218
f 4060 4186 4231
f 4031 4232 4285
f 4216 4269 4242
f 4042 4106 4239
f 4264 4091 4220
f 4193 4111 4286
f 4046 4287 4181
f 4022 3778 3732
f 4237 3778 3777
f 3872 3536 3701
f 4174 4288 3779
f 3779 4288 4289
f 4107 4135 4006
f 4118 4075 4170
f 3947 4081 3948
f 4260 4143 4275
f 4128 4198 4227
f 4290 4192 4122
f 4291 4208 3969
f 4067 4048 3846
f 4271 4247 4273
f 4260 4292 4231
f 4279 4142 4224
f 4146 4293 4294
f 3947 4262 4081
f 4275 4143 4178
f 4193 4286 4195
f 4159 4279 4284
f 4248 4295 4229
f 4296 4297 4298
f 4056 4100 4299
f 4300 4272 4199
f 4223 4265 4283
f 4239 4245 4240
f 4231 4292 4258
f 4226 4301 4282
f 4109 4302 4110
f 4199 4210 4300
f 4303 4220 4225
f 4155 3936 3824
f 4037 3866 4088
f 4183 4194 4304
f 4286 4305 4306
f 4245 4272 4240
f 4207 4307 4308
f 4095 4035 4132
f 4261 4309 4310
f 3969 3204 3930
f 3709 3936 4025
f 4275 4292 4260
f 4161 4222 4311
f 4312 4218 4125
f 4313 4314 4066
f 4220 4309 4264
f 4313 4066 4114
f 4315 4316 3923
f 4061 3991 3904
f 4283 4233 4213
f 4316 4084 3923
f 4225 3974 4228
f 4194 4195 4304
f 4248 4270 4295
f 4269 4317 4318
f 4211 4261 4235
f 4230 4263 4319
f 4273 4317 4271
f 4229 4320 4274
f 3976 4229 4274
f 3775 4321 4046
f 4279 4224 4322
f 4323 4121 4219
f 4312 4324 4218
f 4155 3824 4108
f 4261 4264 4309
f 4210 4325 4300
f 3952 4164 4189
f 4005 4161 4311
f 3818 3817 4326
f 4327 4278 4328
f 4269 4318 4242
f 4228 4282 4225
f 4070 4241 4178
f 3777 4329 4330
f 4120 4197 4266
f 3778 4022 3779
f 4085 4242 4021
f 4146 4326 3817
f 4279 4159 4141
f 4316 4222 4084
f 4320 4331 4274
f 4269 4271 4317
f 4217 4332 4270
f 4272 4300 4333
f 4246 3998 4334
f 4195 4335 4304
f 4208 4336 4251
f 4086 3971 4337
f 3855 4139 3803
f 4338 3806 4025
f 3820 3941 4246
f 4261 4310 4235
f 4128 4127 4198
f 4279 4322 4284
f 4046 4181 4030
f 4309 4220 4303
f 4339 4340 4281
f 4292 4341 4258
f 4272 4333 4240
f 4226 4088 4301
f 4087 3819 4184
f 4285 4184 4031
f 4181 4342 4343
f 4188 3952 4189
f 4087 4238 4009
f 4178 4180 4276
f 3885 3884 4132
f 4277 3855 4138
f 4321 4330 4344
f 4237 3777 4330
f 4321 4237 4330
f 4224 4319 4322
f 4242 4345 4174
f 4286 4111 4305
f 4305 4145 4314
f 4021 4242 4174
f 4317 4273 4346
f 4204 4001 3976
f 4095 4307 4134
f 4273 4255 4346
f 4192 4290 4150
f 4265 4170 4347
f 4207 3922 4134
f 4088 4202 4301
f 4319 4224 4230
f 4348 4293 4244
f 4324 4349 4185
f 4034 3816 3818
f 4154 4350 4278
f 4332 4295 4270
f 4246 4351 4232
f 3855 4277 4139
f 4301 4202 4340
f 4352 4353 4354
f 4185 4109 3983
f 4286 4355 4195
f 4291 3969 4250
f 3866 4340 4202
f 4233 4283 4356
f 4357 4184 4285
f 4238 4358 4359
f 4360 4361 4311
f 4192 4150 4130
f 4238 3884 4009
f 4197 4233 4266
f 4111 4145 4305
f 4362 4276 4180
f 4309 4363 4310
f 4326 4364 3818
f 4303 4365 4309
f 4366 4336 4367
f 4314 4145 4066
f 4132 4094 3885
f 4368 4369 4307
f 4311 4222 4370
f 4333 4300 4325
f 4292 4275 4341
f 4371 4312 4372
f 4267 4249 4120
f 4317 4373 4318
f 4284 4374 4252
f 4218 4324 4185
f 4282 4375 4225
f 4340 3866 4281
f 4042 4239 4241
f 4013 4376 3845
f 4323 4190 4214
f 4377 4283 4265
f 4338 4063 3806
f 4229 4295 4320
f 4181 4343 4253
f 4336 4291 4367
f 4365 4363 4309
f 3818 4364 4256
f 4252 4298 4075
f 4227 4198 4259
f 4323 4214 4121
f 4326 4378 4364
f 4258 4379 4164
f 4295 4332 4320
f 4251 4290 4122
f 4205 4154 3889
f 4301 4380 4282
f 4240 4381 4241
f 3775 4237 4321
f 4139 4278 4281
f 4187 4189 4382
f 3777 3779 4289
f 4318 4345 4242
f 4346 4373 4317
f 4135 4107 4187
f 4333 4381 4240
f 4234 4323 4235
f 4109 3878 3984
f 4383 4384 4385
f 4086 4386 4325
f 4263 4262 4172
f 4283 4377 4356
f 4291 4250 4367
f 4277 4278 4139
f 4235 4363 4236
f 4340 4387 4301
f 4220 3988 4225
f 4277 4138 4154
f 4380 4375 4282
f 4377 4265 4347
f 4335 4388 4304
f 4355 4335 4195
f 4232 3820 4246
f 4373 4389 4318
f 4275 4276 4341
f 4333 4390 4381
f 4341 4379 4258
f 4304 4217 4183
f 4391 4355 4306
f 4389 4345 4318
f 4392 4339 4281
f 4107 4188 4187
f 4393 4177 4394
f 4253 4108 4158
f 4252 4374 4298
f 4395 4324 4312
f 4217 3994 4183
f 3976 4131 4229
f 4208 3977 3969
f 4307 4207 4134
f 4396 4365 4303
f 4205 4152 4154
f 4130 3888 4096
f 4244 4207 4308
f 4397 4322 4319
f 4387 4340 4339
f 4390 4325 4398
f 4207 4244 3986
f 4399 4391 4400
f 4146 4206 4293
f 4013 4056 4401
f 4363 4365 4402
f 4005 4311 3899
f 4380 4301 4387
f 4233 4356 4266
f 3998 4136 4334
f 4355 4286 4306
f 4304 4388 4403
f 4320 4404 4331
f 4358 4405 4406
f 4390 4398 4407
f 4238 4405 4358
f 4253 4343 4254
f 4251 4336 4290
f 4373 4346 4408
f 4284 4322 4409
f 4388 4335 4355
f 4410 4356 4377
f 4276 4362 4341
f 4390 4333 4325
f 4368 4307 4095
f 4319 4263 4397
f 4172 4262 3947
f 4411 4259 4243
f 4255 4408 4346
f 4259 4204 4243
f 4363 4402 4236
f 4336 4208 4291
f 4013 4401 4376
f 4244 4293 4206
f 4268 4338 4025
f 4365 4412 4402
f 4347 4297 4413
f 4298 4170 4075
f 4338 4414 4063
f 4304 4403 4217
f 4326 4146 4294
f 4322 4415 4409
f 4416 4298 4374
f 4185 4349 4109
f 4255 4417 4408
f 4389 4418 4419
f 4362 4180 4420
f 4320 4332 4404
f 4217 4421 4332
f 4422 4423 4416
f 4225 4383 4303
f 4377 4347 4410
f 4345 4389 4419
f 4152 4151 4424
f 4379 4341 4425
f 4345 4419 4174
f 4342 4287 4426
f 4427 4187 4428
f 4380 4387 4429
f 4343 4430 4254
f 4383 4396 4303
f 4408 4431 4373
f 4312 4125 4215
f 4241 4381 4432
f 4417 4255 4433
f 4381 4390 4432
f 4349 4302 4109
f 4434 4435 4436
f 4339 4437 4387
f 4371 4372 4438
f 4341 4362 4425
f 4254 4155 4108
f 4356 4410 4439
f 4440 4259 4441
f 4167 4190 4435
f 4389 4431 4418
f 4355 4399 4388
f 4235 4310 4363
f 4409 4442 4443
f 4356 4444 4266
f 4386 4086 4337
f 4189 4445 4446
f 4425 4447 4379
f 4263 4448 4397
f 4388 4399 4403
f 4297 4170 4298
f 4368 4133 4449
f 4343 4342 4430
f 4450 4348 4244
f 4151 4451 4424
f 4452 4293 4348
f 4376 4196 3846
f 4294 4293 4453
f 4365 4396 4412
f 4454 4433 4455
f 4322 4397 4415
f 4376 3846 3845
f 4249 3969 3930
f 4387 4437 4429
f 4366 4367 4456
f 4305 4457 4306
f 4034 3818 4256
f 4458 4243 4274
f 4459 4250 4354
f 4339 4392 4437
f 4425 4362 4420
f 4460 4410 4347
f 4399 4400 4461
f 4326 4294 4378
f 4238 4359 4132
f 4350 4462 4278
f 4463 4256 4364
f 4156 4155 4280
f 4431 4408 4417
f 4178 4241 4179
f 4392 4464 4437
f 4462 4350 4465
f 4332 4421 4404
f 4407 4432 4390
f 4266 4444 4267
f 4466 4457 4314
f 4063 4394 4177
f 4452 4453 4293
f 4222 4316 4370
f 4331 4458 4274
f 4440 4227 4259
f 4196 4114 4067
f 4410 4460 4439
f 4467 4196 4376
f 4467 4376 4401
f 4370 4315 4468
f 4453 4378 4294
f 4236 4402 4469
f 4168 4167 4315
f 4254 4470 4155
f 4336 4366 4290
f 4471 4417 4433
f 4472 4299 4100
f 4366 4473 4290
f 4170 4297 4347
f 4474 4366 4456
f 4323 4219 4235
f 4395 4349 4324
f 4475 4421 4217
f 4190 4323 4435
f 4448 4415 4397
f 4389 4373 4431
f 4476 4396 4383
f 4477 4234 4469
f 4447 4164 4379
f 4440 4372 4312
f 4478 4479 4475
f 4402 4412 4469
f 4460 4347 4413
f 4447 4425 4480
f 4446 4382 4189
f 4416 4296 4298
f 4476 4412 4396
f 4297 4296 4413
f 4431 4481 4418
f 4331 4482 4458
f 4371 4395 4312
f 4356 4439 4444
f 4475 4217 4403
f 4263 4172 4448
f 4325 4386 4398
f 4378 4483 4364
f 4234 4236 4469
f 4184 4357 4087
f 4430 4484 4470
f 4189 4485 4445
f 4476 4383 4385
f 4189 4447 4485
f 4486 4359 4358
f 4479 4404 4421
f 4419 4418 4487
f 4109 3984 3983
f 4375 4380 4429
f 4439 4460 4488
f 4409 4374 4284
f 4256 4463 4257
f 4368 4095 4133
f 4442 4409 4415
f 4395 4489 4349
f 4479 4421 4475
f 4337 4490 4491
f 4492 4440 4441
f 4334 4135 4427
f 4227 4312 4215
f 4412 4493 4469
f 4364 4483 4463
f 4437 4494 4429
f 4425 4420 4480
f 4495 4461 4400
f 4493 4412 4476
f 4473 4150 4290
f 4496 4448 4172
f 4497 4313 4114
f 4497 4114 4498
f 4433 4255 4257
f 4432 4407 4499
f 4422 4500 4423
f 4378 4501 4483
f 4502 4456 4503
f 4504 4505 4401
f 4415 4448 4442
f 4506 4507 4502
f 4299 4508 4401
f 4481 4509 4418
f 4360 4370 4510
f 4152 4424 4154
f 4407 4511 4499
f 4512 4399 4461
f 4399 4512 4403
f 4360 4311 4370
f 4257 4513 4433
f 4484 4342 4426
f 4429 4514 4375
f 4133 4515 4449
f 4278 4327 4464
f 4502 4474 4456
f 4409 4422 4374
f 4227 4440 4312
f 4331 4516 4482
f 4517 4492 4441
f 4305 4314 4457
f 4452 4348 4518
f 4426 4519 4520
f 4466 4314 4497
f 4470 4280 4155
f 4257 4463 4521
f 4430 4342 4484
f 4378 4522 4501
f 4250 4249 4354
f 4179 4241 4432
f 3947 4110 4172
f 4296 4523 4413
f 4393 3971 3970
f 4439 4524 4444
f 4114 4196 4498
f 4407 4398 4511
f 4404 4479 4516
f 4315 4370 4316
f 4467 4525 4526
f 4527 4179 4528
f 4493 4529 4469
f 4243 4458 4530
f 4416 4423 4296
f 4168 4315 3923
f 4210 4086 4325
f 4167 4435 4315
f 4493 4476 4385
f 4311 4361 3899
f 4531 4519 4287
f 4507 4506 4451
f 4321 4344 4287
f 4447 4480 4485
f 4431 4417 4481
f 4473 4451 4150
f 4399 4355 4391
f 4331 4404 4516
f 4437 4532 4494
f 4393 4337 3971
f 4334 4136 4135
f 4533 4442 4448
f 4534 4484 4426
f 4535 4403 4512
f 4411 4243 4536
f 4417 4471 4481
f 4444 4537 4267
f 4489 4438 4538
f 4489 4371 4438
f 4479 4539 4516
f 4540 4468 4315
f 4394 4541 4393
f 4420 4180 4542
f 4422 4416 4374
f 4393 3970 4177
f 4189 4164 4447
f 4454 4471 4433
f 4543 4544 4545
f 4342 4181 4287
f 4323 4436 4435
f 4451 4151 4150
f 4509 4487 4418
f 4496 4172 4171
f 4464 4546 4437
f 4413 4488 4460
f 4529 4477 4469
f 4529 4493 4547
f 4440 4492 4372
f 4391 4457 4400
f 4133 4132 4359
f 4493 4548 4547
f 4501 4549 4521
f 4423 4500 4296
f 4249 3930 4120
f 4398 4386 4550
f 4551 4268 4280
f 4314 4313 4497
f 4225 4375 4383
f 4516 4539 4482
f 4478 4475 4552
f 4429 4494 4514
f 4553 4384 4383
f 4546 4532 4437
f 4442 4533 4443
f 4458 4482 4530
f 4409 4443 4422
f 4378 4452 4522
f 4479 4554 4539
f 4180 4179 4527
f 4481 4471 4454
f 4250 4456 4367
f 4496 4533 4448
f 4532 4555 4494
f 4359 4515 4133
f 4479 4478 4554
f 4361 4099 3899
f 4378 4453 4452
f 4556 4506 4502
f 4366 4474 4473
f 4369 4308 4307
f 4489 4302 4349
f 4439 4488 4524
f 4494 4555 4514
f 4420 4557 4480
f 4558 4327 4328
f 4535 4475 4403
f 4522 4452 4518
f 4482 4559 4560
f 4514 4561 4375
f 4512 4461 4495
f 4562 4496 4171
f 4509 4481 4563
f 4473 4507 4451
f 4398 4550 4511
f 4296 4564 4523
f 4467 4526 4565
f 4350 4566 4465
f 4480 4567 4485
f 4481 4568 4563
f 4482 4539 4559
f 4046 4321 4287
f 4385 4384 4548
f 4569 4570 4571
f 4400 4457 4572
f 4487 4573 4574
f 4470 4534 4520
f 4575 4100 4099
f 4529 4576 4477
f 4483 4501 4521
f 4487 4174 4419
f 4444 4524 4537
f 4577 4422 4443
f 4443 4533 4578
f 4413 4523 4579
f 4493 4385 4548
f 4495 4580 4512
f 4522 4581 4501
f 4569 4499 4570
f 4411 4441 4259
f 4546 4582 4532
f 4580 4535 4512
f 4328 4583 4584
f 4246 4334 4351
f 4555 4532 4582
f 4576 4529 4547
f 4514 4555 4585
f 4586 4587 4405
f 4454 4455 4568
f 4327 4546 4464
f 4588 4589 4590
f 4338 4268 4551
f 4561 4383 4375
f 4591 4550 4337
f 4446 4445 4592
f 4593 4517 4441
f 4488 4594 4524
f 4487 4563 4573
f 4530 4560 4595
f 4596 4531 4287
f 4414 4394 4063
f 4457 4466 4572
f 4597 4368 4449
f 4132 4035 4094
f 4557 4420 4542
f 4577 4598 4422
f 4554 4478 4599
f 4428 4600 4601
f 4435 4434 4315
f 4433 4513 4455
f 4427 4135 4187
f 4602 4450 4308
f 4534 4426 4520
f 4557 4567 4480
f 4501 4581 4549
f 4462 4465 4603
f 4585 4555 4582
f 4533 4496 4562
f 4561 4514 4553
f 4414 4551 4604
f 4483 4521 4463
f 4234 4605 4323
f 4474 4502 4473
f 4606 4495 4588
f 4607 4582 4546
f 4413 4579 4488
f 4357 4238 4087
f 4395 4371 4489
f 4533 4562 4578
f 4552 4599 4478
f 4542 4180 4527
f 4449 4515 4608
f 4538 4438 4609
f 4514 4610 4553
f 4568 4611 4563
f 4569 4571 4528
f 4539 4554 4559
f 4581 4522 4612
f 4500 4564 4296
f 4477 4576 4605
f 4585 4582 4607
f 4538 4609 4613
f 4484 4534 4470
f 4457 4391 4306
f 4561 4553 4383
f 4524 4614 4537
f 4450 4615 4616
f 4530 4595 4617
f 4499 4511 4570
f 4360 4618 4575
f 4569 4432 4499
f 4546 4327 4607
f 4522 4619 4612
f 4547 4620 4576
f 4411 4536 4621
f 4488 4579 4594
f 4559 4554 4599
f 4622 4606 4588
f 4530 4482 4560
f 4511 4550 4570
f 4422 4598 4500
f 4485 4623 4624
f 4187 4382 4428
f 4569 4528 4179
f 4254 4430 4470
f 4625 4330 4626
f 4330 4329 4626
f 4519 4627 4520
f 4566 4424 4451
f 4487 4509 4563
f 4580 4495 4628
f 4629 4557 4542
f 4289 4329 3777
f 4329 4630 4626
f 4535 4631 4632
f 4633 4428 4601
f 4487 4574 4174
f 4468 4634 4635
f 4196 4565 4498
f 4547 4636 4620
f 4562 4171 4637
f 4638 4585 4607
f 4278 4464 4392
f 4639 4434 4436
f 4640 4543 4545
f 4549 4641 4521
f 4351 4642 4285
f 4629 4567 4557
f 4586 4642 4587
f 4481 4454 4568
f 4502 4507 4473
f 4593 4441 4411
f 4514 4585 4610
f 4438 4492 4609
f 4541 4643 4393
f 4445 4485 4624
f 4644 4503 4459
f 4611 4573 4563
f 4523 4645 4579
f 4369 4368 4597
f 4646 4597 4449
f 4538 4613 4647
f 4513 4641 4648
f 4585 4638 4610
f 4427 4649 4334
f 4650 4280 4651
f 4485 4567 4623
f 4535 4628 4631
f 4492 4517 4609
f 4434 4639 4540
f 4623 4567 4629
f 4642 4586 4285
f 4606 4628 4495
f 4586 4357 4285
f 4522 4518 4619
f 4599 4552 4652
f 4384 4653 4548
f 4523 4564 4654
f 4535 4552 4475
f 4599 4655 4559
f 4572 4466 4588
f 4570 4591 4571
f 4238 4357 4405
f 4524 4594 4614
f 4607 4558 4638
f 4571 4656 4657
f 4506 4566 4451
f 4547 4548 4636
f 4243 4530 4617
f 4553 4658 4384
f 4328 4278 4583
f 4450 4244 4308
f 4450 4616 4348
f 4594 4579 4659
f 4560 4660 4595
f 4619 4518 4616
f 4243 4617 4536
f 4618 4510 4661
f 4466 4662 4588
f 4056 4299 4401
f 4508 4504 4401
f 4171 4543 4640
f 4575 4472 4100
f 4517 4593 4609
f 4472 4618 4663
f 4605 4664 4436
f 4611 4568 4665
f 4550 4386 4337
f 4570 4550 4591
f 4489 4538 4666
f 4655 4599 4652
f 4629 4667 4668
f 4669 4592 4445
f 4579 4645 4659
f 4455 4670 4568
f 4560 4671 4660
f 4578 4577 4443
f 4549 4612 4672
f 4394 4414 4541
f 4537 4673 4267
f 4436 4664 4674
f 4528 4675 4676
f 4519 4426 4287
f 4620 4605 4576
f 4573 4611 4677
f 4649 4678 4334
f 4643 4337 4393
f 4510 4679 4661
f 4619 4680 4612
f 4503 4456 4459
f 4154 4424 4350
f 4196 4467 4565
f 4629 4681 4623
f 4682 4610 4638
f 4495 4400 4572
f 4670 4665 4568
f 4472 4683 4299
f 4683 4508 4299
f 4578 4684 4577
f 4495 4572 4588
f 4359 4486 4515
f 4527 4528 4676
f 4486 4685 4608
f 4562 4686 4578
f 4628 4622 4631
f 4556 4687 4688
f 4607 4327 4558
f 4548 4653 4689
f 4665 4677 4611
f 4548 4689 4636
f 4690 4639 4436
f 4536 4691 4621
f 4602 4308 4369
f 4574 4288 4174
f 4591 4337 4491
f 4450 4602 4615
f 4500 4598 4564
f 4692 4587 4642
f 4569 4179 4432
f 4612 4680 4672
f 4693 4613 4593
f 4528 4571 4657
f 4350 4424 4566
f 4627 4694 4520
f 4670 4455 4695
f 4586 4405 4357
f 4414 4604 4541
f 4610 4682 4696
f 4536 4697 4691
f 4610 4696 4553
f 4513 4695 4455
f 4681 4629 4668
f 4560 4655 4671
f 4622 4588 4590
f 4679 4468 4635
f 4634 4690 4698
f 4560 4559 4655
f 4513 4648 4699
f 4406 4700 4358
f 4638 4558 4682
f 4701 4702 4608
f 4680 4619 4703
f 4538 4647 4704
f 4620 4705 4605
f 4699 4706 4707
f 4549 4581 4612
f 4622 4708 4631
f 4571 4591 4656
f 4549 4672 4641
f 4566 4688 4465
f 4234 4477 4605
f 4619 4709 4703
f 4710 4653 4384
f 4577 4684 4711
f 4637 4712 4686
f 4665 4670 4713
f 4636 4714 4705
f 4467 4401 4505
f 4467 4505 4525
f 4715 4716 4663
f 4695 4717 4670
f 4595 4660 4617
f 4716 4504 4508
f 4677 4665 4718
f 4678 4351 4334
f 4655 4719 4671
f 4689 4653 4710
f 4427 4633 4649
f 4695 4513 4699
f 4720 4721 4558
f 4519 4722 4627
f 4573 4677 4723
f 4613 4609 4593
f 4724 4725 4564
f 4672 4680 4726
f 4351 4285 4232
f 4278 4392 4281
f 4466 4727 4662
f 4717 4713 4670
f 4603 4583 4462
f 4598 4728 4564
f 4556 4688 4566
f 4686 4684 4578
f 4729 4696 4682
f 4730 4731 4732
f 4523 4654 4645
f 4497 4727 4466
f 4710 4384 4730
f 4684 4733 4711
f 4521 4641 4513
f 4498 4565 4734
f 4728 4598 4577
f 4468 4540 4634
f 4592 4600 4428
f 4703 4726 4680
f 4361 4575 4099
f 4713 4718 4665
f 4623 4681 4624
f 4540 4315 4434
f 4625 4344 4330
f 4696 4658 4553
f 4438 4372 4492
f 4562 4637 4686
f 4723 4735 4288
f 4519 4736 4722
f 4737 4738 4678
f 4663 4508 4683
f 4574 4573 4723
f 4718 4723 4677
f 4491 4656 4591
f 4682 4558 4729
f 4678 4649 4739
f 4740 4667 4542
f 4528 4657 4675
f 4722 4694 4627
f 4619 4616 4709
f 4717 4695 4699
f 4636 4689 4714
f 4692 4741 4587
f 4620 4636 4705
f 4465 4688 4742
f 4743 4659 4645
f 4629 4542 4667
f 4535 4580 4628
f 4710 4744 4689
f 4655 4652 4719
f 4535 4632 4552
f 4659 4614 4594
f 4641 4745 4648
f 4696 4729 4746
f 4747 4602 4369
f 4747 4748 4602
f 4489 4749 4302
f 4491 4750 4656
f 4709 4616 4751
f 4640 4712 4637
f 4673 4249 4267
f 4628 4606 4622
f 4652 4632 4719
f 4752 4753 4754
f 4684 4686 4733
f 4713 4717 4755
f 4756 4725 4757
f 4749 4489 4666
f 4699 4758 4717
f 4491 4759 4750
f 4645 4654 4743
f 4728 4711 4760
f 4761 4631 4762
f 4621 4593 4411
f 4681 4668 4624
f 4250 4459 4456
f 4738 4351 4678
f 4738 4642 4351
f 4644 4459 4354
f 4718 4763 4723
f 4329 4289 4630
f 4728 4724 4564
f 4711 4764 4765
f 4618 4766 4663
f 4353 4352 4767
f 4709 4768 4703
f 4742 4688 4687
f 4641 4726 4745
f 4716 4508 4663
f 4769 4743 4770
f 4769 4659 4743
f 4758 4755 4717
f 4741 4406 4405
f 4360 4575 4361
f 4668 4771 4624
f 4587 4741 4405
f 4558 4721 4729
f 4689 4744 4714
f 4710 4772 4744
f 4744 4773 4714
f 4667 4774 4668
f 4659 4769 4614
f 4669 4445 4624
f 4644 4752 4754
f 4686 4712 4775
f 4776 4746 4729
f 4646 4702 4777
f 4726 4778 4745
f 4658 4730 4384
f 4597 4747 4369
f 4771 4668 4774
f 4718 4755 4763
f 4747 4779 4780
f 4719 4632 4781
f 4782 4783 4541
f 4784 4761 4762
f 4785 4615 4748
f 4616 4518 4348
f 4783 4490 4643
f 4657 4656 4750
f 4574 4723 4288
f 4719 4786 4671
f 4775 4733 4686
f 4675 4787 4788
f 4596 4344 4625
f 4694 4789 4790
f 4525 4791 4526
f 4758 4699 4707
f 4736 4789 4722
f 4724 4728 4760
f 4733 4764 4711
f 4360 4510 4618
f 4618 4472 4575
f 4792 4793 4794
f 4700 4486 4358
f 4729 4721 4776
f 4278 4462 4583
f 4617 4795 4536
f 4743 4654 4796
f 4743 4796 4770
f 4660 4797 4617
f 4646 4608 4702
f 4798 4799 4687
f 4675 4657 4787
f 4712 4640 4545
f 4710 4730 4772
f 4748 4615 4602
f 4800 4709 4751
f 4768 4801 4778
f 4705 4664 4605
f 4802 4770 4803
f 4662 4804 4589
f 4786 4719 4781
f 4641 4672 4726
f 4805 4797 4660
f 4771 4806 4624
f 4802 4769 4770
f 4773 4744 4772
f 4280 4807 4651
f 4664 4808 4674
f 4617 4809 4795
f 4768 4800 4801
f 4755 4758 4810
f 4720 4558 4328
f 4746 4776 4811
f 4774 4667 4812
f 4590 4813 4708
f 4806 4669 4624
f 4771 4814 4806
f 4673 4537 4614
f 4545 4775 4712
f 4622 4590 4708
f 4815 4816 4817
f 4818 4625 4626
f 4718 4713 4755
f 4818 4596 4625
f 4694 4470 4520
f 4699 4648 4706
f 4588 4662 4589
f 4819 4706 4648
f 4733 4775 4764
f 4820 4821 4822
f 4696 4746 4658
f 4726 4768 4778
f 4823 4824 4825
f 4662 4727 4804
f 4751 4785 4826
f 4736 4827 4789
f 4694 4722 4789
f 4828 4829 4830
f 4538 4704 4666
f 4707 4810 4758
f 4769 4802 4614
f 4741 4692 4830
f 4632 4652 4552
f 4544 4543 4831
f 4832 4833 4834
f 4506 4556 4566
f 4633 4427 4428
f 4621 4691 4593
f 4800 4751 4835
f 4590 4589 4813
f 4505 4504 4716
f 4836 4776 4721
f 4338 4551 4414
f 4657 4750 4787
f 4754 4687 4556
f 4837 4838 4763
f 4171 4640 4637
f 4596 4287 4344
f 4786 4781 4805
f 4527 4740 4542
f 4503 4556 4502
f 4664 4714 4808
f 4772 4839 4773
f 4540 4639 4690
f 4675 4788 4676
f 4592 4428 4446
f 4840 4811 4776
f 4771 4841 4814
f 4827 4790 4789
f 4673 4614 4802
f 4768 4709 4800
f 4693 4647 4613
f 4835 4751 4826
f 4728 4577 4711
f 4812 4841 4774
f 4819 4842 4843
f 4776 4836 4840
f 4823 4727 4824
f 4711 4844 4760
f 4742 4799 4845
f 4804 4846 4847
f 4754 4798 4687
f 4800 4835 4801
f 4726 4703 4768
f 4847 4589 4804
f 4808 4773 4839
f 4816 4848 4817
f 4761 4781 4631
f 4505 4716 4525
f 4849 4730 4732
f 4786 4660 4671
f 4526 4734 4565
f 4676 4788 4740
f 4720 4328 4584
f 4787 4850 4851
f 4775 4545 4852
f 4802 4853 4673
f 4785 4748 4854
f 4798 4754 4753
f 4810 4707 4855
f 4788 4856 4740
f 4536 4795 4697
f 4834 4857 4858
f 4781 4761 4805
f 4787 4759 4850
f 4859 4813 4589
f 4352 4249 4673
f 4643 4490 4337
f 4860 4693 4861
f 4618 4661 4766
f 4706 4855 4707
f 4721 4720 4836
f 4498 4824 4497
f 4839 4772 4849
f 4724 4760 4725
f 4589 4847 4859
f 4810 4837 4763
f 4545 4862 4852
f 4756 4757 4863
f 4704 4864 4666
f 4370 4468 4510
f 4811 4658 4746
f 4697 4861 4691
f 4763 4865 4735
f 4592 4866 4600
f 4865 4867 4735
f 4531 4736 4519
f 4790 4827 4820
f 4714 4773 4808
f 4742 4687 4799
f 4819 4648 4842
f 4691 4693 4593
f 4770 4796 4868
f 4648 4745 4842
f 4650 4551 4280
f 4855 4837 4810
f 4783 4782 4869
f 4634 4698 4870
f 4486 4608 4515
f 4808 4871 4674
f 4771 4774 4841
f 4788 4851 4856
f 4835 4872 4801
f 4804 4727 4846
f 4811 4840 4873
f 4730 4849 4772
f 4872 4835 4826
f 4664 4705 4714
f 4615 4751 4616
f 4786 4805 4660
f 4840 4874 4873
f 4257 4521 4513
f 4531 4821 4736
f 4498 4875 4824
f 4876 4877 4878
f 4289 4867 4630
f 4801 4879 4778
f 4723 4763 4735
f 4838 4880 4881
f 4741 4830 4406
f 4813 4859 4882
f 4841 4812 4883
f 4796 4884 4868
f 4821 4820 4827
f 4700 4685 4486
f 4787 4750 4759
f 4839 4885 4886
f 4760 4844 4887
f 4850 4759 4888
f 4889 4859 4847
f 4890 4891 4353
f 4646 4449 4608
f 4797 4817 4809
f 4855 4706 4892
f 4842 4745 4893
f 4811 4730 4658
f 4814 4894 4895
f 4756 4884 4725
f 4802 4803 4853
f 4813 4882 4708
f 4857 4883 4812
f 4872 4896 4801
f 4798 4753 4897
f 4764 4775 4852
f 4770 4868 4803
f 4784 4762 4898
f 4808 4886 4871
f 4864 4899 4666
f 4698 4690 4794
f 4819 4892 4706
f 4844 4900 4887
f 4503 4644 4754
f 4745 4879 4893
f 4584 4901 4877
f 4693 4860 4902
f 4903 4836 4720
f 4847 4846 4889
f 4814 4841 4883
f 4765 4904 4844
f 4788 4787 4851
f 4837 4855 4905
f 4663 4906 4907
f 4782 4541 4908
f 4428 4382 4446
f 4739 4649 4633
f 4761 4909 4805
f 4739 4633 4601
f 4910 4882 4859
f 4859 4889 4910
f 4803 4911 4853
f 4860 4861 4912
f 4792 4690 4436
f 4840 4836 4874
f 4913 4858 4740
f 4551 4650 4604
f 4596 4818 4914
f 4915 4916 4917
f 4736 4821 4827
f 4755 4810 4763
f 4875 4918 4824
f 4851 4919 4856
f 4830 4829 4406
f 4693 4902 4647
f 4700 4406 4829
f 4891 4752 4644
f 4891 4644 4354
f 4820 4822 4807
f 4491 4920 4888
f 4892 4905 4855
f 4921 4875 4734
f 4922 4749 4666
f 4597 4779 4747
f 4839 4849 4885
f 4919 4851 4850
f 4852 4765 4764
f 4923 4896 4872
f 4545 4544 4862
f 4531 4822 4821
f 4905 4838 4837
f 4887 4725 4760
f 4924 4791 4925
f 4630 4916 4626
f 4110 4543 4171
f 4867 4288 4735
f 4807 4926 4651
f 4711 4765 4844
f 4883 4894 4814
f 4761 4784 4909
f 4927 4889 4846
f 4543 4928 4831
f 4892 4819 4929
f 4503 4754 4556
f 4910 4889 4930
f 4605 4436 4323
f 4465 4742 4603
f 4759 4491 4888
f 4353 4891 4354
f 4819 4843 4929
f 4902 4704 4647
f 4885 4849 4732
f 4931 4904 4765
f 4884 4796 4725
f 4798 4897 4799
f 4811 4873 4730
f 4920 4490 4783
f 4882 4932 4708
f 4872 4826 4923
f 4823 4846 4727
f 4902 4864 4704
f 4808 4839 4886
f 4780 4933 4748
f 4852 4931 4765
f 4843 4842 4934
f 4882 4930 4932
f 4834 4883 4857
f 4762 4932 4935
f 4921 4734 4526
f 4919 4936 4937
f 4919 4938 4936
f 4868 4939 4803
f 4854 4748 4933
f 4846 4823 4927
f 4715 4663 4907
f 4938 4850 4888
f 4814 4895 4806
f 4939 4911 4803
f 4889 4940 4930
f 4725 4654 4564
f 4899 4941 4942
f 4797 4809 4617
f 4836 4903 4874
f 4853 4911 4943
f 4795 4809 4697
f 4905 4892 4944
f 4945 4731 4730
f 4742 4845 4603
f 4737 4946 4947
f 4904 4931 4948
f 4615 4785 4751
f 4892 4929 4944
f 4661 4679 4949
f 4894 4883 4834
f 4642 4738 4950
f 4931 4951 4948
f 4856 4913 4740
f 4952 4757 4900
f 4763 4881 4865
f 4878 4583 4603
f 4867 4289 4288
f 4953 4823 4825
f 4868 4954 4939
f 4856 4919 4937
f 4793 4955 4956
f 4896 4923 4957
f 4766 4661 4958
f 4766 4958 4906
f 4882 4910 4930
f 4752 4891 4890
f 4925 4791 4716
f 4959 4933 4780
f 4879 4801 4896
f 4885 4960 4886
f 4899 4961 4941
f 4352 4853 4962
f 4762 4708 4932
f 4854 4933 4959
f 4715 4925 4716
f 4784 4963 4909
f 4302 4543 4110
f 4669 4964 4592
f 4871 4886 4960
f 4693 4691 4861
f 4830 4692 4965
f 4747 4780 4748
f 4739 4601 4946
f 4966 4923 4826
f 4873 4874 4945
f 4842 4893 4967
f 4919 4850 4938
f 4903 4968 4874
f 4927 4969 4940
f 4951 4544 4831
f 4895 4669 4806
f 4762 4631 4708
f 4897 4970 4971
f 4918 4972 4973
f 4838 4944 4880
f 4974 4650 4975
f 4896 4893 4879
f 4491 4490 4920
f 4938 4888 4936
f 4685 4700 4829
f 4976 4785 4854
f 4868 4884 4954
f 4959 4780 4977
f 4978 4943 4911
f 4927 4823 4953
f 4790 4280 4694
f 4979 4974 4975
f 4634 4540 4690
f 4937 4913 4856
f 4980 4702 4981
f 4899 4922 4666
f 4860 4982 4902
f 4885 4732 4983
f 4527 4676 4740
f 4834 4833 4894
f 4854 4959 4976
f 4923 4966 4957
f 4963 4784 4898
f 4799 4984 4845
f 4497 4824 4727
f 4895 4894 4833
f 4909 4797 4805
f 4604 4908 4541
f 4939 4978 4911
f 4961 4982 4941
f 4757 4725 4887
f 4966 4826 4985
f 4986 4601 4987
f 4897 4971 4984
f 4766 4906 4663
f 4939 4988 4978
f 4796 4654 4725
f 4697 4989 4861
f 4918 4825 4824
f 4960 4885 4983
f 4960 4990 4871
f 4982 4991 4941
f 4779 4977 4780
f 4737 4678 4739
f 4280 4470 4694
f 4888 4992 4936
f 4962 4767 4352
f 4889 4927 4940
f 4737 4993 4738
f 4683 4472 4663
f 4994 4920 4783
f 4584 4903 4720
f 4860 4912 4982
f 4912 4995 4996
f 4740 4812 4667
f 4951 4997 4948
f 4873 4945 4730
f 4791 4921 4526
f 4998 4756 4863
f 4999 5000 4965
f 4967 5001 4842
f 4838 4905 4944
f 4989 4697 5002
f 4737 4739 4946
f 4830 5000 5003
f 4916 4630 5004
f 4904 4900 4844
f 4767 5005 5006
f 4874 5007 4945
f 4976 5008 5009
f 4930 4940 5010
f 4600 4987 4601
f 4950 4965 4642
f 5011 4957 4966
f 4871 4955 4674
f 4895 5012 5013
f 4899 4864 4961
f 4912 4996 4982
f 4943 4978 4962
f 5007 4874 4968
f 4898 5014 4963
f 5007 4968 5015
f 4950 4738 4993
f 4929 5016 4944
f 4965 4692 4642
f 4976 4959 4977
f 4781 4632 4631
f 4807 4790 4820
f 4990 4960 5017
f 5018 4832 5019
f 4583 4901 4584
f 4690 4792 4794
f 4918 4921 4972
f 4783 4643 4541
f 4697 4809 4848
f 4983 5017 4960
f 5020 5021 4762
f 4909 5022 4797
f 4828 4830 5003
f 4930 5010 4932
f 5023 4731 5024
f 4884 4756 4954
f 4944 5016 4880
f 5025 4937 5026
f 5027 4685 4829
f 4635 4634 4870
f 4913 4937 5025
f 5028 4929 4843
f 4988 4954 5029
f 4753 4752 4890
f 4988 4939 4954
f 5028 4843 4934
f 4992 4888 4920
f 4785 4976 5009
f 4927 4953 4969
f 4832 4834 4858
f 4807 4822 4926
f 5030 4986 4987
f 5022 4963 5014
f 4951 4862 4544
f 5031 5032 5033
f 4978 4988 5034
f 4745 4778 4879
f 5035 5010 4940
f 5022 4817 4797
f 4468 4679 4510
f 4985 5011 4966
f 4895 4964 4669
f 4957 5011 5036
f 4940 4969 5035
f 5015 4968 4877
f 4895 4833 5012
f 4762 5021 4898
f 4792 4436 4674
f 5034 4962 4978
f 4937 4936 5026
f 4931 4852 4862
f 4920 4994 4992
f 4921 4791 4924
f 4931 4862 4951
f 5017 5037 4990
f 4909 4963 5022
f 4957 4893 4896
f 5014 4898 5038
f 5039 4928 4543
f 5007 5024 4945
f 4964 5040 5041
f 4989 4995 4861
f 4913 5025 4858
f 5042 5016 4929
f 4731 4945 5024
f 5021 5038 4898
f 4880 5016 5043
f 4955 4990 5037
f 4998 4954 4756
f 4697 4848 5002
f 4525 4716 4791
f 5042 4929 5028
f 5015 4877 5044
f 4818 4626 4916
f 5025 5026 5045
f 4952 4900 4904
f 4881 5046 5047
f 5048 4982 4996
f 5017 4983 5049
f 4777 4779 4646
f 4908 5050 5051
f 4952 5052 4757
f 4982 4961 4902
f 5053 4969 4953
f 5054 5055 5052
f 4737 4947 4993
f 5056 4970 4890
f 4948 5054 4904
f 4958 4661 4949
f 5057 4732 5058
f 5059 5029 4998
f 4955 4793 4674
f 4583 4878 4901
f 4970 4753 4890
f 4698 4794 5060
f 5061 5036 5011
f 4914 5062 4926
f 4731 5058 4732
f 5013 5063 5064
f 5014 5065 5022
f 4597 4646 4779
f 5011 4985 5061
f 4994 4783 4869
f 4601 4986 4946
f 5013 5012 5063
f 4995 4912 4861
f 4828 5027 4829
f 5035 4969 5066
f 4584 4968 4903
f 5010 5035 5067
f 4906 5068 4907
f 5037 5017 5049
f 5016 5042 5043
f 4701 4608 4685
f 5069 5070 4865
f 5023 5024 5071
f 4973 5072 4918
f 4777 4980 5073
f 4880 5043 4881
f 5029 5034 4988
f 4825 5074 4953
f 5054 4948 4997
f 4922 4899 4942
f 4985 4826 4785
f 5075 5076 5077
f 5007 5015 5024
f 4998 4863 5078
f 4895 5013 4964
f 4969 5053 5066
f 4974 5050 4908
f 5065 5014 5038
f 4799 4897 4984
f 5037 5079 4955
f 5054 5052 4952
f 4790 4807 4280
f 5013 5040 4964
f 4936 4992 5026
f 4976 5080 5008
f 5020 4762 4935
f 5042 5028 4934
f 4962 5034 5081
f 4870 4698 5060
f 5056 4890 4353
f 5074 5053 4953
f 4732 5057 5049
f 4793 4792 4674
f 4842 5001 4934
f 5010 5067 4935
f 4985 5082 5083
f 5036 4967 4893
f 4997 4951 5084
f 5023 5058 4731
f 4902 4961 4864
f 5070 5004 4867
f 5022 5085 4817
f 4881 5043 5046
f 5067 5035 5086
f 5029 4954 4998
f 5084 4951 4831
f 5049 5087 5037
f 5083 5061 4985
f 5025 5045 4858
f 4825 5088 5074
f 4928 5089 5090
f 4985 5009 5082
f 4897 4753 4970
f 5036 5061 5091
f 5051 5092 4782
f 5035 5066 5086
f 5027 4701 4685
f 5038 5021 5093
f 4995 5094 4996
f 5072 5088 4825
f 5095 4949 4679
f 4832 5012 4833
f 5079 4956 4955
f 4956 5096 5097
f 4871 4990 4955
f 4991 5098 4942
f 5040 5013 5064
f 5079 5087 5096
f 4848 4809 4817
f 5036 5091 4967
f 5020 5093 5021
f 5008 5099 5100
f 5101 4994 5102
f 4830 4965 5000
f 5103 5024 5015
f 5038 5104 5065
f 5042 5105 5043
f 4832 5063 5012
f 4934 5106 5042
f 5094 4995 5107
f 5034 5029 5108
f 4777 5073 4779
f 5054 4997 5109
f 5052 5055 4757
f 5061 5110 5091
f 5060 4794 5111
f 5034 5108 5081
f 5030 4987 5112
f 5041 5113 4964
f 4782 4908 5051
f 5054 4952 4904
f 5053 5074 5114
f 5115 4603 4845
f 4498 4734 4875
f 4992 5116 5026
f 4974 4908 4604
f 4866 4987 4600
f 5099 5117 5100
f 5024 5103 5071
f 5022 5065 5085
f 4918 5072 4825
f 5105 5042 5106
f 5087 5049 5118
f 5119 5120 4928
f 5104 5038 5093
f 4740 4857 4812
f 5068 4958 4949
f 5075 4924 4925
f 4932 5010 4935
f 5067 5121 4935
f 4763 4838 4881
f 4970 5122 4971
f 5123 5002 4848
f 5059 4998 5078
f 4956 5097 5124
f 4635 4870 5125
f 5058 5126 5127
f 5085 5065 5104
f 4877 5128 5044
f 4935 5129 5020
f 4999 4965 4950
f 5084 5120 5130
f 5131 4793 4956
f 5087 5118 5096
f 4991 5048 5098
f 5057 5118 5049
f 4832 5132 5019
f 4935 5133 5129
f 5103 5015 5044
f 5134 5045 5026
f 4989 5002 5107
f 5070 4867 4865
f 5063 5135 5064
f 5029 5059 5108
f 5061 5083 5110
f 5120 5136 5130
f 4863 4757 5055
f 4997 5084 5109
f 5094 5137 5048
f 4596 4914 4531
f 4866 5113 5112
f 5106 4934 5138
f 4983 4732 5049
f 5137 5094 5107
f 5070 4917 5004
f 5083 5082 5110
f 5080 4977 4779
f 4967 5139 5001
f 5023 5071 5140
f 5141 5050 4974
f 4914 5142 5062
f 5143 5144 5060
f 5075 4925 5076
f 5018 5063 4832
f 4876 4878 5145
f 5141 4974 4979
f 5146 5080 4779
f 4935 5147 5133
f 5033 4679 4635
f 4989 5107 4995
f 5001 5138 4934
f 5027 5148 5149
f 5026 5116 5134
f 5093 5020 5129
f 4957 5036 4893
f 5150 4984 5151
f 5149 4701 5027
f 5152 5151 4984
f 4853 4943 4962
f 4976 4977 5080
f 4353 5153 5154
f 5155 5086 5066
f 5135 5156 5064
f 4970 5056 5122
f 4777 4702 4980
f 5093 5157 5104
f 5158 5071 5103
f 4987 4866 5112
f 5106 5159 5105
f 5079 5037 5087
f 5160 5146 4779
f 5161 5050 5141
f 5161 5051 5050
f 4818 5162 4914
f 5058 5140 5126
f 5163 5164 4858
f 5165 5137 5107
f 5108 5166 5081
f 5114 5088 5167
f 5168 5169 5170
f 5069 4881 5047
f 4964 4866 4592
f 4964 5113 4866
f 5135 5063 5018
f 5131 4956 5124
f 5045 5134 5163
f 5060 5144 5125
f 5171 5082 5009
f 4994 5101 5172
f 5088 5173 5167
f 5174 5108 5059
f 4971 5152 4984
f 4857 4740 4858
f 5175 4925 4715
f 5109 5084 5130
f 4918 4875 4921
f 5149 4981 4701
f 5161 5141 4979
f 5071 5158 5140
f 5176 5110 5082
f 5159 5106 5138
f 5003 5000 5177
f 5105 5159 5178
f 4352 4673 4853
f 5157 5093 5129
f 5003 5177 5148
f 4994 5172 5116
f 4877 4901 4878
f 4914 4926 4822
f 5152 5122 5179
f 5180 5181 5182
f 5085 5104 5183
f 5114 5066 5053
f 4757 4887 4900
f 5059 5184 5174
f 5185 4975 4650
f 5186 5095 4679
f 5118 5057 5187
f 5188 5153 5006
f 5148 4828 5003
f 5189 5190 5191
f 5103 5044 5158
f 5048 4996 5094
f 4815 4817 5085
f 5105 5178 5046
f 4956 5079 5096
f 5125 4870 5060
f 5045 5163 4858
f 5009 5008 5171
f 5155 5192 5193
f 5156 5135 5194
f 5084 4831 5120
f 5059 5078 5184
f 5195 5196 5197
f 5188 5198 5199
f 5109 5200 5054
f 5096 5118 5187
f 5033 5186 4679
f 5086 5155 5201
f 5040 5064 5156
f 5000 4999 5177
f 4972 5202 4973
f 5018 5194 5135
f 5176 5171 5203
f 5134 5172 5204
f 5004 4630 4867
f 5171 5205 5203
f 5041 5206 5113
f 5110 5176 5207
f 4974 4604 4650
f 5056 4353 5154
f 4924 4972 4921
f 5108 5174 5208
f 5209 5210 5162
f 4993 5211 4950
f 5051 5161 5092
f 5208 5166 5108
f 5155 5167 5192
f 5204 5163 5134
f 4702 4701 4981
f 5200 5109 5130
f 5114 5155 5066
f 5001 5212 5138
f 5031 4635 5125
f 5134 5116 5172
f 4958 5068 4906
f 5031 5033 4635
f 5213 4993 4947
f 5129 5214 5157
f 5215 5140 5158
f 5138 5216 5159
f 5058 5023 5140
f 5217 5187 5190
f 5161 4979 5092
f 5097 5096 5218
f 5086 5121 5067
f 5073 5160 4779
f 5104 5157 5183
f 5081 5166 5219
f 4302 4922 4543
f 5008 5100 5205
f 5193 5201 5155
f 5220 5206 5041
f 5187 5218 5096
f 4980 4981 5221
f 5156 5041 5040
f 5033 5032 5186
f 5088 5222 5223
f 4916 5004 4917
f 4973 5202 5224
f 5194 5225 5156
f 5097 5226 5124
f 5165 5227 5228
f 5171 5008 5205
f 4973 5224 5229
f 5225 5220 5041
f 5230 5158 5044
f 4907 5068 5175
f 5027 4828 5148
f 5043 5105 5046
f 5203 5207 5176
f 5183 5157 5214
f 5152 4971 5122
f 5039 5231 4928
f 5139 5212 5001
f 4968 4584 4877
f 5216 5138 5212
f 5211 5232 4999
f 5194 5018 5233
f 5164 5234 5235
f 4962 5081 4767
f 5236 5237 4863
f 5158 5230 5215
f 5056 5154 5122
f 5114 5167 5155
f 5205 5238 5203
f 5140 5215 5126
f 5124 5226 5131
f 5174 5184 5208
f 5170 5213 4947
f 5178 5159 5216
f 5200 5055 5054
f 5218 5239 5097
f 5184 5237 5240
f 5101 5102 5241
f 4794 4793 5111
f 4980 5221 5242
f 4941 4991 4942
f 5226 5097 5239
f 4249 4352 4354
f 5214 5129 5243
f 5110 5207 5244
f 5156 5225 5041
f 5072 5222 5088
f 5163 5204 5234
f 5073 4980 5242
f 5123 5107 5002
f 5133 5243 5129
f 5236 4863 5245
f 5123 5165 5107
f 5166 5208 5246
f 5192 5173 5247
f 5220 5248 5206
f 5202 4972 5075
f 5173 5249 5247
f 5110 5244 5091
f 5250 5154 5153
f 5187 5217 5218
f 4815 5085 5183
f 4994 5116 4992
f 5150 4845 4984
f 5251 5252 4848
f 5166 5246 5219
f 5099 5080 5146
f 5225 5194 5253
f 5226 5254 5131
f 5234 5255 5235
f 4915 4917 5180
f 5044 5128 5230
f 5256 5257 5150
f 5200 5245 5055
f 5170 4947 4946
f 5113 5258 5112
f 5121 5201 5259
f 5207 5260 5244
f 5086 5201 5121
f 5232 5177 4999
f 5098 5048 5261
f 5233 5253 5194
f 5072 4973 5229
f 4869 5262 5102
f 5185 4651 5195
f 5176 5082 5171
f 5214 5263 5183
f 5264 5165 5228
f 4991 4982 5048
f 5265 5208 5184
f 5193 5192 5266
f 5130 5136 5200
f 5239 5267 5226
f 5268 5126 5215
f 5178 5269 5270
f 5080 5099 5008
f 5204 5172 5271
f 5225 5272 5220
f 5239 5218 5217
f 5216 5212 5269
f 5009 4985 4785
f 5254 5226 5267
f 5248 5220 5272
f 5273 5147 5274
f 5275 5215 5230
f 5127 5057 5058
f 5254 5276 5131
f 5187 5057 5277
f 5165 5123 5252
f 5136 5120 5119
f 5046 5278 5047
f 4926 5196 4651
f 4914 4822 4531
f 5195 4651 5196
f 5279 5280 5151
f 5261 5264 5281
f 5192 5167 5173
f 5069 4917 5070
f 5263 5214 5243
f 5183 5282 4815
f 4877 5283 5128
f 5081 5219 4767
f 5234 5204 5271
f 4924 5075 4972
f 5208 5265 5246
f 5212 5139 5284
f 4816 5251 4848
f 5189 5217 5190
f 5201 5266 5259
f 5126 5285 5127
f 5215 5275 5268
f 5278 5046 5178
f 5286 5287 5288
f 5078 5237 5184
f 5177 5289 5148
f 5119 4928 5090
f 5121 5259 5274
f 5250 5199 5179
f 5267 5239 5290
f 5073 5242 5160
f 5203 5291 5260
f 5095 5292 4949
f 5265 5184 5240
f 5247 5266 5192
f 5293 5233 5019
f 5200 5294 5245
f 5295 5099 5146
f 4793 5131 5111
f 5206 5296 5113
f 5069 4865 4881
f 5297 5031 5125
f 5203 5238 5291
f 4935 5121 5147
f 5217 5290 5239
f 5257 5298 5115
f 5272 5225 5299
f 5300 5142 4914
f 4816 5301 5251
f 5253 5299 5225
f 5212 5270 5269
f 5254 5302 5276
f 5172 5101 5271
f 5256 5150 5303
f 5304 5238 5205
f 5305 5306 5307
f 5178 5216 5269
f 5018 5019 5233
f 5148 5289 5308
f 5162 4818 4916
f 5291 5309 5260
f 5230 5128 5275
f 5272 5310 5248
f 5205 5100 5304
f 5126 5268 5285
f 5243 5133 5311
f 4863 5237 5078
f 5173 5223 5312
f 5313 5314 5315
f 4863 5055 5245
f 5177 5316 5289
f 5253 5233 5293
f 5292 5317 4949
f 5185 5195 5306
f 5318 5319 5143
f 5117 5320 5100
f 5248 5296 5206
f 5150 5280 5303
f 4876 5283 4877
f 5145 5115 5298
f 5147 5311 5133
f 5321 5258 5296
f 5114 5074 5088
f 5303 5280 5279
f 5290 5322 5267
f 4986 5323 5324
f 5164 5163 5234
f 4942 5039 4922
f 5325 5246 5265
f 5136 5326 5200
f 5137 5261 5048
f 5185 4650 4651
f 5088 5223 5173
f 5327 5293 5019
f 5314 5092 4979
f 5243 5328 5263
f 5297 5144 5319
f 5119 5326 5136
f 5254 5267 5302
f 5329 5292 5095
f 4907 5175 4715
f 5238 5330 5291
f 5310 5272 5299
f 5139 5331 5286
f 5115 4878 4603
f 5131 5276 5332
f 5333 5304 5100
f 5113 5296 5258
f 5334 5268 5275
f 5299 5253 5293
f 5162 5210 4914
f 5211 4999 4950
f 4816 4815 5282
f 5266 5247 5335
f 5068 5317 5175
f 5336 5331 5244
f 5337 5300 4914
f 5263 5282 5183
f 5189 5191 5338
f 5240 5237 5339
f 5223 5229 5340
f 5195 5197 5306
f 5341 5333 5320
f 5342 5343 5344
f 5290 5217 5189
f 5212 5284 5270
f 5328 5243 5311
f 5127 5285 5345
f 5268 5334 5285
f 5098 5261 5346
f 4767 5006 5153
f 5265 5240 5325
f 5246 5347 5219
f 5181 5180 4917
f 5196 5062 5142
f 5128 5348 5275
f 5281 5349 5346
f 5112 5258 5350
f 5284 5351 5270
f 5207 5203 5260
f 5147 5121 5274
f 5267 5322 5302
f 5211 5352 5353
f 5283 5348 5128
f 5322 5290 5189
f 5276 5302 5354
f 5248 5310 5296
f 5279 5179 5355
f 5332 5354 5356
f 5357 5358 5283
f 5234 5271 5255
f 5148 5308 5149
f 5256 5303 5359
f 5326 5343 5342
f 5360 5223 5340
f 5299 5361 5310
f 5362 5181 5047
f 4994 4869 5102
f 5304 5333 5363
f 5238 5304 5330
f 4869 4782 5092
f 5099 5295 5117
f 5335 5249 5364
f 5258 5321 5350
f 5365 5095 5186
f 5250 5122 5154
f 5249 5335 5247
f 5365 5329 5095
f 5366 5365 5032
f 5367 5368 5340
f 5200 5342 5294
f 5146 5160 5295
f 5275 5348 5334
f 5293 5369 5299
f 5131 5332 5111
f 5257 4845 5150
f 4986 5324 5168
f 5370 5221 5371
f 5323 5372 5324
f 5270 5278 5178
f 5351 5286 5288
f 5187 5277 5190
f 5310 5361 5373
f 5092 5314 5262
f 5311 5147 5273
f 4986 5168 4946
f 4353 4767 5153
f 5250 5179 5122
f 5210 5337 4914
f 5246 5374 5347
f 5332 5276 5354
f 5144 5297 5125
f 4981 5371 5221
f 5325 5375 5374
f 5330 5309 5291
f 5326 5376 5343
f 5270 5351 5377
f 5101 5241 5271
f 5173 5378 5249
f 5322 5338 5302
f 5361 5379 5373
f 5173 5312 5378
f 5151 5152 5179
f 5344 5380 5236
f 5222 5072 5229
f 5030 5112 5350
f 5150 5151 5280
f 5379 5381 5373
f 5196 5142 5300
f 5341 5363 5333
f 5304 5363 5330
f 5285 5334 5345
f 5360 5340 5368
f 5301 5282 5382
f 5311 5383 5328
f 5188 5199 5250
f 5137 5264 5261
f 5326 5384 5376
f 5273 5274 5385
f 5284 5139 5286
f 5149 5308 5371
f 5242 5221 5370
f 5386 5387 5388
f 5326 5342 5200
f 4981 5149 5371
f 5389 5320 5117
f 5377 5390 5278
f 5391 5392 5321
f 5369 5293 5327
f 5143 5060 5111
f 5351 5284 5286
f 5342 5344 5294
f 5223 5360 5312
f 5180 5209 4915
f 5235 5132 5164
f 5328 5382 5263
f 5354 5302 5393
f 5331 5394 5286
f 5303 5279 5395
f 5396 5378 5312
f 5332 5356 5397
f 5223 5222 5229
f 5235 5255 5398
f 5399 5255 5271
f 5383 5311 5273
f 5325 5240 5375
f 5400 5401 5402
f 5314 4979 4975
f 5312 5360 5396
f 4832 4858 5164
f 5335 5403 5259
f 5117 5295 5404
f 5139 4967 5331
f 5327 5019 5405
f 5334 5406 5345
f 5365 5186 5032
f 5257 5115 4845
f 5407 5330 5363
f 5363 5341 5407
f 5196 5300 5197
f 5408 5283 4876
f 5382 5328 5383
f 5288 5377 5351
f 5249 5378 5364
f 5260 5309 5409
f 5344 5236 5294
f 5294 5236 5245
f 5246 5325 5374
f 5372 5323 5350
f 5338 5393 5302
f 5169 5213 5170
f 5160 5410 5295
f 5279 5151 5179
f 5120 4831 4928
f 5270 5377 5278
f 5317 5068 4949
f 5199 5411 5179
f 5292 5329 5388
f 5361 5369 5379
f 5185 5306 5314
f 5333 5100 5320
f 5327 5412 5369
f 5323 4986 5030
f 5160 5242 5413
f 5378 5396 5414
f 5415 5406 5348
f 5271 5241 5399
f 5336 5416 5331
f 5350 5323 5030
f 5398 5417 5235
f 5322 5189 5338
f 5354 5418 5356
f 5255 5399 5398
f 5419 5420 5421
f 4925 5402 5076
f 5077 5202 5075
f 5393 5418 5354
f 5185 5314 4975
f 5417 5422 5132
f 5423 5396 5360
f 5301 4816 5282
f 5424 5425 5426
f 5412 5379 5369
f 5169 5211 5213
f 5266 5335 5259
f 5413 5242 5370
f 5169 5168 5427
f 5414 5364 5378
f 5168 5170 4946
f 5366 5032 5031
f 5199 5198 5411
f 5374 5428 5347
f 5019 5132 5429
f 5326 5090 5384
f 5303 5395 5359
f 5201 5193 5266
f 5330 5409 5309
f 5355 5179 5411
f 5430 5407 5341
f 5431 5424 5313
f 5252 5432 5165
f 5360 5368 5423
f 5433 5005 4767
f 5273 5434 5383
f 5344 5435 5436
f 5437 5438 5439
f 5380 5440 5236
f 5345 5441 5277
f 5144 5143 5319
f 5209 5180 5182
f 5442 5443 5403
f 5314 5305 5315
f 5145 5408 4876
f 5444 4942 5098
f 5344 5436 5380
f 5445 5390 5377
f 5240 5339 5375
f 5377 5288 5445
f 5396 5423 5446
f 5446 5414 5396
f 5252 5123 4848
f 5089 5384 5090
f 5372 5447 5448
f 5057 5127 5277
f 5438 5031 5439
f 5410 5413 5449
f 5450 5188 5006
f 5332 5143 5111
f 5418 5393 5451
f 5452 5453 5454
f 5211 5353 5232
f 5338 5451 5393
f 4967 5091 5331
f 5421 5256 5359
f 5102 5426 5241
f 5455 5316 5456
f 5361 5299 5369
f 5457 5251 5458
f 5458 5251 5301
f 5459 5339 5237
f 5391 5321 5296
f 5410 5404 5295
f 5391 5373 5460
f 5434 5273 5385
f 5332 5461 5318
f 5181 4917 5069
f 4993 5213 5211
f 4878 5115 5145
f 5257 5256 5421
f 5196 4926 5062
f 5091 5244 5331
f 5418 5462 5356
f 5382 5434 5463
f 5362 5464 5465
f 5423 5368 5466
f 5382 5282 5263
f 5330 5467 5409
f 5439 5031 5297
f 5468 5469 5340
f 5287 5470 5471
f 5407 5430 5467
f 5241 5426 5472
f 4925 5175 5402
f 5399 5241 5472
f 5145 5298 5408
f 5251 5457 5252
f 5389 5473 5474
f 5447 5350 5475
f 5476 5446 5423
f 5374 5477 5428
f 5288 5287 5445
f 5236 5440 5237
f 5127 5345 5277
f 5347 5478 5219
f 5479 5336 5480
f 5364 5414 5481
f 5440 5482 5459
f 5345 5406 5441
f 5472 5398 5399
f 5343 5376 5435
f 5332 5318 5143
f 5287 5394 5470
f 5432 5227 5165
f 5390 5483 5278
f 5379 5412 5484
f 5418 5451 5485
f 5469 5367 5340
f 5486 5439 5297
f 5422 5429 5132
f 5406 5334 5348
f 5326 5119 5090
f 5414 5446 5476
f 5274 5259 5403
f 5281 5487 5349
f 5132 4832 5164
f 5488 5264 5228
f 5489 5375 5339
f 5397 5356 5462
f 5455 5308 5289
f 5490 5491 5371
f 5252 5457 5432
f 5292 5388 5317
f 5278 5362 5047
f 5440 5459 5237
f 5117 5404 5389
f 5492 5077 5076
f 5264 5137 5165
f 5462 5418 5485
f 5417 5398 5493
f 5423 5466 5494
f 5089 5231 5495
f 5368 5367 5466
f 5077 5496 5202
f 5497 5498 5432
f 5092 5262 4869
f 5381 5379 5484
f 5375 5489 5477
f 5499 5500 5473
f 5261 5281 5346
f 5257 5421 5298
f 5436 5482 5380
f 5501 5367 5469
f 5455 5289 5316
f 5451 5338 5502
f 5503 5504 5498
f 5505 5467 5430
f 5461 5332 5397
f 5490 5371 5308
f 5283 5358 5348
f 5274 5443 5506
f 5373 5381 5460
f 5321 5475 5350
f 5364 5403 5335
f 5476 5481 5414
f 5434 5385 5507
f 5445 5287 5471
f 5508 5197 5300
f 5374 5375 5477
f 5384 5089 5495
f 5438 5366 5031
f 5400 5402 5175
f 5477 5509 5428
f 5468 5229 5224
f 5483 5471 5510
f 5397 5462 5511
f 5385 5274 5506
f 5437 5439 5512
f 5513 5439 5486
f 5349 5514 5346
f 5039 5444 5515
f 5488 5228 5504
f 5440 5380 5482
f 5516 5485 5517
f 5457 5497 5432
f 5476 5423 5494
f 5493 5422 5417
f 5398 5472 5493
f 5504 5228 5227
f 5355 5411 5518
f 5495 5519 5520
f 5513 5512 5439
f 5521 5461 5522
f 5235 5417 5132
f 5320 5389 5474
f 5404 5523 5389
f 5425 5524 5525
f 5483 5362 5278
f 5485 5511 5462
f 5211 5427 5352
f 5474 5505 5430
f 5468 5340 5229
f 5504 5526 5527
f 5434 5507 5528
f 5529 5530 5531
f 5478 4767 5219
f 5162 4916 4915
f 5177 5232 5316
f 5532 5441 5406
f 5381 5533 5534
f 5491 5370 5371
f 5188 5250 5153
f 5287 5286 5394
f 5367 5535 5466
f 5536 5437 5537
f 5538 5410 5449
f 5485 5502 5517
f 5460 5381 5534
f 5467 5505 5539
f 5211 5169 5427
f 5385 5540 5507
f 5415 5348 5358
f 5277 5441 5541
f 5324 5448 5168
f 5391 5296 5310
f 5542 5543 5527
f 5381 5484 5533
f 5352 5544 5545
f 5477 5546 5509
f 5390 5445 5483
f 5391 5547 5548
f 5320 5430 5341
f 5549 5544 5427
f 5550 5458 5301
f 5426 5525 5472
f 5376 5384 5520
f 5316 5551 5456
f 5492 5496 5077
f 5409 5336 5260
f 5472 5525 5493
f 5498 5552 5553
f 5419 5554 5420
f 5406 5415 5532
f 5394 5555 5470
f 5511 5485 5516
f 5324 5372 5448
f 5160 5413 5410
f 5391 5310 5373
f 5297 5319 5486
f 5487 5543 5556
f 5495 5520 5384
f 5413 5370 5449
f 5557 5558 5357
f 5376 5559 5435
f 5560 5514 5349
f 5344 5343 5435
f 5401 5076 5402
f 5441 5532 5541
f 5428 5509 5561
f 5561 5478 5428
f 5516 5517 5562
f 5481 5563 5403
f 5277 5564 5565
f 5501 5535 5367
f 5364 5481 5403
f 5505 5474 5566
f 5476 5567 5481
f 5568 5535 5569
f 5318 5521 5319
f 5536 5365 5366
f 5434 5528 5463
f 5538 5570 5410
f 5422 5493 5571
f 5316 5353 5551
f 5572 5573 5574
f 5560 5349 5487
f 5498 5497 5552
f 5501 5575 5535
f 5466 5568 5494
f 5566 5539 5505
f 5477 5489 5546
f 5534 5547 5460
f 5576 5577 5544
f 5570 5404 5410
f 5346 5444 5098
f 5392 5391 5548
f 5429 5578 5579
f 5580 5581 5582
f 5483 5445 5471
f 5437 5512 5537
f 5559 5376 5520
f 5385 5506 5540
f 5386 5388 5329
f 5583 5490 5455
f 5496 5584 5224
f 5435 5559 5436
f 5401 5574 5076
f 5411 5198 5518
f 5585 5400 5586
f 5587 5319 5588
f 4942 5444 5039
f 5516 5589 5511
f 5358 5590 5415
f 5591 5449 5491
f 5592 5593 5419
f 5594 5496 5595
f 5596 5517 5502
f 5597 5511 5589
f 5568 5466 5535
f 5403 5563 5598
f 5353 5316 5232
f 5599 5586 5600
f 5483 5601 5362
f 5449 5370 5491
f 5488 5281 5264
f 5476 5494 5567
f 5530 5602 5337
f 5352 5427 5544
f 5405 5484 5412
f 5429 5571 5578
f 5315 5305 5603
f 5480 5604 5605
f 5382 5383 5434
f 5459 5489 5339
f 5606 5501 5469
f 5584 5468 5224
f 5597 5397 5511
f 5319 5607 5486
f 5608 5550 5301
f 5474 5473 5609
f 5609 5566 5474
f 5458 5497 5457
f 5561 5610 5611
f 5471 5555 5612
f 5536 5329 5365
f 5400 5585 5401
f 5426 5425 5525
f 5613 5541 5532
f 5227 5432 5498
f 5318 5461 5521
f 5614 5416 5479
f 5615 5532 5415
f 5616 5537 5512
f 5571 5525 5524
f 5617 5362 5465
f 4922 5039 4543
f 5391 5460 5547
f 5571 5524 5578
f 5524 5618 5578
f 5560 5487 5556
f 4302 4749 4922
f 5448 5549 5168
f 5355 5619 5279
f 5588 5522 5620
f 5621 5591 5491
f 5574 5492 5076
f 5547 5534 5622
f 5621 5490 5583
f 5623 5611 5610
f 5451 5502 5485
f 5514 5560 5515
f 5478 5624 5433
f 5336 5604 5480
f 5527 5488 5504
f 5313 5424 5262
f 5540 5506 5443
f 5429 5625 5019
f 5626 5458 5550
f 5589 5516 5562
f 5458 5626 5552
f 5589 5627 5597
f 5536 5366 5437
f 5597 5522 5397
f 5456 5551 5628
f 5320 5474 5430
f 5520 5629 5559
f 5532 5615 5613
f 5386 5600 5387
f 5533 5622 5534
f 5514 5515 5444
f 5594 5584 5496
f 5609 5500 5630
f 5489 5459 5631
f 5277 5565 5190
f 5355 5518 5619
f 5601 5483 5510
f 5540 5632 5507
f 5461 5397 5522
f 5392 5475 5321
f 5543 5281 5488
f 5394 5416 5555
f 5429 5422 5571
f 5347 5428 5478
f 5559 5629 5633
f 5405 5412 5327
f 5415 5590 5615
f 5416 5336 5479
f 5416 5394 5331
f 5627 5634 5522
f 5559 5633 5436
f 5528 5635 5608
f 5636 5637 5638
f 5515 5556 5542
f 5447 5372 5350
f 5419 5421 5359
f 5566 5609 5639
f 5500 5640 5630
f 5352 5551 5353
f 5537 5600 5386
f 5547 5641 5548
f 5607 5513 5486
f 5597 5627 5522
f 5622 5642 5547
f 5500 5499 5643
f 5570 5644 5523
f 5209 5162 4915
f 5573 5492 5574
f 5504 5227 5498
f 5645 5626 5646
f 5647 5648 5567
f 5562 5649 5589
f 5627 5649 5650
f 5651 5533 5452
f 5541 5613 5652
f 5530 5337 5210
f 5528 5632 5635
f 5300 5337 5508
f 5523 5473 5389
f 5519 5629 5520
f 5523 5499 5473
f 5571 5493 5525
f 5627 5589 5649
f 5653 5654 5475
f 5463 5608 5301
f 5388 5400 5317
f 5346 5514 5444
f 5561 5509 5610
f 5655 5656 5585
f 5277 5541 5564
f 5313 5262 5314
f 5647 5568 5569
f 5501 5606 5575
f 5400 5175 5317
f 5583 5455 5456
f 5463 5301 5382
f 5478 5611 5624
f 5540 5443 5632
f 5554 5419 5593
f 5492 5573 5496
f 5538 5644 5570
f 5657 5658 5039
f 5659 5563 5481
f 5660 5590 5357
f 5527 5543 5488
f 5587 5607 5319
f 5495 5231 5661
f 5614 5555 5416
f 5629 5519 5633
f 5181 5069 5047
f 5627 5650 5634
f 5652 5564 5541
f 5547 5642 5641
f 5503 5498 5553
f 5662 5489 5631
f 5663 5613 5615
f 5494 5647 5567
f 5575 5569 5535
f 5471 5470 5555
f 5210 5582 5531
f 5630 5639 5609
f 5404 5570 5523
f 5424 5664 5665
f 5622 5533 5651
f 5429 5666 5625
f 5562 5517 5667
f 5471 5612 5510
f 5387 5586 5400
f 5517 5596 5667
f 5490 5308 5455
f 5039 5668 5231
f 5450 5669 5670
f 5447 5637 5671
f 5197 5508 5672
f 5604 5409 5673
f 5366 5438 5437
f 5546 5662 5610
f 5442 5403 5598
f 5609 5473 5500
f 5482 5631 5459
f 5674 5675 5676
f 5405 5452 5484
f 5654 5447 5475
f 5615 5590 5663
f 5649 5667 5677
f 5536 5386 5329
f 5606 5469 5678
f 5463 5528 5608
f 5675 5679 5676
f 5642 5651 5680
f 5554 5681 5420
f 5650 5682 5634
f 5586 5599 5683
f 5544 5577 5545
f 5684 5583 5456
f 5436 5633 5685
f 5613 5663 5652
f 5654 5638 5447
f 5495 5686 5519
f 5687 5182 5617
f 5688 5689 5392
f 5509 5546 5610
f 5634 5690 5522
f 5691 5692 5513
f 5693 5395 5619
f 5586 5387 5600
f 5528 5507 5632
f 5649 5677 5650
f 5572 5574 5656
f 5694 5653 5475
f 5662 5546 5489
f 5549 5448 5671
f 5695 5587 5588
f 5696 5697 5698
f 5671 5576 5549
f 5606 5699 5575
f 5588 5521 5522
f 5478 5433 4767
f 5500 5643 5640
f 5504 5503 5526
f 5691 5607 5587
f 5643 5499 5700
f 5649 5562 5667
f 5549 5427 5168
f 5496 5224 5202
f 5678 5468 5584
f 5512 5513 5692
f 5522 5690 5620
f 5699 5701 5702
f 5487 5281 5543
f 5641 5642 5680
f 5691 5587 5695
f 5703 5704 5575
f 5499 5705 5700
f 5555 5706 5612
f 5315 5603 5707
f 5588 5620 5708
f 5424 5665 5524
f 5651 5696 5680
f 5448 5447 5671
f 5526 5709 5527
f 5330 5407 5467
f 5619 5395 5279
f 5565 5191 5190
f 5710 5619 5518
f 5429 5579 5666
f 5337 5602 5508
f 5682 5711 5634
f 5496 5573 5595
f 5678 5469 5468
f 5443 5712 5632
f 5599 5713 5714
f 5478 5561 5611
f 5452 5454 5697
f 5688 5674 5676
f 5690 5634 5711
f 5678 5584 5594
f 5336 5244 5260
f 5510 5715 5716
f 5458 5552 5497
f 5545 5717 5551
f 5684 5456 5628
f 5663 5590 5660
f 5656 5574 5585
f 5688 5392 5674
f 5576 5544 5549
f 5633 5519 5718
f 5567 5659 5481
f 5719 5650 5677
f 5625 5720 5721
f 5357 5590 5358
f 5711 5719 5722
f 5537 5386 5536
f 5647 5569 5648
f 5601 5716 5464
f 5319 5521 5588
f 5645 5552 5626
f 5542 5527 5709
f 5691 5513 5607
f 5699 5702 5723
f 5687 5580 5582
f 5442 5712 5443
f 5530 5210 5531
f 5625 5721 5405
f 5565 5564 5724
f 5515 5725 5039
f 5640 5726 5727
f 5693 5592 5419
f 5450 5670 5728
f 5231 5668 5661
f 5019 5625 5405
f 5674 5641 5675
f 5539 5639 5673
f 5618 5579 5578
f 5614 5479 5729
f 5209 5582 5210
f 5569 5575 5730
f 5424 5426 5102
f 5731 5635 5712
f 5732 5733 5734
f 5577 5735 5736
f 5682 5650 5719
f 5564 5652 5724
f 5499 5523 5705
f 5539 5566 5639
f 5606 5678 5701
f 5630 5640 5737
f 5685 5718 5738
f 5739 5710 5728
f 5740 5741 5742
f 5643 5700 5743
f 5447 5638 5637
f 5555 5729 5706
f 5711 5744 5690
f 5305 5307 5603
f 5640 5643 5726
f 5711 5722 5745
f 5680 5675 5641
f 5699 5703 5575
f 5694 5475 5392
f 5685 5633 5718
f 5700 5746 5747
f 5610 5662 5748
f 5749 5652 5663
f 5688 5750 5689
f 5741 5595 5742
f 5699 5723 5703
f 5636 5638 5751
f 5752 5644 5538
f 5545 5753 5717
f 5569 5730 5648
f 5687 5582 5209
f 5510 5706 5715
f 5392 5548 5674
f 5595 5572 5742
f 5600 5537 5713
f 5754 5752 5538
f 5519 5686 5718
f 5601 5510 5716
f 5494 5568 5647
f 5431 5313 5755
f 5482 5756 5631
f 5623 5610 5748
f 5757 5479 5480
f 5530 5758 5602
f 5724 5759 5565
f 5616 5760 5537
f 5704 5730 5575
f 5642 5622 5651
f 5623 5624 5611
f 5653 5694 5761
f 5667 5762 5677
f 5699 5606 5701
f 5763 5764 5449
f 5638 5654 5751
f 5689 5694 5392
f 5621 5491 5490
f 5765 5723 5702
f 5191 5502 5338
f 5641 5674 5548
f 5700 5747 5743
f 5579 5618 5766
f 5734 5636 5767
f 5644 5752 5705
f 5757 5729 5479
f 5660 5357 5558
f 5454 5768 5769
f 5766 5666 5579
f 5753 5577 5736
f 5436 5756 5482
f 5635 5632 5712
f 5599 5600 5713
f 5754 5538 5449
f 5421 5420 5298
f 5693 5359 5395
f 5585 5574 5401
f 5708 5695 5588
f 5727 5737 5640
f 5551 5717 5628
f 5524 5665 5618
f 5749 5663 5660
f 5408 5357 5283
f 4928 5231 5089
f 5744 5745 5770
f 5652 5749 5724
f 5625 5666 5720
f 5771 5678 5594
f 5604 5336 5409
f 5523 5644 5705
f 5742 5572 5656
f 5692 5772 5616
f 5573 5572 5595
f 5707 5755 5315
f 5683 5585 5586
f 5773 5774 5689
f 5352 5545 5551
f 5719 5677 5762
f 5643 5743 5726
f 5771 5594 5775
f 5667 5596 5762
f 5495 5661 5686
f 5591 5776 5763
f 5688 5676 5750
f 5777 5778 5779
f 5780 5752 5754
f 5702 5701 5778
f 5388 5387 5400
f 5436 5685 5756
f 5592 5693 5739
f 5680 5696 5781
f 5555 5614 5729
f 5542 5782 5783
f 5635 5731 5608
f 5654 5653 5751
f 5624 5784 5433
f 5729 5785 5706
f 5679 5750 5676
f 5683 5655 5585
f 5510 5612 5706
f 5786 5669 5006
f 5443 5274 5403
f 5787 5788 5599
f 5712 5442 5789
f 5557 5357 5408
f 5710 5693 5619
f 5596 5790 5791
f 5452 5405 5453
f 5545 5577 5753
f 5762 5792 5719
f 5591 5621 5776
f 5764 5754 5449
f 5678 5771 5701
f 5675 5680 5781
f 5424 5102 5262
f 5793 5605 5794
f 5795 5796 5705
f 5433 5784 5005
f 5671 5734 5576
f 5729 5757 5785
f 5730 5797 5648
f 5798 5799 5800
f 5723 5801 5703
f 5750 5773 5689
f 5591 5763 5449
f 5737 5673 5639
f 5752 5780 5705
f 5730 5704 5797
f 5802 5797 5803
f 5804 5805 5298
f 5806 5780 5754
f 5655 5807 5808
f 5618 5809 5766
f 5705 5746 5700
f 5771 5779 5701
f 5666 5766 5720
f 5598 5789 5442
f 5595 5741 5775
f 5620 5690 5744
f 5694 5689 5774
f 5770 5745 5810
f 5684 5621 5583
f 5778 5701 5779
f 5811 5747 5746
f 5812 5726 5743
f 5813 5814 5734
f 5747 5812 5743
f 5773 5815 5774
f 5816 5751 5653
f 5542 5556 5543
f 5704 5703 5817
f 5679 5675 5781
f 5740 5818 5813
f 5774 5761 5694
f 5798 5796 5799
f 5819 5820 5821
f 5822 5620 5744
f 5770 5822 5744
f 5686 5823 5718
f 5617 5182 5362
f 5824 5631 5825
f 5542 5709 5782
f 5770 5826 5822
f 5749 5660 5827
f 5628 5717 5753
f 5539 5673 5409
f 5771 5828 5779
f 5711 5682 5719
f 5595 5775 5594
f 5197 5672 5306
f 5616 5512 5692
f 5577 5576 5735
f 5821 5684 5628
f 5811 5800 5829
f 5830 5742 5808
f 5800 5831 5829
f 5307 5832 5603
f 5306 5305 5314
f 5833 5834 5616
f 5637 5636 5734
f 5706 5785 5715
f 5798 5746 5705
f 5582 5581 5835
f 5836 5602 5758
f 5837 5809 5665
f 5624 5623 5838
f 5621 5820 5776
f 5736 5839 5753
f 5671 5637 5734
f 5593 5681 5554
f 5684 5821 5621
f 5759 5724 5840
f 5807 5683 5599
f 5740 5742 5830
f 5773 5841 5815
f 5693 5710 5739
f 5645 5646 5842
f 5843 5758 5530
f 5731 5712 5844
f 5747 5845 5812
f 5750 5679 5846
f 5802 5648 5797
f 5780 5795 5705
f 5838 5784 5624
f 5744 5711 5745
f 5704 5803 5797
f 5847 5620 5822
f 5827 5724 5749
f 5826 5848 5822
f 5757 5480 5793
f 5424 5524 5425
f 5636 5751 5767
f 5793 5785 5757
f 5740 5813 5733
f 5777 5779 5849
f 5771 5775 5828
f 5850 5851 5852
f 5777 5853 5778
f 5692 5691 5772
f 5801 5817 5703
f 5565 5759 5191
f 5821 5820 5621
f 5774 5815 5761
f 5656 5655 5808
f 5826 5770 5854
f 5815 5855 5856
f 5582 5835 5531
f 5811 5798 5800
f 5857 5822 5848
f 5781 5846 5679
f 5796 5858 5859
f 5592 5860 5861
f 5695 5708 5862
f 5659 5567 5863
f 5836 5758 5843
f 5815 5841 5855
f 5864 5623 5748
f 5759 5865 5191
f 5765 5853 5866
f 5686 5661 5823
f 5639 5630 5737
f 5807 5655 5683
f 5760 5713 5537
f 5362 5601 5464
f 5814 5735 5734
f 5741 5867 5775
f 5661 5868 5823
f 5869 5772 5691
f 5857 5848 5870
f 5871 5779 5872
f 5723 5765 5801
f 5873 5738 5718
f 5854 5770 5810
f 5869 5691 5695
f 5871 5849 5779
f 5808 5807 5874
f 5816 5653 5761
f 5875 5806 5764
f 5876 5716 5715
f 5452 5533 5484
f 5848 5854 5877
f 5853 5702 5778
f 5598 5563 5878
f 5879 5796 5795
f 5819 5880 5820
f 5881 5824 5825
f 5882 5883 5884
f 5726 5812 5885
f 5798 5705 5796
f 5840 5865 5759
f 5604 5886 5887
f 5747 5888 5845
f 5806 5754 5764
f 5847 5822 5857
f 5869 5695 5862
f 5839 5889 5890
f 5681 5852 5804
f 5776 5891 5892
f 5839 5628 5753
f 5592 5739 5860
f 5760 5834 5714
f 5874 5818 5830
f 5848 5826 5854
f 5529 5843 5530
f 5773 5893 5841
f 5853 5765 5702
f 5766 5894 5720
f 5708 5847 5862
f 5846 5895 5750
f 5896 5886 5604
f 5853 5897 5866
f 5847 5708 5620
f 5665 5809 5618
f 5898 5631 5824
f 5785 5876 5715
f 5722 5719 5899
f 5724 5827 5840
f 5623 5864 5838
f 5811 5746 5798
f 5784 5900 5005
f 5857 5901 5902
f 5903 5904 5905
f 5809 5894 5766
f 5906 5776 5892
f 5882 5660 5558
f 5816 5767 5751
f 5816 5761 5907
f 5908 5793 5794
f 5735 5814 5736
f 5718 5823 5873
f 5906 5764 5763
f 5772 5909 5616
f 5785 5793 5908
f 5903 5855 5904
f 5857 5870 5901
f 5910 5628 5890
f 5745 5911 5810
f 5912 5816 5907
f 5741 5740 5913
f 5789 5598 5914
f 5645 5915 5916
f 5806 5795 5780
f 5796 5859 5799
f 5895 5893 5750
f 5828 5867 5872
f 5906 5763 5776
f 5737 5727 5917
f 5918 5919 5464
f 5848 5877 5920
f 5693 5419 5359
f 5748 5898 5864
f 5788 5874 5807
f 5742 5656 5808
f 5596 5502 5191
f 5800 5799 5921
f 5777 5849 5922
f 5910 5819 5821
f 5848 5920 5870
f 5872 5779 5828
f 5687 5209 5182
f 5879 5795 5923
f 5659 5878 5563
f 5924 5879 5923
f 5738 5756 5685
f 5853 5777 5922
f 5515 5560 5556
f 5867 5828 5775
f 5925 5923 5806
f 5889 5787 5714
f 5645 5553 5552
f 5926 5901 5927
f 5925 5806 5875
f 5858 5901 5928
f 5929 5930 5646
f 5870 5927 5901
f 5910 5821 5628
f 5921 5831 5800
f 5931 5932 5772
f 5806 5923 5795
f 5182 5181 5362
f 5879 5902 5858
f 5931 5772 5869
f 5836 5843 5933
f 5834 5760 5616
f 5903 5761 5856
f 5854 5810 5934
f 5704 5817 5803
f 5824 5935 5898
f 5920 5927 5870
f 5879 5858 5796
f 5596 5936 5937
f 5938 5909 5932
f 5815 5856 5761
f 5903 5905 5939
f 5788 5940 5874
f 5845 5885 5812
f 5817 5801 5941
f 5645 5916 5553
f 5942 5858 5928
f 5943 5944 5871
f 5924 5857 5902
f 5874 5830 5808
f 5847 5857 5924
f 5739 5728 5860
f 5721 5720 5945
f 5899 5719 5792
f 5940 5788 5787
f 5854 5946 5877
f 5665 5664 5947
f 5849 5871 5948
f 5736 5940 5839
f 5949 5880 5819
f 5557 5408 5298
f 5858 5902 5901
f 5799 5859 5950
f 5801 5951 5941
f 5924 5902 5879
f 5819 5910 5952
f 5926 5928 5901
f 5878 5914 5598
f 5876 5953 5464
f 5617 5580 5687
f 5954 5955 5825
f 5858 5942 5859
f 5875 5956 5931
f 5957 5910 5890
f 5526 5958 5709
f 5949 5819 5952
f 5776 5959 5891
f 5772 5932 5909
f 5745 5899 5911
f 5907 5939 5960
f 5940 5889 5839
f 5747 5811 5888
f 5773 5750 5893
f 5961 5846 5962
f 5716 5876 5464
f 5736 5814 5940
f 5950 5921 5799
f 5909 5938 5833
f 5960 5963 5907
f 5784 5838 5964
f 5909 5833 5616
f 5951 5765 5866
f 5938 5932 5956
f 5849 5948 5922
f 5735 5576 5734
f 5924 5862 5847
f 5714 5713 5760
f 5503 5916 5526
f 5923 5925 5862
f 5837 5665 5947
f 5965 5966 5191
f 5931 5869 5862
f 5906 5956 5875
f 5957 5952 5910
f 5605 5604 5887
f 5872 5912 5907
f 5925 5931 5862
f 5967 5889 5968
f 5924 5923 5862
f 5913 5740 5733
f 5871 5969 5948
f 5968 5714 5952
f 5925 5875 5931
f 5931 5956 5932
f 5906 5875 5764
f 5767 5970 5732
f 5740 5830 5818
f 5788 5807 5599
f 5603 5971 5707
f 5970 5912 5872
f 5776 5880 5959
f 5787 5599 5714
f 5776 5820 5880
f 5890 5967 5957
f 5908 5794 5972
f 5602 5973 5508
f 5974 5949 5833
f 5891 5974 5938
f 5839 5890 5628
f 5829 5975 5888
f 5892 5938 5956
f 5959 5974 5891
f 5967 5968 5957
f 5950 5859 5976
f 5741 5913 5867
f 5939 5761 5903
f 5973 5672 5508
f 5829 5831 5977
f 5906 5892 5956
f 5949 5834 5833
f 5894 5809 5837
f 5714 5834 5952
f 5940 5787 5889
f 5892 5891 5938
f 5907 5963 5943
f 5467 5539 5409
f 5967 5890 5889
f 5843 5529 5933
f 5844 5789 5914
f 5949 5974 5959
f 5894 5945 5720
f 5978 5673 5979
f 5949 5959 5880
f 5957 5968 5952
f 5732 5734 5767
f 5859 5942 5980
f 5968 5889 5714
f 5767 5912 5970
f 5964 5900 5784
f 5929 5981 5930
f 5712 5789 5844
f 5949 5952 5834
f 5732 5913 5733
f 5982 5838 5864
f 5974 5833 5938
f 5983 5873 5823
f 5867 5970 5872
f 5913 5732 5970
f 5306 5832 5307
f 5733 5813 5734
f 5898 5662 5631
f 5854 5934 5946
f 5813 5940 5814
f 5853 5922 5897
f 5867 5913 5970
f 5895 5846 5961
f 5912 5767 5816
f 5813 5874 5940
f 5942 5928 5984
f 5811 5829 5888
f 5761 5939 5907
f 5813 5818 5874
f 5951 5985 5941
f 5926 5927 5986
f 5817 5941 5803
f 5871 5944 5969
f 5831 5921 5987
f 5865 5965 5191
f 5939 5905 5988
f 5989 5840 5827
f 5935 5864 5898
f 5942 5984 5980
f 5977 5975 5829
f 5893 5895 5961
f 5865 5989 5965
f 5948 5990 5991
f 5738 5873 5954
f 5660 5992 5827
f 5431 5755 5993
f 5988 5960 5939
f 5926 5984 5928
f 5721 5945 5453
f 5921 5950 5994
f 5567 5648 5802
f 5897 5948 5991
f 5727 5885 5917
f 5793 5480 5605
f 5916 5995 5958
f 5987 5977 5831
f 5963 5960 5996
f 5896 5604 5673
f 5681 5593 5997
f 5873 5983 5954
f 5861 5997 5593
f 5727 5726 5885
f 5864 5935 5982
f 5943 5872 5907
f 5696 5698 5998
f 5731 5550 5608
f 5943 5999 6000
f 5876 5908 5972
f 5664 5431 5947
f 5988 5996 5960
f 5994 5987 5921
f 5868 5983 5823
f 5943 5871 5872
f 5841 6001 6002
f 5878 5659 6003
f 5836 5933 5973
f 5943 5963 5999
f 5944 5943 6000
f 6004 5863 5567
f 5930 5842 5646
f 5745 5722 5899
f 5810 6005 5934
f 5976 5994 5950
f 5865 5840 5989
f 5827 5992 5989
f 5859 5980 5976
f 5946 6006 6007
f 5838 5982 6008
f 5894 6009 5945
f 5914 6010 5844
f 5900 6011 5005
f 5431 5664 5424
f 5903 5856 5855
f 5914 5878 6003
f 5450 5006 5669
f 5920 5877 6007
f 6008 5964 5838
f 5841 5893 6001
f 5984 5926 6012
f 5731 6013 5550
f 6007 6014 5986
f 6015 5935 5824
f 6016 6017 6018
f 5846 5781 5962
f 5860 6019 5861
f 5855 5841 6002
f 5672 5832 5306
f 5996 5988 6020
f 6021 5976 6022
f 5801 5765 5951
f 5681 5298 5420
f 5887 5794 5605
f 5951 5866 5985
f 5681 5804 5298
f 5888 6023 5845
f 5866 5897 6024
f 5976 5980 6022
f 5958 6025 5782
f 5897 5922 5948
f 5963 5996 5999
f 6026 5868 5661
f 5988 5905 6020
f 5659 6027 6003
f 6012 5980 5984
f 5785 5908 5876
f 5975 5977 6028
f 5941 5985 6029
f 5005 6030 5006
f 5986 6012 5926
f 6031 5944 6000
f 5946 5934 6006
f 6005 6006 5934
f 6032 5954 5983
f 5911 6005 5810
f 5681 5997 5852
f 5900 5964 6011
f 5877 5946 6007
f 5916 5503 5553
f 5602 5836 5973
f 6007 6033 6014
f 5844 6010 6013
f 5762 5937 5792
f 5617 5465 5580
f 5977 5987 6034
f 6010 5914 6003
f 5996 6020 5999
f 5958 5782 5709
f 5738 5825 5756
f 6015 5982 5935
f 5978 5896 5673
f 5945 6035 5453
f 5835 5581 6036
f 5515 5542 5725
f 5987 5994 6034
f 6037 5971 5603
f 5660 5882 5992
f 6038 6039 5965
f 6013 6040 6041
f 5866 6024 5985
f 5792 5911 5899
f 5969 5990 5948
f 6042 5672 5973
f 5991 6024 5897
f 6031 5969 5944
f 5894 5837 6009
f 6043 5803 5941
f 6044 5805 5804
f 6013 5731 5844
f 5631 5756 5825
f 6002 5904 5855
f 5994 5976 6021
f 5954 6032 5955
f 5431 6018 5947
f 5450 5518 5198
f 6045 5973 5933
f 6046 6047 6048
f 5876 5972 5953
f 5592 5861 5593
f 5888 6028 6023
f 5982 6015 6008
f 5929 5646 5550
f 6034 6028 5977
f 5983 5868 6049
f 5198 5188 5450
f 6050 5832 6042
f 5431 5993 6051
f 5989 6038 5965
f 5989 5992 6038
f 5966 6039 5790
f 6049 6032 5983
f 5904 6052 5905
f 5794 5887 6053
f 6020 6054 5999
f 5980 6012 6055
f 6021 6034 5994
f 5405 5721 5453
f 6015 5824 6056
f 6012 5986 6055
f 5557 5805 6057
f 5738 5954 5825
f 6004 5567 5802
f 5947 6009 5837
f 5882 5558 6058
f 5898 5748 5662
f 5794 6059 5972
f 6060 5986 6014
f 6059 5953 5972
f 5964 6008 6061
f 5905 6052 6020
f 5696 5452 5697
f 6062 6063 6064
f 5646 5626 5550
f 6003 6065 6010
f 6021 6022 6066
f 5852 5851 5804
f 6007 5927 5920
f 6000 5999 6067
f 6031 6000 6067
f 5964 6061 6011
f 5993 5755 6068
f 5697 5454 5769
f 6035 6069 5453
f 6006 6005 6070
f 6026 5661 5668
f 5887 5886 6053
f 5659 5863 6027
f 5969 6031 6071
f 6002 6001 6072
f 6051 6073 6016
f 6005 5911 6070
f 5755 5707 6074
f 6050 5603 5832
f 6075 5955 6032
f 6055 6022 5980
f 6076 6077 6024
f 6010 6040 6013
f 6009 6035 5945
f 5884 6038 5992
f 6009 6078 6035
f 5991 6076 6024
f 6079 6050 6042
f 5453 6069 5454
f 5431 6016 6018
f 6060 6055 5986
f 6019 5997 5861
f 5645 5842 5915
f 5904 6002 6072
f 6080 6008 6015
f 5882 6058 5883
f 6054 6067 5999
f 5966 5965 6039
f 5915 6064 5995
f 6026 6049 5868
f 6031 6067 6071
f 5786 6081 6082
f 5881 5955 6083
f 6007 5986 5927
f 5947 6018 6009
f 6032 6049 6075
f 6004 6027 5863
f 6052 5904 6072
f 6084 6085 5997
f 6086 6087 5580
f 5995 6088 6089
f 5992 5882 5884
f 5531 6045 5529
f 6090 6053 5886
f 5850 6091 5851
f 6008 6080 6061
f 6023 6034 6066
f 6062 6064 6092
f 6093 6020 6052
f 6094 5842 5930
f 5794 6053 6059
f 6095 6065 6003
f 6069 6078 6096
f 6053 6097 6059
f 6010 6065 6040
f 5464 6086 5465
f 6098 5557 6057
f 5896 6090 5886
f 5782 6025 5783
f 6024 6077 5985
f 6099 5973 6100
f 6013 6041 5550
f 6023 6028 6034
f 6069 6035 6078
f 5916 5958 5526
f 6101 6102 6070
f 5672 6042 5832
f 6080 6015 6056
f 6045 5933 5529
f 6095 6003 6027
f 6084 6019 6103
f 6104 6105 6106
f 5737 5917 5673
f 6038 5884 6039
f 5937 6101 5792
f 6093 6052 6072
f 6067 6093 6107
f 5962 5696 6108
f 6085 5850 5997
f 6053 6090 6097
f 6084 6103 6109
f 5995 6089 5958
f 5966 5790 5596
f 5881 5825 5955
f 6069 6096 5454
f 6061 6110 6011
f 6111 6075 6049
f 5918 5953 6112
f 6113 6078 6009
f 5915 6094 6064
f 6067 6107 6071
f 5781 5696 5962
f 6040 6114 6115
f 6055 6116 6022
f 5966 5596 5191
f 5802 5803 6043
f 6018 6113 6009
f 5896 5978 6090
f 6116 6055 6060
f 6059 6112 5953
f 6094 5930 6117
f 6004 5802 6118
f 6078 6113 6096
f 6110 6119 6011
f 6040 6115 6120
f 6121 6122 6123
f 6124 6027 6004
f 6125 6061 6080
f 6039 6126 5790
f 6014 6127 6060
f 6128 6001 6129
f 6049 6026 6130
f 5993 6068 6051
f 6044 6131 6057
f 6132 6044 5804
f 5915 5995 5916
f 5981 5929 6133
f 5990 5969 6076
f 6075 6134 6083
f 5668 6135 6026
f 5802 6136 6118
f 5885 6137 5917
f 6065 6095 6114
f 6138 6097 6090
f 6139 6039 5884
f 5728 6103 5860
f 6018 6140 6113
f 5919 6141 6086
f 6095 6027 6124
f 6142 6136 5802
f 6130 6111 6049
f 6143 5917 6144
f 6041 6040 6120
f 5918 6112 6145
f 6099 6146 6147
f 6050 6037 5603
f 6127 6148 6116
f 6044 6132 6149
f 6006 6033 6007
f 6096 5768 5454
f 5958 6089 6025
f 6099 6042 5973
f 5802 6043 6150
f 5919 6145 6141
f 5596 5791 5936
f 6039 6139 6126
f 6148 6151 6116
f 5791 5790 6126
f 6124 6004 6118
f 6088 5995 6064
f 5542 5783 5725
f 6080 6056 6125
f 6152 6143 6144
f 6045 6100 5973
f 6059 6097 6112
f 6153 6088 6063
f 5313 5315 5755
f 6071 6107 6076
f 6065 6114 6040
f 6014 6033 6127
f 6047 6083 6048
f 5978 6154 6138
f 6097 6138 6155
f 6156 6093 6072
f 5450 5728 5518
f 6061 6125 6110
f 6135 6130 6026
f 6137 5885 5845
f 6157 6114 6095
f 5919 5918 6145
f 5969 6071 6076
f 6036 6158 6159
f 6092 6094 6117
f 6153 6089 6088
f 5850 5852 5997
f 6095 6124 6157
f 6025 6160 5783
f 6075 6111 6134
f 6132 5851 6091
f 6077 6029 5985
f 6139 5883 6161
f 6162 6163 6145
f 6023 6164 6165
f 6089 6160 6025
f 6041 5929 5550
f 6112 6155 6162
f 5953 5918 5464
f 5805 6044 6057
f 5981 6133 6117
f 5883 6166 6161
f 6139 6161 6126
f 6143 5979 5673
f 6167 6045 6036
f 5596 5937 5762
f 5696 5651 5452
f 6018 6017 6140
f 5768 6096 6168
f 6113 6140 6096
f 6086 6169 6170
f 6159 6171 6167
f 6155 6154 6162
f 6172 6132 6091
f 5978 6138 6090
f 6173 6174 6147
f 6066 6116 6175
f 6126 6166 6176
f 6115 6157 6177
f 6124 6118 6178
f 6101 6179 6102
f 6125 6056 6123
f 6111 6130 6180
f 6115 6114 6157
f 5981 6117 5930
f 6137 6144 5917
f 5465 6086 5580
f 6178 6157 6124
f 6098 5558 5557
f 5911 6101 6070
f 5786 5006 6081
f 5696 5998 6108
f 5937 5936 6181
f 6180 6134 6111
f 6154 6182 6183
f 6067 6054 6093
f 6097 6155 6112
f 6125 6184 6110
f 6132 5804 5851
f 5791 6185 5936
f 6051 6068 6073
f 5769 5768 6186
f 6043 6187 6150
f 6085 6188 6189
f 6019 5860 6103
f 6001 5961 5962
f 6126 6161 6166
f 6063 6088 6064
f 5835 6036 6045
f 5929 6190 6133
f 6168 6186 5768
f 6191 6181 6192
f 6140 6193 6168
f 6098 6131 6194
f 5955 6075 6083
f 6130 6135 6180
f 5657 6195 6196
f 6197 6178 6118
f 6089 6153 6160
f 6135 6198 6180
f 6115 6177 6120
f 5991 5990 6076
f 6022 6116 6066
f 5769 6199 5697
f 6200 6083 6134
f 6201 5978 5979
f 6033 6102 6127
f 6019 6084 5997
f 5531 5835 6045
f 6098 6058 5558
f 5464 5919 6086
f 5791 6176 6185
f 6139 5884 5883
f 6034 6021 6066
f 6110 6184 6119
f 5978 6201 6154
f 6157 6178 6177
f 6140 6168 6096
f 6136 6197 6118
f 6176 6202 6185
f 6203 5850 6204
f 5755 6074 6068
f 6186 6205 5769
f 6011 6119 6030
f 6202 6206 6185
f 6143 5673 5917
f 6085 6109 6188
f 6134 6180 6200
f 6076 6207 6077
f 6155 6138 6154
f 6132 6172 6149
f 6202 6166 6058
f 5805 5557 5298
f 6208 6209 6210
f 6186 6168 6193
f 6056 6121 6123
f 6187 6029 6211
f 5581 5580 6087
f 6044 6149 6212
f 6079 6042 6099
f 6125 6123 6184
f 5769 6205 6199
f 6041 6213 5929
f 6214 6215 6102
f 6216 6201 5979
f 6178 6197 6217
f 6218 6175 6219
f 6098 6194 6220
f 6120 6221 6213
f 6222 6223 6146
f 6099 6222 6146
f 6224 6225 6193
f 6178 6217 6177
f 5824 6121 6056
f 6087 6036 5581
f 5915 5842 6094
f 6036 6159 6167
f 6076 6226 6207
f 6227 6212 6228
f 5791 6126 6176
f 6201 6182 6154
f 5937 6191 6101
f 6041 6120 6213
f 6037 6229 5971
f 6054 6020 6093
f 6202 6058 6220
f 6220 6209 6230
f 6137 6231 6144
f 6112 6162 6145
f 6193 6140 6017
f 6176 6166 6202
f 6047 5881 6083
f 6232 6200 6180
f 6205 6186 6233
f 6151 6175 6116
f 6197 6136 6234
f 6235 6236 6237
f 6172 6238 6239
f 6163 6154 6183
f 5728 5670 6103
f 6193 6233 6186
f 6240 6062 6092
f 6241 6242 6073
f 6149 6243 6212
f 6199 5698 5697
f 6058 6098 6220
f 6184 6244 6119
f 5911 5792 6101
f 6234 6217 6197
f 6190 6245 6235
f 6227 6044 6212
f 5850 6203 6091
f 6199 6205 6233
f 6142 5802 6150
f 6241 6246 6242
f 6104 6092 6117
f 6247 6226 6107
f 6158 6086 6170
f 6201 6216 6182
f 5936 6248 6181
f 5979 6143 6152
f 6200 6232 6048
f 5431 6051 6016
f 5658 5668 5039
f 6222 6100 6249
f 6216 6250 6251
f 6227 6131 6044
f 6127 6252 6148
f 6206 6202 6220
f 5783 6160 6253
f 6037 6254 6229
f 6163 6162 6154
f 6098 6057 6131
f 6233 6193 6225
f 6255 6153 6063
f 5783 6253 5725
f 6218 6066 6175
f 6142 6234 6136
f 6198 6232 6180
f 6256 6103 5786
f 6257 6233 6225
f 6172 6203 6238
f 6147 6079 6099
f 6174 6037 6050
f 5698 6199 6257
f 6216 5979 6250
f 6149 6172 6243
f 5893 5961 6001
f 6233 6257 6199
f 6184 6123 6258
f 6218 6164 6023
f 6217 6259 6177
f 6172 6239 6243
f 6166 5883 6058
f 6100 6167 6249
f 5971 6229 6074
f 5936 6185 6248
f 6260 6135 5668
f 6167 6171 6249
f 6244 6258 6261
f 6172 6091 6203
f 6254 6262 6229
f 6043 5941 6029
f 6227 6263 6131
f 6224 6017 6016
f 6237 6104 6117
f 6240 6092 6104
f 6264 6265 6127
f 6187 6211 6266
f 6182 6216 6251
f 6224 6193 6017
f 6152 6144 6267
f 6169 6086 6141
f 6107 6268 6269
f 5998 5698 6270
f 6258 6271 6261
f 6272 6048 6232
f 6273 6274 6275
f 6135 6260 6198
f 6119 6276 6030
f 6223 6277 6278
f 6191 5937 6181
f 6257 6270 5698
f 6046 6273 6122
f 6120 6259 6221
f 6079 6147 6174
f 6237 6117 6133
f 6217 6279 6259
f 6206 6220 6230
f 6234 6142 6280
f 6123 6122 6258
f 6163 6281 6145
f 6257 6225 6282
f 6185 6206 6248
f 6241 6074 6229
f 6191 6283 6101
f 6108 6284 6285
f 6167 6100 6045
f 6083 6200 6048
f 6137 6023 6165
f 6158 6087 6086
f 6251 6183 6182
f 5979 6152 6250
f 6119 6244 6276
f 6224 6073 6242
f 6248 6192 6181
f 6142 6150 6286
f 5962 6285 6287
f 6270 6288 5998
f 6093 6156 6289
f 6129 6290 6291
f 5962 6108 6285
f 6232 6198 6272
f 6237 6292 6104
f 6293 6240 6106
f 6278 6173 6147
f 6286 6280 6142
f 6217 6234 6279
f 6259 6279 6221
f 6294 6295 6170
f 6284 6296 6285
f 6103 6188 6109
f 6150 6187 6297
f 6298 6224 6299
f 6141 6145 6169
f 6047 6121 5881
f 6152 6300 6250
f 6016 6073 6224
f 6206 6230 6248
f 6204 6085 6189
f 6163 6183 6281
f 6244 6184 6258
f 6240 6104 6106
f 6270 6257 6282
f 6261 6276 6244
f 5657 6196 6301
f 6174 6050 6079
f 6137 6165 6231
f 6187 6043 6029
f 6297 6286 6150
f 6062 6302 6063
f 6103 5670 5786
f 6183 6251 6281
f 6249 6171 6223
f 6235 6237 6133
f 6265 6252 6127
f 6303 6304 6305
f 6224 6242 6306
f 6241 6307 6246
f 6234 6280 6279
f 6241 6229 6262
f 6198 6260 6308
f 6280 6309 6279
f 6243 6228 6212
f 6192 6248 6310
f 6266 6297 6187
f 6308 6260 5658
f 6213 6311 6312
f 6152 6267 6300
f 6288 6270 6313
f 6128 6072 6001
f 6302 6255 6063
f 6198 6314 6272
f 6315 6211 6029
f 6190 6312 6245
f 6192 6316 6191
f 6282 6313 6270
f 6160 6153 6253
f 6317 6241 6262
f 6316 6318 6283
f 6319 6145 6281
f 6145 6319 6169
f 6286 6297 6309
f 6108 6288 6284
f 5005 6011 6030
f 6320 6321 6179
f 6280 6286 6309
f 6251 6322 6281
f 6274 6323 6275
f 6235 6133 6190
f 6324 6325 6001
f 6194 6326 6210
f 6279 6309 6221
f 6213 6221 6311
f 6006 6070 6033
f 6237 6236 6292
f 6250 6322 6251
f 6310 6316 6192
f 6151 6327 6175
f 6301 6328 5658
f 6225 6298 6282
f 5707 5971 6074
f 6218 6219 6329
f 6308 5658 6328
f 6121 5824 5881
f 6253 6153 6255
f 6313 6330 6288
f 6030 6276 6331
f 6144 6332 6267
f 6297 6333 6309
f 6316 6283 6191
f 6131 6263 6194
f 6298 6299 6334
f 6310 6230 6335
f 6046 6048 6336
f 6230 6209 6335
f 6174 6337 6254
f 5888 5975 6028
f 6064 6094 6092
f 6222 6249 6223
f 6267 6338 6300
f 6320 6339 6321
f 6288 6330 6284
f 6313 6282 6340
f 6341 6236 6235
f 6213 6190 5929
f 6283 6320 6101
f 5850 6085 6204
f 6320 6179 6101
f 6342 6294 6170
f 6343 6258 6122
f 6165 6344 6231
f 6250 6300 6322
f 6345 6228 6346
f 6292 6105 6104
f 6287 6347 6324
f 6120 6177 6259
f 6266 6211 6348
f 6243 6349 6346
f 6295 6350 6159
f 6108 5998 6288
f 6297 6266 6333
f 6330 6313 6340
f 6099 6100 6222
f 6351 6341 6235
f 6224 6298 6225
f 6352 6277 6223
f 6298 6340 6282
f 6305 6263 6227
f 6258 6343 6271
f 6287 6324 6001
f 6316 6310 6335
f 6353 6315 6029
f 6345 6303 6305
f 6354 6340 6334
f 6209 6208 6335
f 6077 6355 6353
f 6272 6314 6336
f 6243 6356 6349
f 6351 6235 6245
f 6303 6345 6346
f 6348 6333 6266
f 6236 6357 6292
f 6336 6358 6359
f 6122 6275 6343
f 6342 6170 6169
f 6360 6322 6300
f 6292 6361 6105
f 6347 6362 6324
f 6318 6316 6335
f 6218 6023 6066
f 6340 6298 6334
f 6198 6308 6314
f 6332 6338 6267
f 6204 6238 6203
f 6340 6354 6330
f 6322 6319 6281
f 6284 6330 6354
f 6190 6213 6312
f 6300 6338 6360
f 6261 6271 6363
f 6273 6275 6122
f 6315 6348 6211
f 6173 6277 6364
f 6254 6365 6262
f 6241 6068 6074
f 6322 6360 6366
f 6144 6231 6332
f 6276 6261 6331
f 6367 5725 6368
f 6224 6306 6299
f 6260 5668 5658
f 6369 6370 6208
f 6255 6302 6371
f 6320 6318 6339
f 6253 6255 6371
f 6156 6128 6372
f 6353 6029 6077
f 6354 6334 6373
f 6236 6341 6357
f 6070 6102 6033
f 6030 6331 6374
f 6223 6278 6146
f 6077 6207 6355
f 6319 6366 6375
f 6238 6376 6377
f 6335 6378 6318
f 6321 6379 6179
f 6287 6001 5962
f 6305 6304 6380
f 6189 6376 6204
f 6023 6137 5845
f 6381 6351 6245
f 6312 6311 6382
f 6319 6342 6169
f 6296 6373 6347
f 6345 6305 6227
f 6344 6165 6383
f 6048 6272 6336
f 6333 6384 6309
f 6335 6208 6370
f 6102 6179 6385
f 5728 5710 5518
f 6358 6336 6314
f 6386 6360 6338
f 6036 6087 6158
f 6387 6271 6343
f 6146 6278 6147
f 6378 6339 6318
f 6317 6307 6241
f 6308 6388 6314
f 6238 6377 6389
f 6338 6332 6386
f 6295 6158 6170
f 6214 6102 6385
f 6238 6204 6376
f 6352 6390 6391
f 6103 6256 6188
f 6320 6283 6318
f 6231 6392 6332
f 6357 6361 6292
f 6379 6385 6179
f 6287 6296 6347
f 6194 6393 6394
f 6381 6245 6395
f 6243 6239 6356
f 6293 6106 6396
f 6397 6382 6398
f 6348 6315 6399
f 6271 6387 6363
f 6325 6129 6001
f 6093 6268 6107
f 6400 5786 6082
f 6378 6335 6370
f 6165 6164 6383
f 6241 6073 6068
f 6337 6174 6173
f 6386 6332 6401
f 6402 6395 6312
f 6209 6220 6210
f 6348 6384 6333
f 6228 6345 6227
f 6128 6156 6072
f 6395 6245 6312
f 6315 6353 6403
f 6194 6380 6393
f 6296 6354 6373
f 6343 6275 6387
f 6388 6358 6314
f 6247 6107 6269
f 6240 6302 6062
f 6164 6404 6405
f 6208 6210 6406
f 6289 6156 6407
f 6381 6395 6408
f 6353 6355 6409
f 6339 6369 6410
f 6342 6319 6375
f 6207 6411 6355
f 6386 6366 6360
f 6357 6341 6412
f 6127 6116 6060
f 6261 6363 6331
f 6332 6392 6401
f 6352 6171 6390
f 6359 6046 6336
f 6325 6324 6413
f 6403 6399 6315
f 6346 6228 6243
f 6414 6397 6415
f 6287 6285 6296
f 6240 6293 6371
f 6173 6278 6277
f 6268 6416 6269
f 6215 6127 6102
f 6417 6410 6418
f 6037 6174 6254
f 6321 6339 6410
f 6363 6419 6331
f 6238 6389 6356
f 6351 6412 6341
f 6296 6284 6354
f 6420 6304 6421
f 6215 6422 6264
f 6230 6310 6248
f 6326 6194 6394
f 6423 6424 6307
f 6121 6047 6122
f 6129 6325 6425
f 6164 6405 6383
f 6409 6403 6353
f 6231 6344 6392
f 6214 6385 6426
f 6396 6106 6105
f 6379 6321 6417
f 6226 6076 6107
f 6308 6328 6388
f 6385 6427 6426
f 6428 6429 6365
f 6402 6430 6431
f 6399 6432 6384
f 6293 6396 6433
f 6362 6413 6324
f 6294 6434 6435
f 6411 6409 6355
f 6386 6401 6366
f 6436 6363 6387
f 6226 6437 6207
f 6226 6247 6438
f 6364 6439 6440
f 6344 6441 6392
f 6215 6264 6127
f 6344 6383 6441
f 6195 6442 6196
f 6164 6218 6404
f 6443 6303 6346
f 6358 6444 6359
f 6210 6326 6445
f 6328 6446 6388
f 6447 6376 6189
f 6413 6425 6325
f 6410 6417 6321
f 6351 6448 6412
f 6449 6450 6323
f 6128 6129 6291
f 6422 6451 6264
f 6424 6452 6242
f 6450 6387 6275
f 6350 6453 6159
f 6454 6402 6312
f 6346 6349 6455
f 6339 6370 6369
f 6399 6403 6432
f 6456 6081 5006
f 6385 6417 6427
f 6311 6398 6382
f 6238 6356 6239
f 6428 6337 6457
f 6194 6263 6305
f 6458 6396 6361
f 6425 6290 6129
f 6459 6460 6461
f 6369 6208 6406
f 6359 6462 6273
f 6381 6408 6448
f 6398 6311 6221
f 6363 6436 6419
f 6194 6305 6380
f 6348 6399 6384
f 6459 6373 6334
f 6365 6317 6262
f 6309 6398 6221
f 6463 6434 6375
f 6403 6415 6432
f 6173 6364 6337
f 6188 6447 6189
f 6392 6441 6464
f 6387 6450 6436
f 6359 6273 6046
f 6151 6465 6466
f 6418 6369 6406
f 6301 6446 6328
f 6443 6455 6467
f 6289 6268 6093
f 6291 6372 6128
f 6351 6381 6448
f 6295 6294 6435
f 6352 6223 6171
f 6453 6468 6159
f 6268 6469 6416
f 6432 6398 6384
f 6364 6457 6337
f 6148 6470 6465
f 6413 6362 6461
f 6409 6411 6471
f 6304 6420 6380
f 6339 6378 6370
f 6398 6432 6415
f 6393 6380 6420
f 6358 6388 6444
f 6472 6357 6412
f 6417 6418 6427
f 6373 6459 6347
f 6148 6252 6470
f 6220 6194 6210
f 6247 6269 6473
f 6459 6461 6362
f 6437 6411 6207
f 6350 6295 6435
f 6410 6369 6418
f 6456 6030 6374
f 6265 6264 6474
f 6151 6466 6327
f 6453 6475 6476
f 6385 6379 6417
f 6331 6419 6477
f 6425 6413 6478
f 6312 6382 6454
f 6218 6329 6404
f 6409 6415 6403
f 6407 6479 6289
f 6480 6394 6393
f 6455 6481 6482
f 6215 6426 6422
f 6441 6483 6464
f 6290 6425 6478
f 6151 6148 6465
f 6390 6171 6159
f 6289 6484 6268
f 6273 6462 6274
f 6299 6306 6485
f 6468 6390 6159
f 6437 6471 6411
f 6486 6487 6391
f 6304 6303 6443
f 6289 6479 6484
f 6461 6460 6488
f 6489 6419 6436
f 6461 6478 6413
f 6440 6439 6490
f 6388 6446 6491
f 6492 6391 6390
f 6472 6493 6357
f 6331 6477 6374
f 6480 6393 6420
f 6484 6469 6268
f 6291 6290 6494
f 6226 6438 6437
f 6307 6495 6423
f 6416 6473 6269
f 6254 6428 6365
f 6219 6496 6329
f 6252 6265 6474
f 6497 6438 6247
f 6473 6497 6247
f 6498 6499 6500
f 6306 6452 6485
f 6443 6346 6455
f 6366 6464 6501
f 6366 6501 6463
f 6451 6474 6264
f 6396 6105 6361
f 6491 6444 6388
f 6502 6445 6326
f 6449 6436 6450
f 6389 6377 6503
f 6085 6084 6109
f 6215 6214 6426
f 6408 6431 6448
f 6372 6291 6504
f 6327 6219 6175
f 6478 6494 6290
f 5657 5039 5725
f 6499 6498 6454
f 6307 6317 6495
f 6372 6505 6156
f 6412 6448 6506
f 6421 6443 6467
f 6421 6304 6443
f 6047 6046 6122
f 6322 6366 6319
f 6256 6507 6447
f 6446 6301 6491
f 6419 6489 6477
f 6327 6508 6509
f 6301 6510 6491
f 6429 6511 6365
f 6436 6449 6489
f 6505 6407 6156
f 6512 6397 6513
f 6402 6431 6408
f 6394 6480 6502
f 6487 6352 6391
f 6514 6449 6323
f 6291 6494 6504
f 6456 6515 6516
f 6517 6490 6518
f 6306 6242 6452
f 6488 6519 6494
f 6520 6472 6412
f 6327 6509 6219
f 6326 6394 6502
f 6521 6459 6299
f 6434 6463 6522
f 6523 6524 6525
f 6478 6488 6494
f 6526 6359 6444
f 6479 6407 6527
f 6405 6404 6528
f 6447 6529 6503
f 6402 6408 6395
f 6471 6437 6530
f 6484 6479 6531
f 6480 6532 6502
f 6428 6533 6429
f 6372 6504 6505
f 6374 6534 6456
f 6356 6503 6535
f 6437 6536 6530
f 6365 6511 6537
f 6469 6484 6538
f 6405 6441 6383
f 6420 6539 6540
f 6497 6473 6541
f 6416 6469 6542
f 6397 6398 6415
f 6543 6210 6445
f 6473 6416 6542
f 6252 6544 6470
f 6528 6545 6546
f 6359 6547 6462
f 6505 6527 6407
f 6520 6412 6506
f 5657 6301 5658
f 6474 6451 6544
f 6440 6517 6533
f 6478 6461 6488
f 6487 6439 6277
f 6409 6471 6415
f 6527 6531 6479
f 6254 6337 6428
f 6392 6464 6401
f 6329 6496 6545
f 6437 6541 6536
f 6494 6519 6504
f 6548 6549 6550
f 6530 6551 6552
f 6433 6553 6293
f 6499 6554 6500
f 6531 6555 6484
f 6555 6538 6484
f 6295 6159 6158
f 6528 6483 6441
f 6541 6473 6542
f 6538 6542 6469
f 6477 6556 6374
f 6444 6491 6557
f 6252 6474 6544
f 6558 6477 6489
f 6445 6502 6559
f 6505 6560 6561
f 6424 6246 6307
f 6493 6361 6357
f 6557 6526 6444
f 6434 6562 6435
f 6563 6564 6565
f 6459 6362 6347
f 6434 6342 6375
f 6514 6489 6449
f 6439 6364 6277
f 6528 6404 6545
f 6455 6482 6566
f 6505 6561 6527
f 6567 6568 6569
f 6568 6431 6569
f 6476 6570 6468
f 6240 6371 6302
f 6439 6487 6490
f 6365 6571 6495
f 6402 6498 6430
f 6493 6572 6573
f 6574 6575 6543
f 6317 6365 6495
f 6534 6576 6456
f 6531 6561 6577
f 6521 6578 6460
f 6487 6277 6352
f 6462 6579 6580
f 6430 6498 6500
f 6398 6309 6384
f 6396 6458 6433
f 6423 6495 6581
f 6528 6582 6483
f 6350 6435 6475
f 6365 6537 6571
f 6539 6583 6584
f 6489 6514 6558
f 6531 6577 6555
f 6585 6586 6587
f 6219 6509 6496
f 6531 6527 6561
f 6555 6588 6538
f 6535 6503 6529
f 6493 6573 6458
f 6501 6464 6483
f 6356 6389 6503
f 6451 6422 6589
f 6447 6503 6377
f 6521 6299 6485
f 6438 6497 6541
f 6522 6548 6562
f 6590 6585 6591
f 6424 6242 6246
f 6592 6518 6486
f 6437 6438 6541
f 6593 6371 6594
f 6426 6427 6422
f 6540 6480 6420
f 6526 6557 6547
f 6533 6428 6457
f 6514 6323 6595
f 6564 6596 6565
f 6570 6492 6390
f 6349 6535 6481
f 6463 6375 6366
f 6493 6472 6572
f 6196 6597 6598
f 6466 6508 6327
f 6555 6577 6588
f 6593 6253 6371
f 6477 6558 6599
f 6510 6557 6491
f 6505 6504 6560
f 6364 6440 6457
f 6517 6518 6600
f 6448 6568 6506
f 6405 6528 6441
f 6599 6556 6477
f 6430 6601 6569
f 6404 6329 6545
f 6568 6448 6431
f 6435 6562 6602
f 6575 6406 6543
f 6585 6590 6586
f 6359 6526 6547
f 6455 6349 6481
f 6465 6470 6585
f 6442 6195 6603
f 6604 6540 6605
f 6451 6589 6606
f 6498 6402 6454
f 6481 6535 6529
f 6539 6421 6583
f 6519 6488 6607
f 6349 6356 6535
f 6511 6608 6537
f 6476 6468 6453
f 6609 6541 6542
f 6610 6611 6607
f 6561 6612 6613
f 6575 6614 6418
f 6431 6430 6569
f 6301 6196 6510
f 6423 6581 6615
f 6616 6558 6514
f 6487 6518 6490
f 6485 6617 6521
f 6450 6275 6323
f 6618 6560 6504
f 6619 6547 6557
f 6374 6556 6534
f 6462 6620 6274
f 6609 6536 6541
f 6382 6397 6499
f 6574 6543 6621
f 6622 6623 6621
f 6460 6459 6521
f 6561 6613 6577
f 6462 6580 6620
f 6492 6624 6486
f 6509 6508 6496
f 6613 6625 6577
f 6626 6588 6625
f 6605 6539 6584
f 6492 6570 6624
f 6607 6618 6519
f 6558 6616 6599
f 6575 6418 6406
f 6472 6520 6572
f 6614 6427 6418
f 6453 6350 6475
f 6434 6294 6342
f 6458 6573 6433
f 6492 6486 6391
f 6493 6458 6361
f 6627 6582 6546
f 6570 6390 6468
f 6557 6510 6598
f 6459 6334 6299
f 6567 6569 6628
f 6514 6595 6616
f 6519 6618 6504
f 6499 6523 6525
f 6532 6629 6559
f 6598 6619 6557
f 6607 6488 6630
f 6414 6415 6552
f 6530 6415 6471
f 6616 6595 6631
f 6520 6632 6572
f 6547 6619 6579
f 6633 6634 6635
f 6451 6591 6544
f 6512 6523 6499
f 6462 6547 6579
f 6609 6542 6626
f 6596 6629 6565
f 6539 6420 6421
f 6502 6532 6559
f 6626 6542 6588
f 6556 6599 6636
f 6542 6538 6588
f 6614 6574 6637
f 6622 6543 6445
f 6568 6567 6638
f 6548 6550 6639
f 6427 6589 6422
f 6440 6533 6457
f 6554 6499 6525
f 6601 6500 6640
f 6565 6532 6480
f 6636 6534 6556
f 6510 6196 6598
f 6641 6642 6583
f 6382 6499 6454
f 6521 6617 6578
f 6566 6467 6455
f 6609 6626 6643
f 6618 6607 6611
f 6625 6588 6577
f 6559 6622 6445
f 6620 6323 6274
f 6627 6549 6501
f 6430 6500 6601
f 6456 6644 6081
f 6645 6599 6616
f 6517 6440 6490
f 6646 6647 6570
f 6447 6377 6376
f 6587 6508 6466
f 6548 6501 6549
f 6601 6640 6648
f 6614 6575 6574
f 6540 6539 6605
f 6630 6488 6460
f 6583 6421 6467
f 6612 6611 6649
f 6604 6565 6540
f 6650 6608 6429
f 6585 6466 6465
f 6622 6651 6623
f 6506 6568 6638
f 6570 6647 6624
f 6610 6607 6630
f 6582 6501 6483
f 6500 6652 6640
f 6195 5657 6367
f 6605 6584 6653
f 6188 6256 6447
f 6582 6627 6501
f 6427 6637 6589
f 6654 6552 6551
f 6456 5006 6030
f 6561 6560 6612
f 6642 6655 6653
f 6481 6529 6656
f 6323 6620 6595
f 6616 6631 6645
f 6451 6606 6591
f 6592 6486 6657
f 6599 6645 6636
f 6475 6658 6476
f 6582 6528 6546
f 6620 6659 6595
f 6554 6525 6660
f 6661 6608 6650
f 6649 6611 6610
f 6646 6662 6647
f 6371 6293 6553
f 6572 6632 6663
f 6482 6664 6566
f 6584 6583 6642
f 6619 6665 6579
f 6615 6666 6667
f 6602 6668 6669
f 6486 6647 6657
f 6651 6596 6670
f 6585 6587 6466
f 6627 6546 6671
f 6646 6570 6476
f 6672 6638 6567
f 6604 6605 6635
f 6563 6565 6604
f 6609 6673 6551
f 6485 6674 6617
f 6615 6452 6424
f 6366 6401 6464
f 6675 6676 6677
f 6584 6642 6653
f 6511 6429 6608
f 6496 6678 6545
f 6679 6601 6648
f 6573 6663 6433
f 6513 6680 6681
f 6629 6651 6559
f 6518 6487 6486
f 6679 6628 6569
f 6681 6512 6513
f 6638 6520 6506
f 6543 6406 6210
f 6659 6682 6683
f 6534 6636 6684
f 6673 6609 6643
f 6609 6551 6536
f 5670 5669 5786
f 6552 6654 6414
f 6562 6685 6668
f 6587 6686 6508
f 6687 6537 6608
f 6688 6689 6661
f 6690 6691 6675
f 6690 6621 6691
f 6629 6532 6565
f 6545 6678 6546
f 6684 6576 6534
f 6692 6636 6645
f 6652 6554 6660
f 6663 6632 6693
f 6427 6614 6637
f 6574 6690 6637
f 6592 6657 6694
f 6580 6695 6620
f 6687 6571 6537
f 6613 6649 6696
f 6686 6697 6508
f 6543 6622 6621
f 6619 6598 6665
f 6562 6548 6685
f 6578 6630 6460
f 6669 6698 6475
f 6679 6569 6601
f 6470 6544 6591
f 6434 6522 6562
f 6602 6669 6475
f 6500 6554 6652
f 6549 6671 6550
f 6523 6699 6524
f 6629 6596 6651
f 6700 6623 6651
f 6636 6692 6684
f 6486 6624 6647
f 6565 6480 6540
f 6549 6627 6671
f 6701 6702 6703
f 6625 6613 6696
f 6645 6631 6692
f 6686 6586 6704
f 6705 6533 6517
f 6637 6690 6706
f 6638 6672 6707
f 6628 6679 6708
f 6576 6515 6456
f 6573 6572 6663
f 6628 6672 6567
f 6560 6618 6611
f 6513 6414 6680
f 6709 6667 6710
f 6643 6626 6625
f 6585 6470 6591
f 6196 6442 6597
f 6467 6566 6711
f 6485 6667 6674
f 6712 6578 6617
f 6690 6675 6706
f 6664 6711 6566
f 6713 6590 6677
f 6697 6496 6508
f 6680 6699 6681
f 6371 6553 6594
f 6656 6482 6481
f 6640 6652 6714
f 6698 6658 6475
f 6637 6706 6589
f 6650 6429 6533
f 6604 6635 6563
f 6654 6551 6715
f 6571 6581 6495
f 6716 6649 6610
f 6602 6475 6435
f 6551 6530 6536
f 6562 6668 6602
f 6496 6697 6678
f 6615 6424 6423
f 6717 6687 6661
f 6507 6256 6400
f 6516 6718 6644
f 6638 6632 6520
f 6522 6463 6501
f 6646 6476 6658
f 6719 6600 6694
f 6679 6648 6708
f 6697 6704 6678
f 6397 6512 6499
f 6253 6593 5725
f 6576 6684 6720
f 6598 6597 6665
f 6628 6721 6672
f 6597 6722 6665
f 6579 6665 6723
f 6724 6684 6692
f 6725 6685 6726
f 6720 6515 6576
f 6719 6727 6701
f 6728 6692 6631
f 6414 6654 6680
f 6640 6714 6648
f 6712 6617 6674
f 6729 6610 6630
f 6660 6730 6731
f 6400 6256 5786
f 6732 6704 6733
f 6641 6583 6467
f 6647 6662 6657
f 6507 6529 6447
f 6523 6681 6699
f 6641 6467 6711
f 6706 6606 6589
f 6697 6686 6704
f 6708 6734 6735
f 6692 6728 6724
f 6597 6442 6722
f 6736 6563 6635
f 6671 6737 6550
f 6738 6671 6546
f 6082 6081 6644
f 6548 6522 6501
f 6606 6590 6591
f 6674 6667 6709
f 6660 6739 6714
f 6664 6740 6711
f 6729 6630 6578
f 6670 6564 6563
f 6606 6677 6590
f 6596 6564 6670
f 6712 6729 6578
f 6195 6741 6603
f 6633 6605 6653
f 6621 6623 6691
f 6628 6708 6721
f 6664 6482 6656
f 6559 6651 6622
f 6631 6659 6728
f 6654 6715 6680
f 6600 6592 6694
f 6704 6742 6743
f 6530 6552 6415
f 6744 6745 6746
f 6667 6747 6710
f 6684 6724 6748
f 6708 6735 6749
f 6705 6650 6533
f 6750 6662 6646
f 6632 6638 6707
f 6751 6712 6674
f 6748 6720 6684
f 6678 6752 6738
f 6744 6746 6753
f 6655 6754 6745
f 6665 6722 6755
f 6708 6648 6734
f 6665 6756 6723
f 6690 6574 6621
f 6367 5657 5725
f 6726 6685 6548
f 6757 6752 6678
f 6691 6758 6675
f 6414 6513 6397
f 6714 6734 6648
f 6672 6721 6707
f 6718 6759 6644
f 6740 6760 6641
f 6761 6713 6677
f 6762 6593 6594
f 6442 6763 6722
f 6610 6729 6764
f 6518 6592 6600
f 6765 6662 6750
f 6668 6685 6725
f 6712 6764 6729
f 6646 6658 6766
f 6515 6720 6767
f 6660 6524 6730
f 6707 6768 6693
f 6687 6608 6661
f 6680 6769 6699
f 6770 6724 6728
f 6632 6707 6693
f 6671 6738 6737
f 6723 6580 6579
f 6652 6660 6714
f 6663 6553 6433
f 6771 6736 6635
f 6550 6737 6772
f 6615 6581 6773
f 6774 6732 6733
f 6775 6776 6553
f 6633 6635 6605
f 6553 6776 6594
f 6615 6667 6485
f 6678 6738 6546
f 6751 6674 6709
f 6634 6633 6744
f 6767 6516 6515
f 6623 6777 6691
f 6613 6612 6649
f 6728 6683 6770
f 6082 6644 6759
f 6724 6770 6748
f 6778 6669 6668
f 6779 6082 6759
f 6734 6780 6735
f 6781 6782 6762
f 6754 6783 6745
f 6620 6695 6659
f 6600 6705 6517
f 6784 6658 6698
f 6785 6786 6787
f 6763 6755 6722
f 6764 6712 6751
f 6744 6633 6745
f 6788 6789 6730
f 6790 6195 6367
f 6717 6791 6773
f 6723 6792 6695
f 6735 6793 6749
f 6633 6655 6745
f 6650 6705 6703
f 6723 6695 6580
f 6750 6794 6795
f 6780 6796 6735
f 6735 6796 6793
f 6797 6790 6367
f 6660 6525 6524
f 6660 6731 6739
f 6523 6512 6681
f 6665 6755 6756
f 6694 6798 6727
f 6771 6634 6744
f 6755 6799 6756
f 6720 6748 6800
f 6673 6715 6551
f 6721 6768 6707
f 6738 6801 6737
f 6802 6673 6643
f 6686 6587 6586
f 6778 6725 6803
f 6772 6804 6639
f 6805 6643 6806
f 6765 6657 6662
f 6800 6767 6720
f 6706 6677 6606
f 6807 6794 6646
f 6550 6772 6639
f 6808 6809 6768
f 6736 6810 6811
f 6456 6516 6644
f 6812 6813 6682
f 6784 6766 6658
f 6725 6726 6803
f 6442 6603 6763
f 6717 6689 6791
f 6814 6664 6656
f 6802 6815 6673
f 6751 6816 6764
f 6675 6758 6676
f 6817 6748 6770
f 6655 6642 6754
f 6755 6763 6799
f 6666 6773 6818
f 6813 6812 6819
f 6820 6821 6715
f 6633 6653 6655
f 6695 6792 6659
f 6822 6698 6669
f 6747 6823 6824
f 6738 6752 6801
f 6553 6809 6825
f 6734 6826 6780
f 6516 6827 6718
f 6828 6765 6750
f 6736 6771 6810
f 6778 6668 6725
f 6663 6809 6553
f 6691 6829 6758
f 6694 6765 6830
f 6702 6831 6703
f 6615 6485 6452
f 6801 6772 6737
f 6809 6663 6693
f 6816 6751 6709
f 6809 6693 6768
f 6657 6765 6694
f 6748 6817 6800
f 6740 6664 6814
f 6676 6758 6829
f 6832 6768 6721
f 6593 6833 6834
f 6723 6756 6792
f 6772 6801 6804
f 6726 6548 6639
f 6731 6730 6835
f 6829 6691 6777
f 6770 6683 6817
f 6763 6836 6799
f 6771 6744 6753
f 6763 6603 6837
f 6739 6731 6826
f 6711 6740 6641
f 6687 6717 6581
f 6728 6659 6683
f 6777 6838 6839
f 6699 6730 6524
f 6680 6821 6769
f 6683 6682 6840
f 6595 6659 6631
f 6766 6784 6807
f 6696 6649 6841
f 6687 6581 6571
f 6612 6560 6611
f 6767 6800 6827
f 6769 6788 6699
f 6815 6802 6820
f 6798 6694 6830
f 6842 6801 6752
f 6708 6749 6721
f 6673 6815 6715
f 6811 6563 6736
f 6706 6675 6677
f 6816 6843 6844
f 6676 6761 6677
f 6749 6845 6721
f 6642 6641 6754
f 6696 6643 6625
f 6529 6846 6656
f 6811 6670 6563
f 6829 6847 6676
f 6516 6767 6827
f 6793 6848 6849
f 6779 6850 6082
f 6666 6818 6747
f 6816 6716 6764
f 6666 6615 6773
f 6771 6635 6634
f 6757 6678 6704
f 6851 6804 6801
f 6694 6727 6719
f 6815 6820 6715
f 6852 6800 6817
f 6507 6400 6846
f 6195 6790 6741
f 6816 6709 6843
f 6826 6835 6780
f 6777 6839 6829
f 6783 6754 6760
f 6603 6853 6837
f 6727 6798 6701
f 6847 6761 6676
f 6757 6842 6752
f 6765 6828 6830
f 6840 6817 6683
f 6763 6837 6836
f 6801 6842 6851
f 6777 6854 6838
f 6689 6855 6791
f 6713 6586 6590
f 6802 6805 6820
f 6700 6856 6777
f 6828 6750 6795
f 6670 6857 6651
f 6845 6793 6849
f 6832 6721 6845
f 6805 6802 6643
f 6834 6858 6368
f 6800 6852 6827
f 6760 6754 6641
f 6803 6859 6860
f 6861 6741 6790
f 6847 6829 6839
f 6368 6862 6367
f 6857 6700 6651
f 6817 6840 6852
f 6863 6864 6865
f 6745 6866 6746
f 6716 6610 6764
f 6639 6865 6726
f 6603 6741 6853
f 6794 6750 6646
f 6867 6821 6820
f 6804 6851 6863
f 6757 6704 6743
f 6784 6868 6807
f 6716 6844 6869
f 6778 6822 6669
f 6870 6835 6789
f 6698 6871 6784
f 6783 6866 6745
f 6680 6715 6821
f 6872 6832 6873
f 6831 6688 6661
f 6717 6773 6581
f 6709 6710 6843
f 6874 6759 6718
f 6600 6703 6705
f 6875 6851 6842
f 6700 6777 6623
f 6857 6876 6877
f 6788 6769 6878
f 6879 6810 6753
f 6880 6881 6882
f 6881 6883 6882
f 6842 6757 6875
f 6884 6841 6869
f 6698 6822 6871
f 6761 6847 6885
f 6827 6886 6718
f 6704 6713 6733
f 6799 6812 6756
f 6821 6878 6769
f 6771 6753 6810
f 6836 6887 6819
f 6839 6885 6847
f 6699 6788 6730
f 6807 6868 6888
f 6849 6832 6845
f 6866 6889 6890
f 6867 6891 6892
f 6586 6713 6704
f 6785 6827 6852
f 6787 6786 6682
f 6831 6661 6650
f 6746 6866 6890
f 6867 6805 6891
f 6886 6874 6718
f 6734 6714 6826
f 6851 6875 6863
f 6867 6820 6805
f 6753 6890 6893
f 6714 6739 6826
f 6812 6792 6756
f 6831 6650 6703
f 6894 6895 6773
f 6786 6852 6840
f 6786 6840 6682
f 6649 6869 6841
f 6843 6710 6896
f 6368 6897 6862
f 6836 6837 6887
f 6593 6368 5725
f 6898 6798 6830
f 6639 6804 6865
f 6753 6746 6890
f 6899 6900 6797
f 6885 6901 6761
f 6743 6875 6757
f 6741 6902 6853
f 6885 6839 6838
f 6835 6730 6789
f 6827 6785 6886
f 6852 6786 6785
f 6761 6901 6713
f 6808 6768 6832
f 6821 6892 6878
f 6843 6903 6844
f 6868 6904 6905
f 6747 6896 6710
f 6816 6844 6716
f 6889 6866 6906
f 6792 6682 6659
f 6907 6880 6882
f 6907 6814 6880
f 6856 6908 6854
f 6813 6819 6909
f 6910 6863 6875
f 6868 6905 6911
f 6793 6912 6848
f 6832 6849 6873
f 6799 6819 6812
f 6822 6778 6913
f 6861 6790 6900
f 6856 6854 6777
f 6821 6867 6892
f 6903 6843 6896
f 6898 6701 6798
f 6824 6823 6914
f 6875 6743 6910
f 6871 6822 6913
f 6835 6870 6915
f 6717 6661 6689
f 6872 6873 6916
f 6845 6749 6793
f 6864 6917 6865
f 6863 6910 6864
f 6838 6918 6885
f 6795 6919 6828
f 6837 6853 6887
f 6793 6796 6912
f 6901 6885 6918
f 6781 6594 6776
f 6701 6920 6702
f 6716 6869 6649
f 6741 6861 6902
f 6886 6921 6874
f 6922 6923 6924
f 6804 6863 6865
f 6742 6704 6732
f 6796 6915 6912
f 6925 6920 6926
f 6927 6886 6785
f 6814 6907 6760
f 6928 6929 6930
f 6819 6931 6909
f 6785 6787 6927
f 6747 6824 6896
f 6870 6789 6932
f 6838 6933 6918
f 6895 6818 6773
f 6901 6934 6713
f 6702 6920 6831
f 6876 6670 6811
f 6593 6834 6368
f 6887 6853 6902
f 6823 6935 6914
f 6936 6910 6743
f 6862 6937 6938
f 6939 6787 6682
f 6719 6701 6703
f 6896 6940 6903
f 6819 6887 6931
f 6941 6891 6805
f 6807 6646 6766
f 6879 6753 6893
f 6918 6942 6901
f 6903 6940 6943
f 6810 6944 6811
f 6886 6927 6921
f 6945 6864 6910
f 6912 6946 6848
f 6795 6888 6919
f 6919 6898 6830
f 6762 6782 6833
f 6799 6836 6819
f 6835 6915 6780
f 6778 6803 6913
f 6368 6858 6897
f 6947 6859 6865
f 6948 6806 6949
f 6643 6696 6806
f 6942 6934 6901
f 6940 6896 6824
f 6950 6889 6906
f 6864 6945 6917
f 6944 6810 6879
f 6742 6936 6743
f 6818 6895 6823
f 6910 6936 6945
f 6912 6915 6951
f 6792 6812 6682
f 6600 6719 6703
f 6944 6876 6811
f 6877 6700 6857
f 6877 6952 6700
f 6873 6953 6916
f 6858 6834 6954
f 6913 6803 6860
f 6902 6861 6955
f 6823 6895 6956
f 6902 6957 6887
f 6942 6918 6933
f 6958 6959 6960
f 6593 6762 6833
f 6900 6790 6797
f 6906 6907 6882
f 6961 6892 6891
f 6838 6854 6933
f 6784 6871 6868
f 6962 6856 6952
f 6776 6929 6781
f 6921 6927 6963
f 6874 6921 6964
f 6859 6726 6865
f 6965 6878 6892
f 6941 6805 6806
f 6900 6955 6861
f 6814 6760 6740
f 6783 6907 6906
f 6917 6945 6966
f 6854 6908 6933
f 6967 6945 6936
f 6876 6968 6877
f 6824 6969 6940
f 6931 6887 6957
f 6944 6968 6876
f 6813 6909 6939
f 6941 6806 6948
f 6954 6834 6833
f 6936 6742 6967
f 6895 6970 6956
f 6964 6971 6874
f 6877 6972 6952
f 6689 6973 6855
f 6796 6780 6915
f 6894 6773 6791
f 6878 6965 6974
f 6957 6902 6955
f 6927 6975 6963
f 6941 6961 6891
f 6892 6961 6965
f 6667 6666 6747
f 6974 6788 6878
f 6969 6824 6914
f 6933 6976 6942
f 6943 6884 6869
f 6977 6978 6893
f 6943 6940 6969
f 6848 6953 6873
f 6689 6688 6973
f 6979 6980 6846
f 6981 6982 6983
f 6945 6984 6966
f 6787 6975 6927
f 6856 6985 6908
f 6929 6928 6781
f 6872 6986 6825
f 6826 6731 6835
f 6848 6873 6849
f 6974 6789 6788
f 6866 6783 6906
f 6862 6938 6960
f 6987 6948 6988
f 6833 6989 6990
f 6781 6762 6594
f 6876 6857 6670
f 6991 6915 6870
f 6858 6992 6897
f 6920 6925 6831
f 6962 6985 6856
f 6993 6967 6742
f 6899 6797 6959
f 6963 6964 6921
f 6908 6994 6933
f 6995 6996 6938
f 6874 6971 6759
f 6862 6897 6937
f 6865 6917 6947
f 6997 6998 6926
f 6701 6898 6926
f 6783 6760 6907
f 6889 6893 6890
f 6726 6859 6803
f 6999 6974 6965
f 7000 6965 6961
f 6970 6895 7001
f 6957 7002 6931
f 6939 6682 6813
f 6897 6992 6937
f 6848 6946 6953
f 6961 6941 7000
f 6976 6933 6994
f 6969 7003 6943
f 6957 6955 7002
f 6808 6825 6809
f 6529 6507 6846
f 6732 6993 6742
f 6943 6869 6903
f 6955 6900 7004
f 6974 6999 7005
f 6945 6967 6984
f 6994 6908 6985
f 6929 6775 6930
f 6971 6964 7006
f 6888 7007 6919
f 6954 6833 6990
f 6841 6884 7008
f 6965 7000 6999
f 6859 7009 6860
f 6967 6993 6984
f 6929 6776 6775
f 7010 6782 6928
f 6922 6924 6991
f 7003 6884 6943
f 7005 6932 6789
f 6973 7011 7012
f 6946 7013 6953
f 6794 6807 6888
f 6872 7014 6986
f 6899 7004 6900
f 7003 6969 6914
f 6909 7015 7016
f 6981 6925 6982
f 6973 6688 7017
f 6779 6971 7006
f 6962 6952 7018
f 6889 6977 6893
f 7019 7000 6941
f 6934 6976 7020
f 6781 6928 6782
f 6994 7021 6976
f 6787 6939 7022
f 7023 7010 6928
f 6937 6992 6938
f 6833 6782 6989
f 6862 6960 6797
f 6948 7019 6941
f 7024 7005 6999
f 6955 7025 7002
f 6787 7022 6975
f 6855 6894 6791
f 7021 7020 6976
f 7026 6984 6993
f 6964 6963 7027
f 6795 6794 6888
f 7028 7029 7030
f 6831 7017 6688
f 6985 7031 6994
f 7004 7032 6955
f 7033 6999 7000
f 7005 7024 6932
f 6993 6732 7026
f 6779 7034 6850
f 6914 7035 7003
f 6951 6915 6991
f 6934 6942 6976
f 6939 7016 7022
f 7036 7037 7016
f 6964 7027 7006
f 6893 7038 6879
f 7039 6952 6972
f 7000 7019 7033
f 6954 7040 7041
f 6931 7042 6909
f 7043 6966 6984
f 7031 6985 6962
f 6732 6774 7026
f 7021 6994 7031
f 7041 6995 6938
f 7044 6963 6975
f 6884 7003 7045
f 6944 7038 6968
f 6999 7033 7024
f 6946 7046 7013
f 6872 6916 7014
f 6925 6998 6982
f 7038 6944 6879
f 6959 6797 6960
f 7035 6914 6935
f 6747 6818 6823
f 6782 7010 6989
f 6924 6951 6991
f 6984 7026 7043
f 7035 7045 7003
f 6869 6844 6903
f 7042 7002 7025
f 6872 6808 6832
f 7004 6899 7047
f 6862 6797 6367
f 6955 7032 7025
f 7018 7048 7049
f 6868 6911 6888
f 6920 6701 6926
f 6963 7044 7027
f 7018 7039 7048
f 7019 6948 6987
f 6975 7022 7044
f 6987 7033 7019
f 6868 6913 6904
f 7050 6932 7024
f 7020 7021 7051
f 6988 6948 6949
f 6966 7043 7052
f 6855 7001 6894
f 7031 7051 7021
f 7045 7008 6884
f 6823 7053 6935
f 6959 7047 6899
f 7054 7024 7033
f 6947 6917 6966
f 7035 6935 7055
f 6962 7056 7031
f 6932 7057 7058
f 6859 6947 7009
f 7053 6823 6956
f 7052 6947 6966
f 7023 6928 6930
f 7032 7004 7059
f 7060 7043 7026
f 6806 6696 6841
f 6974 7005 6789
f 7010 7061 6989
f 7027 7062 7006
f 6954 6990 7040
f 7042 7063 7015
f 6968 6972 6877
f 7064 6987 6988
f 7056 6962 7018
f 7065 7066 7067
f 7033 6987 7054
f 7024 7054 7050
f 7068 7069 6911
f 7051 7070 7020
f 7032 7071 7025
f 7036 7016 7072
f 7047 7059 7004
f 6989 7073 6990
f 6951 7074 6912
f 6932 7050 7057
f 6935 7053 7055
f 7051 7031 7056
f 7075 7027 7044
f 7045 7035 7055
f 6952 7039 7018
f 6989 7061 7073
f 6925 7017 6831
f 7023 7065 7061
f 6946 6912 7074
f 6916 6953 7076
f 6774 7060 7026
f 7037 7044 7022
f 6990 7073 7040
f 6850 7077 7078
f 6931 7002 7042
f 7042 7071 7063
f 6958 6960 7079
f 7043 7060 7080
f 7043 7080 7052
f 7071 7032 7059
f 6959 7081 7082
f 6970 7001 7083
f 6952 6856 6700
f 7027 7075 7062
f 6774 7084 7085
f 7064 7054 6987
f 7044 7037 7075
f 6939 6909 7016
f 6947 7086 7087
f 6950 6977 6889
f 7088 6951 6924
f 7089 7050 7054
f 7047 6959 7082
f 7090 6998 6997
f 7070 7051 7091
f 7056 7091 7051
f 6774 6733 7092
f 7093 7088 6924
f 6956 6970 7094
f 7053 7095 7096
f 7073 7061 7065
f 6995 7041 7065
f 7018 7097 7056
f 7036 7072 7098
f 6850 6400 6082
f 7058 6870 6932
f 7042 7025 7071
f 7028 7099 7100
f 7050 7089 7057
f 7015 7072 7016
f 7064 6988 7101
f 6947 7052 7086
f 6860 6904 6913
f 7039 6972 7030
f 7072 7063 7102
f 6946 7074 7046
f 7054 7064 7089
f 7085 7080 7060
f 7039 7030 7103
f 6925 6981 7017
f 7006 7062 7104
f 7097 7018 7049
f 7007 6997 6926
f 7059 7047 7082
f 6925 6926 6998
f 6951 7088 7074
f 7060 6774 7085
f 7042 7015 6909
f 7059 7105 7071
f 6806 6841 6949
f 7091 7056 7097
f 6982 6998 7090
f 7041 7040 7065
f 7091 7106 7070
f 7023 7066 7065
f 7107 7062 7075
f 6956 7094 7095
f 6882 7108 6950
f 7071 7105 7063
f 6956 7095 7053
f 6934 6733 6713
f 6970 7109 7094
f 7110 7111 7112
f 7075 7036 7107
f 6934 7020 6733
f 7052 7080 7113
f 7092 7114 7084
f 7080 7085 7113
f 7030 6972 6968
f 7057 7089 7110
f 7046 7088 7115
f 6950 7108 6977
f 7101 7089 7064
f 6850 7034 7077
f 6996 7116 7117
f 7118 6978 6977
f 7105 7059 7082
f 6919 6830 6828
f 7062 7107 7104
f 7013 7119 7076
f 7008 7055 7120
f 7039 7103 7048
f 7075 7037 7036
f 7108 6882 7121
f 7007 6898 6919
f 7011 6973 7017
f 6882 6950 6906
f 6774 7092 7084
f 7013 7076 6953
f 7058 6922 6870
f 7097 7122 7091
f 6808 6872 6825
f 7106 7091 7122
f 7046 7074 7088
f 7123 7108 7121
f 7038 7099 7028
f 7096 7120 7055
f 7089 7124 7110
f 7014 7076 7125
f 7126 7017 6981
f 6779 7006 7127
f 6973 7012 7001
f 7110 7058 7057
f 6825 6986 7128
f 6996 6995 7116
f 7009 7087 7129
f 7130 7113 7085
f 6982 7090 6983
f 7127 7034 6779
f 7037 7022 7016
f 6868 6871 6913
f 7108 7123 6977
f 7040 7073 7065
f 7119 7046 7115
f 7053 7096 7055
f 7122 7097 7049
f 7008 7045 7055
f 7001 6895 6894
f 7061 7010 7023
f 7006 7104 7127
f 6988 6949 7131
f 7099 6978 7118
f 7082 7132 7105
f 7007 6926 6898
f 7133 7104 7107
f 7122 7134 7106
f 7093 6924 7135
f 7107 7136 7133
f 6996 7117 7137
f 7007 7138 6997
f 7012 7126 7139
f 7089 7101 7124
f 7104 7140 7127
f 7113 7086 7052
f 7141 7126 6981
f 7084 7130 7085
f 7020 7070 6733
f 7123 7142 7118
f 7105 7143 7063
f 7038 6893 6978
f 7101 6988 7124
f 7120 7144 7145
f 7119 7125 7076
f 7146 7147 7148
f 7142 7123 7121
f 6959 6958 7081
f 7149 7133 7136
f 7115 7150 7151
f 7048 7152 7153
f 7143 7105 7132
f 7104 7133 7140
f 7095 7144 7096
f 6779 6759 6971
f 7048 7153 7049
f 7126 7011 7017
f 7132 7082 7081
f 7049 7154 7122
f 7119 7013 7046
f 7136 7036 7098
f 7118 7142 7155
f 7156 7069 7157
f 7041 6858 6954
f 6995 7067 7158
f 6983 7159 7141
f 6930 7160 7066
f 7161 7110 7112
f 7162 7160 6930
f 7163 6922 7161
f 6888 6911 7007
f 7134 7122 7154
f 7102 7143 7164
f 7072 7015 7063
f 7034 7165 7077
f 7156 7166 7069
f 6841 7008 6949
f 6880 6814 6846
f 7123 7118 6977
f 7167 6988 7131
f 7014 6916 7076
f 7113 7168 7086
f 7167 7124 6988
f 7154 7049 7153
f 7136 7098 7169
f 6983 7141 6981
f 6922 6991 6870
f 7130 7084 7170
f 6733 7106 7134
f 7115 7093 7150
f 7125 7171 7172
f 7173 7099 7118
f 7174 6733 7134
f 7087 7009 6947
f 7174 7175 6733
f 7079 6960 6996
f 7161 7058 7110
f 7155 7142 7176
f 7095 7094 7144
f 7127 7140 7177
f 7149 7140 7133
f 7120 6949 7008
f 7120 7096 7144
f 7081 7178 7132
f 7154 7179 7134
f 7132 7164 7143
f 7113 7130 7170
f 7180 7167 7131
f 7069 7138 7007
f 7172 7014 7125
f 7181 7119 7115
f 7182 7135 6923
f 7081 6958 7183
f 7036 7136 7107
f 7034 7177 7165
f 6949 7184 7131
f 7113 7170 7168
f 7157 7185 7186
f 7179 7174 7134
f 7124 7167 7187
f 7147 7012 7148
f 7188 7189 7190
f 7164 7132 7178
f 7149 7136 7191
f 7192 7193 7194
f 7103 7152 7048
f 7195 7170 7084
f 7161 6922 7058
f 7119 7181 7171
f 7094 7109 7144
f 7196 7100 7173
f 7153 7197 7154
f 7181 7151 7198
f 7140 7149 7177
f 6733 7070 7106
f 7090 7166 7159
f 7079 7183 6958
f 7086 7199 7087
f 7102 7164 7200
f 7178 7081 7183
f 7078 7201 7202
f 7038 6978 7099
f 7114 7195 7084
f 7179 7154 7197
f 7203 7128 7204
f 7115 7088 7093
f 7197 7153 7152
f 7136 7169 7191
f 6983 7090 7159
f 7093 7135 7150
f 6825 6775 6553
f 7181 7205 7171
f 7206 7144 7109
f 7145 7144 7206
f 7120 7145 6949
f 7180 7187 7167
f 6995 7065 7067
f 6850 7078 6400
f 7207 7208 7209
f 7207 7210 7208
f 6980 6881 6846
f 7098 7102 7211
f 7114 7092 7212
f 7029 7213 7214
f 7038 7028 6968
f 7110 7124 7187
f 7192 7194 7215
f 6997 7166 7090
f 7164 7178 7216
f 7174 7179 7217
f 7103 7218 7152
f 7100 7099 7173
f 7098 7072 7102
f 7078 7219 7201
f 7220 7177 7149
f 7206 7109 7221
f 7163 7161 7222
f 7029 7100 7213
f 7041 6938 6992
f 7135 7223 7150
f 7180 7131 7224
f 7197 7225 7179
f 7034 7127 7177
f 7086 7207 7199
f 7183 7226 7178
f 7145 7206 7227
f 7228 7211 7229
f 7029 7028 7100
f 6825 7128 6775
f 7009 7129 6860
f 7142 7121 7176
f 7165 7219 7077
f 7152 7230 7197
f 7172 6986 7014
f 7149 7191 7220
f 7225 7217 7179
f 7063 7143 7102
f 7086 7168 7207
f 7218 7188 7190
f 7145 7231 6949
f 7183 7079 7232
f 7195 7114 7210
f 7162 6930 6775
f 7168 7170 7210
f 7233 7139 7159
f 7224 7131 7234
f 7129 6904 6860
f 7174 7217 7175
f 7166 6997 7069
f 7177 7220 7165
f 7155 7176 7235
f 7236 6979 6400
f 7181 7115 7151
f 7163 6923 6922
f 7230 7152 7218
f 7098 7211 7169
f 7233 7159 7156
f 7225 7197 7230
f 7151 7223 7198
f 7237 7236 7238
f 7203 7162 7128
f 6996 7232 7079
f 6911 7069 7007
f 7083 7001 7239
f 7151 7150 7223
f 7192 7215 7221
f 7162 7203 7240
f 7205 7181 7198
f 7028 7030 6968
f 7205 7241 7171
f 7141 7139 7126
f 7114 7242 7210
f 7226 7183 7243
f 7078 7077 7219
f 6855 6973 7001
f 7170 7195 7210
f 7023 6930 7066
f 7121 6883 7176
f 7164 7216 7200
f 7129 7244 7245
f 7199 7207 7246
f 7217 7225 7247
f 7163 7222 7248
f 7232 7243 7183
f 7249 7220 7191
f 7218 7250 7251
f 7030 7188 7103
f 7148 7012 7139
f 7230 7247 7225
f 7083 7239 7252
f 7165 7253 7254
f 7180 7255 7187
f 7173 7118 7155
f 7256 7191 7169
f 7217 7257 7175
f 7078 7236 6400
f 7239 7258 7252
f 7187 7255 7111
f 7207 7209 7246
f 7180 7224 7259
f 7218 7251 7230
f 7102 7200 7211
f 7155 7235 7260
f 7087 7261 7129
f 7165 7249 7253
f 7191 7256 7249
f 7012 7011 7126
f 7226 7216 7178
f 7207 7168 7210
f 7247 7262 7217
f 7125 7119 7171
f 7263 7224 7234
f 7250 7218 7190
f 7184 7234 7131
f 7247 7230 7251
f 7262 7257 7217
f 7232 6996 7137
f 7030 7214 7188
f 7112 7264 7222
f 7265 7266 7203
f 7172 7171 7267
f 7242 7114 7212
f 7196 7173 7260
f 7041 6992 6858
f 7236 7237 6979
f 7242 7208 7210
f 7135 7182 7223
f 7180 7259 7255
f 7110 7187 7111
f 7252 6970 7083
f 7233 7268 7139
f 7199 7246 7261
f 7213 7269 7214
f 7268 7148 7139
f 7243 7270 7271
f 7228 7272 7256
f 7236 7273 7238
f 7231 7274 7275
f 7067 7276 7158
f 7165 7254 7219
f 6905 7245 7068
f 7233 7156 7277
f 7241 7278 7279
f 7211 7200 7229
f 7249 7272 7253
f 7166 7156 7159
f 7243 7137 7270
f 7165 7220 7249
f 7157 7069 7068
f 7128 7162 6775
f 7262 7247 7280
f 7251 7280 7247
f 7223 7281 7282
f 7160 7283 7066
f 7226 7271 7216
f 7112 7255 7264
f 6995 7158 7284
f 7285 7234 7275
f 7184 7231 7234
f 7243 7232 7137
f 7263 7259 7224
f 7087 7199 7261
f 7186 7156 7157
f 7257 7262 7286
f 7255 7259 7264
f 7268 7277 7287
f 7226 7243 7271
f 7288 7289 7223
f 7290 7288 7163
f 7223 7282 7198
f 7291 7258 7239
f 7214 7292 7188
f 7223 7289 7281
f 6997 7138 7069
f 7173 7155 7260
f 7221 7227 7206
f 7293 7261 7246
f 7171 7241 7267
f 7263 7234 7285
f 7280 7251 7250
f 7294 7209 7208
f 6923 7163 7182
f 7280 7295 7262
f 7268 7233 7277
f 7112 7111 7255
f 7208 7242 7294
f 7249 7256 7272
f 7296 7201 7219
f 7213 7260 7297
f 7228 7229 7298
f 7231 7184 6949
f 7261 7299 7129
f 7295 7286 7262
f 6996 6960 6938
f 7214 7269 7292
f 7200 7271 7300
f 7228 7298 7272
f 7301 7246 7209
f 7211 7256 7169
f 7236 7202 7273
f 6814 6656 6846
f 7241 7205 7278
f 7235 7176 7302
f 7176 6883 7302
f 7241 7279 7267
f 7271 7270 7300
f 7259 7303 7264
f 7291 7239 7147
f 7304 7277 7156
f 7162 7240 7283
f 7242 7305 7294
f 7306 7190 7189
f 7221 7215 7307
f 7254 7296 7219
f 7288 7223 7182
f 6905 6904 7129
f 7293 7308 7309
f 7209 7294 7301
f 7200 7216 7271
f 7268 7310 7148
f 7250 7311 7280
f 7231 7227 7312
f 7313 7254 7253
f 7253 7314 7313
f 7293 7301 7308
f 7295 7280 7311
f 7221 7307 7227
f 6979 7315 6980
f 7202 7201 7273
f 7264 7316 7222
f 7200 7300 7229
f 7212 7317 7318
f 7242 7212 7305
f 7283 7160 7162
f 7159 7139 7141
f 7319 7306 7189
f 7137 7320 7270
f 7264 7303 7316
f 7190 7306 7250
f 7263 7321 7303
f 7068 6911 6905
f 7283 7276 7066
f 7192 7221 7109
f 7205 7198 7278
f 7261 7293 7299
f 7227 7307 7312
f 7311 7250 7306
f 7314 7322 7313
f 7201 7323 7324
f 7078 7202 7236
f 7254 7313 7296
f 7175 7317 7092
f 7260 7325 7297
f 7267 7128 6986
f 7252 7258 7326
f 7269 7213 7297
f 7231 7312 7274
f 7222 7161 7112
f 7327 7301 7294
f 7311 7328 7295
f 7117 7329 7137
f 6880 6846 6881
f 7235 7302 7330
f 7259 7263 7303
f 7331 7332 6883
f 7092 7317 7212
f 7333 7334 7284
f 7293 7309 7299
f 7248 7335 7163
f 7234 7231 7275
f 7279 7336 7267
f 7337 7338 7298
f 7201 7324 7273
f 6979 7237 7315
f 7286 7317 7257
f 7315 7339 6980
f 7285 7275 7340
f 7293 7246 7301
f 7307 7215 7194
f 7137 7329 7320
f 7305 7327 7294
f 7204 7128 7267
f 7278 7341 7342
f 7278 7282 7341
f 7305 7212 7343
f 7301 7327 7308
f 7306 7319 7311
f 7235 7330 7344
f 7211 7228 7256
f 7253 7272 7314
f 7198 7282 7278
f 7328 7311 7319
f 7117 7116 7345
f 7313 7346 7296
f 7201 7296 7323
f 7185 7347 7186
f 7290 7163 7335
f 7189 7348 7349
f 7192 7326 7350
f 7298 7351 7337
f 7341 7281 7289
f 7292 7352 7188
f 7263 7285 7321
f 7319 7189 7353
f 7307 7354 7312
f 6923 7135 6924
f 7322 7314 7338
f 7192 6970 7252
f 7348 7355 7349
f 7317 7356 7318
f 7357 7299 7309
f 7284 7345 7116
f 7192 7109 6970
f 7030 7029 7214
f 7358 7341 7359
f 7146 7148 7310
f 7313 7322 7346
f 7286 7328 7356
f 7304 7287 7277
f 7329 7360 7320
f 7240 7361 7276
f 7362 7308 7327
f 7346 7323 7296
f 7218 7103 7188
f 6733 7175 7092
f 7329 7117 7363
f 7364 7304 7156
f 7365 7289 7288
f 7328 7366 7356
f 7320 7300 7270
f 7357 7244 7299
f 7288 7182 7163
f 7240 7276 7283
f 7367 7309 7308
f 7336 7368 7267
f 7326 7369 7350
f 7327 7305 7362
f 7370 7316 7303
f 7336 7342 7358
f 7341 7289 7359
f 7340 7321 7285
f 7345 7363 7117
f 7351 7320 7360
f 7357 7371 7244
f 7289 7372 7359
f 7303 7321 7370
f 7310 7268 7287
f 7335 7248 7373
f 7286 7295 7328
f 7316 7248 7222
f 7276 7333 7158
f 7309 7367 7357
f 7322 7338 7374
f 7308 7362 7367
f 7288 7290 7365
f 7147 7239 7012
f 7360 7329 7363
f 7307 7375 7354
f 7328 7319 7366
f 7258 7291 7326
f 7316 7370 7376
f 7304 7377 7287
f 7204 7267 7368
f 7235 7344 7260
f 7192 7350 7193
f 7305 7343 7362
f 7374 7323 7346
f 7376 7373 7248
f 7193 7375 7194
f 7346 7322 7374
f 7361 7203 7266
f 7338 7314 7298
f 7349 7378 7353
f 7321 7340 7379
f 7240 7203 7361
f 7244 7380 7245
f 7379 7370 7321
f 7345 7284 7381
f 7185 7382 7347
f 7204 7383 7384
f 7100 7196 7213
f 7351 7385 7337
f 6883 7121 6882
f 7386 7291 7147
f 7289 7365 7372
f 7387 7367 7362
f 7357 7388 7371
f 7284 7116 6995
f 7319 7353 7366
f 7363 7389 7360
f 7343 7212 7390
f 7371 7391 7244
f 7392 7358 7359
f 7323 7374 7324
f 7273 7393 7238
f 7363 7345 7381
f 7394 7376 7370
f 7375 7193 7350
f 7320 7351 7300
f 7284 7395 7381
f 7376 7396 7373
f 7352 7397 7348
f 7398 7379 7340
f 7370 7379 7394
f 7351 7229 7300
f 7279 7278 7342
f 7304 7399 7377
f 7147 7400 7401
f 7368 7336 7402
f 7365 7290 7403
f 7366 7404 7356
f 7231 7145 7227
f 7405 7391 7388
f 7343 7387 7362
f 7367 7387 7388
f 7318 7404 7406
f 7275 7407 7398
f 7399 7304 7364
f 7325 7260 7344
f 7316 7376 7248
f 7366 7353 7378
f 6400 6979 6846
f 7389 7363 7381
f 7189 7349 7353
f 7189 7188 7348
f 7172 7267 6986
f 7237 7238 7408
f 7326 7409 7369
f 7213 7196 7260
f 7350 7410 7375
f 7365 7403 7372
f 7146 7377 7411
f 7147 7146 7400
f 7351 7389 7412
f 7368 7413 7383
f 7374 7414 7415
f 7333 7276 7416
f 7330 7417 7344
f 7245 7185 7068
f 7239 7001 7012
f 7377 7310 7287
f 7374 7415 7324
f 7351 7360 7389
f 7418 7394 7379
f 7379 7398 7418
f 7192 7252 7326
f 7298 7314 7272
f 6881 6980 7331
f 7410 7350 7369
f 7410 7354 7375
f 7282 7281 7341
f 7404 7366 7419
f 7357 7367 7388
f 7376 7420 7396
f 7378 7419 7366
f 7421 7388 7387
f 7422 7265 7204
f 7158 7333 7284
f 7284 7334 7395
f 7317 7175 7257
f 7212 7318 7390
f 7273 7324 7393
f 7307 7194 7375
f 7423 7424 7425
f 7349 7426 7378
f 7275 7398 7340
f 7381 7427 7389
f 7394 7418 7420
f 7377 7399 7411
f 7352 7348 7188
f 7387 7343 7421
f 7342 7336 7279
f 7386 7428 7409
f 7376 7394 7420
f 7412 7389 7427
f 7415 7393 7324
f 7408 7429 7237
f 7430 7418 7398
f 7204 7368 7383
f 7388 7431 7432
f 7426 7349 7355
f 7419 7406 7404
f 7333 7433 7334
f 7407 7430 7398
f 7419 7378 7426
f 7186 7364 7156
f 7356 7404 7318
f 7386 7434 7428
f 7364 7186 7347
f 7369 7435 7410
f 7274 7436 7275
f 7437 7408 7238
f 7407 7275 7436
f 7438 7355 7439
f 7338 7414 7374
f 7358 7342 7341
f 7359 7440 7441
f 7393 7437 7238
f 7442 7443 7444
f 7427 7381 7395
f 7445 7420 7418
f 7343 7446 7421
f 7442 7447 7443
f 7420 7448 7396
f 7418 7430 7445
f 7373 7396 7449
f 7438 7450 7355
f 7325 7344 7417
f 7451 7330 7302
f 7409 7452 7369
f 7399 7453 7411
f 7333 7454 7455
f 7456 7312 7354
f 7298 7229 7351
f 7457 7393 7415
f 7426 7458 7419
f 7406 7419 7458
f 7146 7310 7377
f 7355 7450 7426
f 7453 7399 7364
f 7391 7371 7388
f 7435 7369 7452
f 7420 7445 7448
f 7392 7359 7441
f 7412 7442 7385
f 7428 7434 7459
f 7460 7451 7332
f 7400 7146 7411
f 7335 7461 7290
f 7204 7384 7422
f 7451 7417 7330
f 7462 7424 7297
f 7430 7407 7463
f 7440 7464 7441
f 7460 7332 7465
f 7244 7466 7380
f 7318 7467 7468
f 7414 7469 7415
f 7463 7445 7430
f 7463 7407 7470
f 7437 7471 7472
f 6905 7129 7245
f 7414 7444 7443
f 7405 7388 7432
f 7415 7469 7457
f 7395 7473 7427
f 7458 7426 7450
f 7474 7475 7476
f 7412 7427 7442
f 7408 7437 7477
f 7458 7478 7406
f 7453 7479 7480
f 7437 7457 7471
f 7338 7337 7414
f 7446 7431 7421
f 7333 7455 7433
f 7358 7481 7402
f 7453 7347 7479
f 7291 7386 7326
f 7482 7443 7483
f 7417 7462 7325
f 7462 7297 7325
f 7286 7356 7317
f 7388 7421 7431
f 7484 7396 7448
f 7395 7334 7485
f 7422 7486 7265
f 7487 7463 7470
f 7488 7448 7445
f 7442 7427 7473
f 7297 7292 7269
f 7477 7429 7408
f 7354 7435 7456
f 7423 7352 7292
f 7452 7409 7428
f 7244 7405 7466
f 7335 7373 7461
f 7489 7315 7237
f 7445 7463 7488
f 7417 7490 7491
f 7452 7456 7435
f 7411 7453 7480
f 7446 7343 7390
f 7333 7416 7454
f 7492 7416 7276
f 7493 7457 7469
f 7433 7485 7334
f 7448 7488 7484
f 7482 7469 7414
f 7450 7494 7458
f 7473 7395 7485
f 7315 7489 7495
f 7440 7372 7403
f 7478 7458 7494
f 7067 7066 7276
f 7245 7496 7185
f 7402 7336 7358
f 7332 7451 7302
f 7297 7423 7292
f 7382 7497 7498
f 7499 7440 7403
f 7431 7500 7432
f 7469 7482 7493
f 7437 7393 7457
f 7472 7477 7437
f 7464 7501 7502
f 7482 7483 7503
f 7442 7504 7447
f 7457 7493 7471
f 7354 7410 7435
f 7429 7505 7237
f 7456 7452 7428
f 7355 7348 7439
f 7487 7488 7463
f 7453 7364 7347
f 7428 7459 7506
f 7507 7423 7425
f 7494 7450 7438
f 7461 7403 7290
f 7482 7414 7443
f 7473 7504 7442
f 7245 7380 7496
f 7358 7392 7481
f 7478 7508 7467
f 7444 7385 7442
f 7396 7484 7509
f 7244 7391 7405
f 7405 7510 7466
f 7505 7489 7237
f 7493 7482 7471
f 7487 7470 7511
f 7512 7484 7488
f 7429 7477 7513
f 7514 7397 7515
f 7500 7446 7390
f 7491 7490 7516
f 7473 7485 7504
f 7431 7446 7500
f 7517 7392 7441
f 7518 7519 7425
f 7405 7520 7510
f 7129 7299 7244
f 7265 7203 7204
f 7460 7465 7490
f 7428 7506 7456
f 7488 7487 7512
f 7439 7348 7397
f 7521 7522 7523
f 7524 7500 7390
f 7412 7385 7351
f 7414 7385 7444
f 7515 7525 7526
f 7507 7519 7527
f 7373 7449 7461
f 7513 7505 7429
f 7411 7480 7528
f 7485 7433 7529
f 7423 7297 7424
f 7482 7503 7471
f 7440 7359 7372
f 7530 7438 7439
f 7438 7531 7494
f 7532 7459 7434
f 7396 7509 7449
f 7523 7533 7534
f 7535 7509 7484
f 7480 7479 7536
f 7478 7494 7508
f 7537 7538 7539
f 7386 7147 7534
f 7407 7436 7470
f 7460 7490 7417
f 7461 7540 7403
f 7484 7512 7535
f 7501 7499 7541
f 7455 7529 7433
f 7492 7276 7361
f 7405 7432 7520
f 7477 7472 7542
f 7460 7417 7451
f 7500 7520 7432
f 6881 7331 6883
f 7528 7400 7411
f 7506 7474 7456
f 7368 7402 7413
f 7485 7543 7504
f 7436 7544 7545
f 7531 7438 7530
f 7424 7491 7425
f 7511 7512 7487
f 7470 7436 7545
f 7542 7513 7477
f 7422 7384 7546
f 7472 7547 7542
f 7489 7548 7495
f 7536 7528 7480
f 7509 7549 7449
f 7157 7068 7185
f 7486 7422 7546
f 7440 7501 7464
f 7494 7531 7508
f 7423 7397 7352
f 7461 7449 7550
f 7530 7514 7551
f 7504 7543 7447
f 7449 7549 7550
f 7528 7536 7521
f 7318 7406 7478
f 7542 7547 7552
f 7524 7520 7500
f 7511 7470 7553
f 7464 7517 7441
f 7512 7511 7554
f 7474 7506 7459
f 7505 7513 7555
f 7519 7507 7425
f 7554 7535 7512
f 7492 7361 7266
f 7467 7318 7478
f 7403 7540 7499
f 7417 7491 7462
f 7501 7541 7539
f 7530 7551 7531
f 7545 7553 7470
f 7384 7383 7546
f 7436 7274 7556
f 7514 7439 7397
f 7331 6980 7339
f 7485 7529 7543
f 7423 7507 7397
f 7511 7553 7554
f 7459 7557 7475
f 7489 7555 7548
f 7524 7390 7558
f 7497 7382 7185
f 7508 7531 7551
f 7529 7455 7559
f 7397 7560 7515
f 7535 7554 7561
f 7540 7562 7499
f 7481 7517 7563
f 7468 7564 7565
f 7414 7337 7385
f 7566 7510 7520
f 7474 7459 7475
f 7520 7524 7566
f 7456 7474 7312
f 7517 7464 7502
f 7466 7510 7567
f 7513 7542 7568
f 7424 7462 7491
f 7563 7517 7502
f 7554 7553 7569
f 7472 7503 7547
f 7454 7559 7455
f 7553 7545 7569
f 7570 7492 7266
f 7568 7555 7513
f 7529 7571 7543
f 7551 7572 7508
f 7571 7573 7574
f 7498 7479 7382
f 7507 7527 7397
f 7554 7569 7561
f 7510 7575 7567
f 7447 7483 7443
f 7576 7416 7492
f 7545 7577 7578
f 7436 7556 7544
f 7528 7521 7400
f 7479 7347 7382
f 7402 7481 7413
f 7514 7579 7551
f 7312 7474 7476
f 7561 7580 7549
f 7472 7471 7503
f 7392 7517 7481
f 7581 7566 7524
f 7508 7468 7467
f 7447 7574 7582
f 7569 7545 7578
f 7459 7532 7557
f 7465 7583 7516
f 7584 7570 7266
f 7489 7505 7555
f 7386 7409 7326
f 7561 7549 7535
f 7568 7542 7552
f 7502 7501 7539
f 7530 7439 7514
f 7461 7562 7540
f 7572 7551 7579
f 7454 7416 7576
f 7558 7581 7524
f 7479 7522 7536
f 7582 7585 7586
f 7585 7587 7588
f 7556 7589 7544
f 7590 7591 7565
f 7582 7592 7585
f 7548 7593 7495
f 7332 7302 6883
f 7573 7592 7574
f 7509 7535 7549
f 7561 7569 7578
f 7510 7566 7575
f 7447 7582 7483
f 7514 7515 7526
f 7555 7568 7548
f 7529 7594 7571
f 7595 7596 7502
f 7566 7581 7575
f 7597 7486 7546
f 7559 7454 7598
f 7576 7492 7599
f 7578 7580 7561
f 7496 7497 7185
f 7468 7565 7390
f 7541 7537 7539
f 7574 7592 7582
f 7595 7502 7600
f 7508 7572 7468
f 7476 7601 7602
f 7529 7559 7594
f 7518 7425 7491
f 7579 7603 7572
f 7604 7552 7586
f 7537 7541 7605
f 7585 7606 7587
f 7576 7598 7454
f 7568 7604 7607
f 7608 7434 7386
f 7609 7610 7611
f 7514 7612 7579
f 7476 7274 7312
f 7563 7413 7481
f 7562 7541 7499
f 7465 7516 7490
f 7613 7614 7550
f 7601 7615 7616
f 7594 7559 7598
f 7617 7618 7619
f 7620 7575 7581
f 7568 7552 7604
f 7581 7558 7620
f 7400 7521 7401
f 7621 7608 7386
f 7607 7548 7568
f 7560 7619 7618
f 7498 7522 7479
f 7572 7622 7468
f 7623 7465 7624
f 7567 7625 7466
f 7483 7547 7503
f 7625 7380 7466
f 7603 7579 7612
f 7548 7626 7593
f 7627 7628 7605
f 7596 7563 7502
f 7629 7567 7575
f 7630 7491 7516
f 7571 7594 7573
f 7476 7602 7274
f 7567 7631 7625
f 7630 7516 7583
f 7577 7632 7578
f 7557 7532 7601
f 7580 7578 7632
f 7543 7571 7574
f 7413 7546 7383
f 7612 7514 7526
f 7633 7556 7274
f 7575 7620 7629
f 7582 7586 7547
f 7563 7596 7413
f 7590 7565 7634
f 7539 7538 7600
f 7567 7629 7631
f 7549 7580 7635
f 7523 7522 7636
f 7637 7597 7638
f 7598 7639 7594
f 7492 7640 7599
f 7548 7607 7626
f 7476 7557 7601
f 7608 7641 7434
f 7623 7583 7465
f 7564 7642 7634
f 7643 7604 7644
f 7594 7639 7573
f 7622 7603 7645
f 7401 7523 7534
f 7612 7645 7603
f 7598 7576 7646
f 7647 7589 7648
f 7592 7573 7606
f 7597 7649 7638
f 7483 7582 7547
f 7332 7624 7465
f 7613 7550 7549
f 7630 7623 7650
f 7651 7629 7620
f 7652 7625 7631
f 7593 7653 7495
f 7468 7654 7564
f 7585 7588 7655
f 7545 7544 7577
f 7537 7628 7656
f 7623 7624 7657
f 7619 7518 7658
f 7599 7646 7576
f 7556 7659 7589
f 7659 7556 7633
f 7476 7475 7557
f 7615 7601 7660
f 7612 7661 7645
f 7639 7598 7646
f 7518 7527 7519
f 7662 7663 7331
f 7664 7631 7629
f 7468 7622 7654
f 7643 7607 7604
f 7623 7665 7650
f 7593 7666 7653
f 7667 7626 7607
f 7572 7603 7622
f 7647 7577 7589
f 7580 7632 7635
f 7527 7560 7397
f 7591 7651 7620
f 7593 7668 7666
f 7265 7637 7266
f 7629 7651 7664
f 7616 7633 7602
f 7631 7664 7652
f 7502 7539 7600
f 7558 7591 7620
f 7669 7659 7633
f 7492 7570 7640
f 7632 7577 7670
f 7543 7574 7447
f 7632 7670 7635
f 7461 7550 7562
f 7607 7643 7667
f 7612 7526 7661
f 7671 7498 7497
f 7601 7532 7660
f 7619 7527 7518
f 7672 7673 7674
f 7643 7644 7675
f 7604 7586 7644
f 7586 7552 7547
f 7534 7621 7386
f 7676 7658 7518
f 7586 7655 7644
f 7615 7660 7677
f 7577 7544 7589
f 7496 7678 7679
f 7560 7680 7515
f 7630 7518 7491
f 7380 7681 7496
f 7622 7682 7654
f 7596 7595 7683
f 7593 7626 7668
f 7646 7684 7639
f 7486 7637 7265
f 7584 7266 7638
f 7639 7606 7573
f 7685 7546 7683
f 7401 7521 7523
f 7614 7605 7562
f 7641 7532 7434
f 7633 7274 7602
f 7653 7339 7495
f 7686 7647 7648
f 7687 7664 7651
f 7647 7670 7577
f 7688 7661 7525
f 7633 7616 7689
f 7625 7652 7690
f 7501 7440 7499
f 7691 7652 7664
f 7661 7526 7525
f 7646 7599 7692
f 7693 7694 7695
f 7613 7696 7697
f 7537 7656 7610
f 7630 7583 7623
f 7672 7657 7673
f 7585 7655 7586
f 7659 7648 7589
f 7653 7666 7698
f 7651 7591 7687
f 7688 7699 7700
f 7486 7597 7637
f 7663 7673 7331
f 7616 7602 7601
f 7630 7676 7518
f 7701 7641 7702
f 7622 7645 7682
f 7560 7527 7619
f 7652 7691 7690
f 7597 7546 7685
f 7703 7595 7600
f 7597 7685 7649
f 7635 7670 7696
f 7664 7687 7691
f 7639 7684 7587
f 7704 7497 7496
f 7621 7641 7608
f 7538 7705 7600
f 7640 7692 7599
f 7630 7650 7676
f 7667 7706 7668
f 7562 7605 7541
f 7588 7587 7707
f 7684 7646 7692
f 7645 7661 7682
f 7680 7560 7618
f 7626 7667 7668
f 7600 7705 7703
f 7641 7660 7532
f 7670 7647 7696
f 7702 7621 7708
f 7558 7390 7565
f 7613 7635 7696
f 7614 7627 7605
f 7688 7525 7699
f 7621 7534 7708
f 7584 7638 7709
f 7588 7710 7644
f 7711 7687 7712
f 7667 7675 7706
f 7690 7713 7714
f 7706 7715 7716
f 7682 7661 7688
f 7717 7698 7666
f 7641 7621 7702
f 7660 7701 7677
f 7522 7521 7536
f 7718 7686 7648
f 7719 7690 7691
f 7720 7721 7722
f 7266 7637 7638
f 7711 7691 7687
f 7639 7587 7606
f 7588 7644 7655
f 7676 7650 7723
f 7705 7610 7724
f 7686 7696 7647
f 7497 7725 7671
f 7668 7717 7666
f 7595 7726 7683
f 7641 7701 7660
f 7688 7700 7727
f 7640 7570 7728
f 7339 7315 7495
f 7401 7534 7147
f 7684 7692 7707
f 7703 7724 7729
f 7613 7549 7635
f 7610 7538 7537
f 7690 7714 7625
f 7659 7669 7648
f 7318 7468 7390
f 7650 7665 7723
f 7699 7525 7515
f 7654 7682 7730
f 7331 7624 7332
f 7691 7711 7719
f 7546 7413 7683
f 7688 7731 7682
f 7570 7584 7728
f 7732 7715 7710
f 7614 7562 7550
f 7733 7734 7642
f 7690 7719 7713
f 7692 7640 7728
f 7667 7643 7675
f 7680 7720 7722
f 7680 7617 7720
f 7711 7712 7735
f 7585 7592 7606
f 7736 7669 7737
f 7705 7538 7610
f 7413 7596 7683
f 7738 7701 7702
f 7696 7686 7697
f 7739 7740 7741
f 7708 7742 7743
f 7617 7619 7744
f 7731 7730 7682
f 7668 7745 7746
f 7653 7698 7747
f 7498 7671 7636
f 7380 7625 7714
f 7701 7738 7677
f 7746 7717 7668
f 7706 7716 7745
f 7703 7705 7724
f 7698 7717 7748
f 7727 7731 7688
f 7687 7591 7712
f 7657 7665 7623
f 7668 7706 7745
f 7692 7749 7707
f 7713 7719 7750
f 7722 7699 7680
f 7689 7616 7615
f 7669 7633 7689
f 7595 7703 7726
f 7718 7697 7686
f 7662 7751 7663
f 7748 7747 7698
f 7713 7750 7752
f 7537 7605 7628
f 7533 7523 7753
f 7744 7754 7617
f 7614 7613 7755
f 7728 7756 7692
f 7700 7699 7722
f 7730 7731 7733
f 7730 7733 7642
f 7692 7756 7749
f 7731 7757 7733
f 7712 7590 7758
f 7743 7702 7708
f 7759 7613 7697
f 7662 7331 7339
f 7760 7718 7736
f 7761 7662 7339
f 7719 7735 7750
f 7738 7762 7677
f 7717 7746 7748
f 7584 7763 7728
f 7498 7636 7522
f 7665 7657 7672
f 7619 7658 7744
f 7764 7708 7533
f 7638 7765 7709
f 7702 7766 7738
f 7767 7729 7768
f 7706 7710 7715
f 7759 7755 7613
f 7747 7339 7653
f 7662 7769 7751
f 7697 7760 7759
f 7680 7618 7617
f 7642 7734 7770
f 7676 7723 7658
f 7763 7584 7709
f 7771 7726 7703
f 7591 7590 7712
f 7677 7762 7615
f 7757 7772 7733
f 7766 7702 7743
f 7773 7727 7700
f 7762 7738 7766
f 7380 7714 7681
f 7747 7774 7339
f 7684 7707 7587
f 7719 7711 7735
f 7706 7675 7710
f 7610 7609 7724
f 7775 7745 7716
f 7760 7736 7776
f 7728 7763 7777
f 7756 7728 7777
f 7558 7565 7591
f 7747 7748 7778
f 7775 7746 7745
f 7760 7779 7759
f 7732 7588 7707
f 7748 7780 7778
f 7727 7773 7757
f 7642 7770 7634
f 7708 7534 7533
f 7732 7710 7588
f 7671 7725 7636
f 7781 7782 7783
f 7649 7784 7785
f 7786 7712 7758
f 7787 7788 7789
f 7735 7786 7750
f 7778 7774 7747
f 7755 7759 7790
f 7700 7722 7773
f 7609 7611 7791
f 7792 7793 7781
f 7731 7727 7757
f 7756 7794 7749
f 7795 7796 7797
f 7718 7648 7736
f 7780 7798 7778
f 7749 7732 7707
f 7762 7799 7615
f 7766 7800 7762
f 7761 7769 7662
f 7801 7744 7658
f 7675 7644 7710
f 7802 7803 7627
f 7732 7795 7715
f 7766 7743 7804
f 7752 7714 7713
f 7771 7703 7729
f 7797 7805 7806
f 7807 7808 7809
f 7689 7810 7737
f 7679 7704 7496
f 7733 7772 7734
f 7790 7779 7811
f 7760 7812 7779
f 7669 7689 7737
f 7708 7813 7742
f 7716 7715 7795
f 7795 7794 7796
f 7790 7759 7779
f 7814 7765 7638
f 7761 7774 7815
f 7743 7742 7804
f 7683 7726 7685
f 7780 7775 7797
f 7752 7816 7817
f 7735 7712 7786
f 7794 7756 7777
f 7708 7764 7813
f 7724 7609 7729
f 7801 7818 7754
f 7819 7757 7773
f 7752 7817 7714
f 7669 7736 7648
f 7762 7800 7799
f 7773 7722 7819
f 7697 7718 7760
f 7812 7760 7776
f 7763 7820 7777
f 7821 7723 7665
f 7565 7564 7634
f 7815 7769 7761
f 7800 7766 7804
f 7704 7792 7725
f 7822 7772 7757
f 7758 7590 7634
f 7786 7789 7823
f 7748 7775 7780
f 7726 7824 7685
f 7725 7753 7636
f 7825 7821 7672
f 7826 7764 7533
f 7827 7802 7627
f 7709 7820 7763
f 7790 7627 7755
f 7757 7819 7822
f 7774 7778 7828
f 7786 7829 7750
f 7752 7829 7816
f 7654 7730 7564
f 7742 7813 7830
f 7609 7768 7729
f 7716 7795 7797
f 7821 7825 7831
f 7722 7832 7819
f 7732 7749 7794
f 7736 7737 7833
f 7794 7777 7834
f 7780 7797 7806
f 7699 7515 7680
f 7828 7815 7774
f 7800 7835 7799
f 7748 7746 7775
f 7627 7803 7628
f 7790 7827 7627
f 7656 7628 7807
f 7794 7834 7796
f 7811 7827 7790
f 7800 7804 7835
f 7730 7642 7564
f 7729 7767 7771
f 7772 7836 7734
f 7779 7812 7837
f 7830 7838 7804
f 7839 7776 7736
f 7840 7834 7820
f 7817 7681 7714
f 7813 7764 7830
f 7778 7798 7828
f 7752 7750 7829
f 7804 7838 7841
f 7829 7786 7823
f 7720 7754 7842
f 7810 7689 7615
f 7774 7761 7339
f 7812 7776 7837
f 7769 7815 7843
f 7779 7837 7811
f 7617 7754 7720
f 7844 7822 7819
f 7817 7845 7846
f 7704 7725 7497
f 7609 7791 7768
f 7610 7656 7611
f 7726 7771 7824
f 7839 7736 7833
f 7847 7805 7834
f 7848 7849 7850
f 7799 7835 7851
f 7721 7852 7853
f 7843 7751 7769
f 7758 7770 7789
f 7854 7821 7831
f 7657 7624 7673
f 7834 7777 7820
f 7854 7801 7658
f 7627 7614 7755
f 7845 7855 7856
f 7817 7846 7681
f 7772 7822 7836
f 7634 7770 7758
f 7845 7823 7855
f 7804 7841 7835
f 7799 7810 7615
f 7767 7857 7771
f 7839 7837 7776
f 7787 7858 7788
f 7827 7811 7802
f 7830 7859 7838
f 7798 7806 7848
f 7822 7844 7836
f 7820 7709 7860
f 7815 7828 7850
f 7819 7832 7844
f 7832 7721 7853
f 7807 7628 7803
f 7861 7847 7834
f 7828 7848 7850
f 7862 7808 7803
f 7830 7764 7859
f 7792 7781 7753
f 7863 7825 7672
f 7817 7816 7845
f 7850 7843 7815
f 7837 7864 7811
f 7841 7851 7835
f 7806 7865 7848
f 7720 7842 7721
f 7793 7792 7704
f 7742 7830 7804
f 7861 7834 7840
f 7801 7754 7744
f 7811 7864 7802
f 7866 7739 7663
f 7775 7716 7797
f 7816 7829 7823
f 7826 7533 7867
f 7837 7839 7868
f 7723 7854 7658
f 7869 7841 7870
f 7770 7734 7787
f 7837 7868 7864
f 7832 7722 7721
f 7836 7871 7734
f 7685 7824 7872
f 7751 7866 7663
f 7799 7851 7810
f 7751 7843 7873
f 7874 7875 7876
f 7797 7796 7805
f 7798 7780 7806
f 7814 7638 7649
f 7723 7821 7854
f 7805 7796 7834
f 7877 7836 7844
f 7807 7803 7808
f 7754 7818 7842
f 7842 7818 7878
f 7781 7879 7782
f 7845 7880 7846
f 7857 7874 7881
f 7840 7820 7860
f 7882 7839 7833
f 7838 7870 7841
f 7833 7883 7884
f 7873 7866 7751
f 7882 7868 7839
f 7885 7886 7681
f 7795 7732 7794
f 7841 7869 7851
f 7853 7844 7832
f 7874 7857 7767
f 7709 7765 7860
f 7864 7887 7802
f 7818 7801 7888
f 7854 7889 7801
f 7611 7890 7791
f 7674 7693 7695
f 7891 7721 7842
f 7890 7611 7892
f 7846 7880 7885
f 7893 7871 7836
f 7810 7894 7895
f 7844 7853 7877
f 7681 7886 7678
f 7838 7859 7870
f 7836 7877 7893
f 7864 7868 7896
f 7843 7850 7897
f 7768 7898 7767
f 7814 7899 7765
f 7880 7845 7856
f 7869 7870 7900
f 7805 7847 7865
f 7771 7857 7824
f 7818 7888 7878
f 7850 7901 7897
f 7897 7873 7843
f 7860 7899 7902
f 7903 7867 7904
f 7831 7825 7905
f 7868 7882 7896
f 7896 7887 7864
f 7821 7665 7672
f 7739 7866 7740
f 7828 7798 7848
f 7845 7816 7823
f 7885 7681 7846
f 7791 7898 7768
f 7801 7906 7888
f 7533 7753 7907
f 7831 7889 7854
f 7860 7902 7840
f 7765 7899 7860
f 7734 7871 7787
f 7737 7810 7895
f 7789 7908 7823
f 7741 7673 7739
f 7882 7833 7909
f 7850 7910 7901
f 7866 7873 7911
f 7912 7885 7880
f 7908 7855 7823
f 7786 7758 7789
f 7909 7896 7882
f 7810 7913 7894
f 7891 7842 7878
f 7871 7914 7787
f 7785 7814 7649
f 7805 7865 7806
f 7859 7900 7870
f 7915 7893 7877
f 7825 7863 7905
f 7802 7887 7916
f 7898 7874 7767
f 7917 7877 7853
f 7853 7852 7917
f 7840 7902 7861
f 7849 7848 7865
f 7849 7865 7918
f 7919 7679 7678
f 7810 7869 7913
f 7725 7792 7753
f 7866 7911 7740
f 7920 7878 7921
f 7681 7678 7496
f 7889 7905 7922
f 7878 7888 7921
f 7873 7897 7911
f 7807 7611 7656
f 7523 7636 7753
f 7869 7900 7913
f 7923 7924 7925
f 7880 7856 7912
f 7887 7896 7926
f 7808 7927 7928
f 7852 7721 7891
f 7900 7859 7929
f 7909 7833 7884
f 7865 7930 7918
f 7895 7931 7932
f 7899 7814 7933
f 7889 7906 7801
f 7877 7917 7915
f 7896 7909 7926
f 7791 7890 7898
f 7887 7934 7916
f 7935 7900 7929
f 7893 7915 7914
f 7871 7893 7914
f 7936 7890 7892
f 7899 7937 7902
f 7850 7849 7910
f 7856 7938 7939
f 7785 7933 7814
f 7809 7928 7940
f 7891 7878 7920
f 7826 7929 7859
f 7663 7739 7673
f 7900 7935 7913
f 7764 7826 7859
f 7855 7908 7941
f 7885 7942 7886
f 7943 7927 7862
f 7902 7944 7861
f 7920 7921 7945
f 7849 7918 7910
f 7807 7809 7611
f 7810 7851 7869
f 7863 7672 7674
f 7939 7912 7856
f 7611 7940 7892
f 7946 7947 7793
f 7884 7926 7909
f 7911 7948 7949
f 7899 7933 7937
f 7881 7876 7950
f 7533 7904 7867
f 7944 7902 7937
f 7856 7855 7938
f 7911 7951 7948
f 7885 7912 7942
f 7865 7861 7930
f 7874 7898 7875
f 7952 7918 7930
f 7911 7949 7740
f 7889 7922 7906
f 7953 7852 7891
f 7912 7939 7942
f 7649 7685 7872
f 7809 7940 7611
f 7954 7915 7917
f 7679 7946 7704
f 7936 7875 7898
f 7863 7674 7955
f 7956 7914 7915
f 7887 7926 7934
f 7884 7883 7957
f 7890 7936 7898
f 7533 7907 7904
f 7916 7803 7802
f 7918 7952 7910
f 7935 7958 7913
f 7789 7788 7908
f 7959 7943 7862
f 7921 7888 7906
f 7889 7831 7905
f 7913 7958 7894
f 7808 7862 7927
f 7624 7331 7673
f 7901 7910 7951
f 7914 7960 7787
f 7926 7884 7961
f 7929 7962 7935
f 7881 7950 7963
f 7929 7964 7962
f 7911 7901 7951
f 7935 7962 7958
f 7926 7961 7934
f 7937 7965 7944
f 7946 7793 7704
f 7915 7954 7956
f 7933 7966 7937
f 7865 7847 7861
f 7942 7967 7886
f 7933 7785 7968
f 7964 7969 7962
f 7936 7970 7875
f 7833 7737 7883
f 7905 7971 7972
f 7970 7936 7892
f 7881 7824 7857
f 7973 7942 7939
f 7965 7937 7966
f 7914 7956 7960
f 7741 7740 7974
f 7855 7941 7938
f 7964 7826 7867
f 7975 7954 7852
f 7957 7961 7884
f 7976 7921 7906
f 7977 7872 7824
f 7905 7863 7971
f 7910 7978 7951
f 7784 7968 7785
f 7944 7930 7861
f 7905 7972 7922
f 7942 7973 7967
f 7941 7979 7938
f 7939 7938 7973
f 7966 7933 7968
f 7911 7897 7901
f 7879 7781 7793
f 7674 7673 7693
f 7958 7980 7894
f 7875 7970 7981
f 7976 7906 7922
f 7883 7737 7982
f 7679 7983 7946
f 7740 7984 7974
f 7881 7963 7824
f 7985 7694 7693
f 7934 7961 7986
f 7965 7966 7987
f 7952 7988 7989
f 7975 7956 7954
f 7990 7649 7872
f 7788 7941 7908
f 7894 7991 7895
f 7916 7862 7803
f 7979 7992 7993
f 7988 7987 7994
f 7886 7967 7995
f 7826 7964 7929
f 7863 7955 7971
f 7961 7957 7986
f 7928 7996 7997
f 7979 7941 7788
f 7944 7965 7988
f 7998 7960 7956
f 7852 7954 7917
f 7922 7999 7976
f 7951 7978 7948
f 7892 7940 7997
f 7928 7927 7996
f 8000 8001 8002
f 7993 7973 7938
f 7910 7952 7978
f 7740 7949 7984
f 8003 7967 7973
f 7962 7980 7958
f 8004 8005 7989
f 7875 7981 7876
f 7956 7975 7998
f 7966 8006 7987
f 7968 8006 7966
f 7947 8007 8008
f 7975 7852 8009
f 7753 7781 7783
f 7957 7883 8010
f 7787 7960 8011
f 7879 7947 8008
f 7967 8012 7995
f 7940 7928 7997
f 7938 7979 7993
f 8010 7986 7957
f 7649 7990 7784
f 7930 7944 7988
f 7968 7784 8013
f 7973 7993 8003
f 7921 7976 7945
f 7964 7867 7969
f 7809 7808 7928
f 7894 7980 8014
f 7962 8014 7980
f 7978 7952 7989
f 7952 7930 7988
f 7960 7998 8011
f 8015 7959 7862
f 8010 7883 8016
f 7963 8017 7824
f 8018 8019 8020
f 7881 7874 7876
f 8021 7948 7978
f 7852 7953 8009
f 7947 7879 7793
f 8014 7991 7894
f 8010 8022 8023
f 7934 7986 8015
f 8024 8025 8026
f 7949 7948 7984
f 8006 7968 8013
f 7990 8013 7784
f 7998 8009 8027
f 7922 7972 7999
f 7693 7741 7974
f 8009 8028 8027
f 7997 8029 7892
f 7872 8025 8030
f 7985 7693 7923
f 8006 8031 7987
f 7950 8017 7963
f 7967 8003 8012
f 7986 8010 8023
f 7986 8023 8015
f 7948 8021 7984
f 8032 8003 7993
f 8033 8034 8035
f 7693 8036 8037
f 7962 8038 8014
f 8029 7997 7996
f 7976 7999 8039
f 7998 8027 8011
f 7674 7695 7955
f 7903 7969 7867
f 8031 8006 8013
f 8040 8041 7953
f 7976 8039 7945
f 7972 8042 7999
f 7965 7987 7988
f 8040 7891 7920
f 7753 7783 7907
f 8043 8044 7904
f 7984 8036 7974
f 7695 8045 8046
f 8030 7990 7872
f 7679 7919 7983
f 8047 8048 8021
f 8003 8032 8012
f 8049 8002 8001
f 7970 8050 7981
f 7991 8014 8051
f 7970 8052 8050
f 7969 8038 7962
f 7950 8033 8035
f 8005 8047 7989
f 8041 8000 8002
f 7862 7916 7934
f 7992 8032 7993
f 8053 8054 8055
f 8041 8002 7953
f 8056 7903 7904
f 7971 7955 8042
f 8057 7945 8058
f 8015 7862 7934
f 7883 7982 8016
f 7858 8059 7788
f 8029 8053 8055
f 7984 8060 8036
f 8015 8023 8061
f 8031 8013 8062
f 8040 7953 7891
f 8013 7990 8063
f 8042 8039 7999
f 7927 8053 7996
f 7995 8012 8064
f 8057 8040 7920
f 8017 7950 8035
f 8065 7943 7959
f 8066 8016 7982
f 8031 7994 7987
f 8038 8051 8014
f 8036 8060 8037
f 7981 8050 7876
f 8043 8067 8044
f 8030 8063 7990
f 7989 8021 7978
f 8068 7977 7824
f 8015 8061 7959
f 7693 8037 8069
f 8004 7988 7994
f 7969 8056 8038
f 8066 7982 8070
f 7955 7695 8042
f 7787 8011 7858
f 8056 7904 8071
f 8012 8032 8072
f 7984 8073 8060
f 7998 7975 8009
f 7886 8074 7919
f 8060 8075 8037
f 8022 8061 8023
f 8010 8016 8022
f 7970 8029 8055
f 8013 8076 8062
f 7992 8077 8072
f 8078 7983 8079
f 8080 8081 8039
f 7693 7974 8036
f 7989 8047 8021
f 8035 8068 8017
f 8056 8082 8038
f 8041 8040 8000
f 8065 8083 8084
f 8027 8085 8011
f 8031 8062 7994
f 8017 8068 7824
f 8027 8028 8085
f 8086 8087 8065
f 8032 7992 8072
f 8048 8088 8073
f 8066 8022 8016
f 8051 8038 8089
f 8090 8039 8081
f 8091 8092 8059
f 8061 8093 7959
f 8071 7904 8044
f 7945 8057 7920
f 8059 8077 7992
f 8004 7994 8094
f 7943 8065 8087
f 8028 8049 8095
f 8074 8096 7919
f 7984 8048 8073
f 8097 8077 8059
f 8048 8005 8088
f 8051 7931 7991
f 8042 8046 8080
f 8035 8034 8098
f 7947 8078 8007
f 7994 8062 8094
f 8013 8063 8076
f 8004 7989 7988
f 8061 8022 8099
f 8076 8100 8101
f 8029 7970 7892
f 8063 8030 8100
f 7982 7737 7895
f 8042 8080 8039
f 8029 7996 8053
f 7984 8021 8048
f 8098 8034 8102
f 7673 7741 7693
f 8082 8089 8038
f 8028 8009 8049
f 8085 8103 8104
f 8039 8090 8058
f 8049 7953 8002
f 7972 7971 8042
f 8105 8070 7932
f 8022 8066 8099
f 8088 8005 8106
f 8099 8093 8061
f 7931 7895 7991
f 8068 8035 8098
f 8030 8025 8100
f 8107 8076 8101
f 7969 7903 8056
f 7979 7788 8059
f 8048 8047 8005
f 8004 8094 8005
f 8034 8108 8109
f 8095 8085 8028
f 8026 8110 8111
f 8059 7992 7979
f 8085 7858 8011
f 7770 7787 7789
f 7783 7782 8112
f 7695 7694 8045
f 8034 8109 8102
f 7995 8074 7886
f 7995 8064 8074
f 8072 8113 8012
f 8114 8066 8070
f 7919 8079 7983
f 8039 8058 7945
f 8057 8058 8000
f 7872 7977 8026
f 8051 8089 7931
f 8033 8050 8108
f 8114 8099 8066
f 8115 8116 8117
f 8076 8063 8100
f 8088 8106 8118
f 8115 8119 8116
f 8120 8060 8073
f 8050 8121 8108
f 8037 8075 8069
f 8078 8079 8122
f 8026 8123 8110
f 8077 8124 8072
f 8085 8104 7858
f 8125 8126 8127
f 8069 8075 8128
f 8089 8129 7931
f 8109 8108 8130
f 8050 8052 8121
f 8049 8001 8131
f 8078 7947 7983
f 8053 8087 8054
f 8113 8072 8124
f 8094 8106 8005
f 8119 8132 8116
f 8073 8088 8120
f 8132 8119 8133
f 8119 8115 8134
f 8075 8120 8128
f 8115 8135 8134
f 8136 8137 8043
f 8138 8139 8115
f 8085 8095 8103
f 8093 8099 8140
f 8080 8046 8141
f 8117 8138 8115
f 8090 8081 8142
f 8113 8064 8012
f 8093 8143 7959
f 8144 8107 8145
f 8119 8134 8133
f 8133 8146 8132
f 8147 8135 8139
f 8148 8000 8058
f 8026 8111 8149
f 8086 8065 8084
f 8146 8150 8132
f 8116 8132 8150
f 7983 7947 7946
f 8099 8114 8140
f 8025 8024 8100
f 8129 8089 8082
f 8034 8033 8108
f 8144 8106 8107
f 8140 8143 8093
f 8049 8151 8152
f 8115 8139 8135
f 8153 8154 8071
f 8117 8116 8155
f 8088 8118 8120
f 8156 8096 8157
f 7695 8046 8042
f 7879 8158 8159
f 8160 8147 8139
f 8161 8162 8163
f 8049 8009 7953
f 8154 8082 8071
f 8150 8146 8161
f 8080 8164 8081
f 8139 8138 8160
f 8049 8165 8166
f 8058 8090 8148
f 8069 8128 8167
f 8040 8057 8000
f 8168 8169 8105
f 7950 7876 8033
f 8024 8026 8149
f 8118 8106 8144
f 8144 8145 8170
f 8124 8077 8097
f 8120 8171 8128
f 8146 8133 8162
f 7970 8055 8052
f 8134 8172 8133
f 8138 8155 8160
f 7858 8091 8059
f 8068 8098 8123
f 8173 7931 8129
f 8174 8045 7694
f 8114 8070 8175
f 7927 8087 8053
f 8075 8060 8120
f 8124 8176 8113
f 8135 8177 8178
f 8107 8179 8180
f 8107 8094 8062
f 8052 8054 8181
f 8113 8182 8064
f 8087 8086 8054
f 8175 8140 8114
f 8183 8147 8160
f 8118 8184 8120
f 8172 8185 8133
f 8135 8186 8134
f 8095 8049 8166
f 8161 8187 8150
f 8172 8134 8188
f 8166 8103 8095
f 8049 8131 8151
f 8125 8065 7959
f 8118 8144 8184
f 8107 8101 8179
f 7977 8068 8123
f 8186 8188 8134
f 8104 8103 8189
f 8050 8033 7876
f 8069 8167 7923
f 8138 8117 8155
f 8162 8133 8185
f 8101 8100 8024
f 8190 8191 8112
f 8000 8148 8192
f 8078 8193 8007
f 8164 8142 8081
f 8143 8140 8194
f 8106 8094 8107
f 8163 8195 8161
f 8056 8071 8082
f 8182 8196 8157
f 8142 8164 8197
f 8198 8199 8111
f 8105 8175 8070
f 8135 8178 8186
f 8184 8144 8170
f 8200 8008 8007
f 8187 8161 8195
f 8104 8189 8091
f 8183 8177 8147
f 8176 8124 8201
f 8172 8188 8202
f 8172 8203 8185
f 8046 8045 8174
f 8097 8201 8124
f 7985 7923 7925
f 8018 8204 8205
f 8184 8171 8120
f 8155 8206 8207
f 8145 8107 8180
f 8208 8122 8209
f 8183 8160 8207
f 8140 8175 8194
f 8107 8062 8076
f 8000 8192 8001
f 8143 8125 7959
f 8210 8086 8084
f 8188 8211 8202
f 8082 8154 8129
f 8212 8163 8213
f 8185 8203 8214
f 8215 8078 8122
f 8172 8202 8203
f 7932 7982 7895
f 8161 8146 8162
f 8123 8102 8216
f 8174 8141 8046
f 8199 8149 8111
f 8103 8166 8189
f 8090 8142 8197
f 8101 8024 8217
f 8158 7879 8008
f 8052 8055 8054
f 8148 8197 8218
f 8086 8181 8054
f 8219 8131 8001
f 8184 8220 8171
f 8200 8007 8193
f 8150 8155 8116
f 8221 8222 8157
f 8026 7977 8123
f 8223 8158 8008
f 8155 8150 8206
f 8175 8105 8169
f 8080 8141 8164
f 8163 8224 8213
f 8136 7783 8112
f 7886 7919 7678
f 8184 8170 8220
f 8225 8226 8227
f 8169 8194 8175
f 8177 8183 8228
f 8195 8163 8212
f 8229 8173 8129
f 8188 8186 8211
f 8208 8209 8230
f 8160 8155 8207
f 8177 8135 8147
f 8113 8176 8182
f 8024 8149 8217
f 8193 8078 8215
f 8008 8200 8223
f 8202 8231 8203
f 8105 8018 8205
f 8201 8232 8176
f 8228 8233 8234
f 8097 8092 8235
f 7927 7943 8087
f 8167 7924 7923
f 8236 8128 8171
f 8171 8220 8237
f 8201 8097 8235
f 8105 7932 8018
f 8052 8181 8121
f 8143 8126 8125
f 8141 8174 8227
f 8157 8074 8064
f 8231 8202 8238
f 8239 8224 8162
f 8145 8180 8170
f 8153 8071 8044
f 8123 8098 8102
f 8163 8162 8224
f 8168 8105 8205
f 8228 8183 8233
f 8178 8228 8240
f 8241 8242 8206
f 8154 8243 8229
f 7931 8173 7932
f 8141 8227 8244
f 8121 8245 8130
f 8025 7872 8026
f 8166 8246 8189
f 8247 8248 8249
f 8171 8237 8236
f 8176 8232 8182
f 8148 8090 8197
f 8210 8250 8251
f 8086 8210 8181
f 8202 8252 8238
f 8253 8159 8158
f 8194 8169 8254
f 8166 8165 8246
f 8167 8255 8256
f 8203 8257 8214
f 8158 8223 8253
f 8258 8152 8247
f 8143 8194 8254
f 8193 8259 8200
f 8239 8185 8214
f 8200 8260 8223
f 8239 8162 8185
f 8261 8207 8262
f 8232 8201 8235
f 8263 8112 7782
f 8110 8123 8216
f 8173 8229 8019
f 8150 8187 8206
f 8131 8219 8151
f 8179 8101 8217
f 8079 8096 8156
f 8237 8220 8236
f 8154 8229 8129
f 8213 8224 8264
f 7923 7693 8069
f 8192 8219 8001
f 7924 8167 8265
f 8178 8211 8186
f 8252 8266 8267
f 8174 8225 8227
f 8268 8269 8270
f 7782 7879 8159
f 8159 8253 8271
f 8180 8272 8273
f 8168 8254 8169
f 8178 8177 8228
f 8203 8231 8257
f 8202 8211 8252
f 8271 7782 8159
f 8207 8261 8233
f 8231 8274 8257
f 8108 8121 8130
f 8193 8215 8259
f 8183 8207 8233
f 8240 8228 8234
f 8215 8208 8275
f 8065 8125 8083
f 7694 7985 8225
f 8223 8260 8253
f 8273 8220 8170
f 8232 8276 8182
f 8277 8264 8224
f 8213 8278 8212
f 8264 8278 8213
f 8238 8274 8231
f 8200 8259 8260
f 8187 8195 8206
f 8238 8260 8259
f 8252 8260 8238
f 8279 8205 8280
f 8245 8121 8181
f 8220 8273 8236
f 8167 8256 8265
f 8083 8125 8127
f 8149 8281 8217
f 8210 8245 8181
f 8219 8282 8151
f 8283 8192 8148
f 7924 8265 7925
f 8044 8067 8284
f 8141 8244 8164
f 8153 8044 8284
f 8074 8157 8096
f 8233 8285 8234
f 8127 8286 8287
f 8252 8253 8260
f 8191 8190 8288
f 8283 8148 8218
f 8143 8254 8126
f 8215 8122 8208
f 8235 8289 8232
f 8179 8290 8180
f 8208 8230 8291
f 8292 8271 8253
f 8266 8293 8267
f 8238 8275 8274
f 8215 8275 8259
f 8167 8236 8255
f 8294 8257 8295
f 8276 8232 8289
f 8290 8296 8272
f 8266 8297 8293
f 8214 8294 8239
f 8246 8165 8258
f 8264 8277 8298
f 8254 8168 8279
f 8195 8212 8206
f 8243 8154 8153
f 7985 8299 8225
f 8300 8301 8240
f 8271 8263 7782
f 8167 8128 8236
f 8254 8279 8126
f 8111 8302 8303
f 8304 8290 8179
f 8258 8247 8249
f 8156 8157 8222
f 8210 8084 8250
f 8263 8190 8112
f 8136 8043 7904
f 8305 8285 8233
f 8233 8261 8305
f 8278 8264 8306
f 8245 8210 8251
f 8198 8111 8303
f 8307 8243 8153
f 8258 8165 8152
f 8239 8277 8224
f 8267 8263 8271
f 8164 8308 8197
f 8235 8092 8309
f 8281 8149 8199
f 8275 8238 8259
f 8174 7694 8225
f 8298 8306 8264
f 8275 8310 8274
f 8271 8292 8267
f 8083 8250 8084
f 8252 8267 8292
f 8239 8294 8311
f 8305 8261 8312
f 8273 8268 8236
f 8298 8277 8313
f 8265 8314 7925
f 8164 8315 8308
f 8294 8214 8257
f 8152 8151 8247
f 8282 8219 8316
f 8246 8258 8189
f 8261 8262 8312
f 8208 8310 8275
f 8219 8192 8316
f 8240 8301 8178
f 8110 8317 8302
f 8279 8280 8286
f 8208 8291 8310
f 8204 8280 8205
f 8289 8235 8309
f 8091 8318 8319
f 8278 8320 8212
f 8229 8243 8019
f 8268 8255 8236
f 8244 8227 8315
f 8276 8321 8322
f 7858 8104 8091
f 8317 8110 8216
f 8109 8323 8102
f 8324 8325 8299
f 8268 8270 8326
f 8206 8262 8207
f 8274 8310 8291
f 8277 8327 8313
f 8239 8311 8277
f 8164 8244 8315
f 8243 8328 8019
f 8329 8330 8295
f 8083 8127 8250
f 8319 8092 8091
f 8306 8331 8278
f 8298 8332 8306
f 8225 8333 8226
f 8096 8079 7919
f 8263 8267 8190
f 8130 8334 8109
f 8126 8279 8286
f 8092 8319 8309
f 8285 8305 8335
f 8212 8320 8206
f 8151 8282 8247
f 8276 8196 8182
f 8282 8336 8247
f 8281 8179 8217
f 8307 8153 8284
f 8334 8130 8245
f 8285 8337 8234
f 8092 8097 8059
f 8278 8331 8320
f 8308 8218 8197
f 8338 8339 8043
f 8305 8312 8335
f 8302 8340 8303
f 8267 8293 8190
f 8295 8257 8274
f 8313 8332 8298
f 8227 8226 8315
f 8276 8289 8321
f 8311 8294 8341
f 8122 8079 8209
f 8289 8309 8321
f 8294 8295 8341
f 8127 8287 8342
f 8307 8328 8243
f 8192 8283 8316
f 8191 8136 8112
f 8306 8332 8331
f 8258 8343 8189
f 8318 8091 8343
f 8252 8292 8253
f 8300 8240 8234
f 8180 8273 8170
f 8191 8288 8344
f 8345 8265 8256
f 8079 8156 8209
f 8255 8268 8326
f 8334 8323 8109
f 8284 8067 8346
f 8018 8347 8204
f 8251 8250 8348
f 8302 8349 8350
f 7932 8070 7982
f 8332 8313 8351
f 8255 8345 8256
f 8293 8288 8190
f 8308 8315 8352
f 8281 8304 8179
f 8019 8328 8353
f 8277 8311 8327
f 8182 8157 8064
f 8218 8308 8352
f 8301 8211 8178
f 8285 8335 8337
f 8304 8199 8198
f 8301 8354 8266
f 8265 8355 8314
f 8284 8346 8307
f 8156 8356 8209
f 8241 8206 8320
f 8111 8110 8302
f 8018 8173 8019
f 8352 8316 8283
f 8300 8234 8357
f 8331 8332 8358
f 8335 8359 8337
f 8360 8330 8361
f 8280 8362 8286
f 8102 8323 8216
f 8268 8273 8272
f 8309 8319 8363
f 8266 8364 8297
f 8313 8365 8351
f 8337 8357 8234
f 8339 8346 8067
f 8311 8366 8327
f 8367 8198 8303
f 8328 8307 8368
f 8327 8366 8369
f 8258 8249 8343
f 8281 8199 8304
f 8266 8354 8364
f 8309 8363 8321
f 8230 8329 8291
f 8351 8358 8332
f 8272 8296 8269
f 8334 8245 8251
f 8328 8368 8353
f 8344 8293 8370
f 8301 8300 8354
f 8371 8372 8373
f 8218 8352 8283
f 8252 8211 8266
f 8374 8375 8354
f 8314 8376 7985
f 8377 8230 8209
f 8359 8312 8378
f 8313 8327 8379
f 8344 8288 8293
f 8282 8316 8336
f 8356 8156 8222
f 8198 8380 8304
f 8251 8348 8381
f 7925 8314 7985
f 8382 8317 8216
f 8369 8366 8383
f 8355 8376 8314
f 8368 8307 8346
f 8384 8043 8137
f 8329 8230 8377
f 8385 8248 8247
f 8279 8168 8205
f 8321 8386 8322
f 8387 8385 8247
f 8127 8126 8286
f 8366 8311 8341
f 8368 8346 8388
f 8356 8377 8209
f 8357 8337 8389
f 8337 8359 8390
f 8343 8091 8189
f 8380 8198 8367
f 8293 8297 8370
f 8345 8255 8326
f 8204 8347 8391
f 8354 8375 8364
f 8325 8324 8392
f 8265 8345 8393
f 8304 8394 8290
f 8225 8299 8333
f 8334 8251 8381
f 8352 8395 8336
f 8345 8396 8393
f 8345 8326 8396
f 8363 8397 8321
f 8362 8280 8391
f 8398 8361 8330
f 8249 8399 8343
f 8360 8341 8330
f 8216 8323 8381
f 8400 8322 8386
f 8322 8400 8196
f 8312 8262 8401
f 8337 8390 8389
f 8402 8347 8020
f 8403 8380 8367
f 8394 8304 8380
f 8358 8351 8404
f 8359 8335 8312
f 8366 8341 8383
f 8386 8321 8397
f 8368 8405 8353
f 8136 7907 7783
f 8221 8157 8196
f 8136 8191 8406
f 8211 8301 8266
f 8407 8354 8300
f 8313 8379 8365
f 8377 8356 8398
f 8340 8302 8408
f 8377 8398 8330
f 8378 8390 8359
f 8365 8404 8351
f 8241 8320 8331
f 8324 8299 8376
f 8407 8409 8354
f 8408 8302 8350
f 8410 8137 8411
f 8276 8322 8196
f 8312 8412 8378
f 8403 8367 8413
f 8379 8327 8369
f 8370 8406 8344
f 8291 8329 8295
f 8364 8370 8297
f 8296 8414 8269
f 8265 8393 8355
f 8286 8362 8287
f 8242 8262 8206
f 8339 8067 8043
f 8137 8406 8411
f 8329 8377 8330
f 8333 8299 8325
f 8290 8272 8180
f 8384 8137 8415
f 8416 8249 8248
f 8417 8333 8325
f 8418 8196 8400
f 8400 8419 8420
f 8137 8136 8406
f 8416 8399 8249
f 8268 8272 8269
f 8406 8191 8344
f 8388 8405 8368
f 8323 8334 8381
f 8374 8421 8422
f 8394 8423 8424
f 8290 8394 8424
f 8390 8425 8389
f 8400 8386 8419
f 8401 8242 8426
f 8250 8127 8348
f 8347 8018 8020
f 8302 8317 8349
f 8412 8427 8371
f 8428 8429 8430
f 8165 8049 8152
f 8242 8401 8262
f 8290 8431 8296
f 8226 8417 8315
f 8394 8403 8423
f 8367 8340 8413
f 8390 8378 8425
f 8370 8364 8432
f 8432 8406 8370
f 8376 8355 8324
f 8397 8363 8433
f 8357 8389 8407
f 8408 8413 8340
f 8355 8434 8324
f 8280 8204 8391
f 8341 8360 8383
f 8362 8391 8287
f 8404 8365 8435
f 8299 7985 8376
f 8379 8435 8365
f 8136 7904 7907
f 8290 8424 8431
f 8353 8405 8436
f 8428 8395 8352
f 8312 8401 8427
f 8269 8437 8270
f 8350 8349 8438
f 8418 8400 8420
f 8375 8432 8364
f 8291 8295 8274
f 8439 8127 8342
f 8326 8440 8396
f 8325 8392 8441
f 8386 8397 8419
f 8442 8355 8393
f 8431 8443 8296
f 8444 8445 8446
f 8416 8248 8447
f 8222 8448 8398
f 8326 8270 8440
f 8414 8296 8443
f 8338 8043 8384
f 8449 8425 8378
f 8399 8416 8450
f 8396 8451 8442
f 8367 8303 8340
f 8435 8452 8404
f 8341 8295 8330
f 8405 8388 8436
f 8248 8453 8454
f 8435 8379 8455
f 8393 8396 8442
f 8378 8412 8449
f 8394 8380 8403
f 8406 8456 8411
f 8387 8247 8336
f 8324 8434 8457
f 8457 8392 8324
f 8226 8333 8417
f 8413 8458 8459
f 8404 8452 8460
f 8413 8350 8458
f 8389 8425 8461
f 8409 8462 8354
f 8387 8336 8395
f 8434 8463 8457
f 8432 8375 8456
f 8424 8464 8431
f 8418 8221 8196
f 8465 8425 8449
f 8375 8374 8456
f 8434 8442 8463
f 8425 8465 8461
f 8436 8388 8466
f 8269 8414 8437
f 8241 8331 8358
f 8397 8433 8467
f 8406 8432 8456
f 8468 8338 8384
f 8433 8469 8467
f 8449 8412 8470
f 8440 8471 8396
f 8348 8472 8381
f 8473 8474 8475
f 8338 8388 8339
f 8407 8300 8357
f 8447 8450 8416
f 8452 8435 8476
f 8443 8431 8464
f 8464 8424 8423
f 8270 8477 8440
f 8384 8415 8468
f 8248 8385 8453
f 8419 8478 8420
f 8437 8414 8443
f 8356 8222 8398
f 8465 8449 8470
f 8352 8336 8316
f 8412 8479 8470
f 8480 8481 8482
f 8483 8455 8369
f 8403 8473 8475
f 8459 8473 8413
f 8476 8435 8455
f 8325 8441 8484
f 8437 8477 8270
f 8317 8382 8349
f 8485 8486 8402
f 8382 8216 8381
f 8487 8411 8456
f 8488 8448 8222
f 8347 8489 8391
f 8423 8475 8464
f 8392 8457 8490
f 8490 8441 8392
f 8427 8401 8426
f 8434 8355 8442
f 8460 8452 8491
f 8413 8408 8350
f 8360 8361 8492
f 8438 8458 8350
f 8338 8466 8388
f 8318 8493 8319
f 8472 8494 8381
f 8470 8495 8465
f 8407 8389 8496
f 8460 8358 8404
f 8497 8498 8499
f 8342 8500 8501
f 8484 8502 8503
f 8352 8315 8417
f 8349 8497 8499
f 8411 8504 8410
f 8493 8445 8469
f 8467 8469 8505
f 8412 8312 8427
f 8478 8506 8507
f 8410 8415 8137
f 8500 8287 8391
f 8476 8491 8452
f 8502 8484 8441
f 8464 8508 8509
f 8468 8510 8338
f 8221 8488 8222
f 8508 8511 8509
f 8374 8487 8456
f 8478 8467 8506
f 8495 8461 8465
f 8385 8387 8395
f 8349 8512 8438
f 8492 8513 8360
f 8381 8494 8382
f 8379 8369 8455
f 8514 8454 8515
f 8412 8371 8479
f 8443 8509 8437
f 8342 8287 8500
f 8441 8490 8502
f 8443 8464 8509
f 8460 8516 8241
f 8440 8477 8517
f 8488 8221 8518
f 8458 8438 8512
f 8415 8519 8468
f 8457 8463 8490
f 8440 8517 8471
f 8520 8521 8522
f 8450 8447 8523
f 8389 8461 8496
f 8428 8352 8417
f 8477 8437 8517
f 8374 8524 8421
f 8495 8470 8479
f 8476 8525 8526
f 8527 8426 8242
f 8512 8349 8499
f 8248 8454 8447
f 8319 8493 8363
f 8338 8510 8466
f 8411 8422 8504
f 8489 8347 8402
f 8476 8455 8525
f 8325 8484 8417
f 8489 8500 8391
f 8437 8509 8517
f 8450 8318 8399
f 8397 8467 8419
f 8471 8451 8396
f 8502 8490 8528
f 8510 8529 8466
f 8491 8476 8526
f 8453 8385 8395
f 8420 8530 8418
f 8512 8531 8458
f 8487 8374 8422
f 8461 8495 8532
f 8468 8533 8510
f 8488 8492 8448
f 8361 8448 8492
f 8478 8419 8467
f 8479 8532 8495
f 8504 8422 8534
f 8423 8403 8475
f 8490 8535 8536
f 8534 8537 8538
f 8388 8346 8339
f 8460 8491 8516
f 8422 8421 8534
f 8510 8533 8529
f 8531 8512 8499
f 8506 8467 8505
f 8460 8241 8358
f 8489 8402 8539
f 8518 8221 8418
f 8459 8540 8473
f 8458 8541 8459
f 8439 8542 8348
f 8318 8343 8399
f 8241 8527 8242
f 8451 8517 8543
f 8544 8542 8342
f 8528 8503 8502
f 8541 8458 8531
f 8518 8545 8488
f 8526 8546 8491
f 8517 8547 8543
f 8548 8451 8543
f 8549 8427 8426
f 8371 8550 8479
f 8420 8478 8530
f 8464 8475 8508
f 8475 8551 8508
f 8475 8552 8551
f 8500 8489 8539
f 8349 8382 8494
f 8361 8398 8448
f 8490 8536 8528
f 8491 8546 8516
f 8492 8488 8545
f 8540 8474 8473
f 8421 8553 8534
f 8483 8522 8554
f 8019 8353 8020
f 8532 8479 8550
f 8517 8509 8547
f 8471 8517 8451
f 8241 8516 8527
f 8507 8555 8556
f 8499 8557 8531
f 8540 8459 8558
f 8410 8504 8415
f 8550 8371 8373
f 8507 8506 8555
f 8559 8560 8318
f 8417 8484 8561
f 8562 8563 8564
f 8565 8552 8566
f 8520 8522 8383
f 8442 8451 8548
f 8541 8558 8459
f 8561 8484 8503
f 8533 8567 8529
f 8508 8551 8511
f 8349 8494 8497
f 8548 8543 8481
f 8557 8499 8498
f 8409 8568 8462
f 8483 8383 8522
f 8530 8556 8569
f 8570 8526 8525
f 8545 8518 8571
f 8483 8369 8383
f 8531 8572 8541
f 8371 8427 8372
f 8474 8540 8558
f 8490 8463 8535
f 8546 8526 8570
f 8018 7932 8173
f 8532 8573 8574
f 8575 8561 8503
f 8572 8531 8557
f 8529 8576 8466
f 8514 8523 8454
f 8483 8554 8455
f 8472 8348 8542
f 8473 8403 8413
f 8577 8578 8579
f 8462 8374 8354
f 8545 8580 8513
f 8570 8525 8581
f 8582 8551 8583
f 8584 8496 8585
f 8532 8574 8461
f 8551 8582 8511
f 8516 8546 8586
f 8481 8442 8548
f 8492 8545 8513
f 8528 8587 8575
f 8453 8515 8454
f 8558 8541 8572
f 8582 8583 8588
f 8589 8428 8430
f 8506 8590 8555
f 8519 8415 8534
f 8591 8592 8593
f 8497 8494 8578
f 8594 8581 8525
f 8463 8480 8535
f 8481 8480 8463
f 8481 8463 8442
f 8498 8595 8596
f 8468 8519 8533
f 8597 8519 8534
f 8374 8462 8524
f 8584 8585 8598
f 8439 8342 8542
f 8539 8501 8500
f 8579 8599 8600
f 8601 8597 8534
f 8543 8602 8481
f 8574 8496 8461
f 8557 8603 8604
f 8605 8561 8606
f 8607 8522 8521
f 8570 8586 8546
f 8580 8545 8571
f 8532 8550 8573
f 8551 8552 8583
f 8578 8494 8579
f 8501 8544 8342
f 8428 8605 8429
f 8478 8507 8530
f 8516 8586 8527
f 8572 8608 8558
f 8530 8507 8556
f 8557 8596 8603
f 8409 8407 8584
f 8535 8480 8482
f 8557 8604 8572
f 8523 8447 8454
f 8561 8575 8606
f 8605 8417 8561
f 8505 8444 8590
f 8444 8505 8469
f 8418 8530 8569
f 8609 8610 8576
f 8519 8597 8611
f 8411 8487 8422
f 8503 8528 8575
f 8373 8612 8613
f 8373 8372 8612
f 8402 8486 8614
f 8580 8615 8513
f 8498 8497 8595
f 8583 8552 8565
f 8584 8598 8409
f 8472 8599 8494
f 8528 8536 8616
f 8617 8582 8588
f 8578 8595 8497
f 8550 8373 8573
f 8608 8572 8604
f 8582 8547 8511
f 8506 8505 8590
f 8618 8609 8611
f 8520 8383 8360
f 8536 8482 8619
f 8620 8621 8622
f 8421 8524 8553
f 8474 8558 8566
f 8558 8608 8566
f 8539 8614 8501
f 8611 8597 8623
f 8496 8574 8585
f 8519 8611 8533
f 8584 8407 8496
f 8615 8571 8564
f 8536 8619 8616
f 8588 8624 8622
f 8586 8570 8625
f 8626 8524 8462
f 8575 8627 8606
f 8588 8621 8617
f 8462 8568 8628
f 8601 8534 8538
f 8557 8498 8596
f 8549 8612 8372
f 8586 8629 8527
f 8577 8579 8630
f 8604 8631 8608
f 8626 8553 8524
f 8318 8560 8493
f 8436 8576 8020
f 8611 8567 8533
f 8481 8602 8482
f 8566 8608 8631
f 8599 8579 8494
f 8581 8625 8570
f 8605 8428 8417
f 8632 8633 8426
f 8555 8634 8556
f 8582 8617 8547
f 8609 8567 8611
f 8635 8617 8621
f 8636 8615 8564
f 8020 8637 8402
f 8552 8474 8566
f 8573 8638 8574
f 8573 8613 8638
f 8528 8616 8587
f 8626 8462 8628
f 8595 8578 8639
f 8617 8635 8640
f 8629 8641 8527
f 8509 8511 8547
f 8549 8372 8427
f 8577 8639 8578
f 8436 8466 8576
f 8631 8604 8603
f 8609 8576 8567
f 8640 8642 8547
f 8556 8643 8569
f 8552 8475 8474
f 8621 8644 8635
f 8586 8625 8629
f 8645 8646 8647
f 8605 8606 8429
f 8645 8549 8646
f 8547 8648 8543
f 8555 8649 8650
f 8554 8522 8607
f 8651 8553 8626
f 8617 8640 8547
f 8641 8652 8653
f 8560 8445 8493
f 8654 8618 8611
f 8606 8655 8429
f 8616 8619 8656
f 8657 8453 8395
f 8620 8622 8658
f 8415 8504 8534
f 8568 8598 8659
f 8543 8660 8602
f 8661 8636 8564
f 8644 8621 8620
f 8574 8638 8585
f 8662 8663 8607
f 8597 8601 8623
f 8664 8635 8644
f 8635 8664 8640
f 8634 8555 8650
f 8609 8618 8610
f 8554 8525 8455
f 8523 8514 8559
f 8579 8600 8630
f 8596 8665 8666
f 8625 8581 8667
f 8603 8668 8631
f 8575 8669 8627
f 8565 8624 8583
f 8670 8482 8602
f 8576 8671 8637
f 8602 8660 8670
f 8485 8591 8672
f 8556 8634 8643
f 8673 8596 8595
f 8629 8625 8667
f 8596 8666 8603
f 8667 8594 8674
f 8615 8520 8513
f 8642 8640 8664
f 8554 8607 8594
f 8537 8675 8538
f 8482 8670 8619
f 8644 8676 8664
f 8627 8655 8606
f 8612 8549 8645
f 8626 8628 8651
f 8630 8600 8677
f 8620 8678 8644
f 8641 8629 8679
f 8576 8529 8567
f 8649 8680 8650
f 8681 8682 8624
f 8668 8603 8666
f 8554 8594 8525
f 8683 8613 8612
f 8639 8684 8673
f 8615 8636 8520
f 8685 8445 8560
f 8641 8426 8527
f 8643 8634 8650
f 8536 8535 8482
f 8429 8655 8686
f 8568 8409 8598
f 8676 8644 8678
f 8642 8687 8688
f 8654 8611 8623
f 8566 8689 8565
f 8667 8679 8629
f 8690 8428 8589
f 8621 8588 8622
f 8645 8683 8612
f 8642 8691 8687
f 8587 8656 8669
f 8678 8620 8658
f 8662 8607 8521
f 8429 8686 8430
f 8649 8590 8444
f 8689 8681 8565
f 8402 8614 8539
f 8624 8588 8583
f 8610 8618 8692
f 8127 8439 8348
f 8648 8693 8660
f 8573 8373 8613
f 8659 8598 8585
f 8645 8647 8694
f 8679 8652 8641
f 8695 8542 8696
f 8610 8671 8576
f 8353 8436 8020
f 8642 8697 8547
f 8592 8671 8593
f 8651 8534 8553
f 8654 8623 8698
f 8643 8562 8569
f 8575 8587 8669
f 8619 8670 8699
f 8637 8592 8485
f 8693 8700 8660
f 8641 8653 8426
f 8568 8659 8701
f 8668 8702 8689
f 8673 8665 8596
f 8633 8646 8426
f 8653 8632 8426
f 8636 8703 8520
f 8622 8624 8682
f 8648 8704 8705
f 8706 8707 8693
f 8615 8580 8571
f 8676 8708 8691
f 8648 8705 8709
f 8614 8486 8710
f 8643 8711 8712
f 8638 8613 8713
f 8576 8637 8020
f 8547 8697 8648
f 8555 8590 8649
f 8642 8664 8691
f 8714 8715 8697
f 8655 8627 8686
f 8678 8658 8708
f 8679 8667 8674
f 8670 8716 8699
f 8648 8660 8543
f 8695 8472 8542
f 8523 8318 8450
f 8662 8521 8717
f 8656 8587 8616
f 8718 8692 8618
f 8656 8719 8720
f 8683 8645 8694
f 8656 8720 8669
f 8618 8654 8718
f 8639 8630 8684
f 8716 8660 8700
f 8520 8360 8513
f 8630 8677 8684
f 8569 8571 8518
f 8686 8721 8430
f 8643 8650 8711
f 8670 8660 8716
f 8622 8722 8658
f 8659 8723 8724
f 8652 8679 8725
f 8708 8726 8691
f 8727 8728 8594
f 8664 8676 8691
f 8657 8395 8428
f 8688 8697 8642
f 8613 8694 8713
f 8445 8444 8469
f 8676 8678 8708
f 8610 8692 8671
f 8627 8729 8686
f 8653 8652 8725
f 8646 8549 8426
f 8697 8704 8648
f 8649 8730 8731
f 8703 8636 8661
f 8523 8559 8318
f 8623 8732 8698
f 8628 8568 8733
f 8734 8735 8600
f 8674 8725 8679
f 8594 8728 8674
f 8730 8649 8444
f 8632 8653 8736
f 8623 8601 8732
f 8687 8691 8726
f 8633 8632 8737
f 8646 8633 8737
f 8657 8515 8453
f 8485 8592 8591
f 8643 8712 8562
f 8738 8739 8740
f 8741 8726 8742
f 8680 8649 8731
f 8661 8564 8743
f 8688 8714 8697
f 8715 8704 8697
f 8692 8744 8671
f 8622 8682 8722
f 8566 8631 8668
f 8745 8589 8430
f 8654 8746 8718
f 8685 8560 8559
f 8562 8564 8571
f 8747 8514 8515
f 8725 8736 8653
f 8748 8647 8646
f 8486 8485 8672
f 8749 8699 8716
f 8687 8741 8688
f 8639 8577 8630
f 8632 8736 8737
f 8569 8518 8418
f 8737 8748 8646
f 8650 8680 8711
f 8690 8657 8428
f 8594 8667 8581
f 8661 8750 8703
f 8714 8688 8741
f 8716 8700 8749
f 8677 8600 8751
f 8684 8677 8751
f 8613 8683 8694
f 8729 8721 8686
f 8704 8752 8705
f 8732 8601 8538
f 8619 8719 8656
f 8722 8682 8753
f 8669 8754 8755
f 8673 8595 8639
f 8627 8669 8755
f 8749 8700 8756
f 8501 8614 8710
f 8742 8726 8708
f 8725 8674 8757
f 8692 8758 8744
f 8699 8749 8740
f 8694 8647 8759
f 8430 8721 8760
f 8761 8711 8762
f 8728 8757 8674
f 8763 8681 8764
f 8658 8722 8765
f 8700 8693 8707
f 8715 8766 8752
f 8730 8444 8446
f 8767 8651 8628
f 8747 8768 8559
f 8681 8753 8682
f 8704 8715 8752
f 8493 8469 8433
f 8647 8748 8759
f 8750 8521 8703
f 8736 8725 8769
f 8759 8713 8694
f 8766 8770 8771
f 8493 8433 8363
f 8600 8735 8751
f 8746 8758 8718
f 8599 8472 8695
f 8665 8702 8666
f 8740 8772 8773
f 8774 8775 8747
f 8776 8735 8734
f 8765 8708 8658
f 8748 8737 8777
f 8778 8723 8659
f 8715 8714 8766
f 8745 8430 8779
f 8736 8780 8737
f 8712 8563 8562
f 8684 8781 8673
f 8711 8731 8762
f 8782 8638 8713
f 8684 8751 8781
f 8757 8769 8725
f 8727 8594 8663
f 8732 8783 8698
f 8627 8755 8729
f 8654 8698 8746
f 8732 8538 8784
f 8693 8785 8786
f 8750 8661 8743
f 8673 8787 8665
f 8534 8651 8537
f 8564 8563 8788
f 8777 8759 8748
f 8669 8720 8754
f 8765 8722 8789
f 8785 8693 8648
f 8709 8790 8791
f 8711 8761 8712
f 8521 8520 8703
f 8769 8780 8736
f 8785 8648 8709
f 8714 8741 8766
f 8792 8793 8743
f 8700 8707 8756
f 8794 8777 8737
f 8702 8665 8787
f 8767 8628 8733
f 8709 8705 8790
f 8780 8794 8737
f 8731 8730 8795
f 8721 8729 8796
f 8757 8728 8797
f 8692 8718 8758
f 8796 8760 8721
f 8783 8746 8698
f 8786 8791 8798
f 8662 8717 8799
f 8542 8544 8800
f 8801 8802 8803
f 8720 8719 8754
f 8750 8717 8521
f 8566 8668 8689
f 8743 8804 8750
f 8728 8727 8797
f 8702 8668 8666
f 8706 8693 8786
f 8781 8805 8806
f 8785 8709 8791
f 8599 8734 8600
f 8767 8733 8807
f 8769 8757 8797
f 8701 8807 8733
f 8808 8783 8784
f 8761 8762 8809
f 8742 8708 8810
f 8811 8756 8707
f 8735 8805 8751
f 8673 8781 8787
f 8759 8777 8812
f 8813 8730 8446
f 8783 8732 8784
f 8430 8814 8779
f 8804 8717 8750
f 8781 8751 8805
f 8707 8706 8811
f 8747 8515 8657
f 8815 8734 8816
f 8752 8817 8790
f 8747 8559 8514
f 8818 8729 8755
f 8706 8786 8819
f 8778 8659 8585
f 8780 8797 8820
f 8782 8585 8638
f 8758 8746 8821
f 8681 8689 8764
f 8702 8822 8689
f 8777 8794 8820
f 8727 8663 8823
f 8761 8824 8712
f 8701 8733 8568
f 8713 8812 8825
f 8722 8753 8789
f 8794 8780 8820
f 8705 8752 8790
f 8712 8824 8563
f 8826 8827 8662
f 8828 8829 8754
f 8735 8776 8805
f 8780 8769 8797
f 8782 8713 8825
f 8711 8680 8731
f 8662 8823 8663
f 8767 8830 8651
f 8701 8659 8724
f 8766 8771 8817
f 8729 8818 8796
f 8820 8812 8777
f 8758 8831 8744
f 8740 8756 8772
f 8789 8832 8810
f 8817 8833 8790
f 8695 8696 8816
f 8784 8675 8834
f 8734 8695 8816
f 8835 8723 8836
f 8637 8485 8402
f 8801 8685 8802
f 8727 8837 8797
f 8782 8778 8585
f 8822 8838 8689
f 8776 8734 8839
f 8753 8840 8789
f 8746 8783 8821
f 8828 8754 8719
f 8830 8767 8807
f 8706 8819 8841
f 8804 8743 8793
f 8841 8811 8706
f 8778 8782 8836
f 8760 8796 8842
f 8823 8837 8727
f 8681 8840 8753
f 8842 8814 8760
f 8734 8599 8695
f 8713 8759 8812
f 8755 8754 8829
f 8829 8818 8755
f 8797 8837 8843
f 8710 8544 8501
f 8830 8844 8651
f 8808 8784 8834
f 8681 8845 8840
f 8699 8740 8719
f 8717 8846 8799
f 8807 8847 8830
f 8730 8813 8795
f 8569 8562 8571
f 8807 8848 8847
f 8812 8820 8843
f 8849 8822 8787
f 8761 8809 8824
f 8792 8743 8564
f 8823 8827 8850
f 8835 8836 8851
f 8675 8852 8853
f 8797 8843 8820
f 8811 8854 8772
f 8805 8855 8806
f 8681 8763 8845
f 8781 8806 8849
f 8446 8685 8856
f 8843 8825 8812
f 8857 8796 8818
f 8849 8858 8822
f 8783 8808 8821
f 8762 8731 8795
f 8832 8859 8810
f 8663 8594 8607
f 8836 8782 8825
f 8717 8793 8846
f 8774 8690 8745
f 8741 8687 8726
f 8810 8708 8765
f 8446 8445 8685
f 8430 8760 8814
f 8811 8841 8860
f 8739 8719 8740
f 8752 8766 8817
f 8619 8699 8719
f 8758 8821 8831
f 8789 8840 8861
f 8837 8823 8850
f 8796 8857 8842
f 8808 8834 8862
f 8740 8749 8756
f 8734 8815 8839
f 8829 8828 8863
f 8762 8864 8809
f 8764 8689 8838
f 8786 8785 8791
f 8814 8865 8779
f 8840 8845 8866
f 8486 8672 8710
f 8805 8776 8855
f 8844 8847 8867
f 8834 8868 8862
f 8710 8800 8544
f 8690 8589 8745
f 8784 8538 8675
f 8869 8836 8825
f 8837 8850 8843
f 8763 8764 8870
f 8675 8537 8852
f 8841 8819 8871
f 8825 8843 8869
f 8832 8861 8872
f 8771 8873 8817
f 8828 8739 8874
f 8844 8537 8651
f 8839 8855 8776
f 8818 8829 8857
f 8675 8853 8834
f 8866 8861 8840
f 8542 8800 8696
f 8774 8745 8875
f 8844 8830 8847
f 8696 8876 8816
f 8738 8740 8773
f 8807 8701 8724
f 8807 8724 8848
f 8849 8806 8858
f 8843 8850 8869
f 8702 8787 8822
f 8808 8877 8821
f 8811 8860 8854
f 8756 8811 8772
f 8768 8747 8775
f 8592 8637 8671
f 8821 8878 8831
f 8781 8849 8787
f 8723 8835 8879
f 8786 8798 8819
f 8717 8804 8793
f 8537 8844 8852
f 8763 8866 8845
f 8723 8879 8724
f 8880 8764 8838
f 8774 8657 8690
f 8842 8857 8865
f 8871 8860 8841
f 8723 8778 8836
f 8814 8842 8865
f 8710 8696 8800
f 8855 8839 8881
f 8809 8882 8883
f 8772 8884 8773
f 8824 8809 8883
f 8850 8827 8851
f 8795 8864 8762
f 8885 8858 8806
f 8836 8869 8851
f 8862 8877 8808
f 8681 8624 8565
f 8806 8855 8886
f 8846 8793 8792
f 8829 8863 8857
f 8887 8854 8860
f 8817 8888 8833
f 8857 8889 8865
f 8779 8875 8745
f 8833 8798 8791
f 8850 8851 8869
f 8861 8866 8890
f 8791 8790 8833
f 8828 8719 8739
f 8744 8593 8671
f 8822 8858 8885
f 8891 8892 8835
f 8879 8848 8724
f 8860 8871 8887
f 8865 8893 8779
f 8866 8763 8890
f 8819 8798 8894
f 8766 8859 8770
f 8772 8895 8884
f 8896 8852 8867
f 8789 8861 8832
f 8813 8897 8795
f 8821 8877 8878
f 8768 8775 8898
f 8835 8899 8879
f 8883 8788 8824
f 8766 8741 8742
f 8826 8900 8827
f 8817 8873 8888
f 8839 8815 8881
f 8901 8880 8838
f 8852 8896 8902
f 8868 8853 8903
f 8882 8904 8883
f 8851 8905 8891
f 8798 8906 8894
f 8827 8900 8905
f 8672 8907 8710
f 8877 8908 8878
f 8909 8910 8696
f 8844 8867 8852
f 8738 8773 8884
f 8854 8887 8911
f 8912 8913 8792
f 8911 8895 8854
f 8904 8914 8883
f 8915 8890 8763
f 8828 8874 8916
f 8917 8846 8792
f 8885 8806 8918
f 8774 8919 8920
f 8864 8795 8882
f 8871 8921 8922
f 8889 8923 8924
f 8835 8925 8899
f 8899 8926 8879
f 8768 8802 8559
f 8799 8846 8917
f 8779 8893 8875
f 8772 8854 8895
f 8922 8887 8871
f 8863 8889 8857
f 8924 8893 8865
f 8824 8788 8563
f 8870 8915 8763
f 8871 8894 8921
f 8862 8868 8927
f 8806 8886 8918
f 8848 8879 8926
f 8895 8928 8884
f 8883 8914 8788
f 8852 8902 8853
f 8874 8738 8884
f 8815 8929 8881
f 8822 8885 8838
f 8877 8927 8908
f 8930 8931 8875
f 8882 8932 8904
f 8855 8881 8886
f 8914 8933 8934
f 8887 8922 8911
f 8696 8910 8876
f 8891 8835 8851
f 8892 8925 8835
f 8861 8890 8872
f 8799 8935 8826
f 8863 8916 8889
f 8739 8738 8874
f 8899 8925 8926
f 8893 8924 8930
f 8890 8915 8936
f 8795 8937 8882
f 8885 8938 8838
f 8927 8903 8939
f 8888 8906 8798
f 8881 8940 8886
f 8941 8914 8934
f 8823 8662 8827
f 8809 8864 8882
f 8895 8911 8942
f 8929 8815 8816
f 8789 8810 8765
f 8943 8907 8672
f 8942 8928 8895
f 8944 8770 8859
f 8764 8945 8870
f 8946 8831 8878
f 8903 8947 8939
f 8593 8744 8831
f 8851 8827 8905
f 8916 8948 8889
f 8915 8870 8936
f 8868 8834 8853
f 8890 8949 8872
f 8768 8803 8802
f 8929 8940 8881
f 8914 8912 8788
f 8932 8882 8937
f 8884 8928 8950
f 8933 8932 8937
f 8951 8911 8922
f 8877 8862 8927
f 8912 8792 8564
f 8925 8892 8952
f 8926 8925 8952
f 8885 8918 8938
f 8926 8953 8848
f 8893 8930 8875
f 8954 8930 8924
f 8799 8917 8935
f 8927 8939 8908
f 8955 8953 8956
f 8904 8932 8933
f 8911 8951 8942
f 8892 8891 8957
f 8768 8898 8803
f 8958 8941 8959
f 8960 8929 8816
f 8889 8948 8923
f 8928 8942 8950
f 8922 8921 8951
f 8954 8924 8923
f 8891 8905 8961
f 8870 8962 8936
f 8799 8826 8662
f 8912 8958 8913
f 8963 8964 8965
f 8902 8903 8853
f 8905 8900 8966
f 8961 8905 8966
f 8886 8940 8967
f 8766 8742 8859
f 8926 8952 8953
f 8871 8819 8894
f 8880 8945 8764
f 8795 8897 8937
f 8889 8924 8865
f 8918 8886 8968
f 8957 8952 8892
f 8802 8685 8559
f 8710 8969 8696
f 8970 8971 8935
f 8972 8838 8973
f 8961 8957 8891
f 8930 8974 8931
f 8878 8908 8946
f 8872 8949 8975
f 8972 8901 8838
f 8833 8888 8798
f 8826 8976 8900
f 8902 8896 8977
f 8978 8979 8980
f 8940 8929 8981
f 8919 8774 8875
f 8982 8961 8966
f 8832 8983 8859
f 8984 8942 8951
f 8985 8950 8942
f 8742 8810 8859
f 8933 8986 8987
f 8906 8921 8894
f 8954 8988 8989
f 8856 8801 8990
f 8918 8968 8938
f 8927 8868 8903
f 8940 8981 8967
f 8902 8991 8903
f 8908 8939 8992
f 8906 8993 8921
f 8994 8921 8993
f 8995 8896 8867
f 8996 8960 8816
f 8870 8945 8962
f 8942 8984 8985
f 8997 8996 8816
f 8998 8949 8962
f 8902 8977 8991
f 8914 8904 8933
f 8954 8923 8988
f 8912 8941 8958
f 8946 8908 8992
f 8952 8982 8956
f 8950 8985 8999
f 8930 8989 8974
f 8919 9000 8920
f 9001 8876 8910
f 8964 8813 8446
f 8960 8981 8929
f 8957 8961 8982
f 9002 8880 8901
f 8945 8880 9003
f 8945 9003 8962
f 9004 9005 8971
f 8847 8953 9006
f 9007 8943 8591
f 8976 8966 8900
f 8995 8977 8896
f 8983 9008 8859
f 8944 8859 9008
f 8968 8978 8980
f 9000 9009 8920
f 8838 8980 8973
f 8771 8770 9010
f 8774 8747 8657
f 8903 8991 8947
f 8939 8947 8992
f 8873 8771 9010
f 9011 9007 8593
f 8994 8984 8921
f 9012 8832 8872
f 8930 8954 8989
f 8943 8672 8591
f 8953 8952 8956
f 8914 8941 8912
f 9013 8985 8984
f 8975 9012 8872
f 8880 9014 9003
f 8960 8996 9015
f 8888 8873 9016
f 8982 8966 9017
f 8938 8968 8980
f 8981 9018 8967
f 8934 8933 8987
f 9019 8999 8985
f 8770 9020 9010
f 8847 8848 8953
f 8826 8935 8971
f 8948 9021 9022
f 8991 9023 8947
f 8867 9024 8995
f 8774 8920 8775
f 9012 8983 8832
f 8890 8936 8949
f 9010 9025 8873
f 8981 8960 9018
f 9011 8593 8831
f 8985 9013 9019
f 9024 8867 9026
f 8943 9027 8907
f 9025 9016 8873
f 9028 9029 9030
f 8941 8934 8959
f 8962 9003 9031
f 8975 9032 9012
f 8969 9033 8909
f 8977 8995 9034
f 8937 8963 8986
f 8863 8828 8916
f 9011 9035 9007
f 8880 9002 9014
f 8974 9036 9037
f 8949 8936 8962
f 8906 9038 8993
f 8991 9034 9023
f 9020 9039 9010
f 8944 9040 9020
f 8963 9041 8986
f 8968 9042 8978
f 9001 8910 9043
f 8999 9019 9044
f 8919 8875 9000
f 8923 8948 8988
f 9045 9046 8972
f 9047 9048 9040
f 8801 8856 8685
f 8913 9049 9050
f 8952 8957 8982
f 8995 9024 9034
f 9015 9018 8960
f 8934 8987 8959
f 8964 8897 8813
f 8788 8912 8564
f 9025 9010 9051
f 8956 8982 9017
f 8984 8951 8921
f 8963 8897 8964
f 8838 8938 8980
f 8986 9052 8987
f 8775 9053 9054
f 8968 8886 8967
f 9014 9031 9003
f 8969 8909 8696
f 9040 8944 9008
f 8770 8944 9020
f 9024 9055 9034
f 8988 9056 8989
f 9016 9025 9057
f 8875 8931 9000
f 8965 8964 8856
f 9010 9039 9051
f 9058 9019 9013
f 8973 8980 8979
f 8974 8989 9036
f 9050 9049 9059
f 9016 8906 8888
f 9025 9051 9057
f 8967 9018 9042
f 8965 8856 9060
f 8913 9050 8792
f 8920 9009 9053
f 8947 9061 8992
f 8975 8949 9062
f 9034 9063 9023
f 8983 9012 9064
f 8988 9022 9056
f 9065 9002 8901
f 9018 9066 9042
f 8998 8962 9067
f 8775 9054 8898
f 8959 8987 9052
f 9039 9020 9068
f 8856 8964 8446
f 8997 9001 9069
f 8933 8937 8986
f 8988 8948 9022
f 8963 8965 9070
f 8901 8972 9071
f 8999 8874 8884
f 9019 9072 9044
f 8997 8816 8876
f 8962 9031 9067
f 9016 9073 8906
f 9062 9032 8975
f 9020 9040 9068
f 9040 9008 9074
f 9019 9058 9072
f 9075 9058 8994
f 9016 9057 9073
f 9031 9014 9076
f 9062 8949 9077
f 8983 9064 9074
f 8946 9011 8831
f 8991 8977 9034
f 9057 9078 9073
f 8959 9079 8958
f 8994 9013 8984
f 8949 8998 9077
f 9039 9068 9051
f 9009 9080 9081
f 9015 8996 9082
f 9083 8965 9060
f 8884 8950 8999
f 8959 9084 9079
f 9055 9063 9034
f 9008 8983 9074
f 9085 9086 9000
f 9014 9002 9087
f 9018 9082 9066
f 9088 9089 8946
f 9049 8913 8958
f 8801 8803 9090
f 9012 9032 9064
f 9091 9092 9093
f 9036 9094 9085
f 9095 9096 9097
f 8955 9006 8953
f 8947 9023 9061
f 8856 8990 9060
f 8867 8847 9006
f 9007 8591 8593
f 9037 9036 9085
f 9001 8997 8876
f 9024 9026 9055
f 9040 9048 9098
f 9050 9099 8792
f 9065 8901 9071
f 8989 9056 9036
f 8898 9090 8803
f 8972 9046 9071
f 8976 8971 9005
f 9100 9026 9006
f 9032 9101 9064
f 9087 9076 9014
f 8996 9102 9082
f 9052 9103 9084
f 9032 9062 9101
f 8963 8937 8897
f 9079 9049 8958
f 9023 9104 9061
f 8867 9006 9026
f 9105 9054 9106
f 9068 9107 9051
f 9040 9108 9068
f 9073 9038 8906
f 9096 9109 9097
f 9065 9087 9002
f 9095 9044 9096
f 9063 9110 9023
f 9052 9041 9103
f 9099 9050 9059
f 9047 9040 9074
f 9111 8956 9017
f 9112 9113 9064
f 9089 9011 8946
f 9042 9114 8978
f 8968 8967 9042
f 8826 8971 8976
f 8775 8920 9053
f 8907 9115 9033
f 8959 9052 9084
f 9116 9117 9038
f 8992 9061 9088
f 9108 9107 9068
f 8998 9118 9077
f 9082 9119 9066
f 9063 9055 9120
f 9102 8997 9069
f 9110 9104 9023
f 9072 9121 9096
f 9058 9013 8994
f 8998 9067 9122
f 9056 9123 9036
f 9038 8994 8993
f 9062 9077 9101
f 8999 9044 8874
f 8978 9124 8979
f 9053 9125 9106
f 9078 9116 9073
f 9057 9051 9078
f 8907 9033 8969
f 9072 9058 9121
f 9122 9067 9091
f 9041 9126 9103
f 9045 8972 8973
f 9018 9015 9082
f 9073 9116 9038
f 9055 9026 9120
f 9071 9127 9128
f 9120 9110 9063
f 9129 9007 9035
f 9040 9098 9108
f 9051 9130 9131
f 9049 9079 9132
f 8948 8916 9021
f 9076 9087 9133
f 9123 9022 9134
f 9122 9118 8998
f 9061 9135 9088
f 9022 9136 9134
f 9095 9097 8874
f 9009 9081 9125
f 9100 9006 8955
f 9051 9131 9078
f 9122 9091 9093
f 9129 9137 9138
f 9107 9108 9139
f 8979 9140 9045
f 9037 9085 9000
f 9091 9141 9092
f 9049 9132 9059
f 9142 9143 9102
f 9079 9144 9132
f 9064 9101 9145
f 8907 8969 8710
f 9087 9065 9128
f 9052 8986 9041
f 9102 9119 9082
f 9114 9124 8978
f 9047 9074 9113
f 9111 9146 8956
f 9088 8946 8992
f 9098 9139 9108
f 9099 9147 8970
f 9133 9091 9076
f 9078 9148 9116
f 9042 9066 9114
f 9149 9150 8801
f 9099 8970 8935
f 9051 9107 9130
f 9065 9071 9128
f 9026 9151 9120
f 9038 9117 9152
f 9104 9110 9153
f 9038 9154 8994
f 8898 9054 9090
f 9107 9139 9130
f 9094 9086 9085
f 9117 9116 9148
f 9128 9133 9087
f 9113 9074 9064
f 9084 9155 9144
f 9110 9120 9153
f 8979 9124 9156
f 9157 9145 9101
f 9123 9094 9036
f 8931 8974 9037
f 9061 9104 9135
f 9102 8996 8997
f 9155 9103 9158
f 9159 9060 9160
f 9099 9059 9147
f 9101 9077 9161
f 9066 9119 9162
f 9045 8973 8979
f 9114 9066 9163
f 9098 9048 9164
f 9165 9166 9167
f 9099 8917 8792
f 9156 9140 8979
f 9048 9168 9164
f 9097 9028 8874
f 9155 9169 9144
f 8970 9004 8971
f 9139 9170 9130
f 9079 9084 9144
f 9118 9122 9093
f 9124 9114 9156
f 8909 9043 8910
f 9045 9171 9046
f 9154 9075 8994
f 9119 9102 9162
f 9078 9131 9172
f 9136 9173 9174
f 9129 9027 8943
f 9066 9162 9163
f 9067 9031 9076
f 9047 9113 9168
f 9078 9172 9148
f 9038 9152 9154
f 9139 9175 9176
f 9118 9093 9161
f 9123 9134 9094
f 9045 9140 9171
f 9044 9095 8874
f 9123 9056 9022
f 9091 9133 9177
f 9150 8990 8801
f 9117 9148 9152
f 9026 9178 9151
f 9153 9120 9151
f 9044 9072 9096
f 9089 9035 9011
f 9158 9179 9180
f 9027 9181 9115
f 9077 9118 9161
f 9112 9064 9145
f 9086 9094 9182
f 9105 9106 9183
f 9059 9132 9184
f 9058 9075 9121
f 9156 9185 9186
f 9133 9128 9187
f 9142 9102 9069
f 9100 8955 9188
f 9026 9100 9178
f 9027 9115 8907
f 9104 9153 9135
f 9189 9115 9181
f 9070 9126 8963
f 9113 9112 9168
f 9162 9102 9143
f 9067 9076 9091
f 9139 9176 9170
f 9086 9080 9000
f 9154 9190 9075
f 9144 9184 9132
f 9131 9130 9191
f 9140 9186 9171
f 9165 9089 9166
f 9084 9103 9155
f 9099 8935 8917
f 9192 8955 8956
f 9007 9129 8943
f 9193 9178 9100
f 9021 9028 9030
f 9041 8963 9126
f 9134 9182 9094
f 9093 9194 9161
f 9054 9053 9106
f 9187 9177 9133
f 9195 9154 9152
f 9196 8966 8976
f 9148 9197 9152
f 9046 9171 9198
f 9196 9017 8966
f 9188 9193 9100
f 9059 9199 9147
f 9170 9191 9130
f 9075 9190 9121
f 9182 9200 9086
f 9156 9114 9185
f 9192 9188 8955
f 9139 9098 9175
f 9046 9201 9071
f 9145 9202 9112
f 9127 9187 9128
f 9164 9175 9098
f 9047 9168 9048
f 9203 9168 9204
f 9183 9205 9206
f 9207 9149 9090
f 8970 9208 9004
f 9153 9209 9135
f 9200 9080 9086
f 9210 9192 8956
f 9131 9211 9172
f 8874 9028 8916
f 9140 9156 9186
f 9154 9212 9190
f 9172 9213 9197
f 9214 9189 9181
f 9136 9215 9134
f 9152 9197 9195
f 9005 9196 8976
f 9216 9173 9021
f 9151 9178 9217
f 9170 9176 9218
f 9219 9157 9161
f 9112 9220 9168
f 8909 9033 9189
f 9198 9221 9201
f 9096 9121 9222
f 9195 9212 9154
f 9173 9136 9021
f 8990 9160 9060
f 9035 9137 9129
f 9184 9223 9199
f 9198 9171 9221
f 8965 9083 9070
f 9096 9222 9109
f 9178 9193 9217
f 9135 9209 9166
f 9091 9177 9141
f 9071 9201 9127
f 9157 9101 9161
f 9151 9224 9153
f 9225 9028 9097
f 9176 9226 9218
f 9164 9203 9175
f 9105 9183 9090
f 9163 9162 9227
f 9193 9188 9228
f 9059 9184 9199
f 9134 9215 9182
f 9229 9177 9187
f 9221 9186 9230
f 9046 9198 9201
f 9149 8801 9090
f 9092 9194 9093
f 9028 9021 8916
f 9089 9135 9166
f 9203 9164 9168
f 9202 9220 9112
f 9195 9197 9212
f 9212 9231 9190
f 9200 9182 9232
f 9218 9191 9170
f 9070 9083 9126
f 9188 9192 9233
f 9234 9187 9127
f 9175 9235 9176
f 9203 9236 9237
f 9228 9217 9193
f 9203 9237 9175
f 9238 9239 9240
f 9241 9125 9081
f 8970 9242 9208
f 9237 9243 9175
f 9210 8956 9146
f 9222 9244 9109
f 9148 9172 9197
f 9109 9245 9097
f 9035 9165 9137
f 9177 9229 9141
f 9080 9200 9246
f 9215 9174 9247
f 9131 9191 9211
f 9233 9228 9188
f 9169 9155 9248
f 9243 9235 9175
f 9004 9249 9250
f 9145 9157 9251
f 9250 9005 9004
f 9245 9225 9097
f 9114 9163 9185
f 9190 9252 9121
f 9253 9254 9196
f 9234 9127 9201
f 9142 9069 9239
f 9229 9187 9234
f 9199 9255 9147
f 9168 9256 9204
f 9145 9251 9202
f 9252 9222 9121
f 9218 9226 9257
f 9248 9158 9180
f 9220 9258 9168
f 9151 9217 9224
f 9255 9242 9147
f 9224 9209 9153
f 9109 9244 9245
f 9089 9165 9035
f 9192 9259 9233
f 9171 9186 9221
f 9172 9211 9213
f 9163 9227 9260
f 9184 9169 9223
f 8970 9147 9242
f 9160 9261 9262
f 9215 9136 9174
f 9157 9219 9251
f 9232 9246 9200
f 9136 9022 9021
f 9181 9027 9138
f 9203 9204 9236
f 9220 9263 9258
f 9009 9000 9080
f 9162 9264 9227
f 8909 9189 9043
f 9243 9237 9265
f 9266 9158 9126
f 8990 9150 9160
f 9196 9250 9267
f 9212 9197 9268
f 9189 9269 9043
f 9217 9228 9270
f 9194 9092 9271
f 9083 9266 9126
f 9248 9223 9169
f 9215 9247 9182
f 9235 9243 9272
f 9273 9244 9222
f 9054 9105 9090
f 9191 9218 9211
f 9092 9141 9271
f 9028 9225 9029
f 9204 9274 9236
f 9162 9143 9264
f 9228 9233 9270
f 9236 9265 9237
f 9275 9232 9182
f 9141 9276 9271
f 9163 9260 9185
f 9143 9142 9264
f 9202 9277 9220
f 9269 9278 9043
f 9211 9218 9279
f 9219 9161 9280
f 9256 9274 9204
f 9231 9212 9268
f 9217 9281 9224
f 9168 9282 9256
f 9283 9284 9285
f 9265 9272 9243
f 9245 9244 9286
f 9287 9181 9138
f 9194 9280 9161
f 9183 9106 9205
f 9234 9288 9229
f 9234 9201 9289
f 9277 9263 9220
f 9184 9144 9169
f 9272 9290 9235
f 9209 9224 9166
f 9278 9069 9043
f 9223 9248 9180
f 9168 9258 9282
f 9149 9261 9150
f 9242 9291 9208
f 9292 9225 9245
f 9197 9213 9268
f 9235 9226 9176
f 9189 9033 9115
f 9192 9210 9259
f 9202 9293 9277
f 9149 9207 9261
f 9270 9233 9294
f 9089 9088 9135
f 9246 9232 9295
f 9252 9273 9222
f 9242 9296 9291
f 9125 9053 9009
f 9297 9269 9298
f 9224 9299 9166
f 9247 9275 9182
f 9142 9239 9238
f 9210 9146 9300
f 9252 9301 9273
f 9233 9259 9294
f 9027 9129 9138
f 9238 9264 9142
f 9146 9111 9302
f 9229 9285 9141
f 9223 9180 9303
f 9263 9282 9258
f 9080 9304 9081
f 9275 9295 9232
f 9265 9236 9305
f 9221 9289 9201
f 9306 9307 9302
f 9236 9274 9308
f 9196 9005 9250
f 9210 9300 9259
f 8931 9037 9000
f 9272 9265 9309
f 9261 9310 9262
f 9274 9256 9311
f 9211 9279 9213
f 9217 9270 9281
f 9252 9231 9312
f 9313 9160 9262
f 9189 9314 9269
f 9290 9272 9309
f 9244 9273 9286
f 9069 9001 9043
f 9004 9315 9249
f 9183 9316 9207
f 9159 9083 9060
f 9288 9234 9317
f 9004 9208 9315
f 9295 9304 9246
f 9219 9318 9293
f 9224 9281 9299
f 9146 9319 9300
f 9223 9303 9199
f 9239 9320 9240
f 9252 9312 9321
f 9247 9174 9322
f 9323 9305 9236
f 9308 9323 9236
f 9289 9317 9234
f 9254 9306 9017
f 9305 9309 9265
f 9103 9126 9158
f 9238 9240 9324
f 9235 9290 9226
f 9256 9282 9311
f 9267 9250 9325
f 9311 9308 9274
f 9304 9295 9326
f 9271 9327 9328
f 9254 9017 9196
f 9218 9257 9279
f 9160 9150 9261
f 9309 9329 9290
f 9159 9160 9313
f 9251 9219 9293
f 9296 9255 9199
f 9330 9281 9270
f 9278 9239 9069
f 9329 9331 9290
f 9185 9260 9332
f 9264 9238 9324
f 9194 9271 9328
f 9316 9183 9206
f 9259 9333 9294
f 9159 9313 9334
f 9282 9263 9335
f 9331 9336 9226
f 9294 9330 9270
f 9216 9021 9030
f 9260 9227 9337
f 9259 9300 9333
f 9229 9288 9285
f 9303 9296 9199
f 9304 9326 9338
f 9295 9275 9326
f 9301 9339 9273
f 9340 9337 9341
f 9167 9342 9343
f 9292 9245 9286
f 9213 9344 9268
f 9290 9331 9226
f 9286 9273 9339
f 9083 9159 9266
f 9282 9335 9311
f 9266 9159 9345
f 9279 9346 9213
f 9341 9347 9348
f 9276 9327 9271
f 9318 9280 9349
f 9350 9289 9221
f 9249 9315 9351
f 9285 9284 9352
f 9345 9159 9334
f 9319 9353 9300
f 9337 9332 9260
f 9283 9288 9317
f 9305 9323 9354
f 9323 9308 9355
f 9202 9251 9293
f 9186 9185 9230
f 9309 9356 9357
f 9225 9292 9358
f 9302 9359 9319
f 9252 9190 9231
f 9308 9311 9360
f 9250 9249 9325
f 9278 9297 9320
f 9306 9111 9017
f 9281 9330 9299
f 9353 9333 9300
f 9361 9335 9263
f 9329 9309 9357
f 9242 9255 9296
f 9306 9362 9363
f 9253 9196 9267
f 9303 9180 9364
f 9226 9336 9257
f 9365 9173 9216
f 9219 9280 9318
f 9350 9317 9289
f 9030 9029 9366
f 9331 9329 9357
f 9216 9030 9366
f 9146 9302 9319
f 9346 9344 9213
f 9277 9361 9263
f 9266 9367 9158
f 9292 9286 9339
f 9221 9368 9350
f 9214 9181 9287
f 9367 9266 9345
f 9288 9283 9285
f 9328 9327 9369
f 9330 9294 9370
f 9247 9322 9326
f 9355 9354 9323
f 9029 9371 9366
f 9309 9354 9356
f 9360 9355 9308
f 9296 9303 9364
f 9275 9247 9326
f 9268 9344 9372
f 9302 9307 9359
f 9249 9351 9325
f 9373 9360 9311
f 9336 9331 9374
f 9328 9369 9280
f 9307 9306 9363
f 9337 9227 9341
f 9278 9320 9239
f 9312 9268 9372
f 9306 9254 9362
f 9304 9338 9081
f 9283 9317 9350
f 9336 9375 9257
f 9294 9333 9370
f 9335 9376 9311
f 9377 9370 9378
f 9231 9268 9312
f 9125 9241 9205
f 9357 9374 9331
f 9335 9379 9376
f 9291 9380 9381
f 9183 9207 9090
f 9382 9383 9384
f 9335 9361 9379
f 9165 9167 9137
f 9333 9385 9370
f 9174 9173 9365
f 9174 9386 9322
f 9367 9345 9387
f 9327 9276 9388
f 9365 9366 9389
f 9376 9373 9311
f 9264 9324 9341
f 9390 9320 9297
f 9358 9292 9391
f 9367 9387 9158
f 9392 9393 9179
f 9291 9381 9208
f 9394 9395 9388
f 9338 9326 9396
f 9346 9279 9397
f 9361 9277 9379
f 9141 9285 9276
f 9398 9241 9399
f 9339 9391 9292
f 9381 9380 9400
f 9333 9353 9385
f 9326 9401 9396
f 9369 9349 9280
f 9283 9350 9284
f 9334 9387 9345
f 9277 9402 9403
f 9404 9324 9240
f 9315 9405 9351
f 9341 9324 9404
f 9395 9369 9388
f 9406 9371 9029
f 9318 9382 9293
f 9326 9407 9408
f 9340 9341 9348
f 9409 9342 9166
f 9410 9368 9221
f 9306 9302 9111
f 9358 9029 9225
f 9411 9412 9214
f 9377 9378 9409
f 9360 9373 9413
f 9356 9414 9357
f 9355 9415 9354
f 9373 9376 9413
f 9369 9395 9349
f 9393 9180 9179
f 9248 9155 9158
f 9254 9253 9362
f 9377 9299 9370
f 9388 9285 9416
f 9364 9393 9380
f 9315 9381 9405
f 9353 9417 9418
f 9167 9419 9137
f 9326 9322 9407
f 9240 9320 9404
f 9365 9386 9174
f 9080 9246 9304
f 9374 9357 9414
f 9338 9396 9081
f 9185 9332 9230
f 9376 9379 9420
f 9344 9421 9422
f 9359 9417 9319
f 9382 9349 9383
f 9194 9328 9280
f 9365 9216 9366
f 9284 9423 9352
f 9391 9424 9358
f 9388 9276 9285
f 9346 9421 9344
f 9419 9167 9343
f 9359 9307 9425
f 9321 9312 9426
f 9374 9375 9336
f 9320 9390 9404
f 9379 9277 9403
f 9241 9081 9399
f 9307 9363 9425
f 9291 9364 9380
f 9138 9427 9287
f 9326 9408 9401
f 9415 9356 9354
f 9253 9428 9362
f 9420 9413 9376
f 9391 9339 9429
f 9375 9430 9257
f 9431 9179 9387
f 9424 9406 9358
f 9180 9393 9364
f 9299 9377 9166
f 9358 9406 9029
f 9284 9350 9423
f 9106 9125 9205
f 9299 9330 9370
f 9342 9167 9166
f 9341 9404 9432
f 9433 9339 9301
f 9369 9327 9388
f 9414 9434 9435
f 9227 9264 9341
f 9277 9293 9402
f 9436 9397 9257
f 9372 9426 9312
f 9372 9422 9437
f 9353 9418 9385
f 9381 9315 9208
f 9291 9296 9364
f 9285 9352 9416
f 9310 9438 9262
f 9403 9420 9379
f 9342 9409 9439
f 9424 9391 9429
f 9417 9359 9440
f 9325 9351 9441
f 9353 9319 9417
f 9230 9340 9442
f 9405 9381 9400
f 9430 9375 9435
f 9325 9443 9267
f 9363 9444 9425
f 9413 9420 9445
f 9363 9362 9444
f 9362 9428 9446
f 9374 9435 9375
f 9257 9447 9436
f 9346 9397 9421
f 9322 9386 9407
f 9386 9365 9448
f 9390 9432 9404
f 9293 9382 9402
f 9417 9449 9418
f 9269 9314 9298
f 9370 9385 9378
f 9419 9138 9137
f 9360 9413 9450
f 9351 9451 9441
f 9374 9414 9435
f 9432 9452 9347
f 9410 9221 9230
f 9355 9360 9450
f 9390 9297 9453
f 9400 9454 9451
f 9455 9456 9457
f 9425 9440 9359
f 9397 9279 9257
f 9431 9387 9334
f 9368 9410 9458
f 9365 9389 9459
f 9441 9443 9325
f 9350 9458 9423
f 9443 9253 9267
f 9321 9433 9301
f 9385 9418 9460
f 9461 9431 9334
f 9444 9362 9446
f 9443 9428 9253
f 9332 9337 9340
f 9352 9462 9416
f 9429 9463 9424
f 9261 9316 9310
f 9316 9464 9310
f 9465 9466 9453
f 9445 9450 9413
f 9436 9447 9467
f 9401 9468 9396
f 9386 9448 9407
f 9406 9424 9469
f 9470 9392 9431
f 9394 9388 9416
f 9166 9377 9409
f 9435 9471 9430
f 9426 9372 9472
f 9351 9473 9451
f 9366 9371 9474
f 9448 9365 9459
f 9420 9403 9475
f 9350 9368 9458
f 9355 9450 9415
f 9441 9451 9476
f 9356 9477 9456
f 9309 9305 9354
f 9334 9478 9479
f 9475 9445 9420
f 9480 9458 9410
f 9400 9393 9392
f 9344 9422 9372
f 9397 9436 9421
f 9341 9432 9347
f 9433 9481 9429
f 9473 9405 9400
f 9432 9390 9452
f 9465 9298 9482
f 9417 9440 9449
f 9314 9412 9483
f 9449 9460 9418
f 9476 9443 9441
f 9463 9469 9424
f 9440 9425 9484
f 9427 9485 9486
f 9351 9405 9473
f 9425 9444 9484
f 9426 9433 9321
f 9297 9278 9269
f 9382 9318 9349
f 9487 9390 9453
f 9334 9313 9478
f 9352 9488 9462
f 9444 9489 9484
f 9382 9384 9402
f 9470 9490 9491
f 9472 9372 9437
f 9461 9334 9479
f 9257 9492 9447
f 9465 9453 9297
f 9473 9400 9451
f 9472 9493 9426
f 9371 9494 9474
f 9434 9495 9435
f 9440 9484 9449
f 9471 9435 9495
f 9401 9408 9496
f 9468 9399 9081
f 9471 9492 9430
f 9189 9412 9314
f 9487 9452 9390
f 9497 9475 9403
f 9423 9458 9488
f 9392 9179 9431
f 9403 9402 9498
f 9407 9448 9499
f 9485 9427 9138
f 9387 9179 9158
f 9468 9081 9396
f 9500 9443 9476
f 9450 9445 9501
f 9400 9380 9393
f 9433 9429 9339
f 9502 9503 9504
f 9444 9446 9489
f 9439 9409 9378
f 9498 9497 9403
f 9348 9347 9505
f 9378 9385 9460
f 9189 9214 9412
f 9506 9460 9449
f 9421 9436 9467
f 9481 9463 9429
f 9410 9504 9507
f 9415 9508 9356
f 9419 9509 9485
f 9496 9407 9499
f 9384 9383 9510
f 9468 9511 9399
f 9378 9512 9439
f 9443 9500 9428
f 9356 9456 9414
f 9352 9423 9488
f 9513 9510 9383
f 9347 9452 9514
f 9469 9463 9481
f 9348 9505 9442
f 9515 9478 9313
f 9516 9433 9517
f 9460 9512 9378
f 9480 9410 9507
f 9421 9467 9518
f 9230 9332 9340
f 9519 9476 9451
f 9445 9475 9501
f 9342 9439 9520
f 9480 9488 9458
f 9521 9461 9479
f 9452 9522 9514
f 9498 9523 9524
f 9321 9301 9252
f 9492 9471 9495
f 9451 9454 9519
f 9257 9430 9492
f 9241 9525 9205
f 9455 9434 9456
f 9476 9519 9500
f 9408 9407 9496
f 9501 9415 9450
f 9416 9526 9394
f 9472 9437 9527
f 9514 9505 9347
f 9419 9485 9138
f 9511 9528 9399
f 9506 9529 9530
f 9512 9506 9530
f 9531 9314 9483
f 9508 9477 9356
f 9493 9472 9527
f 9490 9431 9461
f 9241 9398 9525
f 9532 9501 9533
f 9410 9502 9504
f 9490 9470 9431
f 9529 9484 9489
f 9534 9496 9499
f 9422 9421 9518
f 9433 9516 9481
f 9495 9434 9455
f 9489 9446 9535
f 9366 9536 9537
f 9538 9535 9446
f 9539 9411 9427
f 9262 9515 9313
f 9383 9395 9394
f 9481 9540 9469
f 9500 9538 9428
f 9497 9541 9542
f 9371 9469 9494
f 9509 9419 9343
f 9262 9438 9515
f 9498 9543 9523
f 9522 9544 9514
f 9484 9506 9449
f 9538 9446 9428
f 9531 9545 9546
f 9547 9538 9548
f 9496 9511 9401
f 9437 9549 9527
f 9261 9207 9316
f 9495 9550 9492
f 9551 9552 9553
f 9448 9459 9499
f 9531 9483 9545
f 9488 9480 9554
f 9416 9555 9526
f 9529 9547 9530
f 9453 9522 9487
f 9556 9438 9557
f 9534 9558 9496
f 9547 9559 9530
f 9392 9454 9400
f 9411 9214 9287
f 9560 9394 9561
f 9442 9340 9348
f 9343 9342 9520
f 9501 9562 9533
f 9540 9494 9469
f 9422 9563 9437
f 9564 9565 9509
f 9505 9514 9566
f 9459 9567 9499
f 9427 9411 9287
f 9493 9517 9433
f 9512 9568 9520
f 9497 9569 9541
f 9394 9526 9561
f 9459 9389 9567
f 9503 9502 9442
f 9411 9570 9483
f 9544 9571 9514
f 9343 9520 9564
f 9525 9206 9205
f 9508 9415 9572
f 9569 9498 9524
f 9477 9508 9572
f 9511 9468 9401
f 9498 9402 9543
f 9371 9406 9469
f 9447 9492 9573
f 9574 9516 9517
f 9547 9535 9538
f 9529 9489 9547
f 9575 9576 9577
f 9415 9501 9532
f 9540 9574 9578
f 9539 9427 9486
f 9567 9579 9580
f 9555 9416 9462
f 9581 9555 9462
f 9550 9573 9492
f 9582 9534 9499
f 9496 9558 9511
f 9558 9534 9582
f 9511 9558 9583
f 9502 9230 9442
f 9515 9438 9556
f 9581 9584 9555
f 9455 9585 9495
f 9550 9495 9585
f 9582 9499 9586
f 9527 9549 9587
f 9452 9487 9522
f 9484 9529 9506
f 9512 9520 9439
f 9571 9566 9514
f 9522 9453 9466
f 9507 9554 9480
f 9538 9500 9519
f 9560 9513 9383
f 9457 9572 9588
f 9464 9316 9206
f 9366 9537 9389
f 9457 9588 9589
f 9497 9498 9569
f 9383 9349 9395
f 9415 9532 9572
f 9493 9527 9517
f 9343 9564 9509
f 9422 9518 9563
f 9384 9510 9543
f 9567 9537 9579
f 9590 9591 9206
f 9573 9467 9447
f 9558 9592 9583
f 9528 9511 9593
f 9466 9544 9522
f 9433 9426 9493
f 9494 9578 9576
f 9532 9533 9594
f 9466 9465 9595
f 9549 9596 9587
f 9554 9462 9488
f 9526 9584 9561
f 9593 9511 9583
f 9470 9597 9454
f 9573 9550 9585
f 9557 9310 9598
f 9599 9541 9569
f 9524 9599 9569
f 9536 9474 9575
f 9398 9399 9528
f 9474 9494 9576
f 9475 9497 9542
f 9540 9516 9574
f 9548 9454 9597
f 9411 9483 9412
f 9464 9598 9310
f 9563 9518 9600
f 9554 9507 9601
f 9298 9602 9482
f 9603 9604 9581
f 9560 9383 9394
f 9509 9565 9605
f 9582 9606 9607
f 9568 9512 9530
f 9566 9571 9608
f 9564 9520 9609
f 9460 9506 9512
f 9590 9206 9525
f 9543 9610 9611
f 9585 9455 9612
f 9457 9477 9572
f 9411 9539 9570
f 9465 9297 9298
f 9613 9571 9544
f 9570 9539 9486
f 9392 9470 9454
f 9536 9366 9474
f 9489 9535 9547
f 9402 9384 9543
f 9614 9559 9548
f 9559 9547 9548
f 9544 9466 9613
f 9564 9615 9565
f 9526 9555 9584
f 9576 9575 9474
f 9454 9538 9519
f 9554 9601 9462
f 9566 9553 9505
f 9520 9568 9609
f 9527 9587 9517
f 9564 9609 9615
f 9616 9479 9478
f 9568 9617 9609
f 9585 9618 9573
f 9619 9620 9617
f 9567 9389 9537
f 9470 9491 9597
f 9621 9478 9515
f 9467 9573 9622
f 9623 9601 9507
f 9590 9525 9624
f 9457 9456 9477
f 9593 9398 9528
f 9582 9586 9606
f 9625 9626 9627
f 9628 9588 9572
f 9541 9599 9629
f 9499 9580 9586
f 9540 9481 9516
f 9521 9490 9461
f 9595 9613 9466
f 9551 9630 9631
f 9626 9574 9517
f 9457 9589 9455
f 9560 9632 9513
f 9630 9633 9631
f 9541 9562 9542
f 9591 9464 9206
f 9536 9575 9634
f 9618 9585 9612
f 9599 9524 9635
f 9611 9636 9637
f 9437 9563 9638
f 9558 9607 9592
f 9491 9490 9639
f 9621 9616 9478
f 9314 9531 9298
f 9638 9563 9600
f 9475 9542 9562
f 9591 9590 9640
f 9502 9410 9230
f 9618 9622 9573
f 9504 9623 9507
f 9434 9414 9456
f 9593 9641 9398
f 9558 9582 9607
f 9601 9623 9603
f 9617 9620 9609
f 9580 9606 9586
f 9619 9614 9642
f 9524 9523 9635
f 9575 9577 9634
f 9467 9600 9518
f 9531 9602 9298
f 9629 9643 9541
f 9557 9598 9644
f 9639 9490 9521
f 9643 9562 9541
f 9454 9548 9538
f 9606 9645 9607
f 9635 9629 9599
f 9531 9546 9602
f 9620 9646 9647
f 9553 9648 9649
f 9608 9551 9553
f 9510 9632 9610
f 9559 9617 9530
f 9641 9650 9398
f 9587 9596 9517
f 9494 9540 9578
f 9501 9475 9562
f 9613 9595 9630
f 9651 9639 9521
f 9595 9465 9633
f 9635 9523 9611
f 9608 9571 9630
f 9616 9521 9479
f 9640 9624 9652
f 9618 9653 9654
f 9576 9655 9577
f 9532 9628 9572
f 9655 9625 9656
f 9645 9606 9657
f 9646 9619 9642
f 9530 9617 9568
f 9566 9608 9553
f 9645 9658 9607
f 9659 9603 9623
f 9642 9614 9491
f 9592 9607 9658
f 9660 9625 9627
f 9594 9661 9532
f 9596 9549 9662
f 9650 9641 9624
f 9663 9589 9628
f 9503 9664 9665
f 9584 9666 9561
f 9626 9517 9627
f 9499 9567 9580
f 9615 9667 9565
f 9615 9620 9647
f 9589 9612 9455
f 9635 9611 9637
f 9630 9595 9633
f 9583 9592 9641
f 9668 9437 9638
f 9632 9666 9669
f 9651 9521 9616
f 9589 9670 9612
f 9671 9672 9673
f 9467 9674 9600
f 9622 9618 9654
f 9398 9650 9525
f 9623 9504 9675
f 9571 9613 9630
f 9643 9629 9676
f 9645 9677 9658
f 9562 9643 9678
f 9557 9438 9310
f 9467 9622 9674
f 9629 9635 9676
f 9576 9578 9655
f 9581 9679 9584
f 9510 9513 9632
f 9620 9619 9646
f 9662 9680 9596
f 9618 9612 9653
f 9596 9680 9517
f 9560 9561 9666
f 9533 9562 9681
f 9549 9682 9662
f 9675 9659 9623
f 9683 9684 9685
f 9603 9462 9601
f 9670 9589 9663
f 9593 9583 9641
f 9614 9548 9597
f 9603 9659 9604
f 9650 9624 9525
f 9551 9608 9630
f 9686 9638 9600
f 9615 9647 9667
f 9687 9669 9666
f 9556 9557 9688
f 9619 9559 9614
f 9639 9642 9491
f 9645 9657 9677
f 9646 9642 9689
f 9663 9628 9690
f 9668 9638 9686
f 9691 9605 9565
f 9643 9676 9678
f 9553 9442 9505
f 9594 9533 9692
f 9589 9588 9628
f 9693 9556 9688
f 9691 9694 9570
f 9543 9510 9610
f 9678 9681 9562
f 9675 9504 9695
f 9672 9696 9673
f 9640 9464 9591
f 9697 9696 9672
f 9532 9698 9628
f 9637 9676 9635
f 9551 9699 9552
f 9577 9655 9656
f 9614 9597 9491
f 9696 9580 9579
f 9661 9594 9700
f 9701 9611 9610
f 9642 9651 9702
f 9681 9692 9533
f 9697 9657 9696
f 9703 9651 9616
f 9605 9485 9509
f 9657 9697 9677
f 9537 9634 9579
f 9532 9661 9698
f 9659 9675 9604
f 9692 9700 9594
f 9609 9620 9615
f 9557 9644 9688
f 9592 9658 9641
f 9651 9703 9702
f 9619 9617 9559
f 9682 9704 9662
f 9556 9693 9621
f 9670 9653 9612
f 9581 9705 9679
f 9605 9570 9486
f 9680 9662 9706
f 9545 9483 9570
f 9700 9698 9661
f 9704 9706 9662
f 9663 9707 9670
f 9656 9708 9579
f 9670 9709 9653
f 9639 9651 9642
f 9668 9549 9437
f 9581 9604 9705
f 9552 9710 9648
f 9680 9627 9517
f 9634 9577 9579
f 9603 9581 9462
f 9711 9712 9683
f 9677 9697 9672
f 9640 9598 9464
f 9482 9685 9465
f 9622 9654 9674
f 9676 9713 9678
f 9679 9687 9666
f 9653 9714 9654
f 9605 9486 9485
f 9683 9602 9546
f 9678 9715 9716
f 9626 9578 9574
f 9664 9717 9718
f 9676 9637 9713
f 9694 9545 9570
f 9719 9604 9675
f 9681 9678 9716
f 9537 9536 9634
f 9647 9720 9667
f 9632 9560 9666
f 9721 9660 9627
f 9707 9663 9722
f 9641 9723 9624
f 9724 9725 9703
f 9692 9681 9726
f 9709 9670 9707
f 9633 9727 9631
f 9672 9728 9677
f 9729 9730 9731
f 9668 9682 9549
f 9700 9692 9732
f 9729 9733 9734
f 9704 9682 9735
f 9642 9702 9689
f 9714 9674 9654
f 9523 9543 9611
f 9640 9688 9644
f 9553 9552 9648
f 9698 9700 9732
f 9706 9704 9735
f 9736 9699 9631
f 9699 9551 9631
f 9701 9610 9737
f 9738 9722 9663
f 9739 9740 9741
f 9604 9742 9705
f 9636 9713 9637
f 9743 9610 9632
f 9633 9744 9727
f 9695 9719 9675
f 9580 9657 9606
f 9706 9745 9680
f 9728 9672 9671
f 9716 9726 9681
f 9714 9653 9746
f 9709 9746 9653
f 9667 9720 9691
f 9503 9553 9649
f 9690 9738 9663
f 9725 9702 9703
f 9724 9703 9621
f 9728 9747 9677
f 9726 9732 9692
f 9680 9745 9627
f 9655 9626 9625
f 9611 9701 9636
f 9677 9747 9658
f 9556 9621 9515
f 9674 9748 9600
f 9683 9685 9482
f 9749 9750 9751
f 9720 9647 9689
f 9579 9673 9696
f 9752 9671 9673
f 9746 9709 9707
f 9690 9628 9698
f 9753 9713 9636
f 9754 9755 9756
f 9757 9758 9759
f 9735 9760 9706
f 9671 9761 9728
f 9674 9714 9746
f 9762 9707 9722
f 9763 9679 9729
f 9657 9580 9696
f 9713 9715 9678
f 9641 9658 9764
f 9604 9719 9742
f 9715 9713 9753
f 9686 9750 9668
f 9553 9503 9442
f 9747 9728 9761
f 9552 9699 9710
f 9726 9716 9765
f 9636 9701 9766
f 9667 9691 9565
f 9640 9644 9598
f 9602 9683 9482
f 9767 9768 9769
f 9707 9762 9746
f 9770 9732 9765
f 9763 9729 9731
f 9689 9647 9646
f 9771 9748 9674
f 9766 9753 9636
f 9633 9685 9744
f 9743 9632 9669
f 9732 9726 9765
f 9750 9686 9751
f 9736 9727 9772
f 9691 9773 9694
f 9684 9683 9712
f 9715 9774 9716
f 9746 9771 9674
f 9735 9682 9775
f 9776 9777 9712
f 9698 9732 9770
f 9738 9778 9722
f 9761 9671 9752
f 9687 9763 9779
f 9706 9760 9745
f 9649 9664 9503
f 9658 9747 9764
f 9626 9655 9578
f 9719 9695 9780
f 9763 9687 9679
f 9748 9781 9751
f 9684 9744 9685
f 9758 9782 9759
f 9722 9781 9762
f 9771 9746 9762
f 9754 9756 9694
f 9660 9656 9625
f 9693 9783 9784
f 9752 9673 9785
f 9685 9633 9465
f 9786 9787 9788
f 9789 9736 9772
f 9743 9790 9610
f 9687 9779 9669
f 9760 9791 9745
f 9790 9737 9610
f 9781 9792 9751
f 9780 9742 9719
f 9793 9766 9701
f 9794 9779 9763
f 9694 9756 9545
f 9737 9793 9701
f 9761 9795 9796
f 9783 9693 9688
f 9789 9772 9797
f 9605 9691 9570
f 9798 9721 9745
f 9748 9771 9762
f 9764 9799 9800
f 9690 9739 9801
f 9584 9679 9666
f 9649 9648 9782
f 9686 9600 9748
f 9736 9631 9727
f 9781 9802 9803
f 9777 9684 9712
f 9759 9804 9805
f 9806 9794 9763
f 9750 9682 9668
f 9711 9807 9712
f 9774 9765 9716
f 9778 9808 9809
f 9810 9720 9689
f 9703 9616 9621
f 9779 9794 9811
f 9812 9724 9693
f 9751 9686 9748
f 9753 9766 9813
f 9725 9724 9812
f 9664 9649 9782
f 9688 9652 9814
f 9665 9780 9695
f 9781 9803 9815
f 9779 9816 9669
f 9761 9752 9795
f 9778 9809 9802
f 9756 9711 9545
f 9806 9763 9731
f 9641 9764 9723
f 9727 9744 9772
f 9744 9684 9817
f 9579 9818 9673
f 9764 9747 9799
f 9740 9739 9690
f 9729 9705 9733
f 9759 9768 9819
f 9577 9656 9579
f 9702 9725 9820
f 9790 9821 9822
f 9823 9708 9824
f 9825 9822 9826
f 9785 9827 9752
f 9748 9762 9781
f 9828 9811 9794
f 9766 9793 9813
f 9723 9829 9624
f 9794 9806 9828
f 9778 9738 9808
f 9656 9830 9708
f 9752 9827 9795
f 9793 9737 9825
f 9503 9695 9504
f 9693 9724 9621
f 9705 9729 9679
f 9782 9648 9710
f 9811 9831 9816
f 9832 9754 9773
f 9817 9772 9744
f 9624 9829 9652
f 9782 9717 9664
f 9790 9743 9821
f 9721 9627 9745
f 9833 9834 9835
f 9834 9836 9735
f 9837 9688 9814
f 9737 9790 9822
f 9781 9778 9802
f 9791 9798 9745
f 9785 9838 9839
f 9747 9796 9799
f 9840 9825 9826
f 9640 9590 9624
f 9834 9735 9775
f 9812 9841 9842
f 9843 9720 9810
f 9715 9753 9774
f 9811 9828 9844
f 9664 9718 9665
f 9731 9845 9846
f 9751 9847 9749
f 9789 9769 9736
f 9705 9848 9733
f 9828 9849 9844
f 9825 9813 9793
f 9749 9775 9750
f 9844 9850 9811
f 9795 9827 9839
f 9777 9817 9684
f 9837 9783 9688
f 9759 9769 9768
f 9503 9665 9695
f 9828 9806 9849
f 9780 9665 9851
f 9812 9693 9784
f 9827 9785 9839
f 9753 9813 9774
f 9772 9817 9797
f 9829 9723 9800
f 9852 9853 9854
f 9789 9767 9769
f 9855 9856 9857
f 9673 9818 9785
f 9710 9699 9736
f 9858 9767 9859
f 9689 9702 9820
f 9860 9792 9815
f 9861 9652 9829
f 9656 9721 9830
f 9723 9764 9800
f 9836 9834 9833
f 9829 9800 9861
f 9742 9780 9848
f 9862 9833 9835
f 9669 9816 9821
f 9863 9807 9864
f 9865 9795 9866
f 9851 9848 9780
f 9798 9830 9721
f 9669 9821 9743
f 9689 9820 9810
f 9738 9690 9801
f 9836 9760 9735
f 9718 9851 9665
f 9777 9797 9817
f 9867 9810 9842
f 9788 9841 9784
f 9843 9773 9691
f 9656 9660 9721
f 9850 9844 9868
f 9740 9698 9770
f 9810 9820 9842
f 9731 9846 9849
f 9785 9869 9838
f 9836 9870 9871
f 9769 9710 9736
f 9751 9792 9847
f 9767 9858 9768
f 9820 9812 9842
f 9813 9825 9840
f 9840 9774 9813
f 9718 9717 9872
f 9868 9857 9850
f 9867 9843 9810
f 9865 9796 9795
f 9740 9690 9698
f 9792 9860 9847
f 9711 9546 9545
f 9806 9731 9849
f 9873 9759 9819
f 9850 9831 9811
f 9705 9742 9848
f 9821 9874 9822
f 9870 9875 9871
f 9720 9843 9691
f 9782 9769 9759
f 9862 9870 9833
f 9800 9876 9861
f 9877 9862 9878
f 9839 9838 9866
f 9843 9832 9773
f 9791 9824 9879
f 9848 9880 9733
f 9738 9801 9808
f 9776 9712 9881
f 9840 9826 9882
f 9797 9777 9776
f 9708 9879 9824
f 9830 9798 9879
f 9754 9694 9773
f 9768 9858 9883
f 9731 9730 9845
f 9774 9840 9765
f 9767 9797 9776
f 9758 9717 9782
f 9847 9835 9775
f 9851 9718 9880
f 9760 9836 9791
f 9788 9884 9841
f 9792 9781 9815
f 9640 9652 9688
f 9857 9868 9885
f 9825 9737 9822
f 9868 9849 9886
f 9747 9761 9796
f 9846 9887 9849
f 9834 9775 9835
f 9872 9880 9718
f 9888 9889 9890
f 9883 9891 9892
f 9841 9890 9842
f 9867 9842 9890
f 9870 9862 9877
f 9799 9876 9800
f 9801 9739 9741
f 9781 9722 9778
f 9847 9860 9853
f 9848 9851 9880
f 9893 9894 9740
f 9889 9867 9890
f 9768 9883 9819
f 9852 9854 9895
f 9868 9844 9849
f 9877 9878 9896
f 9838 9897 9866
f 9858 9859 9891
f 9836 9833 9870
f 9775 9682 9750
f 9898 9885 9868
f 9877 9899 9870
f 9900 9808 9801
f 9900 9809 9808
f 9847 9853 9835
f 9757 9759 9805
f 9795 9839 9866
f 9832 9889 9754
f 9840 9882 9765
f 9791 9879 9798
f 9841 9812 9784
f 9841 9901 9890
f 9838 9869 9897
f 9802 9809 9900
f 9902 9786 9788
f 9749 9847 9775
f 9874 9903 9904
f 9853 9815 9854
f 9859 9767 9776
f 9905 9906 9861
f 9819 9907 9908
f 9796 9905 9799
f 9897 9909 9866
f 9908 9873 9819
f 9755 9711 9756
f 9876 9799 9905
f 9907 9883 9892
f 9801 9741 9900
f 9729 9734 9730
f 9850 9857 9856
f 9880 9872 9910
f 9911 9898 9912
f 9871 9913 9791
f 9779 9811 9816
f 9911 9885 9898
f 9832 9843 9867
f 9758 9910 9872
f 9820 9725 9812
f 9758 9872 9717
f 9914 9882 9826
f 9870 9899 9875
f 9886 9898 9868
f 9869 9915 9897
f 9708 9830 9879
f 9740 9894 9741
f 9916 9917 9869
f 9883 9858 9891
f 9734 9733 9918
f 9919 9908 9907
f 9910 9733 9880
f 9920 9921 9922
f 9911 9923 9924
f 9920 9922 9912
f 9823 9824 9925
f 9900 9926 9802
f 9920 9912 9927
f 9919 9907 9892
f 9928 9929 9908
f 9835 9853 9852
f 9911 9922 9923
f 9873 9929 9930
f 9855 9857 9885
f 9905 9931 9906
f 9911 9912 9922
f 9877 9896 9921
f 9784 9783 9837
f 9765 9932 9770
f 9850 9856 9831
f 9818 9869 9785
f 9908 9919 9928
f 9909 9897 9933
f 9922 9921 9896
f 9803 9802 9934
f 9876 9905 9861
f 9862 9835 9878
f 9831 9856 9935
f 9807 9881 9712
f 9881 9859 9776
f 9898 9936 9912
f 9882 9932 9765
f 9910 9918 9733
f 9905 9865 9931
f 9910 9757 9918
f 9741 9937 9900
f 9933 9915 9917
f 9938 9939 9940
f 9871 9941 9913
f 9859 9881 9942
f 9943 9875 9899
f 9855 9935 9856
f 9865 9866 9944
f 9831 9935 9874
f 9929 9928 9945
f 9946 9931 9947
f 9920 9927 9921
f 9818 9948 9869
f 9852 9895 9949
f 9933 9917 9950
f 9815 9803 9934
f 9888 9890 9901
f 9855 9885 9924
f 9926 9934 9802
f 9882 9914 9932
f 9898 9886 9936
f 9873 9908 9929
f 9821 9831 9874
f 9925 9824 9791
f 9922 9896 9923
f 9918 9730 9734
f 9836 9871 9791
f 9945 9930 9929
f 9885 9911 9924
f 9807 9942 9881
f 9889 9755 9754
f 9919 9951 9952
f 9953 9921 9927
f 9889 9832 9867
f 9954 9945 9928
f 9932 9893 9740
f 9923 9878 9955
f 9841 9884 9901
f 9956 9904 9903
f 9835 9852 9878
f 9935 9855 9957
f 9926 9900 9937
f 9874 9957 9903
f 9934 9854 9815
f 9767 9789 9797
f 9932 9740 9770
f 9933 9897 9915
f 9949 9878 9852
f 9865 9944 9931
f 9943 9941 9875
f 9923 9955 9924
f 9945 9954 9958
f 9901 9884 9959
f 9807 9863 9942
f 9888 9960 9864
f 9887 9886 9849
f 9826 9822 9874
f 9904 9914 9826
f 9915 9869 9917
f 9928 9919 9952
f 9788 9837 9814
f 9883 9907 9819
f 9814 9652 9861
f 9906 9931 9946
f 9930 9958 9961
f 9579 9708 9823
f 9912 9936 9927
f 9909 9933 9944
f 9788 9784 9837
f 9913 9962 9925
f 9913 9925 9791
f 9845 9918 9963
f 9923 9896 9878
f 9910 9758 9757
f 9906 9814 9861
f 9964 9958 9954
f 9942 9891 9859
f 9904 9826 9874
f 9965 9863 9966
f 9845 9730 9918
f 9579 9823 9818
f 9757 9805 9963
f 9871 9875 9941
f 9952 9954 9928
f 9956 9893 9932
f 9934 9926 9967
f 9958 9964 9968
f 9925 9962 9823
f 9960 9888 9901
f 9933 9950 9944
f 9821 9816 9831
f 9878 9949 9955
f 9906 9946 9814
f 9950 9917 9969
f 9932 9914 9956
f 9884 9788 9787
f 9955 9949 9895
f 9854 9934 9967
f 9937 9967 9926
f 9930 9945 9958
f 9853 9860 9815
f 9968 9961 9958
f 9755 9807 9711
f 9918 9757 9963
f 9924 9955 9957
f 9905 9796 9865
f 9891 9942 9965
f 9927 9970 9953
f 9965 9966 9971
f 9955 9895 9957
f 9914 9904 9956
f 9972 9968 9964
f 9973 9917 9916
f 9855 9924 9957
f 9963 9846 9845
f 9974 9964 9954
f 9953 9877 9921
f 9899 9953 9970
f 9975 9895 9854
f 9965 9892 9891
f 9956 9903 9976
f 9874 9935 9957
f 9976 9894 9893
f 9977 9978 9948
f 9873 9940 9759
f 9962 9979 9823
f 9962 9980 9979
f 9981 9982 9968
f 9961 9968 9982
f 9978 9869 9948
f 9741 9983 9937
f 9866 9909 9944
f 9894 9984 9741
f 9985 9981 9968
f 9893 9956 9976
f 9950 9986 9944
f 9919 9971 9951
f 9967 9937 9987
f 9711 9683 9546
f 9887 9988 9886
f 9968 9972 9985
f 9755 9864 9807
f 9854 9967 9975
f 9965 9942 9863
f 9967 9987 9975
f 9960 9901 9959
f 9902 9814 9946
f 9892 9965 9971
f 9954 9952 9974
f 9984 9983 9741
f 9981 9985 9989
f 9957 9975 9903
f 9887 9990 9988
f 9889 9888 9755
f 9973 9916 9991
f 9992 9984 9894
f 9993 9938 9982
f 9963 9805 9990
f 9994 9863 9864
f 9887 9963 9990
f 9946 9947 9902
f 9972 9995 9996
f 9894 9976 9992
f 9950 9997 9986
f 9983 9998 9987
f 9987 9998 9975
f 9983 9987 9937
f 9895 9975 9957
f 9999 9992 9903
f 9962 9913 9980
f 9970 10000 9943
f 9887 9846 9963
f 9902 9788 9814
f 9992 9983 9984
f 9976 9903 9992
f 9931 9944 9947
f 9972 9974 9995
f 9786 9902 9997
f 9999 9975 9998
f 9975 9999 9903
f 9988 10001 9886
f 9999 9998 9983
f 9973 9969 9917
f 9994 9864 9960
f 9989 10002 10003
f 9961 9982 9938
f 9999 9983 9992
f 9782 9710 9769
f 9888 9864 9755
f 9959 9786 10004
f 9913 9941 9980
f 9930 9961 9940
f 9985 9972 9996
f 9902 9947 9986
f 9979 10005 9818
f 9989 9982 9981
f 9989 9991 9993
f 9971 10006 9951
f 9787 9786 9959
f 9979 9818 9823
f 10007 9973 9991
f 10008 10004 10009
f 9805 9804 9990
f 9966 10010 10006
f 9916 9869 9978
f 10007 10008 10009
f 9989 10007 9991
f 9986 9947 9944
f 9989 9993 9982
f 9990 9804 10011
f 10002 10008 10003
f 9966 9863 10010
f 9989 10003 10007
f 9919 9892 9971
f 10012 9974 9952
f 9966 10006 9971
f 10013 9960 9959
f 9994 10010 9863
f 9936 10014 9927
f 10003 10008 10007
f 9988 9990 10001
f 9980 9941 10015
f 10016 10011 9804
f 10010 10017 10018
f 9973 10007 10009
f 9916 9993 9991
f 9985 10002 9989
f 10019 9959 10004
f 10012 9952 9951
f 9943 9899 9970
f 9972 9964 9974
f 9979 10015 10005
f 9960 10013 9994
f 9940 9804 9759
f 10011 10001 9990
f 10020 10019 10021
f 10014 10022 9927
f 9950 9969 9997
f 10010 9994 10017
f 10023 10016 9804
f 9979 9980 10015
f 10010 10012 10006
f 10022 9970 9927
f 10001 10011 10016
f 9786 9997 10009
f 9902 9986 9997
f 9973 10009 9997
f 9936 10024 10014
f 9993 10025 9938
f 10012 9951 10006
f 9959 9884 9787
f 9969 9973 9997
f 9953 9899 9877
f 9959 10019 10013
f 10022 10026 9970
f 9943 10015 9941
f 9940 10023 9804
f 10024 10001 10016
f 10010 10018 10012
f 9993 9916 10025
f 9961 9938 9940
f 9974 10018 9995
f 10005 10015 10027
f 10004 9786 10009
f 9873 9930 9940
f 9985 9996 10002
f 9916 9978 10025
f 9936 10001 10024
f 10024 10016 10023
f 10028 9977 9948
f 10023 9940 10029
f 10000 10030 10027
f 9994 10013 10017
f 10031 10008 10002
f 10008 10031 10004
f 9970 10032 10000
f 9974 10012 10018
f 9977 10033 9978
f 10026 10032 9970
f 10013 10020 10017
f 10020 10021 9996
f 9936 9886 10001
f 9943 10027 10015
f 10033 10025 9978
f 10027 10030 10034
f 9939 10035 10036
f 10025 9939 9938
f 9943 10000 10027
f 10017 9995 10018
f 10013 10019 10020
f 10017 10020 9996
f 10029 10024 10023
f 10005 10034 10028
f 10028 9948 10005
f 10028 10034 10037
f 9996 9995 10017
f 10038 10029 10036
f 10002 9996 10021
f 10029 9940 10036
f 10005 10027 10034
f 9940 9939 10036
f 10032 10039 10000
f 10019 10004 10031
f 10031 10002 10021
f 9948 9818 10005
f 10038 10014 10024
f 10024 10029 10038
f 10038 10036 10040
f 10019 10031 10021
f 10041 9977 10028
f 10030 10000 10039
f 10025 10033 9939
f 10040 10022 10014
f 10014 10038 10040
f 10026 10042 10032
f 10022 10043 10026
f 10034 10030 10039
f 10041 10028 10037
f 10041 10035 9939
f 9977 10041 10033
f 10039 10032 10042
f 10022 10044 10043
f 10036 10044 10040
f 10042 10026 10043
f 10035 10044 10036
f 10022 10040 10044
f 10034 10039 10037
f 10041 9939 10033
f 10042 10037 10039
f 10035 10043 10044
f 10043 10035 10042
f 10041 10037 10035
f 10037 10042 10035
