v 0.4045150578022003 -0.5079125165939331 -0.3207700252532959
v 0.3631507158279419 -0.5822076201438904 0.7977094054222107
v 0.3093690872192383 0.09122730791568756 -0.08191165328025818
v 0.26622340083122253 -0.04250220209360123 0.7368347644805908
v 0.41010966897010803 -0.17582949995994568 0.2906457483768463
v 0.38953015208244324 -0.5653263926506042 0.2694503664970398
v 0.3541395664215088 -0.08369547128677368 -0.23184549808502197
v 0.3242751955986023 -0.18347576260566711 0.7714471220970154
v 0.30932387709617615 0.0032635715324431658 0.3171352744102478
v 0.17319627106189728 -0.6430601477622986 -0.03123464062809944
v 0.1461964249610901 -0.3073325455188751 -0.43956756591796875
v 0.13222044706344604 -0.5349923968315125 -0.31232598423957825
v 0.11776664108037949 -0.6707314252853394 0.5448461174964905
v 0.2792147994041443 -0.6246353983879089 0.2651454210281372
v 0.447455495595932 -0.3217886686325073 -0.014600524678826332
v 0.41588395833969116 -0.557759165763855 -0.016683420166373253
v 0.40121445059776306 -0.3858107626438141 0.5459699034690857
v 0.36659514904022217 -0.6058024168014526 0.5286051630973816
v 0.1530400514602661 -0.35296353697776794 0.8795161247253418
v 0.10168179124593735 -0.5730816125869751 0.8213843107223511
v 0.1877138614654541 0.21152447164058685 0.12727239727973938
v 0.20557960867881775 0.20860543847084045 -0.12270227074623108
v 0.18414998054504395 -0.03221405670046806 -0.38816219568252563
v 0.3606480360031128 -0.23238325119018555 -0.30516356229782104
v 0.16031739115715027 0.1022610291838646 0.5880301594734192
v 0.1514732390642166 0.008019653148949146 0.7889707684516907
v 0.33347541093826294 -0.3682338297367096 0.7788590788841248
v 0.2950950562953949 -0.0018902943702414632 0.5645095109939575
v 0.3978361487388611 -0.18217431008815765 0.5554333329200745
v 0.4283929169178009 -0.14756891131401062 0.014476392418146133
v 0.317515105009079 0.0665295347571373 0.09336517006158829
v 0.4280241131782532 -0.3842184543609619 0.28056761622428894
v 0.1694074124097824 0.11956547200679779 0.3417704403400421
v 0.1819511353969574 0.24851661920547485 -0.24506507813930511
v 0.21400509774684906 0.09077152609825134 -0.5009246468544006
v 0.26659685373306274 0.3978733420372009 -0.27388930320739746
v 0.3787515461444855 0.2327708899974823 -0.6597157716751099
v 0.29911354184150696 0.44766202569007874 -0.8246616721153259
v 0.21769538521766663 0.727536678314209 -0.7312020063400269
v 0.22086261212825775 0.023067239671945572 -0.7318537831306458
v 0.3148697316646576 0.11482910066843033 -0.896718442440033
v 0.2643747925758362 0.271436482667923 -0.9681756496429443
v 0.3749290108680725 -0.868485152721405 -0.2996324300765991
v 0.32189545035362244 -0.8856040835380554 0.7875431180000305
v 0.1776832938194275 -0.8982382416725159 -0.08901968598365784
v 0.1778375506401062 -0.87615567445755 -0.29712972044944763
v 0.15047818422317505 -0.9085134863853455 0.604080855846405
v 0.36038127541542053 -0.8827047348022461 -0.07957594841718674
v 0.3133574426174164 -0.8966737389564514 0.5938705801963806
v 0.14573833346366882 -0.889909029006958 0.7928675413131714
v 0.30636656284332275 0.6308737397193909 -0.6532247066497803
v 0.20916900038719177 0.6766996383666992 -0.39620617032051086
v 0.30524739623069763 0.5304741263389587 -0.3833469748497009
v 0.43114957213401794 0.6736947298049927 -0.5967444181442261
v 0.5012325048446655 0.7518342733383179 -0.4949902594089508
v 0.4923941195011139 0.6697168350219727 -0.3991936445236206
v 0.4399415850639343 0.5811245441436768 -0.4713524878025055
v 2.8074944591338635e-09 -0.3421803116798401 -0.452021986246109
v 2.8074944591338635e-09 0.4670400321483612 -0.877191960811615
v 2.8074944591338635e-09 0.2756405472755432 -0.9955431222915649
v 2.8074944591338635e-09 -0.07131040841341019 -0.5044235587120056
v 2.8074944591338635e-09 0.01698905974626541 -0.5784066915512085
v 2.8074944591338635e-09 -0.0029943701811134815 -0.7467772364616394
v 2.8074944591338635e-09 0.09233948588371277 -0.9388192296028137
v 2.8074944591338635e-09 0.7678630352020264 -0.7450469136238098
v 2.8074944591338635e-09 0.848685085773468 -0.5810554623603821
v 2.8074944591338635e-09 -0.6236368417739868 -0.15289543569087982
v 2.8074944591338635e-09 -0.5301063656806946 -0.3027612566947937
v 2.8074944591338635e-09 0.25880464911460876 -0.062414154410362244
v 2.8074944591338635e-09 0.2890540659427643 -0.17917054891586304
v 2.8074944591338635e-09 0.4594982862472534 -0.15620985627174377
v 2.8074944591338635e-09 0.7201271057128906 -0.2934902310371399
v 2.8074944591338635e-09 0.8270027041435242 -0.4438597559928894
v 2.8074944591338635e-09 -0.624187707901001 0.6183630228042603
v 2.8074944591338635e-09 -0.7383928894996643 0.2576419413089752
v 2.8074944591338635e-09 0.22989241778850555 0.13843022286891937
v 2.8074944591338635e-09 0.15120194852352142 0.3505936861038208
v 2.8074944591338635e-09 -0.513766884803772 0.8098855018615723
v 2.8074944591338635e-09 -0.3455562889575958 0.9023025631904602
v 2.8074944591338635e-09 0.13637006282806396 0.6003604531288147
v 2.8074944591338635e-09 0.03190675005316734 0.8092823624610901
v 0.19021424651145935 0.9583753347396851 -0.49340951442718506
v 0.23879563808441162 0.9426052570343018 -0.5876729488372803
v 0.1778804510831833 0.9655831456184387 -0.5513209700584412
v 0.25721341371536255 0.9306831359863281 -0.5211585760116577
v 0.13364344835281372 0.8523254990577698 -0.4817657470703125
v 0.10011661052703857 0.8225353956222534 -0.4694852828979492
v 0.1997426599264145 0.8307729363441467 -0.611714243888855
v 0.1884154975414276 0.7980289459228516 -0.6322903633117676
v 0.09131328016519547 0.8340086340904236 -0.5656286478042603
v 0.11945174634456635 0.8602581024169922 -0.5585113167762756
v 0.2544451355934143 0.7556684017181396 -0.55300372838974
v 0.23165862262248993 0.797221839427948 -0.5082390904426575
v 0.21418485045433044 0.7643166184425354 -0.4517262578010559
v 0.32438188791275024 0.7648152709007263 -0.4946759343147278
v 0.13952910900115967 -0.6488530039787292 0.0576835535466671
v 0.129057839512825 -0.6729743480682373 0.4505861699581146
v 0.21590127050876617 -0.6850183010101318 0.25998690724372864
v 2.8074944591338635e-09 -0.6556804180145264 0.01784079149365425
v 2.8074944591338635e-09 -0.6806657910346985 0.4790472984313965
v 0.19930078089237213 -0.16707591712474823 0.8720229864120483
v 0.12322088330984116 -0.13590103387832642 0.899001955986023
v 0.12454994767904282 -0.1951979100704193 0.9067953824996948
v 2.8074944591338635e-09 -0.11675847321748734 0.9206241369247437
v 2.8074944591338635e-09 -0.20710840821266174 0.9302847385406494
v 0.060017433017492294 -0.18996703624725342 0.9641756415367126
v 0.06006869301199913 -0.21197117865085602 0.9484844207763672
v 2.8074944591338635e-09 -0.19923241436481476 0.9912438988685608
v 2.8074944591338635e-09 -0.2298426330089569 0.9661356806755066
v -0.4045150578022003 -0.5079125165939331 -0.3207700252532959
v -0.3631507158279419 -0.5822076201438904 0.7977094054222107
v -0.3093690872192383 0.09122730791568756 -0.08191165328025818
v -0.26622340083122253 -0.04250220209360123 0.7368347644805908
v -0.41010966897010803 -0.17582949995994568 0.2906457483768463
v -0.38953015208244324 -0.5653263926506042 0.2694503664970398
v -0.3541395664215088 -0.08369547128677368 -0.23184549808502197
v -0.3242751955986023 -0.18347576260566711 0.7714471220970154
v -0.30932387709617615 0.0032635715324431658 0.3171352744102478
v -0.17319627106189728 -0.6430601477622986 -0.03123464062809944
v -0.1461964249610901 -0.3073325455188751 -0.43956756591796875
v -0.13222044706344604 -0.5349923968315125 -0.31232598423957825
v -0.11776664108037949 -0.6707314252853394 0.5448461174964905
v -0.2792147994041443 -0.6246353983879089 0.2651454210281372
v -0.447455495595932 -0.3217886686325073 -0.014600524678826332
v -0.41588395833969116 -0.557759165763855 -0.016683420166373253
v -0.40121445059776306 -0.3858107626438141 0.5459699034690857
v -0.36659514904022217 -0.6058024168014526 0.5286051630973816
v -0.1530400514602661 -0.35296353697776794 0.8795161247253418
v -0.10168179124593735 -0.5730816125869751 0.8213843107223511
v -0.1877138614654541 0.21152447164058685 0.12727239727973938
v -0.20557960867881775 0.20860543847084045 -0.12270227074623108
v -0.18414998054504395 -0.03221405670046806 -0.38816219568252563
v -0.3606480360031128 -0.23238325119018555 -0.30516356229782104
v -0.16031739115715027 0.1022610291838646 0.5880301594734192
v -0.1514732390642166 0.008019653148949146 0.7889707684516907
v -0.33347541093826294 -0.3682338297367096 0.7788590788841248
v -0.2950950562953949 -0.0018902943702414632 0.5645095109939575
v -0.3978361487388611 -0.18217431008815765 0.5554333329200745
v -0.4283929169178009 -0.14756891131401062 0.014476392418146133
v -0.317515105009079 0.0665295347571373 0.09336517006158829
v -0.4280241131782532 -0.3842184543609619 0.28056761622428894
v -0.1694074124097824 0.11956547200679779 0.3417704403400421
v -0.1819511353969574 0.24851661920547485 -0.24506507813930511
v -0.21400509774684906 0.09077152609825134 -0.5009246468544006
v -0.26659685373306274 0.3978733420372009 -0.27388930320739746
v -0.3787515461444855 0.2327708899974823 -0.6597157716751099
v -0.29911354184150696 0.44766202569007874 -0.8246616721153259
v -0.21769538521766663 0.727536678314209 -0.7312020063400269
v -0.22086261212825775 0.023067239671945572 -0.7318537831306458
v -0.3148697316646576 0.11482910066843033 -0.896718442440033
v -0.2643747925758362 0.271436482667923 -0.9681756496429443
v -0.3749290108680725 -0.868485152721405 -0.2996324300765991
v -0.32189545035362244 -0.8856040835380554 0.7875431180000305
v -0.1776832938194275 -0.8982382416725159 -0.08901968598365784
v -0.1778375506401062 -0.87615567445755 -0.29712972044944763
v -0.15047818422317505 -0.9085134863853455 0.604080855846405
v -0.36038127541542053 -0.8827047348022461 -0.07957594841718674
v -0.3133574426174164 -0.8966737389564514 0.5938705801963806
v -0.14573833346366882 -0.889909029006958 0.7928675413131714
v -0.30636656284332275 0.6308737397193909 -0.6532247066497803
v -0.20916900038719177 0.6766996383666992 -0.39620617032051086
v -0.30524739623069763 0.5304741263389587 -0.3833469748497009
v -0.43114957213401794 0.6736947298049927 -0.5967444181442261
v -0.5012325048446655 0.7518342733383179 -0.4949902594089508
v -0.4923941195011139 0.6697168350219727 -0.3991936445236206
v -0.4399415850639343 0.5811245441436768 -0.4713524878025055
v -0.19021424651145935 0.9583753347396851 -0.49340951442718506
v -0.23879563808441162 0.9426052570343018 -0.5876729488372803
v -0.1778804510831833 0.9655831456184387 -0.5513209700584412
v -0.25721341371536255 0.9306831359863281 -0.5211585760116577
v -0.13364344835281372 0.8523254990577698 -0.4817657470703125
v -0.10011661052703857 0.8225353956222534 -0.4694852828979492
v -0.1997426599264145 0.8307729363441467 -0.611714243888855
v -0.1884154975414276 0.7980289459228516 -0.6322903633117676
v -0.09131328016519547 0.8340086340904236 -0.5656286478042603
v -0.11945174634456635 0.8602581024169922 -0.5585113167762756
v -0.2544451355934143 0.7556684017181396 -0.55300372838974
v -0.23165862262248993 0.797221839427948 -0.5082390904426575
v -0.21418485045433044 0.7643166184425354 -0.4517262578010559
v -0.32438188791275024 0.7648152709007263 -0.4946759343147278
v -0.13952910900115967 -0.6488530039787292 0.0576835535466671
v -0.129057839512825 -0.6729743480682373 0.4505861699581146
v -0.21590127050876617 -0.6850183010101318 0.25998690724372864
v -0.19930078089237213 -0.16707591712474823 0.8720229864120483
v -0.12322088330984116 -0.13590103387832642 0.899001955986023
v -0.12454994767904282 -0.1951979100704193 0.9067953824996948
v -0.0600174218416214 -0.18996703624725342 0.9641756415367126
v -0.06006868556141853 -0.21197117865085602 0.9484844207763672
v 0.33291757106781006 -0.604081392288208 0.26677948236465454
v 0.258995920419693 -0.6201286315917969 0.12465257197618484
v 0.3045457601547241 -0.6373217701911926 0.024133529514074326
v 0.40090134739875793 -0.5455679893493652 0.13019959628582
v 0.33036500215530396 -0.5951827168464661 0.12931236624717712
v 0.3716574013233185 -0.5722373127937317 0.40030816197395325
v 0.25357532501220703 -0.670117974281311 0.4947315752506256
v 0.22755198180675507 -0.6381463408470154 0.4005458652973175
v 0.2980813980102539 -0.6170147657394409 0.39806288480758667
v 0.2790350317955017 -0.5151318907737732 -0.3604549765586853
v 0.1408732384443283 -0.4085056483745575 -0.3924289345741272
v 0.25648394227027893 -0.259037584066391 -0.39363038539886475
v 0.3812229335308075 -0.3429654836654663 -0.3144914507865906
v 0.266134113073349 -0.3652903735637665 -0.3786570131778717
v 0.35718390345573425 -0.15782330930233002 -0.281870037317276
v 0.16223907470703125 -0.18298809230327606 -0.434273362159729
v 0.27494463324546814 -0.05888104438781738 -0.3123496174812317
v 0.2634609043598175 -0.1625968962907791 -0.3731668293476105
v 0.34965142607688904 -0.4590829610824585 0.785511314868927
v 0.24734751880168915 -0.3568602502346039 0.8456366658210754
v 0.13626793026924133 -0.446043998003006 0.8609695434570312
v 0.24565082788467407 -0.5771986842155457 0.8455102443695068
v 0.24997781217098236 -0.4515794515609741 0.8423383831977844
v 0.42326685786247253 -0.2648560106754303 -0.1706210970878601
v 0.4435506761074066 -0.4205738604068756 -0.019899355247616768
v 0.44672369956970215 -0.52671879529953 -0.18873514235019684
v 0.43538612127304077 -0.37027961015701294 -0.18253843486309052
v 0.4436863660812378 -0.3626844882965088 0.1371939480304718
v 0.41883549094200134 -0.4866139590740204 0.27483734488487244
v 0.4341869354248047 -0.46099305152893066 0.1332450658082962
v 0.42755788564682007 -0.2784527540206909 0.2845686674118042
v 0.446651816368103 -0.23676139116287231 -0.006016148719936609
v 0.4234733283519745 -0.16654138267040253 0.15247467160224915
v 0.44296038150787354 -0.2650578022003174 0.14155343174934387
v 0.40617698431015015 -0.11646899580955505 -0.11891178786754608
v 0.4191961884498596 -0.19127023220062256 -0.15359580516815186
v 0.39817366003990173 -0.5939441323280334 0.6787030100822449
v 0.39646998047828674 -0.483462929725647 0.5388062000274658
v 0.38041573762893677 -0.37840351462364197 0.6731014847755432
v 0.39030250906944275 -0.4709377586841583 0.6749477386474609
v 0.32826584577560425 -0.2732304632663727 0.7772736549377441
v 0.40706881880760193 -0.284604012966156 0.5514230132102966
v 0.37400007247924805 -0.18494422733783722 0.6734169125556946
v 0.38155344128608704 -0.28234368562698364 0.6737520694732666
v 0.40509727597236633 -0.17987060546875 0.4262596070766449
v 0.41468945145606995 -0.3897736072540283 0.4155435860157013
v 0.41825562715530396 -0.2838803231716156 0.42122629284858704
v 0.405063658952713 -0.4903889000415802 0.40732690691947937
v 0.26999837160110474 0.1467960923910141 -0.09641881287097931
v 0.19736866652965546 0.22830937802791595 0.014142394065856934
v 0.25669732689857483 0.154842346906662 0.11604614555835724
v 0.3162393867969513 0.09090721607208252 -0.004368174355477095
v 0.2635223865509033 0.17383651435375214 0.012354077771306038
v 0.31446847319602966 0.030803849920630455 0.20048081874847412
v 0.1777598261833191 0.16381290555000305 0.23250924050807953
v 0.24318523705005646 0.0714491456747055 0.33087581396102905
v 0.24977834522724152 0.11034555733203888 0.21988436579704285
v 0.28160732984542847 -0.017825663089752197 0.6695967316627502
v 0.2302321344614029 0.05997702479362488 0.5756394863128662
v 0.15602289140224457 0.06809518486261368 0.6995794177055359
v 0.21717464923858643 -0.0186473336070776 0.7672024965286255
v 0.22215689718723297 0.03370203077793121 0.6831946969032288
v 0.16415496170520782 0.10857000946998596 0.4640728235244751
v 0.3036075532436371 -0.0014983083819970489 0.44233933091163635
v 0.2370409518480301 0.06296335905790329 0.45350176095962524
v 0.380109578371048 -0.040983639657497406 0.053534023463726044
v 0.36800888180732727 -0.08054864406585693 0.30247965455055237
v 0.37659671902656555 -0.06499134749174118 0.1749306321144104
v 0.356122761964798 -0.0850745141506195 0.5586725473403931
v 0.2945047616958618 -0.10115821659564972 0.7594102621078491
v 0.33616480231285095 -0.0932936891913414 0.6699968576431274
v 0.22139494121074677 0.09863569587469101 -0.25908955931663513
v 0.3342060446739197 0.016010239720344543 -0.15011148154735565
v 0.27752387523651123 0.05636097118258476 -0.21051697432994843
v 0.3635392487049103 -0.08396487683057785 0.4331565499305725
v 0.367674857378006 -0.01390250213444233 -0.05843045562505722
v 0.1739814281463623 0.052304208278656006 -0.42180851101875305
v 0.2226729691028595 0.17936615645885468 -0.35645967721939087
v 0.17503097653388977 0.21770590543746948 -0.20537830889225006
v 0.2001926302909851 0.1371726095676422 -0.30798661708831787
v 0.31780388951301575 0.1569634974002838 -0.5736911296844482
v 0.34197860956192017 0.32534921169281006 -0.46056461334228516
v 0.22506782412528992 0.3125074505805969 -0.25544273853302
v 0.28834423422813416 0.24137845635414124 -0.4026809632778168
v 0.22824318706989288 0.044427283108234406 -0.6451379060745239
v 0.27730467915534973 0.04871366545557976 -0.8074639439582825
v 0.3765677511692047 0.16017597913742065 -0.8072725534439087
v 0.3225773572921753 0.09052681922912598 -0.7153993844985962
v 0.30592235922813416 0.20305146276950836 -0.955127477645874
v 0.2910696268081665 0.3313322961330414 -0.9215936660766602
v 0.36902597546577454 0.33353111147880554 -0.7420965433120728
v 0.3648450970649719 0.25252583622932434 -0.8775120973587036
v 0.39204445481300354 -0.9081447124481201 -0.18835195899009705
v 0.2646113634109497 -0.922440767288208 -0.05328819528222084
v 0.14877104759216309 -0.919293224811554 -0.1957414746284485
v 0.27620410919189453 -0.9049983024597168 -0.3308046758174896
v 0.2663695514202118 -0.9704771041870117 -0.19328826665878296
v 0.23259684443473816 -0.916608452796936 0.8182031512260437
v 0.1251576542854309 -0.9276155233383179 0.7000629901885986
v 0.23099176585674286 -0.9308651089668274 0.5719642639160156
v 0.33843210339546204 -0.9198580980300903 0.6901043653488159
v 0.22991089522838593 -0.9738889932632446 0.695949375629425
v 0.35703083872795105 -0.760260820388794 0.8086434006690979
v 0.34164920449256897 -0.7822970151901245 0.5629334449768066
v 0.3891648054122925 -0.7711519598960876 0.6853517293930054
v 0.06884384155273438 -0.650661051273346 0.6988301873207092
v 0.1286461353302002 -0.8096215724945068 0.5778313875198364
v 0.11914325505495071 -0.7672714591026306 0.8152005076408386
v 0.08312635123729706 -0.7955725193023682 0.6994274854660034
v 0.23543471097946167 -0.8054778575897217 0.5262555480003357
v 0.23967818915843964 -0.7614855766296387 0.8552462458610535
v 0.393291175365448 -0.7532281875610352 -0.04931609332561493
v 0.40930941700935364 -0.7231225967407227 -0.3268924057483673
v 0.44446223974227905 -0.7367784976959229 -0.1897847056388855
v 0.1537451595067978 -0.739469051361084 -0.3132300078868866
v 0.2829990088939667 -0.7278833389282227 -0.3683794438838959
v 0.1664210855960846 -0.7891754508018494 -0.059658631682395935
v 0.2795812487602234 -0.7825382947921753 -0.005599804688245058
v 0.11190788447856903 -0.6237876415252686 -0.18447242677211761
v 0.1159680113196373 -0.7734702825546265 -0.18741118907928467
v 0.3149566948413849 0.5319493412971497 -0.7070608735084534
v 0.3280825912952423 0.5415090918540955 -0.5226221680641174
v 0.2766088545322418 0.4840986132621765 -0.3295324146747589
v 0.3400290906429291 0.43967723846435547 -0.5450873970985413
v 0.247076153755188 0.5870716571807861 -0.3517998456954956
v 0.3727115988731384 0.5494347214698792 -0.43958497047424316
v 0.4904272258281708 0.6136249899864197 -0.4198439121246338
v 0.37909480929374695 0.6701169013977051 -0.39264345169067383
v 0.3784743547439575 0.5907410383224487 -0.3883976638317108
v 0.3625268042087555 0.6626076698303223 -0.619926393032074
v 0.43960174918174744 0.618028461933136 -0.5534850358963013
v 0.3657810389995575 0.5843973159790039 -0.5471331477165222
v 0.4845067858695984 0.7286627888679504 -0.5593057870864868
v 0.5338118672370911 0.7239890098571777 -0.4299406111240387
v 0.5267351269721985 0.6742537617683411 -0.4915156364440918
v 2.8074944591338635e-09 0.2517615854740143 0.03472540155053139
v 0.09946901351213455 0.22988080978393555 0.1351284682750702
v 0.10698271542787552 0.2519378662109375 -0.0759042277932167
v 0.10558071732521057 0.24967405200004578 0.027031712234020233
v 2.8074944591338635e-09 0.14388516545295715 0.474019855260849
v 0.08242087811231613 0.1277439445257187 0.5969670414924622
v 0.08704938739538193 0.144484743475914 0.3483971655368805
v 0.0840546041727066 0.13525091111660004 0.47133737802505493
v 2.8074944591338635e-09 0.0969969853758812 0.7159004211425781
v 0.07775525748729706 0.025734636932611465 0.803581178188324
v 0.08060890436172485 0.08947842568159103 0.7114052176475525
v 2.8074944591338635e-09 -0.5883182287216187 -0.2264183759689331
v 0.05829824134707451 -0.5191399455070496 -0.30141007900238037
v 0.07674593478441238 -0.6214855313301086 -0.12220915406942368
v 0.06536626070737839 -0.5832061171531677 -0.20951658487319946
v 2.8074944591338635e-09 -0.5781426429748535 0.715155839920044
v 0.04622572660446167 -0.6328417062759399 0.604224681854248
v 0.04188007861375809 -0.5214362144470215 0.8098077178001404
v 0.03723927214741707 -0.5887890458106995 0.7090741395950317
v 2.8074944591338635e-09 0.18755969405174255 0.24114234745502472
v 0.09263131767511368 0.1848830133676529 0.23921021819114685
v 2.8074944591338635e-09 0.2636767029762268 -0.14113977551460266
v 0.10144822299480438 0.28174078464508057 -0.1912471204996109
v 0.0995536744594574 0.2557498812675476 -0.15400820970535278
v 2.8074944591338635e-09 0.3553643524646759 -0.16440176963806152
v 0.14415065944194794 0.4460139870643616 -0.1847509890794754
v 0.12292864173650742 0.3476300835609436 -0.18238848447799683
v 2.8074944591338635e-09 0.6246494054794312 -0.8126050233840942
v 0.12146272510290146 0.7562900185585022 -0.7401284575462341
v 0.24851538240909576 0.6105053424835205 -0.786428689956665
v 0.15817883610725403 0.46488523483276367 -0.8701848387718201
v 0.14127567410469055 0.6191604137420654 -0.8065001964569092
v 2.8074944591338635e-09 0.35949182510375977 -0.9477341175079346
v 0.16152583062648773 0.2759513556957245 -0.9914643168449402
v 0.16113965213298798 0.3577905297279358 -0.9434558749198914
v 2.8074944591338635e-09 -0.43386101722717285 0.8701744079589844
v 0.07215871661901474 -0.3483373820781708 0.8969793915748596
v 0.05813495069742203 -0.43719756603240967 0.8681320548057556
v 2.8074944591338635e-09 -0.4511828124523163 -0.3848917782306671
v 0.06416801363229752 -0.33489367365837097 -0.45273521542549133
v 0.05822112038731575 -0.4388107657432556 -0.38929876685142517
v 2.8074944591338635e-09 -0.20006196200847626 -0.48562073707580566
v 0.08891262114048004 -0.06630683690309525 -0.4765434265136719
v 0.07596926391124725 -0.19712378084659576 -0.4729970097541809
v 2.8074944591338635e-09 -0.0016780610894784331 -0.5314767360687256
v 0.10831467807292938 0.03171076253056526 -0.5550321340560913
v 0.097239650785923 0.008876699954271317 -0.5012829899787903
v 2.8074944591338635e-09 0.004532322287559509 -0.6525335311889648
v 0.13290932774543762 0.0019379910081624985 -0.7409055233001709
v 0.11898437142372131 0.014187135733664036 -0.6415542960166931
v 2.8074944591338635e-09 0.02722490020096302 -0.8497676253318787
v 0.17821098864078522 0.09570503979921341 -0.9330622553825378
v 0.15944527089595795 0.03019499033689499 -0.8436465859413147
v 2.8074944591338635e-09 0.18191523849964142 -0.9912312030792236
v 0.17439080774784088 0.18496303260326385 -0.986600399017334
v 0.0950562134385109 0.7005333304405212 -0.33776214718818665
v 2.8074944591338635e-09 0.59166419506073 -0.21051348745822906
v 0.14952951669692993 0.5689473152160645 -0.2562578022480011
v 0.2677820920944214 0.6879872679710388 -0.7061075568199158
v 0.28552722930908203 0.61360764503479 -0.7484402656555176
v 0.2615206837654114 0.9457029104232788 -0.5581402778625488
v 0.21140728890895844 0.9676764011383057 -0.5771889686584473
v 0.18072295188903809 0.9776049256324768 -0.5176734924316406
v 0.23083636164665222 0.9556301832199097 -0.49862486124038696
v 0.23006978631019592 0.9833258986473083 -0.5370573997497559
v 0.2267703264951706 0.7720856070518494 -0.5996854901313782
v 0.1885627806186676 0.8044805526733398 -0.615891695022583
v 0.22978447377681732 0.8134928941726685 -0.572376012802124
v 0.23757906258106232 0.7710697054862976 -0.5241807699203491
v 0.22074897587299347 0.7856673002243042 -0.5783336162567139
v 0.1839284747838974 0.8281078934669495 -0.47959935665130615
v 0.11926502734422684 0.8261247277259827 -0.47825872898101807
v 0.1455237865447998 0.7924656867980957 -0.4452073574066162
v 0.21871478855609894 0.7752957344055176 -0.47373688220977783
v 0.16840539872646332 0.8007392883300781 -0.46629253029823303
v 0.13199429214000702 0.8208142518997192 -0.6176881194114685
v 0.1057107150554657 0.8342103958129883 -0.5601709485054016
v 0.15580600500106812 0.8479637503623962 -0.6003766655921936
v 0.14289118349552155 0.8221352696418762 -0.6035972237586975
v 0.08111942559480667 0.8359279632568359 -0.5124384760856628
v 0.11091132462024689 0.8626993298530579 -0.5128734111785889
v 0.09703495353460312 0.836841881275177 -0.5132526159286499
v 0.2825583219528198 0.7594909071922302 -0.46480923891067505
v 0.2858090400695801 0.7584529519081116 -0.5228192806243896
v 0.2468964010477066 0.7645902633666992 -0.48962411284446716
v 0.4125775694847107 0.7648024559020996 -0.5008352994918823
v 0.28989478945732117 0.7196597456932068 -0.609574556350708
v 0.3711506128311157 0.7383767366409302 -0.5776296257972717
v 0.2108958512544632 0.7403169870376587 -0.43304404616355896
v 0.3809921443462372 0.7410846948623657 -0.43435683846473694
v 0.05794985592365265 0.8224970698356628 -0.4554872512817383
v 2.8074944591338635e-09 0.7918023467063904 -0.37398210167884827
v 0.09142832458019257 0.7785523533821106 -0.4076991379261017
v 0.058646854013204575 0.841838002204895 -0.5772283673286438
v 0.19486132264137268 0.7837375402450562 -0.6719753742218018
v 2.8074944591338635e-09 0.8328627943992615 -0.6634420156478882
v 0.10405101627111435 0.8220564126968384 -0.657504141330719
v 2.8074944591338635e-09 0.8452592492103577 -0.509888231754303
v 0.046939779072999954 0.8412581086158752 -0.5112288594245911
v 0.24505473673343658 0.7438611388206482 -0.6477727890014648
v 0.22464336454868317 0.8926774263381958 -0.6062495708465576
v 0.25114452838897705 0.8740879893302917 -0.5154932141304016
v 0.25346165895462036 0.8788359761238098 -0.5688017010688782
v 0.14710219204425812 0.9213205575942993 -0.5557361245155334
v 0.1826736330986023 0.9104167222976685 -0.5957725644111633
v 0.16113151609897614 0.913428544998169 -0.48276081681251526
v 0.1393551528453827 0.9245747923851013 -0.5116254687309265
v 0.21007126569747925 0.8929765820503235 -0.48420119285583496
v 0.12327887117862701 -0.6614141464233398 0.4864383041858673
v 0.18178993463516235 -0.682640790939331 0.3761101961135864
v 0.253825843334198 -0.6512316465377808 0.2626345753669739
v 0.20610032975673676 -0.6580659747123718 0.38795000314712524
v 2.8074944591338635e-09 -0.652593195438385 0.5488449335098267
v 0.07431083917617798 -0.6775078177452087 0.4717745780944824
v 0.056456927210092545 -0.6558300256729126 0.5359068512916565
v 0.1504978984594345 -0.6365296244621277 0.020453674718737602
v 0.07827284187078476 -0.6519460678100586 0.02925609052181244
v 2.8074944591338635e-09 -0.6366050243377686 -0.07482102513313293
v 0.07403261959552765 -0.6350533366203308 -0.05021141096949577
v 0.1857527494430542 -0.666528582572937 0.13981032371520996
v 0.2237573266029358 -0.6418169140815735 0.132521390914917
v 2.8074944591338635e-09 -0.7207103371620178 0.378650039434433
v 0.12405822426080704 -0.7207984924316406 0.25824612379074097
v 0.10597154498100281 -0.7080889344215393 0.3766552805900574
v 2.8074944591338635e-09 -0.7033513784408569 0.1324506402015686
v 0.10517213493585587 -0.6911474466323853 0.1357489377260208
v 0.17272889614105225 -0.14123709499835968 0.8784676790237427
v 0.12727417051792145 -0.1672830432653427 0.9080572128295898
v 0.17662212252616882 -0.18884626030921936 0.886648416519165
v 0.1543969362974167 -0.1628759354352951 0.8950101733207703
v 0.14977306127548218 -0.2622767686843872 0.8913975954055786
v 0.24925297498703003 -0.1742420494556427 0.8402265310287476
v 0.23536397516727448 -0.25083592534065247 0.8550618290901184
v 0.14470848441123962 -0.0674300491809845 0.8505644202232361
v 0.21969012916088104 -0.0989438071846962 0.8284714221954346
v 0.0627758651971817 -0.12008854001760483 0.913410484790802
v 2.8074944591338635e-09 -0.045569583773612976 0.8730285167694092
v 0.07277592271566391 -0.05074143037199974 0.8663716316223145
v 0.06317482143640518 -0.2074047327041626 0.9229922890663147
v 2.8074944591338635e-09 -0.2598969638347626 0.9187256097793579
v 0.07324063032865524 -0.26217007637023926 0.9116836786270142
v 0.08307276666164398 -0.1695140302181244 0.941769540309906
v 0.06122831627726555 -0.20360147953033447 0.9580522179603577
v 0.08323211222887039 -0.19944754242897034 0.9295738339424133
v 0.09385715425014496 -0.18418481945991516 0.9323212504386902
v 2.8074944591338635e-09 -0.16581657528877258 0.9646396636962891
v 0.034469589591026306 -0.19514979422092438 0.9825692176818848
v 0.04719642922282219 -0.16524897515773773 0.9568230509757996
v 0.03451226279139519 -0.2247449904680252 0.9587017297744751
v 2.8074944591338635e-09 -0.21021059155464172 0.9460605978965759
v 0.0472954660654068 -0.20819902420043945 0.9389630556106567
v 2.8074944591338635e-09 -0.2242027074098587 0.9868833422660828
v 0.03062494285404682 -0.2182004749774933 0.9782432913780212
v -0.40090134739875793 -0.5455679893493652 0.13019959628582
v -0.3045457601547241 -0.6373217701911926 0.024133529514074326
v -0.258995920419693 -0.6201286315917969 0.12465257197618484
v -0.33291757106781006 -0.604081392288208 0.26677948236465454
v -0.33036500215530396 -0.5951827168464661 0.12931236624717712
v -0.22755198180675507 -0.6381463408470154 0.4005458652973175
v -0.25357532501220703 -0.670117974281311 0.4947315752506256
v -0.3716574013233185 -0.5722373127937317 0.40030816197395325
v -0.2980813980102539 -0.6170147657394409 0.39806288480758667
v -0.3812229335308075 -0.3429654836654663 -0.3144914507865906
v -0.25648394227027893 -0.259037584066391 -0.39363038539886475
v -0.1408732384443283 -0.4085056483745575 -0.3924289345741272
v -0.2790350317955017 -0.5151318907737732 -0.3604549765586853
v -0.266134113073349 -0.3652903735637665 -0.3786570131778717
v -0.27494463324546814 -0.05888104438781738 -0.3123496174812317
v -0.16223907470703125 -0.18298809230327606 -0.434273362159729
v -0.35718390345573425 -0.15782330930233002 -0.281870037317276
v -0.2634609043598175 -0.1625968962907791 -0.3731668293476105
v -0.24565082788467407 -0.5771986842155457 0.8455102443695068
v -0.13626793026924133 -0.446043998003006 0.8609695434570312
v -0.24734751880168915 -0.3568602502346039 0.8456366658210754
v -0.34965142607688904 -0.4590829610824585 0.785511314868927
v -0.24997781217098236 -0.4515794515609741 0.8423383831977844
v -0.44672369956970215 -0.52671879529953 -0.18873514235019684
v -0.4435506761074066 -0.4205738604068756 -0.019899355247616768
v -0.42326685786247253 -0.2648560106754303 -0.1706210970878601
v -0.43538612127304077 -0.37027961015701294 -0.18253843486309052
v -0.41883549094200134 -0.4866139590740204 0.27483734488487244
v -0.4436863660812378 -0.3626844882965088 0.1371939480304718
v -0.4341869354248047 -0.46099305152893066 0.1332450658082962
v -0.4234733283519745 -0.16654138267040253 0.15247467160224915
v -0.446651816368103 -0.23676139116287231 -0.006016148719936609
v -0.42755788564682007 -0.2784527540206909 0.2845686674118042
v -0.44296038150787354 -0.2650578022003174 0.14155343174934387
v -0.40617698431015015 -0.11646899580955505 -0.11891178786754608
v -0.4191961884498596 -0.19127023220062256 -0.15359580516815186
v -0.38041573762893677 -0.37840351462364197 0.6731014847755432
v -0.39646998047828674 -0.483462929725647 0.5388062000274658
v -0.39817366003990173 -0.5939441323280334 0.6787030100822449
v -0.39030250906944275 -0.4709377586841583 0.6749477386474609
v -0.37400007247924805 -0.18494422733783722 0.6734169125556946
v -0.40706881880760193 -0.284604012966156 0.5514230132102966
v -0.32826584577560425 -0.2732304632663727 0.7772736549377441
v -0.38155344128608704 -0.28234368562698364 0.6737520694732666
v -0.41468945145606995 -0.3897736072540283 0.4155435860157013
v -0.40509727597236633 -0.17987060546875 0.4262596070766449
v -0.41825562715530396 -0.2838803231716156 0.42122629284858704
v -0.405063658952713 -0.4903889000415802 0.40732690691947937
v -0.3162393867969513 0.09090721607208252 -0.004368174355477095
v -0.25669732689857483 0.154842346906662 0.11604614555835724
v -0.19736866652965546 0.22830937802791595 0.014142394065856934
v -0.26999837160110474 0.1467960923910141 -0.09641881287097931
v -0.2635223865509033 0.17383651435375214 0.012354077771306038
v -0.24318523705005646 0.0714491456747055 0.33087581396102905
v -0.1777598261833191 0.16381290555000305 0.23250924050807953
v -0.31446847319602966 0.030803849920630455 0.20048081874847412
v -0.24977834522724152 0.11034555733203888 0.21988436579704285
v -0.21717464923858643 -0.0186473336070776 0.7672024965286255
v -0.15602289140224457 0.06809518486261368 0.6995794177055359
v -0.2302321344614029 0.05997702479362488 0.5756394863128662
v -0.28160732984542847 -0.017825663089752197 0.6695967316627502
v -0.22215689718723297 0.03370203077793121 0.6831946969032288
v -0.3036075532436371 -0.0014983083819970489 0.44233933091163635
v -0.16415496170520782 0.10857000946998596 0.4640728235244751
v -0.2370409518480301 0.06296335905790329 0.45350176095962524
v -0.36800888180732727 -0.08054864406585693 0.30247965455055237
v -0.380109578371048 -0.040983639657497406 0.053534023463726044
v -0.37659671902656555 -0.06499134749174118 0.1749306321144104
v -0.2945047616958618 -0.10115821659564972 0.7594102621078491
v -0.356122761964798 -0.0850745141506195 0.5586725473403931
v -0.33616480231285095 -0.0932936891913414 0.6699968576431274
v -0.3342060446739197 0.016010239720344543 -0.15011148154735565
v -0.22139494121074677 0.09863569587469101 -0.25908955931663513
v -0.27752387523651123 0.05636097118258476 -0.21051697432994843
v -0.3635392487049103 -0.08396487683057785 0.4331565499305725
v -0.367674857378006 -0.01390250213444233 -0.05843045562505722
v -0.17503097653388977 0.21770590543746948 -0.20537830889225006
v -0.2226729691028595 0.17936615645885468 -0.35645967721939087
v -0.1739814281463623 0.052304208278656006 -0.42180851101875305
v -0.2001926302909851 0.1371726095676422 -0.30798661708831787
v -0.22506782412528992 0.3125074505805969 -0.25544273853302
v -0.34197860956192017 0.32534921169281006 -0.46056461334228516
v -0.31780388951301575 0.1569634974002838 -0.5736911296844482
v -0.28834423422813416 0.24137845635414124 -0.4026809632778168
v -0.3765677511692047 0.16017597913742065 -0.8072725534439087
v -0.27730467915534973 0.04871366545557976 -0.8074639439582825
v -0.22824318706989288 0.044427283108234406 -0.6451379060745239
v -0.3225773572921753 0.09052681922912598 -0.7153993844985962
v -0.36902597546577454 0.33353111147880554 -0.7420965433120728
v -0.2910696268081665 0.3313322961330414 -0.9215936660766602
v -0.30592235922813416 0.20305146276950836 -0.955127477645874
v -0.3648450970649719 0.25252583622932434 -0.8775120973587036
v -0.27620410919189453 -0.9049983024597168 -0.3308046758174896
v -0.14877104759216309 -0.919293224811554 -0.1957414746284485
v -0.2646113634109497 -0.922440767288208 -0.05328819528222084
v -0.39204445481300354 -0.9081447124481201 -0.18835195899009705
v -0.2663695514202118 -0.9704771041870117 -0.19328826665878296
v -0.33843210339546204 -0.9198580980300903 0.6901043653488159
v -0.23099176585674286 -0.9308651089668274 0.5719642639160156
v -0.1251576542854309 -0.9276155233383179 0.7000629901885986
v -0.23259684443473816 -0.916608452796936 0.8182031512260437
v -0.22991089522838593 -0.9738889932632446 0.695949375629425
v -0.34164920449256897 -0.7822970151901245 0.5629334449768066
v -0.35703083872795105 -0.760260820388794 0.8086434006690979
v -0.3891648054122925 -0.7711519598960876 0.6853517293930054
v -0.11914325505495071 -0.7672714591026306 0.8152005076408386
v -0.1286461353302002 -0.8096215724945068 0.5778313875198364
v -0.06884383410215378 -0.650661051273346 0.6988301873207092
v -0.08312635123729706 -0.7955725193023682 0.6994274854660034
v -0.23543471097946167 -0.8054778575897217 0.5262555480003357
v -0.23967818915843964 -0.7614855766296387 0.8552462458610535
v -0.40930941700935364 -0.7231225967407227 -0.3268924057483673
v -0.393291175365448 -0.7532281875610352 -0.04931609332561493
v -0.44446223974227905 -0.7367784976959229 -0.1897847056388855
v -0.1537451595067978 -0.739469051361084 -0.3132300078868866
v -0.2829990088939667 -0.7278833389282227 -0.3683794438838959
v -0.1664210855960846 -0.7891754508018494 -0.059658631682395935
v -0.2795812487602234 -0.7825382947921753 -0.005599804688245058
v -0.11190788447856903 -0.6237876415252686 -0.18447242677211761
v -0.1159680113196373 -0.7734702825546265 -0.18741118907928467
v -0.2766088545322418 0.4840986132621765 -0.3295324146747589
v -0.3280825912952423 0.5415090918540955 -0.5226221680641174
v -0.3149566948413849 0.5319493412971497 -0.7070608735084534
v -0.3400290906429291 0.43967723846435547 -0.5450873970985413
v -0.37909480929374695 0.6701169013977051 -0.39264345169067383
v -0.4904272258281708 0.6136249899864197 -0.4198439121246338
v -0.3727115988731384 0.5494347214698792 -0.43958497047424316
v -0.247076153755188 0.5870716571807861 -0.3517998456954956
v -0.3784743547439575 0.5907410383224487 -0.3883976638317108
v -0.43960174918174744 0.618028461933136 -0.5534850358963013
v -0.3625268042087555 0.6626076698303223 -0.619926393032074
v -0.3657810389995575 0.5843973159790039 -0.5471331477165222
v -0.5338118672370911 0.7239890098571777 -0.4299406111240387
v -0.4845067858695984 0.7286627888679504 -0.5593057870864868
v -0.5267351269721985 0.6742537617683411 -0.4915156364440918
v -0.10698271542787552 0.2519378662109375 -0.0759042277932167
v -0.09946901351213455 0.22988080978393555 0.1351284682750702
v -0.10558071732521057 0.24967405200004578 0.027031712234020233
v -0.08704938739538193 0.144484743475914 0.3483971655368805
v -0.08242087811231613 0.1277439445257187 0.5969670414924622
v -0.0840546041727066 0.13525091111660004 0.47133737802505493
v -0.07775525748729706 0.025734636932611465 0.803581178188324
v -0.08060890436172485 0.08947842568159103 0.7114052176475525
v -0.07674593478441238 -0.6214855313301086 -0.12220915406942368
v -0.05829823389649391 -0.5191399455070496 -0.30141007900238037
v -0.06536625325679779 -0.5832061171531677 -0.20951658487319946
v -0.04188006743788719 -0.5214362144470215 0.8098077178001404
v -0.04622571915388107 -0.6328417062759399 0.604224681854248
v -0.03723926469683647 -0.5887890458106995 0.7090741395950317
v -0.09263131767511368 0.1848830133676529 0.23921021819114685
v -0.10144822299480438 0.28174078464508057 -0.1912471204996109
v -0.0995536744594574 0.2557498812675476 -0.15400820970535278
v -0.14415065944194794 0.4460139870643616 -0.1847509890794754
v -0.12292864173650742 0.3476300835609436 -0.18238848447799683
v -0.15817883610725403 0.46488523483276367 -0.8701848387718201
v -0.24851538240909576 0.6105053424835205 -0.786428689956665
v -0.12146272510290146 0.7562900185585022 -0.7401284575462341
v -0.14127567410469055 0.6191604137420654 -0.8065001964569092
v -0.16152583062648773 0.2759513556957245 -0.9914643168449402
v -0.16113965213298798 0.3577905297279358 -0.9434558749198914
v -0.07215870916843414 -0.3483373820781708 0.8969793915748596
v -0.05813493952155113 -0.43719756603240967 0.8681320548057556
v -0.06416800618171692 -0.33489367365837097 -0.45273521542549133
v -0.058221109211444855 -0.4388107657432556 -0.38929876685142517
v -0.08891262114048004 -0.06630683690309525 -0.4765434265136719
v -0.07596926391124725 -0.19712378084659576 -0.4729970097541809
v -0.10831467807292938 0.03171076253056526 -0.5550321340560913
v -0.097239650785923 0.008876699954271317 -0.5012829899787903
v -0.13290932774543762 0.0019379910081624985 -0.7409055233001709
v -0.11898437142372131 0.014187135733664036 -0.6415542960166931
v -0.17821098864078522 0.09570503979921341 -0.9330622553825378
v -0.15944527089595795 0.03019499033689499 -0.8436465859413147
v -0.17439080774784088 0.18496303260326385 -0.986600399017334
v -0.0950562134385109 0.7005333304405212 -0.33776214718818665
v -0.14952951669692993 0.5689473152160645 -0.2562578022480011
v -0.2677820920944214 0.6879872679710388 -0.7061075568199158
v -0.28552722930908203 0.61360764503479 -0.7484402656555176
v -0.23083636164665222 0.9556301832199097 -0.49862486124038696
v -0.18072295188903809 0.9776049256324768 -0.5176734924316406
v -0.21140728890895844 0.9676764011383057 -0.5771889686584473
v -0.2615206837654114 0.9457029104232788 -0.5581402778625488
v -0.23006978631019592 0.9833258986473083 -0.5370573997497559
v -0.23757906258106232 0.7710697054862976 -0.5241807699203491
v -0.22978447377681732 0.8134928941726685 -0.572376012802124
v -0.1885627806186676 0.8044805526733398 -0.615891695022583
v -0.2267703264951706 0.7720856070518494 -0.5996854901313782
v -0.22074897587299347 0.7856673002243042 -0.5783336162567139
v -0.21871478855609894 0.7752957344055176 -0.47373688220977783
v -0.1455237865447998 0.7924656867980957 -0.4452073574066162
v -0.11926502734422684 0.8261247277259827 -0.47825872898101807
v -0.1839284747838974 0.8281078934669495 -0.47959935665130615
v -0.16840539872646332 0.8007392883300781 -0.46629253029823303
v -0.15580600500106812 0.8479637503623962 -0.6003766655921936
v -0.1057107150554657 0.8342103958129883 -0.5601709485054016
v -0.13199429214000702 0.8208142518997192 -0.6176881194114685
v -0.14289118349552155 0.8221352696418762 -0.6035972237586975
v -0.11091132462024689 0.8626993298530579 -0.5128734111785889
v -0.08111942559480667 0.8359279632568359 -0.5124384760856628
v -0.09703495353460312 0.836841881275177 -0.5132526159286499
v -0.2858090400695801 0.7584529519081116 -0.5228192806243896
v -0.2825583219528198 0.7594909071922302 -0.46480923891067505
v -0.2468964010477066 0.7645902633666992 -0.48962411284446716
v -0.28989478945732117 0.7196597456932068 -0.609574556350708
v -0.4125775694847107 0.7648024559020996 -0.5008352994918823
v -0.3711506128311157 0.7383767366409302 -0.5776296257972717
v -0.2108958512544632 0.7403169870376587 -0.43304404616355896
v -0.3809921443462372 0.7410846948623657 -0.43435683846473694
v -0.05794984847307205 0.8224970698356628 -0.4554872512817383
v -0.09142832458019257 0.7785523533821106 -0.4076991379261017
v -0.19486132264137268 0.7837375402450562 -0.6719753742218018
v -0.05864684656262398 0.841838002204895 -0.5772283673286438
v -0.10405101627111435 0.8220564126968384 -0.657504141330719
v -0.04693976789712906 0.8412581086158752 -0.5112288594245911
v -0.24505473673343658 0.7438611388206482 -0.6477727890014648
v -0.25114452838897705 0.8740879893302917 -0.5154932141304016
v -0.22464336454868317 0.8926774263381958 -0.6062495708465576
v -0.25346165895462036 0.8788359761238098 -0.5688017010688782
v -0.14710219204425812 0.9213205575942993 -0.5557361245155334
v -0.1826736330986023 0.9104167222976685 -0.5957725644111633
v -0.16113151609897614 0.913428544998169 -0.48276081681251526
v -0.1393551528453827 0.9245747923851013 -0.5116254687309265
v -0.21007126569747925 0.8929765820503235 -0.48420119285583496
v -0.253825843334198 -0.6512316465377808 0.2626345753669739
v -0.18178993463516235 -0.682640790939331 0.3761101961135864
v -0.12327887117862701 -0.6614141464233398 0.4864383041858673
v -0.20610032975673676 -0.6580659747123718 0.38795000314712524
v -0.07431083917617798 -0.6775078177452087 0.4717745780944824
v -0.05645691975951195 -0.6558300256729126 0.5359068512916565
v -0.07827284187078476 -0.6519460678100586 0.02925609052181244
v -0.1504978984594345 -0.6365296244621277 0.020453674718737602
v -0.07403261959552765 -0.6350533366203308 -0.05021141096949577
v -0.1857527494430542 -0.666528582572937 0.13981032371520996
v -0.2237573266029358 -0.6418169140815735 0.132521390914917
v -0.12405822426080704 -0.7207984924316406 0.25824612379074097
v -0.10597154498100281 -0.7080889344215393 0.3766552805900574
v -0.10517213493585587 -0.6911474466323853 0.1357489377260208
v -0.17662212252616882 -0.18884626030921936 0.886648416519165
v -0.12727417051792145 -0.1672830432653427 0.9080572128295898
v -0.17272889614105225 -0.14123709499835968 0.8784676790237427
v -0.1543969362974167 -0.1628759354352951 0.8950101733207703
v -0.24925297498703003 -0.1742420494556427 0.8402265310287476
v -0.14977306127548218 -0.2622767686843872 0.8913975954055786
v -0.23536397516727448 -0.25083592534065247 0.8550618290901184
v -0.14470848441123962 -0.0674300491809845 0.8505644202232361
v -0.21969012916088104 -0.0989438071846962 0.8284714221954346
v -0.0627758577466011 -0.12008854001760483 0.913410484790802
v -0.07277592271566391 -0.05074143037199974 0.8663716316223145
v -0.06317480653524399 -0.2074047327041626 0.9229922890663147
v -0.07324063032865524 -0.26217007637023926 0.9116836786270142
v -0.08323211222887039 -0.19944754242897034 0.9295738339424133
v -0.06122830882668495 -0.20360147953033447 0.9580522179603577
v -0.08307276666164398 -0.1695140302181244 0.941769540309906
v -0.09385715425014496 -0.18418481945991516 0.9323212504386902
v -0.03446958214044571 -0.19514979422092438 0.9825692176818848
v -0.047196418046951294 -0.16524897515773773 0.9568230509757996
v -0.03451225906610489 -0.2247449904680252 0.9587017297744751
v -0.0472954586148262 -0.20819902420043945 0.9389630556106567
v -0.030624939128756523 -0.2182004749774933 0.9782432913780212
v 0.36313799023628235 -0.5887357592582703 0.26783832907676697
v 0.33590391278266907 -0.5972064137458801 0.19679398834705353
v 0.3685852587223053 -0.5745208263397217 0.1300407201051712
v 0.3958170413970947 -0.5554094910621643 0.20049124956130981
v 0.36797061562538147 -0.5801711082458496 0.19842228293418884
v 0.2775830328464508 -0.6204081177711487 0.19539999961853027
v 0.2917248606681824 -0.6093268394470215 0.12638406455516815
v 0.30342429876327515 -0.6148774027824402 0.26598042249679565
v 0.30423611402511597 -0.6095924377441406 0.19574211537837982
v 0.2434287965297699 -0.6501345634460449 0.010394121520221233
v 0.3187490403652191 -0.6050578951835632 0.06877528876066208
v 0.22593647241592407 -0.6266846656799316 0.053350772708654404
v 0.2681439518928528 -0.6192205548286438 0.06045765429735184
v 0.40623730421066284 -0.5420829653739929 0.059642352163791656
v 0.3624119758605957 -0.6094950437545776 0.01746504195034504
v 0.3671738803386688 -0.5791516900062561 0.06592347472906113
v 0.3805816173553467 -0.5690387487411499 0.336007684469223
v 0.3379032611846924 -0.5988243222236633 0.3983226418495178
v 0.3189566731452942 -0.6087632179260254 0.3348293602466583
v 0.351894348859787 -0.5928434729576111 0.3350590169429779
v 0.31288543343544006 -0.6476654410362244 0.4994378089904785
v 0.2743520140647888 -0.6346009969711304 0.45359688997268677
v 0.3654458820819855 -0.5806164145469666 0.46249204874038696
v 0.3248295485973358 -0.6130067110061646 0.45586884021759033
v 0.18105697631835938 -0.6511828899383545 0.466717004776001
v 0.2586085796356201 -0.6290261745452881 0.4001028537750244
v 0.19020961225032806 -0.6796046495437622 0.5080233812332153
v 0.22167560458183289 -0.6457727551460266 0.4612998366355896
v 0.26140356063842773 -0.6299214959144592 0.3334423005580902
v 0.287037193775177 -0.6200417280197144 0.3345487117767334
v 0.34893354773521423 -0.508862316608429 -0.35233449935913086
v 0.27307164669036865 -0.43230345845222473 -0.36714431643486023
v 0.32882601022720337 -0.3491375744342804 -0.35461917519569397
v 0.39375272393226624 -0.4176768958568573 -0.31734880805015564
v 0.33970433473587036 -0.4211711287498474 -0.35216981172561646
v 0.13856305181980133 -0.462435781955719 -0.3563030958175659
v 0.20075741410255432 -0.38670724630355835 -0.3896524906158447
v 0.2045578807592392 -0.5243355631828308 -0.3475331664085388
v 0.2024112045764923 -0.44747626781463623 -0.36518552899360657
v 0.1994909793138504 -0.2835753262042999 -0.4213991165161133
v 0.2598355710506439 -0.3090246021747589 -0.38894155621528625
v 0.1427786946296692 -0.3587692081928253 -0.4214490056037903
v 0.19903521239757538 -0.3339635729789734 -0.4098423421382904
v 0.36937272548675537 -0.28184497356414795 -0.3108716905117035
v 0.3119460344314575 -0.23991122841835022 -0.3552280366420746
v 0.3187548518180847 -0.28972771763801575 -0.35664987564086914
v 0.35697633028030396 -0.12310938537120819 -0.26101621985435486
v 0.31298747658729553 -0.15639519691467285 -0.33196231722831726
v 0.2695947587490082 -0.11235982924699783 -0.34812578558921814
v 0.31693407893180847 -0.07061944156885147 -0.27509576082229614
v 0.3158450722694397 -0.11557109653949738 -0.30820730328559875
v 0.25839170813560486 -0.21085911989212036 -0.3883524537086487
v 0.35749587416648865 -0.19264532625675201 -0.2960410714149475
v 0.310855895280838 -0.1966543048620224 -0.3473174571990967
v 0.15304352343082428 -0.2483019232749939 -0.4429829716682434
v 0.21209616959095 -0.1724240481853485 -0.4068641662597656
v 0.2043665200471878 -0.22987127304077148 -0.41996800899505615
v 0.23084796965122223 -0.0470857098698616 -0.34716087579727173
v 0.17270222306251526 -0.11270071566104889 -0.41601791977882385
v 0.22111313045024872 -0.11080536246299744 -0.3834049701690674
v 0.35779044032096863 -0.5138260126113892 0.7909979820251465
v 0.30513259768486023 -0.45483484864234924 0.8201909065246582
v 0.2483472228050232 -0.5075553059577942 0.8426039218902588
v 0.3118184506893158 -0.5790774822235107 0.8308314681053162
v 0.3096439838409424 -0.510155439376831 0.8244993090629578
v 0.29371729493141174 -0.36204659938812256 0.8170653581619263
v 0.24959394335746765 -0.40323466062545776 0.8434169292449951
v 0.34084436297416687 -0.4124082028865814 0.7814115881919861
v 0.2994382977485657 -0.4073772132396698 0.817761242389679
v 0.1468876302242279 -0.3982303738594055 0.8717377185821533
v 0.1911258101463318 -0.4490187466144562 0.8546153903007507
v 0.19947823882102966 -0.3544190227985382 0.8656096458435059
v 0.1971030831336975 -0.4004848897457123 0.8605009913444519
v 0.17365089058876038 -0.5756539106369019 0.8431096076965332
v 0.12166104465723038 -0.5003718733787537 0.8459416627883911
v 0.1817655712366104 -0.5051870942115784 0.8475038409233093
v 0.4157158136367798 -0.35149067640304565 -0.2552253007888794
v 0.44174495339393616 -0.44094231724739075 -0.18635176122188568
v 0.4360460042953491 -0.5146679878234863 -0.26335573196411133
v 0.4266614317893982 -0.42541348934173584 -0.2597692608833313
v 0.39735716581344604 -0.2426435798406601 -0.2424076497554779
v 0.42864224314689636 -0.3122672140598297 -0.17714959383010864
v 0.40526312589645386 -0.2911507189273834 -0.24950966238975525
v 0.44671326875686646 -0.36842280626296997 -0.017779355868697166
v 0.4433129131793976 -0.3948996067047119 -0.1021479070186615
v 0.43956929445266724 -0.2931837737560272 -0.09346495568752289
v 0.4417206048965454 -0.33981674909591675 -0.09837760031223297
v 0.43974441289901733 -0.5416573882102966 -0.10555057227611542
v 0.43559253215789795 -0.4802597761154175 -0.020198583602905273
v 0.4423225224018097 -0.4608272314071655 -0.10401739925146103
v 0.4218299686908722 -0.5065533518791199 0.13141962885856628
v 0.4267426133155823 -0.4762076139450073 0.20536097884178162
v 0.40753620862960815 -0.5303441286087036 0.271910160779953
v 0.41482630372047424 -0.5198427438735962 0.20286637544631958
v 0.4401491582393646 -0.44252654910087585 0.05836200714111328
v 0.42875707149505615 -0.4944305419921875 0.05767195671796799
v 0.44812002778053284 -0.3448360860347748 0.06231091544032097
v 0.44079166650772095 -0.4124046564102173 0.1352224200963974
v 0.44583189487457275 -0.3927077054977417 0.06005985289812088
v 0.4251050651073456 -0.43696328997612 0.27785035967826843
v 0.4362791180610657 -0.37569206953048706 0.20997095108032227
v 0.4333113431930542 -0.4272458851337433 0.2077917903661728
v 0.4216003119945526 -0.22648505866527557 0.28704822063446045
v 0.43534088134765625 -0.27314695715904236 0.21376097202301025
v 0.4363173842430115 -0.21615876257419586 0.14574354887008667
v 0.4165113866329193 -0.17210906744003296 0.22169704735279083
v 0.42881736159324646 -0.22238193452358246 0.216842383146286
v 0.4449133574962616 -0.3137342929840088 0.13900431990623474
v 0.42927080392837524 -0.33120572566986084 0.2826075851917267
v 0.4373924732208252 -0.32428789138793945 0.21171633899211884
v 0.4481559991836548 -0.2786591947078705 -0.011125955730676651
v 0.4476514756679535 -0.2532435655593872 0.06820818781852722
v 0.4493331015110016 -0.298780620098114 0.06466053426265717
v 0.42832329869270325 -0.15855276584625244 0.08329635858535767
v 0.4407846927642822 -0.19382153451442719 0.002070695161819458
v 0.4412555694580078 -0.20693281292915344 0.07405325025320053
v 0.38388684391975403 -0.09950372576713562 -0.1790447235107422
v 0.41514408588409424 -0.15623632073402405 -0.1393887996673584
v 0.3925558626651764 -0.17088554799556732 -0.22150713205337524
v 0.3900960683822632 -0.1376449167728424 -0.20391863584518433
v 0.43719762563705444 -0.214665949344635 -0.08085861057043076
v 0.42101117968559265 -0.13301584124565125 -0.05366510525345802
v 0.4320611357688904 -0.17594222724437714 -0.0699002593755722
v 0.42101117968559265 -0.22600041329860687 -0.16338816285133362
v 0.43888038396835327 -0.2526068687438965 -0.0881684422492981
v 0.3940484821796417 -0.20422032475471497 -0.23370516300201416
v 0.39064809679985046 -0.5875064134597778 0.7447789907455444
v 0.3953670859336853 -0.5260148644447327 0.6764798164367676
v 0.3765990734100342 -0.4646207094192505 0.735637903213501
v 0.3849213123321533 -0.5194043517112732 0.7399046421051025
v 0.38818249106407166 -0.5372642874717712 0.5344305634498596
v 0.39509454369544983 -0.47751811146736145 0.6078152060508728
v 0.3895938992500305 -0.6004873514175415 0.6061463952064514
v 0.39345583319664 -0.5327761173248291 0.6059816479682922
v 0.39278551936149597 -0.38243943452835083 0.6108757853507996
v 0.38450613617897034 -0.42338624596595764 0.6737369298934937
v 0.3996557891368866 -0.43401405215263367 0.5426298975944519
v 0.39386871457099915 -0.4288613498210907 0.6093727946281433
v 0.36151087284088135 -0.3736776113510132 0.7299830913543701
v 0.3680158257484436 -0.41782301664352417 0.7322433590888977
v 0.32818466424942017 -0.22750946879386902 0.7750226259231567
v 0.35923200845718384 -0.27894333004951477 0.7286470532417297
v 0.38056766986846924 -0.23338933289051056 0.673920214176178
v 0.3529033064842224 -0.18510577082633972 0.7255157828330994
v 0.35843294858932495 -0.23154975473880768 0.7275429368019104
v 0.3804667890071869 -0.33103522658348083 0.6732928156852722
v 0.3296563923358917 -0.32099074125289917 0.7780159115791321
v 0.35941988229751587 -0.32685205340385437 0.7291225790977478
v 0.40462177991867065 -0.3357495665550232 0.5488913059234619
v 0.3969326913356781 -0.28403109312057495 0.6141555309295654
v 0.39484983682632446 -0.33388587832450867 0.612543523311615
v 0.3886243402957916 -0.18372301757335663 0.6163299679756165
v 0.40574440360069275 -0.2331537902355194 0.553595244884491
v 0.39590173959732056 -0.23370014131069183 0.615491509437561
v 0.4069366157054901 -0.1782768964767456 0.3590029180049896
v 0.41472193598747253 -0.23124217987060547 0.4236455261707306
v 0.42237505316734314 -0.2819203734397888 0.3537156879901886
v 0.41750994324684143 -0.22935077548027039 0.3560607135295868
v 0.41366541385650635 -0.2846643030643463 0.4871214032173157
v 0.4026954472064972 -0.18102987110614777 0.4919064939022064
v 0.4114097058773041 -0.2324221134185791 0.48956727981567383
v 0.40829697251319885 -0.38854658603668213 0.48104551434516907
v 0.4176073372364044 -0.33699047565460205 0.4186446964740753
v 0.4118364751338959 -0.33696961402893066 0.4843519330024719
v 0.4210459589958191 -0.3886219561100006 0.348905086517334
v 0.42304766178131104 -0.33525437116622925 0.3514901101589203
v 0.4114885628223419 -0.49065566062927246 0.3418017327785492
v 0.3929281532764435 -0.535041093826294 0.40344175696372986
v 0.3997485637664795 -0.534107506275177 0.33845004439353943
v 0.4114120602607727 -0.44143640995025635 0.4115668535232544
v 0.417890340089798 -0.4412913918495178 0.34548041224479675
v 0.3999248445034027 -0.48787224292755127 0.4724855422973633
v 0.4054185152053833 -0.4386078119277954 0.476988822221756
v 0.38853970170021057 -0.5370566844940186 0.4678419530391693
v 0.2935340702533722 0.11651768535375595 -0.08730211108922958
v 0.2666003406047821 0.16767367720603943 -0.041201408952474594
v 0.2905547022819519 0.13565334677696228 0.007835744880139828
v 0.31315332651138306 0.09374161064624786 -0.0486515536904335
v 0.2912053167819977 0.1330300271511078 -0.03991062566637993
v 0.20172114670276642 0.22363097965717316 -0.04819926619529724
v 0.23313960433006287 0.20507286489009857 0.01304759830236435
v 0.2417413592338562 0.1763380765914917 -0.10855939984321594
v 0.2374468594789505 0.1984902024269104 -0.04647010192275047
v 0.2241191565990448 0.18783339858055115 0.12248966842889786
v 0.26017770171165466 0.16884617507457733 0.06454687565565109
v 0.19265782833099365 0.22433264553546906 0.07228231430053711
v 0.22866997122764587 0.20115527510643005 0.06898169964551926
v 0.31757888197898865 0.08118513971567154 0.04314392805099487
v 0.287234365940094 0.11394307017326355 0.10674044489860535
v 0.28915488719940186 0.1284942924976349 0.05669545382261276
v 0.31202372908592224 0.014755409210920334 0.25756770372390747
v 0.28255948424339294 0.07322702556848526 0.2110796570777893
v 0.24642089009284973 0.0881284847855568 0.27403247356414795
v 0.2771005928516388 0.039584215730428696 0.324259489774704
v 0.2799036502838135 0.05382926017045975 0.2663272023200989
v 0.2532181143760681 0.13396243751049042 0.16752339899539948
v 0.3163889944553375 0.04889921471476555 0.14577950537204742
v 0.28501927852630615 0.09439337998628616 0.1580425351858139
v 0.1826632171869278 0.18970519304275513 0.18016338348388672
v 0.21516482532024384 0.1409452259540558 0.22699356079101562
v 0.21956951916217804 0.16620197892189026 0.1747288554906845
v 0.20735980570316315 0.09829588979482651 0.33678120374679565
v 0.17325659096240997 0.13878695666790009 0.2858606278896332
v 0.21104776859283447 0.11674846708774567 0.28057917952537537
v 0.27353090047836304 -0.030600862577557564 0.7100669145584106
v 0.25247588753700256 0.010616309009492397 0.6751657724380493
v 0.2187565416097641 0.010834340006113052 0.7285380363464355
v 0.24587814509868622 -0.03176036849617958 0.7513303756713867
v 0.2473997175693512 -0.007472687866538763 0.7172943949699402
v 0.2630445659160614 0.03169451653957367 0.5695949196815491
v 0.22616609930992126 0.05017029866576195 0.631872832775116
v 0.2888997495174408 -0.007919421419501305 0.6202870011329651
v 0.25788721442222595 0.023860501125454903 0.6253214478492737
v 0.15823683142662048 0.08889738470315933 0.6460100412368774
v 0.19015973806381226 0.05269155278801918 0.6916096806526184
v 0.1961555778980255 0.0833631306886673 0.5819994807243347
v 0.19314607977867126 0.0716404989361763 0.6390619874000549
v 0.18555673956871033 -0.0048341769725084305 0.7793635129928589
v 0.1537463217973709 0.040814705193042755 0.7476087808609009
v 0.18752135336399078 0.027028894051909447 0.7386927008628845
v 0.2401142418384552 0.06444434076547623 0.391320139169693
v 0.2710142731666565 0.03307576850056648 0.44781097769737244
v 0.306636780500412 -0.0011573458323255181 0.3792821168899536
v 0.27420008182525635 0.03387598693370819 0.3853556215763092
v 0.16646631062030792 0.11108895391225815 0.4017902612686157
v 0.20148688554763794 0.08813776820898056 0.45904648303985596
v 0.20424707233905792 0.09027399122714996 0.3968927264213562
v 0.23380181193351746 0.06285782158374786 0.5155628323554993
v 0.1621984988451004 0.10722354799509048 0.526768147945404
v 0.19886356592178345 0.08734914660453796 0.5213707685470581
v 0.29987895488739014 -0.000745633093174547 0.5046380758285522
v 0.26735880970954895 0.03355821594595909 0.5098243951797485
v 0.4029158055782318 -0.11571018397808075 0.1626490354537964
v 0.37219321727752686 -0.07419780641794205 0.23807020485401154
v 0.3918008804321289 -0.12701264023780823 0.2959572970867157
v 0.39711594581604004 -0.12244206666946411 0.22906135022640228
v 0.40731701254844666 -0.09573063999414444 0.03254161775112152
v 0.37973150610923767 -0.05367220193147659 0.11332888156175613
v 0.40703749656677246 -0.10680903494358063 0.0970369204878807
v 0.34646445512771606 -0.01571122743189335 0.18798579275608063
v 0.3493243455886841 0.013995778746902943 0.07471892982721329
v 0.34873637557029724 -0.0011121116112917662 0.13022510707378387
v 0.34007197618484497 -0.0369516983628273 0.3097071647644043
v 0.34330764412879944 -0.028193248435854912 0.24786071479320526
v 0.38053518533706665 -0.13244269788265228 0.5569665431976318
v 0.3482573926448822 -0.08854224532842636 0.6166304349899292
v 0.3583413064479828 -0.13777945935726166 0.6718628406524658
v 0.3719716966152191 -0.1349274218082428 0.6164494156837463
v 0.3100452125072479 -0.052885785698890686 0.6685575842857361
v 0.3268823027610779 -0.041185200214385986 0.561028003692627
v 0.319795161485672 -0.04579654335975647 0.6176497936248779
v 0.27853402495384216 -0.0663512647151947 0.748019278049469
v 0.318797767162323 -0.09816724807024002 0.7177628874778748
v 0.2972312867641449 -0.06125874072313309 0.7119596004486084
v 0.31139981746673584 -0.14077922701835632 0.7667316198348999
v 0.3385237157344818 -0.14004720747470856 0.7222685217857361
v 0.2107856571674347 0.03750249370932579 -0.32264938950538635
v 0.24706456065177917 0.07776738703250885 -0.23529618978500366
v 0.27766188979148865 -0.0008940805564634502 -0.2649572193622589
v 0.24072659015655518 0.016664333641529083 -0.29570242762565613
v 0.27430444955825806 0.1076410636305809 -0.15359742939472198
v 0.2206898182630539 0.15550804138183594 -0.19421233236789703
v 0.24617503583431244 0.13354378938674927 -0.17220830917358398
v 0.3207693099975586 0.061011508107185364 -0.11046890169382095
v 0.30765271186828613 0.035263027995824814 -0.18323799967765808
v 0.29996365308761597 0.08201203495264053 -0.1350965052843094
v 0.3459402620792389 -0.03477335721254349 -0.1927238255739212
v 0.31375640630722046 -0.01797759160399437 -0.23167189955711365
v 0.36080923676490784 -0.0840524360537529 0.49713343381881714
v 0.335016667842865 -0.04072733595967293 0.43745794892311096
v 0.33170679211616516 -0.040245696902275085 0.5004850625991821
v 0.3874669373035431 -0.13056202232837677 0.42942678928375244
v 0.3851509690284729 -0.1312769204378128 0.49435117840766907
v 0.36553168296813965 -0.08330058306455612 0.36789000034332275
v 0.38913464546203613 -0.12942995131015778 0.36302146315574646
v 0.33755651116371155 -0.04037953168153763 0.373386025428772
v 0.3896135985851288 -0.06753894686698914 -0.09030931442975998
v 0.37624531984329224 -0.027668695896863937 -0.0041872551664710045
v 0.4015902280807495 -0.0824669674038887 -0.030519068241119385
v 0.3539378046989441 0.00013924509403295815 -0.1077900230884552
v 0.3711448013782501 -0.051467541605234146 -0.1449904441833496
v 0.3425816595554352 0.039984330534935 -0.02811957709491253
v 0.33433592319488525 0.048994313925504684 -0.07347805052995682
v 0.3474258780479431 0.028006557375192642 0.021607624366879463
v 0.17284022271633148 0.018891027197241783 -0.4014110565185547
v 0.19371549785137177 0.09192545711994171 -0.3666549324989319
v 0.205637589097023 0.11812159419059753 -0.2834111750125885
v 0.19567660987377167 0.06442693620920181 -0.3445398807525635
v 0.22605708241462708 0.1373024880886078 -0.42489224672317505
v 0.20546363294124603 0.15673388540744781 -0.33254125714302063
v 0.18562518060207367 0.07568798214197159 -0.45136210322380066
v 0.20321838557720184 0.11448350548744202 -0.3942740261554718
v 0.17363697290420532 0.22943545877933502 -0.22969262301921844
v 0.19417011737823486 0.18097122013568878 -0.2522040605545044
v 0.20780165493488312 0.21748670935630798 -0.29495567083358765
v 0.1954817771911621 0.1964525431394577 -0.27609893679618835
v 0.18516939878463745 0.21142126619815826 -0.1717306226491928
v 0.2029643952846527 0.1693204939365387 -0.2228931188583374
v 0.27033236622810364 0.12510554492473602 -0.5342403650283813
v 0.30642569065093994 0.19869433343410492 -0.48890161514282227
v 0.253042995929718 0.207626610994339 -0.37912672758102417
v 0.2641010880470276 0.16558267176151276 -0.4559999108314514
v 0.3648984730243683 0.2791174352169037 -0.5634912848472595
v 0.3203425407409668 0.28048014640808105 -0.4292656481266022
v 0.3556194007396698 0.19213949143886566 -0.616425096988678
v 0.3421050012111664 0.23601001501083374 -0.5249021649360657
v 0.24879837036132812 0.3534983694553375 -0.26101550459861755
v 0.2615450322628021 0.28041401505470276 -0.32223963737487793
v 0.3099071979522705 0.3646770119667053 -0.35928595066070557
v 0.28971272706985474 0.32036352157592773 -0.3377673625946045
v 0.20093949139118195 0.2768605947494507 -0.2518872320652008
v 0.23203204572200775 0.2457970380783081 -0.3091524839401245
v 0.22344186902046204 0.06594619899988174 -0.5821375250816345
v 0.2786279618740082 0.06511233747005463 -0.6738123893737793
v 0.32449090480804443 0.1207878440618515 -0.6498429775238037
v 0.2768593728542328 0.09163899719715118 -0.6083174347877502
v 0.24755859375 0.030679751187562943 -0.7636444568634033
v 0.3081595003604889 0.06654113531112671 -0.7684040069580078
v 0.2266717553138733 0.029609322547912598 -0.6966858506202698
v 0.27057936787605286 0.04545248672366142 -0.7263101935386658
v 0.3546324670314789 0.13406218588352203 -0.8591290712356567
v 0.356501966714859 0.12205890566110611 -0.7618491649627686
v 0.30084967613220215 0.07750993221998215 -0.8536562323570251
v 0.3373686373233795 0.0964437872171402 -0.8147134780883789
v 0.38362473249435425 0.1931009143590927 -0.7408892512321472
v 0.3615016043186188 0.15405721962451935 -0.6955795288085938
v 0.3789440393447876 0.20534425973892212 -0.8457828164100647
v 0.37228482961654663 0.289573609828949 -0.8173506855964661
v 0.3821808695793152 0.2809927463531494 -0.7008423805236816
v 0.3865925073623657 0.2395738959312439 -0.7811344861984253
v 0.31604689359664917 0.15843869745731354 -0.931144118309021
v 0.3438109755516052 0.22362053394317627 -0.9229481816291809
v 0.356381356716156 0.1782992035150528 -0.8955378532409668
v 0.2789723873138428 0.29537808895111084 -0.9525099396705627
v 0.33548638224601746 0.2966839373111725 -0.9025925397872925
v 0.28604331612586975 0.24338361620903015 -0.9668639898300171
v 0.31812161207199097 0.26448965072631836 -0.94036865234375
v 0.3424065113067627 0.3871156573295593 -0.7857710719108582
v 0.2968648076057434 0.3787504732608795 -0.8778947591781616
v 0.34258514642715454 0.33919647336006165 -0.850577175617218
v 0.38856637477874756 -0.8935030102729797 -0.25461968779563904
v 0.3343672454357147 -0.9538789391517639 -0.19037698209285736
v 0.270992249250412 -0.9525487422943115 -0.2700142562389374
v 0.3350619077682495 -0.8921217918395996 -0.32072946429252625
v 0.3346107602119446 -0.9369432926177979 -0.2625013589859009
v 0.32026368379592896 -0.907427966594696 -0.0605330727994442
v 0.2637728750705719 -0.9599223136901855 -0.11593926697969437
v 0.3792850077152252 -0.9011526703834534 -0.12301678955554962
v 0.3260728120803833 -0.9436431527137756 -0.11861756443977356
v 0.1584560126066208 -0.9151332378387451 -0.13289670646190643
v 0.20039789378643036 -0.9585921168327332 -0.19557642936706543
v 0.21196047961711884 -0.91651451587677 -0.06678753346204758
v 0.20433521270751953 -0.9499601721763611 -0.12475187331438065
v 0.21738457679748535 -0.8960869312286377 -0.3192029893398285
v 0.158364400267601 -0.9023634195327759 -0.25671902298927307
v 0.2083270251750946 -0.9407773613929749 -0.2648632824420929
v 0.2854112386703491 -0.9059528112411499 0.8073537945747375
v 0.23066703975200653 -0.95829176902771 0.7637732028961182
v 0.28835931420326233 -0.9596648812294006 0.6929886341094971
v 0.3342559039592743 -0.9073792695999146 0.7480576038360596
v 0.2862590253353119 -0.9450440406799316 0.7562371492385864
v 0.13108853995800018 -0.9128718376159668 0.7556955814361572
v 0.17240765690803528 -0.9629446268081665 0.6984753012657166
v 0.18061742186546326 -0.9080391526222229 0.8103841543197632
v 0.17608170211315155 -0.9473866820335388 0.76054447889328
v 0.1832105964422226 -0.9250977039337158 0.5840789079666138
v 0.230101078748703 -0.9643188714981079 0.6276907920837402
v 0.1343659609556198 -0.9236712455749512 0.6433750987052917
v 0.17749425768852234 -0.9550676941871643 0.6355886459350586
v 0.32888633012771606 -0.9132707118988037 0.6325547695159912
v 0.2793574333190918 -0.9181033968925476 0.5778650045394897
v 0.28347912430763245 -0.9503452181816101 0.6297400593757629
v 0.3971971571445465 -0.6800522804260254 0.6819884777069092
v 0.3743862807750702 -0.7757688760757446 0.6179571151733398
v 0.35245564579963684 -0.6970389485359192 0.5515714287757874
v 0.3841477632522583 -0.6865050196647644 0.6105788946151733
v 0.3636239171028137 -0.6697978973388672 0.8054831027984619
v 0.3842568099498749 -0.7649914026260376 0.7525306344032288
v 0.3914390504360199 -0.6742604970932007 0.7499966621398926
v 0.370805025100708 -0.8540534377098083 0.6878080368041992
v 0.3411911129951477 -0.837260365486145 0.8015097975730896
v 0.36605820059776306 -0.8450294733047485 0.7493529915809631
v 0.32800838351249695 -0.8530200719833374 0.5771471261978149
v 0.35757705569267273 -0.8532183766365051 0.6269543170928955
v 0.07360977679491043 -0.620147168636322 0.7637372612953186
v 0.07591255754232407 -0.7176961898803711 0.698248028755188
v 0.08984702080488205 -0.7806641459465027 0.7630773186683655
v 0.11240100860595703 -0.6746699213981628 0.8166165351867676
v 0.08202053606510162 -0.6950151920318604 0.7643089890480042
v 0.12372537702322006 -0.7394505739212036 0.5677127242088318
v 0.09656607359647751 -0.804984986782074 0.6340646743774414
v 0.08113055676221848 -0.6693838238716125 0.6285037994384766
v 0.08972432464361191 -0.7322868704795837 0.6282300353050232
v 0.09746938943862915 -0.8686846494674683 0.7002056837081909
v 0.13808175921440125 -0.8705506324768066 0.589907705783844
v 0.10941828042268753 -0.8712117075920105 0.6409894824028015
v 0.13082411885261536 -0.8431913256645203 0.8067483901977539
v 0.1042732298374176 -0.8552908897399902 0.7583734393119812
v 0.29268398880958557 -0.7941866517066956 0.5328718423843384
v 0.24155811965465546 -0.7321603894233704 0.5147695541381836
v 0.3022865951061249 -0.7150751948356628 0.5207711458206177
v 0.2323417067527771 -0.8748149871826172 0.5417357683181763
v 0.2837331295013428 -0.8639575839042664 0.5487393736839294
v 0.17784565687179565 -0.8102037310600281 0.5415675640106201
v 0.1814246028661728 -0.8743824362754822 0.5561408400535583
v 0.1781877726316452 -0.7398471236228943 0.5301545858383179
v 0.17343054711818695 -0.7624052166938782 0.8459776043891907
v 0.24283963441848755 -0.6665424704551697 0.8523584604263306
v 0.1714068055152893 -0.6670829057693481 0.8453769087791443
v 0.23593224585056305 -0.8479242324829102 0.8462780714035034
v 0.178117036819458 -0.844551682472229 0.836588442325592
v 0.30485770106315613 -0.7599314451217651 0.8428417444229126
v 0.29405245184898376 -0.8418587446212769 0.8342016339302063
v 0.31050100922584534 -0.6673368811607361 0.8393323421478271
v 0.40423905849456787 -0.6575939655303955 -0.04017273336648941
v 0.42856571078300476 -0.743837833404541 -0.1127663403749466
v 0.449323832988739 -0.63006991147995 -0.18983422219753265
v 0.4365760087966919 -0.6414457559585571 -0.10831434279680252
v 0.4270569086074829 -0.8326237797737122 -0.1887226104736328
v 0.37756162881851196 -0.8331422209739685 -0.0623515248298645
v 0.41145843267440796 -0.8324788212776184 -0.11936675757169724
v 0.39517107605934143 -0.8128190040588379 -0.3168150782585144
v 0.43890824913978577 -0.7286325097084045 -0.26555147767066956
v 0.4222451150417328 -0.8217663168907166 -0.25866401195526123
v 0.41106295585632324 -0.6156079769134521 -0.32608091831207275
v 0.4418180286884308 -0.6210042834281921 -0.2661992907524109
v 0.28241682052612305 -0.6188448667526245 -0.36464160680770874
v 0.21188510954380035 -0.7315759062767029 -0.3517395257949829
v 0.14733298122882843 -0.6390902996063232 -0.309573233127594
v 0.20775412023067474 -0.6253463625907898 -0.34778597950935364
v 0.3530738055706024 -0.7239692211151123 -0.3606335520744324
v 0.354057252407074 -0.6152437925338745 -0.35815057158470154
v 0.2805670499801636 -0.8266894221305847 -0.36034709215164185
v 0.3439791202545166 -0.8186965584754944 -0.35080015659332275
v 0.16388937830924988 -0.823625385761261 -0.3089454472064972
v 0.21683253347873688 -0.8240869641304016 -0.3451870381832123
v 0.17177443206310272 -0.7138516306877136 -0.05036333203315735
v 0.2186521589756012 -0.7890385985374451 -0.021364111453294754
v 0.2912447452545166 -0.7024653553962708 0.004335650708526373
v 0.22751371562480927 -0.7129307985305786 -0.011376449838280678
v 0.2702929377555847 -0.8595876693725586 -0.020657837390899658
v 0.1684367060661316 -0.856052815914154 -0.07287266850471497
v 0.21510103344917297 -0.859886884689331 -0.0360800065100193
v 0.34071215987205505 -0.7683650851249695 -0.014256088063120842
v 0.3274760842323303 -0.8464258313179016 -0.029432395473122597
v 0.3529740571975708 -0.6809765696525574 -0.0039425501599907875
v 0.12259810417890549 -0.7559872269630432 -0.2553725838661194
v 0.1157354786992073 -0.6905467510223389 -0.18333622813224792
v 0.11060422658920288 -0.5898154377937317 -0.2491506040096283
v 0.11841726303100586 -0.6644155383110046 -0.2519911229610443
v 0.12380307912826538 -0.8536521792411804 -0.1922830045223236
v 0.13285018503665924 -0.8380339741706848 -0.2552519738674164
v 0.13138428330421448 -0.7842592597007751 -0.11859031021595001
v 0.1368350386619568 -0.8568170666694641 -0.12821531295776367
v 0.13048779964447021 -0.6435205340385437 -0.11572633683681488
v 0.13401803374290466 -0.7067087888717651 -0.11190488934516907
v 0.314502090215683 0.49032869935035706 -0.7578121423721313
v 0.33093440532684326 0.4846390187740326 -0.6435455679893494
v 0.35796207189559937 0.3831702172756195 -0.6513784527778625
v 0.3379368782043457 0.43552887439727783 -0.7096227407455444
v 0.32247066497802734 0.5773159265518188 -0.595482587814331
v 0.3277149796485901 0.502069890499115 -0.5254031419754028
v 0.3096497356891632 0.5786681771278381 -0.6744340062141418
v 0.32315489649772644 0.5346503853797913 -0.6089494228363037
v 0.28646430373191833 0.5123416781425476 -0.35658374428749084
v 0.3145368993282318 0.45821329951286316 -0.4190506935119629
v 0.32226189970970154 0.5264325141906738 -0.4457106590270996
v 0.31505993008613586 0.4968997836112976 -0.4335114359855652
v 0.3461919128894806 0.3763996362686157 -0.4982664883136749
v 0.2729266881942749 0.44367486238479614 -0.299347847700119
v 0.3155006170272827 0.4123840034008026 -0.39034485816955566
v 0.36856672167778015 0.3296019434928894 -0.6041597127914429
v 0.2233954817056656 0.6316043734550476 -0.3701063096523285
v 0.31043723225593567 0.5883554220199585 -0.3744843006134033
v 0.3785984218120575 0.6289752125740051 -0.3848697543144226
v 0.2926746904850006 0.6717208623886108 -0.39858478307724
v 0.2993466556072235 0.6291399598121643 -0.3820469379425049
v 0.33571019768714905 0.5405626893043518 -0.4126628339290619
v 0.3761560320854187 0.56218022108078 -0.4059954881668091
v 0.27727222442626953 0.5520244240760803 -0.354127436876297
v 0.3239852786064148 0.5569544434547424 -0.38315099477767944
v 0.46573060750961304 0.5911759734153748 -0.4466326832771301
v 0.4410723149776459 0.5979650616645813 -0.4010004997253418
v 0.4111035466194153 0.5639186501502991 -0.45916247367858887
v 0.4265999495983124 0.5734911561012268 -0.4236467182636261
v 0.4507688879966736 0.6696785092353821 -0.3922792971134186
v 0.49909162521362305 0.6440147161483765 -0.4032840430736542
v 0.44625750184059143 0.6319893598556519 -0.3909003436565399
v 0.34147176146507263 0.5669757723808289 -0.5327767729759216
v 0.36921268701553345 0.5586453676223755 -0.4910900294780731
v 0.34133145213127136 0.5448015332221985 -0.4676366448402405
v 0.3315455913543701 0.6483892798423767 -0.6290929317474365
v 0.36254072189331055 0.6212734580039978 -0.5943414568901062
v 0.3367551565170288 0.6043877005577087 -0.5927919745445251
v 0.4359230697154999 0.648918092250824 -0.5847120881080627
v 0.3989112079143524 0.5997023582458496 -0.5569549798965454
v 0.40020087361335754 0.6707466244697571 -0.6106148362159729
v 0.3963632881641388 0.6333799362182617 -0.5935910940170288
v 0.4413854479789734 0.5933400392532349 -0.5089975595474243
v 0.4028497040271759 0.5746021270751953 -0.5078725814819336
v 0.45663830637931824 0.7002480626106262 -0.5864273905754089
v 0.5151516795158386 0.7056164741516113 -0.529549241065979
v 0.4865931272506714 0.6445122957229614 -0.5279673337936401
v 0.47892263531684875 0.6761000156402588 -0.5618734359741211
v 0.5248841643333435 0.7439457774162292 -0.4640936851501465
v 0.5468763113021851 0.7023518085479736 -0.4552425444126129
v 0.501481831073761 0.7462780475616455 -0.5238050222396851
v 0.5343974828720093 0.7281582951545715 -0.49221381545066833
v 0.5187375545501709 0.6413229703903198 -0.4524812698364258
v 0.5188628435134888 0.6951764822006226 -0.40765392780303955
v 0.5338698625564575 0.6708869934082031 -0.42516595125198364
v 0.48396170139312744 0.6155269742012024 -0.4854792356491089
v 2.8074944591338635e-09 0.2564503848552704 -0.015297536738216877
v 0.053630415350198746 0.2518925964832306 0.032451167702674866
v 0.10733817517757416 0.25186359882354736 -0.026275597512722015
v 0.05420402064919472 0.2578304708003998 -0.065660260617733
v 0.054390620440244675 0.2560015916824341 -0.018202664330601692
v 0.05043603479862213 0.23065318167209625 0.13751983642578125
v 0.10280963778495789 0.24288377165794373 0.08127377182245255
v 2.8074944591338635e-09 0.24336622655391693 0.08638935536146164
v 0.05221495404839516 0.24395884573459625 0.08484574407339096
v 0.15417079627513885 0.24249528348445892 0.019865691661834717
v 0.14569541811943054 0.22452284395694733 0.13159939646720886
v 0.1501639038324356 0.23729267716407776 0.07673224806785583
v 0.156911239027977 0.23815667629241943 -0.0936574712395668
v 0.1573994904756546 0.24124856293201447 -0.03887149319052696
v 2.8074944591338635e-09 0.1451968252658844 0.41106003522872925
v 0.042274389415979385 0.14175935089588165 0.47331589460372925
v 0.08527858555316925 0.13722826540470123 0.40863385796546936
v 0.043817996978759766 0.1497209668159485 0.350046306848526
v 0.042894963175058365 0.14329718053340912 0.41043609380722046
v 0.041493188589811325 0.1341967135667801 0.5994604825973511
v 0.08317088335752487 0.1337049901485443 0.5347135663032532
v 2.8074944591338635e-09 0.14252477884292603 0.5377068519592285
v 0.041844356805086136 0.140321284532547 0.5369158983230591
v 0.12484684586524963 0.12423110008239746 0.4682130217552185
v 0.12221771478652954 0.11707667261362076 0.5930888652801514
v 0.12346094846725464 0.12267357110977173 0.5312737226486206
v 0.12910771369934082 0.13469772040843964 0.3456404209136963
v 0.12663979828357697 0.1266166716814041 0.4057287871837616
v 2.8074944591338635e-09 0.12067534029483795 0.6602144241333008
v 0.0406290665268898 0.09506834298372269 0.7147082090377808
v 0.08159816265106201 0.11251890659332275 0.6563061475753784
v 0.04110908508300781 0.1186017245054245 0.6591787934303284
v 0.03912987560033798 0.03033066727221012 0.8077526688575745
v 0.07935917377471924 0.06006864830851555 0.7609387636184692
v 2.8074944591338635e-09 0.06688906252384186 0.7660474181175232
v 0.03999028354883194 0.06513321399688721 0.7646870613098145
v 0.1192905455827713 0.08042202144861221 0.7062699198722839
v 0.1153712123632431 0.01825316995382309 0.7971817255020142
v 0.11748482286930084 0.05189482867717743 0.7551342844963074
v 0.12084691226482391 0.10257069766521454 0.6518376469612122
v 2.8074944591338635e-09 -0.6090960502624512 -0.18973727524280548
v 0.03363550454378128 -0.5848575830459595 -0.22121508419513702
v 0.07188687473535538 -0.605869710445404 -0.164352148771286
v 0.037742480635643005 -0.6219691038131714 -0.14486263692378998
v 0.03620026260614395 -0.6065446138381958 -0.1826765537261963
v 0.028514454141259193 -0.5256170630455017 -0.30193543434143066
v 0.06088491529226303 -0.553718626499176 -0.25539878010749817
v 2.8074944591338635e-09 -0.5618182420730591 -0.26380446553230286
v 0.030817227438092232 -0.5576385259628296 -0.2608456015586853
v 0.09328761696815491 -0.5920954942703247 -0.19523419439792633
v 0.09062092006206512 -0.5176693797111511 -0.3031373918056488
v 0.08945364505052567 -0.5586811304092407 -0.2508934438228607
v 0.1182711273431778 -0.626705527305603 -0.08638012409210205
v 0.10654642432928085 -0.6140516400337219 -0.13762205839157104
v 2.8074944591338635e-09 -0.5481159687042236 0.7652053833007812
v 0.01880420744419098 -0.5796642899513245 0.7133698463439941
v 0.037712328135967255 -0.5577417612075806 0.7629462480545044
v 0.020121322944760323 -0.5147641897201538 0.8094877004623413
v 0.01868371106684208 -0.5493661165237427 0.7642242908477783
v 0.022101225331425667 -0.6259111166000366 0.615256130695343
v 0.04085324704647064 -0.6138219833374023 0.6539136171340942
v 2.8074944591338635e-09 -0.6035861968994141 0.6645912528038025
v 0.020078180357813835 -0.6052991151809692 0.6620166897773743
v 0.05493593215942383 -0.6100737452507019 0.7033334970474243
v 0.074397012591362 -0.6467376351356506 0.5835592746734619
v 0.06302207708358765 -0.6325390338897705 0.6399040222167969
v 0.06691381335258484 -0.537462592124939 0.8123568892478943
v 0.05743063986301422 -0.577862024307251 0.7630332708358765
v 2.8074944591338635e-09 0.2099657952785492 0.18958622217178345
v 0.04678460210561752 0.18743444979190826 0.2406970113515854
v 0.09600302577018738 0.20905077457427979 0.18727721273899078
v 0.048585444688797 0.21042855083942413 0.18901680409908295
v 0.08957356214523315 0.1618657261133194 0.2924189567565918
v 2.8074944591338635e-09 0.1666473001241684 0.29438239336013794
v 0.04515494406223297 0.16581577062606812 0.2939196825027466
v 0.13660193979740143 0.17773441970348358 0.23653121292591095
v 0.1325196623802185 0.15334048867225647 0.28977009654045105
v 0.14108431339263916 0.20306535065174103 0.1843361258506775
v 2.8074944591338635e-09 0.2722807824611664 -0.16674315929412842
v 0.05121097341179848 0.2622780501842499 -0.14385877549648285
v 0.09831901639699936 0.26461490988731384 -0.17871002852916718
v 0.05203322693705559 0.2876960337162018 -0.18145686388015747
v 0.05059712380170822 0.27087169885635376 -0.16910646855831146
v 0.10341478884220123 0.25237852334976196 -0.11911103129386902
v 2.8074944591338635e-09 0.26019981503486633 -0.10536269843578339
v 0.0527787059545517 0.2589264214038849 -0.108460932970047
v 0.1421593874692917 0.24176231026649475 -0.17358063161373138
v 0.14976494014263153 0.23782500624656677 -0.1386687159538269
v 0.1456270068883896 0.2693072557449341 -0.21147271990776062
v 0.14029105007648468 0.2514785826206207 -0.1980675458908081
v 2.8074944591338635e-09 0.4031420350074768 -0.1550280898809433
v 0.06275314092636108 0.3539448380470276 -0.16814342141151428
v 0.13511283695697784 0.39348724484443665 -0.17793230712413788
v 0.07332830876111984 0.45661982893943787 -0.16360443830490112
v 0.06885451823472977 0.401256263256073 -0.16031765937805176
v 0.110679030418396 0.3098968267440796 -0.1896500587463379
v 2.8074944591338635e-09 0.3170420229434967 -0.17541973292827606
v 0.05661569535732269 0.31573963165283203 -0.17816287279129028
v 0.17794771492481232 0.33436498045921326 -0.21015699207782745
v 0.15963777899742126 0.29758161306381226 -0.2131389081478119
v 0.2099587768316269 0.42570817470550537 -0.21861177682876587
v 0.19617992639541626 0.3777194619178772 -0.2096177190542221
v 2.8074944591338635e-09 0.5426700115203857 -0.8443204164505005
v 0.07265577465295792 0.6230373978614807 -0.8111217617988586
v 0.15092352032661438 0.5393218398094177 -0.837468683719635
v 0.08034205436706543 0.4669286608695984 -0.8760623931884766
v 0.07709211856126785 0.5418871641159058 -0.8429901599884033
v 0.062253985553979874 0.7647329568862915 -0.7434139847755432
v 0.13128337264060974 0.6944041848182678 -0.774542510509491
v 2.8074944591338635e-09 0.7030302882194519 -0.7801474928855896
v 0.06754064559936523 0.700584352016449 -0.7785621285438538
v 0.231837198138237 0.675582766532898 -0.7606152296066284
v 0.20182321965694427 0.6139775514602661 -0.798569917678833
v 0.1745786815881729 0.7434807419776917 -0.736798882484436
v 0.18742972612380981 0.6856469511985779 -0.7688261270523071
v 0.2310045212507248 0.4592025578022003 -0.8570728302001953
v 0.2691134810447693 0.5360884666442871 -0.806334376335144
v 0.2182311713695526 0.534754753112793 -0.8262261748313904
v 2.8074944591338635e-09 0.31719857454299927 -0.9766649007797241
v 0.08255135267972946 0.3598768711090088 -0.9470962882041931
v 0.16037073731422424 0.31627777218818665 -0.9727635979652405
v 0.08430800586938858 0.2760069966316223 -0.995233416557312
v 0.08309108763933182 0.31759288907051086 -0.9762334823608398
v 0.16099584102630615 0.40585121512413025 -0.9073891639709473
v 2.8074944591338635e-09 0.4077101945877075 -0.9131194353103638
v 0.08189842104911804 0.4079572558403015 -0.9122357368469238
v 0.23180009424686432 0.34998780488967896 -0.935084879398346
v 0.23449301719665527 0.3985413610935211 -0.8963868021965027
v 0.22456450760364532 0.27431613206863403 -0.981394350528717
v 0.22602692246437073 0.3107573986053467 -0.9640818238258362
v 2.8074944591338635e-09 -0.39026880264282227 0.8889632821083069
v 0.027887962758541107 -0.43467047810554504 0.8696966171264648
v 0.06624765694141388 -0.3930208384990692 0.8851871490478516
v 0.03553422540426254 -0.34640640020370483 0.9010338187217712
v 0.03222421929240227 -0.39108407497406006 0.888107419013977
v 0.049349941313266754 -0.4806285500526428 0.8439376354217529
v 2.8074944591338635e-09 -0.47535523772239685 0.8443459272384644
v 0.023521438241004944 -0.47621461749076843 0.8440675139427185
v 0.09310008585453033 -0.4415465295314789 0.8653486967086792
v 0.0797925665974617 -0.49043411016464233 0.8446578979492188
v 0.11096397042274475 -0.35072869062423706 0.8898899555206299
v 0.10386916995048523 -0.3955722749233246 0.8798489570617676
v 2.8074944591338635e-09 -0.49369877576828003 -0.34415483474731445
v 0.027644304558634758 -0.4477384090423584 -0.38642263412475586
v 0.05746149271726608 -0.48120030760765076 -0.3469614088535309
v 0.027496203780174255 -0.4895249009132385 -0.34485185146331787
v 0.03096776269376278 -0.34059610962867737 -0.4528384208679199
v 0.06042322516441345 -0.3908846080303192 -0.4256681203842163
v 2.8074944591338635e-09 -0.40114712715148926 -0.4218780994415283
v 0.02884080447256565 -0.39863744378089905 -0.42347508668899536
v 0.09466271102428436 -0.42580315470695496 -0.39180609583854675
v 0.10183348506689072 -0.32412204146385193 -0.4491620659828186
v 0.09748876094818115 -0.37766942381858826 -0.4258583188056946
v 0.09236527979373932 -0.47292324900627136 -0.35050323605537415
v 2.8074944591338635e-09 -0.2728709578514099 -0.4722304046154022
v 0.0373285748064518 -0.1996203362941742 -0.48255085945129395
v 0.06955534219741821 -0.26830971240997314 -0.4671681225299835
v 0.033906884491443634 -0.2719942033290863 -0.47133973240852356
v 0.04429975152015686 -0.0707089751958847 -0.4973897337913513
v 0.08279384672641754 -0.12732446193695068 -0.47424831986427307
v 2.8074944591338635e-09 -0.13059422373771667 -0.4953114688396454
v 0.040902767330408096 -0.13026227056980133 -0.490043967962265
v 0.11723431944847107 -0.19140048325061798 -0.4566110372543335
v 0.1341513991355896 -0.05550609529018402 -0.44213637709617615
v 0.12666182219982147 -0.11983883380889893 -0.4479362368583679
v 0.10868694633245468 -0.2607644498348236 -0.45821613073349
v 2.8074944591338635e-09 -0.029052609577775 -0.5160731077194214
v 0.0497441366314888 0.00048716343007981777 -0.5234269499778748
v 0.09320932626724243 -0.0214658472687006 -0.4854966402053833
v 0.04718981683254242 -0.027749184519052505 -0.5081613659858704
v 0.05453222617506981 0.020268797874450684 -0.5717288255691528
v 0.10255913436412811 0.02640031836926937 -0.5240718126296997
v 2.8074944591338635e-09 0.012954339385032654 -0.5518497824668884
v 0.05213446915149689 0.01586991362273693 -0.5442593097686768
v 0.1402377039194107 0.025385553017258644 -0.4670475423336029
v 0.1605980396270752 0.0529177151620388 -0.5316518545150757
v 0.14956432580947876 0.04633389040827751 -0.4938664734363556
v 0.13688838481903076 -0.007829307578504086 -0.44915515184402466
v 2.8074944591338635e-09 0.012565826997160912 -0.6123636960983276
v 0.06018420308828354 0.006827442441135645 -0.6484187841415405
v 0.11365305632352829 0.02541222609579563 -0.5953295230865479
v 0.057108812034130096 0.015553310513496399 -0.6069036722183228
v 0.0691109299659729 -0.0022521328646689653 -0.7449935078620911
v 0.12471926957368851 0.004714407958090305 -0.6902945637702942
v 2.8074944591338635e-09 -0.0022695353254675865 -0.6977342963218689
v 0.06407836824655533 -0.0008094188524410129 -0.6949045062065125
v 0.17501705884933472 0.02708689123392105 -0.6374222040176392
v 0.18607978522777557 0.011538298800587654 -0.7357771396636963
v 0.17848466336727142 0.015441974624991417 -0.6877849102020264
v 0.16906876862049103 0.04304022341966629 -0.5824413895606995
v 2.8074944591338635e-09 0.007203201297670603 -0.7984794974327087
v 0.08233923465013504 0.027535706758499146 -0.8489245176315308
v 0.145606130361557 0.010800701566040516 -0.7927399277687073
v 0.07560208439826965 0.007600993849337101 -0.797317385673523
v 0.09170248359441757 0.09280454367399216 -0.9381743669509888
v 0.1710611879825592 0.05901676416397095 -0.891475260257721
v 2.8074944591338635e-09 0.05596897751092911 -0.8975720405578613
v 0.08811020106077194 0.056341253221035004 -0.8968611359596252
v 0.22608375549316406 0.03692610561847687 -0.8311852216720581
v 0.25433146953582764 0.10254517197608948 -0.9203028082847595
v 0.24369435012340546 0.06555304676294327 -0.8781591653823853
v 0.20441290736198425 0.018811006098985672 -0.7836510539054871
v 2.8074944591338635e-09 0.13523699343204498 -0.9704394340515137
v 0.08992890268564224 0.18235713243484497 -0.9908299446105957
v 0.17865051329135895 0.13870228826999664 -0.9652449488639832
v 0.0919039323925972 0.13571365177631378 -0.9699118137359619
v 0.1674405038356781 0.23144647479057312 -0.9957077503204346
v 2.8074944591338635e-09 0.2296314686536789 -1.0
v 0.08699209988117218 0.2300257682800293 -0.9996845126152039
v 0.24791927635669708 0.1910133957862854 -0.9755225777626038
v 0.23480382561683655 0.2341335564851761 -0.9850394129753113
v 0.25508415699005127 0.14575813710689545 -0.9533507227897644
v 0.14695607125759125 0.5037561655044556 -0.21131417155265808
v 0.07038258016109467 0.5855326652526855 -0.22303034365177155
v 2.8074944591338635e-09 0.5235540270805359 -0.17685849964618683
v 0.0745834931731224 0.5189788937568665 -0.18692292273044586
v 0.22224849462509155 0.5187121033668518 -0.27962175011634827
v 0.21490852534770966 0.47639328241348267 -0.24423006176948547
v 0.19850637018680573 0.5831540822982788 -0.31287896633148193
v 0.2431979924440384 0.5415995121002197 -0.31793609261512756
v 0.14623817801475525 0.6872648000717163 -0.37161046266555786
v 0.11452007293701172 0.6422855854034424 -0.2966636121273041
v 0.1656382530927658 0.6354895234107971 -0.336725115776062
v 2.8074944591338635e-09 0.6601837873458862 -0.2507142722606659
v 0.046797361224889755 0.7136256098747253 -0.30762848258018494
v 0.058488551527261734 0.6534839272499084 -0.26468387246131897
v 0.27556973695755005 0.611763596534729 -0.7691705822944641
v 0.29980820417404175 0.5789766907691956 -0.7405552268028259
v 0.2936651110649109 0.5512264966964722 -0.774864912033081
v 0.24690335988998413 0.7096883654594421 -0.7211134433746338
v 0.2794305086135864 0.6485922336578369 -0.7332964539527893
v 0.26036208868026733 0.6654837727546692 -0.7491129636764526
v 0.2859087884426117 0.6604864597320557 -0.6857611536979675
v 0.2954673171043396 0.6181514859199524 -0.7121428847312927
v 0.2626062035560608 0.9391051530838013 -0.5370573997497559
v 0.2498537302017212 0.969209611415863 -0.5482986569404602
v 0.23312336206436157 0.974610447883606 -0.5158573389053345
v 0.24844348430633545 0.9436849355697632 -0.5095901489257812
v 0.2516223192214966 0.9612584114074707 -0.5271264910697937
v 0.22837191820144653 0.9564467072486877 -0.5855529308319092
v 0.2225256711244583 0.9811641573905945 -0.5586841106414795
v 0.2515028715133667 0.9463106393814087 -0.57676100730896
v 0.24080081284046173 0.9681090116500854 -0.5683470964431763
v 0.17825156450271606 0.9745107889175415 -0.5362733602523804
v 0.2057953178882599 0.9865650534629822 -0.5262427926063538
v 0.1924142688512802 0.9699309468269348 -0.5637418031692505
v 0.20076090097427368 0.9835370182991028 -0.546457052230835
v 0.20852185785770416 0.9602378606796265 -0.49338170886039734
v 0.1853909194469452 0.970375120639801 -0.502173662185669
v 0.20966072380542755 0.9781743884086609 -0.5079537630081177
v 0.24100956320762634 0.7618346810340881 -0.575630247592926
v 0.22201772034168243 0.7790742516517639 -0.5861049890518188
v 0.23088505864143372 0.777492344379425 -0.5505973100662231
v 0.24354012310504913 0.7641623020172119 -0.535466194152832
v 0.2339583784341812 0.7702520489692688 -0.5600433349609375
v 0.18757933378219604 0.8004214763641357 -0.6217506527900696
v 0.2066894769668579 0.7948930263519287 -0.6018228530883789
v 0.2098613679409027 0.7847175002098083 -0.6202220916748047
v 0.2068472057580948 0.789504885673523 -0.6084182858467102
v 0.21735788881778717 0.821994960308075 -0.5971340537071228
v 0.22311830520629883 0.7957257032394409 -0.5742988586425781
v 0.19230642914772034 0.8134998679161072 -0.6130873560905457
v 0.2099912464618683 0.8045119047164917 -0.598655641078949
v 0.23446981608867645 0.7799416780471802 -0.516491711139679
v 0.23569682240486145 0.8054443001747131 -0.541930615901947
v 0.2310439497232437 0.7874197363853455 -0.5447928309440613
v 0.21030205488204956 0.8133826851844788 -0.489364355802536
v 0.17560157179832458 0.8102874159812927 -0.47414395213127136
v 0.19541914761066437 0.7868595123291016 -0.46841371059417725
v 0.22326791286468506 0.7827900052070618 -0.4883820414543152
v 0.20210504531860352 0.795799970626831 -0.48003891110420227
v 0.12565170228481293 0.834956169128418 -0.48063036799430847
v 0.14182423055171967 0.8145331740379333 -0.46939370036125183
v 0.15694370865821838 0.8415120840072632 -0.4769412577152252
v 0.1487501710653305 0.8238644599914551 -0.4741230607032776
v 0.11953523755073547 0.8086742162704468 -0.4538845121860504
v 0.15938729047775269 0.7958230972290039 -0.45667600631713867
v 0.11168533563613892 0.8229458928108215 -0.47457072138786316
v 0.13310648500919342 0.8104822039604187 -0.46267420053482056
v 0.2159140259027481 0.7699679732322693 -0.4616849422454834
v 0.17817966639995575 0.7765285968780518 -0.4461873769760132
v 0.18821603059768677 0.7813971638679504 -0.4571874737739563
v 0.1605655699968338 0.8103209733963013 -0.6309438347816467
v 0.13819308578968048 0.819746196269989 -0.608521580696106
v 0.1662239283323288 0.8137422204017639 -0.6153651475906372
v 0.16334198415279388 0.8106979131698608 -0.6208692789077759
v 0.09974085539579391 0.8321020007133484 -0.562077522277832
v 0.12178397923707962 0.829114556312561 -0.5839420557022095
v 0.1083836778998375 0.8287283182144165 -0.5940271615982056
v 0.11618824303150177 0.8269806504249573 -0.5874537825584412
v 0.1352415680885315 0.855053186416626 -0.5814996361732483
v 0.14809376001358032 0.8306500315666199 -0.6013902425765991
v 0.11151647567749023 0.8427808880805969 -0.5592141151428223
v 0.12739478051662445 0.8376374840736389 -0.5823416709899902
v 0.17826664447784424 0.8396495580673218 -0.6116214990615845
v 0.17070284485816956 0.82240891456604 -0.6128183603286743
v 0.08236207813024521 0.83659827709198 -0.5381614565849304
v 0.09056605398654938 0.8345583081245422 -0.512932538986206
v 0.09748052805662155 0.8369497656822205 -0.5360530614852905
v 0.09126677364110947 0.8348122835159302 -0.5368056893348694
v 0.10431590676307678 0.8333974480628967 -0.4934338927268982
v 0.08717452734708786 0.8314305543899536 -0.4892750680446625
v 0.09743877500295639 0.8307868838310242 -0.49175572395324707
v 0.11832680553197861 0.8592792749404907 -0.4944474697113037
v 0.10299403220415115 0.8453624844551086 -0.513274610042572
v 0.1104104295372963 0.8419864177703857 -0.49432456493377686
v 0.11131363362073898 0.8629162311553955 -0.5349327325820923
v 0.10337291657924652 0.8454911708831787 -0.5355485677719116
v 0.24131342768669128 0.7671068906784058 -0.5046531558036804
v 0.26218751072883606 0.7619796395301819 -0.503573477268219
v 0.2689453065395355 0.7552868127822876 -0.5367558598518372
v 0.25163042545318604 0.7619310021400452 -0.5176039934158325
v 0.23413929343223572 0.7684509754180908 -0.4802418649196625
v 0.23409754037857056 0.7736431956291199 -0.4957498610019684
v 0.25022366642951965 0.75928795337677 -0.45672470331192017
v 0.25913625955581665 0.7625097036361694 -0.4767034947872162
v 0.23880374431610107 0.76429682970047 -0.46764594316482544
v 0.3063375651836395 0.7629329562187195 -0.5071280598640442
v 0.3074497580528259 0.762974739074707 -0.4796028733253479
v 0.2791649103164673 0.7627300024032593 -0.49048930406570435
v 0.32356080412864685 0.7518447041511536 -0.5480841398239136
v 0.3222421705722809 0.7242928743362427 -0.5948041677474976
v 0.2723897397518158 0.7420380115509033 -0.5794527530670166
v 0.29715242981910706 0.7443424463272095 -0.5642578601837158
v 0.3608718514442444 0.7662602663040161 -0.4981400966644287
v 0.39890891313552856 0.7580632567405701 -0.5370469689369202
v 0.34810781478881836 0.7610948085784912 -0.52474445104599
v 0.43531885743141174 0.7366440296173096 -0.5735079050064087
v 0.46700865030288696 0.760412871837616 -0.4981725513935089
v 0.45317649841308594 0.7546861171722412 -0.5377416014671326
v 0.36878010630607605 0.7017347812652588 -0.6111031174659729
v 0.41542354226112366 0.7069165110588074 -0.6008602976799011
v 0.29948580265045166 0.6849244832992554 -0.6381319165229797
v 0.3302072584629059 0.6903334856033325 -0.6230901479721069
v 0.21284537017345428 0.7558562755584717 -0.4433564245700836
v 0.288369745016098 0.7362091541290283 -0.4337595999240875
v 0.32168319821357727 0.7541596293449402 -0.4528558552265167
v 0.2705318331718445 0.7515304684638977 -0.44624069333076477
v 0.3825334310531616 0.7074001431465149 -0.4089505076408386
v 0.20733661949634552 0.7134342789649963 -0.41725653409957886
v 0.29238361120224 0.7085076570510864 -0.4168483316898346
v 0.4743358790874481 0.7343466281890869 -0.42639991641044617
v 0.46322211623191833 0.7051525712013245 -0.40406686067581177
v 0.40894293785095215 0.7582708597183228 -0.466122031211853
v 0.47482994198799133 0.7532004714012146 -0.45941415429115295
v 0.3519291281700134 0.7615088224411011 -0.47216546535491943
v 0.0817621499300003 0.8220064640045166 -0.462923526763916
v 0.06989282369613647 0.8053897619247437 -0.430439293384552
v 0.12379148602485657 0.7875959873199463 -0.43179851770401
v 0.0980500727891922 0.8060740232467651 -0.4429458975791931
v 2.8074944591338635e-09 0.8124584555625916 -0.40995022654533386
v 0.04170855134725571 0.787205159664154 -0.38419246673583984
v 0.0300075002014637 0.8251412510871887 -0.4477808475494385
v 0.0363042950630188 0.8093317151069641 -0.41694343090057373
v 0.08949550986289978 0.7435863018035889 -0.37336280941963196
v 2.8074944591338635e-09 0.7625131607055664 -0.3348705768585205
v 0.04320507496595383 0.7567515969276428 -0.3476097285747528
v 0.1488545536994934 0.7546570897102356 -0.4208865165710449
v 0.14195643365383148 0.7271377444267273 -0.3996703028678894
v 0.16299405694007874 0.7693672180175781 -0.43523943424224854
v 0.03129051625728607 0.8463726043701172 -0.5802296996116638
v 0.07510039210319519 0.836219072341919 -0.6150972247123718
v 0.0507984533905983 0.829365074634552 -0.6619401574134827
v 2.8074944591338635e-09 0.8446897864341736 -0.6213864684104919
v 0.04085034504532814 0.8416826128959656 -0.6201606392860413
v 0.12228962779045105 0.822668731212616 -0.6326208710670471
v 0.07813484221696854 0.8374855518341064 -0.5715200901031494
v 0.09614972770214081 0.831855058670044 -0.6048138737678528
v 0.19013655185699463 0.7940104603767395 -0.6491366624832153
v 0.15557639300823212 0.8021448850631714 -0.6706474423408508
v 0.15640445053577423 0.8096610903739929 -0.6471998691558838
v 0.1123284101486206 0.7960550785064697 -0.7017887234687805
v 0.20470865070819855 0.7625839114189148 -0.700493335723877
v 0.16279807686805725 0.7811988592147827 -0.7022932171821594
v 2.8074944591338635e-09 0.809197187423706 -0.7054036259651184
v 0.057303186506032944 0.8056866526603699 -0.703782320022583
v 0.05002131313085556 0.8343322277069092 -0.4822806715965271
v 0.024306349456310272 0.8439568877220154 -0.5103683471679688
v 2.8074944591338635e-09 0.8379552364349365 -0.47679629921913147
v 0.02583337388932705 0.8366493582725525 -0.47861939668655396
v 0.06622736155986786 0.8383715748786926 -0.5118957161903381
v 0.07091861218214035 0.8326018452644348 -0.48597559332847595
v 0.049537356942892075 0.843639075756073 -0.5427412390708923
v 0.06839676201343536 0.8398293852806091 -0.5404786467552185
v 2.8074944591338635e-09 0.8488556146621704 -0.5442651510238647
v 0.02595062367618084 0.8471635580062866 -0.5439357757568359
v 0.2230556756258011 0.7634201049804688 -0.6632993817329407
v 0.25617775321006775 0.7196597456932068 -0.6768462061882019
v 0.23405811190605164 0.7416762113571167 -0.6915876865386963
v 0.2348501980304718 0.760841965675354 -0.6211475729942322
v 0.21512772142887115 0.7768950462341309 -0.6390132904052734
v 0.2657502293586731 0.727728009223938 -0.6285479068756104
v 0.25278088450431824 0.7483806014060974 -0.5998547673225403
v 0.2763977646827698 0.697721004486084 -0.6575389504432678
v 0.21181203424930573 0.8595935702323914 -0.6101451516151428
v 0.24186314642429352 0.885021984577179 -0.5920602083206177
v 0.24140387773513794 0.8432169556617737 -0.5709425210952759
v 0.22939132153987885 0.850974440574646 -0.5954803228378296
v 0.2614453136920929 0.9142879247665405 -0.5647541880607605
v 0.2343689203262329 0.9227365851402283 -0.5978971123695374
v 0.250544935464859 0.9177079796791077 -0.585243284702301
v 0.2571287751197815 0.9078270196914673 -0.5180887579917908
v 0.2571020722389221 0.8741610646247864 -0.5414713621139526
v 0.26351773738861084 0.9091386795043945 -0.5409460067749023
v 0.24061410129070282 0.8361854553222656 -0.5133163928985596
v 0.2461066097021103 0.8369776010513306 -0.5413113236427307
v 0.13180874288082123 0.889090359210968 -0.5573689937591553
v 0.1625811904668808 0.9168057441711426 -0.5777919888496399
v 0.16803312301635742 0.8767426609992981 -0.5990302562713623
v 0.14754752814769745 0.8838680386543274 -0.5802645683288574
v 0.19762729108333588 0.9424116015434265 -0.5890216827392578
v 0.16384531557559967 0.9489954113960266 -0.5535650849342346
v 0.17861224710941315 0.9465900659561157 -0.5732353925704956
v 0.2041368931531906 0.9017581343650818 -0.60637366771698
v 0.21647070348262787 0.9327161312103271 -0.5981998443603516
v 0.19040675461292267 0.8684180378913879 -0.610160231590271
v 0.14603522419929504 0.8811194896697998 -0.48174604773521423
v 0.1463993787765503 0.9206293821334839 -0.49417844414711
v 0.12325452268123627 0.8914364576339722 -0.5119247436523438
v 0.13066987693309784 0.8880013823509216 -0.4938177466392517
v 0.15854299068450928 0.9551199078559875 -0.5131714344024658
v 0.17723679542541504 0.941342294216156 -0.48700079321861267
v 0.1644715666770935 0.9496402144432068 -0.4972725808620453
v 0.13947460055351257 0.9243579506874084 -0.5329136252403259
v 0.1577450931072235 0.9533722400665283 -0.5327396392822266
v 0.12367202341556549 0.8917055130004883 -0.5338483452796936
v 0.23394793272018433 0.8817028403282166 -0.49629029631614685
v 0.19633997976779938 0.8578423857688904 -0.48202550411224365
v 0.22204092144966125 0.8447698354721069 -0.49368786811828613
v 0.22236216068267822 0.9269963502883911 -0.4889039397239685
v 0.2426506131887436 0.9159197211265564 -0.5004514455795288
v 0.18407808244228363 0.9038816094398499 -0.4795633852481842
v 0.19854579865932465 0.9346320629119873 -0.48431599140167236
v 0.16946540772914886 0.8705136775970459 -0.4779305160045624
v 0.21297524869441986 -0.6476607918739319 0.39549756050109863
v 0.2378736436367035 -0.6550228595733643 0.3272157311439514
v 0.26484331488609314 -0.6368659734725952 0.26398104429244995
v 0.24732549488544464 -0.6416463851928711 0.330737829208374
v 0.11943086981773376 -0.6595295667648315 0.5098418593406677
v 0.1653309464454651 -0.6606266498565674 0.4422476887702942
v 0.1667550951242447 -0.6554936766624451 0.45758405327796936
v 0.15312355756759644 -0.6774405241012573 0.4214779734611511
v 0.19815266132354736 -0.6698605418205261 0.3808964788913727
v 0.12705150246620178 -0.6668753623962402 0.46636438369750977
v 0.1633477807044983 -0.6685001254081726 0.429056853055954
v 0.23967471718788147 -0.6673948764801025 0.26125451922416687
v 0.20513543486595154 -0.6859680414199829 0.32082435488700867
v 0.22611971199512482 -0.6698605418205261 0.32365062832832336
v 0.051027849316596985 -0.6458516716957092 0.5667721033096313
v 0.08766359090805054 -0.65913987159729 0.5168512463569641
v 0.08176853507757187 -0.6541483998298645 0.5451152324676514
v 2.8074944591338635e-09 -0.6396864652633667 0.5813233256340027
v 0.0276328232139349 -0.6535070538520813 0.5460221171379089
v 0.024468595162034035 -0.6411442756652832 0.5781816840171814
v 0.038161493837833405 -0.6796753406524658 0.4773622155189514
v 0.0637102723121643 -0.665755033493042 0.5059775710105896
v 2.8074944591338635e-09 -0.6654163599014282 0.5162957906723022
v 0.03204631805419922 -0.665513813495636 0.5140064358711243
v 0.10643578320741653 -0.6749668717384338 0.4617486596107483
v 0.09460913389921188 -0.6660844087600708 0.4910505712032318
v 0.07624226808547974 -0.6298263669013977 -0.08539086580276489
v 0.0368385836482048 -0.6359045505523682 -0.06851669400930405
v 2.8074944591338635e-09 -0.6314268708229065 -0.11502690613269806
v 0.037493254989385605 -0.6304004788398743 -0.10740615427494049
v 0.1600610911846161 -0.6342148184776306 -0.0012461637379601598
v 0.11193757504224777 -0.6353038549423218 -0.02051982842385769
v 0.11750338971614838 -0.6322107911109924 -0.04982985556125641
v 0.11380243301391602 -0.6497367024421692 0.04328309744596481
v 0.07377353310585022 -0.6413275003433228 -0.012982688844203949
v 0.14392566680908203 -0.6421288847923279 0.04097174108028412
v 0.10927052795886993 -0.6407163143157959 0.009002448059618473
v 2.8074944591338635e-09 -0.6433106660842896 -0.030969060957431793
v 0.03985784575343132 -0.6543954014778137 0.02072853595018387
v 0.037164703011512756 -0.6425474882125854 -0.026402011513710022
v 0.23851265013217926 -0.6307680606842041 0.12751828134059906
v 0.1896587312221527 -0.6386102437973022 0.07260357588529587
v 0.20270462334156036 -0.632497251033783 0.05983602628111839
v 0.24713413417339325 -0.6464268565177917 0.19680097699165344
v 0.26056620478630066 -0.6327314972877502 0.19590447843074799
v 0.2068321257829666 -0.6773895025253296 0.19796301424503326
v 0.20821568369865417 -0.6538503170013428 0.13720206916332245
v 0.23123878240585327 -0.6613584756851196 0.19763830304145813
v 0.16049019992351532 -0.655888020992279 0.09058646112680435
v 0.17800918221473694 -0.6469742655754089 0.08434243500232697
v 2.8074944591338635e-09 -0.7008521556854248 0.43246880173683167
v 0.054842106997966766 -0.7170270085334778 0.37797972559928894
v 0.08978207409381866 -0.6929728984832764 0.4280872941017151
v 0.04643077030777931 -0.6985036730766296 0.4313206374645233
v 0.06404288113117218 -0.7332865595817566 0.25779613852500916
v 0.11872690916061401 -0.7187967300415039 0.3192169964313507
v 2.8074944591338635e-09 -0.7349786162376404 0.31967854499816895
v 0.06138348951935768 -0.7302781939506531 0.31943854689598083
v 0.149675652384758 -0.6960055828094482 0.3753644824028015
v 0.17602023482322693 -0.7037642598152161 0.25898024439811707
v 0.16799136996269226 -0.7031530737876892 0.3195115327835083
v 0.12697379291057587 -0.6857755184173584 0.4229809641838074
v 2.8074944591338635e-09 -0.7256902456283569 0.1946287751197815
v 0.05409129336476326 -0.6997829079627991 0.13345728814601898
v 0.11797656118869781 -0.7097960114479065 0.19621644914150238
v 0.06080825999379158 -0.7210803031921387 0.19515180587768555
v 0.09033840149641037 -0.6702084541320801 0.07946457713842392
v 2.8074944591338635e-09 -0.677854597568512 0.07291671633720398
v 0.046303894370794296 -0.6755141615867615 0.0746655985713005
v 0.15023231506347656 -0.6795118451118469 0.1385960876941681
v 0.12983371317386627 -0.6636489629745483 0.08686600625514984
v 0.16786380112171173 -0.6943843364715576 0.19732166826725006
v 0.18865440785884857 -0.1539112776517868 0.8747217655181885
v 0.1599242389202118 -0.15400430560112 0.8903363943099976
v 0.16125214099884033 -0.1717909425497055 0.8933494091033936
v 0.1909286379814148 -0.1779208481311798 0.8788723945617676
v 0.17396865785121918 -0.1636701077222824 0.8856661319732666
v 0.1267951875925064 -0.15471671521663666 0.9056820273399353
v 0.1420236974954605 -0.16338366270065308 0.9006603956222534
v 0.1518884301185608 -0.13512307405471802 0.8854539394378662
v 0.1440068632364273 -0.1511780023574829 0.8963647484779358
v 0.15507307648658752 -0.1939263790845871 0.8953871130943298
v 0.1273982673883438 -0.1793479174375534 0.9079899787902832
v 0.14525125920772552 -0.17598316073417664 0.900261402130127
v 0.20038166642189026 -0.21366186439990997 0.8747843503952026
v 0.24808859825134277 -0.20989839732646942 0.8460112810134888
v 0.2188771516084671 -0.1698327362537384 0.8609985709190369
v 0.21559856832027435 -0.19450172781944275 0.8664748668670654
v 0.13888777792453766 -0.22507807612419128 0.8984615206718445
v 0.19006000459194183 -0.2597288191318512 0.8766631484031677
v 0.17287619411945343 -0.22216318547725677 0.8862587809562683
v 0.2433905154466629 -0.306795597076416 0.8487980961799622
v 0.15424616634845734 -0.3062748610973358 0.8855757117271423
v 0.19802972674369812 -0.3056567311286926 0.870388925075531
v 0.28695371747016907 -0.26460549235343933 0.8180662393569946
v 0.28912243247032166 -0.3131057322025299 0.8179572224617004
v 0.2870545983314514 -0.17932216823101044 0.8100292682647705
v 0.2885100841522217 -0.22059662640094757 0.8150196075439453
v 0.2396492063999176 -0.13896946609020233 0.8348104953765869
v 0.19246181845664978 -0.123743936419487 0.8591603636741638
v 0.21056532859802246 -0.14480479061603546 0.8580250144004822
v 0.26163315773010254 -0.10026243329048157 0.7944180965423584
v 0.2758515477180481 -0.13902373611927032 0.8043117523193359
v 0.2186196893453598 -0.05495870113372803 0.7984852194786072
v 0.2511317729949951 -0.06359908729791641 0.7768979072570801
v 0.14927321672439575 -0.029330020770430565 0.8225370049476624
v 0.17980213463306427 -0.07973195612430573 0.8408203125
v 0.1845918595790863 -0.04238622635602951 0.8126723170280457
v 0.13533897697925568 -0.10247787833213806 0.8753073811531067
v 0.1663607805967331 -0.11097598075866699 0.8660097718238831
v 0.03159599006175995 -0.11738806962966919 0.9185261726379395
v 0.0685466006398201 -0.08764275908470154 0.8908223509788513
v 0.03643070533871651 -0.04679298773407936 0.8711868524551392
v 2.8074944591338635e-09 -0.08317277580499649 0.8977842330932617
v 0.03434259444475174 -0.08414800465106964 0.8958057165145874
v 0.10895068198442459 -0.0576934739947319 0.8592891097068787
v 0.09312327951192856 -0.12567158043384552 0.9064567685127258
v 0.10247331112623215 -0.09422646462917328 0.8837839365005493
v 0.0757032185792923 -0.012075223959982395 0.838007926940918
v 0.11288821697235107 -0.01923810876905918 0.8311609029769897
v 2.8074944591338635e-09 -0.006394482217729092 0.8442345261573792
v 0.03798486664891243 -0.007805769797414541 0.8425448536872864
v 0.07433878630399704 -0.30338478088378906 0.9053840041160583
v 0.03640623390674591 -0.2607702612876892 0.9169303178787231
v 2.8074944591338635e-09 -0.3007069528102875 0.9117822647094727
v 0.03682130202651024 -0.3015906810760498 0.910208523273468
v 0.11093150079250336 -0.26288098096847534 0.9031213521957397
v 0.11324843019247055 -0.3052322268486023 0.8972066640853882
v 0.09394089132547379 -0.20451456308364868 0.915611743927002
v 0.06931748241186142 -0.22870050370693207 0.9171599745750427
v 0.10422219336032867 -0.2274789661169052 0.9089537262916565
v 2.8074944591338635e-09 -0.2273055762052536 0.9244523644447327
v 0.03175174444913864 -0.20764826238155365 0.9282134175300598
v 0.03460945188999176 -0.2280779629945755 0.9224982857704163
v 0.11087073385715485 -0.17472970485687256 0.9192231297492981
v 0.09153443574905396 -0.192291259765625 0.9296491742134094
v 0.10026261955499649 -0.1936558037996292 0.9190155863761902
v 0.10912556946277618 -0.18498632311820984 0.9181225299835205
v 0.09986123442649841 -0.1549515575170517 0.9229157567024231
v 0.09143655747175217 -0.17603997886180878 0.9362376928329468
v 0.10887250304222107 -0.1641458421945572 0.9202194213867188
v 0.06088723614811897 -0.19620294868946075 0.9622853398323059
v 0.07727871835231781 -0.19410961866378784 0.9455155730247498
v 0.06939993798732758 -0.1815982609987259 0.9559996128082275
v 0.07568535953760147 -0.18697375059127808 0.9500036835670471
v 0.0694669708609581 -0.20678693056106567 0.9401459097862244
v 0.06091820076107979 -0.20933638513088226 0.952694296836853
v 0.07572455704212189 -0.20065565407276154 0.9415608048439026
v 0.05522482097148895 -0.1453881412744522 0.9361912608146667
v 0.06756604462862015 -0.16626398265361786 0.949296236038208
v 0.0805676206946373 -0.1488637626171112 0.9291191697120667
v 2.8074944591338635e-09 -0.1438809484243393 0.9436715841293335
v 0.024243954569101334 -0.1654282957315445 0.96236652135849
v 0.028066331520676613 -0.14403043687343597 0.9414680004119873
v 0.017681585624814034 -0.19790451228618622 0.9888665676116943
v 0.03999306634068489 -0.18137837946414948 0.9729781150817871
v 2.8074944591338635e-09 -0.1838415414094925 0.9812585711479187
v 0.020618848502635956 -0.1829352080821991 0.978927493095398
v 0.049470555037260056 -0.19219709932804108 0.9731985330581665
v 0.05687802657485008 -0.18033286929130554 0.9645004272460938
v 0.05541872978210449 -0.20271186530590057 0.9303589463233948
v 0.02429370768368244 -0.20984238386154175 0.9437990784645081
v 2.8074944591338635e-09 -0.20348331332206726 0.9375481605529785
v 0.028153426945209503 -0.20361459255218506 0.9353736042976379
v 0.0677136778831482 -0.2047422081232071 0.9334461688995361
v 0.08090776950120926 -0.19947826862335205 0.924000084400177
v 0.04952216148376465 -0.21854284405708313 0.9529495239257812
v 0.04005163535475731 -0.21744398772716522 0.9484960436820984
v 0.05694969743490219 -0.21267862617969513 0.9432772994041443
v 2.8074944591338635e-09 -0.22107037901878357 0.9556516408920288
v 0.017705358564853668 -0.2285439521074295 0.963769793510437
v 0.02065132185816765 -0.22019696235656738 0.9533321857452393
v 0.03148036450147629 -0.20793716609477997 0.9834968447685242
v 0.04579906165599823 -0.21175791323184967 0.9691973924636841
v 0.046310387551784515 -0.20298276841640472 0.973871111869812
v 2.8074944591338635e-09 -0.21326521039009094 0.992322564125061
v 0.015340075828135014 -0.2225506603717804 0.9844711422920227
v 0.015922147780656815 -0.21168950200080872 0.9899101853370667
v 0.03150274604558945 -0.2244000881910324 0.9692901372909546
v 2.8074944591338635e-09 -0.2303076684474945 0.9773503541946411
v 0.015934789553284645 -0.2287486493587494 0.9749495983123779
v 0.04633740708231926 -0.21759024262428284 0.9619026780128479
v -0.3958170413970947 -0.5554094910621643 0.20049124956130981
v -0.3685852587223053 -0.5745208263397217 0.1300407201051712
v -0.33590391278266907 -0.5972064137458801 0.19679398834705353
v -0.36313799023628235 -0.5887357592582703 0.26783832907676697
v -0.36797061562538147 -0.5801711082458496 0.19842228293418884
v -0.3624119758605957 -0.6094950437545776 0.01746504195034504
v -0.3187490403652191 -0.6050578951835632 0.06877528876066208
v -0.40623730421066284 -0.5420829653739929 0.059642352163791656
v -0.3671738803386688 -0.5791516900062561 0.06592347472906113
v -0.22593647241592407 -0.6266846656799316 0.053350772708654404
v -0.2917248606681824 -0.6093268394470215 0.12638406455516815
v -0.2434287965297699 -0.6501345634460449 0.010394121520221233
v -0.2681439518928528 -0.6192205548286438 0.06045765429735184
v -0.30342429876327515 -0.6148774027824402 0.26598042249679565
v -0.2775830328464508 -0.6204081177711487 0.19539999961853027
v -0.30423611402511597 -0.6095924377441406 0.19574211537837982
v -0.3189566731452942 -0.6087632179260254 0.3348293602466583
v -0.3379032611846924 -0.5988243222236633 0.3983226418495178
v -0.3805816173553467 -0.5690387487411499 0.336007684469223
v -0.351894348859787 -0.5928434729576111 0.3350590169429779
v -0.26140356063842773 -0.6299214959144592 0.3334423005580902
v -0.2586085796356201 -0.6290261745452881 0.4001028537750244
v -0.287037193775177 -0.6200417280197144 0.3345487117767334
v -0.19020961225032806 -0.6796046495437622 0.5080233812332153
v -0.2743520140647888 -0.6346009969711304 0.45359688997268677
v -0.18105697631835938 -0.6511828899383545 0.466717004776001
v -0.22167560458183289 -0.6457727551460266 0.4612998366355896
v -0.3654458820819855 -0.5806164145469666 0.46249204874038696
v -0.31288543343544006 -0.6476654410362244 0.4994378089904785
v -0.3248295485973358 -0.6130067110061646 0.45586884021759033
v -0.39375272393226624 -0.4176768958568573 -0.31734880805015564
v -0.32882601022720337 -0.3491375744342804 -0.35461917519569397
v -0.27307164669036865 -0.43230345845222473 -0.36714431643486023
v -0.34893354773521423 -0.508862316608429 -0.35233449935913086
v -0.33970433473587036 -0.4211711287498474 -0.35216981172561646
v -0.3119460344314575 -0.23991122841835022 -0.3552280366420746
v -0.2598355710506439 -0.3090246021747589 -0.38894155621528625
v -0.36937272548675537 -0.28184497356414795 -0.3108716905117035
v -0.3187548518180847 -0.28972771763801575 -0.35664987564086914
v -0.1427786946296692 -0.3587692081928253 -0.4214490056037903
v -0.20075741410255432 -0.38670724630355835 -0.3896524906158447
v -0.1994909793138504 -0.2835753262042999 -0.4213991165161133
v -0.19903521239757538 -0.3339635729789734 -0.4098423421382904
v -0.2045578807592392 -0.5243355631828308 -0.3475331664085388
v -0.13856305181980133 -0.462435781955719 -0.3563030958175659
v -0.2024112045764923 -0.44747626781463623 -0.36518552899360657
v -0.31693407893180847 -0.07061944156885147 -0.27509576082229614
v -0.2695947587490082 -0.11235982924699783 -0.34812578558921814
v -0.31298747658729553 -0.15639519691467285 -0.33196231722831726
v -0.35697633028030396 -0.12310938537120819 -0.26101621985435486
v -0.3158450722694397 -0.11557109653949738 -0.30820730328559875
v -0.17270222306251526 -0.11270071566104889 -0.41601791977882385
v -0.21209616959095 -0.1724240481853485 -0.4068641662597656
v -0.23084796965122223 -0.0470857098698616 -0.34716087579727173
v -0.22111313045024872 -0.11080536246299744 -0.3834049701690674
v -0.25839170813560486 -0.21085911989212036 -0.3883524537086487
v -0.15304352343082428 -0.2483019232749939 -0.4429829716682434
v -0.2043665200471878 -0.22987127304077148 -0.41996800899505615
v -0.35749587416648865 -0.19264532625675201 -0.2960410714149475
v -0.310855895280838 -0.1966543048620224 -0.3473174571990967
v -0.3118184506893158 -0.5790774822235107 0.8308314681053162
v -0.2483472228050232 -0.5075553059577942 0.8426039218902588
v -0.30513259768486023 -0.45483484864234924 0.8201909065246582
v -0.35779044032096863 -0.5138260126113892 0.7909979820251465
v -0.3096439838409424 -0.510155439376831 0.8244993090629578
v -0.12166104465723038 -0.5003718733787537 0.8459416627883911
v -0.1911258101463318 -0.4490187466144562 0.8546153903007507
v -0.17365089058876038 -0.5756539106369019 0.8431096076965332
v -0.1817655712366104 -0.5051870942115784 0.8475038409233093
v -0.19947823882102966 -0.3544190227985382 0.8656096458435059
v -0.24959394335746765 -0.40323466062545776 0.8434169292449951
v -0.1468876302242279 -0.3982303738594055 0.8717377185821533
v -0.1971030831336975 -0.4004848897457123 0.8605009913444519
v -0.34084436297416687 -0.4124082028865814 0.7814115881919861
v -0.29371729493141174 -0.36204659938812256 0.8170653581619263
v -0.2994382977485657 -0.4073772132396698 0.817761242389679
v -0.4360460042953491 -0.5146679878234863 -0.26335573196411133
v -0.44174495339393616 -0.44094231724739075 -0.18635176122188568
v -0.4157158136367798 -0.35149067640304565 -0.2552253007888794
v -0.4266614317893982 -0.42541348934173584 -0.2597692608833313
v -0.43559253215789795 -0.4802597761154175 -0.020198583602905273
v -0.4433129131793976 -0.3948996067047119 -0.1021479070186615
v -0.43974441289901733 -0.5416573882102966 -0.10555057227611542
v -0.4423225224018097 -0.4608272314071655 -0.10401739925146103
v -0.43956929445266724 -0.2931837737560272 -0.09346495568752289
v -0.42864224314689636 -0.3122672140598297 -0.17714959383010864
v -0.44671326875686646 -0.36842280626296997 -0.017779355868697166
v -0.4417206048965454 -0.33981674909591675 -0.09837760031223297
v -0.39735716581344604 -0.2426435798406601 -0.2424076497554779
v -0.40526312589645386 -0.2911507189273834 -0.24950966238975525
v -0.40753620862960815 -0.5303441286087036 0.271910160779953
v -0.4267426133155823 -0.4762076139450073 0.20536097884178162
v -0.4218299686908722 -0.5065533518791199 0.13141962885856628
v -0.41482630372047424 -0.5198427438735962 0.20286637544631958
v -0.4362791180610657 -0.37569206953048706 0.20997095108032227
v -0.44079166650772095 -0.4124046564102173 0.1352224200963974
v -0.4251050651073456 -0.43696328997612 0.27785035967826843
v -0.4333113431930542 -0.4272458851337433 0.2077917903661728
v -0.4401491582393646 -0.44252654910087585 0.05836200714111328
v -0.44812002778053284 -0.3448360860347748 0.06231091544032097
v -0.44583189487457275 -0.3927077054977417 0.06005985289812088
v -0.42875707149505615 -0.4944305419921875 0.05767195671796799
v -0.4165113866329193 -0.17210906744003296 0.22169704735279083
v -0.4363173842430115 -0.21615876257419586 0.14574354887008667
v -0.43534088134765625 -0.27314695715904236 0.21376097202301025
v -0.4216003119945526 -0.22648505866527557 0.28704822063446045
v -0.42881736159324646 -0.22238193452358246 0.216842383146286
v -0.4407846927642822 -0.19382153451442719 0.002070695161819458
v -0.4476514756679535 -0.2532435655593872 0.06820818781852722
v -0.42832329869270325 -0.15855276584625244 0.08329635858535767
v -0.4412555694580078 -0.20693281292915344 0.07405325025320053
v -0.4449133574962616 -0.3137342929840088 0.13900431990623474
v -0.4481559991836548 -0.2786591947078705 -0.011125955730676651
v -0.4493331015110016 -0.298780620098114 0.06466053426265717
v -0.42927080392837524 -0.33120572566986084 0.2826075851917267
v -0.4373924732208252 -0.32428789138793945 0.21171633899211884
v -0.3925558626651764 -0.17088554799556732 -0.22150713205337524
v -0.41514408588409424 -0.15623632073402405 -0.1393887996673584
v -0.38388684391975403 -0.09950372576713562 -0.1790447235107422
v -0.3900960683822632 -0.1376449167728424 -0.20391863584518433
v -0.42101117968559265 -0.22600041329860687 -0.16338816285133362
v -0.3940484821796417 -0.20422032475471497 -0.23370516300201416
v -0.43719762563705444 -0.214665949344635 -0.08085861057043076
v -0.43888038396835327 -0.2526068687438965 -0.0881684422492981
v -0.42101117968559265 -0.13301584124565125 -0.05366510525345802
v -0.4320611357688904 -0.17594222724437714 -0.0699002593755722
v -0.3765990734100342 -0.4646207094192505 0.735637903213501
v -0.3953670859336853 -0.5260148644447327 0.6764798164367676
v -0.39064809679985046 -0.5875064134597778 0.7447789907455444
v -0.3849213123321533 -0.5194043517112732 0.7399046421051025
v -0.36151087284088135 -0.3736776113510132 0.7299830913543701
v -0.38450613617897034 -0.42338624596595764 0.6737369298934937
v -0.3680158257484436 -0.41782301664352417 0.7322433590888977
v -0.3996557891368866 -0.43401405215263367 0.5426298975944519
v -0.39509454369544983 -0.47751811146736145 0.6078152060508728
v -0.39278551936149597 -0.38243943452835083 0.6108757853507996
v -0.39386871457099915 -0.4288613498210907 0.6093727946281433
v -0.3895938992500305 -0.6004873514175415 0.6061463952064514
v -0.38818249106407166 -0.5372642874717712 0.5344305634498596
v -0.39345583319664 -0.5327761173248291 0.6059816479682922
v -0.3529033064842224 -0.18510577082633972 0.7255157828330994
v -0.38056766986846924 -0.23338933289051056 0.673920214176178
v -0.35923200845718384 -0.27894333004951477 0.7286470532417297
v -0.32818466424942017 -0.22750946879386902 0.7750226259231567
v -0.35843294858932495 -0.23154975473880768 0.7275429368019104
v -0.40574440360069275 -0.2331537902355194 0.553595244884491
v -0.3969326913356781 -0.28403109312057495 0.6141555309295654
v -0.3886243402957916 -0.18372301757335663 0.6163299679756165
v -0.39590173959732056 -0.23370014131069183 0.615491509437561
v -0.3804667890071869 -0.33103522658348083 0.6732928156852722
v -0.40462177991867065 -0.3357495665550232 0.5488913059234619
v -0.39484983682632446 -0.33388587832450867 0.612543523311615
v -0.3296563923358917 -0.32099074125289917 0.7780159115791321
v -0.35941988229751587 -0.32685205340385437 0.7291225790977478
v -0.42237505316734314 -0.2819203734397888 0.3537156879901886
v -0.41472193598747253 -0.23124217987060547 0.4236455261707306
v -0.4069366157054901 -0.1782768964767456 0.3590029180049896
v -0.41750994324684143 -0.22935077548027039 0.3560607135295868
v -0.4210459589958191 -0.3886219561100006 0.348905086517334
v -0.4176073372364044 -0.33699047565460205 0.4186446964740753
v -0.42304766178131104 -0.33525437116622925 0.3514901101589203
v -0.41366541385650635 -0.2846643030643463 0.4871214032173157
v -0.40829697251319885 -0.38854658603668213 0.48104551434516907
v -0.4118364751338959 -0.33696961402893066 0.4843519330024719
v -0.4026954472064972 -0.18102987110614777 0.4919064939022064
v -0.4114097058773041 -0.2324221134185791 0.48956727981567383
v -0.3929281532764435 -0.535041093826294 0.40344175696372986
v -0.4114885628223419 -0.49065566062927246 0.3418017327785492
v -0.3997485637664795 -0.534107506275177 0.33845004439353943
v -0.3999248445034027 -0.48787224292755127 0.4724855422973633
v -0.38853970170021057 -0.5370566844940186 0.4678419530391693
v -0.4114120602607727 -0.44143640995025635 0.4115668535232544
v -0.4054185152053833 -0.4386078119277954 0.476988822221756
v -0.417890340089798 -0.4412913918495178 0.34548041224479675
v -0.31315332651138306 0.09374161064624786 -0.0486515536904335
v -0.2905547022819519 0.13565334677696228 0.007835744880139828
v -0.2666003406047821 0.16767367720603943 -0.041201408952474594
v -0.2935340702533722 0.11651768535375595 -0.08730211108922958
v -0.2912053167819977 0.1330300271511078 -0.03991062566637993
v -0.287234365940094 0.11394307017326355 0.10674044489860535
v -0.26017770171165466 0.16884617507457733 0.06454687565565109
v -0.31757888197898865 0.08118513971567154 0.04314392805099487
v -0.28915488719940186 0.1284942924976349 0.05669545382261276
v -0.19265782833099365 0.22433264553546906 0.07228231430053711
v -0.23313960433006287 0.20507286489009857 0.01304759830236435
v -0.2241191565990448 0.18783339858055115 0.12248966842889786
v -0.22866997122764587 0.20115527510643005 0.06898169964551926
v -0.2417413592338562 0.1763380765914917 -0.10855939984321594
v -0.20172114670276642 0.22363097965717316 -0.04819926619529724
v -0.2374468594789505 0.1984902024269104 -0.04647010192275047
v -0.2771005928516388 0.039584215730428696 0.324259489774704
v -0.24642089009284973 0.0881284847855568 0.27403247356414795
v -0.28255948424339294 0.07322702556848526 0.2110796570777893
v -0.31202372908592224 0.014755409210920334 0.25756770372390747
v -0.2799036502838135 0.05382926017045975 0.2663272023200989
v -0.17325659096240997 0.13878695666790009 0.2858606278896332
v -0.21516482532024384 0.1409452259540558 0.22699356079101562
v -0.20735980570316315 0.09829588979482651 0.33678120374679565
v -0.21104776859283447 0.11674846708774567 0.28057917952537537
v -0.2532181143760681 0.13396243751049042 0.16752339899539948
v -0.1826632171869278 0.18970519304275513 0.18016338348388672
v -0.21956951916217804 0.16620197892189026 0.1747288554906845
v -0.3163889944553375 0.04889921471476555 0.14577950537204742
v -0.28501927852630615 0.09439337998628616 0.1580425351858139
v -0.24587814509868622 -0.03176036849617958 0.7513303756713867
v -0.2187565416097641 0.010834340006113052 0.7285380363464355
v -0.25247588753700256 0.010616309009492397 0.6751657724380493
v -0.27353090047836304 -0.030600862577557564 0.7100669145584106
v -0.2473997175693512 -0.007472687866538763 0.7172943949699402
v -0.1537463217973709 0.040814705193042755 0.7476087808609009
v -0.19015973806381226 0.05269155278801918 0.6916096806526184
v -0.18555673956871033 -0.0048341769725084305 0.7793635129928589
v -0.18752135336399078 0.027028894051909447 0.7386927008628845
v -0.1961555778980255 0.0833631306886673 0.5819994807243347
v -0.22616609930992126 0.05017029866576195 0.631872832775116
v -0.15823683142662048 0.08889738470315933 0.6460100412368774
v -0.19314607977867126 0.0716404989361763 0.6390619874000549
v -0.2888997495174408 -0.007919421419501305 0.6202870011329651
v -0.2630445659160614 0.03169451653957367 0.5695949196815491
v -0.25788721442222595 0.023860501125454903 0.6253214478492737
v -0.306636780500412 -0.0011573458323255181 0.3792821168899536
v -0.2710142731666565 0.03307576850056648 0.44781097769737244
v -0.2401142418384552 0.06444434076547623 0.391320139169693
v -0.27420008182525635 0.03387598693370819 0.3853556215763092
v -0.23380181193351746 0.06285782158374786 0.5155628323554993
v -0.29987895488739014 -0.000745633093174547 0.5046380758285522
v -0.26735880970954895 0.03355821594595909 0.5098243951797485
v -0.1621984988451004 0.10722354799509048 0.526768147945404
v -0.20148688554763794 0.08813776820898056 0.45904648303985596
v -0.19886356592178345 0.08734914660453796 0.5213707685470581
v -0.16646631062030792 0.11108895391225815 0.4017902612686157
v -0.20424707233905792 0.09027399122714996 0.3968927264213562
v -0.3918008804321289 -0.12701264023780823 0.2959572970867157
v -0.37219321727752686 -0.07419780641794205 0.23807020485401154
v -0.4029158055782318 -0.11571018397808075 0.1626490354537964
v -0.39711594581604004 -0.12244206666946411 0.22906135022640228
v -0.34646445512771606 -0.01571122743189335 0.18798579275608063
v -0.34007197618484497 -0.0369516983628273 0.3097071647644043
v -0.34330764412879944 -0.028193248435854912 0.24786071479320526
v -0.3493243455886841 0.013995778746902943 0.07471892982721329
v -0.37973150610923767 -0.05367220193147659 0.11332888156175613
v -0.34873637557029724 -0.0011121116112917662 0.13022510707378387
v -0.40731701254844666 -0.09573063999414444 0.03254161775112152
v -0.40703749656677246 -0.10680903494358063 0.0970369204878807
v -0.3583413064479828 -0.13777945935726166 0.6718628406524658
v -0.3482573926448822 -0.08854224532842636 0.6166304349899292
v -0.38053518533706665 -0.13244269788265228 0.5569665431976318
v -0.3719716966152191 -0.1349274218082428 0.6164494156837463
v -0.31139981746673584 -0.14077922701835632 0.7667316198348999
v -0.318797767162323 -0.09816724807024002 0.7177628874778748
v -0.3385237157344818 -0.14004720747470856 0.7222685217857361
v -0.3100452125072479 -0.052885785698890686 0.6685575842857361
v -0.27853402495384216 -0.0663512647151947 0.748019278049469
v -0.2972312867641449 -0.06125874072313309 0.7119596004486084
v -0.3268823027610779 -0.041185200214385986 0.561028003692627
v -0.319795161485672 -0.04579654335975647 0.6176497936248779
v -0.27766188979148865 -0.0008940805564634502 -0.2649572193622589
v -0.24706456065177917 0.07776738703250885 -0.23529618978500366
v -0.2107856571674347 0.03750249370932579 -0.32264938950538635
v -0.24072659015655518 0.016664333641529083 -0.29570242762565613
v -0.3459402620792389 -0.03477335721254349 -0.1927238255739212
v -0.30765271186828613 0.035263027995824814 -0.18323799967765808
v -0.31375640630722046 -0.01797759160399437 -0.23167189955711365
v -0.27430444955825806 0.1076410636305809 -0.15359742939472198
v -0.3207693099975586 0.061011508107185364 -0.11046890169382095
v -0.29996365308761597 0.08201203495264053 -0.1350965052843094
v -0.2206898182630539 0.15550804138183594 -0.19421233236789703
v -0.24617503583431244 0.13354378938674927 -0.17220830917358398
v -0.335016667842865 -0.04072733595967293 0.43745794892311096
v -0.36080923676490784 -0.0840524360537529 0.49713343381881714
v -0.33170679211616516 -0.040245696902275085 0.5004850625991821
v -0.36553168296813965 -0.08330058306455612 0.36789000034332275
v -0.33755651116371155 -0.04037953168153763 0.373386025428772
v -0.3874669373035431 -0.13056202232837677 0.42942678928375244
v -0.38913464546203613 -0.12942995131015778 0.36302146315574646
v -0.3851509690284729 -0.1312769204378128 0.49435117840766907
v -0.37624531984329224 -0.027668695896863937 -0.0041872551664710045
v -0.3896135985851288 -0.06753894686698914 -0.09030931442975998
v -0.4015902280807495 -0.0824669674038887 -0.030519068241119385
v -0.3425816595554352 0.039984330534935 -0.02811957709491253
v -0.3474258780479431 0.028006557375192642 0.021607624366879463
v -0.3539378046989441 0.00013924509403295815 -0.1077900230884552
v -0.33433592319488525 0.048994313925504684 -0.07347805052995682
v -0.3711448013782501 -0.051467541605234146 -0.1449904441833496
v -0.205637589097023 0.11812159419059753 -0.2834111750125885
v -0.19371549785137177 0.09192545711994171 -0.3666549324989319
v -0.17284022271633148 0.018891027197241783 -0.4014110565185547
v -0.19567660987377167 0.06442693620920181 -0.3445398807525635
v -0.18516939878463745 0.21142126619815826 -0.1717306226491928
v -0.19417011737823486 0.18097122013568878 -0.2522040605545044
v -0.2029643952846527 0.1693204939365387 -0.2228931188583374
v -0.20780165493488312 0.21748670935630798 -0.29495567083358765
v -0.20546363294124603 0.15673388540744781 -0.33254125714302063
v -0.17363697290420532 0.22943545877933502 -0.22969262301921844
v -0.1954817771911621 0.1964525431394577 -0.27609893679618835
v -0.18562518060207367 0.07568798214197159 -0.45136210322380066
v -0.22605708241462708 0.1373024880886078 -0.42489224672317505
v -0.20321838557720184 0.11448350548744202 -0.3942740261554718
v -0.253042995929718 0.207626610994339 -0.37912672758102417
v -0.30642569065093994 0.19869433343410492 -0.48890161514282227
v -0.27033236622810364 0.12510554492473602 -0.5342403650283813
v -0.2641010880470276 0.16558267176151276 -0.4559999108314514
v -0.20093949139118195 0.2768605947494507 -0.2518872320652008
v -0.2615450322628021 0.28041401505470276 -0.32223963737487793
v -0.23203204572200775 0.2457970380783081 -0.3091524839401245
v -0.3099071979522705 0.3646770119667053 -0.35928595066070557
v -0.3203425407409668 0.28048014640808105 -0.4292656481266022
v -0.24879837036132812 0.3534983694553375 -0.26101550459861755
v -0.28971272706985474 0.32036352157592773 -0.3377673625946045
v -0.3556194007396698 0.19213949143886566 -0.616425096988678
v -0.3648984730243683 0.2791174352169037 -0.5634912848472595
v -0.3421050012111664 0.23601001501083374 -0.5249021649360657
v -0.32449090480804443 0.1207878440618515 -0.6498429775238037
v -0.2786279618740082 0.06511233747005463 -0.6738123893737793
v -0.22344186902046204 0.06594619899988174 -0.5821375250816345
v -0.2768593728542328 0.09163899719715118 -0.6083174347877502
v -0.38362473249435425 0.1931009143590927 -0.7408892512321472
v -0.356501966714859 0.12205890566110611 -0.7618491649627686
v -0.3615016043186188 0.15405721962451935 -0.6955795288085938
v -0.30084967613220215 0.07750993221998215 -0.8536562323570251
v -0.3081595003604889 0.06654113531112671 -0.7684040069580078
v -0.3546324670314789 0.13406218588352203 -0.8591290712356567
v -0.3373686373233795 0.0964437872171402 -0.8147134780883789
v -0.2266717553138733 0.029609322547912598 -0.6966858506202698
v -0.24755859375 0.030679751187562943 -0.7636444568634033
v -0.27057936787605286 0.04545248672366142 -0.7263101935386658
v -0.3821808695793152 0.2809927463531494 -0.7008423805236816
v -0.37228482961654663 0.289573609828949 -0.8173506855964661
v -0.3789440393447876 0.20534425973892212 -0.8457828164100647
v -0.3865925073623657 0.2395738959312439 -0.7811344861984253
v -0.2968648076057434 0.3787504732608795 -0.8778947591781616
v -0.33548638224601746 0.2966839373111725 -0.9025925397872925
v -0.3424065113067627 0.3871156573295593 -0.7857710719108582
v -0.34258514642715454 0.33919647336006165 -0.850577175617218
v -0.28604331612586975 0.24338361620903015 -0.9668639898300171
v -0.3438109755516052 0.22362053394317627 -0.9229481816291809
v -0.2789723873138428 0.29537808895111084 -0.9525099396705627
v -0.31812161207199097 0.26448965072631836 -0.94036865234375
v -0.31604689359664917 0.15843869745731354 -0.931144118309021
v -0.356381356716156 0.1782992035150528 -0.8955378532409668
v -0.3350619077682495 -0.8921217918395996 -0.32072946429252625
v -0.270992249250412 -0.9525487422943115 -0.2700142562389374
v -0.3343672454357147 -0.9538789391517639 -0.19037698209285736
v -0.38856637477874756 -0.8935030102729797 -0.25461968779563904
v -0.3346107602119446 -0.9369432926177979 -0.2625013589859009
v -0.158364400267601 -0.9023634195327759 -0.25671902298927307
v -0.20039789378643036 -0.9585921168327332 -0.19557642936706543
v -0.21738457679748535 -0.8960869312286377 -0.3192029893398285
v -0.2083270251750946 -0.9407773613929749 -0.2648632824420929
v -0.21196047961711884 -0.91651451587677 -0.06678753346204758
v -0.2637728750705719 -0.9599223136901855 -0.11593926697969437
v -0.1584560126066208 -0.9151332378387451 -0.13289670646190643
v -0.20433521270751953 -0.9499601721763611 -0.12475187331438065
v -0.3792850077152252 -0.9011526703834534 -0.12301678955554962
v -0.32026368379592896 -0.907427966594696 -0.0605330727994442
v -0.3260728120803833 -0.9436431527137756 -0.11861756443977356
v -0.3342559039592743 -0.9073792695999146 0.7480576038360596
v -0.28835931420326233 -0.9596648812294006 0.6929886341094971
v -0.23066703975200653 -0.95829176902771 0.7637732028961182
v -0.2854112386703491 -0.9059528112411499 0.8073537945747375
v -0.2862590253353119 -0.9450440406799316 0.7562371492385864
v -0.2793574333190918 -0.9181033968925476 0.5778650045394897
v -0.230101078748703 -0.9643188714981079 0.6276907920837402
v -0.32888633012771606 -0.9132707118988037 0.6325547695159912
v -0.28347912430763245 -0.9503452181816101 0.6297400593757629
v -0.1343659609556198 -0.9236712455749512 0.6433750987052917
v -0.17240765690803528 -0.9629446268081665 0.6984753012657166
v -0.1832105964422226 -0.9250977039337158 0.5840789079666138
v -0.17749425768852234 -0.9550676941871643 0.6355886459350586
v -0.18061742186546326 -0.9080391526222229 0.8103841543197632
v -0.13108853995800018 -0.9128718376159668 0.7556955814361572
v -0.17608170211315155 -0.9473866820335388 0.76054447889328
v -0.35245564579963684 -0.6970389485359192 0.5515714287757874
v -0.3743862807750702 -0.7757688760757446 0.6179571151733398
v -0.3971971571445465 -0.6800522804260254 0.6819884777069092
v -0.3841477632522583 -0.6865050196647644 0.6105788946151733
v -0.370805025100708 -0.8540534377098083 0.6878080368041992
v -0.32800838351249695 -0.8530200719833374 0.5771471261978149
v -0.35757705569267273 -0.8532183766365051 0.6269543170928955
v -0.3411911129951477 -0.837260365486145 0.8015097975730896
v -0.3842568099498749 -0.7649914026260376 0.7525306344032288
v -0.36605820059776306 -0.8450294733047485 0.7493529915809631
v -0.3636239171028137 -0.6697978973388672 0.8054831027984619
v -0.3914390504360199 -0.6742604970932007 0.7499966621398926
v -0.11240100860595703 -0.6746699213981628 0.8166165351867676
v -0.08984702080488205 -0.7806641459465027 0.7630773186683655
v -0.07591255754232407 -0.7176961898803711 0.698248028755188
v -0.07360977679491043 -0.620147168636322 0.7637372612953186
v -0.08202053606510162 -0.6950151920318604 0.7643089890480042
v -0.09746938943862915 -0.8686846494674683 0.7002056837081909
v -0.13082411885261536 -0.8431913256645203 0.8067483901977539
v -0.1042732298374176 -0.8552908897399902 0.7583734393119812
v -0.13808175921440125 -0.8705506324768066 0.589907705783844
v -0.09656607359647751 -0.804984986782074 0.6340646743774414
v -0.10941828042268753 -0.8712117075920105 0.6409894824028015
v -0.08113055676221848 -0.6693838238716125 0.6285037994384766
v -0.12372537702322006 -0.7394505739212036 0.5677127242088318
v -0.08972432464361191 -0.7322868704795837 0.6282300353050232
v -0.24155811965465546 -0.7321603894233704 0.5147695541381836
v -0.29268398880958557 -0.7941866517066956 0.5328718423843384
v -0.3022865951061249 -0.7150751948356628 0.5207711458206177
v -0.17784565687179565 -0.8102037310600281 0.5415675640106201
v -0.1781877726316452 -0.7398471236228943 0.5301545858383179
v -0.2323417067527771 -0.8748149871826172 0.5417357683181763
v -0.1814246028661728 -0.8743824362754822 0.5561408400535583
v -0.2837331295013428 -0.8639575839042664 0.5487393736839294
v -0.24283963441848755 -0.6665424704551697 0.8523584604263306
v -0.17343054711818695 -0.7624052166938782 0.8459776043891907
v -0.1714068055152893 -0.6670829057693481 0.8453769087791443
v -0.30485770106315613 -0.7599314451217651 0.8428417444229126
v -0.31050100922584534 -0.6673368811607361 0.8393323421478271
v -0.23593224585056305 -0.8479242324829102 0.8462780714035034
v -0.29405245184898376 -0.8418587446212769 0.8342016339302063
v -0.178117036819458 -0.844551682472229 0.836588442325592
v -0.449323832988739 -0.63006991147995 -0.18983422219753265
v -0.42856571078300476 -0.743837833404541 -0.1127663403749466
v -0.40423905849456787 -0.6575939655303955 -0.04017273336648941
v -0.4365760087966919 -0.6414457559585571 -0.10831434279680252
v -0.41106295585632324 -0.6156079769134521 -0.32608091831207275
v -0.43890824913978577 -0.7286325097084045 -0.26555147767066956
v -0.4418180286884308 -0.6210042834281921 -0.2661992907524109
v -0.4270569086074829 -0.8326237797737122 -0.1887226104736328
v -0.39517107605934143 -0.8128190040588379 -0.3168150782585144
v -0.4222451150417328 -0.8217663168907166 -0.25866401195526123
v -0.37756162881851196 -0.8331422209739685 -0.0623515248298645
v -0.41145843267440796 -0.8324788212776184 -0.11936675757169724
v -0.14733298122882843 -0.6390902996063232 -0.309573233127594
v -0.21188510954380035 -0.7315759062767029 -0.3517395257949829
v -0.28241682052612305 -0.6188448667526245 -0.36464160680770874
v -0.20775412023067474 -0.6253463625907898 -0.34778597950935364
v -0.2805670499801636 -0.8266894221305847 -0.36034709215164185
v -0.16388937830924988 -0.823625385761261 -0.3089454472064972
v -0.21683253347873688 -0.8240869641304016 -0.3451870381832123
v -0.3530738055706024 -0.7239692211151123 -0.3606335520744324
v -0.3439791202545166 -0.8186965584754944 -0.35080015659332275
v -0.354057252407074 -0.6152437925338745 -0.35815057158470154
v -0.2912447452545166 -0.7024653553962708 0.004335650708526373
v -0.2186521589756012 -0.7890385985374451 -0.021364111453294754
v -0.17177443206310272 -0.7138516306877136 -0.05036333203315735
v -0.22751371562480927 -0.7129307985305786 -0.011376449838280678
v -0.34071215987205505 -0.7683650851249695 -0.014256088063120842
v -0.3529740571975708 -0.6809765696525574 -0.0039425501599907875
v -0.2702929377555847 -0.8595876693725586 -0.020657837390899658
v -0.3274760842323303 -0.8464258313179016 -0.029432395473122597
v -0.1684367060661316 -0.856052815914154 -0.07287266850471497
v -0.21510103344917297 -0.859886884689331 -0.0360800065100193
v -0.11060422658920288 -0.5898154377937317 -0.2491506040096283
v -0.1157354786992073 -0.6905467510223389 -0.18333622813224792
v -0.12259810417890549 -0.7559872269630432 -0.2553725838661194
v -0.11841726303100586 -0.6644155383110046 -0.2519911229610443
v -0.13138428330421448 -0.7842592597007751 -0.11859031021595001
v -0.13048779964447021 -0.6435205340385437 -0.11572633683681488
v -0.13401803374290466 -0.7067087888717651 -0.11190488934516907
v -0.12380307912826538 -0.8536521792411804 -0.1922830045223236
v -0.1368350386619568 -0.8568170666694641 -0.12821531295776367
v -0.13285018503665924 -0.8380339741706848 -0.2552519738674164
v -0.35796207189559937 0.3831702172756195 -0.6513784527778625
v -0.33093440532684326 0.4846390187740326 -0.6435455679893494
v -0.314502090215683 0.49032869935035706 -0.7578121423721313
v -0.3379368782043457 0.43552887439727783 -0.7096227407455444
v -0.3461919128894806 0.3763996362686157 -0.4982664883136749
v -0.36856672167778015 0.3296019434928894 -0.6041597127914429
v -0.2729266881942749 0.44367486238479614 -0.299347847700119
v -0.3145368993282318 0.45821329951286316 -0.4190506935119629
v -0.3155006170272827 0.4123840034008026 -0.39034485816955566
v -0.32226189970970154 0.5264325141906738 -0.4457106590270996
v -0.3277149796485901 0.502069890499115 -0.5254031419754028
v -0.28646430373191833 0.5123416781425476 -0.35658374428749084
v -0.31505993008613586 0.4968997836112976 -0.4335114359855652
v -0.3096497356891632 0.5786681771278381 -0.6744340062141418
v -0.32247066497802734 0.5773159265518188 -0.595482587814331
v -0.32315489649772644 0.5346503853797913 -0.6089494228363037
v -0.2926746904850006 0.6717208623886108 -0.39858478307724
v -0.3785984218120575 0.6289752125740051 -0.3848697543144226
v -0.31043723225593567 0.5883554220199585 -0.3744843006134033
v -0.2233954817056656 0.6316043734550476 -0.3701063096523285
v -0.2993466556072235 0.6291399598121643 -0.3820469379425049
v -0.49909162521362305 0.6440147161483765 -0.4032840430736542
v -0.4410723149776459 0.5979650616645813 -0.4010004997253418
v -0.4507688879966736 0.6696785092353821 -0.3922792971134186
v -0.44625750184059143 0.6319893598556519 -0.3909003436565399
v -0.4111035466194153 0.5639186501502991 -0.45916247367858887
v -0.3761560320854187 0.56218022108078 -0.4059954881668091
v -0.46573060750961304 0.5911759734153748 -0.4466326832771301
v -0.4265999495983124 0.5734911561012268 -0.4236467182636261
v -0.27727222442626953 0.5520244240760803 -0.354127436876297
v -0.33571019768714905 0.5405626893043518 -0.4126628339290619
v -0.3239852786064148 0.5569544434547424 -0.38315099477767944
v -0.36921268701553345 0.5586453676223755 -0.4910900294780731
v -0.34147176146507263 0.5669757723808289 -0.5327767729759216
v -0.34133145213127136 0.5448015332221985 -0.4676366448402405
v -0.4413854479789734 0.5933400392532349 -0.5089975595474243
v -0.3989112079143524 0.5997023582458496 -0.5569549798965454
v -0.4028497040271759 0.5746021270751953 -0.5078725814819336
v -0.40020087361335754 0.6707466244697571 -0.6106148362159729
v -0.36254072189331055 0.6212734580039978 -0.5943414568901062
v -0.4359230697154999 0.648918092250824 -0.5847120881080627
v -0.3963632881641388 0.6333799362182617 -0.5935910940170288
v -0.3315455913543701 0.6483892798423767 -0.6290929317474365
v -0.3367551565170288 0.6043877005577087 -0.5927919745445251
v -0.4865931272506714 0.6445122957229614 -0.5279673337936401
v -0.5151516795158386 0.7056164741516113 -0.529549241065979
v -0.45663830637931824 0.7002480626106262 -0.5864273905754089
v -0.47892263531684875 0.6761000156402588 -0.5618734359741211
v -0.5187375545501709 0.6413229703903198 -0.4524812698364258
v -0.48396170139312744 0.6155269742012024 -0.4854792356491089
v -0.5188628435134888 0.6951764822006226 -0.40765392780303955
v -0.5468763113021851 0.7023518085479736 -0.4552425444126129
v -0.5338698625564575 0.6708869934082031 -0.42516595125198364
v -0.501481831073761 0.7462780475616455 -0.5238050222396851
v -0.5248841643333435 0.7439457774162292 -0.4640936851501465
v -0.5343974828720093 0.7281582951545715 -0.49221381545066833
v -0.05420401319861412 0.2578304708003998 -0.065660260617733
v -0.10733817517757416 0.25186359882354736 -0.026275597512722015
v -0.05363040789961815 0.2518925964832306 0.032451167702674866
v -0.05439061298966408 0.2560015916824341 -0.018202664330601692
v -0.15417079627513885 0.24249528348445892 0.019865691661834717
v -0.156911239027977 0.23815667629241943 -0.0936574712395668
v -0.1573994904756546 0.24124856293201447 -0.03887149319052696
v -0.14569541811943054 0.22452284395694733 0.13159939646720886
v -0.10280963778495789 0.24288377165794373 0.08127377182245255
v -0.1501639038324356 0.23729267716407776 0.07673224806785583
v -0.050436027348041534 0.23065318167209625 0.13751983642578125
v -0.05221494659781456 0.24395884573459625 0.08484574407339096
v -0.04381798580288887 0.1497209668159485 0.350046306848526
v -0.08527858555316925 0.13722826540470123 0.40863385796546936
v -0.04227437824010849 0.14175935089588165 0.47331589460372925
v -0.04289495572447777 0.14329718053340912 0.41043609380722046
v -0.12484684586524963 0.12423110008239746 0.4682130217552185
v -0.12910771369934082 0.13469772040843964 0.3456404209136963
v -0.12663979828357697 0.1266166716814041 0.4057287871837616
v -0.12221771478652954 0.11707667261362076 0.5930888652801514
v -0.08317088335752487 0.1337049901485443 0.5347135663032532
v -0.12346094846725464 0.12267357110977173 0.5312737226486206
v -0.04149318113923073 0.1341967135667801 0.5994604825973511
v -0.04184434935450554 0.140321284532547 0.5369158983230591
v -0.08159816265106201 0.11251890659332275 0.6563061475753784
v -0.040629059076309204 0.09506834298372269 0.7147082090377808
v -0.04110907390713692 0.1186017245054245 0.6591787934303284
v -0.1192905455827713 0.08042202144861221 0.7062699198722839
v -0.12084691226482391 0.10257069766521454 0.6518376469612122
v -0.1153712123632431 0.01825316995382309 0.7971817255020142
v -0.07935917377471924 0.06006864830851555 0.7609387636184692
v -0.11748482286930084 0.05189482867717743 0.7551342844963074
v -0.039129868149757385 0.03033066727221012 0.8077526688575745
v -0.03999027609825134 0.06513321399688721 0.7646870613098145
v -0.03774247318506241 -0.6219691038131714 -0.14486263692378998
v -0.07188686728477478 -0.605869710445404 -0.164352148771286
v -0.03363550081849098 -0.5848575830459595 -0.22121508419513702
v -0.03620025888085365 -0.6065446138381958 -0.1826765537261963
v -0.09328761696815491 -0.5920954942703247 -0.19523419439792633
v -0.1182711273431778 -0.626705527305603 -0.08638012409210205
v -0.10654642432928085 -0.6140516400337219 -0.13762205839157104
v -0.09062092006206512 -0.5176693797111511 -0.3031373918056488
v -0.060884907841682434 -0.553718626499176 -0.25539878010749817
v -0.08945364505052567 -0.5586811304092407 -0.2508934438228607
v -0.028514450415968895 -0.5256170630455017 -0.30193543434143066
v -0.030817223712801933 -0.5576385259628296 -0.2608456015586853
v -0.020121319219470024 -0.5147641897201538 0.8094877004623413
v -0.03771232068538666 -0.5577417612075806 0.7629462480545044
v -0.01880420371890068 -0.5796642899513245 0.7133698463439941
v -0.01868370734155178 -0.5493661165237427 0.7642242908477783
v -0.05493592470884323 -0.6100737452507019 0.7033334970474243
v -0.06691379845142365 -0.537462592124939 0.8123568892478943
v -0.057430632412433624 -0.577862024307251 0.7630332708358765
v -0.074397012591362 -0.6467376351356506 0.5835592746734619
v -0.04085323587059975 -0.6138219833374023 0.6539136171340942
v -0.06302206963300705 -0.6325390338897705 0.6399040222167969
v -0.02210122160613537 -0.6259111166000366 0.615256130695343
v -0.020078174769878387 -0.6052991151809692 0.6620166897773743
v -0.09600302577018738 0.20905077457427979 0.18727721273899078
v -0.046784594655036926 0.18743444979190826 0.2406970113515854
v -0.0485854372382164 0.21042855083942413 0.18901680409908295
v -0.13660193979740143 0.17773441970348358 0.23653121292591095
v -0.14108431339263916 0.20306535065174103 0.1843361258506775
v -0.08957356214523315 0.1618657261133194 0.2924189567565918
v -0.1325196623802185 0.15334048867225647 0.28977009654045105
v -0.045154932886362076 0.16581577062606812 0.2939196825027466
v -0.05203321948647499 0.2876960337162018 -0.18145686388015747
v -0.09831901639699936 0.26461490988731384 -0.17871002852916718
v -0.05121096223592758 0.2622780501842499 -0.14385877549648285
v -0.050597116351127625 0.27087169885635376 -0.16910646855831146
v -0.1421593874692917 0.24176231026649475 -0.17358063161373138
v -0.1456270068883896 0.2693072557449341 -0.21147271990776062
v -0.14029105007648468 0.2514785826206207 -0.1980675458908081
v -0.10341478884220123 0.25237852334976196 -0.11911103129386902
v -0.14976494014263153 0.23782500624656677 -0.1386687159538269
v -0.0527786947786808 0.2589264214038849 -0.108460932970047
v -0.07332830876111984 0.45661982893943787 -0.16360443830490112
v -0.13511283695697784 0.39348724484443665 -0.17793230712413788
v -0.06275312602519989 0.3539448380470276 -0.16814342141151428
v -0.06885450333356857 0.401256263256073 -0.16031765937805176
v -0.17794771492481232 0.33436498045921326 -0.21015699207782745
v -0.2099587768316269 0.42570817470550537 -0.21861177682876587
v -0.19617992639541626 0.3777194619178772 -0.2096177190542221
v -0.110679030418396 0.3098968267440796 -0.1896500587463379
v -0.15963777899742126 0.29758161306381226 -0.2131389081478119
v -0.056615687906742096 0.31573963165283203 -0.17816287279129028
v -0.08034205436706543 0.4669286608695984 -0.8760623931884766
v -0.15092352032661438 0.5393218398094177 -0.837468683719635
v -0.07265577465295792 0.6230373978614807 -0.8111217617988586
v -0.07709211856126785 0.5418871641159058 -0.8429901599884033
v -0.2691134810447693 0.5360884666442871 -0.806334376335144
v -0.20182321965694427 0.6139775514602661 -0.798569917678833
v -0.2310045212507248 0.4592025578022003 -0.8570728302001953
v -0.2182311713695526 0.534754753112793 -0.8262261748313904
v -0.1745786815881729 0.7434807419776917 -0.736798882484436
v -0.13128337264060974 0.6944041848182678 -0.774542510509491
v -0.231837198138237 0.675582766532898 -0.7606152296066284
v -0.18742972612380981 0.6856469511985779 -0.7688261270523071
v -0.06225397810339928 0.7647329568862915 -0.7434139847755432
v -0.06754063814878464 0.700584352016449 -0.7785621285438538
v -0.08430800586938858 0.2760069966316223 -0.995233416557312
v -0.16037073731422424 0.31627777218818665 -0.9727635979652405
v -0.08255135267972946 0.3598768711090088 -0.9470962882041931
v -0.08309108763933182 0.31759288907051086 -0.9762334823608398
v -0.23180009424686432 0.34998780488967896 -0.935084879398346
v -0.22456450760364532 0.27431613206863403 -0.981394350528717
v -0.22602692246437073 0.3107573986053467 -0.9640818238258362
v -0.16099584102630615 0.40585121512413025 -0.9073891639709473
v -0.23449301719665527 0.3985413610935211 -0.8963868021965027
v -0.08189842104911804 0.4079572558403015 -0.9122357368469238
v -0.035534221678972244 -0.34640640020370483 0.9010338187217712
v -0.06624764949083328 -0.3930208384990692 0.8851871490478516
v -0.02788795903325081 -0.43467047810554504 0.8696966171264648
v -0.03222421556711197 -0.39108407497406006 0.888107419013977
v -0.09310008585453033 -0.4415465295314789 0.8653486967086792
v -0.11096397042274475 -0.35072869062423706 0.8898899555206299
v -0.10386916995048523 -0.3955722749233246 0.8798489570617676
v -0.04934993013739586 -0.4806285500526428 0.8439376354217529
v -0.0797925665974617 -0.49043411016464233 0.8446578979492188
v -0.023521434515714645 -0.47621461749076843 0.8440675139427185
v -0.05746148154139519 -0.48120030760765076 -0.3469614088535309
v -0.02764429897069931 -0.4477384090423584 -0.38642263412475586
v -0.027496200054883957 -0.4895249009132385 -0.34485185146331787
v -0.09466271102428436 -0.42580315470695496 -0.39180609583854675
v -0.09236527979373932 -0.47292324900627136 -0.35050323605537415
v -0.10183348506689072 -0.32412204146385193 -0.4491620659828186
v -0.060423217713832855 -0.3908846080303192 -0.4256681203842163
v -0.09748876094818115 -0.37766942381858826 -0.4258583188056946
v -0.03096775710582733 -0.34059610962867737 -0.4528384208679199
v -0.028840800747275352 -0.39863744378089905 -0.42347508668899536
v -0.06955533474683762 -0.26830971240997314 -0.4671681225299835
v -0.0373285636305809 -0.1996203362941742 -0.48255085945129395
v -0.033906880766153336 -0.2719942033290863 -0.47133973240852356
v -0.11723431944847107 -0.19140048325061798 -0.4566110372543335
v -0.10868694633245468 -0.2607644498348236 -0.45821613073349
v -0.1341513991355896 -0.05550609529018402 -0.44213637709617615
v -0.08279384672641754 -0.12732446193695068 -0.47424831986427307
v -0.12666182219982147 -0.11983883380889893 -0.4479362368583679
v -0.044299740344285965 -0.0707089751958847 -0.4973897337913513
v -0.0409027561545372 -0.13026227056980133 -0.490043967962265
v -0.09320932626724243 -0.0214658472687006 -0.4854966402053833
v -0.0497441291809082 0.00048716343007981777 -0.5234269499778748
v -0.04718980938196182 -0.027749184519052505 -0.5081613659858704
v -0.1402377039194107 0.025385553017258644 -0.4670475423336029
v -0.13688838481903076 -0.007829307578504086 -0.44915515184402466
v -0.1605980396270752 0.0529177151620388 -0.5316518545150757
v -0.10255913436412811 0.02640031836926937 -0.5240718126296997
v -0.14956432580947876 0.04633389040827751 -0.4938664734363556
v -0.054532214999198914 0.020268797874450684 -0.5717288255691528
v -0.05213446170091629 0.01586991362273693 -0.5442593097686768
v -0.11365305632352829 0.02541222609579563 -0.5953295230865479
v -0.06018419191241264 0.006827442441135645 -0.6484187841415405
v -0.0571088045835495 0.015553310513496399 -0.6069036722183228
v -0.17501705884933472 0.02708689123392105 -0.6374222040176392
v -0.16906876862049103 0.04304022341966629 -0.5824413895606995
v -0.18607978522777557 0.011538298800587654 -0.7357771396636963
v -0.12471926957368851 0.004714407958090305 -0.6902945637702942
v -0.17848466336727142 0.015441974624991417 -0.6877849102020264
v -0.0691109225153923 -0.0022521328646689653 -0.7449935078620911
v -0.06407836079597473 -0.0008094188524410129 -0.6949045062065125
v -0.145606130361557 0.010800701566040516 -0.7927399277687073
v -0.08233923465013504 0.027535706758499146 -0.8489245176315308
v -0.07560208439826965 0.007600993849337101 -0.797317385673523
v -0.22608375549316406 0.03692610561847687 -0.8311852216720581
v -0.20441290736198425 0.018811006098985672 -0.7836510539054871
v -0.25433146953582764 0.10254517197608948 -0.9203028082847595
v -0.1710611879825592 0.05901676416397095 -0.891475260257721
v -0.24369435012340546 0.06555304676294327 -0.8781591653823853
v -0.09170248359441757 0.09280454367399216 -0.9381743669509888
v -0.08811020106077194 0.056341253221035004 -0.8968611359596252
v -0.17865051329135895 0.13870228826999664 -0.9652449488639832
v -0.08992890268564224 0.18235713243484497 -0.9908299446105957
v -0.0919039323925972 0.13571365177631378 -0.9699118137359619
v -0.24791927635669708 0.1910133957862854 -0.9755225777626038
v -0.25508415699005127 0.14575813710689545 -0.9533507227897644
v -0.1674405038356781 0.23144647479057312 -0.9957077503204346
v -0.23480382561683655 0.2341335564851761 -0.9850394129753113
v -0.08699209988117218 0.2300257682800293 -0.9996845126152039
v -0.07038257271051407 0.5855326652526855 -0.22303034365177155
v -0.14695607125759125 0.5037561655044556 -0.21131417155265808
v -0.0745834931731224 0.5189788937568665 -0.18692292273044586
v -0.04679735377430916 0.7136256098747253 -0.30762848258018494
v -0.11452007293701172 0.6422855854034424 -0.2966636121273041
v -0.05848854407668114 0.6534839272499084 -0.26468387246131897
v -0.19850637018680573 0.5831540822982788 -0.31287896633148193
v -0.14623817801475525 0.6872648000717163 -0.37161046266555786
v -0.1656382530927658 0.6354895234107971 -0.336725115776062
v -0.22224849462509155 0.5187121033668518 -0.27962175011634827
v -0.2431979924440384 0.5415995121002197 -0.31793609261512756
v -0.21490852534770966 0.47639328241348267 -0.24423006176948547
v -0.29980820417404175 0.5789766907691956 -0.7405552268028259
v -0.27556973695755005 0.611763596534729 -0.7691705822944641
v -0.2936651110649109 0.5512264966964722 -0.774864912033081
v -0.2859087884426117 0.6604864597320557 -0.6857611536979675
v -0.2794305086135864 0.6485922336578369 -0.7332964539527893
v -0.2954673171043396 0.6181514859199524 -0.7121428847312927
v -0.24690335988998413 0.7096883654594421 -0.7211134433746338
v -0.26036208868026733 0.6654837727546692 -0.7491129636764526
v -0.24844348430633545 0.9436849355697632 -0.5095901489257812
v -0.23312336206436157 0.974610447883606 -0.5158573389053345
v -0.2498537302017212 0.969209611415863 -0.5482986569404602
v -0.2626062035560608 0.9391051530838013 -0.5370573997497559
v -0.2516223192214966 0.9612584114074707 -0.5271264910697937
v -0.1853909194469452 0.970375120639801 -0.502173662185669
v -0.2057953178882599 0.9865650534629822 -0.5262427926063538
v -0.20852185785770416 0.9602378606796265 -0.49338170886039734
v -0.20966072380542755 0.9781743884086609 -0.5079537630081177
v -0.1924142688512802 0.9699309468269348 -0.5637418031692505
v -0.2225256711244583 0.9811641573905945 -0.5586841106414795
v -0.17825156450271606 0.9745107889175415 -0.5362733602523804
v -0.20076090097427368 0.9835370182991028 -0.546457052230835
v -0.2515028715133667 0.9463106393814087 -0.57676100730896
v -0.22837191820144653 0.9564467072486877 -0.5855529308319092
v -0.24080081284046173 0.9681090116500854 -0.5683470964431763
v -0.24354012310504913 0.7641623020172119 -0.535466194152832
v -0.23088505864143372 0.777492344379425 -0.5505973100662231
v -0.22201772034168243 0.7790742516517639 -0.5861049890518188
v -0.24100956320762634 0.7618346810340881 -0.575630247592926
v -0.2339583784341812 0.7702520489692688 -0.5600433349609375
v -0.23569682240486145 0.8054443001747131 -0.541930615901947
v -0.22311830520629883 0.7957257032394409 -0.5742988586425781
v -0.23446981608867645 0.7799416780471802 -0.516491711139679
v -0.2310439497232437 0.7874197363853455 -0.5447928309440613
v -0.19230642914772034 0.8134998679161072 -0.6130873560905457
v -0.2066894769668579 0.7948930263519287 -0.6018228530883789
v -0.21735788881778717 0.821994960308075 -0.5971340537071228
v -0.2099912464618683 0.8045119047164917 -0.598655641078949
v -0.2098613679409027 0.7847175002098083 -0.6202220916748047
v -0.18757933378219604 0.8004214763641357 -0.6217506527900696
v -0.2068472057580948 0.789504885673523 -0.6084182858467102
v -0.22326791286468506 0.7827900052070618 -0.4883820414543152
v -0.19541914761066437 0.7868595123291016 -0.46841371059417725
v -0.17560157179832458 0.8102874159812927 -0.47414395213127136
v -0.21030205488204956 0.8133826851844788 -0.489364355802536
v -0.20210504531860352 0.795799970626831 -0.48003891110420227
v -0.17817966639995575 0.7765285968780518 -0.4461873769760132
v -0.15938729047775269 0.7958230972290039 -0.45667600631713867
v -0.2159140259027481 0.7699679732322693 -0.4616849422454834
v -0.18821603059768677 0.7813971638679504 -0.4571874737739563
v -0.11168533563613892 0.8229458928108215 -0.47457072138786316
v -0.14182423055171967 0.8145331740379333 -0.46939370036125183
v -0.11953523755073547 0.8086742162704468 -0.4538845121860504
v -0.13310648500919342 0.8104822039604187 -0.46267420053482056
v -0.15694370865821838 0.8415120840072632 -0.4769412577152252
v -0.12565170228481293 0.834956169128418 -0.48063036799430847
v -0.1487501710653305 0.8238644599914551 -0.4741230607032776
v -0.1662239283323288 0.8137422204017639 -0.6153651475906372
v -0.13819308578968048 0.819746196269989 -0.608521580696106
v -0.1605655699968338 0.8103209733963013 -0.6309438347816467
v -0.16334198415279388 0.8106979131698608 -0.6208692789077759
v -0.17826664447784424 0.8396495580673218 -0.6116214990615845
v -0.14809376001358032 0.8306500315666199 -0.6013902425765991
v -0.17070284485816956 0.82240891456604 -0.6128183603286743
v -0.11151647567749023 0.8427808880805969 -0.5592141151428223
v -0.12178397923707962 0.829114556312561 -0.5839420557022095
v -0.1352415680885315 0.855053186416626 -0.5814996361732483
v -0.12739478051662445 0.8376374840736389 -0.5823416709899902
v -0.1083836778998375 0.8287283182144165 -0.5940271615982056
v -0.09974085539579391 0.8321020007133484 -0.562077522277832
v -0.11618824303150177 0.8269806504249573 -0.5874537825584412
v -0.09748052805662155 0.8369497656822205 -0.5360530614852905
v -0.09056605398654938 0.8345583081245422 -0.512932538986206
v -0.08236207813024521 0.83659827709198 -0.5381614565849304
v -0.09126677364110947 0.8348122835159302 -0.5368056893348694
v -0.11131363362073898 0.8629162311553955 -0.5349327325820923
v -0.10299403220415115 0.8453624844551086 -0.513274610042572
v -0.10337291657924652 0.8454911708831787 -0.5355485677719116
v -0.10431590676307678 0.8333974480628967 -0.4934338927268982
v -0.11832680553197861 0.8592792749404907 -0.4944474697113037
v -0.1104104295372963 0.8419864177703857 -0.49432456493377686
v -0.08717452734708786 0.8314305543899536 -0.4892750680446625
v -0.09743877500295639 0.8307868838310242 -0.49175572395324707
v -0.2689453065395355 0.7552868127822876 -0.5367558598518372
v -0.26218751072883606 0.7619796395301819 -0.503573477268219
v -0.24131342768669128 0.7671068906784058 -0.5046531558036804
v -0.25163042545318604 0.7619310021400452 -0.5176039934158325
v -0.3074497580528259 0.762974739074707 -0.4796028733253479
v -0.25913625955581665 0.7625097036361694 -0.4767034947872162
v -0.3063375651836395 0.7629329562187195 -0.5071280598640442
v -0.2791649103164673 0.7627300024032593 -0.49048930406570435
v -0.23413929343223572 0.7684509754180908 -0.4802418649196625
v -0.25022366642951965 0.75928795337677 -0.45672470331192017
v -0.23880374431610107 0.76429682970047 -0.46764594316482544
v -0.23409754037857056 0.7736431956291199 -0.4957498610019684
v -0.2723897397518158 0.7420380115509033 -0.5794527530670166
v -0.3222421705722809 0.7242928743362427 -0.5948041677474976
v -0.32356080412864685 0.7518447041511536 -0.5480841398239136
v -0.29715242981910706 0.7443424463272095 -0.5642578601837158
v -0.36878010630607605 0.7017347812652588 -0.6111031174659729
v -0.29948580265045166 0.6849244832992554 -0.6381319165229797
v -0.3302072584629059 0.6903334856033325 -0.6230901479721069
v -0.43531885743141174 0.7366440296173096 -0.5735079050064087
v -0.41542354226112366 0.7069165110588074 -0.6008602976799011
v -0.46700865030288696 0.760412871837616 -0.4981725513935089
v -0.39890891313552856 0.7580632567405701 -0.5370469689369202
v -0.45317649841308594 0.7546861171722412 -0.5377416014671326
v -0.3608718514442444 0.7662602663040161 -0.4981400966644287
v -0.34810781478881836 0.7610948085784912 -0.52474445104599
v -0.32168319821357727 0.7541596293449402 -0.4528558552265167
v -0.288369745016098 0.7362091541290283 -0.4337595999240875
v -0.21284537017345428 0.7558562755584717 -0.4433564245700836
v -0.2705318331718445 0.7515304684638977 -0.44624069333076477
v -0.40894293785095215 0.7582708597183228 -0.466122031211853
v -0.3519291281700134 0.7615088224411011 -0.47216546535491943
v -0.4743358790874481 0.7343466281890869 -0.42639991641044617
v -0.47482994198799133 0.7532004714012146 -0.45941415429115295
v -0.3825334310531616 0.7074001431465149 -0.4089505076408386
v -0.46322211623191833 0.7051525712013245 -0.40406686067581177
v -0.20733661949634552 0.7134342789649963 -0.41725653409957886
v -0.29238361120224 0.7085076570510864 -0.4168483316898346
v -0.12379148602485657 0.7875959873199463 -0.43179851770401
v -0.06989281624555588 0.8053897619247437 -0.430439293384552
v -0.0817621499300003 0.8220064640045166 -0.462923526763916
v -0.0980500727891922 0.8060740232467651 -0.4429458975791931
v -0.1488545536994934 0.7546570897102356 -0.4208865165710449
v -0.16299405694007874 0.7693672180175781 -0.43523943424224854
v -0.08949550986289978 0.7435863018035889 -0.37336280941963196
v -0.14195643365383148 0.7271377444267273 -0.3996703028678894
v -0.04170854389667511 0.787205159664154 -0.38419246673583984
v -0.04320506751537323 0.7567515969276428 -0.3476097285747528
v -0.0300074964761734 0.8251412510871887 -0.4477808475494385
v -0.0363042876124382 0.8093317151069641 -0.41694343090057373
v -0.0507984422147274 0.829365074634552 -0.6619401574134827
v -0.07510039210319519 0.836219072341919 -0.6150972247123718
v -0.03129051253199577 0.8463726043701172 -0.5802296996116638
v -0.04085033759474754 0.8416826128959656 -0.6201606392860413
v -0.1123284101486206 0.7960550785064697 -0.7017887234687805
v -0.05730317533016205 0.8056866526603699 -0.703782320022583
v -0.20470865070819855 0.7625839114189148 -0.700493335723877
v -0.15557639300823212 0.8021448850631714 -0.6706474423408508
v -0.16279807686805725 0.7811988592147827 -0.7022932171821594
v -0.12228962779045105 0.822668731212616 -0.6326208710670471
v -0.19013655185699463 0.7940104603767395 -0.6491366624832153
v -0.15640445053577423 0.8096610903739929 -0.6471998691558838
v -0.07813484221696854 0.8374855518341064 -0.5715200901031494
v -0.09614972770214081 0.831855058670044 -0.6048138737678528
v -0.024306343868374825 0.8439568877220154 -0.5103683471679688
v -0.05002130568027496 0.8343322277069092 -0.4822806715965271
v -0.02583337016403675 0.8366493582725525 -0.47861939668655396
v -0.04953734949231148 0.843639075756073 -0.5427412390708923
v -0.02595061995089054 0.8471635580062866 -0.5439357757568359
v -0.06622735410928726 0.8383715748786926 -0.5118957161903381
v -0.06839675456285477 0.8398293852806091 -0.5404786467552185
v -0.07091860473155975 0.8326018452644348 -0.48597559332847595
v -0.25617775321006775 0.7196597456932068 -0.6768462061882019
v -0.2230556756258011 0.7634201049804688 -0.6632993817329407
v -0.23405811190605164 0.7416762113571167 -0.6915876865386963
v -0.2657502293586731 0.727728009223938 -0.6285479068756104
v -0.2763977646827698 0.697721004486084 -0.6575389504432678
v -0.2348501980304718 0.760841965675354 -0.6211475729942322
v -0.25278088450431824 0.7483806014060974 -0.5998547673225403
v -0.21512772142887115 0.7768950462341309 -0.6390132904052734
v -0.24140387773513794 0.8432169556617737 -0.5709425210952759
v -0.24186314642429352 0.885021984577179 -0.5920602083206177
v -0.21181203424930573 0.8595935702323914 -0.6101451516151428
v -0.22939132153987885 0.850974440574646 -0.5954803228378296
v -0.24061410129070282 0.8361854553222656 -0.5133163928985596
v -0.2571020722389221 0.8741610646247864 -0.5414713621139526
v -0.2461066097021103 0.8369776010513306 -0.5413113236427307
v -0.2614453136920929 0.9142879247665405 -0.5647541880607605
v -0.2571287751197815 0.9078270196914673 -0.5180887579917908
v -0.26351773738861084 0.9091386795043945 -0.5409460067749023
v -0.2343689203262329 0.9227365851402283 -0.5978971123695374
v -0.250544935464859 0.9177079796791077 -0.585243284702301
v -0.16803312301635742 0.8767426609992981 -0.5990302562713623
v -0.1625811904668808 0.9168057441711426 -0.5777919888496399
v -0.13180874288082123 0.889090359210968 -0.5573689937591553
v -0.14754752814769745 0.8838680386543274 -0.5802645683288574
v -0.2041368931531906 0.9017581343650818 -0.60637366771698
v -0.19040675461292267 0.8684180378913879 -0.610160231590271
v -0.19762729108333588 0.9424116015434265 -0.5890216827392578
v -0.21647070348262787 0.9327161312103271 -0.5981998443603516
v -0.16384531557559967 0.9489954113960266 -0.5535650849342346
v -0.17861224710941315 0.9465900659561157 -0.5732353925704956
v -0.12325452268123627 0.8914364576339722 -0.5119247436523438
v -0.1463993787765503 0.9206293821334839 -0.49417844414711
v -0.14603522419929504 0.8811194896697998 -0.48174604773521423
v -0.13066987693309784 0.8880013823509216 -0.4938177466392517
v -0.13947460055351257 0.9243579506874084 -0.5329136252403259
v -0.12367202341556549 0.8917055130004883 -0.5338483452796936
v -0.15854299068450928 0.9551199078559875 -0.5131714344024658
v -0.1577450931072235 0.9533722400665283 -0.5327396392822266
v -0.17723679542541504 0.941342294216156 -0.48700079321861267
v -0.1644715666770935 0.9496402144432068 -0.4972725808620453
v -0.19633997976779938 0.8578423857688904 -0.48202550411224365
v -0.23394793272018433 0.8817028403282166 -0.49629029631614685
v -0.22204092144966125 0.8447698354721069 -0.49368786811828613
v -0.18407808244228363 0.9038816094398499 -0.4795633852481842
v -0.16946540772914886 0.8705136775970459 -0.4779305160045624
v -0.22236216068267822 0.9269963502883911 -0.4889039397239685
v -0.19854579865932465 0.9346320629119873 -0.48431599140167236
v -0.2426506131887436 0.9159197211265564 -0.5004514455795288
v -0.26484331488609314 -0.6368659734725952 0.26398104429244995
v -0.2378736436367035 -0.6550228595733643 0.3272157311439514
v -0.21297524869441986 -0.6476607918739319 0.39549756050109863
v -0.24732549488544464 -0.6416463851928711 0.330737829208374
v -0.20513543486595154 -0.6859680414199829 0.32082435488700867
v -0.19815266132354736 -0.6698605418205261 0.3808964788913727
v -0.23967471718788147 -0.6673948764801025 0.26125451922416687
v -0.22611971199512482 -0.6698605418205261 0.32365062832832336
v -0.12705150246620178 -0.6668753623962402 0.46636438369750977
v -0.1653309464454651 -0.6606266498565674 0.4422476887702942
v -0.15312355756759644 -0.6774405241012573 0.4214779734611511
v -0.1633477807044983 -0.6685001254081726 0.429056853055954
v -0.11943086981773376 -0.6595295667648315 0.5098418593406677
v -0.1667550951242447 -0.6554936766624451 0.45758405327796936
v -0.08766359090805054 -0.65913987159729 0.5168512463569641
v -0.05102784186601639 -0.6458516716957092 0.5667721033096313
v -0.08176853507757187 -0.6541483998298645 0.5451152324676514
v -0.10643578320741653 -0.6749668717384338 0.4617486596107483
v -0.06371026486158371 -0.665755033493042 0.5059775710105896
v -0.09460913389921188 -0.6660844087600708 0.4910505712032318
v -0.02763281762599945 -0.6535070538520813 0.5460221171379089
v -0.03816148638725281 -0.6796753406524658 0.4773622155189514
v -0.03204631432890892 -0.665513813495636 0.5140064358711243
v -0.024468591436743736 -0.6411442756652832 0.5781816840171814
v -0.03683857619762421 -0.6359045505523682 -0.06851669400930405
v -0.07624226808547974 -0.6298263669013977 -0.08539086580276489
v -0.03749324753880501 -0.6304004788398743 -0.10740615427494049
v -0.039857834577560425 -0.6543954014778137 0.02072853595018387
v -0.07377353310585022 -0.6413275003433228 -0.012982688844203949
v -0.03716469183564186 -0.6425474882125854 -0.026402011513710022
v -0.14392566680908203 -0.6421288847923279 0.04097174108028412
v -0.11193757504224777 -0.6353038549423218 -0.02051982842385769
v -0.11380243301391602 -0.6497367024421692 0.04328309744596481
v -0.10927052795886993 -0.6407163143157959 0.009002448059618473
v -0.1600610911846161 -0.6342148184776306 -0.0012461637379601598
v -0.11750338971614838 -0.6322107911109924 -0.04982985556125641
v -0.1896587312221527 -0.6386102437973022 0.07260357588529587
v -0.23851265013217926 -0.6307680606842041 0.12751828134059906
v -0.20270462334156036 -0.632497251033783 0.05983602628111839
v -0.16049019992351532 -0.655888020992279 0.09058646112680435
v -0.20821568369865417 -0.6538503170013428 0.13720206916332245
v -0.17800918221473694 -0.6469742655754089 0.08434243500232697
v -0.24713413417339325 -0.6464268565177917 0.19680097699165344
v -0.2068321257829666 -0.6773895025253296 0.19796301424503326
v -0.23123878240585327 -0.6613584756851196 0.19763830304145813
v -0.26056620478630066 -0.6327314972877502 0.19590447843074799
v -0.08978207409381866 -0.6929728984832764 0.4280872941017151
v -0.05484209954738617 -0.7170270085334778 0.37797972559928894
v -0.046430762857198715 -0.6985036730766296 0.4313206374645233
v -0.149675652384758 -0.6960055828094482 0.3753644824028015
v -0.12697379291057587 -0.6857755184173584 0.4229809641838074
v -0.17602023482322693 -0.7037642598152161 0.25898024439811707
v -0.11872690916061401 -0.7187967300415039 0.3192169964313507
v -0.16799136996269226 -0.7031530737876892 0.3195115327835083
v -0.06404287368059158 -0.7332865595817566 0.25779613852500916
v -0.061383482068777084 -0.7302781939506531 0.31943854689598083
v -0.11797656118869781 -0.7097960114479065 0.19621644914150238
v -0.05409128591418266 -0.6997829079627991 0.13345728814601898
v -0.06080825254321098 -0.7210803031921387 0.19515180587768555
v -0.15023231506347656 -0.6795118451118469 0.1385960876941681
v -0.16786380112171173 -0.6943843364715576 0.19732166826725006
v -0.09033840149641037 -0.6702084541320801 0.07946457713842392
v -0.12983371317386627 -0.6636489629745483 0.08686600625514984
v -0.0463038869202137 -0.6755141615867615 0.0746655985713005
v -0.1909286379814148 -0.1779208481311798 0.8788723945617676
v -0.16125214099884033 -0.1717909425497055 0.8933494091033936
v -0.1599242389202118 -0.15400430560112 0.8903363943099976
v -0.18865440785884857 -0.1539112776517868 0.8747217655181885
v -0.17396865785121918 -0.1636701077222824 0.8856661319732666
v -0.1273982673883438 -0.1793479174375534 0.9079899787902832
v -0.1420236974954605 -0.16338366270065308 0.9006603956222534
v -0.15507307648658752 -0.1939263790845871 0.8953871130943298
v -0.14525125920772552 -0.17598316073417664 0.900261402130127
v -0.1518884301185608 -0.13512307405471802 0.8854539394378662
v -0.1267951875925064 -0.15471671521663666 0.9056820273399353
v -0.1440068632364273 -0.1511780023574829 0.8963647484779358
v -0.2188771516084671 -0.1698327362537384 0.8609985709190369
v -0.24808859825134277 -0.20989839732646942 0.8460112810134888
v -0.20038166642189026 -0.21366186439990997 0.8747843503952026
v -0.21559856832027435 -0.19450172781944275 0.8664748668670654
v -0.28695371747016907 -0.26460549235343933 0.8180662393569946
v -0.2870545983314514 -0.17932216823101044 0.8100292682647705
v -0.2885100841522217 -0.22059662640094757 0.8150196075439453
v -0.2433905154466629 -0.306795597076416 0.8487980961799622
v -0.28912243247032166 -0.3131057322025299 0.8179572224617004
v -0.15424616634845734 -0.3062748610973358 0.8855757117271423
v -0.19006000459194183 -0.2597288191318512 0.8766631484031677
v -0.19802972674369812 -0.3056567311286926 0.870388925075531
v -0.13888777792453766 -0.22507807612419128 0.8984615206718445
v -0.17287619411945343 -0.22216318547725677 0.8862587809562683
v -0.19246181845664978 -0.123743936419487 0.8591603636741638
v -0.2396492063999176 -0.13896946609020233 0.8348104953765869
v -0.21056532859802246 -0.14480479061603546 0.8580250144004822
v -0.13533897697925568 -0.10247787833213806 0.8753073811531067
v -0.17980213463306427 -0.07973195612430573 0.8408203125
v -0.1663607805967331 -0.11097598075866699 0.8660097718238831
v -0.2186196893453598 -0.05495870113372803 0.7984852194786072
v -0.14927321672439575 -0.029330020770430565 0.8225370049476624
v -0.1845918595790863 -0.04238622635602951 0.8126723170280457
v -0.26163315773010254 -0.10026243329048157 0.7944180965423584
v -0.2511317729949951 -0.06359908729791641 0.7768979072570801
v -0.2758515477180481 -0.13902373611927032 0.8043117523193359
v -0.03643069416284561 -0.04679298773407936 0.8711868524551392
v -0.0685465931892395 -0.08764275908470154 0.8908223509788513
v -0.03159598633646965 -0.11738806962966919 0.9185261726379395
v -0.03434259071946144 -0.08414800465106964 0.8958057165145874
v -0.0757032185792923 -0.012075223959982395 0.838007926940918
v -0.037984855473041534 -0.007805769797414541 0.8425448536872864
v -0.10895068198442459 -0.0576934739947319 0.8592891097068787
v -0.11288821697235107 -0.01923810876905918 0.8311609029769897
v -0.09312327951192856 -0.12567158043384552 0.9064567685127258
v -0.10247331112623215 -0.09422646462917328 0.8837839365005493
v -0.036406226456165314 -0.2607702612876892 0.9169303178787231
v -0.07433878630399704 -0.30338478088378906 0.9053840041160583
v -0.03682129457592964 -0.3015906810760498 0.910208523273468
v -0.03175174072384834 -0.20764826238155365 0.9282134175300598
v -0.06931746751070023 -0.22870050370693207 0.9171599745750427
v -0.03460944816470146 -0.2280779629945755 0.9224982857704163
v -0.11093150079250336 -0.26288098096847534 0.9031213521957397
v -0.09394089132547379 -0.20451456308364868 0.915611743927002
v -0.10422219336032867 -0.2274789661169052 0.9089537262916565
v -0.11324843019247055 -0.3052322268486023 0.8972066640853882
v -0.10026261955499649 -0.1936558037996292 0.9190155863761902
v -0.09153443574905396 -0.192291259765625 0.9296491742134094
v -0.11087073385715485 -0.17472970485687256 0.9192231297492981
v -0.10912556946277618 -0.18498632311820984 0.9181225299835205
v -0.06091819331049919 -0.20933638513088226 0.952694296836853
v -0.07727871835231781 -0.19410961866378784 0.9455155730247498
v -0.0694669634103775 -0.20678693056106567 0.9401459097862244
v -0.07572455704212189 -0.20065565407276154 0.9415608048439026
v -0.06939993053674698 -0.1815982609987259 0.9559996128082275
v -0.09143655747175217 -0.17603997886180878 0.9362376928329468
v -0.060887228697538376 -0.19620294868946075 0.9622853398323059
v -0.07568535953760147 -0.18697375059127808 0.9500036835670471
v -0.09986123442649841 -0.1549515575170517 0.9229157567024231
v -0.10887250304222107 -0.1641458421945572 0.9202194213867188
v -0.06756603717803955 -0.16626398265361786 0.949296236038208
v -0.055224813520908356 -0.1453881412744522 0.9361912608146667
v -0.0805676206946373 -0.1488637626171112 0.9291191697120667
v -0.04947054758667946 -0.19219709932804108 0.9731985330581665
v -0.039993058890104294 -0.18137837946414948 0.9729781150817871
v -0.056878019124269485 -0.18033286929130554 0.9645004272460938
v -0.024243948981165886 -0.1654282957315445 0.96236652135849
v -0.017681578174233437 -0.19790451228618622 0.9888665676116943
v -0.020618844777345657 -0.1829352080821991 0.978927493095398
v -0.028066327795386314 -0.14403043687343597 0.9414680004119873
v -0.024293702095746994 -0.20984238386154175 0.9437990784645081
v -0.0554187186062336 -0.20271186530590057 0.9303589463233948
v -0.028153423219919205 -0.20361459255218506 0.9353736042976379
v -0.01770535297691822 -0.2285439521074295 0.963769793510437
v -0.040051624178886414 -0.21744398772716522 0.9484960436820984
v -0.02065131813287735 -0.22019696235656738 0.9533321857452393
v -0.0677136704325676 -0.2047422081232071 0.9334461688995361
v -0.04952215403318405 -0.21854284405708313 0.9529495239257812
v -0.056949689984321594 -0.21267862617969513 0.9432772994041443
v -0.08090776950120926 -0.19947826862335205 0.924000084400177
v -0.045799050480127335 -0.21175791323184967 0.9691973924636841
v -0.03148036077618599 -0.20793716609477997 0.9834968447685242
v -0.04631038010120392 -0.20298276841640472 0.973871111869812
v -0.03150274232029915 -0.2244000881910324 0.9692901372909546
v -0.04633739963173866 -0.21759024262428284 0.9619026780128479
v -0.015340069308876991 -0.2225506603717804 0.9844711422920227
v -0.015934782102704048 -0.2287486493587494 0.9749495983123779
v -0.015922140330076218 -0.21168950200080872 0.9899101853370667
f 739 735 736
f 189 736 735
f 192 738 737
f 739 737 738
f 190 741 740
f 743 740 741
f 736 189 743
f 742 743 189
f 745 747 191
f 744 191 747
f 746 747 190
f 741 190 747
f 748 192 750
f 737 750 192
f 191 749 745
f 750 745 749
f 752 754 194
f 751 194 754
f 753 189 754
f 735 754 189
f 195 756 755
f 758 755 756
f 194 757 752
f 758 752 757
f 759 196 762
f 760 762 196
f 761 762 195
f 756 195 762
f 764 742 753
f 189 753 742
f 196 763 760
f 764 760 763
f 769 765 766
f 198 766 765
f 768 769 201
f 767 201 769
f 771 773 199
f 770 199 773
f 772 773 198
f 766 198 773
f 200 775 774
f 777 774 775
f 199 776 771
f 777 771 776
f 201 767 778
f 780 778 767
f 779 780 200
f 775 200 780
f 782 785 203
f 781 203 785
f 784 785 205
f 783 205 785
f 200 786 779
f 788 779 786
f 203 787 782
f 788 782 787
f 790 791 204
f 789 204 791
f 774 791 200
f 786 200 791
f 205 783 792
f 794 792 783
f 204 793 790
f 794 790 793
f 796 799 207
f 795 207 799
f 210 798 797
f 799 797 798
f 208 801 800
f 803 800 801
f 207 802 796
f 803 796 802
f 209 805 804
f 807 804 805
f 806 807 208
f 801 208 807
f 797 810 210
f 808 210 810
f 809 810 209
f 805 209 810
f 201 811 768
f 814 768 811
f 214 813 812
f 814 812 813
f 816 817 212
f 815 212 817
f 778 817 201
f 811 201 817
f 213 819 818
f 821 818 819
f 212 820 816
f 821 816 820
f 812 824 214
f 822 214 824
f 823 824 213
f 819 213 824
f 825 828 192
f 738 192 828
f 827 828 217
f 826 217 828
f 213 829 823
f 830 823 829
f 830 825 748
f 192 748 825
f 832 833 216
f 831 216 833
f 818 833 213
f 829 213 833
f 217 826 834
f 836 834 826
f 216 835 832
f 836 832 835
f 219 838 837
f 841 837 838
f 839 221 841
f 840 841 221
f 842 844 216
f 835 216 844
f 843 844 219
f 838 219 844
f 847 845 846
f 220 846 845
f 216 831 842
f 847 842 831
f 850 848 839
f 221 839 848
f 846 220 850
f 849 850 220
f 223 852 851
f 854 851 852
f 203 781 853
f 854 853 781
f 220 855 849
f 857 849 855
f 852 223 857
f 856 857 223
f 820 212 859
f 858 859 212
f 845 859 220
f 855 220 859
f 787 203 860
f 853 860 203
f 212 815 858
f 860 858 815
f 225 862 861
f 864 861 862
f 207 795 863
f 864 863 795
f 866 868 226
f 865 226 868
f 867 868 225
f 862 225 868
f 227 870 869
f 872 869 870
f 226 871 866
f 872 866 871
f 863 874 207
f 802 207 874
f 873 874 227
f 870 227 874
f 876 879 229
f 875 229 879
f 877 231 879
f 878 879 231
f 227 880 873
f 882 873 880
f 229 881 876
f 882 876 881
f 884 885 230
f 883 230 885
f 869 885 227
f 880 227 885
f 888 886 877
f 231 877 886
f 230 887 884
f 888 884 887
f 892 889 890
f 233 890 889
f 892 891 837
f 219 837 891
f 893 895 230
f 887 230 895
f 894 895 233
f 890 233 895
f 234 897 896
f 898 896 897
f 230 883 893
f 898 893 883
f 900 843 891
f 219 891 843
f 899 900 234
f 897 234 900
f 217 901 827
f 903 827 901
f 194 751 902
f 903 902 751
f 234 904 899
f 905 899 904
f 834 905 217
f 901 217 905
f 906 907 226
f 871 226 907
f 896 907 234
f 904 234 907
f 908 757 902
f 194 902 757
f 226 865 906
f 908 906 865
f 910 913 237
f 909 237 913
f 912 913 240
f 911 240 913
f 238 915 914
f 917 914 915
f 917 910 916
f 237 916 910
f 918 239 921
f 919 921 239
f 920 921 238
f 915 238 921
f 240 911 922
f 924 922 911
f 239 923 919
f 924 919 923
f 926 929 242
f 925 242 929
f 929 927 928
f 244 928 927
f 239 930 923
f 932 923 930
f 242 931 926
f 932 926 931
f 934 935 243
f 933 243 935
f 918 935 239
f 930 239 935
f 938 936 927
f 244 927 936
f 243 937 934
f 938 934 937
f 246 940 939
f 943 939 940
f 249 942 941
f 943 941 942
f 945 947 247
f 944 247 947
f 946 947 246
f 940 246 947
f 951 948 949
f 248 949 948
f 247 950 945
f 951 945 950
f 952 249 954
f 941 954 249
f 953 954 248
f 949 248 954
f 955 958 244
f 928 244 958
f 957 958 252
f 956 252 958
f 251 960 959
f 961 959 960
f 244 936 955
f 961 955 936
f 962 964 247
f 950 247 964
f 963 964 251
f 960 251 964
f 252 956 965
f 966 965 956
f 247 944 962
f 966 962 944
f 221 967 840
f 970 840 967
f 255 969 968
f 970 968 969
f 972 973 254
f 971 254 973
f 848 973 221
f 967 221 973
f 976 931 974
f 242 974 931
f 254 975 972
f 976 972 975
f 968 978 255
f 977 255 978
f 974 242 978
f 925 978 242
f 980 982 257
f 979 257 982
f 886 982 231
f 981 231 982
f 985 946 983
f 246 983 946
f 257 984 980
f 985 980 984
f 258 987 986
f 988 986 987
f 246 939 983
f 988 983 939
f 231 981 878
f 990 878 981
f 990 987 989
f 258 989 987
f 991 260 994
f 992 994 260
f 792 994 205
f 993 205 994
f 916 237 997
f 995 997 237
f 260 996 992
f 997 992 996
f 999 1000 261
f 998 261 1000
f 237 909 995
f 1000 995 909
f 205 993 784
f 1002 784 993
f 1002 999 1001
f 261 1001 999
f 1003 1005 257
f 984 257 1005
f 965 1005 252
f 1004 252 1005
f 233 1006 894
f 1007 894 1006
f 257 979 1003
f 1007 1003 979
f 1008 1009 255
f 969 255 1009
f 889 1009 233
f 1006 233 1009
f 252 1004 957
f 1010 957 1004
f 255 977 1008
f 1010 1008 977
f 223 1011 856
f 1013 856 1011
f 254 971 1012
f 1013 1012 971
f 1014 1015 261
f 1001 261 1015
f 851 1015 223
f 1011 223 1015
f 240 1016 912
f 1017 912 1016
f 261 998 1014
f 1017 1014 998
f 1012 1018 254
f 975 254 1018
f 922 1018 240
f 1016 240 1018
f 1019 265 1022
f 1020 1022 265
f 1022 1021 991
f 260 991 1021
f 1023 266 1026
f 1024 1026 266
f 1025 1026 265
f 1020 265 1026
f 1030 1027 1028
f 267 1028 1027
f 266 1029 1024
f 1030 1024 1029
f 1021 1032 260
f 996 260 1032
f 1028 267 1032
f 1031 1032 267
f 269 1034 1033
f 1036 1033 1034
f 1036 1035 1023
f 266 1023 1035
f 1038 1040 270
f 1037 270 1040
f 1039 1040 269
f 1034 269 1040
f 1044 1041 1042
f 271 1042 1041
f 270 1043 1038
f 1044 1038 1043
f 1035 1046 266
f 1029 266 1046
f 1042 271 1046
f 1045 1046 271
f 1048 1050 273
f 1047 273 1050
f 1033 1050 269
f 1049 269 1050
f 274 1052 1051
f 1054 1051 1052
f 273 1053 1048
f 1054 1048 1053
f 1056 1058 275
f 1055 275 1058
f 1057 1058 274
f 1052 274 1058
f 269 1049 1039
f 1060 1039 1049
f 275 1059 1056
f 1060 1056 1059
f 1061 1064 275
f 1059 275 1064
f 1063 1064 279
f 1062 279 1064
f 277 1066 1065
f 1067 1065 1066
f 275 1055 1061
f 1067 1061 1055
f 278 1069 1068
f 1071 1068 1069
f 1070 1071 277
f 1066 277 1071
f 279 1062 1072
f 1074 1072 1062
f 1073 1074 278
f 1069 278 1074
f 1076 1079 281
f 1075 281 1079
f 1077 284 1079
f 1078 1079 284
f 1081 1083 282
f 1080 282 1083
f 281 1082 1076
f 1083 1076 1082
f 283 1085 1084
f 1087 1084 1085
f 282 1086 1081
f 1087 1081 1086
f 284 1077 1088
f 1090 1088 1077
f 1090 1085 1089
f 283 1089 1085
f 1092 1095 286
f 1091 286 1095
f 1095 1093 1094
f 289 1094 1093
f 1097 1099 287
f 1096 287 1099
f 286 1098 1092
f 1099 1092 1098
f 288 1101 1100
f 1103 1100 1101
f 287 1102 1097
f 1103 1097 1102
f 289 1093 1104
f 1106 1104 1093
f 1101 288 1106
f 1105 1106 288
f 225 1107 867
f 1110 867 1107
f 292 1109 1108
f 1110 1108 1109
f 1112 1113 291
f 1111 291 1113
f 861 1113 225
f 1107 225 1113
f 289 1114 1094
f 1116 1094 1114
f 291 1115 1112
f 1116 1112 1115
f 1108 1118 292
f 1117 292 1118
f 289 1104 1114
f 1118 1114 1104
f 1120 1123 294
f 1119 294 1123
f 1122 1123 296
f 1121 296 1123
f 1127 1124 1125
f 295 1125 1124
f 294 1126 1120
f 1127 1120 1126
f 1128 1130 287
f 1102 287 1130
f 295 1129 1125
f 1130 1125 1129
f 296 1121 1131
f 1132 1131 1121
f 287 1096 1128
f 1132 1128 1096
f 1133 1135 292
f 1109 292 1135
f 755 1135 195
f 1134 195 1135
f 288 1136 1105
f 1137 1105 1136
f 292 1117 1133
f 1137 1133 1117
f 295 1138 1129
f 1139 1129 1138
f 1136 288 1139
f 1100 1139 288
f 195 1134 761
f 1140 761 1134
f 295 1124 1138
f 1140 1138 1124
f 1143 1122 1141
f 296 1141 1122
f 1143 1142 808
f 210 808 1142
f 1144 1145 286
f 1098 286 1145
f 1141 296 1145
f 1131 1145 296
f 291 1146 1115
f 1147 1115 1146
f 286 1091 1144
f 1147 1144 1091
f 1142 1148 210
f 798 210 1148
f 1146 291 1148
f 1111 1148 291
f 300 1150 1149
f 1152 1149 1150
f 214 822 1151
f 1152 1151 822
f 1153 1155 281
f 1082 281 1155
f 1150 300 1155
f 1154 1155 300
f 301 1157 1156
f 1158 1156 1157
f 281 1075 1153
f 1158 1153 1075
f 1151 1160 214
f 813 214 1160
f 1157 301 1160
f 1159 1160 301
f 198 1161 772
f 1164 772 1161
f 1164 1162 1163
f 303 1163 1162
f 1165 1166 301
f 1159 301 1166
f 765 1166 198
f 1161 198 1166
f 284 1167 1078
f 1168 1078 1167
f 301 1156 1165
f 1168 1165 1156
f 1162 1170 303
f 1169 303 1170
f 1167 284 1170
f 1088 1170 284
f 305 1172 1171
f 1174 1171 1172
f 191 744 1173
f 1174 1173 744
f 1175 1177 282
f 1086 282 1177
f 1176 1177 305
f 1172 305 1177
f 300 1178 1154
f 1179 1154 1178
f 282 1080 1175
f 1179 1175 1080
f 1173 1180 191
f 749 191 1180
f 1149 1180 300
f 1178 300 1180
f 1181 1184 303
f 1163 303 1184
f 1183 1184 307
f 1182 307 1184
f 283 1185 1089
f 1186 1089 1185
f 303 1169 1181
f 1186 1181 1169
f 305 1187 1176
f 1188 1176 1187
f 283 1084 1185
f 1188 1185 1084
f 307 1182 1189
f 1190 1189 1182
f 1171 1190 305
f 1187 305 1190
f 1192 1194 309
f 1191 309 1194
f 1072 1194 279
f 1193 279 1194
f 1195 310 1198
f 1196 1198 310
f 1192 309 1198
f 1197 1198 309
f 1202 1199 1200
f 311 1200 1199
f 310 1201 1196
f 1202 1196 1201
f 1203 1205 270
f 1043 270 1205
f 1200 311 1205
f 1204 1205 311
f 279 1193 1063
f 1206 1063 1193
f 270 1037 1203
f 1206 1203 1037
f 1208 1211 313
f 1207 313 1211
f 1210 1211 316
f 1209 316 1211
f 314 1213 1212
f 1215 1212 1213
f 313 1214 1208
f 1215 1208 1214
f 315 1217 1216
f 1219 1216 1217
f 1219 1213 1218
f 314 1218 1213
f 1209 1222 316
f 1220 316 1222
f 1221 1222 315
f 1217 315 1222
f 1223 1225 310
f 1201 310 1225
f 1212 1225 314
f 1224 314 1225
f 318 1227 1226
f 1228 1226 1227
f 1228 1223 1195
f 310 1195 1223
f 1230 1232 319
f 1229 319 1232
f 1231 1232 318
f 1227 318 1232
f 314 1224 1218
f 1234 1218 1224
f 319 1233 1230
f 1234 1230 1233
f 1236 1238 321
f 1235 321 1238
f 1237 319 1238
f 1229 1238 319
f 322 1240 1239
f 1242 1239 1240
f 321 1241 1236
f 1242 1236 1241
f 315 1243 1221
f 1245 1221 1243
f 1240 322 1245
f 1244 1245 322
f 319 1237 1233
f 1246 1233 1237
f 1246 1243 1216
f 315 1216 1243
f 324 1248 1247
f 1251 1247 1248
f 326 1250 1249
f 1251 1249 1250
f 1253 1255 325
f 1252 325 1255
f 1254 1255 324
f 1248 324 1255
f 238 1256 920
f 1258 920 1256
f 325 1257 1253
f 1258 1253 1257
f 1249 1260 326
f 1259 326 1260
f 914 1260 238
f 1256 238 1260
f 1265 1261 1262
f 328 1262 1261
f 330 1264 1263
f 1265 1263 1264
f 1267 1269 329
f 1266 329 1269
f 1262 328 1269
f 1268 1269 328
f 251 1270 963
f 1272 963 1270
f 1272 1267 1271
f 329 1271 1267
f 1263 1274 330
f 1273 330 1274
f 959 1274 251
f 1270 251 1274
f 1278 1275 1276
f 332 1276 1275
f 329 1266 1277
f 1278 1277 1266
f 1280 1282 333
f 1279 333 1282
f 1276 332 1282
f 1281 1282 332
f 1285 953 1283
f 248 1283 953
f 333 1284 1280
f 1285 1280 1284
f 1271 329 1286
f 1277 1286 329
f 948 1286 248
f 1283 248 1286
f 335 1288 1287
f 1291 1287 1288
f 337 1290 1289
f 1291 1289 1290
f 1293 1295 336
f 1292 336 1295
f 1288 335 1295
f 1294 1295 335
f 1298 1183 1296
f 307 1296 1183
f 1298 1293 1297
f 336 1297 1293
f 1289 1300 337
f 1299 337 1300
f 1296 307 1300
f 1189 1300 307
f 1302 1305 339
f 1301 339 1305
f 1304 1305 341
f 1303 341 1305
f 340 1307 1306
f 1309 1306 1307
f 1309 1302 1308
f 339 1308 1302
f 1310 1312 294
f 1126 294 1312
f 1307 340 1312
f 1311 1312 340
f 341 1303 1313
f 1314 1313 1303
f 294 1119 1310
f 1314 1310 1119
f 1318 1315 1316
f 343 1316 1315
f 325 1252 1317
f 1318 1317 1252
f 1319 1321 330
f 1264 330 1321
f 1316 343 1321
f 1320 1321 343
f 243 1322 937
f 1323 937 1322
f 1323 1319 1273
f 330 1273 1319
f 1317 1324 325
f 1257 325 1324
f 933 1324 243
f 1322 243 1324
f 345 1326 1325
f 1329 1325 1326
f 346 1328 1327
f 1329 1327 1328
f 1330 1332 326
f 1250 326 1332
f 1331 1332 345
f 1326 345 1332
f 267 1333 1031
f 1334 1031 1333
f 326 1259 1330
f 1334 1330 1259
f 1335 346 1336
f 1327 1336 346
f 1027 1336 267
f 1333 267 1336
f 1341 1337 1338
f 348 1338 1337
f 349 1340 1339
f 1341 1339 1340
f 1342 1344 346
f 1328 346 1344
f 1338 348 1344
f 1343 1344 348
f 271 1345 1045
f 1346 1045 1345
f 1346 1342 1335
f 346 1335 1342
f 349 1339 1347
f 1348 1347 1339
f 1041 1348 271
f 1345 271 1348
f 1353 1349 1350
f 351 1350 1349
f 354 1352 1351
f 1353 1351 1352
f 1355 1357 352
f 1354 352 1357
f 1350 351 1357
f 1356 1357 351
f 353 1359 1358
f 1361 1358 1359
f 352 1360 1355
f 1361 1355 1360
f 1351 1364 354
f 1362 354 1364
f 1363 1364 353
f 1359 353 1364
f 1365 356 1369
f 1366 1369 356
f 1369 1367 1368
f 357 1368 1367
f 1370 1372 354
f 1352 354 1372
f 356 1371 1366
f 1372 1366 1371
f 1374 1073 1373
f 278 1373 1073
f 354 1362 1370
f 1374 1370 1362
f 1367 1376 357
f 1375 357 1376
f 278 1068 1373
f 1376 1373 1068
f 1381 1377 1378
f 359 1378 1377
f 360 1380 1379
f 1381 1379 1380
f 1384 1304 1382
f 341 1382 1304
f 1378 359 1384
f 1383 1384 359
f 209 1385 809
f 1386 809 1385
f 1382 341 1386
f 1313 1386 341
f 1379 1388 360
f 1387 360 1388
f 804 1388 209
f 1385 209 1388
f 1390 1392 362
f 1389 362 1392
f 1391 336 1392
f 1292 1392 336
f 363 1394 1393
f 1396 1393 1394
f 1396 1390 1395
f 362 1395 1390
f 1397 1399 199
f 776 199 1399
f 1398 1399 363
f 1394 363 1399
f 1400 1297 1391
f 336 1391 1297
f 199 770 1397
f 1400 1397 770
f 1402 1404 365
f 1401 365 1404
f 1403 363 1404
f 1393 1404 363
f 366 1406 1405
f 1408 1405 1406
f 1408 1402 1407
f 365 1407 1402
f 1409 1411 204
f 793 204 1411
f 1410 1411 366
f 1406 366 1411
f 363 1403 1398
f 1412 1398 1403
f 204 789 1409
f 1412 1409 789
f 1414 1416 368
f 1413 368 1416
f 1405 1416 366
f 1415 366 1416
f 1418 1420 369
f 1417 369 1420
f 1419 1420 368
f 1414 368 1420
f 265 1421 1025
f 1423 1025 1421
f 1423 1418 1422
f 369 1422 1418
f 366 1415 1410
f 1424 1410 1415
f 1424 1421 1019
f 265 1019 1421
f 371 1426 1425
f 1428 1425 1426
f 369 1417 1427
f 1428 1427 1417
f 372 1430 1429
f 1432 1429 1430
f 1431 1432 371
f 1426 371 1432
f 1433 1435 273
f 1053 273 1435
f 1434 1435 372
f 1430 372 1435
f 1427 1436 369
f 1422 369 1436
f 273 1047 1433
f 1436 1433 1047
f 1438 1440 374
f 1437 374 1440
f 1429 1440 372
f 1439 372 1440
f 375 1442 1441
f 1444 1441 1442
f 1444 1438 1443
f 374 1443 1438
f 1445 1447 274
f 1057 274 1447
f 1446 1447 375
f 1442 375 1447
f 372 1439 1434
f 1448 1434 1439
f 274 1051 1445
f 1448 1445 1051
f 1452 1449 1450
f 377 1450 1449
f 1451 375 1452
f 1441 1452 375
f 1453 1455 357
f 1368 357 1455
f 1450 377 1455
f 1454 1455 377
f 277 1456 1070
f 1457 1070 1456
f 357 1375 1453
f 1457 1453 1375
f 1446 375 1458
f 1451 1458 375
f 1065 1458 277
f 1456 277 1458
f 1462 1340 1459
f 349 1459 1340
f 1461 1462 380
f 1460 380 1462
f 1464 1204 1463
f 311 1463 1204
f 1459 349 1464
f 1347 1464 349
f 1465 1466 313
f 1214 313 1466
f 1199 1466 311
f 1463 311 1466
f 379 1468 1467
f 1469 1467 1468
f 313 1207 1465
f 1469 1465 1207
f 380 1460 1470
f 1472 1470 1460
f 1472 1468 1471
f 379 1471 1468
f 1363 353 1475
f 1473 1475 353
f 1191 1475 309
f 1474 309 1475
f 1477 1478 382
f 1476 382 1478
f 1358 1478 353
f 1473 353 1478
f 309 1474 1197
f 1480 1197 1474
f 382 1479 1477
f 1480 1477 1479
f 384 1482 1481
f 1485 1481 1482
f 387 1484 1483
f 1485 1483 1484
f 1487 1489 385
f 1486 385 1489
f 1488 1489 384
f 1482 384 1489
f 386 1491 1490
f 1493 1490 1491
f 385 1492 1487
f 1493 1487 1492
f 1483 1496 387
f 1494 387 1496
f 1491 386 1496
f 1495 1496 386
f 1501 1497 1498
f 389 1498 1497
f 392 1500 1499
f 1501 1499 1500
f 1503 1505 390
f 1502 390 1505
f 1498 389 1505
f 1504 1505 389
f 1507 1509 391
f 1506 391 1509
f 1509 1503 1508
f 390 1508 1503
f 1499 1512 392
f 1510 392 1512
f 391 1511 1507
f 1512 1507 1511
f 1513 394 1517
f 1514 1517 394
f 1516 1517 397
f 1515 397 1517
f 1521 1518 1519
f 395 1519 1518
f 1514 394 1521
f 1520 1521 394
f 1523 1525 396
f 1522 396 1525
f 1519 395 1525
f 1524 1525 395
f 397 1515 1526
f 1528 1526 1515
f 1528 1523 1527
f 396 1527 1523
f 399 1530 1529
f 1532 1529 1530
f 1502 1532 390
f 1531 390 1532
f 1534 1536 400
f 1533 400 1536
f 399 1535 1530
f 1536 1530 1535
f 1540 1537 1538
f 401 1538 1537
f 400 1539 1534
f 1540 1534 1539
f 1531 1542 390
f 1508 390 1542
f 1538 401 1542
f 1541 1542 401
f 403 1544 1543
f 1546 1543 1544
f 1546 1545 1533
f 400 1533 1545
f 395 1547 1524
f 1549 1524 1547
f 1549 1544 1548
f 403 1548 1544
f 1551 1552 404
f 1550 404 1552
f 1518 1552 395
f 1547 395 1552
f 1545 1554 400
f 1539 400 1554
f 1554 1551 1553
f 404 1553 1551
f 1555 1558 392
f 1500 392 1558
f 407 1557 1556
f 1558 1556 1557
f 397 1559 1516
f 1560 1516 1559
f 392 1510 1555
f 1560 1555 1510
f 406 1562 1561
f 1563 1561 1562
f 1526 1563 397
f 1559 397 1563
f 1556 1566 407
f 1564 407 1566
f 1565 1566 406
f 1562 406 1566
f 1567 1570 407
f 1557 407 1570
f 1568 410 1570
f 1569 1570 410
f 409 1572 1571
f 1573 1571 1572
f 407 1564 1567
f 1573 1567 1564
f 1574 1576 321
f 1241 321 1576
f 1575 1576 409
f 1572 409 1576
f 318 1577 1231
f 1578 1231 1577
f 321 1235 1574
f 1578 1574 1235
f 1568 1580 410
f 1579 410 1580
f 1226 1580 318
f 1577 318 1580
f 1581 412 1584
f 1582 1584 412
f 1561 1584 406
f 1583 406 1584
f 1587 1210 1585
f 316 1585 1210
f 1587 1582 1586
f 412 1586 1582
f 322 1588 1244
f 1589 1244 1588
f 1589 1585 1220
f 316 1220 1585
f 1591 1575 1590
f 409 1590 1575
f 322 1239 1588
f 1591 1588 1239
f 406 1583 1565
f 1592 1565 1583
f 409 1571 1590
f 1592 1590 1571
f 414 1594 1593
f 1596 1593 1594
f 396 1522 1595
f 1596 1595 1522
f 415 1598 1597
f 1600 1597 1598
f 1600 1594 1599
f 414 1599 1594
f 1601 1603 379
f 1471 379 1603
f 1602 1603 415
f 1598 415 1603
f 1605 1586 1604
f 412 1604 1586
f 379 1467 1601
f 1605 1601 1467
f 1527 396 1606
f 1595 1606 396
f 1604 412 1606
f 1581 1606 412
f 1608 1611 417
f 1607 417 1611
f 1609 419 1611
f 1610 1611 419
f 1612 1614 399
f 1535 399 1614
f 1614 1608 1613
f 417 1613 1608
f 418 1616 1615
f 1617 1615 1616
f 1612 399 1617
f 1529 1617 399
f 1618 1620 352
f 1360 352 1620
f 1619 1620 418
f 1616 418 1620
f 419 1609 1621
f 1622 1621 1609
f 352 1354 1618
f 1622 1618 1354
f 414 1623 1599
f 1626 1599 1623
f 1625 1626 421
f 1624 421 1626
f 1548 403 1628
f 1627 1628 403
f 1593 1628 414
f 1623 414 1628
f 1629 1630 417
f 1613 417 1630
f 1627 403 1630
f 1543 1630 403
f 1632 1631 1624
f 421 1624 1631
f 417 1607 1629
f 1632 1629 1607
f 418 1633 1619
f 1635 1619 1633
f 382 1476 1634
f 1635 1634 1476
f 389 1636 1504
f 1637 1504 1636
f 1615 1637 418
f 1633 418 1637
f 1638 1639 410
f 1569 410 1639
f 1497 1639 389
f 1636 389 1639
f 1634 1640 382
f 1479 382 1640
f 1579 1640 410
f 1638 410 1640
f 1644 1641 1642
f 424 1642 1641
f 391 1506 1643
f 1644 1643 1506
f 384 1645 1488
f 1647 1488 1645
f 424 1646 1642
f 1647 1642 1646
f 425 1649 1648
f 1650 1648 1649
f 384 1481 1645
f 1650 1645 1481
f 1643 1652 391
f 1511 391 1652
f 1651 1652 425
f 1649 425 1652
f 1653 427 1656
f 1654 1656 427
f 1537 1656 401
f 1655 401 1656
f 385 1657 1492
f 1659 1492 1657
f 427 1658 1654
f 1659 1654 1658
f 424 1660 1646
f 1661 1646 1660
f 385 1486 1657
f 1661 1657 1486
f 401 1655 1541
f 1662 1541 1655
f 1641 1662 424
f 1660 424 1662
f 1666 1663 1664
f 429 1664 1663
f 404 1550 1665
f 1666 1665 1550
f 386 1667 1495
f 1669 1495 1667
f 429 1668 1664
f 1669 1664 1668
f 1670 1671 427
f 1658 427 1671
f 1667 386 1671
f 1490 1671 386
f 1553 404 1672
f 1665 1672 404
f 1672 1670 1653
f 427 1653 1670
f 1651 425 1675
f 1673 1675 425
f 1513 1675 394
f 1674 394 1675
f 387 1676 1484
f 1677 1484 1676
f 425 1648 1673
f 1677 1673 1648
f 429 1678 1668
f 1679 1668 1678
f 387 1494 1676
f 1679 1676 1494
f 394 1674 1520
f 1680 1520 1674
f 1680 1678 1663
f 429 1663 1678
f 1681 1684 196
f 763 196 1684
f 1683 1684 434
f 1682 434 1684
f 1686 1687 432
f 1685 432 1687
f 1687 1681 759
f 196 759 1681
f 1689 1691 433
f 1688 433 1691
f 1691 1686 1690
f 432 1690 1686
f 434 1682 1692
f 1694 1692 1682
f 1694 1689 1693
f 433 1693 1689
f 340 1695 1311
f 1697 1311 1695
f 432 1685 1696
f 1697 1696 1685
f 1699 1700 436
f 1698 436 1700
f 1306 1700 340
f 1695 340 1700
f 437 1702 1701
f 1704 1701 1702
f 436 1703 1699
f 1704 1699 1703
f 1690 432 1706
f 1696 1706 432
f 1705 1706 437
f 1702 437 1706
f 1707 1710 337
f 1290 337 1710
f 1709 1710 441
f 1708 441 1710
f 439 1712 1711
f 1713 1711 1712
f 337 1299 1707
f 1713 1707 1299
f 1715 1717 440
f 1714 440 1717
f 1716 1717 439
f 1712 439 1717
f 441 1708 1718
f 1720 1718 1708
f 440 1719 1715
f 1720 1715 1719
f 1723 746 1721
f 190 1721 746
f 1722 439 1723
f 1711 1723 439
f 1725 1683 1724
f 434 1724 1683
f 1721 190 1725
f 740 1725 190
f 1728 1726 1727
f 443 1727 1726
f 434 1692 1724
f 1728 1724 1692
f 1730 1716 1722
f 439 1722 1716
f 1727 443 1730
f 1729 1730 443
f 445 1732 1731
f 1734 1731 1732
f 1701 1734 437
f 1733 437 1734
f 446 1736 1735
f 1738 1735 1736
f 1737 1738 445
f 1732 445 1738
f 1739 1741 433
f 1693 433 1741
f 1740 1741 446
f 1736 446 1741
f 437 1733 1705
f 1742 1705 1733
f 433 1688 1739
f 1742 1739 1688
f 1746 1743 1744
f 448 1744 1743
f 446 1735 1745
f 1746 1745 1735
f 1747 1749 440
f 1719 440 1749
f 1744 448 1749
f 1748 1749 448
f 443 1750 1729
f 1751 1729 1750
f 440 1714 1747
f 1751 1747 1714
f 1745 1752 446
f 1740 446 1752
f 1726 1752 443
f 1750 443 1752
f 1754 1757 450
f 1753 450 1757
f 1756 1757 452
f 1755 452 1757
f 451 1759 1758
f 1761 1758 1759
f 450 1760 1754
f 1761 1754 1760
f 452 1755 1762
f 1764 1762 1755
f 1763 1764 451
f 1759 451 1764
f 452 1765 1756
f 1768 1756 1765
f 1766 455 1768
f 1767 1768 455
f 1770 1771 454
f 1769 454 1771
f 1762 1771 452
f 1765 452 1771
f 208 1772 806
f 1774 806 1772
f 454 1773 1770
f 1774 1770 1773
f 1775 1776 229
f 881 229 1776
f 800 1776 208
f 1772 208 1776
f 1778 1777 1766
f 455 1766 1777
f 229 875 1775
f 1778 1775 875
f 455 1779 1767
f 1781 1767 1779
f 450 1753 1780
f 1781 1780 1753
f 1782 1783 258
f 989 258 1783
f 1777 1783 455
f 1779 455 1783
f 1784 1785 249
f 942 249 1785
f 258 986 1782
f 1785 1782 986
f 1786 457 1788
f 1787 1788 457
f 1784 249 1788
f 952 1788 249
f 1780 1790 450
f 1760 450 1790
f 1789 1790 457
f 1787 457 1790
f 1792 1795 459
f 1791 459 1795
f 1793 460 1795
f 1794 1795 460
f 457 1796 1789
f 1798 1789 1796
f 459 1797 1792
f 1798 1792 1797
f 1284 333 1800
f 1799 1800 333
f 1786 1800 457
f 1796 457 1800
f 1802 1801 1793
f 460 1793 1801
f 333 1279 1799
f 1802 1799 1279
f 360 1803 1380
f 1806 1380 1803
f 463 1805 1804
f 1806 1804 1805
f 1807 1808 454
f 1773 454 1808
f 1387 1808 360
f 1803 360 1808
f 462 1810 1809
f 1811 1809 1810
f 454 1769 1807
f 1811 1807 1769
f 1804 1814 463
f 1812 463 1814
f 1813 1814 462
f 1810 462 1814
f 451 1815 1763
f 1818 1763 1815
f 467 1817 1816
f 1818 1816 1817
f 1821 1819 1820
f 465 1820 1819
f 1758 1821 451
f 1815 451 1821
f 1823 1825 466
f 1822 466 1825
f 1820 465 1825
f 1824 1825 465
f 1826 467 1828
f 1816 1828 467
f 1823 466 1828
f 1827 1828 466
f 1829 1831 459
f 1797 459 1831
f 1819 1831 465
f 1830 465 1831
f 469 1833 1832
f 1834 1832 1833
f 459 1791 1829
f 1834 1829 1791
f 1836 1838 470
f 1835 470 1838
f 1837 1838 469
f 1833 469 1838
f 465 1830 1824
f 1840 1824 1830
f 470 1839 1836
f 1840 1836 1839
f 1844 1813 1841
f 462 1841 1813
f 473 1843 1842
f 1844 1842 1843
f 1845 1846 467
f 1817 467 1846
f 1841 462 1846
f 1809 1846 462
f 472 1848 1847
f 1849 1847 1848
f 1849 1845 1826
f 467 1826 1845
f 1842 1852 473
f 1850 473 1852
f 1851 1852 472
f 1848 472 1852
f 1853 1855 470
f 1839 470 1855
f 1854 466 1855
f 1822 1855 466
f 1858 1856 1857
f 475 1857 1856
f 470 1835 1853
f 1858 1853 1835
f 472 1859 1851
f 1861 1851 1859
f 475 1860 1857
f 1861 1857 1860
f 1854 1862 466
f 1827 466 1862
f 1859 472 1862
f 1847 1862 472
f 477 1864 1863
f 1867 1863 1864
f 1867 1865 1866
f 480 1866 1865
f 478 1869 1868
f 1871 1868 1869
f 1870 1871 477
f 1864 477 1871
f 1872 479 1875
f 1873 1875 479
f 1874 1875 478
f 1869 478 1875
f 1865 1878 480
f 1876 480 1878
f 479 1877 1873
f 1878 1873 1877
f 1879 1882 480
f 1866 480 1882
f 1880 484 1882
f 1881 1882 484
f 482 1884 1883
f 1885 1883 1884
f 1885 1879 1876
f 480 1876 1879
f 1887 1889 483
f 1886 483 1889
f 1888 1889 482
f 1884 482 1889
f 484 1880 1890
f 1892 1890 1880
f 483 1891 1887
f 1892 1887 1891
f 1894 1897 486
f 1893 486 1897
f 1897 1895 1896
f 489 1896 1895
f 1899 1901 487
f 1898 487 1901
f 486 1900 1894
f 1901 1894 1900
f 488 1903 1902
f 1905 1902 1903
f 487 1904 1899
f 1905 1899 1904
f 1895 1908 489
f 1906 489 1908
f 1907 1908 488
f 1903 488 1908
f 1910 1913 491
f 1909 491 1913
f 1912 1913 493
f 1911 493 1913
f 492 1915 1914
f 1917 1914 1915
f 491 1916 1910
f 1917 1910 1916
f 1918 1920 487
f 1904 487 1920
f 1919 1920 492
f 1915 492 1920
f 493 1911 1921
f 1922 1921 1911
f 487 1898 1918
f 1922 1918 1898
f 495 1924 1923
f 1927 1923 1924
f 1926 1927 498
f 1925 498 1927
f 1929 1931 496
f 1928 496 1931
f 1930 1931 495
f 1924 495 1931
f 1933 1935 497
f 1932 497 1935
f 496 1934 1929
f 1935 1929 1934
f 498 1925 1936
f 1938 1936 1925
f 497 1937 1933
f 1938 1933 1937
f 500 1940 1939
f 1942 1939 1940
f 486 1893 1941
f 1942 1941 1893
f 1944 1946 501
f 1943 501 1946
f 1945 1946 500
f 1940 500 1946
f 502 1948 1947
f 1950 1947 1948
f 501 1949 1944
f 1950 1944 1949
f 1941 1952 486
f 1900 486 1952
f 1951 1952 502
f 1948 502 1952
f 1954 1956 504
f 1953 504 1956
f 1955 477 1956
f 1863 1956 477
f 505 1958 1957
f 1960 1957 1958
f 504 1959 1954
f 1960 1954 1959
f 1961 1963 501
f 1949 501 1963
f 1962 1963 505
f 1958 505 1963
f 1964 1870 1955
f 477 1955 1870
f 501 1943 1961
f 1964 1961 1943
f 1966 1969 507
f 1965 507 1969
f 509 1968 1967
f 1969 1967 1968
f 1971 1973 508
f 1970 508 1973
f 1973 1966 1972
f 507 1972 1966
f 505 1974 1962
f 1976 1962 1974
f 1976 1971 1975
f 508 1975 1971
f 1977 509 1978
f 1967 1978 509
f 1957 1978 505
f 1974 505 1978
f 493 1979 1912
f 1982 1912 1979
f 511 1981 1980
f 1982 1980 1981
f 502 1983 1951
f 1984 1951 1983
f 1921 1984 493
f 1979 493 1984
f 1975 508 1986
f 1985 1986 508
f 1947 1986 502
f 1983 502 1986
f 1980 1988 511
f 1987 511 1988
f 508 1970 1985
f 1988 1985 1970
f 498 1989 1926
f 1992 1926 1989
f 515 1991 1990
f 1992 1990 1991
f 1994 1995 513
f 1993 513 1995
f 1936 1995 498
f 1989 498 1995
f 514 1997 1996
f 1999 1996 1997
f 513 1998 1994
f 1999 1994 1998
f 1990 2002 515
f 2000 515 2002
f 2001 2002 514
f 1997 514 2002
f 2004 2007 517
f 2003 517 2007
f 2006 2007 519
f 2005 519 2007
f 518 2009 2008
f 2011 2008 2009
f 2011 2004 2010
f 517 2010 2004
f 2012 2014 513
f 1998 513 2014
f 2013 2014 518
f 2009 518 2014
f 519 2005 2015
f 2016 2015 2005
f 513 1993 2012
f 2016 2012 1993
f 2020 1968 2017
f 509 2017 1968
f 2020 2018 2019
f 522 2019 2018
f 2021 521 2023
f 2022 2023 521
f 2023 2017 1977
f 509 1977 2017
f 518 2024 2013
f 2026 2013 2024
f 521 2025 2022
f 2026 2022 2025
f 2018 2028 522
f 2027 522 2028
f 2008 2028 518
f 2024 518 2028
f 484 2029 1881
f 2031 1881 2029
f 504 1953 2030
f 2031 2030 1953
f 514 2032 2001
f 2033 2001 2032
f 1890 2033 484
f 2029 484 2033
f 2034 2035 521
f 2025 521 2035
f 1996 2035 514
f 2032 514 2035
f 1959 504 2036
f 2030 2036 504
f 521 2021 2034
f 2036 2034 2021
f 2038 2041 525
f 2037 525 2041
f 2040 2041 528
f 2039 528 2041
f 526 2043 2042
f 2045 2042 2043
f 525 2044 2038
f 2045 2038 2044
f 2047 2049 527
f 2046 527 2049
f 2048 2049 526
f 2043 526 2049
f 2052 2050 2039
f 528 2039 2050
f 527 2051 2047
f 2052 2047 2051
f 2057 2053 2054
f 530 2054 2053
f 2056 2057 532
f 2055 532 2057
f 531 2059 2058
f 2061 2058 2059
f 2061 2054 2060
f 530 2060 2054
f 2062 2064 526
f 2048 526 2064
f 2063 2064 531
f 2059 531 2064
f 532 2055 2065
f 2066 2065 2055
f 526 2042 2062
f 2066 2062 2042
f 534 2068 2067
f 2071 2067 2068
f 537 2070 2069
f 2071 2069 2070
f 2072 535 2075
f 2073 2075 535
f 2074 2075 534
f 2068 534 2075
f 536 2077 2076
f 2079 2076 2077
f 2079 2073 2078
f 535 2078 2073
f 2080 537 2082
f 2069 2082 537
f 2081 2082 536
f 2077 536 2082
f 2084 2086 539
f 2083 539 2086
f 2053 2086 530
f 2085 530 2086
f 536 2087 2081
f 2089 2081 2087
f 539 2088 2084
f 2089 2084 2088
f 2091 2092 540
f 2090 540 2092
f 2076 2092 536
f 2087 536 2092
f 530 2085 2060
f 2094 2060 2085
f 540 2093 2091
f 2094 2091 2093
f 542 2096 2095
f 2098 2095 2096
f 507 1965 2097
f 2098 2097 1965
f 2099 2101 532
f 2056 532 2101
f 2100 2101 542
f 2096 542 2101
f 543 2103 2102
f 2104 2102 2103
f 2104 2099 2065
f 532 2065 2099
f 2097 2106 507
f 1972 507 2106
f 2105 2106 543
f 2103 543 2106
f 2010 517 2110
f 2107 2110 517
f 2109 2110 546
f 2108 546 2110
f 2113 2111 2112
f 545 2112 2111
f 517 2003 2107
f 2113 2107 2003
f 537 2114 2070
f 2116 2070 2114
f 545 2115 2112
f 2116 2112 2115
f 546 2108 2117
f 2118 2117 2108
f 2080 2118 537
f 2114 537 2118
f 2119 2122 491
f 1916 491 2122
f 2121 2122 549
f 2120 549 2122
f 2125 2123 2124
f 548 2124 2123
f 491 1909 2119
f 2125 2119 1909
f 528 2126 2040
f 2128 2040 2126
f 2124 548 2128
f 2127 2128 548
f 549 2120 2129
f 2130 2129 2120
f 2050 2130 528
f 2126 528 2130
f 2131 2133 539
f 2088 539 2133
f 2117 2133 546
f 2132 546 2133
f 542 2134 2100
f 2135 2100 2134
f 539 2083 2131
f 2135 2131 2083
f 2136 2137 522
f 2019 522 2137
f 2095 2137 542
f 2134 542 2137
f 546 2132 2109
f 2138 2109 2132
f 522 2027 2136
f 2138 2136 2027
f 543 2139 2105
f 2141 2105 2139
f 511 1987 2140
f 2141 2140 1987
f 2142 2143 525
f 2044 525 2143
f 2102 2143 543
f 2139 543 2143
f 548 2144 2127
f 2145 2127 2144
f 525 2037 2142
f 2145 2142 2037
f 2140 2146 511
f 1981 511 2146
f 2123 2146 548
f 2144 548 2146
f 2150 2121 2147
f 549 2147 2121
f 2149 2150 555
f 2148 555 2150
f 2152 2153 553
f 2151 553 2153
f 2147 549 2153
f 2129 2153 549
f 554 2155 2154
f 2157 2154 2155
f 2157 2152 2156
f 553 2156 2152
f 2158 555 2160
f 2148 2160 555
f 2159 2160 554
f 2155 554 2160
f 2164 2159 2161
f 554 2161 2159
f 559 2163 2162
f 2164 2162 2163
f 2166 2167 557
f 2165 557 2167
f 2161 554 2167
f 2154 2167 554
f 558 2169 2168
f 2171 2168 2169
f 2171 2166 2170
f 557 2170 2166
f 2162 2174 559
f 2172 559 2174
f 2173 2174 558
f 2169 558 2174
f 2175 2178 559
f 2163 559 2178
f 2177 2178 563
f 2176 563 2178
f 561 2180 2179
f 2181 2179 2180
f 559 2172 2175
f 2181 2175 2172
f 2183 2185 562
f 2182 562 2185
f 2184 2185 561
f 2180 561 2185
f 563 2176 2186
f 2188 2186 2176
f 562 2187 2183
f 2188 2183 2187
f 2190 2192 565
f 2189 565 2192
f 2179 2192 561
f 2191 561 2192
f 2194 2196 566
f 2193 566 2196
f 565 2195 2190
f 2196 2190 2195
f 2198 2200 567
f 2197 567 2200
f 566 2199 2194
f 2200 2194 2199
f 561 2191 2184
f 2202 2184 2191
f 567 2201 2198
f 2202 2198 2201
f 2204 2207 569
f 2203 569 2207
f 2205 572 2207
f 2206 2207 572
f 2209 2211 570
f 2208 570 2211
f 569 2210 2204
f 2211 2204 2210
f 571 2213 2212
f 2215 2212 2213
f 570 2214 2209
f 2215 2209 2214
f 572 2205 2216
f 2218 2216 2205
f 2213 571 2218
f 2217 2218 571
f 2220 2223 574
f 2219 574 2223
f 2221 577 2223
f 2222 2223 577
f 2225 2227 575
f 2224 575 2227
f 574 2226 2220
f 2227 2220 2226
f 576 2229 2228
f 2231 2228 2229
f 575 2230 2225
f 2231 2225 2230
f 577 2221 2232
f 2234 2232 2221
f 2229 576 2234
f 2233 2234 576
f 579 2236 2235
f 2238 2235 2236
f 515 2000 2237
f 2238 2237 2000
f 574 2239 2226
f 2241 2226 2239
f 2236 579 2241
f 2240 2241 579
f 580 2243 2242
f 2244 2242 2243
f 574 2219 2239
f 2244 2239 2219
f 2237 2246 515
f 1991 515 2246
f 2243 580 2246
f 2245 2246 580
f 2248 2251 582
f 2247 582 2251
f 2250 2251 584
f 2249 584 2251
f 576 2252 2233
f 2254 2233 2252
f 582 2253 2248
f 2254 2248 2253
f 583 2256 2255
f 2257 2255 2256
f 2252 576 2257
f 2228 2257 576
f 584 2249 2258
f 2260 2258 2249
f 2260 2256 2259
f 583 2259 2256
f 2261 2263 483
f 1891 483 2263
f 2235 2263 579
f 2262 579 2263
f 583 2264 2259
f 2265 2259 2264
f 483 1886 2261
f 2265 2261 1886
f 2266 2267 575
f 2230 575 2267
f 583 2255 2264
f 2267 2264 2255
f 579 2262 2240
f 2268 2240 2262
f 575 2224 2266
f 2268 2266 2224
f 2271 1930 2269
f 495 2269 1930
f 2271 2270 2247
f 582 2247 2270
f 2272 2273 580
f 2245 580 2273
f 2269 495 2273
f 1923 2273 495
f 577 2274 2222
f 2275 2222 2274
f 580 2242 2272
f 2275 2272 2242
f 2270 2276 582
f 2253 582 2276
f 2276 2274 2232
f 577 2232 2274
f 500 2277 1945
f 2280 1945 2277
f 589 2279 2278
f 2280 2278 2279
f 2282 2283 588
f 2281 588 2283
f 1939 2283 500
f 2277 500 2283
f 572 2284 2206
f 2286 2206 2284
f 588 2285 2282
f 2286 2282 2285
f 2278 2288 589
f 2287 589 2288
f 2284 572 2288
f 2216 2288 572
f 2292 2289 2290
f 591 2290 2289
f 489 1906 2291
f 2292 2291 1906
f 2293 2295 569
f 2210 569 2295
f 2290 591 2295
f 2294 2295 591
f 588 2296 2285
f 2297 2285 2296
f 569 2203 2293
f 2297 2293 2203
f 1896 489 2298
f 2291 2298 489
f 2296 588 2298
f 2281 2298 588
f 478 2299 1874
f 2302 1874 2299
f 593 2301 2300
f 2302 2300 2301
f 2303 2304 589
f 2279 589 2304
f 1868 2304 478
f 2299 478 2304
f 571 2305 2217
f 2306 2217 2305
f 589 2287 2303
f 2306 2303 2287
f 2300 2308 593
f 2307 593 2308
f 2212 2308 571
f 2305 571 2308
f 2310 2312 595
f 2309 595 2312
f 2289 2312 591
f 2311 591 2312
f 2313 2315 593
f 2301 593 2315
f 595 2314 2310
f 2315 2310 2314
f 570 2316 2214
f 2317 2214 2316
f 593 2307 2313
f 2317 2313 2307
f 591 2311 2294
f 2318 2294 2311
f 570 2208 2316
f 2318 2316 2208
f 2319 2322 565
f 2195 565 2322
f 2321 2322 599
f 2320 599 2322
f 558 2323 2173
f 2324 2173 2323
f 565 2189 2319
f 2324 2319 2189
f 2326 2327 597
f 2325 597 2327
f 2323 558 2327
f 2168 2327 558
f 598 2329 2328
f 2331 2328 2329
f 2331 2326 2330
f 597 2330 2326
f 2320 2334 599
f 2332 599 2334
f 2333 2334 598
f 2329 598 2334
f 2335 601 2339
f 2336 2339 601
f 2338 2339 604
f 2337 604 2339
f 2341 2343 602
f 2340 602 2343
f 2336 601 2343
f 2342 2343 601
f 2345 2347 603
f 2344 603 2347
f 602 2346 2341
f 2347 2341 2346
f 604 2337 2348
f 2350 2348 2337
f 603 2349 2345
f 2350 2345 2349
f 2351 2353 603
f 2349 603 2353
f 2352 598 2353
f 2328 2353 598
f 606 2355 2354
f 2356 2354 2355
f 603 2344 2351
f 2356 2351 2344
f 2358 2360 607
f 2357 607 2360
f 2359 2360 606
f 2355 606 2360
f 2362 2333 2352
f 598 2352 2333
f 607 2361 2358
f 2362 2358 2361
f 2363 2366 606
f 2359 606 2366
f 2365 2366 610
f 2364 610 2366
f 2367 2368 602
f 2346 602 2368
f 606 2354 2363
f 2368 2363 2354
f 2370 2371 609
f 2369 609 2371
f 602 2340 2367
f 2371 2367 2340
f 610 2364 2372
f 2374 2372 2364
f 609 2373 2370
f 2374 2370 2373
f 612 2376 2375
f 2378 2375 2376
f 324 1247 2377
f 2378 2377 1247
f 2379 2381 527
f 2051 527 2381
f 2380 2381 612
f 2376 612 2381
f 613 2383 2382
f 2384 2382 2383
f 527 2046 2379
f 2384 2379 2046
f 2377 2386 324
f 1254 324 2386
f 2385 2386 613
f 2383 613 2386
f 615 2388 2387
f 2390 2387 2388
f 2390 2389 1261
f 328 1261 2389
f 2391 2393 540
f 2093 540 2393
f 2392 2393 615
f 2388 615 2393
f 2396 2394 2395
f 616 2395 2394
f 540 2090 2391
f 2396 2391 2090
f 2389 2398 328
f 1268 328 2398
f 2395 616 2398
f 2397 2398 616
f 616 2399 2397
f 2401 2397 2399
f 2401 2400 1275
f 332 1275 2400
f 2078 535 2403
f 2402 2403 535
f 2394 2403 616
f 2399 616 2403
f 618 2405 2404
f 2406 2404 2405
f 2406 2402 2072
f 535 2072 2402
f 2400 2408 332
f 1281 332 2408
f 2405 618 2408
f 2407 2408 618
f 620 2410 2409
f 2412 2409 2410
f 335 1287 2411
f 2412 2411 1287
f 2413 2415 595
f 2314 595 2415
f 2414 2415 620
f 2410 620 2415
f 2418 2416 2417
f 621 2417 2416
f 2418 2413 2309
f 595 2309 2413
f 2411 2420 335
f 1294 335 2420
f 2417 621 2420
f 2419 2420 621
f 2421 623 2424
f 2422 2424 623
f 2423 339 2424
f 1301 2424 339
f 584 2425 2250
f 2427 2250 2425
f 623 2426 2422
f 2427 2422 2426
f 2429 2430 624
f 2428 624 2430
f 2425 584 2430
f 2258 2430 584
f 2432 1308 2423
f 339 2423 1308
f 624 2431 2429
f 2432 2429 2431
f 613 2433 2385
f 2435 2385 2433
f 2435 2434 1315
f 343 1315 2434
f 2063 531 2437
f 2436 2437 531
f 2382 2437 613
f 2433 613 2437
f 2439 2392 2438
f 615 2438 2392
f 531 2058 2436
f 2439 2436 2058
f 2434 2440 343
f 1320 343 2440
f 2438 615 2440
f 2387 2440 615
f 627 2442 2441
f 2444 2441 2442
f 345 1325 2443
f 2444 2443 1325
f 2156 553 2447
f 2445 2447 553
f 2446 2447 627
f 2442 627 2447
f 612 2448 2380
f 2449 2380 2448
f 553 2151 2445
f 2449 2445 2151
f 1331 345 2450
f 2443 2450 345
f 2375 2450 612
f 2448 612 2450
f 629 2452 2451
f 2454 2451 2452
f 2454 2453 1337
f 348 1337 2453
f 2170 557 2457
f 2455 2457 557
f 629 2456 2452
f 2457 2452 2456
f 2459 2446 2458
f 627 2458 2446
f 557 2165 2455
f 2459 2455 2165
f 2453 2460 348
f 1343 348 2460
f 2458 627 2460
f 2441 2460 627
f 631 2462 2461
f 2464 2461 2462
f 2464 2463 1349
f 351 1349 2463
f 2465 632 2468
f 2466 2468 632
f 2467 2468 631
f 2462 631 2468
f 633 2470 2469
f 2472 2469 2470
f 632 2471 2466
f 2472 2466 2471
f 2463 2474 351
f 1356 351 2474
f 2473 2474 633
f 2470 633 2474
f 2478 2475 2476
f 635 2476 2475
f 1365 2478 356
f 2477 356 2478
f 566 2479 2199
f 2481 2199 2479
f 2476 635 2481
f 2480 2481 635
f 631 2482 2467
f 2483 2467 2482
f 2193 2483 566
f 2479 566 2483
f 356 2477 1371
f 2484 1371 2477
f 2482 631 2484
f 2461 2484 631
f 637 2486 2485
f 2488 2485 2486
f 2488 2487 1377
f 359 1377 2487
f 2489 2491 496
f 1934 496 2491
f 2490 2491 637
f 2486 637 2491
f 2492 2493 623
f 2426 623 2493
f 496 1928 2489
f 2493 2489 1928
f 2487 2494 359
f 1383 359 2494
f 2494 2492 2421
f 623 2421 2492
f 2495 2497 621
f 2419 621 2497
f 2496 362 2497
f 1389 2497 362
f 488 2498 1907
f 2499 1907 2498
f 2499 2495 2416
f 621 2416 2495
f 2501 2502 639
f 2500 639 2502
f 1902 2502 488
f 2498 488 2502
f 2504 1395 2496
f 362 2496 1395
f 639 2503 2501
f 2504 2501 2503
f 2505 2507 639
f 2503 639 2507
f 2506 365 2507
f 1401 2507 365
f 492 2508 1919
f 2509 1919 2508
f 639 2500 2505
f 2509 2505 2500
f 2511 2512 641
f 2510 641 2512
f 1914 2512 492
f 2508 492 2512
f 2514 1407 2506
f 365 2506 1407
f 641 2513 2511
f 2514 2511 2513
f 2515 2517 641
f 2513 641 2517
f 2516 368 2517
f 1413 2517 368
f 2519 2149 2518
f 555 2518 2149
f 641 2510 2515
f 2519 2515 2510
f 2522 2520 2521
f 643 2521 2520
f 555 2158 2518
f 2522 2518 2158
f 1419 368 2524
f 2516 2524 368
f 2521 643 2524
f 2523 2524 643
f 643 2525 2523
f 2527 2523 2525
f 371 1425 2526
f 2527 2526 1425
f 563 2528 2177
f 2529 2177 2528
f 2520 2529 643
f 2525 643 2529
f 2531 2532 645
f 2530 645 2532
f 2186 2532 563
f 2528 563 2532
f 1431 371 2534
f 2526 2534 371
f 645 2533 2531
f 2534 2531 2533
f 2535 2537 645
f 2533 645 2537
f 2536 374 2537
f 1437 2537 374
f 562 2538 2187
f 2539 2187 2538
f 645 2530 2535
f 2539 2535 2530
f 2541 2542 647
f 2540 647 2542
f 2182 2542 562
f 2538 562 2542
f 2544 1443 2536
f 374 2536 1443
f 647 2543 2541
f 2544 2541 2543
f 2545 2547 647
f 2543 647 2547
f 2547 2546 1449
f 377 1449 2546
f 2548 2549 567
f 2201 567 2549
f 2540 2549 647
f 2545 647 2549
f 635 2550 2480
f 2551 2480 2550
f 567 2197 2548
f 2551 2548 2197
f 2546 2552 377
f 1454 377 2552
f 2550 635 2552
f 2475 2552 635
f 2555 1461 2553
f 380 2553 1461
f 2555 2554 2451
f 629 2451 2554
f 2557 2558 650
f 2556 650 2558
f 380 1470 2553
f 2558 2553 1470
f 604 2559 2338
f 2561 2338 2559
f 650 2560 2557
f 2561 2557 2560
f 2562 2563 597
f 2330 597 2563
f 2348 2563 604
f 2559 604 2563
f 2554 2564 629
f 2456 629 2564
f 2564 2562 2325
f 597 2325 2562
f 2321 599 2567
f 2565 2567 599
f 2465 2567 632
f 2566 632 2567
f 652 2569 2568
f 2570 2568 2569
f 599 2332 2565
f 2570 2565 2332
f 2471 632 2572
f 2566 2572 632
f 2571 2572 652
f 2569 652 2572
f 654 2574 2573
f 2577 2573 2574
f 657 2576 2575
f 2577 2575 2576
f 2579 2581 655
f 2578 655 2581
f 2580 2581 654
f 2574 654 2581
f 656 2583 2582
f 2585 2582 2583
f 655 2584 2579
f 2585 2579 2584
f 2575 2588 657
f 2586 657 2588
f 2587 2588 656
f 2583 656 2588
f 659 2590 2589
f 2593 2589 2590
f 2593 2591 2592
f 662 2592 2591
f 660 2595 2594
f 2597 2594 2595
f 2590 659 2597
f 2596 2597 659
f 2601 2598 2599
f 661 2599 2598
f 2595 660 2601
f 2600 2601 660
f 2591 2604 662
f 2602 662 2604
f 2599 661 2604
f 2603 2604 661
f 2606 2609 664
f 2605 664 2609
f 2608 2609 667
f 2607 667 2609
f 2613 2610 2611
f 665 2611 2610
f 664 2612 2606
f 2613 2606 2612
f 2615 2617 666
f 2614 666 2617
f 2611 665 2617
f 2616 2617 665
f 2607 2620 667
f 2618 667 2620
f 2620 2615 2619
f 666 2619 2615
f 2603 661 2624
f 2621 2624 661
f 671 2623 2622
f 2624 2622 2623
f 2626 2627 669
f 2625 669 2627
f 2621 661 2627
f 2598 2627 661
f 670 2629 2628
f 2631 2628 2629
f 2631 2626 2630
f 669 2630 2626
f 671 2622 2632
f 2634 2632 2622
f 2629 670 2634
f 2633 2634 670
f 2638 2633 2635
f 670 2635 2633
f 674 2637 2636
f 2638 2636 2637
f 2641 2639 2640
f 673 2640 2639
f 2635 670 2641
f 2628 2641 670
f 2619 666 2644
f 2642 2644 666
f 2644 2640 2643
f 673 2643 2640
f 2646 2645 2636
f 674 2636 2645
f 666 2614 2642
f 2646 2642 2614
f 676 2648 2647
f 2650 2647 2648
f 2589 2650 659
f 2649 659 2650
f 2652 2654 677
f 2651 677 2654
f 2653 2654 676
f 2648 676 2654
f 2612 664 2657
f 2655 2657 664
f 677 2656 2652
f 2657 2652 2656
f 659 2649 2596
f 2658 2596 2649
f 664 2605 2655
f 2658 2655 2605
f 2660 2662 679
f 2659 679 2662
f 2661 676 2662
f 2647 2662 676
f 2663 2665 607
f 2361 607 2665
f 2664 2665 679
f 2660 679 2665
f 610 2666 2365
f 2667 2365 2666
f 607 2357 2663
f 2667 2663 2357
f 2669 2670 680
f 2668 680 2670
f 2372 2670 610
f 2666 610 2670
f 676 2661 2653
f 2672 2653 2661
f 680 2671 2669
f 2672 2669 2671
f 2656 677 2676
f 2673 2676 677
f 2675 2676 682
f 2674 682 2676
f 680 2677 2671
f 2678 2671 2677
f 677 2651 2673
f 2678 2673 2651
f 609 2679 2373
f 2680 2373 2679
f 2680 2677 2668
f 680 2668 2677
f 2682 2342 2681
f 601 2681 2342
f 609 2369 2679
f 2682 2679 2369
f 2684 2683 2674
f 682 2674 2683
f 2684 2681 2335
f 601 2335 2681
f 665 2685 2616
f 2688 2616 2685
f 684 2687 2686
f 2688 2686 2687
f 2689 2690 682
f 2675 682 2690
f 2610 2690 665
f 2685 665 2690
f 650 2691 2560
f 2692 2560 2691
f 2692 2689 2683
f 682 2683 2689
f 2693 2694 415
f 1602 415 2694
f 2556 2694 650
f 2691 650 2694
f 2686 2696 684
f 2695 684 2696
f 415 1597 2693
f 2696 2693 1597
f 2697 2700 419
f 1610 419 2700
f 2699 2700 687
f 2698 687 2700
f 633 2701 2473
f 2702 2473 2701
f 419 1621 2697
f 2702 2697 1621
f 2704 2705 686
f 2703 686 2705
f 2469 2705 633
f 2701 633 2705
f 2706 2708 671
f 2623 671 2708
f 686 2707 2704
f 2708 2704 2707
f 2710 2709 2698
f 687 2698 2709
f 2706 671 2710
f 2632 2710 671
f 1625 421 2713
f 2711 2713 421
f 684 2695 2712
f 2713 2712 2695
f 687 2714 2699
f 2715 2699 2714
f 2715 2711 1631
f 421 1631 2711
f 2716 2717 674
f 2637 674 2717
f 2714 687 2717
f 2709 2717 687
f 2712 2718 684
f 2687 684 2718
f 2645 2718 674
f 2716 674 2718
f 652 2719 2571
f 2721 2571 2719
f 686 2703 2720
f 2721 2720 2703
f 2664 679 2723
f 2722 2723 679
f 2568 2723 652
f 2719 652 2723
f 2724 2725 662
f 2592 662 2725
f 2659 2725 679
f 2722 679 2725
f 2720 2726 686
f 2707 686 2726
f 662 2602 2724
f 2726 2724 2602
f 660 2727 2600
f 2730 2600 2727
f 2730 2728 2729
f 692 2729 2728
f 2731 691 2733
f 2732 2733 691
f 2594 2733 660
f 2727 660 2733
f 657 2734 2576
f 2736 2576 2734
f 691 2735 2732
f 2736 2732 2735
f 692 2728 2737
f 2738 2737 2728
f 657 2586 2734
f 2738 2734 2586
f 2739 2742 669
f 2630 669 2742
f 2741 2742 694
f 2740 694 2742
f 2729 692 2744
f 2743 2744 692
f 669 2625 2739
f 2744 2739 2625
f 656 2745 2587
f 2746 2587 2745
f 692 2737 2743
f 2746 2743 2737
f 694 2740 2747
f 2748 2747 2740
f 656 2582 2745
f 2748 2745 2582
f 673 2749 2643
f 2752 2643 2749
f 2752 2750 2751
f 696 2751 2750
f 2754 2741 2753
f 694 2753 2741
f 2639 2754 673
f 2749 673 2754
f 2755 2756 655
f 2584 655 2756
f 2753 694 2756
f 2747 2756 694
f 696 2750 2757
f 2758 2757 2750
f 655 2578 2755
f 2758 2755 2578
f 2759 2761 667
f 2608 667 2761
f 2731 2761 691
f 2760 691 2761
f 2763 2751 2762
f 696 2762 2751
f 667 2618 2759
f 2763 2759 2618
f 654 2764 2580
f 2765 2580 2764
f 696 2757 2762
f 2765 2762 2757
f 691 2760 2735
f 2766 2735 2760
f 654 2573 2764
f 2766 2764 2573
f 2767 699 2770
f 2768 2770 699
f 2769 482 2770
f 1883 2770 482
f 2774 2771 2772
f 700 2772 2771
f 699 2773 2768
f 2774 2768 2773
f 2778 2775 2776
f 701 2776 2775
f 2772 700 2778
f 2777 2778 700
f 2780 1888 2769
f 482 2769 1888
f 2776 701 2780
f 2779 2780 701
f 701 2781 2779
f 2783 2779 2781
f 624 2428 2782
f 2783 2782 2428
f 2785 2786 703
f 2784 703 2786
f 2775 2786 701
f 2781 701 2786
f 436 2787 1703
f 2789 1703 2787
f 703 2788 2785
f 2789 2785 2788
f 2782 2790 624
f 2431 624 2790
f 1698 2790 436
f 2787 436 2790
f 2791 2793 441
f 1709 441 2793
f 2409 2793 620
f 2792 620 2793
f 705 2795 2794
f 2796 2794 2795
f 441 1718 2791
f 2796 2791 1718
f 2797 706 2800
f 2798 2800 706
f 2799 2800 705
f 2795 705 2800
f 620 2792 2414
f 2802 2414 2792
f 706 2801 2798
f 2802 2798 2801
f 2803 2805 706
f 2801 706 2805
f 2805 2804 1872
f 479 1872 2804
f 2807 2808 708
f 2806 708 2808
f 2808 2803 2797
f 706 2797 2803
f 699 2809 2773
f 2811 2773 2809
f 2811 2807 2810
f 708 2810 2807
f 2804 2812 479
f 1877 479 2812
f 2812 2809 2767
f 699 2767 2809
f 2813 2815 703
f 2788 703 2815
f 445 1731 2814
f 2815 2814 1731
f 700 2816 2777
f 2817 2777 2816
f 703 2784 2813
f 2817 2813 2784
f 2819 2820 710
f 2818 710 2820
f 2771 2820 700
f 2816 700 2820
f 2822 1737 2814
f 445 2814 1737
f 710 2821 2819
f 2822 2819 2821
f 710 2823 2821
f 2825 2821 2823
f 1743 2825 448
f 2824 448 2825
f 2826 2827 708
f 2810 708 2827
f 2818 2827 710
f 2823 710 2827
f 705 2828 2799
f 2829 2799 2828
f 708 2806 2826
f 2829 2826 2806
f 2824 2830 448
f 1748 448 2830
f 2794 2830 705
f 2828 705 2830
f 2832 2835 713
f 2831 713 2835
f 2834 2835 715
f 2833 715 2835
f 2836 714 2839
f 2837 2839 714
f 713 2838 2832
f 2839 2832 2838
f 715 2833 2840
f 2842 2840 2833
f 714 2841 2837
f 2842 2837 2841
f 2844 2846 717
f 2843 717 2846
f 713 2831 2845
f 2846 2845 2831
f 519 2847 2006
f 2849 2006 2847
f 2849 2844 2848
f 717 2848 2844
f 2850 2851 497
f 1937 497 2851
f 2015 2851 519
f 2847 519 2851
f 718 2853 2852
f 2854 2852 2853
f 497 1932 2850
f 2854 2850 1932
f 2845 2856 713
f 2838 713 2856
f 2855 2856 718
f 2853 718 2856
f 715 2857 2834
f 2859 2834 2857
f 717 2843 2858
f 2859 2858 2843
f 2861 2862 720
f 2860 720 2862
f 2840 2862 715
f 2857 715 2862
f 2863 2865 534
f 2074 534 2865
f 2864 2865 720
f 2861 720 2865
f 545 2866 2115
f 2867 2115 2866
f 2863 534 2867
f 2067 2867 534
f 2858 2868 717
f 2848 717 2868
f 2111 2868 545
f 2866 545 2868
f 2869 2872 460
f 1794 460 2872
f 2871 2872 722
f 2870 722 2872
f 618 2873 2407
f 2874 2407 2873
f 2874 2869 1801
f 460 1801 2869
f 2864 720 2876
f 2875 2876 720
f 2404 2876 618
f 2873 618 2876
f 722 2870 2877
f 2878 2877 2870
f 720 2860 2875
f 2878 2875 2860
f 463 2879 1805
f 2881 1805 2879
f 637 2485 2880
f 2881 2880 2485
f 2883 2884 724
f 2882 724 2884
f 1812 2884 463
f 2879 463 2884
f 718 2885 2855
f 2887 2855 2885
f 724 2886 2883
f 2887 2883 2886
f 2880 2888 637
f 2490 637 2888
f 2852 2888 718
f 2885 718 2888
f 726 2890 2889
f 2892 2889 2890
f 714 2836 2891
f 2892 2891 2836
f 2894 2896 727
f 2893 727 2896
f 2895 2896 726
f 2890 726 2896
f 2898 2900 728
f 2897 728 2900
f 2894 727 2900
f 2899 2900 727
f 2841 714 2902
f 2891 2902 714
f 2902 2898 2901
f 728 2901 2898
f 2901 728 2905
f 2903 2905 728
f 2877 2905 722
f 2904 722 2905
f 730 2907 2906
f 2908 2906 2907
f 728 2897 2903
f 2908 2903 2897
f 2909 2911 469
f 1837 469 2911
f 2910 2911 730
f 2907 730 2911
f 722 2904 2871
f 2912 2871 2904
f 469 1832 2909
f 2912 2909 1832
f 473 2913 1843
f 2915 1843 2913
f 2915 2914 2882
f 724 2882 2914
f 2917 2918 732
f 2916 732 2918
f 1850 2918 473
f 2913 473 2918
f 2921 2895 2919
f 726 2919 2895
f 732 2920 2917
f 2921 2917 2920
f 2914 2922 724
f 2886 724 2922
f 2919 726 2922
f 2889 2922 726
f 2923 2925 727
f 2899 727 2925
f 2906 2925 730
f 2924 730 2925
f 2926 2927 732
f 2920 732 2927
f 2923 727 2927
f 2893 2927 727
f 475 2928 1860
f 2929 1860 2928
f 732 2916 2926
f 2929 2926 2916
f 730 2924 2910
f 2930 2910 2924
f 2930 2928 1856
f 475 1856 2928
f 738 6 739
f 735 739 6
f 193 737 736
f 739 736 737
f 743 742 740
f 14 740 742
f 741 193 743
f 736 743 193
f 747 746 744
f 10 744 746
f 193 741 745
f 747 745 741
f 16 748 749
f 750 749 748
f 745 750 193
f 737 193 750
f 754 735 751
f 6 751 735
f 197 753 752
f 754 752 753
f 18 755 757
f 758 757 755
f 752 758 197
f 756 197 758
f 762 761 759
f 13 759 761
f 197 756 760
f 762 760 756
f 763 14 764
f 742 764 14
f 760 764 197
f 753 197 764
f 1 765 768
f 769 768 765
f 767 769 202
f 766 202 769
f 12 770 772
f 773 772 770
f 202 766 771
f 773 771 766
f 774 777 11
f 776 11 777
f 771 777 202
f 775 202 777
f 24 778 779
f 780 779 778
f 202 775 767
f 780 767 775
f 7 781 784
f 785 784 781
f 206 783 782
f 785 782 783
f 779 788 24
f 787 24 788
f 782 788 206
f 786 206 788
f 11 789 774
f 791 774 789
f 206 786 790
f 791 790 786
f 792 794 23
f 793 23 794
f 790 794 206
f 783 206 794
f 2 795 798
f 799 798 795
f 211 797 796
f 799 796 797
f 800 803 27
f 802 27 803
f 796 803 211
f 801 211 803
f 804 807 19
f 806 19 807
f 211 801 805
f 807 805 801
f 20 808 809
f 810 809 808
f 810 797 805
f 211 805 797
f 768 814 1
f 813 1 814
f 812 814 215
f 811 215 814
f 24 815 778
f 817 778 815
f 215 811 816
f 817 816 811
f 818 821 15
f 820 15 821
f 816 821 215
f 819 215 821
f 16 822 823
f 824 823 822
f 215 819 812
f 824 812 819
f 828 827 738
f 6 738 827
f 218 826 825
f 828 825 826
f 16 823 748
f 830 748 823
f 825 830 218
f 829 218 830
f 15 831 818
f 833 818 831
f 218 829 832
f 833 832 829
f 834 836 32
f 835 32 836
f 832 836 218
f 826 218 836
f 841 840 837
f 5 837 840
f 838 222 841
f 839 841 222
f 32 835 843
f 844 843 835
f 844 842 838
f 222 838 842
f 831 15 847
f 845 847 15
f 842 847 222
f 846 222 847
f 849 30 850
f 848 850 30
f 222 846 839
f 850 839 846
f 851 854 7
f 781 7 854
f 853 854 224
f 852 224 854
f 857 856 849
f 30 849 856
f 855 224 857
f 852 857 224
f 15 820 845
f 859 845 820
f 859 858 855
f 224 855 858
f 24 787 815
f 860 815 787
f 858 860 224
f 853 224 860
f 861 864 2
f 795 2 864
f 863 864 228
f 862 228 864
f 18 865 867
f 868 867 865
f 228 862 866
f 868 866 862
f 869 872 17
f 871 17 872
f 866 872 228
f 870 228 872
f 27 802 873
f 874 873 802
f 228 870 863
f 874 863 870
f 879 878 875
f 8 875 878
f 232 877 876
f 879 876 877
f 873 882 27
f 881 27 882
f 876 882 232
f 880 232 882
f 17 883 869
f 885 869 883
f 232 880 884
f 885 884 880
f 887 29 888
f 886 888 29
f 884 888 232
f 877 232 888
f 837 5 892
f 889 892 5
f 891 892 235
f 890 235 892
f 29 887 894
f 895 894 887
f 235 890 893
f 895 893 890
f 896 898 17
f 883 17 898
f 893 898 235
f 897 235 898
f 899 32 900
f 843 900 32
f 235 897 891
f 900 891 897
f 751 6 903
f 827 903 6
f 236 902 901
f 903 901 902
f 32 899 834
f 905 834 899
f 901 905 236
f 904 236 905
f 17 871 896
f 907 896 871
f 236 904 906
f 907 906 904
f 18 757 865
f 908 865 757
f 906 908 236
f 902 236 908
f 913 912 909
f 3 909 912
f 241 911 910
f 913 910 911
f 22 914 916
f 917 916 914
f 915 241 917
f 910 917 241
f 21 918 920
f 921 920 918
f 921 919 915
f 241 915 919
f 31 922 923
f 924 923 922
f 919 924 241
f 911 241 924
f 925 929 9
f 928 9 929
f 245 927 926
f 929 926 927
f 923 932 31
f 931 31 932
f 926 932 245
f 930 245 932
f 21 933 918
f 935 918 933
f 245 930 934
f 935 934 930
f 938 937 936
f 33 936 937
f 934 938 245
f 927 245 938
f 939 943 4
f 942 4 943
f 941 943 250
f 940 250 943
f 28 944 946
f 947 946 944
f 250 940 945
f 947 945 940
f 948 951 25
f 950 25 951
f 945 951 250
f 949 250 951
f 26 952 953
f 954 953 952
f 954 941 949
f 250 949 941
f 9 928 957
f 958 957 928
f 253 956 955
f 958 955 956
f 959 961 33
f 936 33 961
f 955 961 253
f 960 253 961
f 25 950 963
f 964 963 950
f 253 960 962
f 964 962 960
f 965 966 28
f 944 28 966
f 962 966 253
f 956 253 966
f 840 970 5
f 969 5 970
f 968 970 256
f 967 256 970
f 30 971 848
f 973 848 971
f 256 967 972
f 973 972 967
f 975 31 976
f 931 976 31
f 972 976 256
f 974 256 976
f 9 977 925
f 978 925 977
f 256 974 968
f 978 968 974
f 29 979 886
f 982 886 979
f 982 980 981
f 259 981 980
f 946 985 28
f 984 28 985
f 980 985 259
f 983 259 985
f 986 988 4
f 939 4 988
f 259 983 987
f 988 987 983
f 878 990 8
f 989 8 990
f 981 259 990
f 987 990 259
f 23 991 792
f 994 792 991
f 994 992 993
f 262 993 992
f 22 916 996
f 997 996 916
f 992 997 262
f 995 262 997
f 998 1000 3
f 909 3 1000
f 262 995 999
f 1000 999 995
f 784 1002 7
f 1001 7 1002
f 993 262 1002
f 999 1002 262
f 28 984 965
f 1005 965 984
f 263 1004 1003
f 1005 1003 1004
f 894 1007 29
f 979 29 1007
f 1003 1007 263
f 1006 263 1007
f 5 969 889
f 1009 889 969
f 263 1006 1008
f 1009 1008 1006
f 957 1010 9
f 977 9 1010
f 1008 1010 263
f 1004 263 1010
f 856 1013 30
f 971 30 1013
f 1012 1013 264
f 1011 264 1013
f 7 1001 851
f 1015 851 1001
f 264 1011 1014
f 1015 1014 1011
f 912 1017 3
f 998 3 1017
f 1014 1017 264
f 1016 264 1017
f 31 975 922
f 1018 922 975
f 264 1016 1012
f 1018 1012 1016
f 23 1019 991
f 1022 991 1019
f 1020 268 1022
f 1021 1022 268
f 35 1023 1025
f 1026 1025 1023
f 1026 1024 1020
f 268 1020 1024
f 1029 34 1030
f 1027 1030 34
f 1024 1030 268
f 1028 268 1030
f 1032 1031 996
f 22 996 1031
f 268 1028 1021
f 1032 1021 1028
f 1033 1036 35
f 1023 35 1036
f 1035 1036 272
f 1034 272 1036
f 37 1037 1039
f 1040 1039 1037
f 272 1034 1038
f 1040 1038 1034
f 1043 36 1044
f 1041 1044 36
f 1038 1044 272
f 1042 272 1044
f 1046 1045 1029
f 34 1029 1045
f 272 1042 1035
f 1046 1035 1042
f 35 1047 1033
f 1050 1033 1047
f 276 1049 1048
f 1050 1048 1049
f 1051 1054 40
f 1053 40 1054
f 1048 1054 276
f 1052 276 1054
f 41 1055 1057
f 1058 1057 1055
f 276 1052 1056
f 1058 1056 1052
f 1039 1060 37
f 1059 37 1060
f 1056 1060 276
f 1049 276 1060
f 37 1059 1063
f 1064 1063 1059
f 280 1062 1061
f 1064 1061 1062
f 1065 1067 41
f 1055 41 1067
f 1061 1067 280
f 1066 280 1067
f 1071 1070 1068
f 42 1068 1070
f 280 1066 1069
f 1071 1069 1066
f 38 1072 1073
f 1074 1073 1072
f 1074 1062 1069
f 280 1069 1062
f 1079 1078 1075
f 43 1075 1078
f 285 1077 1076
f 1079 1076 1077
f 1080 1083 48
f 1082 48 1083
f 285 1076 1081
f 1083 1081 1076
f 1084 1087 45
f 1086 45 1087
f 285 1081 1085
f 1087 1085 1081
f 1088 1090 46
f 1089 46 1090
f 285 1085 1077
f 1090 1077 1085
f 1091 1095 44
f 1094 44 1095
f 290 1093 1092
f 1095 1092 1093
f 1099 1098 1096
f 50 1096 1098
f 290 1092 1097
f 1099 1097 1092
f 1100 1103 47
f 1102 47 1103
f 1097 1103 290
f 1101 290 1103
f 1104 1106 49
f 1105 49 1106
f 290 1101 1093
f 1106 1093 1101
f 18 867 1109
f 1110 1109 867
f 1107 293 1110
f 1108 1110 293
f 1113 861 1111
f 2 1111 861
f 293 1107 1112
f 1113 1112 1107
f 1094 1116 44
f 1115 44 1116
f 1112 1116 293
f 1114 293 1116
f 1117 1118 49
f 1104 49 1118
f 293 1114 1108
f 1118 1108 1114
f 20 1119 1122
f 1123 1122 1119
f 297 1121 1120
f 1123 1120 1121
f 13 1124 1126
f 1127 1126 1124
f 1120 1127 297
f 1125 297 1127
f 1102 1130 47
f 1129 47 1130
f 297 1125 1128
f 1130 1128 1125
f 1131 1132 50
f 1096 50 1132
f 1128 1132 297
f 1121 297 1132
f 18 1109 755
f 1135 755 1109
f 298 1134 1133
f 1135 1133 1134
f 1105 1137 49
f 1117 49 1137
f 1133 1137 298
f 1136 298 1137
f 1129 1139 47
f 1100 47 1139
f 298 1136 1138
f 1139 1138 1136
f 13 761 1124
f 1140 1124 761
f 1138 1140 298
f 1134 298 1140
f 20 1122 808
f 1143 808 1122
f 1142 1143 299
f 1141 299 1143
f 1098 1145 50
f 1131 50 1145
f 299 1141 1144
f 1145 1144 1141
f 1115 1147 44
f 1091 44 1147
f 1144 1147 299
f 1146 299 1147
f 1148 1111 798
f 2 798 1111
f 1148 1142 1146
f 299 1146 1142
f 16 1149 822
f 1152 822 1149
f 1151 1152 302
f 1150 302 1152
f 1082 1155 48
f 1154 48 1155
f 302 1150 1153
f 1155 1153 1150
f 1156 1158 43
f 1075 43 1158
f 1153 1158 302
f 1157 302 1158
f 1160 1159 813
f 1 813 1159
f 302 1157 1151
f 1160 1151 1157
f 772 1164 12
f 1163 12 1164
f 1161 304 1164
f 1162 1164 304
f 1159 1166 1
f 765 1 1166
f 1166 1165 1161
f 304 1161 1165
f 1078 1168 43
f 1156 43 1168
f 1165 1168 304
f 1167 304 1168
f 1169 1170 46
f 1088 46 1170
f 304 1167 1162
f 1170 1162 1167
f 1171 1174 10
f 744 10 1174
f 1173 1174 306
f 1172 306 1174
f 1086 1177 45
f 1176 45 1177
f 306 1172 1175
f 1177 1175 1172
f 1154 1179 48
f 1080 48 1179
f 1175 1179 306
f 1178 306 1179
f 16 749 1149
f 1180 1149 749
f 306 1178 1173
f 1180 1173 1178
f 12 1163 1183
f 1184 1183 1163
f 308 1182 1181
f 1184 1181 1182
f 1089 1186 46
f 1169 46 1186
f 1181 1186 308
f 1185 308 1186
f 1176 1188 45
f 1084 45 1188
f 308 1185 1187
f 1188 1187 1185
f 10 1189 1171
f 1190 1171 1189
f 1187 1190 308
f 1182 308 1190
f 38 1191 1072
f 1194 1072 1191
f 312 1193 1192
f 1194 1192 1193
f 51 1195 1197
f 1198 1197 1195
f 312 1192 1196
f 1198 1196 1192
f 1201 53 1202
f 1199 1202 53
f 312 1196 1200
f 1202 1200 1196
f 1205 1204 1043
f 36 1043 1204
f 312 1200 1203
f 1205 1203 1200
f 1063 1206 37
f 1037 37 1206
f 1203 1206 312
f 1193 312 1206
f 52 1207 1210
f 1211 1210 1207
f 1211 1208 1209
f 317 1209 1208
f 1212 1215 53
f 1214 53 1215
f 1208 1215 317
f 1213 317 1215
f 1216 1219 57
f 1218 57 1219
f 1217 317 1219
f 1213 1219 317
f 1222 1221 1220
f 56 1220 1221
f 317 1217 1209
f 1222 1209 1217
f 1225 1212 1201
f 53 1201 1212
f 320 1224 1223
f 1225 1223 1224
f 51 1226 1195
f 1228 1195 1226
f 1227 320 1228
f 1223 1228 320
f 1232 1231 1229
f 54 1229 1231
f 320 1227 1230
f 1232 1230 1227
f 1218 1234 57
f 1233 57 1234
f 1230 1234 320
f 1224 320 1234
f 1238 1229 1235
f 54 1235 1229
f 323 1237 1236
f 1238 1236 1237
f 1239 1242 55
f 1241 55 1242
f 1236 1242 323
f 1240 323 1242
f 1221 1245 56
f 1244 56 1245
f 323 1240 1243
f 1245 1243 1240
f 1233 1246 57
f 1216 57 1246
f 1243 1246 323
f 1237 323 1246
f 1247 1251 69
f 1250 69 1251
f 1249 1251 327
f 1248 327 1251
f 76 1252 1254
f 1255 1254 1252
f 327 1248 1253
f 1255 1253 1248
f 920 1258 21
f 1257 21 1258
f 1253 1258 327
f 1256 327 1258
f 22 1259 914
f 1260 914 1259
f 327 1256 1249
f 1260 1249 1256
f 1264 77 1265
f 1261 1265 77
f 1263 1265 331
f 1262 331 1265
f 1269 1268 1266
f 80 1266 1268
f 331 1262 1267
f 1269 1267 1262
f 963 1272 25
f 1271 25 1272
f 1270 331 1272
f 1267 1272 331
f 33 1273 959
f 1274 959 1273
f 331 1270 1263
f 1274 1263 1270
f 1266 80 1278
f 1275 1278 80
f 1277 1278 334
f 1276 334 1278
f 1282 1281 1279
f 81 1279 1281
f 334 1276 1280
f 1282 1280 1276
f 1284 26 1285
f 953 1285 26
f 1280 1285 334
f 1283 334 1285
f 25 1271 948
f 1286 948 1271
f 1286 1277 1283
f 334 1283 1277
f 1287 1291 67
f 1290 67 1291
f 1289 1291 338
f 1288 338 1291
f 1295 1294 1292
f 68 1292 1294
f 338 1288 1293
f 1295 1293 1288
f 1297 12 1298
f 1183 1298 12
f 1293 1298 338
f 1296 338 1298
f 1300 1189 1299
f 10 1299 1189
f 338 1296 1289
f 1300 1289 1296
f 78 1301 1304
f 1305 1304 1301
f 1305 1302 1303
f 342 1303 1302
f 1306 1309 74
f 1308 74 1309
f 1307 342 1309
f 1302 1309 342
f 1312 1311 1126
f 13 1126 1311
f 342 1307 1310
f 1312 1310 1307
f 1313 1314 20
f 1119 20 1314
f 1303 342 1314
f 1310 1314 342
f 1315 1318 76
f 1252 76 1318
f 1317 1318 344
f 1316 344 1318
f 1321 1320 1264
f 77 1264 1320
f 344 1316 1319
f 1321 1319 1316
f 937 1323 33
f 1273 33 1323
f 1322 344 1323
f 1319 1323 344
f 21 1257 933
f 1324 933 1257
f 344 1322 1317
f 1324 1317 1322
f 1328 70 1329
f 1325 1329 70
f 1326 347 1329
f 1327 1329 347
f 69 1250 1331
f 1332 1331 1250
f 347 1326 1330
f 1332 1330 1326
f 1031 1334 22
f 1259 22 1334
f 1330 1334 347
f 1333 347 1334
f 34 1335 1027
f 1336 1027 1335
f 347 1333 1327
f 1336 1327 1333
f 1340 71 1341
f 1337 1341 71
f 1339 1341 350
f 1338 350 1341
f 1344 1343 1328
f 70 1328 1343
f 350 1338 1342
f 1344 1342 1338
f 1045 1346 34
f 1335 34 1346
f 1345 350 1346
f 1342 1346 350
f 36 1347 1041
f 1348 1041 1347
f 1348 1339 1345
f 350 1345 1339
f 59 1349 1352
f 1353 1352 1349
f 1351 1353 355
f 1350 355 1353
f 65 1354 1356
f 1357 1356 1354
f 355 1350 1355
f 1357 1355 1350
f 1358 1361 39
f 1360 39 1361
f 1355 1361 355
f 1359 355 1361
f 38 1362 1363
f 1364 1363 1362
f 355 1359 1351
f 1364 1351 1359
f 1368 60 1369
f 1365 1369 60
f 358 1367 1366
f 1369 1366 1367
f 1372 1371 1352
f 59 1352 1371
f 1370 358 1372
f 1366 1372 358
f 38 1073 1362
f 1374 1362 1073
f 1374 1373 1370
f 358 1370 1373
f 1375 1376 42
f 1068 42 1376
f 1373 1376 358
f 1367 358 1376
f 1380 79 1381
f 1377 1381 79
f 1379 1381 361
f 1378 361 1381
f 1383 78 1384
f 1304 1384 78
f 361 1378 1382
f 1384 1382 1378
f 20 809 1313
f 1386 1313 809
f 1385 361 1386
f 1382 1386 361
f 19 1387 804
f 1388 804 1387
f 1388 1379 1385
f 361 1385 1379
f 68 1389 1292
f 1392 1292 1389
f 364 1391 1390
f 1392 1390 1391
f 1393 1396 58
f 1395 58 1396
f 1394 364 1396
f 1390 1396 364
f 11 776 1398
f 1399 1398 776
f 364 1394 1397
f 1399 1397 1394
f 770 12 1400
f 1297 1400 12
f 1397 1400 364
f 1391 364 1400
f 1404 1393 1401
f 58 1401 1393
f 367 1403 1402
f 1404 1402 1403
f 1405 1408 61
f 1407 61 1408
f 1406 367 1408
f 1402 1408 367
f 23 793 1410
f 1411 1410 793
f 367 1406 1409
f 1411 1409 1406
f 1398 1412 11
f 789 11 1412
f 1409 1412 367
f 1403 367 1412
f 1413 1416 61
f 1405 61 1416
f 370 1415 1414
f 1416 1414 1415
f 1420 1419 1417
f 62 1417 1419
f 370 1414 1418
f 1420 1418 1414
f 35 1025 1422
f 1423 1422 1025
f 1421 370 1423
f 1418 1423 370
f 1410 1424 23
f 1019 23 1424
f 1421 1424 370
f 1415 370 1424
f 1425 1428 62
f 1417 62 1428
f 1427 1428 373
f 1426 373 1428
f 1429 1432 63
f 1431 63 1432
f 373 1426 1430
f 1432 1430 1426
f 1435 1434 1053
f 40 1053 1434
f 1433 373 1435
f 1430 1435 373
f 35 1422 1047
f 1436 1047 1422
f 1436 1427 1433
f 373 1433 1427
f 1440 1429 1437
f 63 1437 1429
f 376 1439 1438
f 1440 1438 1439
f 1441 1444 64
f 1443 64 1444
f 1438 1444 376
f 1442 376 1444
f 41 1057 1446
f 1447 1446 1057
f 376 1442 1445
f 1447 1445 1442
f 1434 1448 40
f 1051 40 1448
f 1445 1448 376
f 1439 376 1448
f 1452 1441 1449
f 64 1449 1441
f 1451 1452 378
f 1450 378 1452
f 1455 1454 1368
f 60 1368 1454
f 378 1450 1453
f 1455 1453 1450
f 1070 1457 42
f 1375 42 1457
f 1453 1457 378
f 1456 378 1457
f 41 1446 1065
f 1458 1065 1446
f 1458 1451 1456
f 378 1456 1451
f 1462 1461 1340
f 71 1340 1461
f 381 1460 1459
f 1462 1459 1460
f 1347 36 1464
f 1204 1464 36
f 381 1459 1463
f 1464 1463 1459
f 53 1214 1199
f 1466 1199 1214
f 381 1463 1465
f 1466 1465 1463
f 1467 1469 52
f 1207 52 1469
f 381 1465 1468
f 1469 1468 1465
f 1470 1472 72
f 1471 72 1472
f 381 1468 1460
f 1472 1460 1468
f 38 1363 1191
f 1475 1191 1363
f 1475 1473 1474
f 383 1474 1473
f 39 1476 1358
f 1478 1358 1476
f 1478 1477 1473
f 383 1473 1477
f 1197 1480 51
f 1479 51 1480
f 1477 1480 383
f 1474 383 1480
f 1485 1484 1481
f 85 1481 1484
f 1483 1485 388
f 1482 388 1485
f 1489 1488 1486
f 83 1486 1488
f 388 1482 1487
f 1489 1487 1482
f 1490 1493 84
f 1492 84 1493
f 1487 1493 388
f 1491 388 1493
f 1496 1495 1494
f 82 1494 1495
f 388 1491 1483
f 1496 1483 1491
f 1497 1501 92
f 1500 92 1501
f 1499 1501 393
f 1498 393 1501
f 1505 1504 1502
f 89 1502 1504
f 393 1498 1503
f 1505 1503 1498
f 1509 1508 1506
f 88 1506 1508
f 1507 393 1509
f 1503 1509 393
f 93 1510 1511
f 1512 1511 1510
f 1512 1499 1507
f 393 1507 1499
f 93 1513 1516
f 1517 1516 1513
f 1517 1514 1515
f 398 1515 1514
f 1521 1520 1518
f 86 1518 1520
f 1514 1521 398
f 1519 398 1521
f 1525 1524 1522
f 87 1522 1524
f 398 1519 1523
f 1525 1523 1519
f 1526 1528 94
f 1527 94 1528
f 1515 398 1528
f 1523 1528 398
f 89 1529 1502
f 1532 1502 1529
f 1530 402 1532
f 1531 1532 402
f 1535 90 1536
f 1533 1536 90
f 1530 1536 402
f 1534 402 1536
f 1539 91 1540
f 1537 1540 91
f 1534 1540 402
f 1538 402 1540
f 1542 1541 1508
f 88 1508 1541
f 402 1538 1531
f 1542 1531 1538
f 1543 1546 90
f 1533 90 1546
f 1544 405 1546
f 1545 1546 405
f 1524 1549 87
f 1548 87 1549
f 1547 405 1549
f 1544 1549 405
f 1518 86 1552
f 1550 1552 86
f 405 1547 1551
f 1552 1551 1547
f 1554 1553 1539
f 91 1539 1553
f 1545 405 1554
f 1551 1554 405
f 92 1500 1557
f 1558 1557 1500
f 408 1556 1555
f 1558 1555 1556
f 93 1516 1510
f 1560 1510 1516
f 1555 1560 408
f 1559 408 1560
f 1561 1563 94
f 1526 94 1563
f 1562 408 1563
f 1559 1563 408
f 95 1564 1565
f 1566 1565 1564
f 408 1562 1556
f 1566 1556 1562
f 1570 1569 1557
f 92 1557 1569
f 411 1568 1567
f 1570 1567 1568
f 1571 1573 95
f 1564 95 1573
f 411 1567 1572
f 1573 1572 1567
f 55 1241 1575
f 1576 1575 1241
f 411 1572 1574
f 1576 1574 1572
f 1231 1578 54
f 1235 54 1578
f 1574 1578 411
f 1577 411 1578
f 51 1579 1226
f 1580 1226 1579
f 411 1577 1568
f 1580 1568 1577
f 94 1581 1561
f 1584 1561 1581
f 1584 1582 1583
f 413 1583 1582
f 1586 52 1587
f 1210 1587 52
f 1585 413 1587
f 1582 1587 413
f 1244 1589 56
f 1220 56 1589
f 413 1585 1588
f 1589 1588 1585
f 1575 1591 55
f 1239 55 1591
f 413 1588 1590
f 1591 1590 1588
f 1571 95 1592
f 1565 1592 95
f 1590 1592 413
f 1583 413 1592
f 1593 1596 87
f 1522 87 1596
f 416 1595 1594
f 1596 1594 1595
f 1597 1600 73
f 1599 73 1600
f 416 1594 1598
f 1600 1598 1594
f 72 1471 1602
f 1603 1602 1471
f 416 1598 1601
f 1603 1601 1598
f 1605 1467 1586
f 52 1586 1467
f 416 1601 1604
f 1605 1604 1601
f 94 1527 1581
f 1606 1581 1527
f 1606 1595 1604
f 416 1604 1595
f 1611 1610 1607
f 66 1607 1610
f 420 1609 1608
f 1611 1608 1609
f 1614 1613 1535
f 90 1535 1613
f 420 1608 1612
f 1614 1612 1608
f 1615 1617 89
f 1529 89 1617
f 420 1612 1616
f 1617 1616 1612
f 39 1360 1619
f 1620 1619 1360
f 420 1616 1618
f 1620 1618 1616
f 1621 1622 65
f 1354 65 1622
f 1618 1622 420
f 1609 420 1622
f 73 1599 1625
f 1626 1625 1599
f 1626 1623 1624
f 422 1624 1623
f 87 1548 1593
f 1628 1593 1548
f 422 1623 1627
f 1628 1627 1623
f 1630 1543 1613
f 90 1613 1543
f 422 1627 1629
f 1630 1629 1627
f 66 1631 1607
f 1632 1607 1631
f 1624 422 1632
f 1629 1632 422
f 1619 1635 39
f 1476 39 1635
f 1634 1635 423
f 1633 423 1635
f 1637 1615 1504
f 89 1504 1615
f 423 1633 1636
f 1637 1636 1633
f 92 1569 1497
f 1639 1497 1569
f 423 1636 1638
f 1639 1638 1636
f 51 1479 1579
f 1640 1579 1479
f 423 1638 1634
f 1640 1634 1638
f 1506 88 1644
f 1641 1644 88
f 1643 1644 426
f 1642 426 1644
f 1488 1647 83
f 1646 83 1647
f 1642 1647 426
f 1645 426 1647
f 1648 1650 85
f 1481 85 1650
f 1649 426 1650
f 1645 1650 426
f 93 1511 1651
f 1652 1651 1511
f 426 1649 1643
f 1652 1643 1649
f 91 1653 1537
f 1656 1537 1653
f 1656 1654 1655
f 428 1655 1654
f 1492 1659 84
f 1658 84 1659
f 1654 1659 428
f 1657 428 1659
f 1646 1661 83
f 1486 83 1661
f 1657 1661 428
f 1660 428 1661
f 1541 1662 88
f 1641 88 1662
f 1662 1655 1660
f 428 1660 1655
f 86 1663 1550
f 1666 1550 1663
f 1665 1666 430
f 1664 430 1666
f 1668 82 1669
f 1495 1669 82
f 1664 1669 430
f 1667 430 1669
f 1658 1671 84
f 1490 84 1671
f 1670 430 1671
f 1667 1671 430
f 91 1553 1653
f 1672 1653 1553
f 1672 1665 1670
f 430 1670 1665
f 93 1651 1513
f 1675 1513 1651
f 431 1674 1673
f 1675 1673 1674
f 1484 1677 85
f 1648 85 1677
f 1673 1677 431
f 1676 431 1677
f 1668 1679 82
f 1494 82 1679
f 1678 431 1679
f 1676 1679 431
f 1520 1680 86
f 1663 86 1680
f 1674 431 1680
f 1678 1680 431
f 14 763 1683
f 1684 1683 763
f 1684 1681 1682
f 435 1682 1681
f 1687 759 1685
f 13 1685 759
f 435 1681 1686
f 1687 1686 1681
f 1688 1691 97
f 1690 97 1691
f 1689 435 1691
f 1686 1691 435
f 1692 1694 98
f 1693 98 1694
f 1682 435 1694
f 1689 1694 435
f 1685 13 1697
f 1311 1697 13
f 1696 1697 438
f 1695 438 1697
f 1700 1306 1698
f 74 1698 1306
f 438 1695 1699
f 1700 1699 1695
f 1701 1704 100
f 1703 100 1704
f 1699 1704 438
f 1702 438 1704
f 97 1690 1705
f 1706 1705 1690
f 438 1702 1696
f 1706 1696 1702
f 67 1290 1709
f 1710 1709 1290
f 442 1708 1707
f 1710 1707 1708
f 1711 1713 10
f 1299 10 1713
f 1707 1713 442
f 1712 442 1713
f 96 1714 1716
f 1717 1716 1714
f 442 1712 1715
f 1717 1715 1712
f 1718 1720 99
f 1719 99 1720
f 1715 1720 442
f 1708 442 1720
f 10 746 1711
f 1723 1711 746
f 1721 444 1723
f 1722 1723 444
f 740 14 1725
f 1683 1725 14
f 1725 1724 1721
f 444 1721 1724
f 1692 98 1728
f 1726 1728 98
f 1724 1728 444
f 1727 444 1728
f 1729 96 1730
f 1716 1730 96
f 444 1727 1722
f 1730 1722 1727
f 1734 1701 1731
f 100 1731 1701
f 447 1733 1732
f 1734 1732 1733
f 75 1735 1737
f 1738 1737 1735
f 1732 1738 447
f 1736 447 1738
f 98 1693 1740
f 1741 1740 1693
f 447 1736 1739
f 1741 1739 1736
f 1688 97 1742
f 1705 1742 97
f 1739 1742 447
f 1733 447 1742
f 75 1743 1735
f 1746 1735 1743
f 1745 1746 449
f 1744 449 1746
f 1749 1748 1719
f 99 1719 1748
f 449 1744 1747
f 1749 1747 1744
f 1729 1751 96
f 1714 96 1751
f 1747 1751 449
f 1750 449 1751
f 98 1740 1726
f 1752 1726 1740
f 449 1750 1745
f 1752 1745 1750
f 1757 1756 1753
f 101 1753 1756
f 1757 1754 1755
f 453 1755 1754
f 1758 1761 102
f 1760 102 1761
f 1754 1761 453
f 1759 453 1761
f 1762 1764 103
f 1763 103 1764
f 1759 1764 453
f 1755 453 1764
f 1768 1767 1756
f 101 1756 1767
f 456 1766 1765
f 1768 1765 1766
f 103 1769 1762
f 1771 1762 1769
f 456 1765 1770
f 1771 1770 1765
f 806 1774 19
f 1773 19 1774
f 1770 1774 456
f 1772 456 1774
f 27 881 800
f 1776 800 881
f 456 1772 1775
f 1776 1775 1772
f 875 8 1778
f 1777 1778 8
f 456 1775 1766
f 1778 1766 1775
f 1767 1781 101
f 1753 101 1781
f 458 1780 1779
f 1781 1779 1780
f 8 989 1777
f 1783 1777 989
f 458 1779 1782
f 1783 1782 1779
f 1785 986 942
f 4 942 986
f 458 1782 1784
f 1785 1784 1782
f 26 1786 952
f 1788 952 1786
f 458 1784 1787
f 1788 1787 1784
f 102 1760 1789
f 1790 1789 1760
f 458 1787 1780
f 1790 1780 1787
f 1795 1794 1791
f 104 1791 1794
f 461 1793 1792
f 1795 1792 1793
f 1789 1798 102
f 1797 102 1798
f 1792 1798 461
f 1796 461 1798
f 1786 26 1800
f 1284 1800 26
f 1800 1799 1796
f 461 1796 1799
f 1279 81 1802
f 1801 1802 81
f 1799 1802 461
f 1793 461 1802
f 1805 79 1806
f 1380 1806 79
f 1804 1806 464
f 1803 464 1806
f 19 1773 1387
f 1808 1387 1773
f 464 1803 1807
f 1808 1807 1803
f 1809 1811 103
f 1769 103 1811
f 1807 1811 464
f 1810 464 1811
f 1814 1813 1812
f 105 1812 1813
f 464 1810 1804
f 1814 1804 1810
f 1763 1818 103
f 1817 103 1818
f 1815 468 1818
f 1816 1818 468
f 102 1819 1758
f 1821 1758 1819
f 1821 1820 1815
f 468 1815 1820
f 1825 1824 1822
f 106 1822 1824
f 468 1820 1823
f 1825 1823 1820
f 1828 1827 1826
f 107 1826 1827
f 1828 1816 1823
f 468 1823 1816
f 102 1797 1819
f 1831 1819 1797
f 471 1830 1829
f 1831 1829 1830
f 1832 1834 104
f 1791 104 1834
f 1829 1834 471
f 1833 471 1834
f 108 1835 1837
f 1838 1837 1835
f 471 1833 1836
f 1838 1836 1833
f 1824 1840 106
f 1839 106 1840
f 1836 1840 471
f 1830 471 1840
f 1843 105 1844
f 1813 1844 105
f 1842 1844 474
f 1841 474 1844
f 1846 1809 1817
f 103 1817 1809
f 474 1841 1845
f 1846 1845 1841
f 1847 1849 107
f 1826 107 1849
f 1848 474 1849
f 1845 1849 474
f 109 1850 1851
f 1852 1851 1850
f 1852 1842 1848
f 474 1848 1842
f 1855 1822 1839
f 106 1839 1822
f 476 1854 1853
f 1855 1853 1854
f 1856 1858 108
f 1835 108 1858
f 1853 1858 476
f 1857 476 1858
f 1851 1861 109
f 1860 109 1861
f 1857 1861 476
f 1859 476 1861
f 1862 1847 1827
f 107 1827 1847
f 476 1859 1854
f 1862 1854 1859
f 1863 1867 115
f 1866 115 1867
f 481 1865 1864
f 1867 1864 1865
f 125 1868 1870
f 1871 1870 1868
f 1869 481 1871
f 1864 1871 481
f 1875 1874 1872
f 119 1872 1874
f 481 1869 1873
f 1875 1873 1869
f 1878 1877 1876
f 123 1876 1877
f 1873 1878 481
f 1865 481 1878
f 1882 1881 1866
f 115 1866 1881
f 485 1880 1879
f 1882 1879 1880
f 1883 1885 123
f 1876 123 1885
f 1884 485 1885
f 1879 1885 485
f 1889 1888 1886
f 122 1886 1888
f 485 1884 1887
f 1889 1887 1884
f 127 1890 1891
f 1892 1891 1890
f 1887 1892 485
f 1880 485 1892
f 110 1893 1896
f 1897 1896 1893
f 1895 1897 490
f 1894 490 1897
f 133 1898 1900
f 1901 1900 1898
f 490 1894 1899
f 1901 1899 1894
f 1902 1905 120
f 1904 120 1905
f 1899 1905 490
f 1903 490 1905
f 121 1906 1907
f 1908 1907 1906
f 490 1903 1895
f 1908 1895 1903
f 116 1909 1912
f 1913 1912 1909
f 494 1911 1910
f 1913 1910 1911
f 1914 1917 132
f 1916 132 1917
f 1910 1917 494
f 1915 494 1917
f 120 1904 1919
f 1920 1919 1904
f 494 1915 1918
f 1920 1918 1915
f 1921 1922 133
f 1898 133 1922
f 1918 1922 494
f 1911 494 1922
f 111 1923 1926
f 1927 1926 1923
f 499 1925 1924
f 1927 1924 1925
f 129 1928 1930
f 1931 1930 1928
f 1931 1929 1924
f 499 1924 1929
f 1935 1934 1932
f 128 1932 1934
f 499 1929 1933
f 1935 1933 1929
f 1936 1938 136
f 1937 136 1938
f 1933 1938 499
f 1925 499 1938
f 1939 1942 110
f 1893 110 1942
f 1941 1942 503
f 1940 503 1942
f 125 1943 1945
f 1946 1945 1943
f 503 1940 1944
f 1946 1944 1940
f 1947 1950 124
f 1949 124 1950
f 1944 1950 503
f 1948 503 1950
f 133 1900 1951
f 1952 1951 1900
f 503 1948 1941
f 1952 1941 1948
f 1956 1863 1953
f 115 1953 1863
f 506 1955 1954
f 1956 1954 1955
f 1957 1960 141
f 1959 141 1960
f 1954 1960 506
f 1958 506 1960
f 124 1949 1962
f 1963 1962 1949
f 506 1958 1961
f 1963 1961 1958
f 125 1870 1943
f 1964 1943 1870
f 1961 1964 506
f 1955 506 1964
f 1969 1968 1965
f 114 1965 1968
f 1967 1969 510
f 1966 510 1969
f 1970 1973 139
f 1972 139 1973
f 510 1966 1971
f 1973 1971 1966
f 1962 1976 124
f 1975 124 1976
f 1974 510 1976
f 1971 1976 510
f 141 1977 1957
f 1978 1957 1977
f 1978 1967 1974
f 510 1974 1967
f 1912 1982 116
f 1981 116 1982
f 1979 512 1982
f 1980 1982 512
f 133 1951 1921
f 1984 1921 1951
f 1983 512 1984
f 1979 1984 512
f 124 1975 1947
f 1986 1947 1975
f 1986 1985 1983
f 512 1983 1985
f 1988 1970 1987
f 139 1987 1970
f 1985 1988 512
f 1980 512 1988
f 1926 1992 111
f 1991 111 1992
f 1990 1992 516
f 1989 516 1992
f 136 1993 1936
f 1995 1936 1993
f 516 1989 1994
f 1995 1994 1989
f 1996 1999 126
f 1998 126 1999
f 1994 1999 516
f 1997 516 1999
f 127 2000 2001
f 2002 2001 2000
f 516 1997 1990
f 2002 1990 1997
f 2007 2006 2003
f 117 2003 2006
f 520 2005 2004
f 2007 2004 2005
f 2008 2011 138
f 2010 138 2011
f 2009 520 2011
f 2004 2011 520
f 126 1998 2013
f 2014 2013 1998
f 520 2009 2012
f 2014 2012 2009
f 2015 2016 136
f 1993 136 2016
f 2012 2016 520
f 2005 520 2016
f 1968 2020 114
f 2019 114 2020
f 2017 523 2020
f 2018 2020 523
f 2021 2023 141
f 1977 141 2023
f 523 2017 2022
f 2023 2022 2017
f 2013 2026 126
f 2025 126 2026
f 2022 2026 523
f 2024 523 2026
f 138 2027 2008
f 2028 2008 2027
f 523 2024 2018
f 2028 2018 2024
f 1881 2031 115
f 1953 115 2031
f 524 2030 2029
f 2031 2029 2030
f 127 2001 1890
f 2033 1890 2001
f 2032 524 2033
f 2029 2033 524
f 126 2025 1996
f 2035 1996 2025
f 524 2032 2034
f 2035 2034 2032
f 141 1959 2021
f 2036 2021 1959
f 2034 2036 524
f 2030 524 2036
f 2041 2040 2037
f 112 2037 2040
f 529 2039 2038
f 2041 2038 2039
f 140 2042 2044
f 2045 2044 2042
f 2043 529 2045
f 2038 2045 529
f 130 2046 2048
f 2049 2048 2046
f 2049 2047 2043
f 529 2043 2047
f 131 2050 2051
f 2052 2051 2050
f 2047 2052 529
f 2039 529 2052
f 2056 118 2057
f 2053 2057 118
f 533 2055 2054
f 2057 2054 2055
f 2061 2060 2058
f 142 2058 2060
f 2054 2061 533
f 2059 533 2061
f 130 2048 2063
f 2064 2063 2048
f 533 2059 2062
f 2064 2062 2059
f 2065 2066 140
f 2042 140 2066
f 2062 2066 533
f 2055 533 2066
f 2067 2071 113
f 2070 113 2071
f 2069 2071 538
f 2068 538 2071
f 135 2072 2074
f 2075 2074 2072
f 2075 2073 2068
f 538 2068 2073
f 2076 2079 134
f 2078 134 2079
f 2073 2079 538
f 2077 538 2079
f 137 2080 2081
f 2082 2081 2080
f 538 2077 2069
f 2082 2069 2077
f 118 2083 2053
f 2086 2053 2083
f 541 2085 2084
f 2086 2084 2085
f 2081 2089 137
f 2088 137 2089
f 2084 2089 541
f 2087 541 2089
f 134 2090 2076
f 2092 2076 2090
f 541 2087 2091
f 2092 2091 2087
f 2060 2094 142
f 2093 142 2094
f 2091 2094 541
f 2085 541 2094
f 2095 2098 114
f 1965 114 2098
f 2097 2098 544
f 2096 544 2098
f 118 2056 2100
f 2101 2100 2056
f 544 2096 2099
f 2101 2099 2096
f 2102 2104 140
f 2065 140 2104
f 2099 2104 544
f 2103 544 2104
f 139 1972 2105
f 2106 2105 1972
f 544 2103 2097
f 2106 2097 2103
f 138 2010 2109
f 2110 2109 2010
f 2110 2107 2108
f 547 2108 2107
f 2111 2113 117
f 2003 117 2113
f 2107 2113 547
f 2112 547 2113
f 2070 2116 113
f 2115 113 2116
f 547 2112 2114
f 2116 2114 2112
f 2117 2118 137
f 2080 137 2118
f 2108 547 2118
f 2114 2118 547
f 132 1916 2121
f 2122 2121 1916
f 2122 2119 2120
f 550 2120 2119
f 2123 2125 116
f 1909 116 2125
f 2119 2125 550
f 2124 550 2125
f 2128 2127 2040
f 112 2040 2127
f 550 2124 2126
f 2128 2126 2124
f 131 2129 2050
f 2130 2050 2129
f 2120 550 2130
f 2126 2130 550
f 137 2088 2117
f 2133 2117 2088
f 551 2132 2131
f 2133 2131 2132
f 2100 2135 118
f 2083 118 2135
f 2131 2135 551
f 2134 551 2135
f 114 2019 2095
f 2137 2095 2019
f 551 2134 2136
f 2137 2136 2134
f 2109 2138 138
f 2027 138 2138
f 2136 2138 551
f 2132 551 2138
f 2105 2141 139
f 1987 139 2141
f 2140 2141 552
f 2139 552 2141
f 140 2044 2102
f 2143 2102 2044
f 552 2139 2142
f 2143 2142 2139
f 2127 2145 112
f 2037 112 2145
f 2142 2145 552
f 2144 552 2145
f 116 1981 2123
f 2146 2123 1981
f 552 2144 2140
f 2146 2140 2144
f 132 2121 2149
f 2150 2149 2121
f 2148 2150 556
f 2147 556 2150
f 2153 2129 2151
f 131 2151 2129
f 556 2147 2152
f 2153 2152 2147
f 2154 2157 143
f 2156 143 2157
f 2155 556 2157
f 2152 2157 556
f 144 2158 2159
f 2160 2159 2158
f 2160 2148 2155
f 556 2155 2148
f 2159 2164 144
f 2163 144 2164
f 2162 2164 560
f 2161 560 2164
f 2167 2154 2165
f 143 2165 2154
f 560 2161 2166
f 2167 2166 2161
f 2168 2171 145
f 2170 145 2171
f 2169 560 2171
f 2166 2171 560
f 146 2172 2173
f 2174 2173 2172
f 560 2169 2162
f 2174 2162 2169
f 144 2163 2177
f 2178 2177 2163
f 564 2176 2175
f 2178 2175 2176
f 2179 2181 146
f 2172 146 2181
f 2175 2181 564
f 2180 564 2181
f 150 2182 2184
f 2185 2184 2182
f 564 2180 2183
f 2185 2183 2180
f 2186 2188 149
f 2187 149 2188
f 2183 2188 564
f 2176 564 2188
f 146 2189 2179
f 2192 2179 2189
f 568 2191 2190
f 2192 2190 2191
f 147 2193 2195
f 2196 2195 2193
f 2190 2196 568
f 2194 568 2196
f 2200 2199 2197
f 151 2197 2199
f 568 2194 2198
f 2200 2198 2194
f 2184 2202 150
f 2201 150 2202
f 2198 2202 568
f 2191 568 2202
f 2207 2206 2203
f 152 2203 2206
f 573 2205 2204
f 2207 2204 2205
f 2208 2211 155
f 2210 155 2211
f 573 2204 2209
f 2211 2209 2204
f 2212 2215 154
f 2214 154 2215
f 573 2209 2213
f 2215 2213 2209
f 2216 2218 157
f 2217 157 2218
f 573 2213 2205
f 2218 2205 2213
f 2223 2222 2219
f 153 2219 2222
f 578 2221 2220
f 2223 2220 2221
f 2224 2227 158
f 2226 158 2227
f 578 2220 2225
f 2227 2225 2220
f 2228 2231 156
f 2230 156 2231
f 2225 2231 578
f 2229 578 2231
f 2232 2234 159
f 2233 159 2234
f 578 2229 2221
f 2234 2221 2229
f 127 2235 2000
f 2238 2000 2235
f 2237 2238 581
f 2236 581 2238
f 2226 2241 158
f 2240 158 2241
f 581 2236 2239
f 2241 2239 2236
f 2242 2244 153
f 2219 153 2244
f 2239 2244 581
f 2243 581 2244
f 2246 2245 1991
f 111 1991 2245
f 581 2243 2237
f 2246 2237 2243
f 129 2247 2250
f 2251 2250 2247
f 585 2249 2248
f 2251 2248 2249
f 2233 2254 159
f 2253 159 2254
f 2248 2254 585
f 2252 585 2254
f 2255 2257 156
f 2228 156 2257
f 585 2252 2256
f 2257 2256 2252
f 122 2258 2259
f 2260 2259 2258
f 2256 2260 585
f 2249 585 2260
f 127 1891 2235
f 2263 2235 1891
f 586 2262 2261
f 2263 2261 2262
f 122 2259 1886
f 2265 1886 2259
f 2261 2265 586
f 2264 586 2265
f 2230 2267 156
f 2255 156 2267
f 586 2264 2266
f 2267 2266 2264
f 2240 2268 158
f 2224 158 2268
f 2266 2268 586
f 2262 586 2268
f 129 1930 2247
f 2271 2247 1930
f 2269 587 2271
f 2270 2271 587
f 2273 1923 2245
f 111 2245 1923
f 2273 2272 2269
f 587 2269 2272
f 2222 2275 153
f 2242 153 2275
f 2272 2275 587
f 2274 587 2275
f 2253 2276 159
f 2232 159 2276
f 587 2274 2270
f 2276 2270 2274
f 125 1945 2279
f 2280 2279 1945
f 2278 2280 590
f 2277 590 2280
f 2283 1939 2281
f 110 2281 1939
f 590 2277 2282
f 2283 2282 2277
f 2206 2286 152
f 2285 152 2286
f 2282 2286 590
f 2284 590 2286
f 2287 2288 157
f 2216 157 2288
f 590 2284 2278
f 2288 2278 2284
f 2289 2292 121
f 1906 121 2292
f 2291 2292 592
f 2290 592 2292
f 2210 2295 155
f 2294 155 2295
f 592 2290 2293
f 2295 2293 2290
f 2285 2297 152
f 2203 152 2297
f 2293 2297 592
f 2296 592 2297
f 2281 110 2298
f 1896 2298 110
f 2298 2291 2296
f 592 2296 2291
f 1874 2302 119
f 2301 119 2302
f 2300 2302 594
f 2299 594 2302
f 125 2279 1868
f 2304 1868 2279
f 594 2299 2303
f 2304 2303 2299
f 2217 2306 157
f 2287 157 2306
f 2303 2306 594
f 2305 594 2306
f 2308 2212 2307
f 154 2307 2212
f 594 2305 2300
f 2308 2300 2305
f 121 2309 2289
f 2312 2289 2309
f 596 2311 2310
f 2312 2310 2311
f 119 2301 2314
f 2315 2314 2301
f 2310 2315 596
f 2313 596 2315
f 2214 2317 154
f 2307 154 2317
f 596 2313 2316
f 2317 2316 2313
f 2294 2318 155
f 2208 155 2318
f 2316 2318 596
f 2311 596 2318
f 147 2195 2321
f 2322 2321 2195
f 600 2320 2319
f 2322 2319 2320
f 2173 2324 146
f 2189 146 2324
f 2319 2324 600
f 2323 600 2324
f 2327 2168 2325
f 145 2325 2168
f 600 2323 2326
f 2327 2326 2323
f 2328 2331 162
f 2330 162 2331
f 600 2326 2329
f 2331 2329 2326
f 160 2332 2333
f 2334 2333 2332
f 600 2329 2320
f 2334 2320 2329
f 161 2335 2338
f 2339 2338 2335
f 2339 2336 2337
f 605 2337 2336
f 2343 2342 2340
f 165 2340 2342
f 605 2336 2341
f 2343 2341 2336
f 2344 2347 166
f 2346 166 2347
f 2341 2347 605
f 2345 605 2347
f 2349 162 2350
f 2348 2350 162
f 2337 605 2350
f 2345 2350 605
f 2353 2328 2349
f 162 2349 2328
f 608 2352 2351
f 2353 2351 2352
f 2354 2356 166
f 2344 166 2356
f 2351 2356 608
f 2355 608 2356
f 2360 2359 2357
f 163 2357 2359
f 608 2355 2358
f 2360 2358 2355
f 160 2333 2361
f 2362 2361 2333
f 2358 2362 608
f 2352 608 2362
f 2366 2365 2359
f 163 2359 2365
f 611 2364 2363
f 2366 2363 2364
f 2346 2368 166
f 2354 166 2368
f 2363 2368 611
f 2367 611 2368
f 2369 2371 165
f 2340 165 2371
f 611 2367 2370
f 2371 2370 2367
f 2373 164 2374
f 2372 2374 164
f 2370 2374 611
f 2364 611 2374
f 2375 2378 69
f 1247 69 2378
f 2377 2378 614
f 2376 614 2378
f 131 2051 2380
f 2381 2380 2051
f 614 2376 2379
f 2381 2379 2376
f 2382 2384 130
f 2046 130 2384
f 2379 2384 614
f 2383 614 2384
f 76 1254 2385
f 2386 2385 1254
f 614 2383 2377
f 2386 2377 2383
f 2387 2390 77
f 1261 77 2390
f 2388 617 2390
f 2389 2390 617
f 142 2093 2392
f 2393 2392 2093
f 617 2388 2391
f 2393 2391 2388
f 2394 2396 134
f 2090 134 2396
f 2391 2396 617
f 2395 617 2396
f 2398 2397 1268
f 80 1268 2397
f 617 2395 2389
f 2398 2389 2395
f 2397 2401 80
f 1275 80 2401
f 2399 619 2401
f 2400 2401 619
f 134 2078 2394
f 2403 2394 2078
f 2403 2402 2399
f 619 2399 2402
f 2404 2406 135
f 2072 135 2406
f 2405 619 2406
f 2402 2406 619
f 2408 2407 1281
f 81 1281 2407
f 619 2405 2400
f 2408 2400 2405
f 2409 2412 67
f 1287 67 2412
f 2411 2412 622
f 2410 622 2412
f 2415 2414 2314
f 119 2314 2414
f 622 2410 2413
f 2415 2413 2410
f 2416 2418 121
f 2309 121 2418
f 2417 622 2418
f 2413 2418 622
f 2420 2419 1294
f 68 1294 2419
f 622 2417 2411
f 2420 2411 2417
f 78 2421 1301
f 2424 1301 2421
f 2424 2422 2423
f 625 2423 2422
f 2250 2427 129
f 2426 129 2427
f 2422 2427 625
f 2425 625 2427
f 2430 2258 2428
f 122 2428 2258
f 625 2425 2429
f 2430 2429 2425
f 2431 74 2432
f 1308 2432 74
f 2429 2432 625
f 2423 625 2432
f 2385 2435 76
f 1315 76 2435
f 2434 2435 626
f 2433 626 2435
f 130 2063 2382
f 2437 2382 2063
f 626 2433 2436
f 2437 2436 2433
f 2058 142 2439
f 2392 2439 142
f 2436 2439 626
f 2438 626 2439
f 2440 2387 1320
f 77 1320 2387
f 626 2438 2434
f 2440 2434 2438
f 2441 2444 70
f 1325 70 2444
f 2443 2444 628
f 2442 628 2444
f 143 2156 2446
f 2447 2446 2156
f 628 2442 2445
f 2447 2445 2442
f 2380 2449 131
f 2151 131 2449
f 2445 2449 628
f 2448 628 2449
f 69 1331 2375
f 2450 2375 1331
f 628 2448 2443
f 2450 2443 2448
f 2451 2454 71
f 1337 71 2454
f 2452 630 2454
f 2453 2454 630
f 145 2170 2456
f 2457 2456 2170
f 2457 2455 2452
f 630 2452 2455
f 2165 143 2459
f 2446 2459 143
f 2455 2459 630
f 2458 630 2459
f 2460 2441 1343
f 70 1343 2441
f 630 2458 2453
f 2460 2453 2458
f 59 2461 1349
f 2464 1349 2461
f 2463 2464 634
f 2462 634 2464
f 147 2465 2467
f 2468 2467 2465
f 634 2462 2466
f 2468 2466 2462
f 2469 2472 148
f 2471 148 2472
f 2466 2472 634
f 2470 634 2472
f 65 1356 2473
f 2474 2473 1356
f 634 2470 2463
f 2474 2463 2470
f 2475 2478 60
f 1365 60 2478
f 636 2477 2476
f 2478 2476 2477
f 2199 2481 151
f 2480 151 2481
f 2479 636 2481
f 2476 2481 636
f 147 2467 2193
f 2483 2193 2467
f 2483 2482 2479
f 636 2479 2482
f 2484 2461 1371
f 59 1371 2461
f 2482 2484 636
f 2477 636 2484
f 2485 2488 79
f 1377 79 2488
f 2486 638 2488
f 2487 2488 638
f 128 1934 2490
f 2491 2490 1934
f 2491 2489 2486
f 638 2486 2489
f 129 2426 1928
f 2493 1928 2426
f 2489 2493 638
f 2492 638 2493
f 1383 2494 78
f 2421 78 2494
f 638 2492 2487
f 2494 2487 2492
f 68 2419 1389
f 2497 1389 2419
f 640 2496 2495
f 2497 2495 2496
f 1907 2499 121
f 2416 121 2499
f 2495 2499 640
f 2498 640 2499
f 120 2500 1902
f 2502 1902 2500
f 640 2498 2501
f 2502 2501 2498
f 2503 58 2504
f 1395 2504 58
f 2501 2504 640
f 2496 640 2504
f 2507 1401 2503
f 58 2503 1401
f 642 2506 2505
f 2507 2505 2506
f 1919 2509 120
f 2500 120 2509
f 2505 2509 642
f 2508 642 2509
f 132 2510 1914
f 2512 1914 2510
f 642 2508 2511
f 2512 2511 2508
f 2513 61 2514
f 1407 2514 61
f 2511 2514 642
f 2506 642 2514
f 2517 1413 2513
f 61 2513 1413
f 644 2516 2515
f 2517 2515 2516
f 2149 2519 132
f 2510 132 2519
f 2518 644 2519
f 2515 2519 644
f 144 2520 2158
f 2522 2158 2520
f 2518 2522 644
f 2521 644 2522
f 2524 2523 1419
f 62 1419 2523
f 644 2521 2516
f 2524 2516 2521
f 1425 62 2527
f 2523 2527 62
f 2526 2527 646
f 2525 646 2527
f 144 2177 2520
f 2529 2520 2177
f 2529 2528 2525
f 646 2525 2528
f 2532 2186 2530
f 149 2530 2186
f 2528 2532 646
f 2531 646 2532
f 2533 63 2534
f 1431 2534 63
f 646 2531 2526
f 2534 2526 2531
f 2537 1437 2533
f 63 2533 1437
f 648 2536 2535
f 2537 2535 2536
f 2187 2539 149
f 2530 149 2539
f 2535 2539 648
f 2538 648 2539
f 150 2540 2182
f 2542 2182 2540
f 648 2538 2541
f 2542 2541 2538
f 2543 64 2544
f 1443 2544 64
f 2541 2544 648
f 2536 648 2544
f 2547 1449 2543
f 64 2543 1449
f 2545 649 2547
f 2546 2547 649
f 150 2201 2540
f 2549 2540 2201
f 2549 2548 2545
f 649 2545 2548
f 2480 2551 151
f 2197 151 2551
f 2548 2551 649
f 2550 649 2551
f 2552 2475 1454
f 60 1454 2475
f 649 2550 2546
f 2552 2546 2550
f 1461 2555 71
f 2451 71 2555
f 651 2554 2553
f 2555 2553 2554
f 2558 1470 2556
f 72 2556 1470
f 651 2553 2557
f 2558 2557 2553
f 2338 2561 161
f 2560 161 2561
f 651 2557 2559
f 2561 2559 2557
f 162 2330 2348
f 2563 2348 2330
f 651 2559 2562
f 2563 2562 2559
f 2456 2564 145
f 2325 145 2564
f 651 2562 2554
f 2564 2554 2562
f 147 2321 2465
f 2567 2465 2321
f 2567 2565 2566
f 653 2566 2565
f 2568 2570 160
f 2332 160 2570
f 2565 2570 653
f 2569 653 2570
f 148 2471 2571
f 2572 2571 2471
f 2572 2566 2569
f 653 2569 2566
f 2577 2576 2573
f 170 2573 2576
f 2575 2577 658
f 2574 658 2577
f 2581 2580 2578
f 167 2578 2580
f 658 2574 2579
f 2581 2579 2574
f 2582 2585 169
f 2584 169 2585
f 2579 2585 658
f 2583 658 2585
f 2588 2587 2586
f 168 2586 2587
f 658 2583 2575
f 2588 2575 2583
f 2589 2593 177
f 2592 177 2593
f 2590 663 2593
f 2591 2593 663
f 178 2594 2596
f 2597 2596 2594
f 2597 2595 2590
f 663 2590 2595
f 2601 2600 2598
f 173 2598 2600
f 2595 2601 663
f 2599 663 2601
f 2604 2603 2602
f 174 2602 2603
f 663 2599 2591
f 2604 2591 2599
f 178 2605 2608
f 2609 2608 2605
f 2609 2606 2607
f 668 2607 2606
f 2612 179 2613
f 2610 2613 179
f 2606 2613 668
f 2611 668 2613
f 2617 2616 2614
f 172 2614 2616
f 668 2611 2615
f 2617 2615 2611
f 2620 2619 2618
f 171 2618 2619
f 2607 668 2620
f 2615 2620 668
f 174 2603 2623
f 2624 2623 2603
f 2622 2624 672
f 2621 672 2624
f 2627 2598 2625
f 173 2625 2598
f 672 2621 2626
f 2627 2626 2621
f 2628 2631 176
f 2630 176 2631
f 2629 672 2631
f 2626 2631 672
f 2632 2634 175
f 2633 175 2634
f 2622 672 2634
f 2629 2634 672
f 2637 175 2638
f 2633 2638 175
f 2636 2638 675
f 2635 675 2638
f 2641 2628 2639
f 176 2639 2628
f 2635 2641 675
f 2640 675 2641
f 2619 2644 171
f 2643 171 2644
f 675 2640 2642
f 2644 2642 2640
f 2614 172 2646
f 2645 2646 172
f 2642 2646 675
f 2636 675 2646
f 177 2647 2589
f 2650 2589 2647
f 678 2649 2648
f 2650 2648 2649
f 180 2651 2653
f 2654 2653 2651
f 678 2648 2652
f 2654 2652 2648
f 2656 179 2657
f 2612 2657 179
f 2652 2657 678
f 2655 678 2657
f 178 2596 2605
f 2658 2605 2596
f 2655 2658 678
f 2649 678 2658
f 2662 2647 2659
f 177 2659 2647
f 681 2661 2660
f 2662 2660 2661
f 160 2361 2664
f 2665 2664 2361
f 681 2660 2663
f 2665 2663 2660
f 2365 2667 163
f 2357 163 2667
f 2663 2667 681
f 2666 681 2667
f 164 2668 2372
f 2670 2372 2668
f 681 2666 2669
f 2670 2669 2666
f 2671 180 2672
f 2653 2672 180
f 681 2669 2661
f 2672 2661 2669
f 179 2656 2675
f 2676 2675 2656
f 2676 2673 2674
f 683 2674 2673
f 2671 2678 180
f 2651 180 2678
f 2677 683 2678
f 2673 2678 683
f 2373 2680 164
f 2668 164 2680
f 683 2677 2679
f 2680 2679 2677
f 2342 2682 165
f 2369 165 2682
f 683 2679 2681
f 2682 2681 2679
f 2683 2684 161
f 2335 161 2684
f 2681 2684 683
f 2674 683 2684
f 2616 2688 172
f 2687 172 2688
f 685 2686 2685
f 2688 2685 2686
f 179 2675 2610
f 2690 2610 2675
f 2690 2689 2685
f 685 2685 2689
f 2692 2683 2560
f 161 2560 2683
f 685 2689 2691
f 2692 2691 2689
f 72 1602 2556
f 2694 2556 1602
f 685 2691 2693
f 2694 2693 2691
f 2696 1597 2695
f 73 2695 1597
f 685 2693 2686
f 2696 2686 2693
f 1610 2700 66
f 2699 66 2700
f 688 2698 2697
f 2700 2697 2698
f 2473 2702 65
f 1621 65 2702
f 2697 2702 688
f 2701 688 2702
f 148 2703 2469
f 2705 2469 2703
f 688 2701 2704
f 2705 2704 2701
f 2707 174 2708
f 2623 2708 174
f 688 2704 2706
f 2708 2706 2704
f 2710 2632 2709
f 175 2709 2632
f 688 2706 2698
f 2710 2698 2706
f 73 1625 2695
f 2713 2695 1625
f 2713 2711 2712
f 689 2712 2711
f 66 2699 1631
f 2715 1631 2699
f 2711 2715 689
f 2714 689 2715
f 2717 2709 2637
f 175 2637 2709
f 689 2714 2716
f 2717 2716 2714
f 172 2687 2645
f 2718 2645 2687
f 689 2716 2712
f 2718 2712 2716
f 2571 2721 148
f 2703 148 2721
f 2720 2721 690
f 2719 690 2721
f 160 2664 2568
f 2723 2568 2664
f 690 2719 2722
f 2723 2722 2719
f 177 2592 2659
f 2725 2659 2592
f 690 2722 2724
f 2725 2724 2722
f 2726 2602 2707
f 174 2707 2602
f 690 2724 2720
f 2726 2720 2724
f 2600 2730 173
f 2729 173 2730
f 2727 693 2730
f 2728 2730 693
f 178 2731 2594
f 2733 2594 2731
f 693 2727 2732
f 2733 2732 2727
f 2576 2736 170
f 2735 170 2736
f 2732 2736 693
f 2734 693 2736
f 2737 2738 168
f 2586 168 2738
f 2728 693 2738
f 2734 2738 693
f 176 2630 2741
f 2742 2741 2630
f 2742 2739 2740
f 695 2740 2739
f 2625 173 2744
f 2729 2744 173
f 2744 2743 2739
f 695 2739 2743
f 2587 2746 168
f 2737 168 2746
f 2743 2746 695
f 2745 695 2746
f 2747 2748 169
f 2582 169 2748
f 2740 695 2748
f 2745 2748 695
f 171 2643 2751
f 2752 2751 2643
f 2749 697 2752
f 2750 2752 697
f 176 2741 2639
f 2754 2639 2741
f 2754 2753 2749
f 697 2749 2753
f 2584 2756 169
f 2747 169 2756
f 2753 2756 697
f 2755 697 2756
f 2757 2758 167
f 2578 167 2758
f 2750 697 2758
f 2755 2758 697
f 178 2608 2731
f 2761 2731 2608
f 698 2760 2759
f 2761 2759 2760
f 2751 2763 171
f 2618 171 2763
f 2759 2763 698
f 2762 698 2763
f 2580 2765 167
f 2757 167 2765
f 2762 2765 698
f 2764 698 2765
f 2735 2766 170
f 2573 170 2766
f 2764 2766 698
f 2760 698 2766
f 123 2767 1883
f 2770 1883 2767
f 2770 2768 2769
f 702 2769 2768
f 2773 183 2774
f 2771 2774 183
f 2768 2774 702
f 2772 702 2774
f 2777 182 2778
f 2775 2778 182
f 2772 2778 702
f 2776 702 2778
f 2780 2779 1888
f 122 1888 2779
f 702 2776 2769
f 2780 2769 2776
f 2779 2783 122
f 2428 122 2783
f 2782 2783 704
f 2781 704 2783
f 182 2784 2775
f 2786 2775 2784
f 704 2781 2785
f 2786 2785 2781
f 1703 2789 100
f 2788 100 2789
f 2785 2789 704
f 2787 704 2789
f 2790 1698 2431
f 74 2431 1698
f 704 2787 2782
f 2790 2782 2787
f 67 1709 2409
f 2793 2409 1709
f 707 2792 2791
f 2793 2791 2792
f 2794 2796 99
f 1718 99 2796
f 2791 2796 707
f 2795 707 2796
f 181 2797 2799
f 2800 2799 2797
f 707 2795 2798
f 2800 2798 2795
f 2801 119 2802
f 2414 2802 119
f 2798 2802 707
f 2792 707 2802
f 119 2801 1872
f 2805 1872 2801
f 2804 2805 709
f 2803 709 2805
f 2806 2808 181
f 2797 181 2808
f 709 2803 2807
f 2808 2807 2803
f 2773 2811 183
f 2810 183 2811
f 2809 709 2811
f 2807 2811 709
f 1877 2812 123
f 2767 123 2812
f 2812 2804 2809
f 709 2809 2804
f 2815 1731 2788
f 100 2788 1731
f 711 2814 2813
f 2815 2813 2814
f 2777 2817 182
f 2784 182 2817
f 2813 2817 711
f 2816 711 2817
f 183 2818 2771
f 2820 2771 2818
f 711 2816 2819
f 2820 2819 2816
f 75 1737 2821
f 2822 2821 1737
f 2819 2822 711
f 2814 711 2822
f 75 2821 1743
f 2825 1743 2821
f 2824 2825 712
f 2823 712 2825
f 183 2810 2818
f 2827 2818 2810
f 712 2823 2826
f 2827 2826 2823
f 2806 181 2829
f 2799 2829 181
f 2826 2829 712
f 2828 712 2829
f 2830 2794 1748
f 99 1748 2794
f 712 2828 2824
f 2830 2824 2828
f 2835 2834 2831
f 184 2831 2834
f 2835 2832 2833
f 716 2833 2832
f 2838 186 2839
f 2836 2839 186
f 2832 2839 716
f 2837 716 2839
f 2840 2842 185
f 2841 185 2842
f 2837 2842 716
f 2833 716 2842
f 2843 2846 184
f 2831 184 2846
f 719 2845 2844
f 2846 2844 2845
f 2006 2849 117
f 2848 117 2849
f 719 2844 2847
f 2849 2847 2844
f 136 1937 2015
f 2851 2015 1937
f 719 2847 2850
f 2851 2850 2847
f 2852 2854 128
f 1932 128 2854
f 2850 2854 719
f 2853 719 2854
f 186 2838 2855
f 2856 2855 2838
f 719 2853 2845
f 2856 2845 2853
f 2834 2859 184
f 2843 184 2859
f 721 2858 2857
f 2859 2857 2858
f 185 2860 2840
f 2862 2840 2860
f 721 2857 2861
f 2862 2861 2857
f 135 2074 2864
f 2865 2864 2074
f 721 2861 2863
f 2865 2863 2861
f 2115 2867 113
f 2067 113 2867
f 721 2863 2866
f 2867 2866 2863
f 117 2848 2111
f 2868 2111 2848
f 721 2866 2858
f 2868 2858 2866
f 2872 2871 1794
f 104 1794 2871
f 723 2870 2869
f 2872 2869 2870
f 2407 2874 81
f 1801 81 2874
f 2873 723 2874
f 2869 2874 723
f 2864 2876 135
f 2404 135 2876
f 2876 2875 2873
f 723 2873 2875
f 2877 2878 185
f 2860 185 2878
f 2875 2878 723
f 2870 723 2878
f 1805 2881 79
f 2485 79 2881
f 2880 2881 725
f 2879 725 2881
f 2884 1812 2882
f 105 2882 1812
f 725 2879 2883
f 2884 2883 2879
f 2855 2887 186
f 2886 186 2887
f 2883 2887 725
f 2885 725 2887
f 128 2490 2852
f 2888 2852 2490
f 725 2885 2880
f 2888 2880 2885
f 2836 186 2892
f 2889 2892 186
f 2891 2892 729
f 2890 729 2892
f 2896 2895 2893
f 188 2893 2895
f 2896 2894 2890
f 729 2890 2894
f 2900 2899 2897
f 187 2897 2899
f 729 2894 2898
f 2900 2898 2894
f 185 2841 2901
f 2902 2901 2841
f 2902 2891 2898
f 729 2898 2891
f 185 2901 2877
f 2905 2877 2901
f 731 2904 2903
f 2905 2903 2904
f 2906 2908 187
f 2897 187 2908
f 2903 2908 731
f 2907 731 2908
f 108 1837 2910
f 2911 2910 1837
f 731 2907 2909
f 2911 2909 2907
f 2871 2912 104
f 1832 104 2912
f 2909 2912 731
f 2904 731 2912
f 1843 2915 105
f 2882 105 2915
f 2913 733 2915
f 2914 2915 733
f 109 2916 1850
f 2918 1850 2916
f 2918 2917 2913
f 733 2913 2917
f 2920 188 2921
f 2895 2921 188
f 2917 2921 733
f 2919 733 2921
f 2922 2889 2886
f 186 2886 2889
f 733 2919 2914
f 2922 2914 2919
f 2925 2906 2899
f 187 2899 2906
f 734 2924 2923
f 2925 2923 2924
f 2927 2893 2920
f 188 2920 2893
f 734 2923 2926
f 2927 2926 2923
f 1860 2929 109
f 2916 109 2929
f 2926 2929 734
f 2928 734 2929
f 2910 2930 108
f 1856 108 2930
f 2928 2930 734
f 2924 734 2930
