v -0.9035150408744812 0.02244408428668976 7.245926826726645e-05
v -0.9010298848152161 0.02244408428668976 -0.023891594260931015
v -0.9010298848152161 0.02244408428668976 0.024036511778831482
v -0.9003937840461731 -0.0171522069722414 7.245926826726645e-05
v -0.8990772366523743 0.058523304760456085 7.245926826726645e-05
v -0.8990772366523743 0.058523304760456085 7.245926826726645e-05
v -0.8979456424713135 -0.016654569655656815 -0.023891594260931015
v -0.8979456424713135 -0.016654569655656815 0.024036511778831482
v -0.8966178297996521 0.05801829695701599 -0.023891594260931015
v -0.8966178297996521 0.05801829695701599 0.024036511778831482
v -0.8942844867706299 0.02244408428668976 -0.042530301958322525
v -0.8942844867706299 0.02244408428668976 0.04267521947622299
v -0.8913002014160156 -0.015304919332265854 -0.042530301958322525
v -0.8913002014160156 -0.015304919332265854 0.04267521947622299
v -0.8909709453582764 -0.056015972048044205 7.245926826726645e-05
v -0.8909709453582764 -0.056015972048044205 7.245926826726645e-05
v -0.889941930770874 0.05664731189608574 -0.042530301958322525
v -0.889941930770874 0.05664731189608574 0.04267521947622299
v -0.8886315822601318 -0.05513140559196472 -0.023891594260931015
v -0.8886315822601318 -0.05513140559196472 0.024036511778831482
v -0.885763943195343 0.08741328120231628 7.245926826726645e-05
v -0.8843438029289246 0.02244408428668976 -0.05584366247057915
v -0.8843438029289246 0.02244408428668976 0.05598858371376991
v -0.883384644985199 0.08650385588407516 0.024036511778831482
v -0.883384644985199 0.08650385588407516 -0.023891594260931015
v -0.8822817206382751 -0.05272994935512543 -0.042530301958322525
v -0.8822817206382751 -0.05272994935512543 0.04267521947622299
v -0.8815069198608398 -0.013315290212631226 -0.05584366247057915
v -0.8815069198608398 -0.013315290212631226 0.05598858371376991
v -0.8801042437553406 0.054626647382974625 -0.05584366247057915
v -0.8801042437553406 0.054626647382974625 0.05598858371376991
v -0.8769270777702332 0.0840349942445755 -0.042530301958322525
v -0.8769270777702332 0.0840349942445755 0.04267521947622299
v -0.8751575946807861 -0.09408126026391983 7.245926826726645e-05
v -0.8751575946807861 -0.09408126026391983 7.245926826726645e-05
v -0.8729966878890991 -0.092898428440094 0.024036511778831482
v -0.8729966878890991 -0.092898428440094 -0.023891594260931015
v -0.8729244470596313 -0.049190979450941086 -0.05584366247057915
v -0.8729244470596313 -0.049190979450941086 0.05598858371376991
v -0.8722729682922363 0.02244408428668976 -0.06383168697357178
v -0.8722729682922363 0.02244408428668976 0.06397660076618195
v -0.8696150779724121 -0.010899653658270836 -0.06383168697357178
v -0.8696150779724121 -0.010899653658270836 0.06397660076618195
v -0.8681580424308777 0.05217341333627701 -0.06383168697357178
v -0.8681580424308777 0.05217341333627701 0.06397660076618195
v -0.8674106597900391 0.08039657026529312 -0.05584366247057915
v -0.8674106597900391 0.08039657026529312 0.05598858371376991
v -0.8671317100524902 -0.08968844264745712 -0.042530301958322525
v -0.8671317100524902 -0.08968844264745712 0.04267521947622299
v -0.8635749816894531 0.10991287976503372 7.245926826726645e-05
v -0.8615617156028748 -0.04489370435476303 0.06397660076618195
v -0.8615617156028748 -0.04489370435476303 -0.06383168697357178
v -0.8613359332084656 0.1086883619427681 -0.023891594260931015
v -0.8613359332084656 0.1086883619427681 0.024036511778831482
v -0.8591371774673462 0.02244408428668976 -0.06649435311555862
v -0.8591371774673462 0.02244408428668976 0.06663927435874939
v -0.8584880828857422 -0.0849580392241478 0.05598858371376991
v -0.8584880828857422 -0.0849580392241478 -0.05584366247057915
v -0.8566741943359375 -0.008270996622741222 0.06663927435874939
v -0.8566741943359375 -0.008270996622741222 -0.06649435311555862
v -0.8558549880981445 0.0759786069393158 -0.06383168697357178
v -0.8558549880981445 0.0759786069393158 0.06397660076618195
v -0.8552582859992981 0.10536445677280426 -0.042530301958322525
v -0.8552582859992981 0.10536445677280426 0.04267521947622299
v -0.8551579713821411 0.049503669142723083 -0.06649435311555862
v -0.8551579713821411 0.049503669142723083 0.06663927435874939
v -0.8528650999069214 -0.13128085434436798 7.245926826726645e-05
v -0.850949764251709 -0.12986934185028076 -0.023891594260931015
v -0.850949764251709 -0.12986934185028076 0.024036511778831482
v -0.8491965532302856 -0.04021747037768364 -0.06649435311555862
v -0.8491965532302856 -0.04021747037768364 0.06663927435874939
v -0.8479927182197571 -0.07921377569437027 0.06397660076618195
v -0.8479927182197571 -0.07921377569437027 -0.06383168697357178
v -0.8463016748428345 0.10046631842851639 -0.05584366247057915
v -0.8463016748428345 0.10046631842851639 0.05598858371376991
v -0.8460013270378113 0.02244408428668976 -0.06383168697357178
v -0.8460013270378113 0.02244408428668976 0.06397660076618195
v -0.8457513451576233 -0.12603774666786194 -0.042530301958322525
v -0.8457513451576233 -0.12603774666786194 0.04267521947622299
v -0.8437333106994629 -0.005642056930810213 -0.06383168697357178
v -0.8437333106994629 -0.005642056930810213 0.06397660076618195
v -0.8432794809341431 0.07117100059986115 0.06663927435874939
v -0.8432794809341431 0.07117100059986115 -0.06649435311555862
v -0.8421579003334045 0.046833571046590805 -0.06383168697357178
v -0.8421579003334045 0.046833571046590805 0.06397660076618195
v -0.8380905389785767 -0.12039171159267426 -0.05584366247057915
v -0.8380905389785767 -0.12039171159267426 0.05598858371376991
v -0.8368313908576965 -0.03554120287299156 0.06397660076618195
v -0.8368313908576965 -0.03554120287299156 -0.06383168697357178
v -0.8365710377693176 -0.07296270877122879 0.06663927435874939
v -0.8365710377693176 -0.07296270877122879 -0.06649435311555862
v -0.8354257941246033 0.0945185199379921 -0.06383168697357178
v -0.8354257941246033 0.0945185199379921 0.06397660076618195
v -0.8339305520057678 0.02244408428668976 -0.05584366247057915
v -0.8339305520057678 0.02244408428668976 0.05598858371376991
v -0.8325104713439941 0.1268208920955658 7.245926826726645e-05
v -0.8325104713439941 0.1268208920955658 7.245926826726645e-05
v -0.8318415284156799 -0.0032264208421111107 -0.05584366247057915
v -0.8318415284156799 -0.0032264208421111107 0.05598858371376991
v -0.8307040333747864 0.0663633942604065 -0.06383168697357178
v -0.8307040333747864 0.0663633942604065 0.06397660076618195
v -0.8304758667945862 0.1253596544265747 -0.023891594260931015
v -0.8304758667945862 0.1253596544265747 0.024036511778831482
v -0.8302116394042969 0.04438037425279617 -0.05584366247057915
v -0.8302116394042969 0.04438037425279617 0.05598858371376991
v -0.8287880420684814 -0.1135353296995163 -0.06383168697357178
v -0.8287880420684814 -0.1135353296995163 0.06397660076618195
v -0.8254685401916504 -0.03124396502971649 -0.05584366247057915
v -0.8254685401916504 -0.03124396502971649 0.05598858371376991
v -0.8251493573188782 -0.06671163439750671 0.06397660076618195
v -0.8251493573188782 -0.06671163439750671 -0.06383168697357178
v -0.8249537944793701 0.12139315903186798 -0.042530301958322525
v -0.8249537944793701 0.12139315903186798 0.04267521947622299
v -0.8240047097206116 -0.1675485521554947 7.245926826726645e-05
v -0.8240047097206116 -0.1675485521554947 7.245926826726645e-05
v -0.8239898681640625 0.02244408428668976 -0.042530301958322525
v -0.8239898681640625 0.02244408428668976 0.04267521947622299
v -0.8235905170440674 0.08804557472467422 -0.06649435311555862
v -0.8235905170440674 0.08804557472467422 0.06663927435874939
v -0.8223997354507446 -0.16595657169818878 0.024036511778831482
v -0.8223997354507446 -0.16595657169818878 -0.023891594260931015
v -0.8220482468605042 -0.0012371084885671735 -0.042530301958322525
v -0.8220482468605042 -0.0012371084885671735 0.04267521947622299
v -0.8203739523887634 0.04235970601439476 -0.042530301958322525
v -0.8203739523887634 0.04235970601439476 0.04267521947622299
v -0.8191482424736023 0.06194543093442917 -0.05584366247057915
v -0.8191482424736023 0.06194543093442917 0.05598858371376991
v -0.8186646103858948 -0.10607423633337021 -0.06649435311555862
v -0.8186646103858948 -0.10607423633337021 0.06663927435874939
v -0.8180432915687561 -0.16163530945777893 -0.042530301958322525
v -0.8180432915687561 -0.16163530945777893 0.04267521947622299
v -0.8172444701194763 0.02244408428668976 -0.023891594260931015
v -0.8172444701194763 0.02244408428668976 0.024036511778831482
v -0.8168154358863831 0.1155482679605484 -0.05584366247057915
v -0.8168154358863831 0.1155482679605484 0.05598858371376991
v -0.8161113858222961 -0.027704959735274315 -0.042530301958322525
v -0.8161113858222961 -0.027704959735274315 0.04267521947622299
v -0.8154027462005615 0.00011285877553746104 -0.023891594260931015
v -0.8154027462005615 0.00011285877553746104 0.024036511778831482
v -0.8147593140602112 0.02244408428668976 7.245926826726645e-05
v -0.8146539926528931 -0.060967687517404556 0.05598858371376991
v -0.8146539926528931 -0.060967687517404556 -0.05584366247057915
v -0.8136981129646301 0.04098872095346451 -0.023891594260931015
v -0.8136981129646301 0.04098872095346451 0.024036511778831482
v -0.8129546642303467 0.000610178045462817 7.245926826726645e-05
v -0.8117552399635315 0.08157287538051605 -0.06383168697357178
v -0.8117552399635315 0.08157287538051605 0.06397660076618195
v -0.8116232752799988 -0.1552671194076538 -0.05584366247057915
v -0.8116232752799988 -0.1552671194076538 0.05598858371376991
v -0.811238706111908 0.040483713150024414 7.245926826726645e-05
v -0.811238706111908 0.040483713150024414 7.245926826726645e-05
v -0.8097614645957947 -0.025303537026047707 -0.023891594260931015
v -0.8097614645957947 -0.025303537026047707 0.024036511778831482
v -0.809631884098053 0.058307040482759476 -0.042530301958322525
v -0.809631884098053 0.058307040482759476 0.04267521947622299
v -0.8085410594940186 -0.09861314296722412 -0.06383168697357178
v -0.8085410594940186 -0.09861314296722412 0.06397660076618195
v -0.8074221611022949 -0.024418935179710388 7.245926826726645e-05
v -0.8074221611022949 -0.024418935179710388 7.245926826726645e-05
v -0.8069337010383606 0.1084505096077919 -0.06383168697357178
v -0.8069337010383606 0.1084505096077919 0.06397660076618195
v -0.806010365486145 -0.05623700097203255 -0.042530301958322525
v -0.806010365486145 -0.05623700097203255 0.04267521947622299
v -0.8038275241851807 -0.1475341022014618 -0.06383168697357178
v -0.8038275241851807 -0.1475341022014618 0.06397660076618195
v -0.8031743168830872 0.055838149040937424 0.024036511778831482
v -0.8031743168830872 0.055838149040937424 -0.023891594260931015
v -0.8008793592453003 0.07562507688999176 -0.05584366247057915
v -0.8008793592453003 0.07562507688999176 0.05598858371376991
v -0.8007950782775879 0.054928719997406006 7.245926826726645e-05
v -0.8007950782775879 0.054928719997406006 7.245926826726645e-05
v -0.8001453876495361 -0.05302697792649269 0.024036511778831482
v -0.8001453876495361 -0.05302697792649269 -0.023891594260931015
v -0.7992385625839233 -0.09175676107406616 -0.05584366247057915
v -0.7992385625839233 -0.09175676107406616 0.05598858371376991
v -0.7979844808578491 -0.05184446647763252 7.245926826726645e-05
v -0.7961797714233398 0.1007266715168953 -0.06649435311555862
v -0.7961797714233398 0.1007266715168953 0.06663927435874939
v -0.7953439950942993 -0.13911917805671692 0.06663927435874939
v -0.7953439950942993 -0.13911917805671692 -0.06649435311555862
v -0.7925703525543213 0.13893599808216095 7.245926826726645e-05
v -0.7919227480888367 0.07072693854570389 -0.042530301958322525
v -0.7919227480888367 0.07072693854570389 0.04267521947622299
v -0.7915777564048767 -0.0861106812953949 -0.042530301958322525
v -0.7915777564048767 -0.0861106812953949 0.04267521947622299
v -0.7908100485801697 0.13730525970458984 -0.023891594260931015
v -0.7908100485801697 0.13730525970458984 0.024036511778831482
v -0.7884876132011414 -0.20281800627708435 7.245926826726645e-05
v -0.7884876132011414 -0.20281800627708435 7.245926826726645e-05
v -0.787255048751831 -0.20107336342334747 0.024036511778831482
v -0.787255048751831 -0.20107336342334747 -0.023891594260931015
v -0.7868604063987732 -0.13070397078990936 -0.06383168697357178
v -0.7868604063987732 -0.13070397078990936 0.06397660076618195
v -0.786379337310791 -0.08227912336587906 -0.023891594260931015
v -0.786379337310791 -0.08227912336587906 0.024036511778831482
v -0.7860320210456848 0.13287843763828278 -0.042530301958322525
v -0.7860320210456848 0.13287843763828278 0.04267521947622299
v -0.7858450412750244 0.06740303337574005 -0.023891594260931015
v -0.7858450412750244 0.06740303337574005 0.024036511778831482
v -0.7854258418083191 0.09300282597541809 -0.06383168697357178
v -0.7854258418083191 0.09300282597541809 0.06397660076618195
v -0.7844640016555786 -0.08086761832237244 7.245926826726645e-05
v -0.7839093208312988 -0.1963382214307785 -0.042530301958322525
v -0.7839093208312988 -0.1963382214307785 0.04267521947622299
v -0.7836060523986816 0.06617847830057144 7.245926826726645e-05
v -0.7790647149085999 -0.12297096103429794 -0.05584366247057915
v -0.7790647149085999 -0.12297096103429794 0.05598858371376991
v -0.7789906859397888 0.12635491788387299 -0.05584366247057915
v -0.7789906859397888 0.12635491788387299 0.05598858371376991
v -0.7789785861968994 -0.18935967981815338 -0.05584366247057915
v -0.7789785861968994 -0.18935967981815338 0.05598858371376991
v -0.7755440473556519 0.08590506762266159 -0.05584366247057915
v -0.7755440473556519 0.08590506762266159 0.05598858371376991
v -0.772991418838501 -0.1808861643075943 0.06397660076618195
v -0.772991418838501 -0.1808861643075943 -0.06383168697357178
v -0.7726446986198425 -0.11660272628068924 -0.042530301958322525
v -0.7726446986198425 -0.11660272628068924 0.04267521947622299
v -0.7704405784606934 0.11843343824148178 -0.06383168697357178
v -0.7704405784606934 0.11843343824148178 0.06397660076618195
v -0.768288254737854 -0.11228150129318237 0.024036511778831482
v -0.768288254737854 -0.11228150129318237 -0.023891594260931015
v -0.7674057483673096 0.08006018400192261 -0.042530301958322525
v -0.7674057483673096 0.08006018400192261 0.04267521947622299
v -0.7666832208633423 -0.11068952828645706 7.245926826726645e-05
v -0.7666832208633423 -0.11068952828645706 7.245926826726645e-05
v -0.7664761543273926 -0.17166472971439362 0.06663927435874939
v -0.7664761543273926 -0.17166472971439362 -0.06649435311555862
v -0.7618836164474487 0.07609368860721588 -0.023891594260931015
v -0.7618836164474487 0.07609368860721588 0.024036511778831482
v -0.761135995388031 0.10981293022632599 -0.06649435311555862
v -0.761135995388031 0.10981293022632599 0.06663927435874939
v -0.7599608898162842 -0.16244331002235413 0.06397660076618195
v -0.7599608898162842 -0.16244331002235413 -0.06383168697357178
v -0.7598490715026855 0.07463248819112778 7.245926826726645e-05
v -0.7598490715026855 0.07463248819112778 7.245926826726645e-05
v -0.7539737224578857 -0.15396980941295624 -0.05584366247057915
v -0.7539737224578857 -0.15396980941295624 0.05598858371376991
v -0.7518314719200134 0.10119263827800751 -0.06383168697357178
v -0.7518314719200134 0.10119263827800751 0.06397660076618195
v -0.7490430474281311 -0.14699122309684753 -0.042530301958322525
v -0.7490430474281311 -0.14699122309684753 0.04267521947622299
v -0.7462250590324402 -0.23702239990234375 7.245926826726645e-05
v -0.7456973195075989 -0.14225612580776215 0.024036511778831482
v -0.7456973195075989 -0.14225612580776215 -0.023891594260931015
v -0.7454244494438171 -0.23513250052928925 -0.023891594260931015
v -0.7454244494438171 -0.23513250052928925 0.024036511778831482
v -0.7444647550582886 -0.14051146805286407 7.245926826726645e-05
v -0.7444647550582886 -0.14051146805286407 7.245926826726645e-05
v -0.7437546849250793 0.1470571756362915 7.245926826726645e-05
v -0.7437546849250793 0.1470571756362915 7.245926826726645e-05
v -0.743281364440918 0.09327121824026108 -0.05584366247057915
v -0.743281364440918 0.09327121824026108 0.05598858371376991
v -0.7432511448860168 -0.23000359535217285 -0.042530301958322525
v -0.7432511448860168 -0.23000359535217285 0.04267521947622299
v -0.7423431873321533 0.14531251788139343 -0.023891594260931015
v -0.7423431873321533 0.14531251788139343 0.024036511778831482
v -0.7400488257408142 -0.22244486212730408 0.05598858371376991
v -0.7400488257408142 -0.22244486212730408 -0.05584366247057915
v -0.7385115623474121 0.14057739078998566 -0.042530301958322525
v -0.7385115623474121 0.14057739078998566 0.04267521947622299
v -0.7362400889396667 0.08674763143062592 -0.042530301958322525
v -0.7362400889396667 0.08674763143062592 0.04267521947622299
v -0.7361598610877991 -0.21326662600040436 -0.06383168697357178
v -0.7361598610877991 -0.21326662600040436 0.06397660076618195
v -0.7328655123710632 0.13359883427619934 -0.05584366247057915
v -0.7328655123710632 0.13359883427619934 0.05598858371376991
v -0.7319280505180359 -0.2032783329486847 -0.06649435311555862
v -0.7319280505180359 -0.2032783329486847 0.06663927435874939
v -0.7314620614051819 0.08232081681489944 -0.023891594260931015
v -0.7314620614051819 0.08232109248638153 0.024036511778831482
v -0.7297016978263855 0.08069007843732834 7.245926826726645e-05
v -0.7297016978263855 0.08069007843732834 7.245926826726645e-05
v -0.7276961207389832 -0.1932903677225113 -0.06383168697357178
v -0.7276961207389832 -0.1932903677225113 0.06397660076618195
v -0.7260091304779053 0.12512531876564026 -0.06383168697357178
v -0.7260091304779053 0.12512531876564026 0.06397660076618195
v -0.723807156085968 -0.1841118484735489 -0.05584366247057915
v -0.723807156085968 -0.1841118484735489 0.05598858371376991
v -0.7206048369407654 -0.176553413271904 -0.042530301958322525
v -0.7206048369407654 -0.176553413271904 0.04267521947622299
v -0.718548059463501 0.11590391397476196 -0.06649435311555862
v -0.718548059463501 0.11590391397476196 0.06663927435874939
v -0.7184315323829651 -0.17142419517040253 0.024036511778831482
v -0.7184315323829651 -0.17142419517040253 -0.023891594260931015
v -0.717630922794342 -0.1695345789194107 7.245926826726645e-05
v -0.7110869884490967 0.10668250918388367 -0.06383168697357178
v -0.7110869884490967 0.10668250918388367 0.06397660076618195
v -0.7042306065559387 0.09820900112390518 -0.05584366247057915
v -0.7042306065559387 0.09820900112390518 0.05598858371376991
v -0.6985845565795898 0.0912303775548935 -0.042530301958322525
v -0.6985845565795898 0.0912303775548935 0.04267521947622299
v -0.6971283555030823 -0.2700948715209961 7.245926826726645e-05
v -0.6971283555030823 -0.2700948715209961 7.245926826726645e-05
v -0.6968168020248413 -0.2680469751358032 0.024036511778831482
v -0.6968168020248413 -0.2680469751358032 -0.023891594260931015
v -0.6959715485572815 -0.26248878240585327 0.04267521947622299
v -0.6959715485572815 -0.26248878240585327 -0.042530301958322525
v -0.6947529315948486 0.08649525046348572 -0.023891594260931015
v -0.6947529315948486 0.08649525046348572 0.024036511778831482
v -0.6947253942489624 -0.25429782271385193 0.05598858371376991
v -0.6947253942489624 -0.25429782271385193 -0.05584366247057915
v -0.6933413743972778 0.08475065976381302 7.245926826726645e-05
v -0.6933413743972778 0.08475065976381302 7.245926826726645e-05
v -0.6932127475738525 -0.2443515658378601 0.06397660076618195
v -0.6932127475738525 -0.2443515658378601 -0.06383168697357178
v -0.6915663480758667 -0.23352748155593872 0.06663927435874939
v -0.6915663480758667 -0.23352748155593872 -0.06649435311555862
v -0.6899198889732361 -0.22270342707633972 0.06397660076618195
v -0.6899198889732361 -0.22270342707633972 -0.06383168697357178
v -0.6884072422981262 -0.2127571702003479 0.05598858371376991
v -0.6884072422981262 -0.2127571702003479 -0.05584366247057915
v -0.6871610283851624 -0.20456619560718536 -0.042530301958322525
v -0.6871610283851624 -0.20456619560718536 0.04267521947622299
v -0.6863157749176025 -0.1990080028772354 0.024036511778831482
v -0.6863157749176025 -0.1990080028772354 -0.023891594260931015
v -0.6860634684562683 0.1519831120967865 7.245926826726645e-05
v -0.6860043406486511 -0.19696010649204254 7.245926826726645e-05
v -0.6860043406486511 -0.19696010649204254 7.245926826726645e-05
v -0.6850800514221191 0.15016953647136688 -0.023891594260931015
v -0.6850800514221191 0.15016953647136688 0.024036511778831482
v -0.6824111938476562 0.14524713158607483 -0.042530301958322525
v -0.6824111938476562 0.14524713158607483 0.04267521947622299
v -0.6784781217575073 0.13799284398555756 -0.05584366247057915
v -0.6784781217575073 0.13799284398555756 0.05598858371376991
v -0.6737021207809448 0.12918415665626526 -0.06383168697357178
v -0.6737021207809448 0.12918415665626526 0.06397660076618195
v -0.6685046553611755 0.11959820985794067 0.06663927435874939
v -0.6685046553611755 0.11959849298000336 -0.06649435311555862
v -0.6633070707321167 0.11001262068748474 -0.06383168697357178
v -0.6633070707321167 0.11001262068748474 0.06397660076618195
v -0.658531129360199 0.10120385140180588 -0.05584366247057915
v -0.658531129360199 0.10120385140180588 0.05598858371376991
v -0.65459805727005 0.0939495712518692 -0.042530301958322525
v -0.65459805727005 0.0939495712518692 0.04267521947622299
v -0.6519291996955872 0.08902716636657715 -0.023891594260931015
v -0.6519291996955872 0.08902716636657715 0.024036511778831482
v -0.650945782661438 0.08721359074115753 7.245926826726645e-05
v -0.6494073271751404 -0.221989244222641 7.245926826726645e-05
v -0.6494073271751404 -0.221989244222641 7.245926826726645e-05
v -0.6491751074790955 -0.22422856092453003 0.024036511778831482
v -0.6491751074790955 -0.22422856092453003 -0.023891594260931015
v -0.6485443711280823 -0.23030713200569153 0.04267521947622299
v -0.6485443711280823 -0.23030713200569153 -0.042530301958322525
v -0.6476147770881653 -0.23926496505737305 0.05598858371376991
v -0.6476147770881653 -0.23926496505737305 -0.05584366247057915
v -0.6464861035346985 -0.25014227628707886 0.06397660076618195
v -0.6464861035346985 -0.25014227628707886 -0.06383168697357178
v -0.6452580094337463 -0.261979341506958 0.06663927435874939
v -0.6452580094337463 -0.261979341506958 -0.06649435311555862
v -0.644029974937439 -0.27381640672683716 0.06397660076618195
v -0.644029974937439 -0.27381640672683716 -0.06383168697357178
v -0.6429012417793274 -0.28469371795654297 0.05598858371376991
v -0.6429012417793274 -0.28469371795654297 -0.05584366247057915
v -0.6419717073440552 -0.2936512231826782 0.04267521947622299
v -0.6419717073440552 -0.2936512231826782 -0.042530301958322525
v -0.641340970993042 -0.2997298538684845 0.024036511778831482
v -0.641340970993042 -0.2997298538684845 -0.023891594260931015
v -0.6411086916923523 -0.30196911096572876 7.245926826726645e-05
v -0.6411086916923523 -0.30196911096572876 7.245926826726645e-05
v -0.6194966435432434 0.1545126885175705 7.245926826726645e-05
v -0.6194966435432434 0.1545126885175705 7.245926826726645e-05
v -0.619026243686676 0.15266357362270355 -0.023891594260931015
v -0.619026243686676 0.15266357362270355 0.024036511778831482
v -0.617749035358429 0.1476450264453888 -0.042530301958322525
v -0.617749035358429 0.1476450264453888 0.04267521947622299
v -0.6158668398857117 0.1402493119239807 -0.05584366247057915
v -0.6158668398857117 0.1402493119239807 0.05598858371376991
v -0.6135813593864441 0.1312687247991562 0.06397660076618195
v -0.6135813593864441 0.1312687247991562 -0.06383168697357178
v -0.6110944151878357 0.12149550765752792 0.06663927435874939
v -0.6110944151878357 0.12149550765752792 -0.06649435311555862
v -0.6086075305938721 0.11172235757112503 0.06397660076618195
v -0.6086075305938721 0.11172235757112503 -0.06383168697357178
v -0.607662558555603 -0.24382317066192627 7.245926826726645e-05
v -0.607662558555603 -0.24382317066192627 7.245926826726645e-05
v -0.607662558555603 -0.24382317066192627 7.245926826726645e-05
v -0.6068341732025146 -0.2463083118200302 0.024036511778831482
v -0.6068341732025146 -0.2463083118200302 -0.023891594260931015
v -0.6063219904899597 0.10274169594049454 -0.05584366247057915
v -0.6063219904899597 0.10274169594049454 0.05598858371376991
v -0.605517566204071 -0.2032395750284195 7.245926826726645e-05
v -0.605517566204071 -0.2032395750284195 7.245926826726645e-05
v -0.6045856475830078 -0.2530537545681 0.04267521947622299
v -0.6045856475830078 -0.2530537545681 -0.042530301958322525
v -0.6044397950172424 0.09534598886966705 0.04267521947622299
v -0.6044397950172424 0.09534598886966705 -0.042530301958322525
v -0.6035205721855164 -0.2817884385585785 7.245926826726645e-05
v -0.6035205721855164 -0.2817884385585785 7.245926826726645e-05
v -0.6031625866889954 0.0903274416923523 -0.023891594260931015
v -0.6031625866889954 0.0903274416923523 0.024036511778831482
v -0.602692186832428 0.08847838640213013 7.245926826726645e-05
v -0.602692186832428 0.08847838640213013 7.245926826726645e-05
v -0.6012721061706543 -0.2629944086074829 0.05598858371376991
v -0.6012721061706543 -0.2629944086074829 -0.05584366247057915
v -0.6000413298606873 -0.24382317066192627 -0.09701449424028397
v -0.6000413298606873 -0.24382317066192627 -0.09701449424028397
v -0.6000413298606873 -0.24382317066192627 0.09715941548347473
v -0.5993786454200745 -0.16145780682563782 7.245926826726645e-05
v -0.5993786454200745 -0.16145780682563782 7.245926826726645e-05
v -0.5979239344596863 -0.2032395750284195 -0.09666243940591812
v -0.5979239344596863 -0.2032395750284195 0.09680736064910889
v -0.5972484946250916 -0.27506518363952637 0.06397660076618195
v -0.5972484946250916 -0.27506518363952637 -0.06383168697357178
v -0.5959526896476746 -0.2817884385585785 -0.09633492678403854
v -0.5959526896476746 -0.2817884385585785 0.09647984802722931
v -0.5928699374198914 -0.2882010340690613 -0.06649435311555862
v -0.5928699374198914 -0.2882010340690613 0.06663927435874939
v -0.5922781825065613 -0.3158928453922272 7.245926826726645e-05
v -0.5922781825065613 -0.3158928453922272 7.245926826726645e-05
v -0.591864287853241 -0.16145780682563782 -0.09565535187721252
v -0.591864287853241 -0.16145780682563782 0.09580026566982269
v -0.5896894931793213 -0.11861097812652588 7.245926826726645e-05
v -0.5896894931793213 -0.11861097812652588 7.245926826726645e-05
v -0.5884913206100464 -0.3013368844985962 0.06397660076618195
v -0.5884913206100464 -0.3013368844985962 -0.06383168697357178
v -0.5848552584648132 -0.3158928453922272 -0.09449028968811035
v -0.5848552584648132 -0.3158928453922272 0.09463520348072052
v -0.5844676494598389 -0.31340768933296204 0.05598858371376991
v -0.5844676494598389 -0.31340768933296204 -0.05584366247057915
v -0.5822996497154236 -0.11861097812652588 -0.09406544268131256
v -0.5822996497154236 -0.11861097812652588 0.09421036392450333
v -0.5811541080474854 -0.3233482837677002 0.04267521947622299
v -0.5811541080474854 -0.3233482837677002 -0.042530301958322525
v -0.5789056420326233 -0.33009377121925354 0.024036511778831482
v -0.5789056420326233 -0.33009377121925354 -0.023891594260931015
v -0.5780772566795349 -0.3325788974761963 7.245926826726645e-05
v -0.5780772566795349 -0.3325788974761963 7.245926826726645e-05
v -0.5779352784156799 -0.24382317066192627 -0.18870511651039124
v -0.5779352784156799 -0.24382317066192627 -0.18870511651039124
v -0.5779352784156799 -0.24382317066192627 0.1888500303030014
v -0.5779352784156799 -0.24382317066192627 0.1888500303030014
v -0.5768938660621643 -0.07483220845460892 7.245926826726645e-05
v -0.5768938660621643 -0.07483220845460892 7.245926826726645e-05
v -0.5758979916572571 -0.2032395750284195 -0.18802079558372498
v -0.5758979916572571 -0.2032395750284195 0.18816572427749634
v -0.5757104754447937 -0.34626948833465576 7.245926826726645e-05
v -0.5757104754447937 -0.34626948833465576 7.245926826726645e-05
v -0.5740013122558594 -0.2817884385585785 -0.1873835325241089
v -0.5740013122558594 -0.2817884385585785 0.18752844631671906
v -0.5700676441192627 -0.16145780682563782 -0.1860622614622116
v -0.5700676441192627 -0.16145780682563782 0.18620717525482178
v -0.5696691274642944 -0.07483220845460892 -0.09196607768535614
v -0.5696691274642944 -0.07483220845460892 0.09211099147796631
v -0.568500816822052 -0.34626948833465576 -0.091771699488163
v -0.568500816822052 -0.34626948833465576 0.09191661328077316
v -0.5633237361907959 -0.3158928453922272 -0.18379691243171692
v -0.5633237361907959 -0.3158928453922272 0.18394184112548828
v -0.5614355802536011 -0.03025461733341217 7.245926826726645e-05
v -0.5614355802536011 -0.03025461733341217 7.245926826726645e-05
v -0.5608651638031006 -0.11861097812652588 -0.18297089636325836
v -0.5608651638031006 -0.11861097812652588 0.18311581015586853
v -0.5555924773216248 -0.37305155396461487 7.245926826726645e-05
v -0.5555924773216248 -0.37305155396461487 7.245926826726645e-05
v -0.5544099807739258 -0.03025461733341217 -0.08942943811416626
v -0.5544099807739258 -0.03025461733341217 0.08957464247941971
v -0.548758327960968 0.08894435316324234 7.245926826726645e-05
v -0.548712432384491 -0.07483220845460892 -0.1788887232542038
v -0.548712432384491 -0.07483220845460892 0.17903363704681396
v -0.5486419796943665 -0.37305155396461487 -0.08847087621688843
v -0.5486419796943665 -0.37305155396461487 0.0886157974600792
v -0.5486266016960144 0.09080645442008972 -0.023891594260931015
v -0.5486266016960144 0.09080645442008972 0.024036511778831482
v -0.5482689142227173 0.09586048126220703 -0.042530301958322525
v -0.5482689142227173 0.09586048126220703 0.04267521947622299
v -0.5477423667907715 0.1033083125948906 -0.05584366247057915
v -0.5477423667907715 0.1033083125948906 0.05598858371376991
v -0.5475885272026062 -0.34626948833465576 -0.17851121723651886
v -0.5475885272026062 -0.34626948833465576 0.17865613102912903
v -0.5471023917198181 0.11235246062278748 -0.06383168697357178
v -0.5471023917198181 0.11235246062278748 0.06397660076618195
v -0.5464062690734863 0.12219459563493729 -0.06649435311555862
v -0.5464062690734863 0.12219459563493729 0.06663927435874939
v -0.5457101464271545 0.13203644752502441 -0.06383168697357178
v -0.5457101464271545 0.13203644752502441 0.06397660076618195
v -0.545070230960846 0.14108066260814667 -0.05584366247057915
v -0.545070230960846 0.14108066260814667 0.05598858371376991
v -0.5445436239242554 0.14852842688560486 -0.042530301958322525
v -0.5445436239242554 0.14852842688560486 0.04267521947622299
v -0.5441858768463135 0.15358252823352814 -0.023891594260931015
v -0.5441858768463135 0.15358252823352814 0.024036511778831482
v -0.5440542101860046 0.15544462203979492 7.245926826726645e-05
v -0.5437583923339844 0.014988597482442856 7.245926826726645e-05
v -0.5437583923339844 0.014988597482442856 7.245926826726645e-05
v -0.5424803495407104 -0.24382317066192627 -0.273863285779953
v -0.5424803495407104 -0.24382317066192627 -0.273863285779953
v -0.5424803495407104 -0.24382317066192627 0.27400821447372437
v -0.5424803495407104 -0.24382317066192627 0.27400821447372437
v -0.5405717492103577 -0.2032395750284195 -0.27287042140960693
v -0.5405717492103577 -0.2032395750284195 0.2730153501033783
v -0.5387945771217346 -0.2817884385585785 -0.27194589376449585
v -0.5387945771217346 -0.2817884385585785 0.2720907926559448
v -0.536960244178772 0.014988597482442856 -0.0865291953086853
v -0.536960244178772 0.014988597482442856 0.08667410910129547
v -0.5351088047027588 -0.16145780682563782 -0.27002817392349243
v -0.5351088047027588 -0.16145780682563782 0.2701730728149414
v -0.5340307354927063 -0.03025461733341217 -0.17395687103271484
v -0.5340307354927063 -0.03025461733341217 0.174101784825325
v -0.5336993932723999 -0.39637210965156555 7.245926826726645e-05
v -0.5336993932723999 -0.39637210965156555 7.245926826726645e-05
v -0.5287906527519226 -0.3158928453922272 -0.26674094796180725
v -0.5287906527519226 -0.3158928453922272 0.2668858468532562
v -0.5284811854362488 -0.37305155396461487 -0.17209270596504211
v -0.5284811854362488 -0.37305155396461487 0.17223761975765228
v -0.527030885219574 -0.39637210965156555 -0.08487863093614578
v -0.527030885219574 -0.39637210965156555 0.08502355217933655
v -0.5264871120452881 -0.11861097812652588 -0.2655424475669861
v -0.5264871120452881 -0.11861097812652588 0.26568737626075745
v -0.5243061184883118 0.06076439842581749 7.245926826726645e-05
v -0.5243061184883118 0.06076439842581749 7.245926826726645e-05
v -0.5177585482597351 0.06076439842581749 -0.08333723992109299
v -0.5177585482597351 0.06076439842581749 0.08348215371370316
v -0.5172417163848877 0.014988597482442856 -0.1683170348405838
v -0.5172417163848877 0.014988597482442856 0.16846194863319397
v -0.5151011943817139 -0.07483220845460892 -0.2596185803413391
v -0.5151011943817139 -0.07483220845460892 0.2597635090351105
v -0.5140479803085327 -0.34626948833465576 -0.25907066464424133
v -0.5140479803085327 -0.34626948833465576 0.2592155933380127
v -0.511806309223175 -0.4163643419742584 7.245926826726645e-05
v -0.511806309223175 -0.4163643419742584 7.245926826726645e-05
v -0.5076881051063538 -0.39637210965156555 -0.16510790586471558
v -0.5076881051063538 -0.39637210965156555 0.16525283455848694
v -0.5054197311401367 -0.4163643419742584 -0.08128639310598373
v -0.5054197311401367 -0.4163643419742584 0.0814313068985939
v -0.5035224556922913 0.10693954676389694 7.245926826726645e-05
v -0.5035224556922913 0.10693954676389694 7.245926826726645e-05
v -0.5013458132743835 -0.03025461733341217 -0.2524622082710266
v -0.5013458132743835 -0.03025461733341217 0.252607136964798
v -0.49876660108566284 0.06076439842581749 -0.16211092472076416
v -0.49876660108566284 0.06076439842581749 0.16225583851337433
v -0.49724265933036804 0.10693954676389694 -0.0799272432923317
v -0.49724265933036804 0.10693954676389694 0.08007216453552246
v -0.49614623188972473 -0.37305155396461487 -0.24975694715976715
v -0.49614623188972473 -0.37305155396461487 0.24990186095237732
v -0.4948125183582306 -0.24382317066192627 -0.3513529598712921
v -0.4948125183582306 -0.24382317066192627 -0.3513529598712921
v -0.4948125183582306 -0.24382317066192627 0.35149791836738586
v -0.4948125183582306 -0.24382317066192627 0.35149791836738586
v -0.49307674169540405 -0.2032395750284195 -0.3500790297985077
v -0.49307674169540405 -0.2032395750284195 0.35022398829460144
v -0.4916883707046509 -0.4331613779067993 7.245926826726645e-05
v -0.4916883707046509 -0.4331613779067993 7.245926826726645e-05
v -0.49146053194999695 -0.2817884385585785 -0.3488929569721222
v -0.49146053194999695 -0.2817884385585785 0.34903791546821594
v -0.4893215000629425 0.08901093900203705 7.245926826726645e-05
v -0.4884931445121765 0.0908748060464859 -0.023891594260931015
v -0.4884931445121765 0.0908748060464859 0.024036511778831482
v -0.4881085753440857 -0.16145780682563782 -0.34643295407295227
v -0.4881085753440857 -0.16145780682563782 0.346577912569046
v -0.4868949055671692 -0.4163643419742584 -0.15812313556671143
v -0.4868949055671692 -0.4163643419742584 0.1582680493593216
v -0.4862446188926697 0.09593383967876434 -0.042530301958322525
v -0.4862446188926697 0.09593383967876434 0.04267521947622299
v -0.48561593890190125 0.014988597482442856 -0.24427834153175354
v -0.48561593890190125 0.014988597482442856 0.2444232553243637
v -0.48556092381477356 -0.4331613779067993 0.07813048362731934
v -0.48556092381477356 -0.4331613779067993 -0.07798556238412857
v -0.48293110728263855 0.10338936001062393 -0.05584366247057915
v -0.48293110728263855 0.10338936001062393 0.05598858371376991
v -0.48236221075057983 -0.3158928453922272 -0.3422158360481262
v -0.48236221075057983 -0.3158928453922272 0.34236079454421997
v -0.4818512499332428 0.15338100492954254 7.245926826726645e-05
v -0.4818512499332428 0.15338100492954254 7.245926826726645e-05
v -0.4802672863006592 -0.11861097812652588 -0.340678334236145
v -0.4802672863006592 -0.11861097812652588 0.3408232629299164
v -0.47902703285217285 0.10693954676389694 -0.1554802805185318
v -0.47902703285217285 0.10693954676389694 0.15562519431114197
v -0.4789075553417206 0.11244239658117294 -0.06383168697357178
v -0.4789075553417206 0.11244239658117294 0.06397660076618195
v -0.4766649603843689 -0.39637210965156555 -0.2396213263273239
v -0.4766649603843689 -0.39637210965156555 0.23976625502109528
v -0.47585049271583557 0.15338100492954254 -0.07637139409780502
v -0.47585049271583557 0.15338100492954254 0.07651630789041519
v -0.4751206338405609 -0.4468963146209717 7.245926826726645e-05
v -0.4751206338405609 -0.4468963146209717 7.245926826726645e-05
v -0.4745289087295532 0.1222943365573883 -0.06649435311555862
v -0.4745289087295532 0.1222943365573883 0.06663927435874939
v -0.47015026211738586 0.1321461945772171 -0.06383168697357178
v -0.47015026211738586 0.1321461945772171 0.06397660076618195
v -0.4699121415615082 -0.07483220845460892 -0.3330787718296051
v -0.4699121415615082 -0.07483220845460892 0.33322373032569885
v -0.46920648217201233 -0.4468963146209717 0.07541189342737198
v -0.46920648217201233 -0.4468963146209717 -0.07526697218418121
v -0.4689544439315796 -0.34626948833465576 -0.3323761224746704
v -0.4689544439315796 -0.34626948833465576 0.33252108097076416
v -0.4683065116405487 0.06076439842581749 -0.2352726012468338
v -0.4683065116405487 0.06076439842581749 0.23541751503944397
v -0.46778762340545654 -0.4331613779067993 -0.1517046093940735
v -0.46778762340545654 -0.4331613779067993 0.15184952318668365
v -0.4661267101764679 0.14119930565357208 -0.05584366247057915
v -0.4661267101764679 0.14119930565357208 0.05598858371376991
v -0.46387821435928345 -0.4577023386955261 7.245926826726645e-05
v -0.46387821435928345 -0.4577023386955261 7.245926826726645e-05
v -0.4628131687641144 0.1486547589302063 -0.042530301958322525
v -0.4628131687641144 0.1486547589302063 0.04267521947622299
v -0.46056467294692993 0.1537138670682907 -0.023891594260931015
v -0.46056467294692993 0.1537138670682907 0.024036511778831482
v -0.45973628759384155 0.19995562732219696 7.245926826726645e-05
v -0.45973628759384155 -0.4657125473022461 7.245926826726645e-05
v -0.45973628759384155 0.15557773411273956 7.245926826726645e-05
v -0.45973628759384155 0.19995562732219696 7.245926826726645e-05
v -0.45973628759384155 -0.4657125473022461 7.245926826726645e-05
v -0.45869341492652893 -0.4723470211029053 7.245926826726645e-05
v -0.45869341492652893 -0.4723470211029053 7.245926826726645e-05
v -0.45844489336013794 0.15338100492954254 -0.14856621623039246
v -0.45844489336013794 0.15338100492954254 0.14871113002300262
v -0.4581090807914734 -0.4577023386955261 0.07356725633144379
v -0.4581090807914734 -0.4577023386955261 -0.07342233508825302
v -0.4574020206928253 -0.03025461733341217 -0.3238978385925293
v -0.4574020206928253 -0.03025461733341217 0.32404279708862305
v -0.4571836292743683 -0.4163643419742584 -0.22948572039604187
v -0.4571836292743683 -0.4163643419742584 0.22963063418865204
v -0.45405590534210205 -0.478848397731781 7.245926826726645e-05
v -0.45405590534210205 -0.478848397731781 7.245926826726645e-05
v -0.4540204107761383 0.19995562732219696 -0.072742760181427
v -0.4540204107761383 -0.4657125473022461 0.07288768142461777
v -0.4540204107761383 0.19995562732219696 0.07288768142461777
v -0.4540204107761383 -0.4657125473022461 -0.072742760181427
v -0.4540204107761383 -0.4657125473022461 -0.072742760181427
v -0.4540204107761383 -0.4657125473022461 0.07288768142461777
v -0.45391538739204407 0.21043971180915833 7.245926826726645e-05
v -0.45391538739204407 0.21043971180915833 7.245926826726645e-05
v -0.452990859746933 -0.4723470211029053 0.07271667569875717
v -0.452990859746933 -0.4723470211029053 -0.072571761906147
v -0.45267337560653687 -0.37305155396461487 -0.3204275071620941
v -0.45267337560653687 -0.37305155396461487 0.32057246565818787
v -0.45205238461494446 -0.4468963146209717 0.1465638279914856
v -0.45205238461494446 -0.4468963146209717 -0.14641891419887543
v -0.4498122036457062 0.10693954676389694 -0.2256505787372589
v -0.4498122036457062 0.10693954676389694 0.22579549252986908
v -0.44841310381889343 -0.478848397731781 -0.07181082665920258
v -0.44841310381889343 -0.478848397731781 0.07195574790239334
v -0.4482743442058563 0.21043971180915833 -0.0717877447605133
v -0.4482743442058563 0.21043971180915833 0.07193266600370407
v -0.44778382778167725 0.21859432756900787 7.245926826726645e-05
v -0.44778382778167725 0.21859432756900787 7.245926826726645e-05
v -0.44356051087379456 -0.4850834906101227 7.245926826726645e-05
v -0.44356051087379456 -0.4850834906101227 7.245926826726645e-05
v -0.4430963099002838 0.014988597482442856 -0.31339895725250244
v -0.4430963099002838 0.014988597482442856 0.3135438859462738
v -0.44222182035446167 0.21859432756900787 -0.07078155130147934
v -0.44222182035446167 0.21859432756900787 0.0709264725446701
v -0.4416966736316681 0.2244187593460083 7.245926826726645e-05
v -0.441374808549881 -0.4577023386955261 0.14297720789909363
v -0.441374808549881 -0.4577023386955261 -0.14283229410648346
v -0.4392819106578827 -0.4331613779067993 0.22031690180301666
v -0.4392819106578827 -0.4331613779067993 -0.2201719880104065
v -0.4380529522895813 -0.4850834906101227 -0.07008866965770721
v -0.4380529522895813 -0.4850834906101227 0.07023358345031738
v -0.4374408423900604 0.19995562732219696 -0.1415107250213623
v -0.4374408423900604 -0.4657125473022461 -0.1415107250213623
v -0.4374408423900604 -0.4657125473022461 -0.1415107250213623
v -0.4374408423900604 -0.4657125473022461 0.14165563881397247
v -0.4374408423900604 -0.4657125473022461 0.14165563881397247
v -0.4374408423900604 0.19995562732219696 0.14165563881397247
v -0.4364502727985382 -0.4723470211029053 0.1413228064775467
v -0.4364502727985382 -0.4723470211029053 -0.14117787778377533
v -0.43621307611465454 0.2244187593460083 -0.06978275626897812
v -0.43621307611465454 0.2244187593460083 0.06992767006158829
v -0.43606802821159363 -0.24382317066192627 -0.4200380742549896
v -0.43606802821159363 -0.24382317066192627 -0.4200380742549896
v -0.43606802821159363 -0.24382317066192627 0.4201830327510834
v -0.43606802821159363 -0.24382317066192627 0.4201830327510834
v -0.43600893020629883 0.22791364789009094 7.245926826726645e-05
v -0.43600893020629883 0.22791364789009094 7.245926826726645e-05
v -0.4349556863307953 -0.39637210965156555 -0.3074248135089874
v -0.4349556863307953 -0.39637210965156555 0.3075697422027588
v -0.4345453083515167 -0.2032395750284195 -0.41851532459259033
v -0.4345453083515167 -0.2032395750284195 0.4186602830886841
v -0.4331272840499878 -0.2817884385585785 -0.4170973300933838
v -0.4331272840499878 -0.2817884385585785 0.41724228858947754
v -0.43204596638679504 -0.478848397731781 -0.139698326587677
v -0.43204596638679504 -0.478848397731781 0.13984325528144836
v -0.43191224336624146 0.21043971180915833 -0.13965365290641785
v -0.43191224336624146 0.21043971180915833 0.13979856669902802
v -0.4310756027698517 0.22907869517803192 7.245926826726645e-05
v -0.4310756027698517 0.22907869517803192 7.245926826726645e-05
v -0.4305986166000366 0.22791364789009094 -0.06884963810443878
v -0.4305986166000366 0.22791364789009094 0.06899455189704895
v -0.43052852153778076 0.15338100492954254 -0.21561762690544128
v -0.43052852153778076 0.15338100492954254 0.21576254069805145
v -0.43018653988838196 -0.16145780682563782 -0.41415655612945557
v -0.43018653988838196 -0.16145780682563782 0.41430148482322693
v -0.43015098571777344 0.19995562732219696 7.245926826726645e-05
v -0.43015098571777344 0.19995562732219696 7.245926826726645e-05
v -0.42735370993614197 0.06076439842581749 -0.301845908164978
v -0.42735370993614197 0.06076439842581749 0.3019908666610718
v -0.4272516667842865 0.22791364789009094 7.245926826726645e-05
v -0.4272516667842865 0.22791364789009094 7.245926826726645e-05
v -0.42608898878097534 0.21859432756900787 -0.1376974731683731
v -0.42608898878097534 0.21859432756900787 0.13784238696098328
v -0.4259869456291199 0.21043971180915833 7.245926826726645e-05
v -0.4259869456291199 0.21043971180915833 7.245926826726645e-05
v -0.4257289171218872 0.22907869517803192 -0.06804018467664719
v -0.4257289171218872 0.22907869517803192 0.06818509846925735
v -0.4251452088356018 -0.3158928453922272 -0.4091152250766754
v -0.4251452088356018 -0.3158928453922272 0.4092601537704468
v -0.42494404315948486 -0.49091917276382446 7.245926826726645e-05
v -0.42494404315948486 -0.49091917276382446 7.245926826726645e-05
v -0.42489227652549744 0.2244187593460083 7.245926826726645e-05
v -0.42489227652549744 0.2244187593460083 7.245926826726645e-05
v -0.42481622099876404 0.19995562732219696 -0.06788840889930725
v -0.42481622099876404 0.19995562732219696 0.06803333014249802
v -0.4245392978191376 -0.4468963146209717 0.21264663338661194
v -0.4245392978191376 -0.4468963146209717 -0.21250171959400177
v -0.4243523180484772 0.21859432756900787 7.245926826726645e-05
v -0.4243523180484772 0.21859432756900787 7.245926826726645e-05
v -0.4233073890209198 -0.11861097812652588 -0.40727710723876953
v -0.4233070909976959 -0.11861097812652588 0.40742233395576477
v -0.4220777750015259 -0.4850834906101227 -0.1363498568534851
v -0.4220777750015259 -0.4850834906101227 0.13649478554725647
v -0.42195412516593933 0.22791364789009094 -0.06741268187761307
v -0.42195412516593933 0.22791364789009094 0.06755759567022324
v -0.420705646276474 0.21043971180915833 -0.0672052875161171
v -0.420705646276474 0.21043971180915833 0.06735020875930786
v -0.4203073978424072 0.2244187593460083 -0.1357555091381073
v -0.4203073978424072 0.2244187593460083 0.13590042293071747
v -0.41967636346817017 -0.49091917276382446 -0.06703399121761322
v -0.41967636346817017 -0.49091917276382446 0.06717891246080399
v -0.4196251630783081 0.2244187593460083 -0.06702541559934616
v -0.4196251630783081 0.2244187593460083 0.06717032939195633
v -0.4190920293331146 0.21859432756900787 -0.06693694740533829
v -0.4190920293331146 0.21859432756900787 0.06708186864852905
v -0.4172379672527313 -0.4163643419742584 -0.29442209005355835
v -0.4172379672527313 -0.4163643419742584 0.2945670187473297
v -0.41490545868873596 0.22791364789009094 -0.13394074141979218
v -0.41490545868873596 0.22791364789009094 0.13408565521240234
v -0.41453537344932556 -0.4577023386955261 0.20744170248508453
v -0.41453537344932556 -0.4577023386955261 -0.20729677379131317
v -0.4142223298549652 -0.07483220845460892 -0.3981923460960388
v -0.4142223298549652 -0.07483220845460892 0.39833730459213257
v -0.41338208317756653 -0.34626948833465576 -0.3973521292209625
v -0.41338208317756653 -0.34626948833465576 0.3974970877170563
v -0.41084960103034973 0.19995562732219696 -0.20537936687469482
v -0.41084960103034973 -0.4657125473022461 -0.20537936687469482
v -0.41084960103034973 -0.4657125473022461 0.205524280667305
v -0.41084960103034973 -0.4657125473022461 0.205524280667305
v -0.41084960103034973 0.19995562732219696 0.205524280667305
v -0.41084960103034973 -0.4657125473022461 -0.20537936687469482
v -0.41053396463394165 0.10693954676389694 -0.2895020544528961
v -0.41053396463394165 0.10693954676389694 0.2896469831466675
v -0.4102199971675873 0.22907869517803192 -0.13236680626869202
v -0.4102199971675873 0.22907869517803192 0.13251172006130219
v -0.4099214971065521 -0.4723470211029053 0.20504143834114075
v -0.4099214971065521 -0.4723470211029053 -0.20489652454853058
v -0.409341961145401 0.19995562732219696 -0.1320718377828598
v -0.409341961145401 0.19995562732219696 0.13221675157546997
v -0.4065881371498108 0.22791364789009094 -0.13114671409130096
v -0.4065881371498108 0.22791364789009094 0.13129162788391113
v -0.4057949483394623 -0.478848397731781 -0.20274952054023743
v -0.4057949483394623 -0.478848397731781 0.2028944343328476
v -0.40566980838775635 0.21043971180915833 -0.2026844322681427
v -0.40566980838775635 0.21043971180915833 0.20282934606075287
v -0.40538695454597473 0.21043971180915833 -0.13074345886707306
v -0.40538695454597473 0.21043971180915833 0.13088838756084442
v -0.4043964743614197 -0.49091917276382446 0.13055554032325745
v -0.4043964743614197 -0.49091917276382446 -0.13041062653064728
v -0.40434738993644714 0.2244187593460083 -0.13039405643939972
v -0.40434738993644714 0.2244187593460083 0.1305389702320099
v -0.40383467078208923 0.21859432756900787 -0.1302218735218048
v -0.40383467078208923 0.21859432756900787 0.13036680221557617
v -0.40324708819389343 -0.03025461733341217 -0.38721707463264465
v -0.40324708819389343 -0.03025461733341217 0.3873620331287384
v -0.4009568989276886 -0.4331613779067993 0.2826184034347534
v -0.4009568989276886 -0.4331613779067993 -0.28247350454330444
v -0.4005657732486725 0.19995562732219696 7.245926826726645e-05
v -0.4005657732486725 0.19995562732219696 7.245926826726645e-05
v -0.40021371841430664 0.21859432756900787 -0.19984573125839233
v -0.40021371841430664 0.21859432756900787 0.1999906599521637
v -0.39909833669662476 -0.37305155396461487 -0.38306835293769836
v -0.39909833669662476 -0.37305155396461487 0.3832133114337921
v -0.3964558243751526 -0.4850834906101227 -0.1978907436132431
v -0.3964558243751526 -0.4850834906101227 0.19803565740585327
v -0.3959430754184723 -0.4962223470211029 7.245926826726645e-05
v -0.3959430754184723 -0.4962223470211029 7.245926826726645e-05
v -0.39561206102371216 0.19995562732219696 -0.0630340650677681
v -0.39561206102371216 0.19995562732219696 0.06317897886037827
v -0.3947972059249878 0.2244187593460083 -0.19702774286270142
v -0.3947972059249878 0.2244187593460083 0.19717265665531158
v -0.3930511474609375 0.21202637255191803 7.245926826726645e-05
v -0.3930511474609375 0.21202637255191803 7.245926826726645e-05
v -0.39299604296684265 0.15338100492954254 -0.27663129568099976
v -0.39299604296684265 0.15338100492954254 0.27677619457244873
v -0.3910488188266754 -0.4962223470211029 -0.06227549910545349
v -0.3910488188266754 -0.4962223470211029 0.06242041662335396
v -0.39069613814353943 0.014988597482442856 -0.37466612458229065
v -0.39069613814353943 0.014988597482442856 0.3748110830783844
v -0.3897360563278198 0.22791364789009094 -0.19439466297626495
v -0.3897360563278198 0.22791364789009094 0.19453957676887512
v -0.38819411396980286 0.21202637255191803 0.06194586679339409
v -0.38819411396980286 0.21202637255191803 -0.06180094927549362
v -0.38754913210868835 -0.4468963146209717 0.2727786600589752
v -0.38754913210868835 -0.4468963146209717 -0.27263373136520386
v -0.3853462040424347 0.22907869517803192 -0.19211067259311676
v -0.3853462040424347 0.22907869517803192 0.19225560128688812
v -0.3845234513282776 0.19995562732219696 -0.1916825771331787
v -0.3845234513282776 0.19995562732219696 0.19182749092578888
v -0.38355422019958496 -0.39637210965156555 -0.36752426624298096
v -0.38355422019958496 -0.39637210965156555 0.3676691949367523
v -0.38194364309310913 0.22791364789009094 -0.1903402954339981
v -0.38194364309310913 0.22791364789009094 0.19048520922660828
v -0.3812430799007416 0.19995562732219696 -0.1226329654455185
v -0.3812430799007416 0.19995562732219696 0.12277787923812866
v -0.380818247795105 0.21043971180915833 -0.18975479900836945
v -0.380818247795105 0.21043971180915833 0.1898997277021408
v -0.379890114068985 -0.49091917276382446 -0.1892719566822052
v -0.379890114068985 -0.49091917276382446 0.18941688537597656
v -0.37984398007392883 0.2244187593460083 -0.1892479956150055
v -0.37984398007392883 0.2244187593460083 0.18939290940761566
v -0.379363477230072 0.21859432756900787 -0.1889979988336563
v -0.379363477230072 0.21859432756900787 0.18914291262626648
v -0.37845081090927124 -0.4577023386955261 0.26610156893730164
v -0.37845081090927124 -0.4577023386955261 -0.2659566402435303
v -0.3768851161003113 0.06076439842581749 0.36100009083747864
v -0.3768851161003113 0.06076439842581749 -0.3608551323413849
v -0.3768526017665863 -0.4962223470211029 -0.12115813791751862
v -0.3768526017665863 -0.4962223470211029 0.12130305171012878
v -0.3750987648963928 0.19995562732219696 -0.26349660754203796
v -0.3750987648963928 -0.4657125473022461 -0.26349660754203796
v -0.3750987648963928 -0.4657125473022461 -0.26349660754203796
v -0.3750987648963928 -0.4657125473022461 0.2636415362358093
v -0.3750987648963928 -0.4657125473022461 0.2636415362358093
v -0.3750987648963928 0.19995562732219696 0.2636415362358093
v -0.3742547333240509 -0.4723470211029053 0.2630220353603363
v -0.3742547333240509 -0.4723470211029053 -0.26287710666656494
v -0.37410590052604675 0.21202637255191803 0.12038028985261917
v -0.37410590052604675 0.21202637255191803 -0.120235376060009
v -0.3724006116390228 0.22196704149246216 7.245926826726645e-05
v -0.3724006116390228 0.22196704149246216 7.245926826726645e-05
v -0.3705018162727356 -0.478848397731781 -0.26012301445007324
v -0.3705018162727356 -0.478848397731781 0.2602679431438446
v -0.3703879117965698 0.21043971180915833 -0.2600395679473877
v -0.3703879117965698 0.21043971180915833 0.26018449664115906
v -0.36801019310951233 -0.4163643419742584 -0.35198017954826355
v -0.36801019310951233 -0.4163643419742584 0.3521251380443573
v -0.36780956387519836 0.22196704149246216 -0.05841284990310669
v -0.36780956387519836 0.22196704149246216 0.058557767421007156
v -0.3673829734325409 -0.24382317066192627 -0.4787825644016266
v -0.3673829734325409 -0.24382317066192627 -0.4787825644016266
v -0.3673829734325409 -0.24382317066192627 0.47892749309539795
v -0.3673829734325409 -0.24382317066192627 0.47892749309539795
v -0.3661090135574341 -0.2032395750284195 -0.47704678773880005
v -0.3661090135574341 -0.2032395750284195 0.4771917462348938
v -0.36542585492134094 0.21859432756900787 -0.25639793276786804
v -0.36542585492134094 0.21859432756900787 0.2565428614616394
v -0.3649229407310486 -0.2817884385585785 -0.47543054819107056
v -0.3649229407310486 -0.2817884385585785 0.4755754768848419
v -0.36246296763420105 -0.16145780682563782 -0.4720785617828369
v -0.36246296763420105 -0.16145780682563782 0.47222352027893066
v -0.3621286153793335 0.10693954676389694 -0.3460986018180847
v -0.3621286153793335 0.10693954676389694 0.34624356031417847
v -0.3620082139968872 -0.4850834906101227 -0.25388941168785095
v -0.3620082139968872 -0.4850834906101227 0.2540343403816223
v -0.36049965023994446 0.2244187593460083 -0.2527826130390167
v -0.36049965023994446 0.2244187593460083 0.2529275417327881
v -0.358245849609375 -0.3158928453922272 -0.46633222699165344
v -0.358245849609375 -0.3158928453922272 0.4664771556854248
v -0.35819733142852783 0.19995562732219696 -0.1779857873916626
v -0.35819733142852783 0.19995562732219696 0.17813070118427277
v -0.356708288192749 -0.11861097812652588 -0.4642372727394104
v -0.356708288192749 -0.11861097812652588 0.46438223123550415
v -0.3558967709541321 0.22791364789009094 -0.24940457940101624
v -0.3558967709541321 0.22791364789009094 0.2495494931936264
v -0.3544929325580597 0.22196704149246216 -0.11364703625440598
v -0.3544929325580597 0.22196704149246216 0.11379195004701614
v -0.35429444909095764 -0.500859797000885 7.245926826726645e-05
v -0.35429444909095764 -0.500859797000885 7.245926826726645e-05
v -0.35408374667167664 -0.4962223470211029 -0.17584559321403503
v -0.35408374667167664 -0.4962223470211029 0.1759905070066452
v -0.35372641682624817 -0.4331613779067993 0.33784136176109314
v -0.35372641682624817 -0.4331613779067993 -0.3376964330673218
v -0.3519042432308197 0.22907869517803192 -0.24647444486618042
v -0.3519042432308197 0.22907869517803192 0.24661937355995178
v -0.3515104353427887 0.21202637255191803 0.17465177178382874
v -0.3515104353427887 0.21202637255191803 -0.17450685799121857
v -0.3511560559272766 0.19995562732219696 -0.24592535197734833
v -0.3511560559272766 0.19995562732219696 0.2460702806711197
v -0.3499365448951721 -0.500859797000885 -0.05544189736247063
v -0.3499365448951721 -0.500859797000885 0.055586814880371094
v -0.3491087257862091 -0.07483220845460892 -0.4538821280002594
v -0.3491087257862091 -0.07483220845460892 0.45402708649635315
v -0.3488096594810486 0.22791364789009094 -0.24420347809791565
v -0.3488096594810486 0.22791364789009094 0.244348406791687
v -0.3484061062335968 -0.34626948833465576 -0.4529244601726532
v -0.3484061062335968 -0.34626948833465576 0.45306941866874695
v -0.34778594970703125 0.21043971180915833 -0.24345232546329498
v -0.34778594970703125 0.21043971180915833 0.24359723925590515
v -0.3469421863555908 -0.49091917276382446 -0.24283280968666077
v -0.3469421863555908 -0.49091917276382446 0.24297773838043213
v -0.34690022468566895 0.2244187593460083 -0.24280203878879547
v -0.34690022468566895 0.2244187593460083 0.24294696748256683
v -0.3467422127723694 0.15338100492954254 -0.330712229013443
v -0.3467422127723694 0.15338100492954254 0.33085718750953674
v -0.34646326303482056 0.21859432756900787 -0.24248133599758148
v -0.34646326303482056 0.21859432756900787 0.24262624979019165
v -0.3419632911682129 -0.4468963146209717 0.32607826590538025
v -0.3419632911682129 -0.4468963146209717 -0.3259333372116089
v -0.3414544463157654 0.23031005263328552 7.245926826726645e-05
v -0.3414544463157654 0.23031005263328552 7.245926826726645e-05
v -0.3399278223514557 -0.03025461733341217 -0.44137200713157654
v -0.3399278223514557 -0.03025461733341217 0.4415169656276703
v -0.3372965157032013 -0.500859797000885 0.10801543295383453
v -0.3372965157032013 -0.500859797000885 -0.10787051171064377
v -0.33726194500923157 0.23031005263328552 0.05348004773259163
v -0.33726194500923157 0.23031005263328552 -0.05333513021469116
v -0.3364574611186981 -0.37305155396461487 -0.43664342164993286
v -0.3364574611186981 -0.37305155396461487 0.4367883503437042
v -0.3339812159538269 -0.4577023386955261 -0.3179512023925781
v -0.3339812159538269 -0.4577023386955261 0.3180961608886719
v -0.3331347703933716 0.22196704149246216 -0.16494637727737427
v -0.3331347703933716 0.22196704149246216 0.16509130597114563
v -0.33104047179222107 0.19995562732219696 -0.3150104582309723
v -0.33104047179222107 -0.4657125473022461 -0.3150104582309723
v -0.33104047179222107 -0.4657125473022461 0.31515541672706604
v -0.33104047179222107 0.19995562732219696 0.31515541672706604
v -0.33029991388320923 -0.4723470211029053 0.3144148886203766
v -0.33029991388320923 -0.4723470211029053 -0.31426993012428284
v -0.32942891120910645 0.014988597482442856 -0.4270663559436798
v -0.32942891120910645 0.014988597482442856 0.42721131443977356
v -0.3272132873535156 0.19995562732219696 -0.2283540815114975
v -0.3272132873535156 0.19995562732219696 0.22849899530410767
v -0.32700738310813904 -0.478848397731781 -0.31097739934921265
v -0.32700738310813904 -0.478848397731781 0.311122328042984
v -0.3269076347351074 0.21043971180915833 -0.3108776807785034
v -0.3269076347351074 0.21043971180915833 0.31102263927459717
v -0.32510149478912354 0.23031005263328552 -0.10377413779497147
v -0.32510149478912354 0.23031005263328552 0.10391905903816223
v -0.3234722316265106 -0.4962223470211029 -0.22560857236385345
v -0.3234722316265106 -0.4962223470211029 0.22575348615646362
v -0.3234547972679138 -0.39637210965156555 -0.4189256727695465
v -0.3234547972679138 -0.39637210965156555 0.41907063126564026
v -0.32255420088768005 0.21859432756900787 -0.30652421712875366
v -0.32255420088768005 0.21859432756900787 0.3066691756248474
v -0.32113173604011536 0.21202637255191803 0.22403576970100403
v -0.32113173604011536 0.21202637255191803 -0.22389084100723267
v -0.31955575942993164 -0.4850834906101227 -0.30352574586868286
v -0.31955575942993164 -0.4850834906101227 0.3036707043647766
v -0.3182324171066284 0.2244187593460083 -0.30220240354537964
v -0.3182324171066284 0.2244187593460083 0.3023473620414734
v -0.3178759217262268 0.06076439842581749 -0.41132375597953796
v -0.3178759217262268 0.06076439842581749 0.4114687144756317
v -0.31702327728271484 -0.500859797000885 0.15670891106128693
v -0.31702327728271484 -0.500859797000885 -0.15656399726867676
v -0.3141939640045166 0.22791364789009094 -0.2981640100479126
v -0.3141939640045166 0.22791364789009094 0.29830893874168396
v -0.31069138646125793 0.22907869517803192 -0.29466143250465393
v -0.31069138646125793 0.22907869517803192 0.2948063313961029
v -0.31045207381248474 -0.4163643419742584 -0.40120798349380493
v -0.31045207381248474 -0.4163643419742584 0.4013529419898987
v -0.3100349009037018 0.19995562732219696 -0.2940049469470978
v -0.3100349009037018 0.19995562732219696 0.29414984583854675
v -0.3079763650894165 0.22791364789009094 -0.2919464111328125
v -0.3079763650894165 0.22791364789009094 0.2920913100242615
v -0.30707842111587524 0.21043971180915833 -0.29104849696159363
v -0.30707842111587524 0.21043971180915833 0.2911933958530426
v -0.3063379228115082 -0.49091917276382446 0.29045289754867554
v -0.3063379228115082 -0.49091917276382446 -0.2903079688549042
v -0.3063012659549713 0.2244187593460083 -0.2902712821960449
v -0.3063012659549713 0.2244187593460083 0.2904161810874939
v -0.3059178292751312 0.21859432756900787 -0.28988784551620483
v -0.3059178292751312 0.21859432756900787 0.2900327742099762
v -0.305597722530365 0.23031005263328552 0.15076462924480438
v -0.305597722530365 0.23031005263328552 -0.1506197154521942
v -0.3055320084095001 0.10693954676389694 -0.39450395107269287
v -0.3055320084095001 0.10693954676389694 0.3946489095687866
v -0.3044199049472809 0.22196704149246216 -0.21162629127502441
v -0.3044199049472809 0.22196704149246216 0.21177120506763458
v -0.30305275321006775 0.237588033080101 7.245926826726645e-05
v -0.30305275321006775 0.237588033080101 7.245926826726645e-05
v -0.2993549406528473 0.237588033080101 -0.047034066170454025
v -0.2993549406528473 0.237588033080101 0.04717898368835449
v -0.29850345849990845 -0.4331613779067993 0.38507184386253357
v -0.29850345849990845 -0.4331613779067993 -0.3849268853664398
v -0.2977348566055298 -0.5046985149383545 7.245926826726645e-05
v -0.2977348566055298 -0.5046985149383545 7.245926826726645e-05
v -0.2941056191921234 -0.5046985149383545 0.04630651697516441
v -0.2941056191921234 -0.5046985149383545 -0.04616159945726395
v -0.29266124963760376 0.15338100492954254 -0.37696608901023865
v -0.29266124963760376 0.15338100492954254 0.3771110475063324
v -0.2898932695388794 -0.24382317066192627 -0.5264503359794617
v -0.2898932695388794 -0.24382317066192627 0.5265952944755554
v -0.2898932695388794 -0.24382317066192627 0.5265952944755554
v -0.2898932695388794 -0.24382317066192627 -0.5264503359794617
v -0.28976693749427795 -0.500859797000885 0.2010175585746765
v -0.28976693749427795 -0.500859797000885 -0.20087264478206635
v -0.2890293598175049 0.19995562732219696 -0.2729994058609009
v -0.2890293598175049 0.19995562732219696 0.27314430475234985
v -0.2889004051685333 -0.2032395750284195 0.5246867537498474
v -0.2889004051685333 -0.2032395750284195 -0.5245417952537537
v -0.28866371512413025 -0.4468963146209717 0.3716641366481781
v -0.28866371512413025 -0.4468963146209717 -0.37151917815208435
v -0.28862908482551575 0.237588033080101 -0.09152229875326157
v -0.28862908482551575 0.237588033080101 0.09166721254587173
v -0.28797584772109985 -0.2817884385585785 -0.5227646231651306
v -0.28797584772109985 -0.2817884385585785 0.5229095816612244
v -0.28605812788009644 -0.16145780682563782 -0.5190788507461548
v -0.28605812788009644 -0.16145780682563782 0.5192238092422485
v -0.2857472002506256 -0.4962223470211029 -0.2697172164916992
v -0.2857472002506256 -0.4962223470211029 0.2698621451854706
v -0.28369396924972534 0.21202637255191803 0.2678089141845703
v -0.28369396924972534 0.21202637255191803 -0.26766401529312134
v -0.2835782766342163 -0.5046985149383545 0.08997079730033875
v -0.2835782766342163 -0.5046985149383545 -0.08982587605714798
v -0.28277090191841125 -0.3158928453922272 -0.5127606391906738
v -0.28277090191841125 -0.3158928453922272 0.5129055976867676
v -0.28198662400245667 -0.4577023386955261 0.3625657558441162
v -0.28198662400245667 -0.4577023386955261 -0.36242082715034485
v -0.2815724313259125 -0.11861097812652588 -0.5104571580886841
v -0.2815724313259125 -0.11861097812652588 0.5106021165847778
v -0.27952659130096436 -0.4657125473022461 -0.3590688109397888
v -0.27952659130096436 -0.4657125473022461 0.35921376943588257
v -0.27952659130096436 0.19995562732219696 -0.3590688109397888
v -0.27952659130096436 -0.4657125473022461 -0.3590688109397888
v -0.27952659130096436 -0.4657125473022461 0.35921376943588257
v -0.27952659130096436 0.19995562732219696 0.35921376943588257
v -0.27937570214271545 0.23031005263328552 -0.1932467371225357
v -0.27937570214271545 0.23031005263328552 0.19339166581630707
v -0.27890709042549133 -0.4723470211029053 0.3583696782588959
v -0.27890709042549133 -0.4723470211029053 -0.3582247197628021
v -0.27615299820899963 -0.478848397731781 -0.3544718623161316
v -0.27615299820899963 -0.478848397731781 0.35461679100990295
v -0.2760695517063141 0.21043971180915833 -0.35435792803764343
v -0.2760695517063141 0.21043971180915833 0.3545028865337372
v -0.2756485641002655 -0.07483220845460892 -0.49907124042510986
v -0.2756485641002655 -0.07483220845460892 0.4992161989212036
v -0.2751006484031677 -0.34626948833465576 -0.4980179965496063
v -0.2751006484031677 -0.34626948833465576 0.4981629550457001
v -0.27242791652679443 0.21859432756900787 -0.34939590096473694
v -0.27242791652679443 0.21859432756900787 0.3495408296585083
v -0.2714264392852783 0.237588033080101 -0.1328410506248474
v -0.2714264392852783 0.237588033080101 0.13298597931861877
v -0.26991936564445496 -0.4850834906101227 -0.3459782004356384
v -0.26991936564445496 -0.4850834906101227 0.3461231589317322
v -0.2690321207046509 0.22196704149246216 -0.2530021369457245
v -0.2690321207046509 0.22196704149246216 0.25314706563949585
v -0.2688125967979431 0.2244187593460083 -0.34446966648101807
v -0.2688125967979431 0.2244187593460083 0.3446146249771118
v -0.2684921622276306 -0.03025461733341217 -0.48531585931777954
v -0.2684921622276306 -0.03025461733341217 0.4854608178138733
v -0.2666942775249481 -0.5046985149383545 -0.13037925958633423
v -0.2666942775249481 -0.5046985149383545 0.1305241882801056
v -0.26578691601753235 -0.37305155396461487 0.4802612066268921
v -0.26578691601753235 -0.37305155396461487 -0.48011624813079834
v -0.2654345631599426 0.22791364789009094 -0.3398667871952057
v -0.2654345631599426 0.22791364789009094 0.34001174569129944
v -0.2625044286251068 0.22907869517803192 -0.3358742892742157
v -0.2625044286251068 0.22907869517803192 0.33601921796798706
v -0.2619553208351135 0.19995562732219696 -0.3351260721683502
v -0.2619553208351135 0.19995562732219696 0.3352710008621216
v -0.26030829548835754 0.014988597482442856 0.4697309136390686
v -0.26030829548835754 0.014988597482442856 -0.46958598494529724
v -0.26023346185684204 0.22791364789009094 -0.3327796459197998
v -0.26023346185684204 0.22791364789009094 0.33292460441589355
v -0.26003581285476685 0.24433346092700958 7.245926826726645e-05
v -0.26003581285476685 0.24433346092700958 7.245926826726645e-05
v -0.2594822943210602 0.21043971180915833 -0.33175599575042725
v -0.2594822943210602 0.21043971180915833 0.331900954246521
v -0.25886279344558716 -0.49091917276382446 0.33105719089508057
v -0.25886279344558716 -0.49091917276382446 -0.3309122323989868
v -0.25883200764656067 0.2244187593460083 0.3310151696205139
v -0.25883200764656067 0.2244187593460083 -0.33087021112442017
v -0.2585113048553467 0.21859432756900787 -0.3304332494735718
v -0.2585113048553467 0.21859432756900787 0.3305782079696655
v -0.2568921148777008 0.24433346092700958 -0.039975911378860474
v -0.2568921148777008 0.24433346092700958 0.04012082889676094
v -0.25617673993110657 -0.500859797000885 0.24029166996479034
v -0.25617673993110657 -0.500859797000885 -0.24014675617218018
v -0.2556512951850891 -0.39637210965156555 0.46077990531921387
v -0.2556512951850891 -0.39637210965156555 -0.4606349766254425
v -0.251302570104599 0.06076439842581749 0.45242148637771606
v -0.251302570104599 0.06076439842581749 -0.4522765278816223
v -0.24829788506031036 0.237588033080101 -0.17043918371200562
v -0.24829788506031036 0.237588033080101 0.17058409750461578
v -0.24777333438396454 0.24433346092700958 -0.07779829204082489
v -0.24777333438396454 0.24433346092700958 0.07794320583343506
v -0.24706032872200012 0.23031005263328552 -0.23103035986423492
v -0.24706032872200012 0.23031005263328552 0.2311752736568451
v -0.24551567435264587 -0.4163643419742584 -0.4411536753177643
v -0.24551567435264587 -0.4163643419742584 0.44129863381385803
v -0.2443840354681015 0.19995562732219696 -0.31118327379226685
v -0.2443840354681015 0.19995562732219696 0.3113282322883606
v -0.24399441480636597 -0.5046985149383545 0.16742557287216187
v -0.24399441480636597 -0.5046985149383545 -0.1672806590795517
v -0.2416805475950241 0.10693954676389694 -0.4337822198867798
v -0.2416805475950241 0.10693954676389694 0.43392717838287354
v -0.24163854122161865 -0.4962223470211029 -0.30744224786758423
v -0.24163854122161865 -0.4962223470211029 0.307587206363678
v -0.23992080986499786 0.21202637255191803 0.3052467107772827
v -0.23992080986499786 0.21202637255191803 -0.30510175228118896
v -0.2362019568681717 -0.4331613779067993 0.42339688539505005
v -0.2362019568681717 -0.4331613779067993 -0.4232519268989563
v -0.23314815759658813 0.24433346092700958 -0.11292604357004166
v -0.23314815759658813 0.24433346092700958 0.11307095736265182
v -0.23164759576320648 0.15338100492954254 -0.41449853777885437
v -0.23164759576320648 0.15338100492954254 0.4146434962749481
v -0.22853168845176697 -0.4468963146209717 0.40865427255630493
v -0.22853168845176697 -0.4468963146209717 -0.4085093140602112
v -0.2276562601327896 0.22196704149246216 -0.2883899509906769
v -0.2276562601327896 0.22196704149246216 0.28853487968444824
v -0.2240009903907776 -0.507605254650116 7.245926826726645e-05
v -0.22332674264907837 -0.4577023386955261 0.39865031838417053
v -0.22332674264907837 -0.4577023386955261 -0.3985053598880768
v -0.22140932083129883 -0.4657125473022461 -0.39481961727142334
v -0.22140932083129883 -0.4657125473022461 0.3949645459651947
v -0.22140932083129883 0.19995562732219696 0.3949645459651947
v -0.22140932083129883 -0.4657125473022461 0.3949645459651947
v -0.22140932083129883 0.19995562732219696 -0.39481961727142334
v -0.22140932083129883 -0.4657125473022461 -0.39481961727142334
v -0.2213214635848999 -0.507605254650116 -0.03406330198049545
v -0.2213214635848999 -0.507605254650116 0.03420821949839592
v -0.22092647850513458 -0.4723470211029053 0.3940364718437195
v -0.22092647850513458 -0.4723470211029053 -0.39389151334762573
v -0.21979515254497528 0.237588033080101 -0.20376518368721008
v -0.21979515254497528 0.237588033080101 0.20391009747982025
v -0.21877948939800262 -0.478848397731781 -0.3897649645805359
v -0.21877948939800262 -0.478848397731781 0.38990992307662964
v -0.2187144011259079 0.21043971180915833 -0.38963985443115234
v -0.2187144011259079 0.21043971180915833 0.3897848129272461
v -0.21690261363983154 -0.500859797000885 -0.27373698353767395
v -0.21690261363983154 -0.500859797000885 0.2738818824291229
v -0.21601949632167816 -0.5046985149383545 0.20013444125652313
v -0.21601949632167816 -0.5046985149383545 -0.19998952746391296
v -0.21587570011615753 0.21859432756900787 -0.38418373465538025
v -0.21587570011615753 0.21859432756900787 0.3843286633491516
v -0.21524377167224884 0.25107890367507935 7.245926826726645e-05
v -0.21524377167224884 0.25107890367507935 7.245926826726645e-05
v -0.2139207124710083 -0.4850834906101227 -0.3804258108139038
v -0.2139207124710083 -0.4850834906101227 0.38057076930999756
v -0.21354882419109344 -0.507605254650116 -0.06630175560712814
v -0.21354882419109344 -0.507605254650116 0.06644667685031891
v -0.2134852111339569 0.24433346092700958 -0.14489053189754486
v -0.2134852111339569 0.24433346092700958 0.14503546059131622
v -0.2130577117204666 0.2244187593460083 0.37891221046447754
v -0.2130577117204666 0.2244187593460083 -0.3787672519683838
v -0.21267695724964142 0.25107890367507935 -0.03262634202837944
v -0.21267695724964142 0.25107890367507935 0.03277125954627991
v -0.21042461693286896 0.22791364789009094 -0.3737061023712158
v -0.21042461693286896 0.22791364789009094 0.3738510310649872
v -0.2092767059803009 0.23031005263328552 -0.26334574818611145
v -0.2092767059803009 0.23031005263328552 0.2634906768798828
v -0.20814064145088196 0.22907869517803192 -0.3693162500858307
v -0.20814064145088196 0.22907869517803192 0.36946117877960205
v -0.2077125459909439 0.19995562732219696 -0.3684934973716736
v -0.2077125459909439 0.19995562732219696 0.36863845586776733
v -0.2063702642917633 0.22791364789009094 -0.36591365933418274
v -0.2063702642917633 0.22791364789009094 0.3660586178302765
v -0.20578476786613464 0.21043971180915833 -0.3647882342338562
v -0.20578476786613464 0.21043971180915833 0.36493319272994995
v -0.2053019255399704 -0.49091917276382446 -0.363860160112381
v -0.2053019255399704 -0.49091917276382446 0.36400511860847473
v -0.2052779644727707 0.2244187593460083 0.3639589250087738
v -0.2052779644727707 0.2244187593460083 -0.36381399631500244
v -0.20523151755332947 0.25107890367507935 -0.06350772082805634
v -0.20523151755332947 0.25107890367507935 0.0636526420712471
v -0.2050279676914215 0.21859432756900787 -0.363333523273468
v -0.2050279676914215 0.21859432756900787 0.36347848176956177
v -0.20473508536815643 -0.24382317066192627 -0.5619053244590759
v -0.20473508536815643 -0.24382317066192627 -0.5619053244590759
v -0.20473508536815643 -0.24382317066192627 0.5620502233505249
v -0.20473508536815643 -0.24382317066192627 0.5620502233505249
v -0.20405076444149017 -0.2032395750284195 -0.5598680377006531
v -0.20405076444149017 -0.2032395750284195 0.5600129961967468
v -0.20341350138187408 -0.2817884385585785 -0.5579712986946106
v -0.20341350138187408 -0.2817884385585785 0.5581162571907043
v -0.2020922303199768 -0.16145780682563782 -0.5540376901626587
v -0.2020922303199768 -0.16145780682563782 0.5541825890541077
v -0.20108278095722198 -0.507605254650116 0.09638813138008118
v -0.20108278095722198 -0.507605254650116 -0.09624321013689041
v -0.19982688128948212 -0.3158928453922272 -0.5472937226295471
v -0.19982688128948212 -0.3158928453922272 0.5474386811256409
v -0.19900086522102356 -0.11861097812652588 -0.5448352098464966
v -0.19900086522102356 -0.11861097812652588 0.5449801683425903
v -0.194918692111969 -0.07483220845460892 -0.532682478427887
v -0.194918692111969 -0.07483220845460892 0.5328274369239807
v -0.19454118609428406 -0.34626948833465576 -0.5315585136413574
v -0.19454118609428406 -0.34626948833465576 0.5317034721374512
v -0.1940157562494278 0.19995562732219696 -0.34216734766960144
v -0.1940157562494278 0.19995562732219696 0.3423123061656952
v -0.1932903230190277 0.25107890367507935 -0.09218914806842804
v -0.1932903230190277 0.25107890367507935 0.0923340693116188
v -0.19187556207180023 -0.4962223470211029 -0.33805379271507263
v -0.19187556207180023 -0.4962223470211029 0.3381987512111664
v -0.19053682684898376 0.21202637255191803 0.33562541007995605
v -0.19053682684898376 0.21202637255191803 -0.3354804813861847
v -0.18998683989048004 -0.03025461733341217 -0.5180007815361023
v -0.18998683989048004 -0.03025461733341217 0.518145740032196
v -0.18925310671329498 0.24433346092700958 -0.17322313785552979
v -0.18925310671329498 0.24433346092700958 0.17336806654930115
v -0.1881226748228073 -0.37305155396461487 -0.512451171875
v -0.1881226748228073 -0.37305155396461487 0.5125961303710938
v -0.1864691525697708 0.237588033080101 -0.23226791620254517
v -0.1864691525697708 0.237588033080101 0.23241282999515533
v -0.184347003698349 0.014988597482442856 -0.5012117624282837
v -0.184347003698349 0.014988597482442856 0.5013567209243774
v -0.1843230277299881 -0.507605254650116 -0.12348886579275131
v -0.1843230277299881 -0.507605254650116 0.12363377958536148
v -0.1833106279373169 -0.5046985149383545 0.22810935974121094
v -0.1833106279373169 -0.5046985149383545 -0.22796444594860077
v -0.18113787472248077 -0.39637210965156555 -0.491658091545105
v -0.18113787472248077 -0.39637210965156555 0.49180302023887634
v -0.18097634613513947 0.22196704149246216 -0.3171047568321228
v -0.18097634613513947 0.22196704149246216 0.31724971532821655
v -0.17814089357852936 0.06076439842581749 -0.48273661732673645
v -0.17814089357852936 0.06076439842581749 0.4828815758228302
v -0.17723588645458221 0.25107890367507935 -0.11828777939081192
v -0.17723588645458221 0.25107890367507935 0.11843269318342209
v -0.17415310442447662 -0.4163643419742584 -0.4708649516105652
v -0.17415310442447662 -0.4163643419742584 0.47100991010665894
v -0.17259395122528076 -0.500859797000885 -0.30099326372146606
v -0.17259395122528076 -0.500859797000885 0.3011382222175598
v -0.1715167611837387 0.25835686922073364 7.245926826726645e-05
v -0.1715167611837387 0.25835686922073364 7.245926826726645e-05
v -0.171510249376297 0.10693954676389694 -0.46299704909324646
v -0.171510249376297 0.10693954676389694 0.4631420075893402
v -0.16951324045658112 0.25835686922073364 0.02559654228389263
v -0.16951324045658112 0.25835686922073364 -0.025451624765992165
v -0.16773457825183868 -0.4331613779067993 -0.45175763964653015
v -0.16773457825183868 -0.4331613779067993 0.4519025981426239
v -0.1666496843099594 0.23031005263328552 0.28971266746520996
v -0.1666496843099594 0.23031005263328552 -0.2895677387714386
v -0.16459618508815765 0.15338100492954254 -0.44241490960121155
v -0.16459618508815765 0.15338100492954254 0.4425598680973053
v -0.16370151937007904 0.25835686922073364 -0.049557097256183624
v -0.16370151937007904 0.25835686922073364 0.04970201477408409
v -0.16366837918758392 -0.507605254650116 -0.14763841032981873
v -0.16366837918758392 -0.507605254650116 0.1477833241224289
v -0.16244888305664062 -0.4468963146209717 -0.43602240085601807
v -0.16244888305664062 -0.4468963146209717 0.4361673593521118
v -0.16092050075531006 0.24433346092700958 -0.1974552422761917
v -0.16092050075531006 0.24433346092700958 0.19760017096996307
v -0.15886227786540985 -0.4577023386955261 -0.4253447949886322
v -0.15886227786540985 -0.4577023386955261 0.42548975348472595
v -0.1575406938791275 -0.4657125473022461 0.4215558171272278
v -0.1575406938791275 0.19995562732219696 -0.42141085863113403
v -0.1575406938791275 -0.4657125473022461 -0.42141085863113403
v -0.1575406938791275 -0.4657125473022461 -0.42141085863113403
v -0.1575406938791275 -0.4657125473022461 0.4215558171272278
v -0.1575406938791275 0.19995562732219696 0.4215558171272278
v -0.15745073556900024 0.25107890367507935 -0.14142078161239624
v -0.15745073556900024 0.25107890367507935 0.1415656954050064
v -0.15720784664154053 -0.4723470211029053 0.42056527733802795
v -0.15720784664154053 -0.4723470211029053 -0.4204203188419342
v -0.1557282954454422 -0.478848397731781 0.41616091132164
v -0.1557282954454422 -0.478848397731781 -0.41601595282554626
v -0.15568362176418304 0.21043971180915833 -0.41588225960731506
v -0.15568362176418304 0.21043971180915833 0.4160272181034088
v -0.15438039600849152 0.25835686922073364 -0.07194514572620392
v -0.15438039600849152 0.25835686922073364 0.07209005951881409
v -0.1537274420261383 0.21859432756900787 -0.41005900502204895
v -0.1537274420261383 0.21859432756900787 0.4102039635181427
v -0.1523798406124115 -0.4850834906101227 0.4061927795410156
v -0.1523798406124115 -0.4850834906101227 -0.4060478210449219
v -0.1517854630947113 0.2244187593460083 -0.40427741408348083
v -0.1517854630947113 0.2244187593460083 0.4044223725795746
v -0.14997071027755737 0.22791364789009094 -0.39887547492980957
v -0.14997071027755737 0.22791364789009094 0.3990204334259033
v -0.1488710194826126 0.237588033080101 -0.2553964853286743
v -0.1488710194826126 0.237588033080101 0.2555414140224457
v -0.14839677512645721 0.22907869517803192 -0.3941900432109833
v -0.14839677512645721 0.22907869517803192 0.39433497190475464
v -0.148101806640625 0.19995562732219696 -0.3933119475841522
v -0.148101806640625 0.19995562732219696 0.39345690608024597
v -0.14717668294906616 0.22791364789009094 -0.3905581533908844
v -0.14717668294906616 0.22791364789009094 0.39070311188697815
v -0.14677342772483826 0.21043971180915833 -0.3893570005893707
v -0.14677342772483826 0.21043971180915833 0.3895019590854645
v -0.14644059538841248 -0.49091917276382446 0.38851144909858704
v -0.14644059538841248 -0.49091917276382446 -0.3883664906024933
v -0.14642402529716492 0.2244187593460083 -0.38831737637519836
v -0.14642402529716492 0.2244187593460083 0.3884623348712921
v -0.14640922844409943 -0.5046985149383545 0.2508092224597931
v -0.14640922844409943 -0.5046985149383545 -0.2506643235683441
v -0.14625184237957 0.21859432756900787 -0.38780465722084045
v -0.14625184237957 0.21859432756900787 0.3879496157169342
v -0.1418483704328537 0.25835686922073364 0.09246217459440231
v -0.1418483704328537 0.25835686922073364 -0.09231725335121155
v -0.1395188271999359 -0.507605254650116 -0.1682930737733841
v -0.1395188271999359 -0.507605254650116 0.16843798756599426
v -0.1386629343032837 0.19995562732219696 -0.3652130663394928
v -0.1386629343032837 0.19995562732219696 0.36535802483558655
v -0.1371881067752838 -0.4962223470211029 0.36096757650375366
v -0.1371881067752838 -0.4962223470211029 -0.3608226180076599
v -0.1362653374671936 0.21202637255191803 -0.35807591676712036
v -0.1362653374671936 0.21202637255191803 0.3582208752632141
v -0.13431774079799652 0.25107890367507935 -0.16120591759681702
v -0.13431774079799652 0.25107890367507935 0.16135084629058838
v -0.13169501721858978 0.26669996976852417 7.245926826726645e-05
v -0.13169501721858978 0.26669996976852417 7.245926826726645e-05
v -0.13082964718341827 -0.5094469785690308 7.245926826726645e-05
v -0.13082964718341827 -0.5094469785690308 7.245926826726645e-05
v -0.1302042156457901 0.26669996976852417 -0.01891772262752056
v -0.1302042156457901 0.26669996976852417 0.019062640145421028
v -0.12967699766159058 0.22196704149246216 -0.3384629786014557
v -0.12967699766159058 0.22196704149246216 0.33860793709754944
v -0.12935008108615875 -0.5094469785690308 -0.018775712698698044
v -0.12935008108615875 -0.5094469785690308 0.01892063021659851
v -0.12895600497722626 0.24433346092700958 -0.21711818873882294
v -0.12895600497722626 0.24433346092700958 0.2172631025314331
v -0.1264045685529709 0.25835686922073364 -0.11037460714578629
v -0.1264045685529709 0.25835686922073364 0.11051952093839645
v -0.12588033080101013 0.26669996976852417 -0.03685230016708374
v -0.12588033080101013 0.26669996976852417 0.03699721768498421
v -0.12505844235420227 -0.5094469785690308 -0.036576271057128906
v -0.12505844235420227 -0.5094469785690308 0.03672118857502937
v -0.12390048056840897 -0.500859797000885 0.32141149044036865
v -0.12390048056840897 -0.500859797000885 -0.3212665319442749
v -0.12199104577302933 0.38776278495788574 7.245926826726645e-05
v -0.12199104577302933 0.38776278495788574 7.245926826726645e-05
v -0.12193188071250916 0.40147554874420166 7.245926826726645e-05
v -0.12193188071250916 0.40147554874420166 7.245926826726645e-05
v -0.12063220143318176 0.38776278495788574 -0.017387572675943375
v -0.12063220143318176 0.38776278495788574 0.01753249019384384
v -0.12057391554117203 0.40147554874420166 -0.017379289492964745
v -0.12057391554117203 0.40147554874420166 0.01752420701086521
v -0.11980410665273666 0.23031005263328552 -0.30907151103019714
v -0.11980410665273666 0.23031005263328552 0.3092164695262909
v -0.11894524842500687 0.26669996976852417 -0.053509388118982315
v -0.11894524842500687 0.26669996976852417 0.05365430563688278
v -0.1181754395365715 -0.5094469785690308 -0.05310880392789841
v -0.1181754395365715 -0.5094469785690308 0.053253721445798874
v -0.11668848246335983 0.38776278495788574 -0.03385472297668457
v -0.11668848246335983 0.38776278495788574 0.03399964049458504
v -0.1166328638792038 0.40147554874420166 -0.03383786231279373
v -0.1166328638792038 0.40147554874420166 0.0339827798306942
v -0.11304446309804916 -0.24382317066192627 -0.5840113759040833
v -0.11304446309804916 -0.24382317066192627 0.584156334400177
v -0.11304446309804916 -0.24382317066192627 0.584156334400177
v -0.11269240826368332 -0.2032395750284195 -0.5818939805030823
v -0.11269240826368332 -0.2032395750284195 0.582038938999176
v -0.11236489564180374 -0.2817884385585785 -0.5799226760864258
v -0.11236489564180374 -0.2817884385585785 0.5800676345825195
v -0.11227317899465561 -0.507605254650116 -0.1850528120994568
v -0.11227317899465561 -0.507605254650116 0.18519772589206696
v -0.11210957169532776 0.3719199001789093 7.245926826726645e-05
v -0.11210957169532776 0.3719199001789093 7.245926826726645e-05
v -0.11168532073497772 -0.16145780682563782 -0.575834333896637
v -0.11168532073497772 -0.16145780682563782 0.5759792923927307
v -0.11087705194950104 0.3719199001789093 -0.01575801707804203
v -0.11087705194950104 0.3719199001789093 0.015902934595942497
v -0.11052025109529495 -0.3158928453922272 -0.5688252449035645
v -0.11052025109529495 -0.3158928453922272 0.5689702033996582
v -0.11035871505737305 0.38776278495788574 -0.04912959039211273
v -0.11035871505737305 0.38776278495788574 0.0492745079100132
v -0.11030694097280502 0.40147554874420166 -0.049104440957307816
v -0.11030694097280502 0.40147554874420166 0.04924935847520828
v -0.11009541153907776 -0.11861097812652588 -0.5662696957588196
v -0.11009541153907776 -0.11861097812652588 0.5664146542549133
v -0.10962145775556564 0.26669996976852417 -0.0686665028333664
v -0.10962145775556564 0.26669996976852417 0.06881142407655716
v -0.10892117023468018 -0.5094469785690308 -0.06815230846405029
v -0.10892117023468018 -0.5094469785690308 0.06829722970724106
v -0.10834722220897675 0.25835686922073364 -0.1258184015750885
v -0.10834722220897675 0.25835686922073364 0.12596331536769867
v -0.10821911692619324 0.25107890367507935 -0.1772603541612625
v -0.10821911692619324 0.25107890367507935 0.17740526795387268
v -0.10799604654312134 -0.07483220845460892 -0.5536391735076904
v -0.10799604654312134 -0.07483220845460892 0.5537841320037842
v -0.1078016608953476 -0.34626948833465576 -0.5524708032608032
v -0.1078016608953476 -0.34626948833465576 0.552615761756897
v -0.10755226016044617 0.237588033080101 -0.27259913086891174
v -0.10755226016044617 0.237588033080101 0.2727440297603607
v -0.1073167696595192 0.4122593402862549 7.245926826726645e-05
v -0.1073167696595192 0.4122593402862549 7.245926826726645e-05
v -0.10730019956827164 0.3719199001789093 -0.030689099803566933
v -0.10730019956827164 0.3719199001789093 0.03083401918411255
v -0.10614607483148575 0.4122593402862549 -0.014973120763897896
v -0.10614607483148575 0.4122593402862549 0.015118038281798363
v -0.10585584491491318 -0.5046985149383545 0.26769325137138367
v -0.10585584491491318 -0.5046985149383545 -0.2675483226776123
v -0.10545969009399414 -0.03025461733341217 -0.538379967212677
v -0.10545939952135086 -0.03025461733341217 0.5385249257087708
v -0.10450084507465363 -0.37305155396461487 -0.5326120257377625
v -0.10450084507465363 -0.37305155396461487 0.5327569842338562
v -0.1027487963438034 0.4122593402862549 -0.029161911457777023
v -0.1027487963438034 0.4122593402862549 0.02930682897567749
v -0.1025591641664505 0.014988597482442856 -0.520930290222168
v -0.1025591641664505 0.014988597482442856 0.5210752487182617
v -0.1018420159816742 0.38776278495788574 -0.06301335990428925
v -0.1018420159816742 0.38776278495788574 0.06315827369689941
v -0.10179556906223297 0.40147554874420166 -0.06298051029443741
v -0.10179556906223297 0.40147554874420166 0.06312543153762817
v -0.10155946761369705 0.3719199001789093 -0.044540029019117355
v -0.10155946761369705 0.3719199001789093 0.04468494653701782
v -0.10090859979391098 -0.39637210965156555 -0.51100093126297
v -0.10090859979391098 -0.39637210965156555 0.5111458897590637
v -0.09936720877885818 0.06076439842581749 0.5018735527992249
v -0.09936720877885818 0.06076439842581749 -0.5017285943031311
v -0.09861869364976883 0.27664056420326233 7.245926826726645e-05
v -0.09813113510608673 0.26669996976852417 -0.08210117369890213
v -0.09813113510608673 0.26669996976852417 0.0822460874915123
v -0.09755392372608185 0.27664056420326233 -0.013490603305399418
v -0.09755392372608185 0.27664056420326233 0.01363552175462246
v -0.09751664847135544 -0.5094469785690308 -0.08148667961359024
v -0.09751664847135544 -0.5094469785690308 0.081631600856781
v -0.09731636196374893 -0.4163643419742584 -0.4893897473812103
v -0.09731636196374893 -0.4163643419742584 0.4895347058773041
v -0.09729564934968948 0.4122593402862549 -0.04232349991798401
v -0.09729564934968948 0.4122593402862549 0.042468417435884476
v -0.0969027578830719 0.3547455966472626 7.245926826726645e-05
v -0.0969027578830719 0.3547455966472626 7.245926826726645e-05
v -0.0959572121500969 0.10693954676389694 -0.48121267557144165
v -0.0959572121500969 0.10693954676389694 0.4813576340675354
v -0.0958649069070816 0.3547455966472626 -0.013250370509922504
v -0.0958649069070816 0.3547455966472626 0.013395288959145546
v -0.09446582198143005 0.27664056420326233 -0.02629983425140381
v -0.09446582198143005 0.27664056420326233 0.026444751769304276
v -0.09401553124189377 -0.4331613779067993 0.4696758985519409
v -0.09401553124189377 -0.4331613779067993 -0.46953094005584717
v -0.09383535385131836 0.3719199001789093 -0.057130035012960434
v -0.09383535385131836 0.3719199001789093 0.0572749525308609
v -0.09382825344800949 0.24433346092700958 -0.23174336552619934
v -0.09382825344800949 0.24433346092700958 0.2318882793188095
v -0.09285253286361694 0.3547455966472626 -0.02581789158284664
v -0.09285253286361694 0.3547455966472626 0.02596280910074711
v -0.09240136295557022 0.15338100492954254 -0.4598204791545868
v -0.09240136295557022 0.15338100492954254 0.45996543765068054
v -0.0913371816277504 0.38776278495788574 -0.0753072127699852
v -0.0913371816277504 0.38776278495788574 0.07545213401317596
v -0.09129723906517029 0.40147554874420166 -0.07526727020740509
v -0.09129723906517029 0.40147554874420166 0.07541219145059586
v -0.09129694104194641 -0.4468963146209717 -0.4531765282154083
v -0.09129694104194641 -0.4468963146209717 0.4533214569091797
v -0.08995820581912994 0.4122593402862549 -0.05428570508956909
v -0.08995820581912994 0.4122593402862549 0.05443062260746956
v -0.0895126536488533 0.27664056420326233 0.038341280072927475
v -0.0895126536488533 0.27664056420326233 -0.03819636255502701
v -0.08945230394601822 -0.4577023386955261 -0.4420791268348694
v -0.08945230394601822 -0.4577023386955261 0.44222405552864075
v -0.0887727290391922 -0.4657125473022461 0.4381353557109833
v -0.0887727290391922 0.19995562732219696 -0.4379904270172119
v -0.0887727290391922 -0.4657125473022461 -0.4379904270172119
v -0.0887727290391922 -0.4657125473022461 -0.4379904270172119
v -0.0887727290391922 -0.4657125473022461 0.4381353557109833
v -0.0887727290391922 0.19995562732219696 0.4381353557109833
v -0.0886017233133316 -0.4723470211029053 0.43710580468177795
v -0.0886017233133316 -0.4723470211029053 -0.4369608759880066
v -0.0880180150270462 0.3547455966472626 -0.03747714310884476
v -0.0880180150270462 0.3547455966472626 0.037622060626745224
v -0.08797510713338852 0.25835686922073364 0.1384953409433365
v -0.08797510713338852 0.25835686922073364 -0.13835042715072632
v -0.08784078806638718 -0.478848397731781 0.4325280785560608
v -0.08784078806638718 -0.478848397731781 -0.43238312005996704
v -0.0878177136182785 0.21043971180915833 -0.4322443902492523
v -0.0878177136182785 0.21043971180915833 0.43238934874534607
v -0.08681152015924454 0.21859432756900787 -0.4261918067932129
v -0.08681152015924454 0.21859432756900787 0.42633676528930664
v -0.08611863851547241 -0.4850834906101227 0.42216792702674866
v -0.08611863851547241 -0.4850834906101227 -0.4220229685306549
v -0.08581271767616272 0.2244187593460083 -0.42018306255340576
v -0.08581271767616272 0.2244187593460083 0.4203280210494995
v -0.08487960696220398 0.22791364789009094 -0.4145686626434326
v -0.08487960696220398 0.22791364789009094 0.41471362113952637
v -0.08469647169113159 0.26669996976852417 -0.09359148889780045
v -0.08469647169113159 0.26669996976852417 0.09373641014099121
v -0.08430860936641693 0.3719199001789093 -0.06827864050865173
v -0.08430860936641693 0.3719199001789093 0.0684235617518425
v -0.08418227732181549 -0.5094469785690308 -0.09289120137691498
v -0.08418227732181549 -0.5094469785690308 0.09303612262010574
v -0.08407015353441238 0.22907869517803192 -0.4096989333629608
v -0.08407015353441238 0.22907869517803192 0.40984389185905457
v -0.08391838520765305 0.19995562732219696 -0.40878623723983765
v -0.08391838520765305 0.19995562732219696 0.4089311957359314
v -0.08344265073537827 0.22791364789009094 -0.40592414140701294
v -0.08344265073537827 0.22791364789009094 0.4060690999031067
v -0.0832352489233017 0.21043971180915833 -0.4046756625175476
v -0.0832352489233017 0.21043971180915833 0.40482062101364136
v -0.08306395262479782 -0.49091917276382446 0.4037913382053375
v -0.08306395262479782 -0.49091917276382446 -0.40364640951156616
v -0.08305538445711136 0.2244187593460083 0.40374013781547546
v -0.08305538445711136 0.2244187593460083 -0.4035951793193817
v -0.08296691626310349 0.21859432756900787 -0.4030620753765106
v -0.08296691626310349 0.21859432756900787 0.40320703387260437
v -0.08285361528396606 0.27664056420326233 -0.04902160167694092
v -0.08285361528396606 0.27664056420326233 0.049166519194841385
v -0.08233173191547394 -0.507605254650116 0.19766376912593842
v -0.08233173191547394 -0.507605254650116 -0.19751885533332825
v -0.08151398599147797 0.3547455966472626 -0.04807605594396591
v -0.08151398599147797 0.3547455966472626 0.04822097718715668
v -0.080985888838768 0.3370388448238373 7.245926826726645e-05
v -0.080985888838768 0.3370388448238373 7.245926826726645e-05
v -0.08090778440237045 0.4122593402862549 -0.06487782299518585
v -0.08090778440237045 0.4122593402862549 0.06502273678779602
v -0.08015128970146179 0.3370388448238373 0.010769598186016083
v -0.08015128970146179 0.3370388448238373 -0.010624680668115616
v -0.07953768968582153 0.25107890367507935 -0.18920154869556427
v -0.07953768968582153 0.25107890367507935 0.18934646248817444
v -0.0790640264749527 0.19995562732219696 -0.3795820474624634
v -0.0790640264749527 0.19995562732219696 0.37972700595855713
v -0.07904332131147385 0.38776278495788574 -0.085812047123909
v -0.07904332131147385 0.38776278495788574 0.08595696836709976
v -0.0790104791522026 0.40147554874420166 -0.08576560020446777
v -0.0790104791522026 0.40147554874420166 0.08591051399707794
v -0.07830546796321869 -0.4962223470211029 -0.37501880526542664
v -0.07830546796321869 -0.4962223470211029 0.3751637637615204
v -0.07783091813325882 0.21202637255191803 -0.37216413021087646
v -0.07783091813325882 0.21202637255191803 0.3723090887069702
v -0.0777297392487526 0.3370388448238373 0.020862014964222908
v -0.0777297392487526 0.3370388448238373 -0.02071709744632244
v -0.07512800395488739 0.2887113690376282 7.245926826726645e-05
v -0.07512800395488739 0.2887113690376282 7.245926826726645e-05
v -0.07512800395488739 0.2887113690376282 7.245926826726645e-05
v -0.07512800395488739 0.2887113690376282 7.245926826726645e-05
v -0.074646957218647 0.27664056420326233 -0.058616988360881805
v -0.074646957218647 0.27664056420326233 0.05876190587878227
v -0.07444281131029129 0.22196704149246216 -0.351779580116272
v -0.07444281131029129 0.22196704149246216 0.3519245386123657
v -0.07436589151620865 0.2887113690376282 -0.009636237286031246
v -0.07436589151620865 0.2887113690376282 0.009781154803931713
v -0.07436589151620865 0.2887113690376282 0.009781154803931713
v -0.07436589151620865 0.2887113690376282 -0.009636237286031246
v -0.07384341955184937 0.3370388448238373 -0.030082307755947113
v -0.07384341955184937 0.3370388448238373 0.03022722527384758
v -0.0735304057598114 0.4193154275417328 7.245926826726645e-05
v -0.0735304057598114 0.4193154275417328 7.245926826726645e-05
v -0.07349253445863724 0.3547455966472626 -0.05746256932616234
v -0.07349253445863724 0.3547455966472626 0.057607486844062805
v -0.07316000014543533 0.3719199001789093 -0.07780538499355316
v -0.07316000014543533 0.3719199001789093 0.07795030623674393
v -0.07279285043478012 0.4193154275417328 -0.009409021586179733
v -0.07279285043478012 0.4193154275417328 0.009553940035402775
v -0.07215528190135956 0.2887113690376282 -0.01880529895424843
v -0.07215528190135956 0.2887113690376282 0.018950216472148895
v -0.07215528190135956 0.2887113690376282 0.018950216472148895
v -0.07215528190135956 0.2887113690376282 -0.01880529895424843
v -0.07147186249494553 -0.500859797000885 0.3340514898300171
v -0.07147186249494553 -0.500859797000885 -0.3339065611362457
v -0.07065176218748093 0.4193154275417328 -0.018350869417190552
v -0.07065176218748093 0.4193154275417328 0.01849578693509102
v -0.07031567394733429 0.4122593402862549 -0.07392823696136475
v -0.07031567394733429 0.4122593402862549 0.07407315820455551
v -0.06953935325145721 0.26669996976852417 0.10306020081043243
v -0.06953935325145721 0.26669996976852417 -0.10291527956724167
v -0.06936509907245636 0.23031005263328552 -0.3212319314479828
v -0.06936509907245636 0.23031005263328552 0.32137688994407654
v -0.0691387727856636 -0.5094469785690308 -0.1021454706788063
v -0.0691387727856636 -0.5094469785690308 0.10229039192199707
v -0.06897427886724472 0.31959834694862366 7.245926826726645e-05
v -0.06897427886724472 0.31959834694862366 7.245926826726645e-05
v -0.06861600279808044 0.3370388448238373 -0.03859753534197807
v -0.06861600279808044 0.3370388448238373 0.03874245285987854
v -0.06860978901386261 0.2887113690376282 -0.027321116998791695
v -0.06860978901386261 0.2887113690376282 0.02746603451669216
v -0.06860978901386261 0.2887113690376282 0.02746603451669216
v -0.06860978901386261 0.2887113690376282 -0.027321116998791695
v -0.06829293072223663 0.31959834694862366 0.008785315789282322
v -0.06829293072223663 0.31959834694862366 -0.008640396408736706
v -0.0672154352068901 0.4193154275417328 -0.02664479799568653
v -0.0672154352068901 0.4193154275417328 0.026789715513586998
v -0.06631603837013245 0.31959834694862366 0.017008831724524498
v -0.06631603837013245 0.31959834694862366 -0.01686391420662403
v -0.06558705866336823 0.25835686922073364 -0.14767155051231384
v -0.06558705866336823 0.25835686922073364 0.147816464304924
v -0.0654832199215889 0.3032228946685791 7.245926826726645e-05
v -0.0654832199215889 0.3032228946685791 7.245926826726645e-05
v -0.06515955924987793 0.38776278495788574 -0.09432874619960785
v -0.06515955924987793 0.38776278495788574 0.09447366744279861
v -0.06513440608978271 0.40147554874420166 0.09442189335823059
v -0.06513440608978271 0.40147554874420166 -0.09427697211503983
v -0.06505157053470612 0.27664056420326233 -0.06682363897562027
v -0.06505157053470612 0.27664056420326233 0.06696856021881104
v -0.06484565138816833 0.3032228946685791 0.008202486671507359
v -0.06484565138816833 0.3032228946685791 -0.008057568222284317
v -0.06410602480173111 0.3547455966472626 -0.06548402458429337
v -0.06410602480173111 0.3547455966472626 0.06562893837690353
v -0.0638430118560791 0.2887113690376282 -0.035070087760686874
v -0.0638430118560791 0.2887113690376282 0.03521500527858734
v -0.0638430118560791 0.2887113690376282 0.03521500527858734
v -0.0638430118560791 0.2887113690376282 -0.035070087760686874
v -0.06314479559659958 0.31959834694862366 0.02464212290942669
v -0.06314479559659958 0.31959834694862366 -0.024497205391526222
v -0.06306403130292892 0.237588033080101 -0.2833249568939209
v -0.06306403130292892 0.237588033080101 0.28346988558769226
v -0.06299658119678497 0.3032228946685791 0.01587926782667637
v -0.06299658119678497 0.3032228946685791 -0.015734350308775902
v -0.0625915601849556 0.4193154275417328 -0.03418341651558876
v -0.0625915601849556 0.4193154275417328 0.03432833403348923
v -0.062191564589738846 -0.5046985149383545 0.2782205641269684
v -0.062191564589738846 -0.5046985149383545 -0.278075635433197
v -0.062169671058654785 0.3370388448238373 -0.046139705926179886
v -0.062169671058654785 0.3370388448238373 0.04628462344408035
v -0.060569994151592255 0.3719199001789093 -0.08552950620651245
v -0.060569994151592255 0.3719199001789093 0.08567441999912262
v -0.06003035977482796 0.3032228946685791 0.023007832467556
v -0.06003035977482796 0.3032228946685791 -0.022862914949655533
v -0.058879200369119644 0.31959834694862366 0.03158459812402725
v -0.058879200369119644 0.31959834694862366 -0.031439680606126785
v -0.05835346877574921 0.4122593402862549 -0.08126568049192429
v -0.05835346877574921 0.4122593402862549 0.08141060173511505
v -0.057968564331531525 0.2887113690376282 -0.041938599199056625
v -0.057968564331531525 0.2887113690376282 0.04208351671695709
v -0.057968564331531525 0.2887113690376282 0.04208351671695709
v -0.057968564331531525 0.2887113690376282 -0.041938599199056625
v -0.05688811093568802 0.4193154275417328 -0.04085814207792282
v -0.05688811093568802 0.4193154275417328 0.041003063321113586
v -0.05604226887226105 0.3032228946685791 0.02949380688369274
v -0.05604226887226105 0.3032228946685791 -0.029348889365792274
v -0.05600587651133537 0.24433346092700958 -0.2408621460199356
v -0.05600587651133537 0.24433346092700958 0.24100705981254578
v -0.05462750047445297 0.3370388448238373 -0.05258603394031525
v -0.05462750047445297 0.3370388448238373 0.052730951458215714
v -0.05422632768750191 0.27664056420326233 0.07362760603427887
v -0.05422632768750191 0.27664056420326233 -0.0734826922416687
v -0.05362071841955185 0.31959834694862366 0.03773566707968712
v -0.05362071841955185 0.31959834694862366 -0.03759074956178665
v -0.053507108241319656 0.3547455966472626 -0.07198803871870041
v -0.053507108241319656 0.3547455966472626 0.07213295996189117
v -0.05288226902484894 0.26669996976852417 -0.10985035449266434
v -0.05288226902484894 0.26669996976852417 0.1099952757358551
v -0.052606236189603806 -0.5094469785690308 0.10917340219020844
v -0.052606236189603806 -0.5094469785690308 -0.10902848094701767
v -0.05112667754292488 0.3032228946685791 0.03524162992835045
v -0.05112667754292488 0.3032228946685791 -0.03509671241044998
v -0.05110005661845207 0.2887113690376282 -0.047813042998313904
v -0.05110005661845207 0.2887113690376282 0.04795796051621437
v -0.05110005661845207 0.2887113690376282 0.04795796051621437
v -0.05110005661845207 0.2887113690376282 -0.047813042998313904
v -0.05021338164806366 0.4193154275417328 -0.0465615913271904
v -0.05021338164806366 0.4193154275417328 0.046706508845090866
v -0.05009326711297035 -0.507605254650116 0.20543640851974487
v -0.05009326711297035 -0.507605254650116 -0.2052914947271347
v -0.04988469183444977 0.38776278495788574 -0.10065851360559464
v -0.04988469183444977 0.38776278495788574 0.1008034273982048
v -0.04986782744526863 0.40147554874420166 -0.1006028950214386
v -0.04986782744526863 0.40147554874420166 0.10074781626462936
v -0.04865631088614464 0.25107890367507935 -0.19664698839187622
v -0.04865631088614464 0.25107890367507935 0.1967919021844864
v -0.047469645738601685 0.31959834694862366 -0.042849231511354446
v -0.047469645738601685 0.31959834694862366 0.04299414902925491
v -0.04671906679868698 0.3719199001789093 -0.09127023071050644
v -0.04671906679868698 0.3719199001789093 0.0914151519536972
v -0.04611227661371231 0.3370388448238373 -0.05781345069408417
v -0.04611227661371231 0.3370388448238373 0.057958368211984634
v -0.04537885636091232 0.3032228946685791 0.040157221257686615
v -0.04537885636091232 0.3032228946685791 -0.04001230373978615
v -0.04519188031554222 0.4122593402862549 -0.0867188349366188
v -0.04519188031554222 0.4122593402862549 0.08686374872922897
v -0.04335108399391174 0.2887113690376282 -0.05257982015609741
v -0.04335108399391174 0.2887113690376282 0.05272473767399788
v -0.04335108399391174 0.2887113690376282 -0.05257982015609741
v -0.04335108399391174 0.2887113690376282 0.05272473767399788
v -0.04267476499080658 0.4193154275417328 -0.05118546634912491
v -0.04267476499080658 0.4193154275417328 0.051330383867025375
v -0.04232979938387871 0.27664056420326233 -0.07843585312366486
v -0.04232979938387871 0.27664056420326233 0.07858077436685562
v -0.04184785857796669 0.3547455966472626 -0.07682256400585175
v -0.04184785857796669 0.3547455966472626 0.07696747779846191
v -0.04148159176111221 0.25835686922073364 -0.1534832864999771
v -0.04148159176111221 0.25835686922073364 0.15362820029258728
v -0.04052717238664627 0.31959834694862366 -0.04711483046412468
v -0.04052717238664627 0.31959834694862366 0.047259747982025146
v -0.03889288008213043 0.3032228946685791 -0.04400039091706276
v -0.03889288008213043 0.3032228946685791 0.044145308434963226
v -0.03674706444144249 0.3370388448238373 -0.061699770390987396
v -0.03674706444144249 0.3370388448238373 0.06184468790888786
v -0.03494768962264061 0.26669996976852417 -0.1141742393374443
v -0.03494768962264061 0.26669996976852417 0.11431916058063507
v -0.03483526408672333 0.2887113690376282 -0.05612531676888466
v -0.03483526408672333 0.2887113690376282 0.056270234286785126
v -0.03483526408672333 0.2887113690376282 -0.05612531676888466
v -0.03483526408672333 0.2887113690376282 0.056270234286785126
v -0.03480567783117294 -0.5094469785690308 0.11346503347158432
v -0.03480567783117294 -0.5094469785690308 -0.11332011222839355
v -0.03438083454966545 0.4193154275417328 -0.05462179705500603
v -0.03438083454966545 0.4193154275417328 0.054766714572906494
v -0.03341754153370857 0.38776278495788574 -0.10460223257541656
v -0.03341754153370857 0.38776278495788574 0.10474714636802673
v -0.03340925648808479 0.40147554874420166 -0.10454394668340683
v -0.03340925648808479 0.40147554874420166 0.1046888679265976
v -0.03289388120174408 0.31959834694862366 -0.05028607323765755
v -0.03289388120174408 0.31959834694862366 0.05043099448084831
v -0.03178798407316208 0.3719199001789093 -0.09484709054231644
v -0.03178798407316208 0.3719199001789093 0.0949920043349266
v -0.03176431730389595 0.3032228946685791 -0.046966612339019775
v -0.03176431730389595 0.3032228946685791 0.04711152985692024
v -0.031003085896372795 0.4122593402862549 -0.09011611342430115
v -0.031003085896372795 0.4122593402862549 0.09026102721691132
v -0.02952057123184204 0.27664056420326233 -0.08152396231889725
v -0.02952057123184204 0.27664056420326233 0.08166887611150742
v -0.02928033657371998 0.3547455966472626 -0.0798349380493164
v -0.02928033657371998 0.3547455966472626 0.07997985929250717
v -0.026654645800590515 0.3370388448238373 -0.0641213208436966
v -0.026654645800590515 0.3370388448238373 0.06426624208688736
v -0.02566620334982872 0.2887113690376282 -0.05833592638373375
v -0.02566620334982872 0.2887113690376282 0.058480843901634216
v -0.02566620334982872 0.2887113690376282 -0.05833592638373375
v -0.02566620334982872 0.2887113690376282 0.058480843901634216
v -0.02543899044394493 0.4193154275417328 -0.05676288157701492
v -0.02543899044394493 0.4193154275417328 0.05690779909491539
v -0.02467036433517933 0.31959834694862366 -0.052262965589761734
v -0.02467036433517933 0.31959834694862366 0.0524078831076622
v -0.024087535217404366 0.3032228946685791 -0.048815689980983734
v -0.024087535217404366 0.3032228946685791 0.0489606074988842
v -0.015957508236169815 -0.4331613779067993 0.47580331563949585
v -0.015957508236169815 0.06076439842581749 0.5084210634231567
v -0.015957508236169815 0.10693954676389694 -0.48749247193336487
v -0.015957508236169815 -0.3158928453922272 -0.5762482285499573
v -0.015957508236169815 -0.2817884385585785 -0.5874906182289124
v -0.015957508236169815 0.2244187593460083 0.4090072214603424
v -0.015957508236169815 0.2887113690376282 -0.05909804254770279
v -0.015957508236169815 -0.4723470211029053 0.4428083598613739
v -0.015957508236169815 0.22196704149246216 -0.35637062788009644
v -0.015957508236169815 0.3032228946685791 -0.0494532510638237
v -0.015957508236169815 -0.5046985149383545 0.28184980154037476
v -0.015957508236169815 -0.4962223470211029 -0.3799130916595459
v -0.015957508236169815 -0.49091917276382446 0.40905898809432983
v -0.015957508236169815 -0.39637210965156555 0.5178143978118896
v -0.015957508236169815 -0.37305155396461487 0.5397074818611145
v -0.015957508236169815 -0.34626948833465576 -0.5596804618835449
v -0.015957508236169815 -0.2032395750284195 0.5896325707435608
v -0.015957508236169815 -0.16145780682563782 0.5834936499595642
v -0.015957508236169815 -0.11861097812652588 -0.5736594796180725
v -0.015957508236169815 -0.03025461733341217 -0.5454055666923523
v -0.015957508236169815 0.014988597482442856 0.5278733372688293
v -0.015957508236169815 0.19995562732219696 -0.3845357596874237
v -0.015957508236169815 0.21043971180915833 -0.4378853738307953
v -0.015957508236169815 0.21043971180915833 -0.4099569320678711
v -0.015957508236169815 0.21859432756900787 -0.43175384402275085
v -0.015957508236169815 0.21859432756900787 -0.4083223044872284
v -0.015957508236169815 0.22791364789009094 -0.4112216830253601
v -0.015957508236169815 0.23031005263328552 -0.325424462556839
v -0.015957508236169815 0.31959834694862366 -0.05294431000947952
v -0.015957508236169815 0.3370388448238373 -0.06495591998100281
v -0.015957508236169815 0.25107890367507935 -0.19921380281448364
v -0.015957508236169815 -0.478848397731781 0.4381708800792694
v -0.015957508236169815 -0.4577023386955261 -0.44784823060035706
v -0.015957508236169815 0.22791364789009094 -0.41997891664505005
v -0.015957508236169815 0.237588033080101 -0.28702279925346375
v -0.015957508236169815 0.3547455966472626 -0.0808727890253067
v -0.015957508236169815 0.4122593402862549 -0.091286800801754
v -0.015957508236169815 0.25835686922073364 -0.1554867923259735
v -0.015957508236169815 0.2887113690376282 -0.05909804254770279
v -0.015957508236169815 0.3719199001789093 -0.09607960283756256
v -0.015957508236169815 0.4193154275417328 -0.0575004406273365
v -0.015957508236169815 -0.5094469785690308 0.11494459211826324
v -0.015957508236169815 0.40147554874420166 -0.10590191185474396
v -0.015957508236169815 -0.5100904107093811 7.245926826726645e-05
v -0.015957508236169815 -0.5094469785690308 -0.11479967087507248
v -0.015957508236169815 -0.5094469785690308 0.11494459211826324
v -0.015957508236169815 -0.507605254650116 -0.2079710215330124
v -0.015957508236169815 -0.507605254650116 0.20811593532562256
v -0.015957508236169815 -0.5046985149383545 -0.2817048728466034
v -0.015957508236169815 -0.5046985149383545 0.28184980154037476
v -0.015957508236169815 -0.500859797000885 -0.33826446533203125
v -0.015957508236169815 -0.500859797000885 -0.33826446533203125
v -0.015957508236169815 -0.500859797000885 0.3384093940258026
v -0.015957508236169815 -0.500859797000885 0.3384093940258026
v -0.015957508236169815 -0.4962223470211029 -0.3799130916595459
v -0.015957508236169815 -0.4962223470211029 0.38005802035331726
v -0.015957508236169815 -0.49091917276382446 -0.40891405940055847
v -0.015957508236169815 -0.49091917276382446 0.40905898809432983
v -0.015957508236169815 -0.4850834906101227 -0.42753055691719055
v -0.015957508236169815 -0.4850834906101227 -0.42753055691719055
v -0.015957508236169815 -0.4850834906101227 0.4276755154132843
v -0.015957508236169815 -0.4850834906101227 0.4276755154132843
v -0.015957508236169815 -0.478848397731781 -0.43802592158317566
v -0.015957508236169815 -0.478848397731781 0.4381708800792694
v -0.015957508236169815 -0.4723470211029053 -0.44266340136528015
v -0.015957508236169815 -0.4723470211029053 0.4428083598613739
v -0.015957508236169815 -0.4657125473022461 -0.44370630383491516
v -0.015957508236169815 -0.4657125473022461 -0.44370630383491516
v -0.015957508236169815 -0.4657125473022461 0.4438512325286865
v -0.015957508236169815 -0.4657125473022461 0.4438512325286865
v -0.015957508236169815 -0.4577023386955261 -0.44784823060035706
v -0.015957508236169815 -0.4577023386955261 0.4479931890964508
v -0.015957508236169815 -0.4468963146209717 -0.45909062027931213
v -0.015957508236169815 -0.4468963146209717 -0.45909062027931213
v -0.015957508236169815 -0.4468963146209717 0.4592355787754059
v -0.015957508236169815 -0.4468963146209717 0.4592355787754059
v -0.015957508236169815 -0.4331613779067993 -0.4756583869457245
v -0.015957508236169815 -0.4331613779067993 0.47580331563949585
v -0.015957508236169815 -0.4163643419742584 -0.49577632546424866
v -0.015957508236169815 -0.4163643419742584 -0.49577632546424866
v -0.015957508236169815 -0.4163643419742584 0.4959212839603424
v -0.015957508236169815 -0.4163643419742584 0.4959212839603424
v -0.015957508236169815 -0.39637210965156555 -0.5176694393157959
v -0.015957508236169815 -0.39637210965156555 0.5178143978118896
v -0.015957508236169815 -0.37305155396461487 -0.5395625233650208
v -0.015957508236169815 -0.37305155396461487 0.5397074818611145
v -0.015957508236169815 -0.34626948833465576 -0.5596804618835449
v -0.015957508236169815 -0.34626948833465576 0.5598254203796387
v -0.015957508236169815 -0.3158928453922272 -0.5762482285499573
v -0.015957508236169815 -0.3158928453922272 0.5763931274414062
v -0.015957508236169815 -0.2817884385585785 -0.5874906182289124
v -0.015957508236169815 -0.2817884385585785 0.5876355171203613
v -0.015957508236169815 -0.24382317066192627 -0.5916325449943542
v -0.015957508236169815 -0.24382317066192627 -0.5916325449943542
v -0.015957508236169815 -0.24382317066192627 0.5917774438858032
v -0.015957508236169815 -0.24382317066192627 0.5917774438858032
v -0.015957508236169815 -0.2032395750284195 -0.589487612247467
v -0.015957508236169815 -0.2032395750284195 0.5896325707435608
v -0.015957508236169815 -0.16145780682563782 -0.5833486914634705
v -0.015957508236169815 -0.16145780682563782 0.5834936499595642
v -0.015957508236169815 -0.11861097812652588 -0.5736594796180725
v -0.015957508236169815 -0.11861097812652588 0.5738044381141663
v -0.015957508236169815 -0.07483220845460892 -0.5608639121055603
v -0.015957508236169815 -0.07483220845460892 -0.5608639121055603
v -0.015957508236169815 -0.07483220845460892 0.561008870601654
v -0.015957508236169815 -0.07483220845460892 0.561008870601654
v -0.015957508236169815 -0.03025461733341217 -0.5454055666923523
v -0.015957508236169815 -0.03025461733341217 0.545550525188446
v -0.015957508236169815 0.014988597482442856 -0.5277284383773804
v -0.015957508236169815 0.014988597482442856 0.5278733372688293
v -0.015957508236169815 0.06076439842581749 -0.508276104927063
v -0.015957508236169815 0.06076439842581749 0.5084210634231567
v -0.015957508236169815 0.10693954676389694 -0.48749247193336487
v -0.015957508236169815 0.10693954676389694 0.48763740062713623
v -0.015957508236169815 0.15338100492954254 -0.465821236371994
v -0.015957508236169815 0.15338100492954254 -0.465821236371994
v -0.015957508236169815 0.15338100492954254 0.46596619486808777
v -0.015957508236169815 0.15338100492954254 0.46596619486808777
v -0.015957508236169815 0.19995562732219696 -0.44370630383491516
v -0.015957508236169815 0.19995562732219696 -0.44370630383491516
v -0.015957508236169815 0.19995562732219696 -0.41412103176116943
v -0.015957508236169815 0.19995562732219696 -0.41412103176116943
v -0.015957508236169815 0.19995562732219696 -0.3845357596874237
v -0.015957508236169815 0.19995562732219696 0.38468071818351746
v -0.015957508236169815 0.19995562732219696 0.4142659902572632
v -0.015957508236169815 0.19995562732219696 0.4142659902572632
v -0.015957508236169815 0.19995562732219696 0.4438512325286865
v -0.015957508236169815 0.19995562732219696 0.4438512325286865
v -0.015957508236169815 0.21043971180915833 -0.4378853738307953
v -0.015957508236169815 0.21043971180915833 -0.4099569320678711
v -0.015957508236169815 0.21043971180915833 0.41010189056396484
v -0.015957508236169815 0.21043971180915833 0.43803033232688904
v -0.015957508236169815 0.21202637255191803 -0.3770211338996887
v -0.015957508236169815 0.21202637255191803 -0.3770211338996887
v -0.015957508236169815 0.21202637255191803 0.37716609239578247
v -0.015957508236169815 0.21202637255191803 0.37716609239578247
v -0.015957508236169815 0.21859432756900787 -0.43175384402275085
v -0.015957508236169815 0.21859432756900787 -0.4083223044872284
v -0.015957508236169815 0.21859432756900787 0.40846726298332214
v -0.015957508236169815 0.21859432756900787 0.4318988025188446
v -0.015957508236169815 0.22196704149246216 -0.35637062788009644
v -0.015957508236169815 0.22196704149246216 0.3565155863761902
v -0.015957508236169815 0.2244187593460083 -0.4256666898727417
v -0.015957508236169815 0.2244187593460083 -0.40886226296424866
v -0.015957508236169815 0.2244187593460083 0.4090072214603424
v -0.015957508236169815 0.2244187593460083 0.42581164836883545
v -0.015957508236169815 0.22791364789009094 -0.41997891664505005
v -0.015957508236169815 0.22791364789009094 -0.4112216830253601
v -0.015957508236169815 0.22791364789009094 0.41136664152145386
v -0.015957508236169815 0.22791364789009094 0.4201238751411438
v -0.015957508236169815 0.22907869517803192 -0.4150455892086029
v -0.015957508236169815 0.22907869517803192 -0.4150455892086029
v -0.015957508236169815 0.22907869517803192 0.41519054770469666
v -0.015957508236169815 0.22907869517803192 0.41519054770469666
v -0.015957508236169815 0.23031005263328552 -0.325424462556839
v -0.015957508236169815 0.23031005263328552 0.32556942105293274
v -0.015957508236169815 0.237588033080101 -0.28702279925346375
v -0.015957508236169815 0.237588033080101 0.2871677279472351
v -0.015957508236169815 0.24433346092700958 -0.24400585889816284
v -0.015957508236169815 0.24433346092700958 -0.24400585889816284
v -0.015957508236169815 0.24433346092700958 0.244150772690773
v -0.015957508236169815 0.24433346092700958 0.244150772690773
v -0.015957508236169815 0.25107890367507935 -0.19921380281448364
v -0.015957508236169815 0.25107890367507935 0.1993587166070938
v -0.015957508236169815 0.25835686922073364 -0.1554867923259735
v -0.015957508236169815 0.25835686922073364 0.15563170611858368
v -0.015957508236169815 0.26669996976852417 -0.11566504836082458
v -0.015957508236169815 0.26669996976852417 -0.11566504836082458
v -0.015957508236169815 0.26669996976852417 0.11580996215343475
v -0.015957508236169815 0.26669996976852417 0.11580996215343475
v -0.015957508236169815 0.27664056420326233 -0.08258873224258423
v -0.015957508236169815 0.27664056420326233 0.0827336460351944
v -0.015957508236169815 0.2887113690376282 -0.05909804254770279
v -0.015957508236169815 0.2887113690376282 -0.05909804254770279
v -0.015957508236169815 0.2887113690376282 0.059242960065603256
v -0.015957508236169815 0.2887113690376282 0.059242960065603256
v -0.015957508236169815 0.3032228946685791 -0.0494532510638237
v -0.015957508236169815 0.3032228946685791 0.04959816858172417
v -0.015957508236169815 0.31959834694862366 -0.05294431000947952
v -0.015957508236169815 0.31959834694862366 0.05308922752737999
v -0.015957508236169815 0.3370388448238373 -0.06495591998100281
v -0.015957508236169815 0.3370388448238373 0.06510084122419357
v -0.015957508236169815 0.3547455966472626 -0.0808727890253067
v -0.015957508236169815 0.3547455966472626 0.08101771026849747
v -0.015957508236169815 0.3719199001789093 -0.09607960283756256
v -0.015957508236169815 0.3719199001789093 0.09622452408075333
v -0.015957508236169815 0.38776278495788574 -0.10596107691526413
v -0.015957508236169815 0.38776278495788574 -0.10596107691526413
v -0.015957508236169815 0.38776278495788574 0.1061059981584549
v -0.015957508236169815 0.38776278495788574 0.1061059981584549
v -0.015957508236169815 0.40147554874420166 -0.10590191185474396
v -0.015957508236169815 0.40147554874420166 0.10604683309793472
v -0.015957508236169815 0.4122593402862549 -0.091286800801754
v -0.015957508236169815 0.4122593402862549 0.09143171459436417
v -0.015957508236169815 0.4193154275417328 -0.0575004406273365
v -0.015957508236169815 0.4193154275417328 0.05764535814523697
v -0.015957508236169815 0.421845018863678 7.245926826726645e-05
v -0.015957508236169815 -0.5094469785690308 -0.11479967087507248
v -0.015957508236169815 0.40147554874420166 0.10604683309793472
v -0.015957508236169815 0.25835686922073364 0.15563170611858368
v -0.015957508236169815 0.2887113690376282 0.059242960065603256
v -0.015957508236169815 0.3719199001789093 0.09622452408075333
v -0.015957508236169815 0.4193154275417328 0.05764535814523697
v -0.015957508236169815 0.4122593402862549 0.09143171459436417
v -0.015957508236169815 -0.478848397731781 -0.43802592158317566
v -0.015957508236169815 -0.4577023386955261 0.4479931890964508
v -0.015957508236169815 0.22791364789009094 0.4201238751411438
v -0.015957508236169815 0.237588033080101 0.2871677279472351
v -0.015957508236169815 0.3547455966472626 0.08101771026849747
v -0.015957508236169815 0.25107890367507935 0.1993587166070938
v -0.015957508236169815 0.3370388448238373 0.06510084122419357
v -0.015957508236169815 -0.5046985149383545 -0.2817048728466034
v -0.015957508236169815 -0.4962223470211029 0.38005802035331726
v -0.015957508236169815 -0.49091917276382446 -0.40891405940055847
v -0.015957508236169815 -0.39637210965156555 -0.5176694393157959
v -0.015957508236169815 -0.37305155396461487 -0.5395625233650208
v -0.015957508236169815 -0.34626948833465576 0.5598254203796387
v -0.015957508236169815 -0.2032395750284195 -0.589487612247467
v -0.015957508236169815 -0.16145780682563782 -0.5833486914634705
v -0.015957508236169815 -0.11861097812652588 0.5738044381141663
v -0.015957508236169815 -0.03025461733341217 0.545550525188446
v -0.015957508236169815 0.014988597482442856 -0.5277284383773804
v -0.015957508236169815 0.19995562732219696 0.38468071818351746
v -0.015957508236169815 0.21043971180915833 0.41010189056396484
v -0.015957508236169815 0.21043971180915833 0.43803033232688904
v -0.015957508236169815 0.21859432756900787 0.40846726298332214
v -0.015957508236169815 0.21859432756900787 0.4318988025188446
v -0.015957508236169815 0.22791364789009094 0.41136664152145386
v -0.015957508236169815 0.23031005263328552 0.32556942105293274
v -0.015957508236169815 0.31959834694862366 0.05308922752737999
v -0.015957508236169815 0.3032228946685791 0.04959816858172417
v -0.015957508236169815 -0.4723470211029053 -0.44266340136528015
v -0.015957508236169815 0.22196704149246216 0.3565155863761902
v -0.015957508236169815 -0.3158928453922272 0.5763931274414062
v -0.015957508236169815 -0.2817884385585785 0.5876355171203613
v -0.015957508236169815 0.2244187593460083 -0.40886226296424866
v -0.015957508236169815 0.2887113690376282 0.059242960065603256
v -0.015957508236169815 -0.4331613779067993 -0.4756583869457245
v -0.015957508236169815 0.06076439842581749 -0.508276104927063
v -0.015957508236169815 0.10693954676389694 0.48763740062713623
v -0.007827481254935265 0.3032228946685791 -0.048815689980983734
v -0.007827481254935265 0.3032228946685791 0.0489606074988842
v -0.007244651671499014 0.31959834694862366 -0.052262965589761734
v -0.007244651671499014 0.31959834694862366 0.0524078831076622
v -0.006476027425378561 0.4193154275417328 -0.05676288157701492
v -0.006476027425378561 0.4193154275417328 0.05690779909491539
v -0.006248811725527048 0.2887113690376282 -0.05833592638373375
v -0.006248811725527048 0.2887113690376282 0.058480843901634216
v -0.006248811725527048 0.2887113690376282 -0.05833592638373375
v -0.006248811725527048 0.2887113690376282 0.058480843901634216
v -0.0052603683434426785 0.3370388448238373 -0.0641213208436966
v -0.0052603683434426785 0.3370388448238373 0.06426624208688736
v -0.0026346782688051462 0.3547455966472626 -0.0798349380493164
v -0.0026346782688051462 0.3547455966472626 0.07997985929250717
v -0.0023944454733282328 0.27664056420326233 -0.08152396231889725
v -0.0023944454733282328 0.27664056420326233 0.08166887611150742
v -0.0009119286551140249 0.4122593402862549 -0.09011611342430115
v -0.0009119286551140249 0.4122593402862549 0.09026102721691132
v -0.00015069953224156052 0.3032228946685791 -0.046966612339019775
v -0.00015069953224156052 0.3032228946685791 0.04711152985692024
v -0.00012703225365839899 0.3719199001789093 -0.09484709054231644
v -0.00012703225365839899 0.3719199001789093 0.0949920043349266
v 0.0009788647294044495 0.31959834694862366 -0.05028607323765755
v 0.0009788647294044495 0.31959834694862366 0.05043099448084831
v 0.0014942402485758066 0.40147554874420166 -0.10454394668340683
v 0.0014942402485758066 0.40147554874420166 0.1046888679265976
v 0.001502523897215724 0.38776278495788574 -0.10460223257541656
v 0.001502523897215724 0.38776278495788574 0.10474714636802673
v 0.00246581993997097 0.4193154275417328 -0.05462179705500603
v 0.00246581993997097 0.4193154275417328 0.054766714572906494
v 0.0028906636871397495 -0.5094469785690308 0.11346503347158432
v 0.0028906636871397495 -0.5094469785690308 -0.11332011222839355
v 0.0029202494770288467 0.2887113690376282 -0.05612531676888466
v 0.0029202494770288467 0.2887113690376282 0.056270234286785126
v 0.0029202494770288467 0.2887113690376282 -0.05612531676888466
v 0.0029202494770288467 0.2887113690376282 0.056270234286785126
v 0.0030326740816235542 0.26669996976852417 -0.1141742393374443
v 0.0030326740816235542 0.26669996976852417 0.11431916058063507
v 0.004832048434764147 0.3370388448238373 -0.061699770390987396
v 0.004832048434764147 0.3370388448238373 0.06184468790888786
v 0.006977866403758526 0.3032228946685791 -0.04400039091706276
v 0.006977866403758526 0.3032228946685791 0.044145308434963226
v 0.00861215591430664 0.31959834694862366 -0.04711483046412468
v 0.00861215591430664 0.31959834694862366 0.047259747982025146
v 0.009566575288772583 0.25835686922073364 -0.1534832864999771
v 0.009566575288772583 0.25835686922073364 0.15362820029258728
v 0.00993284210562706 0.3547455966472626 -0.07682256400585175
v 0.00993284210562706 0.3547455966472626 0.07696747779846191
v 0.010414783842861652 0.27664056420326233 -0.07843585312366486
v 0.010414783842861652 0.27664056420326233 0.07858077436685562
v 0.01075974851846695 0.4193154275417328 -0.05118546634912491
v 0.01075974851846695 0.4193154275417328 0.051330383867025375
v 0.011436067521572113 0.2887113690376282 -0.05257982015609741
v 0.011436067521572113 0.2887113690376282 0.05272473767399788
v 0.011436067521572113 0.2887113690376282 -0.05257982015609741
v 0.011436067521572113 0.2887113690376282 0.05272473767399788
v 0.013276862911880016 0.4122593402862549 -0.0867188349366188
v 0.013276862911880016 0.4122593402862549 0.08686374872922897
v 0.013463840819895267 0.3032228946685791 0.040157221257686615
v 0.013463840819895267 0.3032228946685791 -0.04001230373978615
v 0.014197259210050106 0.3370388448238373 -0.05781345069408417
v 0.014197259210050106 0.3370388448238373 0.057958368211984634
v 0.014804051257669926 0.3719199001789093 -0.09127023071050644
v 0.014804051257669926 0.3719199001789093 0.0914151519536972
v 0.015554631128907204 0.31959834694862366 -0.042849231511354446
v 0.015554631128907204 0.31959834694862366 0.04299414902925491
v 0.016741294413805008 0.25107890367507935 -0.19664698839187622
v 0.016741294413805008 0.25107890367507935 0.1967919021844864
v 0.017952810972929 0.40147554874420166 -0.1006028950214386
v 0.017952810972929 0.40147554874420166 0.10074781626462936
v 0.01796967349946499 0.38776278495788574 -0.10065851360559464
v 0.01796967349946499 0.38776278495788574 0.1008034273982048
v 0.018178250640630722 -0.507605254650116 0.20543640851974487
v 0.018178250640630722 -0.507605254650116 -0.2052914947271347
v 0.01829836703836918 0.4193154275417328 -0.0465615913271904
v 0.01829836703836918 0.4193154275417328 0.046706508845090866
v 0.019185038283467293 0.2887113690376282 0.04795796051621437
v 0.019185038283467293 0.2887113690376282 -0.047813042998313904
v 0.019185038283467293 0.2887113690376282 -0.047813042998313904
v 0.019185038283467293 0.2887113690376282 0.04795796051621437
v 0.0192116629332304 0.3032228946685791 0.03524162992835045
v 0.0192116629332304 0.3032228946685791 -0.03509671241044998
v 0.020691221579909325 -0.5094469785690308 0.10917340219020844
v 0.020691221579909325 -0.5094469785690308 -0.10902848094701767
v 0.020967252552509308 0.26669996976852417 -0.10985035449266434
v 0.020967252552509308 0.26669996976852417 0.1099952757358551
v 0.021592091768980026 0.3547455966472626 -0.07198803871870041
v 0.021592091768980026 0.3547455966472626 0.07213295996189117
v 0.02170570008456707 0.31959834694862366 0.03773566707968712
v 0.02170570008456707 0.31959834694862366 -0.03759074956178665
v 0.022311311215162277 0.27664056420326233 0.07362760603427887
v 0.022311311215162277 0.27664056420326233 -0.0734826922416687
v 0.022712484002113342 0.3370388448238373 -0.05258603394031525
v 0.022712484002113342 0.3370388448238373 0.052730951458215714
v 0.024090860038995743 0.24433346092700958 -0.2408621460199356
v 0.024090860038995743 0.24433346092700958 0.24100705981254578
v 0.024127254262566566 0.3032228946685791 0.02949380688369274
v 0.024127254262566566 0.3032228946685791 -0.029348889365792274
v 0.02497309446334839 0.4193154275417328 -0.04085814207792282
v 0.02497309446334839 0.4193154275417328 0.041003063321113586
v 0.026053549721837044 0.2887113690376282 0.04208351671695709
v 0.026053549721837044 0.2887113690376282 -0.041938599199056625
v 0.026053549721837044 0.2887113690376282 -0.041938599199056625
v 0.026053549721837044 0.2887113690376282 0.04208351671695709
v 0.026438450440764427 0.4122593402862549 -0.08126568049192429
v 0.026438450440764427 0.4122593402862549 0.08141060173511505
v 0.026964183896780014 0.31959834694862366 0.03158459812402725
v 0.026964183896780014 0.31959834694862366 -0.031439680606126785
v 0.028115343302488327 0.3032228946685791 0.023007832467556
v 0.028115343302488327 0.3032228946685791 -0.022862914949655533
v 0.028654979541897774 0.3719199001789093 -0.08552950620651245
v 0.028654979541897774 0.3719199001789093 0.08567441999912262
v 0.030254656448960304 0.3370388448238373 -0.046139705926179886
v 0.030254656448960304 0.3370388448238373 0.04628462344408035
v 0.030276548117399216 -0.5046985149383545 0.2782205641269684
v 0.030276548117399216 -0.5046985149383545 -0.278075635433197
v 0.03067653998732567 0.4193154275417328 -0.03418341651558876
v 0.03067653998732567 0.4193154275417328 0.03432833403348923
v 0.031081562861800194 0.3032228946685791 0.01587926782667637
v 0.031081562861800194 0.3032228946685791 -0.015734350308775902
v 0.031149018555879593 0.237588033080101 -0.2833249568939209
v 0.031149018555879593 0.237588033080101 0.28346988558769226
v 0.031229782849550247 0.31959834694862366 0.02464212290942669
v 0.031229782849550247 0.31959834694862366 -0.024497205391526222
v 0.03192799538373947 0.2887113690376282 0.03521500527858734
v 0.03192799538373947 0.2887113690376282 -0.035070087760686874
v 0.03192799538373947 0.2887113690376282 -0.035070087760686874
v 0.03192799538373947 0.2887113690376282 0.03521500527858734
v 0.03219100832939148 0.3547455966472626 -0.06548402458429337
v 0.03219100832939148 0.3547455966472626 0.06562893837690353
v 0.032930638641119 0.3032228946685791 0.008202486671507359
v 0.032930638641119 0.3032228946685791 -0.008057568222284317
v 0.033136554062366486 0.27664056420326233 -0.06682363897562027
v 0.033136554062366486 0.27664056420326233 0.06696856021881104
v 0.033219389617443085 0.40147554874420166 0.09442189335823059
v 0.033219389617443085 0.40147554874420166 -0.09427697211503983
v 0.033244539052248 0.38776278495788574 -0.09432874619960785
v 0.033244539052248 0.38776278495788574 0.09447366744279861
v 0.03356820344924927 0.3032228946685791 7.245926826726645e-05
v 0.03356820344924927 0.3032228946685791 7.245926826726645e-05
v 0.03367204591631889 0.25835686922073364 -0.14767155051231384
v 0.03367204591631889 0.25835686922073364 0.147816464304924
v 0.034401025623083115 0.31959834694862366 0.017008831724524498
v 0.034401025623083115 0.31959834694862366 -0.01686391420662403
v 0.035300418734550476 0.4193154275417328 -0.02664479799568653
v 0.035300418734550476 0.4193154275417328 0.026789715513586998
v 0.036377914249897 0.31959834694862366 0.008785315789282322
v 0.036377914249897 0.31959834694862366 -0.008640396408736706
v 0.03669476881623268 0.2887113690376282 0.02746603451669216
v 0.03669476881623268 0.2887113690376282 -0.027321116998791695
v 0.03669476881623268 0.2887113690376282 -0.027321116998791695
v 0.03669476881623268 0.2887113690376282 0.02746603451669216
v 0.036700986325740814 0.3370388448238373 -0.03859753534197807
v 0.036700986325740814 0.3370388448238373 0.03874245285987854
v 0.03705925866961479 0.31959834694862366 7.245926826726645e-05
v 0.03705925866961479 0.31959834694862366 7.245926826726645e-05
v 0.037223756313323975 -0.5094469785690308 -0.1021454706788063
v 0.037223756313323975 -0.5094469785690308 0.10229039192199707
v 0.03745008260011673 0.23031005263328552 -0.3212319314479828
v 0.03745008260011673 0.23031005263328552 0.32137688994407654
v 0.037624336779117584 0.26669996976852417 0.10306020081043243
v 0.037624336779117584 0.26669996976852417 -0.10291527956724167
v 0.03840065747499466 0.4122593402862549 -0.07392823696136475
v 0.03840065747499466 0.4122593402862549 0.07407315820455551
v 0.038736745715141296 0.4193154275417328 -0.018350869417190552
v 0.038736745715141296 0.4193154275417328 0.01849578693509102
v 0.039556846022605896 -0.500859797000885 0.3340514898300171
v 0.039556846022605896 -0.500859797000885 -0.3339065611362457
v 0.040240269154310226 0.2887113690376282 0.018950216472148895
v 0.040240269154310226 0.2887113690376282 -0.01880529895424843
v 0.040240269154310226 0.2887113690376282 -0.01880529895424843
v 0.040240269154310226 0.2887113690376282 0.018950216472148895
v 0.04087783396244049 0.4193154275417328 -0.009409021586179733
v 0.04087783396244049 0.4193154275417328 0.009553940035402775
v 0.0412449836730957 0.3719199001789093 -0.07780538499355316
v 0.0412449836730957 0.3719199001789093 0.07795030623674393
v 0.041577521711587906 0.3547455966472626 -0.05746256932616234
v 0.041577521711587906 0.3547455966472626 0.057607486844062805
v 0.04161538928747177 0.4193154275417328 7.245926826726645e-05
v 0.04161538928747177 0.4193154275417328 7.245926826726645e-05
v 0.041928403079509735 0.3370388448238373 -0.030082307755947113
v 0.041928403079509735 0.3370388448238373 0.03022722527384758
v 0.04245087504386902 0.2887113690376282 0.009781154803931713
v 0.04245087504386902 0.2887113690376282 -0.009636237286031246
v 0.04245087504386902 0.2887113690376282 -0.009636237286031246
v 0.04245087504386902 0.2887113690376282 0.009781154803931713
v 0.04252780228853226 0.22196704149246216 -0.351779580116272
v 0.04252780228853226 0.22196704149246216 0.3519245386123657
v 0.04273194074630737 0.27664056420326233 -0.058616988360881805
v 0.04273194074630737 0.27664056420326233 0.05876190587878227
v 0.04321299493312836 0.2887113690376282 7.245926826726645e-05
v 0.04321299493312836 0.2887113690376282 7.245926826726645e-05
v 0.04321299493312836 0.2887113690376282 7.245926826726645e-05
v 0.04321299493312836 0.2887113690376282 7.245926826726645e-05
v 0.045814719051122665 0.3370388448238373 0.020862014964222908
v 0.045814719051122665 0.3370388448238373 -0.02071709744632244
v 0.04591590166091919 0.21202637255191803 -0.37216413021087646
v 0.04591590166091919 0.21202637255191803 0.3723090887069702
v 0.04639045149087906 -0.4962223470211029 -0.37501880526542664
v 0.04639045149087906 -0.4962223470211029 0.3751637637615204
v 0.047095466405153275 0.40147554874420166 -0.08576560020446777
v 0.047095466405153275 0.40147554874420166 0.08591051399707794
v 0.047128308564424515 0.38776278495788574 -0.085812047123909
v 0.047128308564424515 0.38776278495788574 0.08595696836709976
v 0.047149013727903366 0.19995562732219696 -0.3795820474624634
v 0.047149013727903366 0.19995562732219696 0.37972700595855713
v 0.0476226732134819 0.25107890367507935 -0.18920154869556427
v 0.0476226732134819 0.25107890367507935 0.18934646248817444
v 0.04823627322912216 0.3370388448238373 0.010769598186016083
v 0.04823627322912216 0.3370388448238373 -0.010624680668115616
v 0.04899277165532112 0.4122593402862549 -0.06487782299518585
v 0.04899277165532112 0.4122593402862549 0.06502273678779602
v 0.049070872366428375 0.3370388448238373 7.245926826726645e-05
v 0.049070872366428375 0.3370388448238373 7.245926826726645e-05
v 0.049598973244428635 0.3547455966472626 -0.04807605594396591
v 0.049598973244428635 0.3547455966472626 0.04822097718715668
v 0.05041670799255371 -0.507605254650116 0.19766376912593842
v 0.05041670799255371 -0.507605254650116 -0.19751885533332825
v 0.05093859136104584 0.27664056420326233 -0.04902160167694092
v 0.05093859136104584 0.27664056420326233 0.049166519194841385
v 0.051051899790763855 0.21859432756900787 -0.4030620753765106
v 0.051051899790763855 0.21859432756900787 0.40320703387260437
v 0.05114036425948143 0.2244187593460083 0.40374013781547546
v 0.05114036425948143 0.2244187593460083 -0.4035951793193817
v 0.05114894360303879 -0.49091917276382446 0.4037913382053375
v 0.05114894360303879 -0.49091917276382446 -0.40364640951156616
v 0.051320239901542664 0.21043971180915833 -0.4046756625175476
v 0.051320239901542664 0.21043971180915833 0.40482062101364136
v 0.05152763053774834 0.22791364789009094 -0.40592414140701294
v 0.05152763053774834 0.22791364789009094 0.4060690999031067
v 0.05200336128473282 0.19995562732219696 -0.40878623723983765
v 0.05200336128473282 0.19995562732219696 0.4089311957359314
v 0.052155137062072754 0.22907869517803192 -0.4096989333629608
v 0.052155137062072754 0.22907869517803192 0.40984389185905457
v 0.05226726084947586 -0.5094469785690308 -0.09289120137691498
v 0.05226726084947586 -0.5094469785690308 0.09303612262010574
v 0.0523935928940773 0.3719199001789093 -0.06827864050865173
v 0.0523935928940773 0.3719199001789093 0.0684235617518425
v 0.05278145894408226 0.26669996976852417 -0.09359148889780045
v 0.05278145894408226 0.26669996976852417 0.09373641014099121
v 0.05296458676457405 0.22791364789009094 -0.4145686626434326
v 0.05296458676457405 0.22791364789009094 0.41471362113952637
v 0.05389770492911339 0.2244187593460083 -0.42018306255340576
v 0.05389770492911339 0.2244187593460083 0.4203280210494995
v 0.054203618317842484 -0.4850834906101227 0.42216792702674866
v 0.054203618317842484 -0.4850834906101227 -0.4220229685306549
v 0.054896507412195206 0.21859432756900787 -0.4261918067932129
v 0.054896507412195206 0.21859432756900787 0.42633676528930664
v 0.05590270087122917 0.21043971180915833 -0.4322443902492523
v 0.05590270087122917 0.21043971180915833 0.43238934874534607
v 0.05592577904462814 -0.478848397731781 0.4325280785560608
v 0.05592577904462814 -0.478848397731781 -0.43238312005996704
v 0.05606009438633919 0.25835686922073364 0.1384953409433365
v 0.05606009438633919 0.25835686922073364 -0.13835042715072632
v 0.05610299110412598 0.3547455966472626 -0.03747714310884476
v 0.05610299110412598 0.3547455966472626 0.037622060626745224
v 0.05668671056628227 -0.4723470211029053 0.43710580468177795
v 0.05668671056628227 -0.4723470211029053 -0.4369608759880066
v 0.05685771256685257 -0.4657125473022461 -0.4379904270172119
v 0.05685771256685257 0.19995562732219696 -0.4379904270172119
v 0.05685771256685257 -0.4657125473022461 0.4381353557109833
v 0.05685771256685257 -0.4657125473022461 0.4381353557109833
v 0.05685771256685257 0.19995562732219696 0.4381353557109833
v 0.05685771256685257 -0.4657125473022461 -0.4379904270172119
v 0.05753728747367859 -0.4577023386955261 -0.4420791268348694
v 0.05753728747367859 -0.4577023386955261 0.44222405552864075
v 0.05759764090180397 0.27664056420326233 0.038341280072927475
v 0.05759764090180397 0.27664056420326233 -0.03819636255502701
v 0.058043189346790314 0.4122593402862549 -0.05428570508956909
v 0.058043189346790314 0.4122593402862549 0.05443062260746956
v 0.05938192456960678 -0.4468963146209717 -0.4531765282154083
v 0.05938192456960678 -0.4468963146209717 0.4533214569091797
v 0.05938222259283066 0.40147554874420166 -0.07526727020740509
v 0.05938222259283066 0.40147554874420166 0.07541219145059586
v 0.05942216515541077 0.38776278495788574 -0.0753072127699852
v 0.05942216515541077 0.38776278495788574 0.07545213401317596
v 0.06048634275794029 0.15338100492954254 -0.4598204791545868
v 0.06048634275794029 0.15338100492954254 0.45996543765068054
v 0.060937512665987015 0.3547455966472626 -0.02581789158284664
v 0.060937512665987015 0.3547455966472626 0.02596280910074711
v 0.06191324070096016 0.24433346092700958 -0.23174336552619934
v 0.06191324070096016 0.24433346092700958 0.2318882793188095
v 0.06192033737897873 0.3719199001789093 -0.057130035012960434
v 0.06192033737897873 0.3719199001789093 0.0572749525308609
v 0.06210051476955414 -0.4331613779067993 0.4696758985519409
v 0.06210051476955414 -0.4331613779067993 -0.46953094005584717
v 0.06255080550909042 0.27664056420326233 -0.02629983425140381
v 0.06255080550909042 0.27664056420326233 0.026444751769304276
v 0.06394989043474197 0.3547455966472626 -0.013250370509922504
v 0.06394989043474197 0.3547455966472626 0.013395288959145546
v 0.06404219567775726 0.10693954676389694 -0.48121267557144165
v 0.06404219567775726 0.10693954676389694 0.4813576340675354
v 0.06498774141073227 0.3547455966472626 7.245926826726645e-05
v 0.06498774141073227 0.3547455966472626 7.245926826726645e-05
v 0.06538063287734985 0.4122593402862549 -0.04232349991798401
v 0.06538063287734985 0.4122593402862549 0.042468417435884476
v 0.0654013454914093 -0.4163643419742584 -0.4893897473812103
v 0.0654013454914093 -0.4163643419742584 0.4895347058773041
v 0.06560163199901581 -0.5094469785690308 -0.08148667961359024
v 0.06560163199901581 -0.5094469785690308 0.081631600856781
v 0.06563891470432281 0.27664056420326233 -0.013490603305399418
v 0.06563891470432281 0.27664056420326233 0.01363552175462246
v 0.0662161186337471 0.26669996976852417 -0.08210117369890213
v 0.0662161186337471 0.26669996976852417 0.0822460874915123
v 0.0667036771774292 0.27664056420326233 7.245926826726645e-05
v 0.06745219230651855 0.06076439842581749 0.5018735527992249
v 0.06745219230651855 0.06076439842581749 -0.5017285943031311
v 0.06899358332157135 -0.39637210965156555 -0.51100093126297
v 0.06899358332157135 -0.39637210965156555 0.5111458897590637
v 0.06964445114135742 0.3719199001789093 -0.044540029019117355
v 0.06964445114135742 0.3719199001789093 0.04468494653701782
v 0.06988055258989334 0.40147554874420166 -0.06298051029443741
v 0.06988055258989334 0.40147554874420166 0.06312543153762817
v 0.06992699950933456 0.38776278495788574 -0.06301335990428925
v 0.06992699950933456 0.38776278495788574 0.06315827369689941
v 0.07064414769411087 0.014988597482442856 -0.520930290222168
v 0.07064414769411087 0.014988597482442856 0.5210752487182617
v 0.07083377987146378 0.4122593402862549 -0.029161911457777023
v 0.07083377987146378 0.4122593402862549 0.02930682897567749
v 0.072585828602314 -0.37305155396461487 -0.5326120257377625
v 0.072585828602314 -0.37305155396461487 0.5327569842338562
v 0.07354438304901123 -0.03025461733341217 -0.538379967212677
v 0.07354467362165451 -0.03025461733341217 0.5385249257087708
v 0.07394082844257355 -0.5046985149383545 0.26769325137138367
v 0.07394082844257355 -0.5046985149383545 -0.2675483226776123
v 0.07423105835914612 0.4122593402862549 -0.014973120763897896
v 0.07423105835914612 0.4122593402862549 0.015118038281798363
v 0.075385183095932 0.3719199001789093 -0.030689099803566933
v 0.075385183095932 0.3719199001789093 0.03083401918411255
v 0.07540175318717957 0.4122593402862549 7.245926826726645e-05
v 0.07540175318717957 0.4122593402862549 7.245926826726645e-05
v 0.07563724368810654 0.237588033080101 -0.27259913086891174
v 0.07563724368810654 0.237588033080101 0.2727440297603607
v 0.07588664442300797 -0.34626948833465576 -0.5524708032608032
v 0.07588664442300797 -0.34626948833465576 0.552615761756897
v 0.07608103007078171 -0.07483220845460892 -0.5536391735076904
v 0.07608103007078171 -0.07483220845460892 0.5537841320037842
v 0.07630410045385361 0.25107890367507935 -0.1772603541612625
v 0.07630410045385361 0.25107890367507935 0.17740526795387268
v 0.07643220573663712 0.25835686922073364 -0.1258184015750885
v 0.07643220573663712 0.25835686922073364 0.12596331536769867
v 0.07700615376234055 -0.5094469785690308 -0.06815230846405029
v 0.07700615376234055 -0.5094469785690308 0.06829722970724106
v 0.07770644128322601 0.26669996976852417 -0.0686665028333664
v 0.07770644128322601 0.26669996976852417 0.06881142407655716
v 0.07818039506673813 -0.11861097812652588 -0.5662696957588196
v 0.07818039506673813 -0.11861097812652588 0.5664146542549133
v 0.0783919245004654 0.40147554874420166 -0.049104440957307816
v 0.0783919245004654 0.40147554874420166 0.04924935847520828
v 0.07844369858503342 0.38776278495788574 -0.04912959039211273
v 0.07844369858503342 0.38776278495788574 0.0492745079100132
v 0.07860523462295532 -0.3158928453922272 -0.5688252449035645
v 0.07860523462295532 -0.3158928453922272 0.5689702033996582
v 0.078962042927742 0.3719199001789093 -0.01575801707804203
v 0.078962042927742 0.3719199001789093 0.015902934595942497
v 0.07977030426263809 -0.16145780682563782 -0.575834333896637
v 0.07977030426263809 -0.16145780682563782 0.5759792923927307
v 0.08019455522298813 0.3719199001789093 7.245926826726645e-05
v 0.08019455522298813 0.3719199001789093 7.245926826726645e-05
v 0.08035816252231598 -0.507605254650116 -0.1850528120994568
v 0.08035816252231598 -0.507605254650116 0.18519772589206696
v 0.08044987916946411 -0.2817884385585785 -0.5799226760864258
v 0.08044987916946411 -0.2817884385585785 0.5800676345825195
v 0.08077739179134369 -0.2032395750284195 -0.5818939805030823
v 0.08077739179134369 -0.2032395750284195 0.582038938999176
v 0.08112944662570953 -0.24382317066192627 -0.5840113759040833
v 0.08112944662570953 -0.24382317066192627 -0.5840113759040833
v 0.08112944662570953 -0.24382317066192627 0.584156334400177
v 0.08471784740686417 0.40147554874420166 -0.03383786231279373
v 0.08471784740686417 0.40147554874420166 0.0339827798306942
v 0.0847734659910202 0.38776278495788574 -0.03385472297668457
v 0.0847734659910202 0.38776278495788574 0.03399964049458504
v 0.08626042306423187 -0.5094469785690308 -0.05310880392789841
v 0.08626042306423187 -0.5094469785690308 0.053253721445798874
v 0.08703023195266724 0.26669996976852417 -0.053509388118982315
v 0.08703023195266724 0.26669996976852417 0.05365430563688278
v 0.08788909018039703 0.23031005263328552 -0.30907151103019714
v 0.08788909018039703 0.23031005263328552 0.3092164695262909
v 0.0886588990688324 0.40147554874420166 -0.017379289492964745
v 0.0886588990688324 0.40147554874420166 0.01752420701086521
v 0.08871718496084213 0.38776278495788574 -0.017387572675943375
v 0.08871718496084213 0.38776278495788574 0.01753249019384384
v 0.09001686424016953 0.40147554874420166 7.245926826726645e-05
v 0.09001686424016953 0.40147554874420166 7.245926826726645e-05
v 0.0900760293006897 0.38776278495788574 7.245926826726645e-05
v 0.0900760293006897 0.38776278495788574 7.245926826726645e-05
v 0.09198546409606934 -0.500859797000885 0.32141149044036865
v 0.09198546409606934 -0.500859797000885 -0.3212665319442749
v 0.09314343333244324 -0.5094469785690308 -0.036576271057128906
v 0.09314343333244324 -0.5094469785690308 0.03672118857502937
v 0.0939653068780899 0.26669996976852417 -0.03685230016708374
v 0.0939653068780899 0.26669996976852417 0.03699721768498421
v 0.09448955208063126 0.25835686922073364 -0.11037460714578629
v 0.09448955208063126 0.25835686922073364 0.11051952093839645
v 0.09704099595546722 0.24433346092700958 -0.21711818873882294
v 0.09704099595546722 0.24433346092700958 0.2172631025314331
v 0.09743506461381912 -0.5094469785690308 -0.018775712698698044
v 0.09743506461381912 -0.5094469785690308 0.01892063021659851
v 0.09776198118925095 0.22196704149246216 -0.3384629786014557
v 0.09776198118925095 0.22196704149246216 0.33860793709754944
v 0.09828919172286987 0.26669996976852417 -0.01891772262752056
v 0.09828919172286987 0.26669996976852417 0.019062640145421028
v 0.09891462326049805 -0.5094469785690308 7.245926826726645e-05
v 0.09891462326049805 -0.5094469785690308 7.245926826726645e-05
v 0.09977999329566956 0.26669996976852417 7.245926826726645e-05
v 0.09977999329566956 0.26669996976852417 7.245926826726645e-05
v 0.10240273177623749 0.25107890367507935 -0.16120591759681702
v 0.10240273177623749 0.25107890367507935 0.16135084629058838
v 0.10435032844543457 0.21202637255191803 -0.35807591676712036
v 0.10435032844543457 0.21202637255191803 0.3582208752632141
v 0.10527309030294418 -0.4962223470211029 0.36096757650375366
v 0.10527309030294418 -0.4962223470211029 -0.3608226180076599
v 0.10674791783094406 0.19995562732219696 -0.3652130663394928
v 0.10674791783094406 0.19995562732219696 0.36535802483558655
v 0.10760381817817688 -0.507605254650116 -0.1682930737733841
v 0.10760381817817688 -0.507605254650116 0.16843798756599426
v 0.10993335396051407 0.25835686922073364 0.09246217459440231
v 0.10993335396051407 0.25835686922073364 -0.09231725335121155
v 0.11433682590723038 0.21859432756900787 -0.38780465722084045
v 0.11433682590723038 0.21859432756900787 0.3879496157169342
v 0.1144942119717598 -0.5046985149383545 0.2508092224597931
v 0.1144942119717598 -0.5046985149383545 -0.2506643235683441
v 0.11450900882482529 0.2244187593460083 -0.38831737637519836
v 0.11450900882482529 0.2244187593460083 0.3884623348712921
v 0.11452557891607285 -0.49091917276382446 0.38851144909858704
v 0.11452557891607285 -0.49091917276382446 -0.3883664906024933
v 0.11485841125249863 0.21043971180915833 -0.3893570005893707
v 0.11485841125249863 0.21043971180915833 0.3895019590854645
v 0.11526166647672653 0.22791364789009094 -0.3905581533908844
v 0.11526166647672653 0.22791364789009094 0.39070311188697815
v 0.11618679016828537 0.19995562732219696 -0.3933119475841522
v 0.11618679016828537 0.19995562732219696 0.39345690608024597
v 0.11648175120353699 0.22907869517803192 -0.3941900432109833
v 0.11648175120353699 0.22907869517803192 0.39433497190475464
v 0.11695601046085358 0.237588033080101 -0.2553964853286743
v 0.11695601046085358 0.237588033080101 0.2555414140224457
v 0.11805569380521774 0.22791364789009094 -0.39887547492980957
v 0.11805569380521774 0.22791364789009094 0.3990204334259033
v 0.11987045407295227 0.2244187593460083 -0.40427741408348083
v 0.11987045407295227 0.2244187593460083 0.4044223725795746
v 0.12046481668949127 -0.4850834906101227 0.4061927795410156
v 0.12046481668949127 -0.4850834906101227 -0.4060478210449219
v 0.12181242555379868 0.21859432756900787 -0.41005900502204895
v 0.12181242555379868 0.21859432756900787 0.4102039635181427
v 0.12246537953615189 0.25835686922073364 -0.07194514572620392
v 0.12246537953615189 0.25835686922073364 0.07209005951881409
v 0.12376860529184341 0.21043971180915833 -0.41588225960731506
v 0.12376860529184341 0.21043971180915833 0.4160272181034088
v 0.12381327897310257 -0.478848397731781 0.41616091132164
v 0.12381327897310257 -0.478848397731781 -0.41601595282554626
v 0.1252928376197815 -0.4723470211029053 0.42056527733802795
v 0.1252928376197815 -0.4723470211029053 -0.4204203188419342
v 0.1255357265472412 0.25107890367507935 -0.14142078161239624
v 0.1255357265472412 0.25107890367507935 0.1415656954050064
v 0.12562566995620728 -0.4657125473022461 -0.42141085863113403
v 0.12562566995620728 0.19995562732219696 -0.42141085863113403
v 0.12562566995620728 -0.4657125473022461 0.4215558171272278
v 0.12562566995620728 -0.4657125473022461 0.4215558171272278
v 0.12562566995620728 -0.4657125473022461 -0.42141085863113403
v 0.12562566995620728 0.19995562732219696 0.4215558171272278
v 0.12694723904132843 -0.4577023386955261 -0.4253447949886322
v 0.12694723904132843 -0.4577023386955261 0.42548975348472595
v 0.12900549173355103 0.24433346092700958 -0.1974552422761917
v 0.12900549173355103 0.24433346092700958 0.19760017096996307
v 0.1305338591337204 -0.4468963146209717 -0.43602240085601807
v 0.1305338591337204 -0.4468963146209717 0.4361673593521118
v 0.1317533701658249 -0.507605254650116 -0.14763841032981873
v 0.1317533701658249 -0.507605254650116 0.1477833241224289
v 0.1317864954471588 0.25835686922073364 -0.049557097256183624
v 0.1317864954471588 0.25835686922073364 0.04970201477408409
v 0.13268116116523743 0.15338100492954254 -0.44241490960121155
v 0.13268116116523743 0.15338100492954254 0.4425598680973053
v 0.13473467528820038 0.23031005263328552 0.28971266746520996
v 0.13473467528820038 0.23031005263328552 -0.2895677387714386
v 0.13581955432891846 -0.4331613779067993 -0.45175763964653015
v 0.13581955432891846 -0.4331613779067993 0.4519025981426239
v 0.13759823143482208 0.25835686922073364 0.02559654228389263
v 0.13759823143482208 0.25835686922073364 -0.025451624765992165
v 0.13959522545337677 0.10693954676389694 -0.46299704909324646
v 0.13959522545337677 0.10693954676389694 0.4631420075893402
v 0.13960173726081848 0.25835686922073364 7.245926826726645e-05
v 0.13960173726081848 0.25835686922073364 7.245926826726645e-05
v 0.14067894220352173 -0.500859797000885 -0.30099326372146606
v 0.14067894220352173 -0.500859797000885 0.3011382222175598
v 0.1422380805015564 -0.4163643419742584 -0.4708649516105652
v 0.1422380805015564 -0.4163643419742584 0.47100991010665894
v 0.14532087743282318 0.25107890367507935 -0.11828777939081192
v 0.14532087743282318 0.25107890367507935 0.11843269318342209
v 0.14622588455677032 0.06076439842581749 -0.48273661732673645
v 0.14622588455677032 0.06076439842581749 0.4828815758228302
v 0.14906133711338043 0.22196704149246216 -0.3171047568321228
v 0.14906133711338043 0.22196704149246216 0.31724971532821655
v 0.14922286570072174 -0.39637210965156555 -0.491658091545105
v 0.14922286570072174 -0.39637210965156555 0.49180302023887634
v 0.15139560401439667 -0.5046985149383545 0.22810935974121094
v 0.15139560401439667 -0.5046985149383545 -0.22796444594860077
v 0.15240801870822906 -0.507605254650116 -0.12348886579275131
v 0.15240801870822906 -0.507605254650116 0.12363377958536148
v 0.15243197977542877 0.014988597482442856 -0.5012117624282837
v 0.15243197977542877 0.014988597482442856 0.5013567209243774
v 0.15455412864685059 0.237588033080101 -0.23226791620254517
v 0.15455412864685059 0.237588033080101 0.23241282999515533
v 0.15620765089988708 -0.37305155396461487 -0.512451171875
v 0.15620765089988708 -0.37305155396461487 0.5125961303710938
v 0.15733809769153595 0.24433346092700958 -0.17322313785552979
v 0.15733809769153595 0.24433346092700958 0.17336806654930115
v 0.15807181596755981 -0.03025461733341217 -0.5180007815361023
v 0.15807181596755981 -0.03025461733341217 0.518145740032196
v 0.15862181782722473 0.21202637255191803 0.33562541007995605
v 0.15862181782722473 0.21202637255191803 -0.3354804813861847
v 0.15996053814888 -0.4962223470211029 -0.33805379271507263
v 0.15996053814888 -0.4962223470211029 0.3381987512111664
v 0.16137529909610748 0.25107890367507935 -0.09218914806842804
v 0.16137529909610748 0.25107890367507935 0.0923340693116188
v 0.16210073232650757 0.19995562732219696 -0.34216734766960144
v 0.16210073232650757 0.19995562732219696 0.3423123061656952
v 0.16262616217136383 -0.34626948833465576 -0.5315585136413574
v 0.16262616217136383 -0.34626948833465576 0.5317034721374512
v 0.16300368309020996 -0.07483220845460892 -0.532682478427887
v 0.16300368309020996 -0.07483220845460892 0.5328274369239807
v 0.16708585619926453 -0.11861097812652588 -0.5448352098464966
v 0.16708585619926453 -0.11861097812652588 0.5449801683425903
v 0.16791187226772308 -0.3158928453922272 -0.5472937226295471
v 0.16791187226772308 -0.3158928453922272 0.5474386811256409
v 0.16916775703430176 -0.507605254650116 0.09638813138008118
v 0.16916775703430176 -0.507605254650116 -0.09624321013689041
v 0.17017720639705658 -0.16145780682563782 -0.5540376901626587
v 0.17017720639705658 -0.16145780682563782 0.5541825890541077
v 0.17149849236011505 -0.2817884385585785 -0.5579712986946106
v 0.17149849236011505 -0.2817884385585785 0.5581162571907043
v 0.17213575541973114 -0.2032395750284195 -0.5598680377006531
v 0.17213575541973114 -0.2032395750284195 0.5600129961967468
v 0.1728200614452362 -0.24382317066192627 -0.5619053244590759
v 0.1728200614452362 -0.24382317066192627 -0.5619053244590759
v 0.1728200614452362 -0.24382317066192627 0.5620502233505249
v 0.1728200614452362 -0.24382317066192627 0.5620502233505249
v 0.17311294376850128 0.21859432756900787 -0.363333523273468
v 0.17311294376850128 0.21859432756900787 0.36347848176956177
v 0.17331649363040924 0.25107890367507935 -0.06350772082805634
v 0.17331649363040924 0.25107890367507935 0.0636526420712471
v 0.17336295545101166 0.2244187593460083 0.3639589250087738
v 0.17336295545101166 0.2244187593460083 -0.36381399631500244
v 0.17338691651821136 -0.49091917276382446 -0.363860160112381
v 0.17338691651821136 -0.49091917276382446 0.36400511860847473
v 0.1738697588443756 0.21043971180915833 -0.3647882342338562
v 0.1738697588443756 0.21043971180915833 0.36493319272994995
v 0.17445524036884308 0.22791364789009094 -0.36591365933418274
v 0.17445524036884308 0.22791364789009094 0.3660586178302765
v 0.17579752206802368 0.19995562732219696 -0.3684934973716736
v 0.17579752206802368 0.19995562732219696 0.36863845586776733
v 0.17622563242912292 0.22907869517803192 -0.3693162500858307
v 0.17622563242912292 0.22907869517803192 0.36946117877960205
v 0.17736169695854187 0.23031005263328552 -0.26334574818611145
v 0.17736169695854187 0.23031005263328552 0.2634906768798828
v 0.17850960791110992 0.22791364789009094 -0.3737061023712158
v 0.17850960791110992 0.22791364789009094 0.3738510310649872
v 0.1807619333267212 0.25107890367507935 -0.03262634202837944
v 0.1807619333267212 0.25107890367507935 0.03277125954627991
v 0.1811426877975464 0.2244187593460083 0.37891221046447754
v 0.1811426877975464 0.2244187593460083 -0.3787672519683838
v 0.18157020211219788 0.24433346092700958 -0.14489053189754486
v 0.18157020211219788 0.24433346092700958 0.14503546059131622
v 0.18163380026817322 -0.507605254650116 -0.06630175560712814
v 0.18163380026817322 -0.507605254650116 0.06644667685031891
v 0.18200568854808807 -0.4850834906101227 -0.3804258108139038
v 0.18200568854808807 -0.4850834906101227 0.38057076930999756
v 0.1833287477493286 0.25107890367507935 7.245926826726645e-05
v 0.1833287477493286 0.25107890367507935 7.245926826726645e-05
v 0.1839606910943985 0.21859432756900787 -0.38418373465538025
v 0.1839606910943985 0.21859432756900787 0.3843286633491516
v 0.18410447239875793 -0.5046985149383545 0.20013444125652313
v 0.18410447239875793 -0.5046985149383545 -0.19998952746391296
v 0.18498758971691132 -0.500859797000885 -0.27373698353767395
v 0.18498758971691132 -0.500859797000885 0.2738818824291229
v 0.18679939210414886 0.21043971180915833 -0.38963985443115234
v 0.18679939210414886 0.21043971180915833 0.3897848129272461
v 0.1868644654750824 -0.478848397731781 -0.3897649645805359
v 0.1868644654750824 -0.478848397731781 0.38990992307662964
v 0.18788012862205505 0.237588033080101 -0.20376518368721008
v 0.18788012862205505 0.237588033080101 0.20391009747982025
v 0.18901146948337555 -0.4723470211029053 0.3940364718437195
v 0.18901146948337555 -0.4723470211029053 -0.39389151334762573
v 0.18940643966197968 -0.507605254650116 -0.03406330198049545
v 0.18940643966197968 -0.507605254650116 0.03420821949839592
v 0.1894943118095398 -0.4657125473022461 0.3949645459651947
v 0.1894943118095398 -0.4657125473022461 -0.39481961727142334
v 0.1894943118095398 0.19995562732219696 0.3949645459651947
v 0.1894943118095398 -0.4657125473022461 -0.39481961727142334
v 0.1894943118095398 -0.4657125473022461 0.3949645459651947
v 0.1894943118095398 0.19995562732219696 -0.39481961727142334
v 0.19141173362731934 -0.4577023386955261 0.39865031838417053
v 0.19141173362731934 -0.4577023386955261 -0.3985053598880768
v 0.19208596646785736 -0.507605254650116 7.245926826726645e-05
v 0.19574123620986938 0.22196704149246216 -0.2883899509906769
v 0.19574123620986938 0.22196704149246216 0.28853487968444824
v 0.19661666452884674 -0.4468963146209717 0.40865427255630493
v 0.19661666452884674 -0.4468963146209717 -0.4085093140602112
v 0.19973257184028625 0.15338100492954254 -0.41449853777885437
v 0.19973257184028625 0.15338100492954254 0.4146434962749481
v 0.2012331336736679 0.24433346092700958 -0.11292604357004166
v 0.2012331336736679 0.24433346092700958 0.11307095736265182
v 0.20428694784641266 -0.4331613779067993 0.42339688539505005
v 0.20428694784641266 -0.4331613779067993 -0.4232519268989563
v 0.20800580084323883 0.21202637255191803 0.3052467107772827
v 0.20800580084323883 0.21202637255191803 -0.30510175228118896
v 0.20972351729869843 -0.4962223470211029 -0.30744224786758423
v 0.20972351729869843 -0.4962223470211029 0.307587206363678
v 0.20976552367210388 0.10693954676389694 -0.4337822198867798
v 0.20976552367210388 0.10693954676389694 0.43392717838287354
v 0.21207939088344574 -0.5046985149383545 0.16742557287216187
v 0.21207939088344574 -0.5046985149383545 -0.1672806590795517
v 0.21246902644634247 0.19995562732219696 -0.31118327379226685
v 0.21246902644634247 0.19995562732219696 0.3113282322883606
v 0.21360066533088684 -0.4163643419742584 -0.4411536753177643
v 0.21360066533088684 -0.4163643419742584 0.44129863381385803
v 0.2151453197002411 0.23031005263328552 -0.23103035986423492
v 0.2151453197002411 0.23031005263328552 0.2311752736568451
v 0.2158583104610443 0.24433346092700958 -0.07779829204082489
v 0.2158583104610443 0.24433346092700958 0.07794320583343506
v 0.21638286113739014 0.237588033080101 -0.17043918371200562
v 0.21638286113739014 0.237588033080101 0.17058409750461578
v 0.21938754618167877 0.06076439842581749 0.45242148637771606
v 0.21938754618167877 0.06076439842581749 -0.4522765278816223
v 0.22373628616333008 -0.39637210965156555 0.46077990531921387
v 0.22373628616333008 -0.39637210965156555 -0.4606349766254425
v 0.22426171600818634 -0.500859797000885 0.24029166996479034
v 0.22426171600818634 -0.500859797000885 -0.24014675617218018
v 0.22497709095478058 0.24433346092700958 -0.039975911378860474
v 0.22497709095478058 0.24433346092700958 0.04012082889676094
v 0.22659628093242645 0.21859432756900787 -0.3304332494735718
v 0.22659628093242645 0.21859432756900787 0.3305782079696655
v 0.22691699862480164 0.2244187593460083 0.3310151696205139
v 0.22691699862480164 0.2244187593460083 -0.33087021112442017
v 0.22694776952266693 -0.49091917276382446 0.33105719089508057
v 0.22694776952266693 -0.49091917276382446 -0.3309122323989868
v 0.22756727039813995 0.21043971180915833 -0.33175599575042725
v 0.22756727039813995 0.21043971180915833 0.331900954246521
v 0.2281208038330078 0.24433346092700958 7.245926826726645e-05
v 0.2281208038330078 0.24433346092700958 7.245926826726645e-05
v 0.22831843793392181 0.22791364789009094 -0.3327796459197998
v 0.22831843793392181 0.22791364789009094 0.33292460441589355
v 0.2283932864665985 0.014988597482442856 0.4697309136390686
v 0.2283932864665985 0.014988597482442856 -0.46958598494529724
v 0.2300403118133545 0.19995562732219696 -0.3351260721683502
v 0.2300403118133545 0.19995562732219696 0.3352710008621216
v 0.23058940470218658 0.22907869517803192 -0.3358742892742157
v 0.23058940470218658 0.22907869517803192 0.33601921796798706
v 0.2335195392370224 0.22791364789009094 -0.3398667871952057
v 0.2335195392370224 0.22791364789009094 0.34001174569129944
v 0.23387189209461212 -0.37305155396461487 0.4802612066268921
v 0.23387189209461212 -0.37305155396461487 -0.48011624813079834
v 0.2347792685031891 -0.5046985149383545 -0.13037925958633423
v 0.2347792685031891 -0.5046985149383545 0.1305241882801056
v 0.23657715320587158 -0.03025461733341217 -0.48531585931777954
v 0.23657715320587158 -0.03025461733341217 0.4854608178138733
v 0.2368975728750229 0.2244187593460083 -0.34446966648101807
v 0.2368975728750229 0.2244187593460083 0.3446146249771118
v 0.23711709678173065 0.22196704149246216 -0.2530021369457245
v 0.23711709678173065 0.22196704149246216 0.25314706563949585
v 0.23800437152385712 -0.4850834906101227 -0.3459782004356384
v 0.23800437152385712 -0.4850834906101227 0.3461231589317322
v 0.2395114302635193 0.237588033080101 -0.1328410506248474
v 0.2395114302635193 0.237588033080101 0.13298597931861877
v 0.2405128926038742 0.21859432756900787 -0.34939590096473694
v 0.2405128926038742 0.21859432756900787 0.3495408296585083
v 0.2431856244802475 -0.34626948833465576 -0.4980179965496063
v 0.2431856244802475 -0.34626948833465576 0.4981629550457001
v 0.24373354017734528 -0.07483220845460892 -0.49907124042510986
v 0.24373354017734528 -0.07483220845460892 0.4992161989212036
v 0.24415452778339386 0.21043971180915833 -0.35435792803764343
v 0.24415452778339386 0.21043971180915833 0.3545028865337372
v 0.2442379742860794 -0.478848397731781 -0.3544718623161316
v 0.2442379742860794 -0.478848397731781 0.35461679100990295
v 0.2469920665025711 -0.4723470211029053 0.3583696782588959
v 0.2469920665025711 -0.4723470211029053 -0.3582247197628021
v 0.24746069312095642 0.23031005263328552 -0.1932467371225357
v 0.24746069312095642 0.23031005263328552 0.19339166581630707
v 0.24761156737804413 -0.4657125473022461 -0.3590688109397888
v 0.24761156737804413 -0.4657125473022461 0.35921376943588257
v 0.24761156737804413 0.19995562732219696 -0.3590688109397888
v 0.24761156737804413 -0.4657125473022461 -0.3590688109397888
v 0.24761156737804413 -0.4657125473022461 0.35921376943588257
v 0.24761156737804413 0.19995562732219696 0.35921376943588257
v 0.24965740740299225 -0.11861097812652588 -0.5104571580886841
v 0.24965740740299225 -0.11861097812652588 0.5106021165847778
v 0.25007158517837524 -0.4577023386955261 0.3625657558441162
v 0.25007158517837524 -0.4577023386955261 -0.36242082715034485
v 0.2508558928966522 -0.3158928453922272 -0.5127606391906738
v 0.2508558928966522 -0.3158928453922272 0.5129055976867676
v 0.2516632676124573 -0.5046985149383545 0.08997079730033875
v 0.2516632676124573 -0.5046985149383545 -0.08982587605714798
v 0.2517789602279663 0.21202637255191803 0.2678089141845703
v 0.2517789602279663 0.21202637255191803 -0.26766401529312134
v 0.2538321614265442 -0.4962223470211029 -0.2697172164916992
v 0.2538321614265442 -0.4962223470211029 0.2698621451854706
v 0.2541431188583374 -0.16145780682563782 -0.5190788507461548
v 0.2541431188583374 -0.16145780682563782 0.5192238092422485
v 0.2560608386993408 -0.2817884385585785 -0.5227646231651306
v 0.2560608386993408 -0.2817884385585785 0.5229095816612244
v 0.2567140758037567 0.237588033080101 -0.09152229875326157
v 0.2567140758037567 0.237588033080101 0.09166721254587173
v 0.25674867630004883 -0.4468963146209717 0.3716641366481781
v 0.25674867630004883 -0.4468963146209717 -0.37151917815208435
v 0.2569853663444519 -0.2032395750284195 0.5246867537498474
v 0.2569853663444519 -0.2032395750284195 -0.5245417952537537
v 0.25711435079574585 0.19995562732219696 -0.2729994058609009
v 0.25711435079574585 0.19995562732219696 0.27314430475234985
v 0.2578519284725189 -0.500859797000885 0.2010175585746765
v 0.2578519284725189 -0.500859797000885 -0.20087264478206635
v 0.25797826051712036 -0.24382317066192627 0.5265952944755554
v 0.25797826051712036 -0.24382317066192627 -0.5264503359794617
v 0.25797826051712036 -0.24382317066192627 -0.5264503359794617
v 0.25797826051712036 -0.24382317066192627 0.5265952944755554
v 0.2607462406158447 0.15338100492954254 -0.37696608901023865
v 0.2607462406158447 0.15338100492954254 0.3771110475063324
v 0.2621906101703644 -0.5046985149383545 0.04630651697516441
v 0.2621906101703644 -0.5046985149383545 -0.04616159945726395
v 0.26581981778144836 -0.5046985149383545 7.245926826726645e-05
v 0.26581981778144836 -0.5046985149383545 7.245926826726645e-05
v 0.2665884494781494 -0.4331613779067993 0.38507184386253357
v 0.2665884494781494 -0.4331613779067993 -0.3849268853664398
v 0.26743990182876587 0.237588033080101 -0.047034066170454025
v 0.26743990182876587 0.237588033080101 0.04717898368835449
v 0.2711377739906311 0.237588033080101 7.245926826726645e-05
v 0.2711377739906311 0.237588033080101 7.245926826726645e-05
v 0.27250489592552185 0.22196704149246216 -0.21162629127502441
v 0.27250489592552185 0.22196704149246216 0.21177120506763458
v 0.2736169993877411 0.10693954676389694 -0.39450395107269287
v 0.2736169993877411 0.10693954676389694 0.3946489095687866
v 0.27368268370628357 0.23031005263328552 0.15076462924480438
v 0.27368268370628357 0.23031005263328552 -0.1506197154521942
v 0.2740027904510498 0.21859432756900787 -0.28988784551620483
v 0.2740027904510498 0.21859432756900787 0.2900327742099762
v 0.2743862271308899 0.2244187593460083 -0.2902712821960449
v 0.2743862271308899 0.2244187593460083 0.2904161810874939
v 0.27442291378974915 -0.49091917276382446 0.29045289754867554
v 0.27442291378974915 -0.49091917276382446 -0.2903079688549042
v 0.2751634418964386 0.21043971180915833 -0.29104849696159363
v 0.2751634418964386 0.21043971180915833 0.2911933958530426
v 0.27606135606765747 0.22791364789009094 -0.2919464111328125
v 0.27606135606765747 0.22791364789009094 0.2920913100242615
v 0.27811989188194275 0.19995562732219696 -0.2940049469470978
v 0.27811989188194275 0.19995562732219696 0.29414984583854675
v 0.2785370349884033 -0.4163643419742584 -0.40120798349380493
v 0.2785370349884033 -0.4163643419742584 0.4013529419898987
v 0.2787763774394989 0.22907869517803192 -0.29466143250465393
v 0.2787763774394989 0.22907869517803192 0.2948063313961029
v 0.28227895498275757 0.22791364789009094 -0.2981640100479126
v 0.28227895498275757 0.22791364789009094 0.29830893874168396
v 0.2851082384586334 -0.500859797000885 0.15670891106128693
v 0.2851082384586334 -0.500859797000885 -0.15656399726867676
v 0.2859608829021454 0.06076439842581749 -0.41132375597953796
v 0.2859608829021454 0.06076439842581749 0.4114687144756317
v 0.286317378282547 0.2244187593460083 -0.30220240354537964
v 0.286317378282547 0.2244187593460083 0.3023473620414734
v 0.2876407206058502 -0.4850834906101227 -0.30352574586868286
v 0.2876407206058502 -0.4850834906101227 0.3036707043647766
v 0.2892167270183563 0.21202637255191803 0.22403576970100403
v 0.2892167270183563 0.21202637255191803 -0.22389084100723267
v 0.290639191865921 0.21859432756900787 -0.30652421712875366
v 0.290639191865921 0.21859432756900787 0.3066691756248474
v 0.2915397584438324 -0.39637210965156555 -0.4189256727695465
v 0.2915397584438324 -0.39637210965156555 0.41907063126564026
v 0.2915572226047516 -0.4962223470211029 -0.22560857236385345
v 0.2915572226047516 -0.4962223470211029 0.22575348615646362
v 0.2931864857673645 0.23031005263328552 -0.10377413779497147
v 0.2931864857673645 0.23031005263328552 0.10391905903816223
v 0.2949926555156708 0.21043971180915833 -0.3108776807785034
v 0.2949926555156708 0.21043971180915833 0.31102263927459717
v 0.2950923442840576 -0.478848397731781 -0.31097739934921265
v 0.2950923442840576 -0.478848397731781 0.311122328042984
v 0.2952982485294342 0.19995562732219696 -0.2283540815114975
v 0.2952982485294342 0.19995562732219696 0.22849899530410767
v 0.2975139319896698 0.014988597482442856 -0.4270663559436798
v 0.2975139319896698 0.014988597482442856 0.42721131443977356
v 0.2983849346637726 -0.4723470211029053 0.3144148886203766
v 0.2983849346637726 -0.4723470211029053 -0.31426993012428284
v 0.29912540316581726 -0.4657125473022461 -0.3150104582309723
v 0.29912540316581726 -0.4657125473022461 0.31515541672706604
v 0.29912540316581726 0.19995562732219696 -0.3150104582309723
v 0.29912540316581726 0.19995562732219696 0.31515541672706604
v 0.30121973156929016 0.22196704149246216 -0.16494637727737427
v 0.30121973156929016 0.22196704149246216 0.16509130597114563
v 0.3020661473274231 -0.4577023386955261 -0.3179512023925781
v 0.3020661473274231 -0.4577023386955261 0.3180961608886719
v 0.3045424818992615 -0.37305155396461487 -0.43664342164993286
v 0.3045424818992615 -0.37305155396461487 0.4367883503437042
v 0.30534690618515015 0.23031005263328552 0.05348004773259163
v 0.30534690618515015 0.23031005263328552 -0.05333513021469116
v 0.30538153648376465 -0.500859797000885 0.10801543295383453
v 0.30538153648376465 -0.500859797000885 -0.10787051171064377
v 0.30801284313201904 -0.03025461733341217 -0.44137200713157654
v 0.30801284313201904 -0.03025461733341217 0.4415169656276703
v 0.30953946709632874 0.23031005263328552 7.245926826726645e-05
v 0.30953946709632874 0.23031005263328552 7.245926826726645e-05
v 0.31004831194877625 -0.4468963146209717 0.32607826590538025
v 0.31004831194877625 -0.4468963146209717 -0.3259333372116089
v 0.31454819440841675 0.21859432756900787 -0.24248133599758148
v 0.31454819440841675 0.21859432756900787 0.24262624979019165
v 0.31482717394828796 0.15338100492954254 -0.330712229013443
v 0.31482717394828796 0.15338100492954254 0.33085718750953674
v 0.3149851858615875 0.2244187593460083 -0.24280203878879547
v 0.3149851858615875 0.2244187593460083 0.24294696748256683
v 0.3150272071361542 -0.49091917276382446 -0.24283280968666077
v 0.3150272071361542 -0.49091917276382446 0.24297773838043213
v 0.3158709704875946 0.21043971180915833 -0.24345232546329498
v 0.3158709704875946 0.21043971180915833 0.24359723925590515
v 0.3164910674095154 -0.34626948833465576 -0.4529244601726532
v 0.3164910674095154 -0.34626948833465576 0.45306941866874695
v 0.31689462065696716 0.22791364789009094 -0.24420347809791565
v 0.31689462065696716 0.22791364789009094 0.244348406791687
v 0.31719374656677246 -0.07483220845460892 -0.4538821280002594
v 0.31719374656677246 -0.07483220845460892 0.45402708649635315
v 0.3180215060710907 -0.500859797000885 -0.05544189736247063
v 0.3180215060710907 -0.500859797000885 0.055586814880371094
v 0.3192410171031952 0.19995562732219696 -0.24592535197734833
v 0.3192410171031952 0.19995562732219696 0.2460702806711197
v 0.31959545612335205 0.21202637255191803 0.17465177178382874
v 0.31959545612335205 0.21202637255191803 -0.17450685799121857
v 0.31998926401138306 0.22907869517803192 -0.24647444486618042
v 0.31998926401138306 0.22907869517803192 0.24661937355995178
v 0.32181137800216675 -0.4331613779067993 0.33784136176109314
v 0.32181137800216675 -0.4331613779067993 -0.3376964330673218
v 0.32216876745224 -0.4962223470211029 -0.17584559321403503
v 0.32216876745224 -0.4962223470211029 0.1759905070066452
v 0.3223794102668762 -0.500859797000885 7.245926826726645e-05
v 0.3223794102668762 -0.500859797000885 7.245926826726645e-05
v 0.32257795333862305 0.22196704149246216 -0.11364703625440598
v 0.32257795333862305 0.22196704149246216 0.11379195004701614
v 0.32398179173469543 0.22791364789009094 -0.24940457940101624
v 0.32398179173469543 0.22791364789009094 0.2495494931936264
v 0.3247933089733124 -0.11861097812652588 -0.4642372727394104
v 0.3247933089733124 -0.11861097812652588 0.46438223123550415
v 0.3262823522090912 0.19995562732219696 -0.1779857873916626
v 0.3262823522090912 0.19995562732219696 0.17813070118427277
v 0.3263308107852936 -0.3158928453922272 -0.46633222699165344
v 0.3263308107852936 -0.3158928453922272 0.4664771556854248
v 0.3285846710205078 0.2244187593460083 -0.2527826130390167
v 0.3285846710205078 0.2244187593460083 0.2529275417327881
v 0.3300931453704834 -0.4850834906101227 -0.25388941168785095
v 0.3300931453704834 -0.4850834906101227 0.2540343403816223
v 0.3302135765552521 0.10693954676389694 -0.3460986018180847
v 0.3302135765552521 0.10693954676389694 0.34624356031417847
v 0.33054789900779724 -0.16145780682563782 -0.4720785617828369
v 0.33054789900779724 -0.16145780682563782 0.47222352027893066
v 0.33300796151161194 -0.2817884385585785 -0.47543054819107056
v 0.33300796151161194 -0.2817884385585785 0.4755754768848419
v 0.3335108757019043 0.21859432756900787 -0.25639793276786804
v 0.3335108757019043 0.21859432756900787 0.2565428614616394
v 0.33419403433799744 -0.2032395750284195 -0.47704678773880005
v 0.33419403433799744 -0.2032395750284195 0.4771917462348938
v 0.3354679048061371 -0.24382317066192627 -0.4787825644016266
v 0.3354679048061371 -0.24382317066192627 -0.4787825644016266
v 0.3354679048061371 -0.24382317066192627 0.47892749309539795
v 0.3354679048061371 -0.24382317066192627 0.47892749309539795
v 0.33589452505111694 0.22196704149246216 -0.05841284990310669
v 0.33589452505111694 0.22196704149246216 0.058557767421007156
v 0.3360951244831085 -0.4163643419742584 -0.35198017954826355
v 0.3360951244831085 -0.4163643419742584 0.3521251380443573
v 0.3384729325771332 0.21043971180915833 -0.2600395679473877
v 0.3384729325771332 0.21043971180915833 0.26018449664115906
v 0.33858683705329895 -0.478848397731781 -0.26012301445007324
v 0.33858683705329895 -0.478848397731781 0.2602679431438446
v 0.3404856026172638 0.22196704149246216 7.245926826726645e-05
v 0.3404856026172638 0.22196704149246216 7.245926826726645e-05
v 0.3421909213066101 0.21202637255191803 0.12038028985261917
v 0.3421909213066101 0.21202637255191803 -0.120235376060009
v 0.3423396646976471 -0.4723470211029053 0.2630220353603363
v 0.3423396646976471 -0.4723470211029053 -0.26287710666656494
v 0.3431837856769562 -0.4657125473022461 -0.26349660754203796
v 0.3431837856769562 -0.4657125473022461 -0.26349660754203796
v 0.3431837856769562 -0.4657125473022461 0.2636415362358093
v 0.3431837856769562 -0.4657125473022461 0.2636415362358093
v 0.3431837856769562 0.19995562732219696 -0.26349660754203796
v 0.3431837856769562 0.19995562732219696 0.2636415362358093
v 0.34493762254714966 -0.4962223470211029 -0.12115813791751862
v 0.34493762254714966 -0.4962223470211029 0.12130305171012878
v 0.34497013688087463 0.06076439842581749 0.36100009083747864
v 0.34497013688087463 0.06076439842581749 -0.3608551323413849
v 0.3465357720851898 -0.4577023386955261 0.26610156893730164
v 0.3465357720851898 -0.4577023386955261 -0.2659566402435303
v 0.3474484980106354 0.21859432756900787 -0.1889979988336563
v 0.3474484980106354 0.21859432756900787 0.18914291262626648
v 0.3479289412498474 0.2244187593460083 -0.1892479956150055
v 0.3479289412498474 0.2244187593460083 0.18939290940761566
v 0.34797513484954834 -0.49091917276382446 -0.1892719566822052
v 0.34797513484954834 -0.49091917276382446 0.18941688537597656
v 0.34890317916870117 0.21043971180915833 -0.18975479900836945
v 0.34890317916870117 0.21043971180915833 0.1898997277021408
v 0.34932804107666016 0.19995562732219696 -0.1226329654455185
v 0.34932804107666016 0.19995562732219696 0.12277787923812866
v 0.3500286042690277 0.22791364789009094 -0.1903402954339981
v 0.3500286042690277 0.22791364789009094 0.19048520922660828
v 0.3516392409801483 -0.39637210965156555 -0.36752426624298096
v 0.3516392409801483 -0.39637210965156555 0.3676691949367523
v 0.35260847210884094 0.19995562732219696 -0.1916825771331787
v 0.35260847210884094 0.19995562732219696 0.19182749092578888
v 0.35343122482299805 0.22907869517803192 -0.19211067259311676
v 0.35343122482299805 0.22907869517803192 0.19225560128688812
v 0.3556341528892517 -0.4468963146209717 0.2727786600589752
v 0.3556341528892517 -0.4468963146209717 -0.27263373136520386
v 0.35627907514572144 0.21202637255191803 0.06194586679339409
v 0.35627907514572144 0.21202637255191803 -0.06180094927549362
v 0.3578210771083832 0.22791364789009094 -0.19439466297626495
v 0.3578210771083832 0.22791364789009094 0.19453957676887512
v 0.3587810695171356 0.014988597482442856 -0.37466612458229065
v 0.3587810695171356 0.014988597482442856 0.3748110830783844
v 0.359133780002594 -0.4962223470211029 -0.06227549910545349
v 0.359133780002594 -0.4962223470211029 0.06242041662335396
v 0.361081063747406 0.15338100492954254 -0.27663129568099976
v 0.361081063747406 0.15338100492954254 0.27677619457244873
v 0.3611360788345337 0.21202637255191803 7.245926826726645e-05
v 0.3611360788345337 0.21202637255191803 7.245926826726645e-05
v 0.36288222670555115 0.2244187593460083 -0.19702774286270142
v 0.36288222670555115 0.2244187593460083 0.19717265665531158
v 0.36369699239730835 0.19995562732219696 -0.0630340650677681
v 0.36369699239730835 0.19995562732219696 0.06317897886037827
v 0.36402803659439087 -0.4962223470211029 7.245926826726645e-05
v 0.36402803659439087 -0.4962223470211029 7.245926826726645e-05
v 0.3645407557487488 -0.4850834906101227 -0.1978907436132431
v 0.3645407557487488 -0.4850834906101227 0.19803565740585327
v 0.3671833574771881 -0.37305155396461487 -0.38306835293769836
v 0.3671833574771881 -0.37305155396461487 0.3832133114337921
v 0.3682986795902252 0.21859432756900787 -0.19984573125839233
v 0.3682986795902252 0.21859432756900787 0.1999906599521637
v 0.36865073442459106 0.19995562732219696 7.245926826726645e-05
v 0.36865073442459106 0.19995562732219696 7.245926826726645e-05
v 0.3690418601036072 -0.4331613779067993 0.2826184034347534
v 0.3690418601036072 -0.4331613779067993 -0.28247350454330444
v 0.371332049369812 -0.03025461733341217 -0.38721707463264465
v 0.371332049369812 -0.03025461733341217 0.3873620331287384
v 0.3719196021556854 0.21859432756900787 -0.1302218735218048
v 0.3719196021556854 0.21859432756900787 0.13036680221557617
v 0.3724323511123657 0.2244187593460083 -0.13039405643939972
v 0.3724323511123657 0.2244187593460083 0.1305389702320099
v 0.37248143553733826 -0.49091917276382446 0.13055554032325745
v 0.37248143553733826 -0.49091917276382446 -0.13041062653064728
v 0.3734719753265381 0.21043971180915833 -0.13074345886707306
v 0.3734719753265381 0.21043971180915833 0.13088838756084442
v 0.3737548291683197 0.21043971180915833 -0.2026844322681427
v 0.3737548291683197 0.21043971180915833 0.20282934606075287
v 0.37387996912002563 -0.478848397731781 -0.20274952054023743
v 0.37387996912002563 -0.478848397731781 0.2028944343328476
v 0.37467315793037415 0.22791364789009094 -0.13114671409130096
v 0.37467315793037415 0.22791364789009094 0.13129162788391113
v 0.3774268925189972 0.19995562732219696 -0.1320718377828598
v 0.3774268925189972 0.19995562732219696 0.13221675157546997
v 0.3780065178871155 -0.4723470211029053 0.20504143834114075
v 0.3780065178871155 -0.4723470211029053 -0.20489652454853058
v 0.37830501794815063 0.22907869517803192 -0.13236680626869202
v 0.37830501794815063 0.22907869517803192 0.13251172006130219
v 0.37861889600753784 0.10693954676389694 -0.2895020544528961
v 0.37861889600753784 0.10693954676389694 0.2896469831466675
v 0.3789345622062683 -0.4657125473022461 0.205524280667305
v 0.3789345622062683 -0.4657125473022461 -0.20537936687469482
v 0.3789345622062683 -0.4657125473022461 -0.20537936687469482
v 0.3789345622062683 -0.4657125473022461 0.205524280667305
v 0.3789345622062683 0.19995562732219696 -0.20537936687469482
v 0.3789345622062683 0.19995562732219696 0.205524280667305
v 0.3814671039581299 -0.34626948833465576 -0.3973521292209625
v 0.3814671039581299 -0.34626948833465576 0.3974970877170563
v 0.38230735063552856 -0.07483220845460892 -0.3981923460960388
v 0.38230735063552856 -0.07483220845460892 0.39833730459213257
v 0.38262030482292175 -0.4577023386955261 0.20744170248508453
v 0.38262030482292175 -0.4577023386955261 -0.20729677379131317
v 0.38299041986465454 0.22791364789009094 -0.13394074141979218
v 0.38299041986465454 0.22791364789009094 0.13408565521240234
v 0.3853229284286499 -0.4163643419742584 -0.29442209005355835
v 0.3853229284286499 -0.4163643419742584 0.2945670187473297
v 0.387177050113678 0.21859432756900787 -0.06693694740533829
v 0.387177050113678 0.21859432756900787 0.06708186864852905
v 0.38771018385887146 0.2244187593460083 -0.06702541559934616
v 0.38771018385887146 0.2244187593460083 0.06717032939195633
v 0.3877613842487335 -0.49091917276382446 -0.06703399121761322
v 0.3877613842487335 -0.49091917276382446 0.06717891246080399
v 0.3883924186229706 0.2244187593460083 -0.1357555091381073
v 0.3883924186229706 0.2244187593460083 0.13590042293071747
v 0.38879066705703735 0.21043971180915833 -0.0672052875161171
v 0.38879066705703735 0.21043971180915833 0.06735020875930786
v 0.3900390863418579 0.22791364789009094 -0.06741268187761307
v 0.3900390863418579 0.22791364789009094 0.06755759567022324
v 0.39016279578208923 -0.4850834906101227 -0.1363498568534851
v 0.39016279578208923 -0.4850834906101227 0.13649478554725647
v 0.3913920521736145 -0.11861097812652588 -0.407277375459671
v 0.391392320394516 -0.11861097812652588 0.4074220657348633
v 0.39243724942207336 0.21859432756900787 7.245926826726645e-05
v 0.39243724942207336 0.21859432756900787 7.245926826726645e-05
v 0.39262425899505615 -0.4468963146209717 0.21264663338661194
v 0.39262425899505615 -0.4468963146209717 -0.21250171959400177
v 0.3929011821746826 0.19995562732219696 -0.06788840889930725
v 0.3929011821746826 0.19995562732219696 0.06803333014249802
v 0.39297720789909363 0.2244187593460083 7.245926826726645e-05
v 0.39297720789909363 0.2244187593460083 7.245926826726645e-05
v 0.39302900433540344 -0.49091917276382446 7.245926826726645e-05
v 0.39302900433540344 -0.49091917276382446 7.245926826726645e-05
v 0.3932301700115204 -0.3158928453922272 -0.4091152250766754
v 0.3932301700115204 -0.3158928453922272 0.4092601537704468
v 0.39381393790245056 0.22907869517803192 -0.06804018467664719
v 0.39381393790245056 0.22907869517803192 0.06818509846925735
v 0.39407187700271606 0.21043971180915833 7.245926826726645e-05
v 0.39407187700271606 0.21043971180915833 7.245926826726645e-05
v 0.3941739499568939 0.21859432756900787 -0.1376974731683731
v 0.3941739499568939 0.21859432756900787 0.13784238696098328
v 0.39533668756484985 0.22791364789009094 7.245926826726645e-05
v 0.39533668756484985 0.22791364789009094 7.245926826726645e-05
v 0.3954387307167053 0.06076439842581749 -0.301845908164978
v 0.3954387307167053 0.06076439842581749 0.3019908666610718
v 0.3982360064983368 0.19995562732219696 7.245926826726645e-05
v 0.3982360064983368 0.19995562732219696 7.245926826726645e-05
v 0.39827150106430054 -0.16145780682563782 -0.41415655612945557
v 0.39827150106430054 -0.16145780682563782 0.41430148482322693
v 0.3986135423183441 0.15338100492954254 -0.21561762690544128
v 0.3986135423183441 0.15338100492954254 0.21576254069805145
v 0.3986836373806 0.22791364789009094 -0.06884963810443878
v 0.3986836373806 0.22791364789009094 0.06899455189704895
v 0.3991605341434479 0.22907869517803192 7.245926826726645e-05
v 0.3991605341434479 0.22907869517803192 7.245926826726645e-05
v 0.3999972343444824 0.21043971180915833 -0.13965365290641785
v 0.3999972343444824 0.21043971180915833 0.13979856669902802
v 0.4001309275627136 -0.478848397731781 -0.139698326587677
v 0.4001309275627136 -0.478848397731781 0.13984325528144836
v 0.40121230483055115 -0.2817884385585785 -0.4170973300933838
v 0.40121230483055115 -0.2817884385585785 0.41724228858947754
v 0.4026303291320801 -0.2032395750284195 -0.41851532459259033
v 0.4026303291320801 -0.2032395750284195 0.4186602830886841
v 0.4030406177043915 -0.39637210965156555 -0.3074248135089874
v 0.4030406177043915 -0.39637210965156555 0.3075697422027588
v 0.4040938913822174 0.22791364789009094 7.245926826726645e-05
v 0.4040938913822174 0.22791364789009094 7.245926826726645e-05
v 0.404153048992157 -0.24382317066192627 -0.4200380742549896
v 0.404153048992157 -0.24382317066192627 -0.4200380742549896
v 0.404153048992157 -0.24382317066192627 0.4201830327510834
v 0.404153048992157 -0.24382317066192627 0.4201830327510834
v 0.40429800748825073 0.2244187593460083 -0.06978275626897812
v 0.40429800748825073 0.2244187593460083 0.06992767006158829
v 0.40453529357910156 -0.4723470211029053 0.1413228064775467
v 0.40453529357910156 -0.4723470211029053 -0.14117787778377533
v 0.4055258333683014 -0.4657125473022461 -0.1415107250213623
v 0.4055258333683014 -0.4657125473022461 -0.1415107250213623
v 0.4055258333683014 -0.4657125473022461 0.14165563881397247
v 0.4055258333683014 -0.4657125473022461 0.14165563881397247
v 0.4055258333683014 0.19995562732219696 -0.1415107250213623
v 0.4055258333683014 0.19995562732219696 0.14165563881397247
v 0.40613797307014465 -0.4850834906101227 -0.07008866965770721
v 0.40613797307014465 -0.4850834906101227 0.07023358345031738
v 0.40736693143844604 -0.4331613779067993 0.22031690180301666
v 0.40736693143844604 -0.4331613779067993 -0.2201719880104065
v 0.4094597399234772 -0.4577023386955261 0.14297720789909363
v 0.4094597399234772 -0.4577023386955261 -0.14283229410648346
v 0.40978169441223145 0.2244187593460083 7.245926826726645e-05
v 0.41030675172805786 0.21859432756900787 -0.07078155130147934
v 0.41030675172805786 0.21859432756900787 0.0709264725446701
v 0.41118133068084717 0.014988597482442856 -0.31339895725250244
v 0.41118133068084717 0.014988597482442856 0.3135438859462738
v 0.4116455316543579 -0.4850834906101227 7.245926826726645e-05
v 0.4116455316543579 -0.4850834906101227 7.245926826726645e-05
v 0.4158687889575958 0.21859432756900787 7.245926826726645e-05
v 0.4158687889575958 0.21859432756900787 7.245926826726645e-05
v 0.4163593649864197 0.21043971180915833 -0.0717877447605133
v 0.4163593649864197 0.21043971180915833 0.07193266600370407
v 0.4164981245994568 -0.478848397731781 -0.07181082665920258
v 0.4164981245994568 -0.478848397731781 0.07195574790239334
v 0.41789722442626953 0.10693954676389694 -0.2256505787372589
v 0.41789722442626953 0.10693954676389694 0.22579549252986908
v 0.4201374053955078 -0.4468963146209717 0.1465638279914856
v 0.4201374053955078 -0.4468963146209717 -0.14641891419887543
v 0.4207583963871002 -0.37305155396461487 -0.3204275071620941
v 0.4207583963871002 -0.37305155396461487 0.32057246565818787
v 0.42107582092285156 -0.4723470211029053 0.07271667569875717
v 0.42107582092285156 -0.4723470211029053 -0.072571761906147
v 0.42200034856796265 0.21043971180915833 7.245926826726645e-05
v 0.42200034856796265 0.21043971180915833 7.245926826726645e-05
v 0.4221053719520569 -0.4657125473022461 -0.072742760181427
v 0.4221053719520569 -0.4657125473022461 0.07288768142461777
v 0.4221053719520569 -0.4657125473022461 0.07288768142461777
v 0.4221053719520569 -0.4657125473022461 -0.072742760181427
v 0.4221053719520569 0.19995562732219696 -0.072742760181427
v 0.4221053719520569 0.19995562732219696 0.07288768142461777
v 0.4221409261226654 -0.478848397731781 7.245926826726645e-05
v 0.4221409261226654 -0.478848397731781 7.245926826726645e-05
v 0.42526865005493164 -0.4163643419742584 -0.22948572039604187
v 0.42526865005493164 -0.4163643419742584 0.22963063418865204
v 0.4254869818687439 -0.03025461733341217 -0.3238978385925293
v 0.4254869818687439 -0.03025461733341217 0.32404279708862305
v 0.42619410157203674 -0.4577023386955261 0.07356725633144379
v 0.42619410157203674 -0.4577023386955261 -0.07342233508825302
v 0.4265298545360565 0.15338100492954254 -0.14856621623039246
v 0.4265298545360565 0.15338100492954254 0.14871113002300262
v 0.4267783463001251 -0.4723470211029053 7.245926826726645e-05
v 0.4267783463001251 -0.4723470211029053 7.245926826726645e-05
v 0.42782124876976013 -0.4657125473022461 7.245926826726645e-05
v 0.42782124876976013 -0.4657125473022461 7.245926826726645e-05
v 0.42782124876976013 0.19995562732219696 7.245926826726645e-05
v 0.42782124876976013 0.19995562732219696 7.245926826726645e-05
v 0.4319632351398468 -0.4577023386955261 7.245926826726645e-05
v 0.4319632351398468 -0.4577023386955261 7.245926826726645e-05
v 0.4358725845813751 -0.4331613779067993 -0.1517046093940735
v 0.4358725845813751 -0.4331613779067993 0.15184952318668365
v 0.43639153242111206 0.06076439842581749 -0.2352726012468338
v 0.43639153242111206 0.06076439842581749 0.23541751503944397
v 0.43703940510749817 -0.34626948833465576 -0.3323761224746704
v 0.43703940510749817 -0.34626948833465576 0.33252108097076416
v 0.4372915029525757 -0.4468963146209717 0.07541189342737198
v 0.4372915029525757 -0.4468963146209717 -0.07526697218418121
v 0.43799707293510437 -0.07483220845460892 -0.3330787718296051
v 0.43799707293510437 -0.07483220845460892 0.33322373032569885
v 0.4432055950164795 -0.4468963146209717 7.245926826726645e-05
v 0.4432055950164795 -0.4468963146209717 7.245926826726645e-05
v 0.44393542408943176 0.15338100492954254 -0.07637139409780502
v 0.44393542408943176 0.15338100492954254 0.07651630789041519
v 0.4447499215602875 -0.39637210965156555 -0.2396213263273239
v 0.4447499215602875 -0.39637210965156555 0.23976625502109528
v 0.4471120536327362 0.10693954676389694 -0.1554802805185318
v 0.4471120536327362 0.10693954676389694 0.15562519431114197
v 0.44835221767425537 -0.11861097812652588 -0.340678334236145
v 0.44835221767425537 -0.11861097812652588 0.3408232629299164
v 0.4499362111091614 0.15338100492954254 7.245926826726645e-05
v 0.4499362111091614 0.15338100492954254 7.245926826726645e-05
v 0.4504471719264984 -0.3158928453922272 -0.3422158360481262
v 0.4504471719264984 -0.3158928453922272 0.34236079454421997
v 0.4536459445953369 -0.4331613779067993 0.07813048362731934
v 0.4536459445953369 -0.4331613779067993 -0.07798556238412857
v 0.4537009596824646 0.014988597482442856 -0.24427834153175354
v 0.4537009596824646 0.014988597482442856 0.2444232553243637
v 0.45497992634773254 -0.4163643419742584 -0.15812313556671143
v 0.45497992634773254 -0.4163643419742584 0.1582680493593216
v 0.4561935067176819 -0.16145780682563782 -0.34643295407295227
v 0.4561935067176819 -0.16145780682563782 0.346577912569046
v 0.4595454931259155 -0.2817884385585785 -0.3488929569721222
v 0.4595454931259155 -0.2817884385585785 0.34903791546821594
v 0.45977333188056946 -0.4331613779067993 7.245926826726645e-05
v 0.45977333188056946 -0.4331613779067993 7.245926826726645e-05
v 0.4611617624759674 -0.2032395750284195 -0.3500790297985077
v 0.4611617624759674 -0.2032395750284195 0.35022398829460144
v 0.46289753913879395 -0.24382317066192627 -0.3513529598712921
v 0.46289753913879395 -0.24382317066192627 -0.3513529598712921
v 0.46289753913879395 -0.24382317066192627 0.35149791836738586
v 0.46289753913879395 -0.24382317066192627 0.35149791836738586
v 0.4642312526702881 -0.37305155396461487 -0.24975694715976715
v 0.4642312526702881 -0.37305155396461487 0.24990186095237732
v 0.4653276801109314 0.10693954676389694 -0.0799272432923317
v 0.4653276801109314 0.10693954676389694 0.08007216453552246
v 0.4668516218662262 0.06076439842581749 -0.16211092472076416
v 0.4668516218662262 0.06076439842581749 0.16225583851337433
v 0.4694308638572693 -0.03025461733341217 -0.2524622082710266
v 0.4694308638572693 -0.03025461733341217 0.252607136964798
v 0.47160741686820984 0.10693954676389694 7.245926826726645e-05
v 0.47160741686820984 0.10693954676389694 7.245926826726645e-05
v 0.4735047221183777 -0.4163643419742584 -0.08128639310598373
v 0.4735047221183777 -0.4163643419742584 0.0814313068985939
v 0.47577303647994995 -0.39637210965156555 -0.16510790586471558
v 0.47577303647994995 -0.39637210965156555 0.16525283455848694
v 0.4798913300037384 -0.4163643419742584 7.245926826726645e-05
v 0.4798913300037384 -0.4163643419742584 7.245926826726645e-05
v 0.4821329712867737 -0.34626948833465576 -0.25907066464424133
v 0.4821329712867737 -0.34626948833465576 0.2592155933380127
v 0.4831862151622772 -0.07483220845460892 -0.2596185803413391
v 0.4831862151622772 -0.07483220845460892 0.2597635090351105
v 0.48532673716545105 0.014988597482442856 -0.1683170348405838
v 0.48532673716545105 0.014988597482442856 0.16846194863319397
v 0.48584356904029846 0.06076439842581749 -0.08333723992109299
v 0.48584356904029846 0.06076439842581749 0.08348215371370316
v 0.4869917631149292 -0.3325788974761963 7.245926826726645e-05
v 0.4869917631149292 -0.3325788974761963 7.245926826726645e-05
v 0.4869917631149292 -0.32574471831321716 0.05279337987303734
v 0.4869917631149292 -0.32574471831321716 -0.05264845862984657
v 0.4869917631149292 -0.3071947395801544 -0.0936536192893982
v 0.4869917631149292 -0.3071947395801544 0.09379853308200836
v 0.4869917631149292 -0.2798579931259155 0.12308793514966965
v 0.4869917631149292 -0.2798579931259155 -0.12294301390647888
v 0.4869917631149292 -0.24666334688663483 -0.14051665365695953
v 0.4869917631149292 -0.24666334688663483 0.1406615674495697
v 0.4869917631149292 -0.21053974330425262 -0.14637453854084015
v 0.4869917631149292 -0.21053974330425262 0.14651945233345032
v 0.4869917631149292 -0.17441615462303162 -0.14051665365695953
v 0.4869917631149292 -0.17441615462303162 0.1406615674495697
v 0.4869917631149292 -0.1412215232849121 0.12308793514966965
v 0.4869917631149292 -0.1412215232849121 -0.12294301390647888
v 0.4869917631149292 -0.11388473212718964 -0.0936536192893982
v 0.4869917631149292 -0.11388473212718964 0.09379853308200836
v 0.4869917631149292 -0.09533476829528809 0.05279337987303734
v 0.4869917631149292 -0.09533476829528809 -0.05264845862984657
v 0.4869917631149292 -0.08850060403347015 7.245926826726645e-05
v 0.4869917631149292 -0.08850060403347015 7.245926826726645e-05
v 0.49239104986190796 0.06076439842581749 7.245926826726645e-05
v 0.49239104986190796 0.06076439842581749 7.245926826726645e-05
v 0.49457213282585144 -0.11861097812652588 -0.2655424475669861
v 0.49457213282585144 -0.11861097812652588 0.26568737626075745
v 0.49511590600013733 -0.39637210965156555 -0.08487863093614578
v 0.49511590600013733 -0.39637210965156555 0.08502355217933655
v 0.49656611680984497 -0.37305155396461487 -0.17209270596504211
v 0.49656611680984497 -0.37305155396461487 0.17223761975765228
v 0.4968755841255188 -0.3158928453922272 -0.26674094796180725
v 0.4968755841255188 -0.3158928453922272 0.2668858468532562
v 0.5017843842506409 -0.39637210965156555 7.245926826726645e-05
v 0.5017843842506409 -0.39637210965156555 7.245926826726645e-05
v 0.5021157264709473 -0.03025461733341217 -0.17395687103271484
v 0.5021157264709473 -0.03025461733341217 0.174101784825325
v 0.5031938552856445 -0.16145780682563782 -0.27002817392349243
v 0.5031938552856445 -0.16145780682563782 0.2701730728149414
v 0.5050452947616577 0.014988597482442856 -0.0865291953086853
v 0.5050452947616577 0.014988597482442856 0.08667410910129547
v 0.5068795680999756 -0.2817884385585785 -0.27194589376449585
v 0.5068795680999756 -0.2817884385585785 0.2720907926559448
v 0.5086567401885986 -0.2032395750284195 -0.27287042140960693
v 0.5086567401885986 -0.2032395750284195 0.2730153501033783
v 0.5105652809143066 -0.24382317066192627 -0.273863285779953
v 0.5105652809143066 -0.24382317066192627 -0.273863285779953
v 0.5105652809143066 -0.24382317066192627 0.27400821447372437
v 0.5105652809143066 -0.24382317066192627 0.27400821447372437
v 0.5118433833122253 0.014988597482442856 7.245926826726645e-05
v 0.5118433833122253 0.014988597482442856 7.245926826726645e-05
v 0.5156734585762024 -0.34626948833465576 -0.17851121723651886
v 0.5156734585762024 -0.34626948833465576 0.17865613102912903
v 0.5167270302772522 -0.37305155396461487 -0.08847087621688843
v 0.5167270302772522 -0.37305155396461487 0.0886157974600792
v 0.5167974233627319 -0.07483220845460892 -0.1788887232542038
v 0.5167974233627319 -0.07483220845460892 0.17903363704681396
v 0.522494912147522 -0.03025461733341217 -0.08942972868680954
v 0.522494912147522 -0.03025461733341217 0.08957435190677643
v 0.5236774682998657 -0.37305155396461487 7.245926826726645e-05
v 0.5236774682998657 -0.37305155396461487 7.245926826726645e-05
v 0.5289501547813416 -0.11861097812652588 -0.18297089636325836
v 0.5289501547813416 -0.11861097812652588 0.18311581015586853
v 0.5295205116271973 -0.03025461733341217 7.245926826726645e-05
v 0.5295205116271973 -0.03025461733341217 7.245926826726645e-05
v 0.5314086675643921 -0.3158928453922272 -0.18379691243171692
v 0.5314086675643921 -0.3158928453922272 0.18394184112548828
v 0.536585807800293 -0.34626948833465576 -0.091771699488163
v 0.536585807800293 -0.34626948833465576 0.09191661328077316
v 0.5377541780471802 -0.07483220845460892 -0.09196607768535614
v 0.5377541780471802 -0.07483220845460892 0.09211099147796631
v 0.5381526350975037 -0.16145780682563782 -0.1860622614622116
v 0.5381526350975037 -0.16145780682563782 0.18620717525482178
v 0.5420863032341003 -0.2817884385585785 -0.1873835325241089
v 0.5420863032341003 -0.2817884385585785 0.18752844631671906
v 0.5437954068183899 -0.34626948833465576 7.245926826726645e-05
v 0.5437954068183899 -0.34626948833465576 7.245926826726645e-05
v 0.5439830422401428 -0.2032395750284195 -0.18802079558372498
v 0.5439830422401428 -0.2032395750284195 0.18816572427749634
v 0.5449788570404053 -0.07483220845460892 7.245926826726645e-05
v 0.5449788570404053 -0.07483220845460892 7.245926826726645e-05
v 0.5460202693939209 -0.24382317066192627 -0.18870511651039124
v 0.5460202693939209 -0.24382317066192627 -0.18870511651039124
v 0.5460202693939209 -0.24382317066192627 0.1888500303030014
v 0.5460202693939209 -0.24382317066192627 0.1888500303030014
v 0.5503847002983093 -0.11861097812652588 -0.09406544268131256
v 0.5503847002983093 -0.11861097812652588 0.09421036392450333
v 0.5529401898384094 -0.3158928453922272 -0.09449028968811035
v 0.5529401898384094 -0.3158928453922272 0.09463520348072052
v 0.5567833185195923 -0.08282021433115005 7.245926826726645e-05
v 0.5567833185195923 -0.08282021433115005 7.245926826726645e-05
v 0.5577744245529175 -0.11861097812652588 7.245926826726645e-05
v 0.5577744245529175 -0.11861097812652588 7.245926826726645e-05
v 0.5578170418739319 -0.08902692049741745 -0.05173131451010704
v 0.5578170418739319 -0.08902692049741745 0.05187623202800751
v 0.5599493384361267 -0.16145780682563782 -0.09565535187721252
v 0.5599493384361267 -0.16145780682563782 0.09580026566982269
v 0.5603631734848022 -0.3158928453922272 7.245926826726645e-05
v 0.5603631734848022 -0.3158928453922272 7.245926826726645e-05
v 0.5606232285499573 -0.10587362945079803 -0.09202346950769424
v 0.5606232285499573 -0.10587362945079803 0.09216838330030441
v 0.5640376806259155 -0.2817884385585785 -0.09633492678403854
v 0.5640376806259155 -0.2817884385585785 0.09647984802722931
v 0.5647586584091187 -0.13070040941238403 -0.12080340832471848
v 0.5647586584091187 -0.13070040941238403 0.12094832956790924
v 0.5660089254379272 -0.2032395750284195 -0.09666243940591812
v 0.5660089254379272 -0.2032395750284195 0.09680736064910889
v 0.5674636363983154 -0.16145780682563782 7.245926826726645e-05
v 0.5674636363983154 -0.16145780682563782 7.245926826726645e-05
v 0.568126380443573 -0.24382317066192627 -0.09701449424028397
v 0.568126380443573 -0.24382317066192627 0.09715941548347473
v 0.568126380443573 -0.24382317066192627 0.09715941548347473
v 0.569780170917511 -0.16084717214107513 -0.13807113468647003
v 0.569780170917511 -0.16084717214107513 0.1382160484790802
v 0.5716055631637573 -0.2817884385585785 7.245926826726645e-05
v 0.5716055631637573 -0.2817884385585785 7.245926826726645e-05
v 0.5736026167869568 -0.2032395750284195 7.245926826726645e-05
v 0.5736026167869568 -0.2032395750284195 7.245926826726645e-05
v 0.5752445459365845 -0.19365398585796356 -0.14382724463939667
v 0.5752445459365845 -0.19365398585796356 0.14397215843200684
v 0.5757474899291992 -0.24382317066192627 7.245926826726645e-05
v 0.5757474899291992 -0.24382317066192627 7.245926826726645e-05
v 0.580708920955658 -0.2264607697725296 -0.13807113468647003
v 0.580708920955658 -0.2264607697725296 0.1382160484790802
v 0.5857304334640503 -0.2566075325012207 -0.12080340832471848
v 0.5857304334640503 -0.2566075325012207 0.12094832956790924
v 0.5898658633232117 -0.2814342975616455 0.09216838330030441
v 0.5898658633232117 -0.2814342975616455 -0.09202346950769424
v 0.5926719903945923 -0.2982810139656067 0.05187623202800751
v 0.5926719903945923 -0.2982810139656067 -0.05173131451010704
v 0.5937057137489319 -0.3044877350330353 7.245926826726645e-05
v 0.5937057137489319 -0.3044877350330353 7.245926826726645e-05
v 0.6086463332176208 -0.06702171266078949 7.245926826726645e-05
v 0.6086463332176208 -0.06702171266078949 7.245926826726645e-05
v 0.6103559732437134 -0.07248905301094055 -0.049242306500673294
v 0.6103559732437134 -0.07248905301094055 0.04938722401857376
v 0.6149970889091492 -0.08732903003692627 -0.08759839832782745
v 0.6149970889091492 -0.08732903003692627 0.08774331957101822
v 0.6218360066413879 -0.10919845104217529 -0.11499552428722382
v 0.6218360066413879 -0.10919845104217529 0.11514044553041458
v 0.6301408410072327 -0.13575415313243866 -0.13143368065357208
v 0.6301408410072327 -0.13575415313243866 0.13157859444618225
v 0.6391782760620117 -0.164653018116951 -0.13691316545009613
v 0.6391782760620117 -0.164653018116951 0.1370580941438675
v 0.6459532976150513 -0.04296889901161194 7.245926826726645e-05
v 0.6459532976150513 -0.04296889901161194 7.245926826726645e-05
v 0.6480706930160522 -0.04762234911322594 -0.04557432979345322
v 0.6480706930160522 -0.04762234911322594 0.045719247311353683
v 0.648215651512146 -0.1935519129037857 -0.13143368065357208
v 0.648215651512146 -0.1935519129037857 0.13157859444618225
v 0.6538176536560059 -0.06025318428874016 -0.0810772255063057
v 0.6538176536560059 -0.06025318428874016 0.08122213929891586
v 0.6565205454826355 -0.22010762989521027 -0.11499552428722382
v 0.6565205454826355 -0.22010762989521027 0.11514044553041458
v 0.6622872948646545 -0.07886705547571182 -0.10643651336431503
v 0.6622872948646545 -0.07886705547571182 0.1065814271569252
v 0.6633594632148743 -0.2419770509004593 -0.08759839832782745
v 0.6633594632148743 -0.2419770509004593 0.08774331957101822
v 0.6680005192756653 -0.2568170130252838 -0.049242306500673294
v 0.6680005192756653 -0.2568170130252838 0.04938722401857376
v 0.6697102785110474 -0.26228436827659607 7.245926826726645e-05
v 0.6697102785110474 -0.26228436827659607 7.245926826726645e-05
v 0.6720770597457886 -0.012525666505098343 7.245926826726645e-05
v 0.6720770597457886 -0.012525666505098343 7.245926826726645e-05
v 0.6725714206695557 -0.10146959871053696 -0.12165220826864243
v 0.6725714206695557 -0.10146959871053696 0.12179712951183319
v 0.6744231581687927 -0.01632794924080372 -0.041120272129774094
v 0.6744231581687927 -0.01632794924080372 0.04126518964767456
v 0.6807907819747925 -0.026648497208952904 -0.07315873354673386
v 0.6807907819747925 -0.026648497208952904 0.07330364733934402
v 0.6837632060050964 -0.12606646120548248 -0.1267240047454834
v 0.6837632060050964 -0.12606646120548248 0.12686891853809357
v 0.6901746392250061 -0.04185766354203224 -0.09604351222515106
v 0.6901746392250061 -0.04185766354203224 0.09618843346834183
v 0.6903903484344482 0.02244408428668976 7.245926826726645e-05
v 0.6903903484344482 0.02244408428668976 7.245926826726645e-05
v 0.6928755044937134 0.019492967054247856 0.03641793876886368
v 0.6928755044937134 0.019492967054247856 -0.03627302125096321
v 0.694955050945282 -0.150663360953331 -0.12165220826864243
v 0.694955050945282 -0.150663360953331 0.12179712951183319
v 0.6996209621429443 0.01148274540901184 -0.06454172730445862
v 0.6996209621429443 0.01148274540901184 0.06468664854764938
v 0.7015694379806519 -0.0603259801864624 -0.1097746193408966
v 0.7015694379806519 -0.0603259801864624 0.10991954058408737
v 0.704265832901001 0.0600765235722065 7.245926826726645e-05
v 0.704265832901001 0.0600765235722065 7.245926826726645e-05
v 0.7052391767501831 -0.17326587438583374 -0.10643651336431503
v 0.7052391767501831 -0.17326587438583374 0.1065814271569252
v 0.7068900465965271 0.05793929845094681 0.031570691615343094
v 0.7068900465965271 0.05793929845094681 -0.03142577409744263
v 0.7095615863800049 -0.0003217533230781555 -0.08473366498947144
v 0.7095615863800049 -0.0003217533230781555 0.0848785787820816
v 0.7137088179588318 -0.1918797343969345 -0.0810772255063057
v 0.7137088179588318 -0.1918797343969345 0.08122213929891586
v 0.7139698266983032 -0.08042383193969727 -0.11435145884752274
v 0.7139698266983032 -0.08042383193969727 0.1144963726401329
v 0.7140132784843445 0.05213821679353714 0.056069646030664444
v 0.7140132784843445 0.05213821679353714 -0.05592472851276398
v 0.7170762419700623 0.09850779175758362 7.245926826726645e-05
v 0.7170762419700623 0.09850779175758362 7.245926826726645e-05
v 0.7194557785987854 -0.20451058447360992 -0.04557432979345322
v 0.7194557785987854 -0.20451058447360992 0.045719247311353683
v 0.7199291586875916 0.09710989892482758 -0.026971716433763504
v 0.7199291586875916 0.09710989892482758 0.02711663395166397
v 0.7215731739997864 -0.20916402339935303 7.245926826726645e-05
v 0.7215731739997864 -0.20916402339935303 7.245926826726645e-05
v 0.7216323614120483 -0.014655805192887783 -0.09684882313013077
v 0.7216323614120483 -0.014655805192887783 0.09699374437332153
v 0.7245107293128967 0.0435892678797245 0.07356873154640198
v 0.7245107293128967 0.0435892678797245 -0.07342381030321121
v 0.7263701558113098 -0.10052169114351273 -0.1097746193408966
v 0.7263701558113098 -0.10052169114351273 0.10991954058408737
v 0.7276731133460999 0.09331558644771576 0.048151154071092606
v 0.7276731133460999 0.09331558644771576 -0.04800623655319214
v 0.7321943044662476 0.1358739286661148 7.245926826726645e-05
v 0.7347682118415833 -0.03025461733341217 -0.10088720917701721
v 0.7347682118415833 -0.03025461733341217 0.10103213042020798
v 0.7354548573493958 0.1351035237312317 -0.02330373413860798
v 0.7354548573493958 0.1351035237312317 0.023448651656508446
v 0.7372574806213379 0.03320841118693352 -0.08392302691936493
v 0.7372574806213379 0.03320841118693352 0.0840679481625557
v 0.7377649545669556 -0.1189899668097496 -0.09604351222515106
v 0.7377649545669556 -0.1189899668097496 0.09618843346834183
v 0.7390846610069275 0.08772392570972443 -0.06303080916404724
v 0.7390846610069275 0.08772392570972443 0.063175730407238
v 0.7443047761917114 0.13301245868206024 -0.04148505628108978
v 0.7443047761917114 0.13301245868206024 0.04162997379899025
v 0.7471487522125244 -0.13419917225837708 -0.07315873354673386
v 0.7471487522125244 -0.13419917225837708 0.07330364733934402
v 0.7479040622711182 -0.04585346207022667 -0.09684882313013077
v 0.7479040622711182 -0.04585346207022667 0.09699374437332153
v 0.7511288523674011 0.021911567077040672 -0.08742296695709229
v 0.7511288523674011 0.021911567077040672 0.08756788074970245
v 0.7529421448707581 0.08093412965536118 -0.07204543799161911
v 0.7529421448707581 0.08093412965536118 0.07219035178422928
v 0.7529927492141724 0.17031115293502808 7.245926826726645e-05
v 0.7529927492141724 0.17031115293502808 7.245926826726645e-05
v 0.7535163760185242 -0.14451968669891357 -0.041120272129774094
v 0.7535163760185242 -0.14451968669891357 0.04126518964767456
v 0.7558624744415283 -0.1483219712972641 7.245926826726645e-05
v 0.7558624744415283 -0.1483219712972641 7.245926826726645e-05
v 0.756929337978363 0.1700192093849182 0.020959647372364998
v 0.756929337978363 0.1700192093849182 -0.02081472985446453
v 0.757347047328949 0.12993085384368896 -0.05447179451584816
v 0.757347047328949 0.12993085384368896 0.05461671203374863
v 0.7599748373031616 -0.06018751487135887 -0.08473366498947144
v 0.7599748373031616 -0.06018751487135887 0.0848785787820816
v 0.7650002241134644 0.010614720173180103 -0.08392302691936493
v 0.7650002241134644 0.010614720173180103 0.0840679481625557
v 0.7676140666007996 0.16922658681869507 0.037204910069704056
v 0.7676140666007996 0.16922658681869507 -0.03705999255180359
v 0.7680220007896423 0.07354523241519928 0.0751953274011612
v 0.7680220007896423 0.07354523241519928 -0.07505040615797043
v 0.7699155211448669 -0.07199201732873917 -0.06454172730445862
v 0.7699155211448669 -0.07199201732873917 0.06468664854764938
v 0.7731837630271912 0.1261889487504959 -0.062263961881399155
v 0.7731837630271912 0.1261889487504959 0.06240887939929962
v 0.7766609191894531 -0.08000223338603973 0.03641793876886368
v 0.7766609191894531 -0.08000223338603973 -0.03627302125096321
v 0.7777469754219055 0.00023386454267892987 0.07356873154640198
v 0.7777469754219055 0.00023386454267892987 -0.07342381030321121
v 0.7791460752487183 -0.08295334875583649 7.245926826726645e-05
v 0.7791460752487183 -0.08295334875583649 7.245926826726645e-05
v 0.7828442454338074 0.19995562732219696 7.245926826726645e-05
v 0.7828442454338074 0.19995562732219696 7.245926826726645e-05
v 0.7828442454338074 0.19995562732219696 7.245926826726645e-05
v 0.7831019163131714 0.0661562979221344 -0.07204543799161911
v 0.7831019163131714 0.0661562979221344 0.07219035178422928
v 0.7833598852157593 0.1680585741996765 0.048808831721544266
v 0.7833598852157593 0.1680585741996765 -0.0486639142036438
v 0.7878145575523376 0.19995562732219696 0.020042503252625465
v 0.7878145575523376 0.19995562732219696 -0.019897585734725
v 0.7878145575523376 0.19995562732219696 -0.019897585734725
v 0.7878145575523376 0.19995562732219696 0.020042503252625465
v 0.7882444262504578 -0.00831508170813322 0.056069646030664444
v 0.7882444262504578 -0.00831508170813322 -0.05592472851276398
v 0.7904180884361267 0.12211679667234421 -0.0648612454533577
v 0.7904180884361267 0.12211679667234421 0.06500616669654846
v 0.7916606664657593 0.20594659447669983 7.245926826726645e-05
v 0.7953677177429199 -0.014116164296865463 0.031570691615343094
v 0.7953677177429199 -0.014116164296865463 -0.03142577409744263
v 0.796869695186615 0.20599280297756195 -0.019673921167850494
v 0.796869695186615 0.20599280297756195 0.01981883868575096
v 0.796959400177002 0.05936650186777115 -0.06303080916404724
v 0.796959400177002 0.05936650186777115 0.063175730407238
v 0.7979918718338013 -0.016253426671028137 7.245926826726645e-05
v 0.7979918718338013 -0.016253426671028137 7.245926826726645e-05
v 0.8001220226287842 0.21060632169246674 7.245926826726645e-05
v 0.8013054132461548 0.19995562732219696 0.03557476028800011
v 0.8013054132461548 0.19995562732219696 -0.03542984277009964
v 0.8013054132461548 0.19995562732219696 -0.03542984277009964
v 0.8013054132461548 0.19995562732219696 0.03557476028800011
v 0.8024799823760986 0.16664022207260132 0.05577142536640167
v 0.8024799823760986 0.16664022207260132 -0.055626507848501205
v 0.8054370284080505 0.21069562435150146 -0.019066831097006798
v 0.8054370284080505 0.21069562435150146 0.019211748614907265
v 0.8076524138450623 0.11804470419883728 -0.062263961881399155
v 0.8076524138450623 0.11804470419883728 0.06240887939929962
v 0.8078733682632446 0.21393460035324097 7.245926826726645e-05
v 0.8078733682632446 0.21393460035324097 7.245926826726645e-05
v 0.8083710074424744 0.0537748783826828 0.048151154071092606
v 0.8083710074424744 0.0537748783826828 -0.04800623655319214
v 0.8110088109970093 0.2061179280281067 -0.03503221645951271
v 0.8110088109970093 0.2061179280281067 0.03517713397741318
v 0.8124294877052307 0.19995562732219696 7.245926826726645e-05
v 0.8131774067878723 0.21406185626983643 -0.01817217469215393
v 0.8131774067878723 0.21406185626983643 0.018317092210054398
v 0.8145596385002136 0.21593163907527924 7.245926826726645e-05
v 0.8157430291175842 0.19995562732219696 -0.01190956775099039
v 0.8157430291175842 0.19995562732219696 0.012054485268890858
v 0.8161149621009827 0.049980565905570984 0.02711663395166397
v 0.8161149621009827 0.049980565905570984 -0.026971716433763504
v 0.8189678192138672 0.04858266934752464 7.245926826726645e-05
v 0.8189678192138672 0.04858266934752464 7.245926826726645e-05
v 0.8195891380310059 0.20594659447669983 7.245926826726645e-05
v 0.8195891380310059 0.20594659447669983 7.245926826726645e-05
v 0.8197518587112427 0.2160881608724594 -0.017085803672671318
v 0.8197518587112427 0.2160881608724594 0.017230721190571785
v 0.8198258280754089 0.2165972888469696 7.245926826726645e-05
v 0.8198258280754089 0.2165972888469696 7.245926826726645e-05
v 0.8198630809783936 0.21093855798244476 -0.03395294398069382
v 0.8198630809783936 0.21093855798244476 0.03409786522388458
v 0.8211867809295654 0.19995562732219696 0.04666922986507416
v 0.8211867809295654 0.19995562732219696 -0.04652431234717369
v 0.8211867809295654 0.19995562732219696 -0.04652431234717369
v 0.8211867809295654 0.19995562732219696 0.04666922986507416
v 0.8232790231704712 0.20602624118328094 -0.012133232317864895
v 0.8232790231704712 0.20602624118328094 0.012278149835765362
v 0.823287308216095 0.16509680449962616 0.05809209495782852
v 0.823287308216095 0.16509680449962616 -0.057947173714637756
v 0.8233169317245483 0.21593163907527924 7.245926826726645e-05
v 0.8233169317245483 0.21593163907527924 7.245926826726645e-05
v 0.8234890699386597 0.11430273205041885 -0.05447179451584816
v 0.8234890699386597 0.11430273205041885 0.05461671203374863
v 0.8235535621643066 0.21060632169246674 7.245926826726645e-05
v 0.8235535621643066 0.21060632169246674 7.245926826726645e-05
v 0.8246777653694153 0.21393460035324097 7.245926826726645e-05
v 0.8246777653694153 0.21393460035324097 7.245926826726645e-05
v 0.8247369527816772 0.19995562732219696 -0.02122892066836357
v 0.8247369527816772 0.19995562732219696 0.021373838186264038
v 0.8248218894004822 0.2167721539735794 -0.015903577208518982
v 0.8248218894004822 0.2167721539735794 0.01604849472641945
v 0.8275738954544067 0.21440713107585907 -0.0323624424636364
v 0.8275738954544067 0.21440713107585907 0.032507359981536865
v 0.8276159167289734 0.21074062585830688 -0.012740322388708591
v 0.8276159167289734 0.21074062585830688 0.012885239906609058
v 0.8280487060546875 0.21611066162586212 -0.014721350744366646
v 0.8280487060546875 0.21611066162586212 0.014866268262267113
v 0.829092800617218 0.2141009271144867 -0.013634979724884033
v 0.829092800617218 0.2141009271144867 0.013779898174107075
v 0.8318451642990112 0.20630252361297607 -0.046002428978681564
v 0.8318451642990112 0.20630252361297607 0.04614734649658203
v 0.8332942128181458 0.20624250173568726 -0.0216265469789505
v 0.8332942128181458 0.20624250173568726 0.021771464496850967
v 0.8338453769683838 0.21651329100131989 -0.030431119725108147
v 0.8338453769683838 0.21651329100131989 0.030576037243008614
v 0.836531400680542 0.11122112721204758 -0.04148505628108978
v 0.836531400680542 0.11122112721204758 0.04162997379899025
v 0.8379911780357361 0.19995562732219696 -0.02788560278713703
v 0.8379911780357361 0.19995562732219696 0.0280305203050375
v 0.8383831977844238 0.21724644303321838 -0.028329381719231606
v 0.8383831977844238 0.21724644303321838 0.028474299237132072
v 0.8386426568031311 0.21110481023788452 -0.022705817595124245
v 0.8386426568031311 0.21110481023788452 0.02285073511302471
v 0.84089195728302 0.2165960967540741 0.02637256309390068
v 0.84089195728302 0.2165960967540741 -0.026227645576000214
v 0.8410765528678894 0.2145523577928543 -0.024296320974826813
v 0.8410765528678894 0.2145523577928543 0.02444123849272728
v 0.8411230444908142 0.21129652857780457 -0.04458588734269142
v 0.8411230444908142 0.21129652857780457 0.04473080486059189
v 0.8440946340560913 0.16355331242084503 0.05577142536640167
v 0.8440946340560913 0.16355331242084503 -0.055626507848501205
v 0.8453283309936523 0.19995562732219696 -0.0531809963285923
v 0.8453283309936523 0.19995562732219696 -0.0531809963285923
v 0.8453283309936523 0.19995562732219696 0.05332591384649277
v 0.8453813195228577 0.10913006216287613 -0.02330373413860798
v 0.8453813195228577 0.10913006216287613 0.023448651656508446
v 0.8480536937713623 0.2065614014863968 -0.028407486155629158
v 0.8480536937713623 0.2065614014863968 0.028552403673529625
v 0.8486418724060059 0.10835966467857361 7.245926826726645e-05
v 0.8487895131111145 0.21491597592830658 -0.042498353868722916
v 0.8487895131111145 0.21491597592830658 0.04264327138662338
v 0.8540855050086975 0.19995562732219696 -0.03187961131334305
v 0.8540855050086975 0.19995562732219696 0.032024532556533813
v 0.8546148538589478 0.21713930368423462 -0.0399634875357151
v 0.8546148538589478 0.21713930368423462 0.04010840505361557
v 0.8548920154571533 0.21164146065711975 -0.02982402965426445
v 0.8548920154571533 0.21164146065711975 0.029968947172164917
v 0.8571463823318481 0.2065264880657196 -0.05258455500006676
v 0.8571463823318481 0.2065264880657196 0.052729472517967224
v 0.8583680391311646 0.2179451733827591 -0.037204958498477936
v 0.8583680391311646 0.2179451733827591 0.0373498760163784
v 0.8587372303009033 0.21521802246570587 -0.031911563128232956
v 0.8587372303009033 0.21521802246570587 0.03205648064613342
v 0.8598188757896423 0.21731211245059967 -0.03444642946124077
v 0.8598188757896423 0.21731211245059967 0.034591346979141235
v 0.8632146716117859 0.1621350347995758 0.048808831721544266
v 0.8632146716117859 0.1621350347995758 -0.0486639142036438
v 0.8659758567810059 0.20694835484027863 0.03262097015976906
v 0.8659758567810059 0.20694835484027863 -0.03247605264186859
v 0.8669382333755493 0.21173110604286194 -0.050965648144483566
v 0.8669382333755493 0.21173110604286194 0.05111056566238403
v 0.8716000318527222 0.19995562732219696 -0.05539988726377487
v 0.8716000318527222 0.19995562732219696 -0.05539988726377487
v 0.8716000318527222 0.19995562732219696 -0.03321094810962677
v 0.8716000318527222 0.19995562732219696 0.03335586562752724
v 0.8716000318527222 0.19995562732219696 0.05554480478167534
v 0.8745517730712891 0.21553374826908112 -0.04857989400625229
v 0.8745517730712891 0.21553374826908112 0.048724811524152756
v 0.8746238946914673 0.21229320764541626 -0.034094955772161484
v 0.8746238946914673 0.21229320764541626 0.03423987329006195
v 0.8789604902267456 0.16096694767475128 0.037204910069704056
v 0.8789604902267456 0.16096694767475128 -0.03705999255180359
v 0.879834771156311 0.21789996325969696 -0.04568290337920189
v 0.879834771156311 0.21789996325969696 0.045827820897102356
v 0.8801817893981934 0.21602602303028107 -0.03648070991039276
v 0.8801817893981934 0.21602602303028107 0.03662562742829323
v 0.8826353549957275 0.21879401803016663 -0.042530301958322525
v 0.8826353549957275 0.21879401803016663 0.04267521947622299
v 0.8828015923500061 0.21818098425865173 0.03952261433005333
v 0.8828015923500061 0.21818098425865173 -0.03937769681215286
v 0.8846802711486816 0.20677025616168976 -0.05477859452366829
v 0.8846802711486816 0.20677025616168976 0.054923512041568756
v 0.8854790329933167 0.20736940205097198 0.03397715836763382
v 0.8854790329933167 0.20736940205097198 -0.03383224084973335
v 0.889114499092102 0.19995562732219696 -0.03187961131334305
v 0.889114499092102 0.19995562732219696 0.032024532556533813
v 0.8896452188491821 0.1601743996143341 0.020959647372364998
v 0.8896452188491821 0.1601743996143341 -0.02081472985446453
v 0.8935818672180176 0.15988236665725708 7.245926826726645e-05
v 0.8935818672180176 0.15988236665725708 7.245926826726645e-05
v 0.8950315117835999 0.21220391988754272 -0.05309223756194115
v 0.8950315117835999 0.21220391988754272 0.053237155079841614
v 0.8960965871810913 0.21300266683101654 -0.035518597811460495
v 0.8960965871810913 0.21300266683101654 0.03566351532936096
v 0.8978716731071472 0.19995562732219696 -0.0531809963285923
v 0.8978716731071472 0.19995562732219696 -0.0531809963285923
v 0.8978716731071472 0.19995562732219696 0.05332591384649277
v 0.9025866985321045 0.2162061631679535 -0.05060707405209541
v 0.9025869965553284 0.2162061631679535 0.05075199156999588
v 0.9035186767578125 0.21690525114536285 -0.03800376132130623
v 0.9035186767578125 0.21690525114536285 0.038148678839206696
v 0.9049825072288513 0.20779064297676086 0.03262097015976906
v 0.9049825072288513 0.20779064297676086 -0.03247605264186859
v 0.9052088260650635 0.19995562732219696 -0.02788560278713703
v 0.9052088260650635 0.19995562732219696 0.0280305203050375
v 0.9072797894477844 0.21872743964195251 0.047734297811985016
v 0.9072797894477844 0.21872743964195251 -0.04758938029408455
v 0.9078123569488525 0.21912680566310883 0.04116637259721756
v 0.9078123569488525 0.21912680566310883 -0.04102145507931709
v 0.9090437293052673 0.21971769630908966 -0.04430541768670082
v 0.9090437293052673 0.21971769630908966 0.044450338929891586
v 0.9122143387794495 0.2070143073797226 -0.05258455500006676
v 0.9122143387794495 0.2070143073797226 0.052729472517967224
v 0.9175692796707153 0.21371212601661682 -0.034094955772161484
v 0.9175692796707153 0.21371212601661682 0.03423987329006195
v 0.9184630513191223 0.19995562732219696 -0.02122892066836357
v 0.9184630513191223 0.19995562732219696 0.021373838186264038
v 0.9220132231712341 0.19995562732219696 -0.04652431234717369
v 0.9220132231712341 0.19995562732219696 0.04666922986507416
v 0.9220132231712341 0.19995562732219696 -0.04652431234717369
v 0.9229046702384949 0.20817767083644867 -0.028407486155629158
v 0.9229046702384949 0.20817767083644867 0.028552403673529625
v 0.9231247901916504 0.21267664432525635 -0.050965648144483566
v 0.9231247901916504 0.21267664432525635 0.05111056566238403
v 0.9268558025360107 0.2177845686674118 -0.03648070991039276
v 0.9268558025360107 0.2177845686674118 0.03662562742829323
v 0.9274569749832153 0.19995562732219696 -0.01190956775099039
v 0.9274569749832153 0.19995562732219696 0.012054485268890858
v 0.9306219816207886 0.21687866747379303 -0.04857989400625229
v 0.9306219816207886 0.21687866747379303 0.048724811524152756
v 0.9307705163955688 0.19995562732219696 7.245926826726645e-05
v 0.932823121547699 0.22007271647453308 0.03952261433005333
v 0.932823121547699 0.22007271647453308 -0.03937769681215286
v 0.9347248673439026 0.21955497562885284 -0.04568290337920189
v 0.9347248673439026 0.21955497562885284 0.045827820897102356
v 0.935452401638031 0.22064130008220673 -0.042530301958322525
v 0.935452401638031 0.22064130008220673 0.04267521947622299
v 0.9373011589050293 0.21436388790607452 -0.02982402965426445
v 0.9373011589050293 0.21436388790607452 0.029968947172164917
v 0.9375156760215759 0.2072383314371109 -0.046002428978681564
v 0.9375156760215759 0.2072383314371109 0.04614734649658203
v 0.9376641511917114 0.20849628746509552 -0.0216265469789505
v 0.9376641511917114 0.20849628746509552 0.021771464496850967
v 0.9418945908546448 0.19995562732219696 -0.03542984277009964
v 0.9418945908546448 0.19995562732219696 0.03557476028800011
v 0.9418945908546448 0.19995562732219696 -0.03542984277009964
v 0.9476794004440308 0.20871256291866302 -0.012133232317864895
v 0.9476794004440308 0.20871256291866302 0.012278149835765362
v 0.9483003616333008 0.218592569231987 -0.031911563128232956
v 0.9483003616333008 0.218592569231987 0.03205648064613342
v 0.9489400386810303 0.2131112962961197 -0.04458588734269142
v 0.9489400386810303 0.2131112962961197 0.04473080486059189
v 0.9513692259788513 0.20879240334033966 7.245926826726645e-05
v 0.9513692259788513 0.20879240334033966 7.245926826726645e-05
v 0.9535505771636963 0.21490059792995453 -0.022705817595124245
v 0.9535505771636963 0.21490059792995453 0.02285073511302471
v 0.9553854465484619 0.19995562732219696 -0.019897585734725
v 0.9553854465484619 0.19995562732219696 0.020042503252625465
v 0.9553854465484619 0.19995562732219696 -0.019897585734725
v 0.9558058381080627 0.22094157338142395 -0.03444642946124077
v 0.9558058381080627 0.22094157338142395 0.034591346979141235
v 0.9563842415809631 0.21749642491340637 -0.042498353868722916
v 0.9563842415809631 0.21749642491340637 0.04264327138662338
v 0.9583519101142883 0.20742292702198029 -0.03503221645951271
v 0.9583519101142883 0.20742292702198029 0.03517713397741318
v 0.9597196578979492 0.2214897871017456 -0.037204958498477936
v 0.9597196578979492 0.22149014472961426 0.0373498760163784
v 0.9599447846412659 0.22031556069850922 -0.0399634875357151
v 0.9599447846412659 0.22031556069850922 0.04010840505361557
v 0.9603557586669922 0.19995562732219696 7.245926826726645e-05
v 0.9603557586669922 0.19995562732219696 7.245926826726645e-05
v 0.964577317237854 0.21526478230953217 -0.012740322388708591
v 0.964577317237854 0.21526478230953217 0.012885239906609058
v 0.9659609198570251 0.21925793588161469 -0.024296320974826813
v 0.9659609198570251 0.21925793588161469 0.02444123849272728
v 0.9686396718025208 0.21539908647537231 7.245926826726645e-05
v 0.9686396718025208 0.21539908647537231 7.245926826726645e-05
v 0.9701999425888062 0.2134692668914795 -0.03395294398069382
v 0.9701999425888062 0.2134692668914795 0.03409786522388458
v 0.9724910259246826 0.20754806697368622 -0.019673921167850494
v 0.9724910259246826 0.20754806697368622 0.01981883868575096
v 0.9747326970100403 0.22165760397911072 0.02637256309390068
v 0.9747326970100403 0.22165760397911072 -0.026227645576000214
v 0.9775997996330261 0.21800528466701508 -0.0323624424636364
v 0.9775997996330261 0.21800528466701508 0.032507359981536865
v 0.9777001142501831 0.20759420096874237 7.245926826726645e-05
v 0.9779447913169861 0.2197093814611435 -0.013634979724884033
v 0.9779447913169861 0.2197093814611435 0.013779898174107075
v 0.9797045588493347 0.22218894958496094 -0.028329381719231606
v 0.9797045588493347 0.22218894958496094 0.028474299237132072
v 0.9807142615318298 0.22094157338142395 -0.030431119725108147
v 0.9807142615318298 0.22094157338142395 0.030576037243008614
v 0.9823598265647888 0.21987563371658325 7.245926826726645e-05
v 0.9823598265647888 0.21987563371658325 7.245926826726645e-05
v 0.9846259951591492 0.21371212601661682 -0.019066831097006798
v 0.9846259951591492 0.21371212601661682 0.019211748614907265
v 0.9875759482383728 0.2221430391073227 -0.014721350744366646
v 0.9875759482383728 0.2221430391073227 0.014866268262267113
v 0.9899410605430603 0.21380150318145752 7.245926826726645e-05
v 0.9919962882995605 0.21835055947303772 -0.01817217469215393
v 0.9919962882995605 0.21835055947303772 0.018317092210054398
v 0.9923078417778015 0.22232206165790558 7.245926826726645e-05
v 0.9923078417778015 0.22232206165790558 7.245926826726645e-05
v 0.9932655096054077 0.22266316413879395 -0.015903577208518982
v 0.9932655096054077 0.22266316413879395 0.01604849472641945
v 0.994807779788971 0.2213667780160904 -0.017085803672671318
v 0.994807779788971 0.2213667780160904 0.017230721190571785
v 0.9973003268241882 0.21847772598266602 7.245926826726645e-05
v 0.9982618093490601 0.22283802926540375 7.245926826726645e-05
v 0.9982618093490601 0.22283802926540375 7.245926826726645e-05
v 1.0 0.2215232253074646 7.245926826726645e-05
f 2909 2921 2939
f 2939 2931 2909
f 2869 2877 2921
f 2921 2909 2869
f 2819 2827 2877
f 2877 2869 2819
f 2737 2747 2827
f 2827 2819 2737
f 2669 2673 2747
f 2747 2737 2669
f 2567 2575 2673
f 2673 2669 2567
f 2476 2480 2575
f 2575 2567 2476
f 2358 2362 2480
f 2480 2476 2358
f 2158 2162 2362
f 2362 2358 2158
f 1715 1812 2162
f 2162 2158 1715
f 2901 2909 2931
f 2931 2917 2901
f 2863 2869 2909
f 2909 2901 2863
f 2813 2819 2869
f 2869 2863 2813
f 2729 2737 2819
f 2819 2813 2729
f 2663 2669 2737
f 2737 2729 2663
f 2561 2567 2669
f 2669 2663 2561
f 2468 2476 2567
f 2567 2561 2468
f 2350 2358 2476
f 2476 2468 2350
f 2152 2158 2358
f 2358 2350 2152
f 1717 1715 2158
f 2158 2152 1717
f 2903 2901 2917
f 2917 2923 2903
f 2865 2863 2901
f 2901 2903 2865
f 2815 2813 2863
f 2863 2865 2815
f 2733 2729 2813
f 2813 2815 2733
f 2665 2663 2729
f 2729 2733 2665
f 2564 2561 2663
f 2663 2665 2564
f 2473 2468 2561
f 2561 2564 2473
f 2354 2350 2468
f 2468 2473 2354
f 2155 2152 2350
f 2350 2354 2155
f 1927 1717 2152
f 2152 2155 1927
f 2911 2903 2923
f 2923 2935 2911
f 2875 2865 2903
f 2903 2911 2875
f 2823 2815 2865
f 2865 2875 2823
f 2741 2733 2815
f 2815 2823 2741
f 2671 2665 2733
f 2733 2741 2671
f 2571 2564 2665
f 2665 2671 2571
f 2478 2473 2564
f 2564 2571 2478
f 2360 2354 2473
f 2473 2478 2360
f 2160 2155 2354
f 2354 2360 2160
f 1718 1927 2155
f 2155 2160 1718
f 2929 2911 2935
f 2935 2947 2929
f 2881 2875 2911
f 2911 2929 2881
f 2829 2823 2875
f 2875 2881 2829
f 2751 2741 2823
f 2823 2829 2751
f 2677 2671 2741
f 2741 2751 2677
f 2577 2571 2671
f 2671 2677 2577
f 2482 2478 2571
f 2571 2577 2482
f 2364 2360 2478
f 2478 2482 2364
f 2164 2160 2360
f 2360 2364 2164
f 1842 1718 2160
f 2160 2164 1842
f 2945 2929 2947
f 2947 2959 2945
f 2897 2881 2929
f 2929 2945 2897
f 2835 2829 2881
f 2881 2897 2835
f 2761 2751 2829
f 2829 2835 2761
f 2679 2677 2751
f 2751 2761 2679
f 2579 2577 2677
f 2677 2679 2579
f 2486 2482 2577
f 2577 2579 2486
f 2368 2364 2482
f 2482 2486 2368
f 2172 2164 2364
f 2364 2368 2172
f 1725 1842 2164
f 2164 2172 1725
f 2965 2945 2959
f 2959 2981 2965
f 2907 2897 2945
f 2945 2965 2907
f 2845 2835 2897
f 2897 2907 2845
f 2769 2761 2835
f 2835 2845 2769
f 2685 2679 2761
f 2761 2769 2685
f 2587 2579 2679
f 2679 2685 2587
f 2491 2486 2579
f 2579 2587 2491
f 2370 2368 2486
f 2486 2491 2370
f 2174 2172 2368
f 2368 2370 2174
f 1834 1725 2172
f 2172 2174 1834
f 2982 2965 2981
f 2981 2988 2982
f 2933 2907 2965
f 2965 2982 2933
f 2855 2845 2907
f 2907 2933 2855
f 2779 2769 2845
f 2845 2855 2779
f 2691 2685 2769
f 2769 2779 2691
f 2595 2587 2685
f 2685 2691 2595
f 2500 2491 2587
f 2587 2595 2500
f 2374 2370 2491
f 2491 2500 2374
f 2178 2174 2370
f 2370 2374 2178
f 1716 1834 2174
f 2174 2178 1716
f 2990 2982 2988
f 2988 3002 2990
f 2949 2933 2982
f 2982 2990 2949
f 2871 2855 2933
f 2933 2949 2871
f 2791 2779 2855
f 2855 2871 2791
f 2699 2691 2779
f 2779 2791 2699
f 2601 2595 2691
f 2691 2699 2601
f 2506 2500 2595
f 2595 2601 2506
f 2378 2374 2500
f 2500 2506 2378
f 2180 2178 2374
f 2374 2378 2180
f 1714 1716 2178
f 2178 2180 1714
f 3008 2990 3002
f 3002 3024 3008
f 2973 2949 2990
f 2990 3008 2973
f 2889 2871 2949
f 2949 2973 2889
f 2805 2791 2871
f 2871 2889 2805
f 2711 2699 2791
f 2791 2805 2711
f 2611 2601 2699
f 2699 2711 2611
f 2521 2506 2601
f 2601 2611 2521
f 2387 2378 2506
f 2506 2521 2387
f 2191 2180 2378
f 2378 2387 2191
f 1810 1714 2180
f 2180 2191 1810
f 1464 1460 1813
f 1813 1821 1464
f 1264 1260 1460
f 1460 1464 1264
f 1146 1142 1260
f 1260 1264 1146
f 1055 1047 1142
f 1142 1146 1055
f 953 949 1047
f 1047 1055 953
f 885 875 949
f 949 953 885
f 803 795 875
f 875 885 803
f 753 745 795
f 795 803 753
f 713 701 745
f 745 753 713
f 691 683 701
f 701 713 691
f 1470 1464 1821
f 1821 1829 1470
f 1272 1264 1464
f 1464 1470 1272
f 1154 1146 1264
f 1264 1272 1154
f 1061 1055 1146
f 1146 1154 1061
f 959 953 1055
f 1055 1061 959
f 893 885 953
f 953 959 893
f 809 803 885
f 885 893 809
f 759 753 803
f 803 809 759
f 721 713 753
f 753 759 721
f 705 691 713
f 713 721 705
f 1469 1470 1829
f 1829 1835 1469
f 1268 1272 1470
f 1470 1469 1268
f 1151 1154 1272
f 1272 1268 1151
f 1060 1061 1154
f 1154 1151 1060
f 957 959 1061
f 1061 1060 957
f 889 893 959
f 959 957 889
f 807 809 893
f 893 889 807
f 757 759 809
f 809 807 757
f 719 721 759
f 759 757 719
f 699 705 721
f 721 719 699
f 1462 1469 1835
f 1835 1839 1462
f 1262 1268 1469
f 1469 1462 1262
f 1144 1151 1268
f 1268 1262 1144
f 1051 1060 1151
f 1151 1144 1051
f 951 957 1060
f 1060 1051 951
f 881 889 957
f 957 951 881
f 799 807 889
f 889 881 799
f 747 757 807
f 807 799 747
f 711 719 757
f 757 747 711
f 687 699 719
f 719 711 687
f 1458 1462 1839
f 1839 1843 1458
f 1258 1262 1462
f 1462 1458 1258
f 1140 1144 1262
f 1262 1258 1140
f 1045 1051 1144
f 1144 1140 1045
f 945 951 1051
f 1051 1045 945
f 871 881 951
f 951 945 871
f 793 799 881
f 881 871 793
f 741 747 799
f 799 793 741
f 693 711 747
f 747 741 693
f 675 687 711
f 711 693 675
f 1450 1458 1843
f 1843 1838 1450
f 1254 1258 1458
f 1458 1450 1254
f 1136 1140 1258
f 1258 1254 1136
f 1043 1045 1140
f 1140 1136 1043
f 943 945 1045
f 1045 1043 943
f 861 871 945
f 945 943 861
f 787 793 871
f 871 861 787
f 725 741 793
f 793 787 725
f 677 693 741
f 741 725 677
f 663 675 693
f 693 677 663
f 1448 1450 1838
f 1838 1834 1448
f 1252 1254 1450
f 1450 1448 1252
f 1133 1136 1254
f 1254 1252 1133
f 1035 1043 1136
f 1136 1133 1035
f 937 943 1043
f 1043 1035 937
f 853 861 943
f 943 937 853
f 777 787 861
f 861 853 777
f 715 725 787
f 787 777 715
f 657 677 725
f 725 715 657
f 642 663 677
f 677 657 642
f 1444 1448 1834
f 1834 1828 1444
f 1248 1252 1448
f 1448 1444 1248
f 1122 1133 1252
f 1252 1248 1122
f 1027 1035 1133
f 1133 1122 1027
f 931 937 1035
f 1035 1027 931
f 843 853 937
f 937 931 843
f 767 777 853
f 853 843 767
f 689 715 777
f 777 767 689
f 640 657 715
f 715 689 640
f 634 642 657
f 657 640 634
f 1442 1444 1828
f 1828 1820 1442
f 1244 1248 1444
f 1444 1442 1244
f 1116 1122 1248
f 1248 1244 1116
f 1021 1027 1122
f 1122 1116 1021
f 923 931 1027
f 1027 1021 923
f 831 843 931
f 931 923 831
f 751 767 843
f 843 831 751
f 673 689 767
f 767 751 673
f 632 640 689
f 689 673 632
f 620 634 640
f 640 632 620
f 1429 1442 1820
f 1820 1811 1429
f 1233 1244 1442
f 1442 1429 1233
f 1106 1116 1244
f 1244 1233 1106
f 1011 1021 1116
f 1116 1106 1011
f 911 923 1021
f 1021 1011 911
f 817 831 923
f 923 911 817
f 733 751 831
f 831 817 733
f 649 673 751
f 751 733 649
f 614 632 673
f 673 649 614
f 597 620 632
f 632 614 597
f 714 702 684
f 684 692 714
f 754 746 702
f 702 714 754
f 804 796 746
f 746 754 804
f 886 876 796
f 796 804 886
f 954 950 876
f 876 886 954
f 1056 1048 950
f 950 954 1056
f 1147 1143 1048
f 1048 1056 1147
f 1265 1261 1143
f 1143 1147 1265
f 1465 1461 1261
f 1261 1265 1465
f 1915 1817 1461
f 1461 1465 1915
f 722 714 692
f 692 706 722
f 760 754 714
f 714 722 760
f 810 804 754
f 754 760 810
f 894 886 804
f 804 810 894
f 960 954 886
f 886 894 960
f 1062 1056 954
f 954 960 1062
f 1155 1147 1056
f 1056 1062 1155
f 1273 1265 1147
f 1147 1155 1273
f 1471 1465 1265
f 1265 1273 1471
f 1917 1915 1465
f 1465 1471 1917
f 720 722 706
f 706 700 720
f 758 760 722
f 722 720 758
f 808 810 760
f 760 758 808
f 890 894 810
f 810 808 890
f 958 960 894
f 894 890 958
f 1059 1062 960
f 960 958 1059
f 1150 1155 1062
f 1062 1059 1150
f 1269 1273 1155
f 1155 1150 1269
f 1468 1471 1273
f 1273 1269 1468
f 1697 1917 1471
f 1471 1468 1697
f 712 720 700
f 700 688 712
f 748 758 720
f 720 712 748
f 800 808 758
f 758 748 800
f 882 890 808
f 808 800 882
f 952 958 890
f 890 882 952
f 1052 1059 958
f 958 952 1052
f 1145 1150 1059
f 1059 1052 1145
f 1263 1269 1150
f 1150 1145 1263
f 1463 1468 1269
f 1269 1263 1463
f 1919 1697 1468
f 1468 1463 1919
f 694 712 688
f 688 676 694
f 742 748 712
f 712 694 742
f 794 800 748
f 748 742 794
f 872 882 800
f 800 794 872
f 946 952 882
f 882 872 946
f 1046 1052 952
f 952 946 1046
f 1141 1145 1052
f 1052 1046 1141
f 1259 1263 1145
f 1145 1141 1259
f 1459 1463 1263
f 1263 1259 1459
f 1845 1919 1463
f 1463 1459 1845
f 678 694 676
f 676 664 678
f 726 742 694
f 694 678 726
f 788 794 742
f 742 726 788
f 862 872 794
f 794 788 862
f 944 946 872
f 872 862 944
f 1044 1046 946
f 946 944 1044
f 1137 1141 1046
f 1046 1044 1137
f 1255 1259 1141
f 1141 1137 1255
f 1451 1459 1259
f 1259 1255 1451
f 1898 1845 1459
f 1459 1451 1898
f 658 678 664
f 664 642 658
f 716 726 678
f 678 658 716
f 778 788 726
f 726 716 778
f 854 862 788
f 788 778 854
f 938 944 862
f 862 854 938
f 1036 1044 944
f 944 938 1036
f 1132 1137 1044
f 1044 1036 1132
f 1253 1255 1137
f 1137 1132 1253
f 1449 1451 1255
f 1255 1253 1449
f 1837 1898 1451
f 1451 1449 1837
f 641 658 642
f 642 635 641
f 690 716 658
f 658 641 690
f 768 778 716
f 716 690 768
f 844 854 778
f 778 768 844
f 932 938 854
f 854 844 932
f 1028 1036 938
f 938 932 1028
f 1123 1132 1036
f 1036 1028 1123
f 1249 1253 1132
f 1132 1123 1249
f 1445 1449 1253
f 1253 1249 1445
f 1918 1837 1449
f 1449 1445 1918
f 633 641 635
f 635 621 633
f 674 690 641
f 641 633 674
f 752 768 690
f 690 674 752
f 832 844 768
f 768 752 832
f 924 932 844
f 844 832 924
f 1022 1028 932
f 932 924 1022
f 1117 1123 1028
f 1028 1022 1117
f 1245 1249 1123
f 1123 1117 1245
f 1443 1445 1249
f 1249 1245 1443
f 1916 1918 1445
f 1445 1443 1916
f 616 633 621
f 621 600 616
f 654 674 633
f 633 616 654
f 737 752 674
f 674 654 737
f 822 832 752
f 752 737 822
f 914 924 832
f 832 822 914
f 1014 1022 924
f 924 914 1014
f 1104 1117 1022
f 1022 1014 1104
f 1237 1245 1117
f 1117 1104 1237
f 1433 1443 1245
f 1245 1237 1433
f 1819 1916 1443
f 1443 1433 1819
f 2159 2163 1816
f 1816 1822 2159
f 2359 2363 2163
f 2163 2159 2359
f 2477 2481 2363
f 2363 2359 2477
f 2568 2576 2481
f 2481 2477 2568
f 2670 2674 2576
f 2576 2568 2670
f 2738 2748 2674
f 2674 2670 2738
f 2820 2828 2748
f 2748 2738 2820
f 2870 2878 2828
f 2828 2820 2870
f 2910 2922 2878
f 2878 2870 2910
f 2932 2940 2922
f 2922 2910 2932
f 2153 2159 1822
f 1822 1830 2153
f 2351 2359 2159
f 2159 2153 2351
f 2469 2477 2359
f 2359 2351 2469
f 2562 2568 2477
f 2477 2469 2562
f 2664 2670 2568
f 2568 2562 2664
f 2730 2738 2670
f 2670 2664 2730
f 2814 2820 2738
f 2738 2730 2814
f 2864 2870 2820
f 2820 2814 2864
f 2902 2910 2870
f 2870 2864 2902
f 2918 2932 2910
f 2910 2902 2918
f 2154 2153 1830
f 1830 1836 2154
f 2355 2351 2153
f 2153 2154 2355
f 2472 2469 2351
f 2351 2355 2472
f 2563 2562 2469
f 2469 2472 2563
f 2666 2664 2562
f 2562 2563 2666
f 2734 2730 2664
f 2664 2666 2734
f 2816 2814 2730
f 2730 2734 2816
f 2866 2864 2814
f 2814 2816 2866
f 2904 2902 2864
f 2864 2866 2904
f 2924 2918 2902
f 2902 2904 2924
f 2161 2154 1836
f 1836 1840 2161
f 2361 2355 2154
f 2154 2161 2361
f 2479 2472 2355
f 2355 2361 2479
f 2572 2563 2472
f 2472 2479 2572
f 2672 2666 2563
f 2563 2572 2672
f 2742 2734 2666
f 2666 2672 2742
f 2824 2816 2734
f 2734 2742 2824
f 2876 2866 2816
f 2816 2824 2876
f 2912 2904 2866
f 2866 2876 2912
f 2936 2924 2904
f 2904 2912 2936
f 2165 2161 1840
f 1840 1844 2165
f 2365 2361 2161
f 2161 2165 2365
f 2483 2479 2361
f 2361 2365 2483
f 2578 2572 2479
f 2479 2483 2578
f 2678 2672 2572
f 2572 2578 2678
f 2752 2742 2672
f 2672 2678 2752
f 2830 2824 2742
f 2742 2752 2830
f 2882 2876 2824
f 2824 2830 2882
f 2930 2912 2876
f 2876 2882 2930
f 2948 2936 2912
f 2912 2930 2948
f 2173 2165 1844
f 1844 1841 2173
f 2369 2365 2165
f 2165 2173 2369
f 2487 2483 2365
f 2365 2369 2487
f 2580 2578 2483
f 2483 2487 2580
f 2680 2678 2578
f 2578 2580 2680
f 2762 2752 2678
f 2678 2680 2762
f 2836 2830 2752
f 2752 2762 2836
f 2898 2882 2830
f 2830 2836 2898
f 2946 2930 2882
f 2882 2898 2946
f 2960 2948 2930
f 2930 2946 2960
f 2175 2173 1841
f 1841 1837 2175
f 2371 2369 2173
f 2173 2175 2371
f 2490 2487 2369
f 2369 2371 2490
f 2588 2580 2487
f 2487 2490 2588
f 2686 2680 2580
f 2580 2588 2686
f 2770 2762 2680
f 2680 2686 2770
f 2846 2836 2762
f 2762 2770 2846
f 2908 2898 2836
f 2836 2846 2908
f 2966 2946 2898
f 2898 2908 2966
f 2981 2960 2946
f 2946 2966 2981
f 2179 2175 1837
f 1837 1831 2179
f 2375 2371 2175
f 2175 2179 2375
f 2501 2490 2371
f 2371 2375 2501
f 2596 2588 2490
f 2490 2501 2596
f 2692 2686 2588
f 2588 2596 2692
f 2780 2770 2686
f 2686 2692 2780
f 2856 2846 2770
f 2770 2780 2856
f 2934 2908 2846
f 2846 2856 2934
f 2983 2966 2908
f 2908 2934 2983
f 2989 2981 2966
f 2966 2983 2989
f 2181 2179 1831
f 1831 1823 2181
f 2379 2375 2179
f 2179 2181 2379
f 2507 2501 2375
f 2375 2379 2507
f 2602 2596 2501
f 2501 2507 2602
f 2700 2692 2596
f 2596 2602 2700
f 2792 2780 2692
f 2692 2700 2792
f 2872 2856 2780
f 2780 2792 2872
f 2950 2934 2856
f 2856 2872 2950
f 2991 2983 2934
f 2934 2950 2991
f 3003 2989 2983
f 2983 2991 3003
f 2194 2181 1823
f 1823 1818 2194
f 2391 2379 2181
f 2181 2194 2391
f 2518 2507 2379
f 2379 2391 2518
f 2614 2602 2507
f 2507 2518 2614
f 2712 2700 2602
f 2602 2614 2712
f 2806 2792 2700
f 2700 2712 2806
f 2890 2872 2792
f 2792 2806 2890
f 2974 2950 2872
f 2872 2890 2974
f 3009 2991 2950
f 2950 2974 3009
f 3025 3003 2991
f 2991 3009 3025
f 3040 3008 3024
f 3024 3048 3040
f 3018 2973 3008
f 3008 3040 3018
f 2943 2889 2973
f 2973 3018 2943
f 2841 2805 2889
f 2889 2943 2841
f 2731 2711 2805
f 2805 2841 2731
f 2645 2611 2711
f 2711 2731 2645
f 2529 2521 2611
f 2611 2645 2529
f 2402 2387 2521
f 2521 2529 2402
f 2208 2191 2387
f 2387 2402 2208
f 1806 1810 2191
f 2191 2208 1806
f 3072 3040 3048
f 3048 3078 3072
f 3044 3018 3040
f 3040 3072 3044
f 2994 2943 3018
f 3018 3044 2994
f 2883 2841 2943
f 2943 2994 2883
f 2773 2731 2841
f 2841 2883 2773
f 2659 2645 2731
f 2731 2773 2659
f 2539 2529 2645
f 2645 2659 2539
f 2410 2402 2529
f 2529 2539 2410
f 2222 2208 2402
f 2402 2410 2222
f 1694 1806 2208
f 2208 2222 1694
f 3092 3072 3078
f 3078 3116 3092
f 3074 3044 3072
f 3072 3092 3074
f 3030 2994 3044
f 3044 3074 3030
f 2937 2883 2994
f 2994 3030 2937
f 2810 2773 2883
f 2883 2937 2810
f 2683 2659 2773
f 2773 2810 2683
f 2554 2539 2659
f 2659 2683 2554
f 2420 2410 2539
f 2539 2554 2420
f 2238 2222 2410
f 2410 2420 2238
f 1930 1694 2222
f 2222 2238 1930
f 3132 3092 3116
f 3116 3142 3132
f 3090 3074 3092
f 3092 3132 3090
f 3054 3030 3074
f 3074 3090 3054
f 2984 2937 3030
f 3030 3054 2984
f 2837 2810 2937
f 2937 2984 2837
f 2705 2683 2810
f 2810 2837 2705
f 2574 2554 2683
f 2683 2705 2574
f 2430 2420 2554
f 2554 2574 2430
f 2247 2238 2420
f 2420 2430 2247
f 1913 1930 2238
f 2238 2247 1913
f 3150 3132 3142
f 3142 3156 3150
f 3128 3090 3132
f 3132 3150 3128
f 3076 3054 3090
f 3090 3128 3076
f 3014 2984 3054
f 3054 3076 3014
f 2861 2837 2984
f 2984 3014 2861
f 2723 2705 2837
f 2837 2861 2723
f 2585 2574 2705
f 2705 2723 2585
f 2438 2430 2574
f 2574 2585 2438
f 2253 2247 2430
f 2430 2438 2253
f 1711 1913 2247
f 2247 2253 1711
f 3162 3150 3156
f 3156 3172 3162
f 3148 3128 3150
f 3150 3162 3148
f 3088 3076 3128
f 3128 3148 3088
f 3036 3014 3076
f 3076 3088 3036
f 2893 2861 3014
f 3014 3036 2893
f 2743 2723 2861
f 2861 2893 2743
f 2599 2585 2723
f 2723 2743 2599
f 2450 2438 2585
f 2585 2599 2450
f 2267 2253 2438
f 2438 2450 2267
f 1794 1711 2253
f 2253 2267 1794
f 3178 3162 3172
f 3172 3184 3178
f 3154 3148 3162
f 3162 3178 3154
f 3118 3088 3148
f 3148 3154 3118
f 3046 3036 3088
f 3088 3118 3046
f 2915 2893 3036
f 3036 3046 2915
f 2763 2743 2893
f 2893 2915 2763
f 2615 2599 2743
f 2743 2763 2615
f 2452 2450 2599
f 2599 2615 2452
f 2277 2267 2450
f 2450 2452 2277
f 1710 1794 2267
f 2267 2277 1710
f 3188 3178 3184
f 3184 3200 3188
f 3164 3154 3178
f 3178 3188 3164
f 3130 3118 3154
f 3154 3164 3130
f 3058 3046 3118
f 3118 3130 3058
f 2941 2915 3046
f 3046 3058 2941
f 2775 2763 2915
f 2915 2941 2775
f 2627 2615 2763
f 2763 2775 2627
f 2458 2452 2615
f 2615 2627 2458
f 2287 2277 2452
f 2452 2458 2287
f 1910 1710 2277
f 2277 2287 1910
f 3198 3188 3200
f 3200 3209 3198
f 3170 3164 3188
f 3188 3198 3170
f 3136 3130 3164
f 3164 3170 3136
f 3064 3058 3130
f 3130 3136 3064
f 2955 2941 3058
f 3058 3064 2955
f 2781 2775 2941
f 2941 2955 2781
f 2636 2627 2775
f 2775 2781 2636
f 2462 2458 2627
f 2627 2636 2462
f 2295 2287 2458
f 2458 2462 2295
f 1909 1910 2287
f 2287 2295 1909
f 3202 3198 3209
f 3209 3213 3202
f 3174 3170 3198
f 3198 3202 3174
f 3138 3136 3170
f 3170 3174 3138
f 3066 3064 3136
f 3136 3138 3066
f 2961 2955 3064
f 3064 3066 2961
f 2783 2781 2955
f 2955 2961 2783
f 2642 2636 2781
f 2781 2783 2642
f 2464 2462 2636
f 2636 2642 2464
f 2297 2295 2462
f 2462 2464 2297
f 1784 1909 2295
f 2295 2297 1784
f 1414 1429 1811
f 1811 1807 1414
f 1220 1233 1429
f 1429 1414 1220
f 1093 1106 1233
f 1233 1220 1093
f 977 1011 1106
f 1106 1093 977
f 891 911 1011
f 1011 977 891
f 781 817 911
f 911 891 781
f 679 733 817
f 817 781 679
f 604 649 733
f 733 679 604
f 571 614 649
f 649 604 571
f 561 597 614
f 614 571 561
f 1400 1414 1807
f 1807 1804 1400
f 1212 1220 1414
f 1414 1400 1212
f 1083 1093 1220
f 1220 1212 1083
f 963 977 1093
f 1093 1083 963
f 849 891 977
f 977 963 849
f 739 781 891
f 891 849 739
f 628 679 781
f 781 739 628
f 565 604 679
f 679 628 565
f 530 571 604
f 604 565 530
f 524 561 571
f 571 530 524
f 1386 1400 1804
f 1804 1802 1386
f 1202 1212 1400
f 1400 1386 1202
f 1070 1083 1212
f 1212 1202 1070
f 939 963 1083
f 1083 1070 939
f 814 849 963
f 963 939 814
f 685 739 849
f 849 814 685
f 585 628 739
f 739 685 585
f 528 565 628
f 628 585 528
f 510 530 565
f 565 528 510
f 508 524 530
f 530 510 508
f 1375 1386 1802
f 1802 1800 1375
f 1192 1202 1386
f 1386 1375 1192
f 1050 1070 1202
f 1202 1192 1050
f 917 939 1070
f 1070 1050 917
f 785 814 939
f 939 917 785
f 638 685 814
f 814 785 638
f 553 585 685
f 685 638 553
f 512 528 585
f 585 553 512
f 492 510 528
f 528 512 492
f 482 508 510
f 510 492 482
f 1369 1375 1800
f 1800 1798 1369
f 1184 1192 1375
f 1375 1369 1184
f 1037 1050 1192
f 1192 1184 1037
f 899 917 1050
f 1050 1037 899
f 761 785 917
f 917 899 761
f 608 638 785
f 785 761 608
f 526 553 638
f 638 608 526
f 496 512 553
f 553 526 496
f 454 492 512
f 512 496 454
f 448 482 492
f 492 454 448
f 1355 1369 1798
f 1798 1795 1355
f 1172 1184 1369
f 1369 1355 1172
f 1023 1037 1184
f 1184 1172 1023
f 879 899 1037
f 1037 1023 879
f 729 761 899
f 899 879 729
f 579 608 761
f 761 729 579
f 514 526 608
f 608 579 514
f 457 496 526
f 526 514 457
f 442 454 496
f 496 457 442
f 432 448 454
f 454 442 432
f 1345 1355 1795
f 1795 1792 1345
f 1170 1172 1355
f 1355 1345 1170
f 1007 1023 1172
f 1172 1170 1007
f 859 879 1023
f 1023 1007 859
f 707 729 879
f 879 859 707
f 563 579 729
f 729 707 563
f 506 514 579
f 579 563 506
f 450 457 514
f 514 506 450
f 420 442 457
f 457 450 420
f 412 432 442
f 442 420 412
f 1335 1345 1792
f 1792 1790 1335
f 1164 1170 1345
f 1345 1335 1164
f 995 1007 1170
f 1170 1164 995
f 847 859 1007
f 1007 995 847
f 681 707 859
f 859 847 681
f 547 563 707
f 707 681 547
f 494 506 563
f 563 547 494
f 440 450 506
f 506 494 440
f 410 420 450
f 450 440 410
f 398 412 420
f 420 410 398
f 1327 1335 1790
f 1790 1788 1327
f 1160 1164 1335
f 1335 1327 1160
f 988 995 1164
f 1164 1160 988
f 841 847 995
f 995 988 841
f 667 681 847
f 847 841 667
f 538 547 681
f 681 667 538
f 488 494 547
f 547 538 488
f 434 440 494
f 494 488 434
f 400 410 440
f 440 434 400
f 381 398 410
f 410 400 381
f 1324 1327 1788
f 1788 1785 1324
f 1156 1160 1327
f 1327 1324 1156
f 979 988 1160
f 1160 1156 979
f 837 841 988
f 988 979 837
f 659 667 841
f 841 837 659
f 534 538 667
f 667 659 534
f 484 488 538
f 538 534 484
f 428 434 488
f 488 484 428
f 395 400 434
f 434 428 395
f 374 381 400
f 400 395 374
f 572 616 600
f 600 562 572
f 605 654 616
f 616 572 605
f 680 737 654
f 654 605 680
f 782 822 737
f 737 680 782
f 892 914 822
f 822 782 892
f 978 1014 914
f 914 892 978
f 1094 1104 1014
f 1014 978 1094
f 1221 1237 1104
f 1104 1094 1221
f 1415 1433 1237
f 1237 1221 1415
f 1809 1819 1433
f 1433 1415 1809
f 531 572 562
f 562 525 531
f 566 605 572
f 572 531 566
f 629 680 605
f 605 566 629
f 740 782 680
f 680 629 740
f 850 892 782
f 782 740 850
f 964 978 892
f 892 850 964
f 1084 1094 978
f 978 964 1084
f 1213 1221 1094
f 1094 1084 1213
f 1401 1415 1221
f 1221 1213 1401
f 1931 1809 1415
f 1415 1401 1931
f 511 531 525
f 525 509 511
f 529 566 531
f 531 511 529
f 586 629 566
f 566 529 586
f 686 740 629
f 629 586 686
f 813 850 740
f 740 686 813
f 940 964 850
f 850 813 940
f 1069 1084 964
f 964 940 1069
f 1203 1213 1084
f 1084 1069 1203
f 1385 1401 1213
f 1213 1203 1385
f 1693 1931 1401
f 1401 1385 1693
f 493 511 509
f 509 483 493
f 513 529 511
f 511 493 513
f 554 586 529
f 529 513 554
f 639 686 586
f 586 554 639
f 786 813 686
f 686 639 786
f 918 940 813
f 813 786 918
f 1049 1069 940
f 940 918 1049
f 1193 1203 1069
f 1069 1049 1193
f 1376 1385 1203
f 1203 1193 1376
f 1712 1693 1385
f 1385 1376 1712
f 455 493 483
f 483 449 455
f 497 513 493
f 493 455 497
f 527 554 513
f 513 497 527
f 609 639 554
f 554 527 609
f 762 786 639
f 639 609 762
f 900 918 786
f 786 762 900
f 1038 1049 918
f 918 900 1038
f 1185 1193 1049
f 1049 1038 1185
f 1370 1376 1193
f 1193 1185 1370
f 1912 1712 1376
f 1376 1370 1912
f 443 455 449
f 449 433 443
f 458 497 455
f 455 443 458
f 515 527 497
f 497 458 515
f 580 609 527
f 527 515 580
f 730 762 609
f 609 580 730
f 880 900 762
f 762 730 880
f 1024 1038 900
f 900 880 1024
f 1173 1185 1038
f 1038 1024 1173
f 1356 1370 1185
f 1185 1173 1356
f 1797 1912 1370
f 1370 1356 1797
f 421 443 433
f 433 413 421
f 451 458 443
f 443 421 451
f 507 515 458
f 458 451 507
f 564 580 515
f 515 507 564
f 708 730 580
f 580 564 708
f 860 880 730
f 730 708 860
f 1008 1024 880
f 880 860 1008
f 1171 1173 1024
f 1024 1008 1171
f 1346 1356 1173
f 1173 1171 1346
f 1911 1797 1356
f 1356 1346 1911
f 411 421 413
f 413 399 411
f 441 451 421
f 421 411 441
f 495 507 451
f 451 441 495
f 548 564 507
f 507 495 548
f 682 708 564
f 564 548 682
f 848 860 708
f 708 682 848
f 996 1008 860
f 860 848 996
f 1165 1171 1008
f 1008 996 1165
f 1336 1346 1171
f 1171 1165 1336
f 1709 1911 1346
f 1346 1336 1709
f 401 411 399
f 399 382 401
f 435 441 411
f 411 401 435
f 489 495 441
f 441 435 489
f 539 548 495
f 495 489 539
f 668 682 548
f 548 539 668
f 842 848 682
f 682 668 842
f 987 996 848
f 848 842 987
f 1161 1165 996
f 996 987 1161
f 1328 1336 1165
f 1165 1161 1328
f 1708 1709 1336
f 1336 1328 1708
f 397 401 382
f 382 376 397
f 431 435 401
f 401 397 431
f 487 489 435
f 435 431 487
f 537 539 489
f 489 487 537
f 662 668 539
f 539 537 662
f 840 842 668
f 668 662 840
f 981 987 842
f 842 840 981
f 1159 1161 987
f 987 981 1159
f 1326 1328 1161
f 1161 1159 1326
f 1787 1708 1328
f 1328 1326 1787
f 2209 2194 1818
f 1818 1808 2209
f 2403 2391 2194
f 2194 2209 2403
f 2530 2518 2391
f 2391 2403 2530
f 2646 2614 2518
f 2518 2530 2646
f 2732 2712 2614
f 2614 2646 2732
f 2842 2806 2712
f 2712 2732 2842
f 2944 2890 2806
f 2806 2842 2944
f 3019 2974 2890
f 2890 2944 3019
f 3041 3009 2974
f 2974 3019 3041
f 3049 3025 3009
f 3009 3041 3049
f 2223 2209 1808
f 1808 1805 2223
f 2411 2403 2209
f 2209 2223 2411
f 2540 2530 2403
f 2403 2411 2540
f 2660 2646 2530
f 2530 2540 2660
f 2774 2732 2646
f 2646 2660 2774
f 2884 2842 2732
f 2732 2774 2884
f 2995 2944 2842
f 2842 2884 2995
f 3045 3019 2944
f 2944 2995 3045
f 3073 3041 3019
f 3019 3045 3073
f 3079 3049 3041
f 3041 3073 3079
f 2237 2223 1805
f 1805 1803 2237
f 2421 2411 2223
f 2223 2237 2421
f 2553 2540 2411
f 2411 2421 2553
f 2684 2660 2540
f 2540 2553 2684
f 2809 2774 2660
f 2660 2684 2809
f 2938 2884 2774
f 2774 2809 2938
f 3031 2995 2884
f 2884 2938 3031
f 3075 3045 2995
f 2995 3031 3075
f 3093 3073 3045
f 3045 3075 3093
f 3117 3079 3073
f 3073 3093 3117
f 2248 2237 1803
f 1803 1801 2248
f 2431 2421 2237
f 2237 2248 2431
f 2573 2553 2421
f 2421 2431 2573
f 2706 2684 2553
f 2553 2573 2706
f 2838 2809 2684
f 2684 2706 2838
f 2985 2938 2809
f 2809 2838 2985
f 3055 3031 2938
f 2938 2985 3055
f 3091 3075 3031
f 3031 3055 3091
f 3133 3093 3075
f 3075 3091 3133
f 3143 3117 3093
f 3093 3133 3143
f 2254 2248 1801
f 1801 1799 2254
f 2439 2431 2248
f 2248 2254 2439
f 2586 2573 2431
f 2431 2439 2586
f 2724 2706 2573
f 2573 2586 2724
f 2862 2838 2706
f 2706 2724 2862
f 3015 2985 2838
f 2838 2862 3015
f 3077 3055 2985
f 2985 3015 3077
f 3129 3091 3055
f 3055 3077 3129
f 3151 3133 3091
f 3091 3129 3151
f 3157 3143 3133
f 3133 3151 3157
f 2268 2254 1799
f 1799 1796 2268
f 2451 2439 2254
f 2254 2268 2451
f 2600 2586 2439
f 2439 2451 2600
f 2744 2724 2586
f 2586 2600 2744
f 2894 2862 2724
f 2724 2744 2894
f 3037 3015 2862
f 2862 2894 3037
f 3089 3077 3015
f 3015 3037 3089
f 3149 3129 3077
f 3077 3089 3149
f 3163 3151 3129
f 3129 3149 3163
f 3173 3157 3151
f 3151 3163 3173
f 2278 2268 1796
f 1796 1793 2278
f 2453 2451 2268
f 2268 2278 2453
f 2616 2600 2451
f 2451 2453 2616
f 2764 2744 2600
f 2600 2616 2764
f 2916 2894 2744
f 2744 2764 2916
f 3047 3037 2894
f 2894 2916 3047
f 3119 3089 3037
f 3037 3047 3119
f 3155 3149 3089
f 3089 3119 3155
f 3179 3163 3149
f 3149 3155 3179
f 3185 3173 3163
f 3163 3179 3185
f 2288 2278 1793
f 1793 1791 2288
f 2459 2453 2278
f 2278 2288 2459
f 2628 2616 2453
f 2453 2459 2628
f 2776 2764 2616
f 2616 2628 2776
f 2942 2916 2764
f 2764 2776 2942
f 3059 3047 2916
f 2916 2942 3059
f 3131 3119 3047
f 3047 3059 3131
f 3165 3155 3119
f 3119 3131 3165
f 3189 3179 3155
f 3155 3165 3189
f 3201 3185 3179
f 3179 3189 3201
f 2296 2288 1791
f 1791 1789 2296
f 2463 2459 2288
f 2288 2296 2463
f 2635 2628 2459
f 2459 2463 2635
f 2782 2776 2628
f 2628 2635 2782
f 2956 2942 2776
f 2776 2782 2956
f 3065 3059 2942
f 2942 2956 3065
f 3137 3131 3059
f 3059 3065 3137
f 3171 3165 3131
f 3131 3137 3171
f 3199 3189 3165
f 3165 3171 3199
f 3210 3201 3189
f 3189 3199 3210
f 2299 2296 1789
f 1789 1786 2299
f 2467 2463 2296
f 2296 2299 2467
f 2644 2635 2463
f 2463 2467 2644
f 2786 2782 2635
f 2635 2644 2786
f 2964 2956 2782
f 2782 2786 2964
f 3069 3065 2956
f 2956 2964 3069
f 3141 3137 3065
f 3065 3069 3141
f 3177 3171 3137
f 3137 3141 3177
f 3204 3199 3171
f 3171 3177 3204
f 3214 3210 3199
f 3199 3204 3214
f 3194 3202 3213
f 3213 3207 3194
f 3166 3175 3202
f 3202 3194 3166
f 3134 3139 3175
f 3175 3166 3134
f 3060 3067 3139
f 3139 3134 3060
f 2953 2962 3067
f 3067 3060 2953
f 2777 2784 2962
f 2962 2953 2777
f 2629 2643 2784
f 2784 2777 2629
f 2460 2465 2643
f 2643 2629 2460
f 2293 2298 2465
f 2465 2460 2293
f 1696 1785 2298
f 2298 2293 1696
f 3180 3194 3207
f 3207 3190 3180
f 3158 3166 3194
f 3194 3180 3158
f 3124 3134 3166
f 3166 3158 3124
f 3050 3060 3134
f 3134 3124 3050
f 2927 2953 3060
f 3060 3050 2927
f 2767 2777 2953
f 2953 2927 2767
f 2619 2629 2777
f 2777 2767 2619
f 2454 2460 2629
f 2629 2619 2454
f 2283 2293 2460
f 2460 2454 2283
f 1695 1696 2293
f 2293 2283 1695
f 3160 3180 3190
f 3190 3168 3160
f 3144 3158 3180
f 3180 3160 3144
f 3086 3124 3158
f 3158 3144 3086
f 3032 3050 3124
f 3124 3086 3032
f 2891 2927 3050
f 3050 3032 2891
f 2739 2767 2927
f 2927 2891 2739
f 2597 2619 2767
f 2767 2739 2597
f 2448 2454 2619
f 2619 2597 2448
f 2265 2283 2454
f 2454 2448 2265
f 1707 1695 2283
f 2283 2265 1707
f 3146 3160 3168
f 3168 3152 3146
f 3122 3144 3160
f 3160 3146 3122
f 3070 3086 3144
f 3144 3122 3070
f 2998 3032 3086
f 3086 3070 2998
f 2853 2891 3032
f 3032 2998 2853
f 2717 2739 2891
f 2891 2853 2717
f 2582 2597 2739
f 2739 2717 2582
f 2434 2448 2597
f 2597 2582 2434
f 2251 2265 2448
f 2448 2434 2251
f 1907 1707 2265
f 2265 2251 1907
f 3120 3146 3152
f 3152 3126 3120
f 3082 3122 3146
f 3146 3120 3082
f 3042 3070 3122
f 3122 3082 3042
f 2957 2998 3070
f 3070 3042 2957
f 2825 2853 2998
f 2998 2957 2825
f 2693 2717 2853
f 2853 2825 2693
f 2556 2582 2717
f 2717 2693 2556
f 2424 2434 2582
f 2582 2556 2424
f 2239 2251 2434
f 2434 2424 2239
f 1906 1907 2251
f 2251 2239 1906
f 3080 3120 3126
f 3126 3084 3080
f 3056 3082 3120
f 3120 3080 3056
f 3012 3042 3082
f 3082 3056 3012
f 2899 2957 3042
f 3042 3012 2899
f 2789 2825 2957
f 2957 2899 2789
f 2675 2693 2825
f 2825 2789 2675
f 2545 2556 2693
f 2693 2675 2545
f 2416 2424 2556
f 2556 2545 2416
f 2228 2239 2424
f 2424 2416 2228
f 1770 1906 2239
f 2239 2228 1770
f 3053 3080 3084
f 3084 3062 3053
f 3028 3056 3080
f 3080 3053 3028
f 2978 3012 3056
f 3056 3028 2978
f 2860 2899 3012
f 3012 2978 2860
f 2754 2789 2899
f 2899 2860 2754
f 2652 2675 2789
f 2789 2754 2652
f 2534 2545 2675
f 2675 2652 2534
f 2406 2416 2545
f 2545 2534 2406
f 2217 2228 2416
f 2416 2406 2217
f 1929 1770 2228
f 2228 2217 1929
f 3035 3053 3062
f 3062 3039 3035
f 2997 3028 3053
f 3053 3035 2997
f 2920 2978 3028
f 3028 2997 2920
f 2832 2860 2978
f 2978 2920 2832
f 2728 2754 2860
f 2860 2832 2728
f 2634 2652 2754
f 2754 2728 2634
f 2528 2534 2652
f 2652 2634 2528
f 2396 2406 2534
f 2534 2528 2396
f 2202 2217 2406
f 2406 2396 2202
f 1765 1929 2217
f 2217 2202 1765
f 3017 3035 3039
f 3039 3027 3017
f 2980 2997 3035
f 3035 3017 2980
f 2896 2920 2997
f 2997 2980 2896
f 2812 2832 2920
f 2920 2896 2812
f 2715 2728 2832
f 2832 2812 2715
f 2618 2634 2728
f 2728 2715 2618
f 2523 2528 2634
f 2634 2618 2523
f 2392 2396 2528
f 2528 2523 2392
f 2196 2202 2396
f 2396 2392 2196
f 1724 1765 2202
f 2202 2196 1724
f 3007 3017 3027
f 3027 3023 3007
f 2969 2980 3017
f 3017 3007 2969
f 2887 2896 2980
f 2980 2969 2887
f 2802 2812 2896
f 2896 2887 2802
f 2709 2715 2812
f 2812 2802 2709
f 2609 2618 2715
f 2715 2709 2609
f 2519 2523 2618
f 2618 2609 2519
f 2386 2392 2523
f 2523 2519 2386
f 2190 2196 2392
f 2392 2386 2190
f 1759 1724 2196
f 2196 2190 1759
f 1329 1324 1785
f 1785 1782 1329
f 1162 1157 1324
f 1324 1329 1162
f 993 982 1157
f 1157 1162 993
f 845 838 982
f 982 993 845
f 669 660 838
f 838 845 669
f 542 535 660
f 660 669 542
f 490 485 535
f 535 542 490
f 438 429 485
f 485 490 438
f 404 396 429
f 429 438 404
f 387 376 396
f 396 404 387
f 1339 1329 1782
f 1782 1780 1339
f 1168 1162 1329
f 1329 1339 1168
f 1003 993 1162
f 1162 1168 1003
f 855 845 993
f 993 1003 855
f 695 669 845
f 845 855 695
f 559 542 669
f 669 695 559
f 500 490 542
f 542 559 500
f 446 438 490
f 490 500 446
f 416 404 438
f 438 446 416
f 408 387 404
f 404 416 408
f 1357 1339 1780
f 1780 1778 1357
f 1174 1168 1339
f 1339 1357 1174
f 1025 1003 1168
f 1168 1174 1025
f 883 855 1003
f 1003 1025 883
f 731 695 855
f 855 883 731
f 583 559 695
f 695 731 583
f 516 500 559
f 559 583 516
f 467 446 500
f 500 516 467
f 444 416 446
f 446 467 444
f 436 408 416
f 416 444 436
f 1371 1357 1778
f 1778 1776 1371
f 1188 1174 1357
f 1357 1371 1188
f 1042 1025 1174
f 1174 1188 1042
f 905 883 1025
f 1025 1042 905
f 769 731 883
f 883 905 769
f 624 583 731
f 731 769 624
f 532 516 583
f 583 624 532
f 502 467 516
f 516 532 502
f 459 444 467
f 467 502 459
f 452 436 444
f 444 459 452
f 1383 1371 1776
f 1776 1774 1383
f 1198 1188 1371
f 1371 1383 1198
f 1068 1042 1188
f 1188 1198 1068
f 929 905 1042
f 1042 1068 929
f 797 769 905
f 905 929 797
f 665 624 769
f 769 797 665
f 569 532 624
f 624 665 569
f 520 502 532
f 532 569 520
f 504 459 502
f 502 520 504
f 498 452 459
f 459 504 498
f 1394 1383 1774
f 1774 1771 1394
f 1206 1198 1383
f 1383 1394 1206
f 1077 1068 1198
f 1198 1206 1077
f 947 929 1068
f 1068 1077 947
f 833 797 929
f 929 947 833
f 723 665 797
f 797 833 723
f 610 569 665
f 665 723 610
f 549 520 569
f 569 610 549
f 522 504 520
f 520 549 522
f 518 498 504
f 504 522 518
f 1407 1394 1771
f 1771 1768 1407
f 1216 1206 1394
f 1394 1407 1216
f 1090 1077 1206
f 1206 1216 1090
f 972 947 1077
f 1077 1090 972
f 870 833 947
f 947 972 870
f 764 723 833
f 833 870 764
f 646 610 723
f 723 764 646
f 587 549 610
f 610 646 587
f 556 522 549
f 549 587 556
f 540 518 522
f 522 556 540
f 1420 1407 1768
f 1768 1764 1420
f 1226 1216 1407
f 1407 1420 1226
f 1096 1090 1216
f 1216 1226 1096
f 990 972 1090
f 1090 1096 990
f 896 870 972
f 972 990 896
f 792 764 870
f 870 896 792
f 704 646 764
f 764 792 704
f 627 587 646
f 646 704 627
f 582 556 587
f 587 627 582
f 574 540 556
f 556 582 574
f 1426 1420 1764
f 1764 1762 1426
f 1230 1226 1420
f 1420 1426 1230
f 1101 1096 1226
f 1226 1230 1101
f 1006 990 1096
f 1096 1101 1006
f 907 896 990
f 990 1006 907
f 812 792 896
f 896 907 812
f 728 704 792
f 792 812 728
f 644 627 704
f 704 728 644
f 607 582 627
f 627 644 607
f 592 574 582
f 582 607 592
f 1430 1426 1762
f 1762 1758 1430
f 1234 1230 1426
f 1426 1430 1234
f 1107 1101 1230
f 1230 1234 1107
f 1012 1006 1101
f 1101 1107 1012
f 912 907 1006
f 1006 1012 912
f 819 812 907
f 907 912 819
f 738 728 812
f 812 819 738
f 651 644 728
f 728 738 651
f 618 607 644
f 644 651 618
f 601 592 607
f 607 618 601
f 405 397 376
f 376 388 405
f 439 430 397
f 397 405 439
f 491 486 430
f 430 439 491
f 543 536 486
f 486 491 543
f 670 661 536
f 536 543 670
f 846 839 661
f 661 670 846
f 994 980 839
f 839 846 994
f 1163 1158 980
f 980 994 1163
f 1330 1325 1158
f 1158 1163 1330
f 1926 1786 1325
f 1325 1330 1926
f 417 405 388
f 388 409 417
f 447 439 405
f 405 417 447
f 501 491 439
f 439 447 501
f 560 543 491
f 491 501 560
f 696 670 543
f 543 560 696
f 856 846 670
f 670 696 856
f 1004 994 846
f 846 856 1004
f 1169 1163 994
f 994 1004 1169
f 1340 1330 1163
f 1163 1169 1340
f 1925 1926 1330
f 1330 1340 1925
f 445 417 409
f 409 437 445
f 468 447 417
f 417 445 468
f 517 501 447
f 447 468 517
f 584 560 501
f 501 517 584
f 732 696 560
f 560 584 732
f 884 856 696
f 696 732 884
f 1026 1004 856
f 856 884 1026
f 1175 1169 1004
f 1004 1026 1175
f 1358 1340 1169
f 1169 1175 1358
f 1908 1925 1340
f 1340 1358 1908
f 460 445 437
f 437 453 460
f 503 468 445
f 445 460 503
f 533 517 468
f 468 503 533
f 625 584 517
f 517 533 625
f 770 732 584
f 584 625 770
f 906 884 732
f 732 770 906
f 1041 1026 884
f 884 906 1041
f 1189 1175 1026
f 1026 1041 1189
f 1372 1358 1175
f 1175 1189 1372
f 1706 1908 1358
f 1358 1372 1706
f 505 460 453
f 453 499 505
f 521 503 460
f 460 505 521
f 570 533 503
f 503 521 570
f 666 625 533
f 533 570 666
f 798 770 625
f 625 666 798
f 930 906 770
f 770 798 930
f 1067 1041 906
f 906 930 1067
f 1199 1189 1041
f 1041 1067 1199
f 1384 1372 1189
f 1189 1199 1384
f 1705 1706 1372
f 1372 1384 1705
f 523 505 499
f 499 519 523
f 550 521 505
f 505 523 550
f 611 570 521
f 521 550 611
f 724 666 570
f 570 611 724
f 834 798 666
f 666 724 834
f 948 930 798
f 798 834 948
f 1078 1067 930
f 930 948 1078
f 1207 1199 1067
f 1067 1078 1207
f 1395 1384 1199
f 1199 1207 1395
f 1773 1705 1384
f 1384 1395 1773
f 555 523 519
f 519 541 555
f 588 550 523
f 523 555 588
f 645 611 550
f 550 588 645
f 763 724 611
f 611 645 763
f 869 834 724
f 724 763 869
f 971 948 834
f 834 869 971
f 1089 1078 948
f 948 971 1089
f 1217 1207 1078
f 1078 1089 1217
f 1406 1395 1207
f 1207 1217 1406
f 1692 1773 1395
f 1395 1406 1692
f 581 555 541
f 541 573 581
f 626 588 555
f 555 581 626
f 703 645 588
f 588 626 703
f 791 763 645
f 645 703 791
f 895 869 763
f 763 791 895
f 989 971 869
f 869 895 989
f 1095 1089 971
f 971 989 1095
f 1227 1217 1089
f 1089 1095 1227
f 1421 1406 1217
f 1217 1227 1421
f 1766 1692 1406
f 1406 1421 1766
f 606 581 573
f 573 591 606
f 643 626 581
f 581 606 643
f 727 703 626
f 626 643 727
f 811 791 703
f 703 727 811
f 908 895 791
f 791 811 908
f 1005 989 895
f 895 908 1005
f 1100 1095 989
f 989 1005 1100
f 1231 1227 1095
f 1095 1100 1231
f 1427 1421 1227
f 1227 1231 1427
f 1897 1766 1421
f 1421 1427 1897
f 615 606 591
f 591 598 615
f 653 643 606
f 606 615 653
f 735 727 643
f 643 653 735
f 820 811 727
f 727 735 820
f 913 908 811
f 811 820 913
f 1013 1005 908
f 908 913 1013
f 1103 1100 1005
f 1005 1013 1103
f 1236 1231 1100
f 1100 1103 1236
f 1432 1427 1231
f 1231 1236 1432
f 1760 1897 1427
f 1427 1432 1760
f 2294 2299 1786
f 1786 1783 2294
f 2461 2466 2299
f 2299 2294 2461
f 2630 2641 2466
f 2466 2461 2630
f 2778 2785 2641
f 2641 2630 2778
f 2954 2963 2785
f 2785 2778 2954
f 3061 3068 2963
f 2963 2954 3061
f 3135 3140 3068
f 3068 3061 3135
f 3167 3176 3140
f 3140 3135 3167
f 3195 3203 3176
f 3176 3167 3195
f 3208 3213 3203
f 3203 3195 3208
f 2284 2294 1783
f 1783 1781 2284
f 2455 2461 2294
f 2294 2284 2455
f 2620 2630 2461
f 2461 2455 2620
f 2768 2778 2630
f 2630 2620 2768
f 2928 2954 2778
f 2778 2768 2928
f 3051 3061 2954
f 2954 2928 3051
f 3125 3135 3061
f 3061 3051 3125
f 3159 3167 3135
f 3135 3125 3159
f 3181 3195 3167
f 3167 3159 3181
f 3191 3208 3195
f 3195 3181 3191
f 2266 2284 1781
f 1781 1779 2266
f 2449 2455 2284
f 2284 2266 2449
f 2598 2620 2455
f 2455 2449 2598
f 2740 2768 2620
f 2620 2598 2740
f 2892 2928 2768
f 2768 2740 2892
f 3033 3051 2928
f 2928 2892 3033
f 3087 3125 3051
f 3051 3033 3087
f 3145 3159 3125
f 3125 3087 3145
f 3161 3181 3159
f 3159 3145 3161
f 3169 3191 3181
f 3181 3161 3169
f 2252 2266 1779
f 1779 1777 2252
f 2435 2449 2266
f 2266 2252 2435
f 2581 2598 2449
f 2449 2435 2581
f 2718 2740 2598
f 2598 2581 2718
f 2854 2892 2740
f 2740 2718 2854
f 2999 3033 2892
f 2892 2854 2999
f 3071 3087 3033
f 3033 2999 3071
f 3123 3145 3087
f 3087 3071 3123
f 3147 3161 3145
f 3145 3123 3147
f 3153 3169 3161
f 3161 3147 3153
f 2240 2252 1777
f 1777 1775 2240
f 2425 2435 2252
f 2252 2240 2425
f 2555 2581 2435
f 2435 2425 2555
f 2694 2718 2581
f 2581 2555 2694
f 2826 2854 2718
f 2718 2694 2826
f 2958 2999 2854
f 2854 2826 2958
f 3043 3071 2999
f 2999 2958 3043
f 3083 3123 3071
f 3071 3043 3083
f 3121 3147 3123
f 3123 3083 3121
f 3127 3153 3147
f 3147 3121 3127
f 2229 2240 1775
f 1775 1772 2229
f 2417 2425 2240
f 2240 2229 2417
f 2546 2555 2425
f 2425 2417 2546
f 2676 2694 2555
f 2555 2546 2676
f 2790 2826 2694
f 2694 2676 2790
f 2900 2958 2826
f 2826 2790 2900
f 3013 3043 2958
f 2958 2900 3013
f 3057 3083 3043
f 3043 3013 3057
f 3081 3121 3083
f 3083 3057 3081
f 3085 3127 3121
f 3121 3081 3085
f 2216 2229 1772
f 1772 1769 2216
f 2407 2417 2229
f 2229 2216 2407
f 2533 2546 2417
f 2417 2407 2533
f 2651 2676 2546
f 2546 2533 2651
f 2753 2790 2676
f 2676 2651 2753
f 2859 2900 2790
f 2790 2753 2859
f 2977 3013 2900
f 2900 2859 2977
f 3029 3057 3013
f 3013 2977 3029
f 3052 3081 3057
f 3057 3029 3052
f 3063 3085 3081
f 3081 3052 3063
f 2203 2216 1769
f 1769 1767 2203
f 2397 2407 2216
f 2216 2203 2397
f 2527 2533 2407
f 2407 2397 2527
f 2633 2651 2533
f 2533 2527 2633
f 2727 2753 2651
f 2651 2633 2727
f 2831 2859 2753
f 2753 2727 2831
f 2919 2977 2859
f 2859 2831 2919
f 2996 3029 2977
f 2977 2919 2996
f 3034 3052 3029
f 3029 2996 3034
f 3038 3063 3052
f 3052 3034 3038
f 2197 2203 1767
f 1767 1763 2197
f 2393 2397 2203
f 2203 2197 2393
f 2522 2527 2397
f 2397 2393 2522
f 2617 2633 2527
f 2527 2522 2617
f 2716 2727 2633
f 2633 2617 2716
f 2811 2831 2727
f 2727 2716 2811
f 2895 2919 2831
f 2831 2811 2895
f 2979 2996 2919
f 2919 2895 2979
f 3016 3034 2996
f 2996 2979 3016
f 3026 3038 3034
f 3034 3016 3026
f 2193 2197 1763
f 1763 1761 2193
f 2389 2393 2197
f 2197 2193 2389
f 2516 2522 2393
f 2393 2389 2516
f 2610 2617 2522
f 2522 2516 2610
f 2710 2716 2617
f 2617 2610 2710
f 2803 2811 2716
f 2716 2710 2803
f 2885 2895 2811
f 2811 2803 2885
f 2971 2979 2895
f 2895 2885 2971
f 3005 3016 2979
f 2979 2971 3005
f 3022 3026 3016
f 3016 3005 3022
f 461 545 544
f 544 456 461
f 463 551 545
f 545 461 463
f 465 557 551
f 551 463 465
f 469 567 557
f 557 465 469
f 471 575 567
f 567 469 471
f 473 577 575
f 575 471 473
f 475 589 577
f 577 473 475
f 477 593 589
f 589 475 477
f 479 595 593
f 593 477 479
f 481 599 595
f 595 479 481
f 389 461 456
f 456 392 389
f 386 463 461
f 461 389 386
f 379 465 463
f 463 386 379
f 373 469 465
f 465 379 373
f 371 471 469
f 469 373 371
f 369 473 471
f 471 371 369
f 366 475 473
f 473 369 366
f 364 477 475
f 475 366 364
f 362 479 477
f 477 364 362
f 361 481 479
f 479 362 361
f 335 389 392
f 392 337 335
f 333 386 389
f 389 335 333
f 331 379 386
f 386 333 331
f 329 373 379
f 379 331 329
f 328 371 373
f 373 329 328
f 325 369 371
f 371 328 325
f 323 366 369
f 369 325 323
f 321 364 366
f 366 323 321
f 319 362 364
f 364 321 319
f 316 361 362
f 362 319 316
f 298 335 337
f 337 302 298
f 290 333 335
f 335 298 290
f 288 331 333
f 333 290 288
f 286 329 331
f 331 288 286
f 281 328 329
f 329 286 281
f 275 325 328
f 328 281 275
f 265 323 325
f 325 275 265
f 259 321 323
f 323 265 259
f 255 319 321
f 321 259 255
f 249 316 319
f 319 255 249
f 269 298 302
f 302 271 269
f 261 290 298
f 298 269 261
f 251 288 290
f 290 261 251
f 238 286 288
f 288 251 238
f 230 281 286
f 286 238 230
f 218 275 281
f 281 230 218
f 208 265 275
f 275 218 208
f 196 259 265
f 265 208 196
f 186 255 259
f 259 196 186
f 181 249 255
f 255 186 181
f 228 269 271
f 271 234 228
f 222 261 269
f 269 228 222
f 212 251 261
f 261 222 212
f 200 238 251
f 251 212 200
f 177 230 238
f 238 200 177
f 160 218 230
f 230 177 160
f 134 208 218
f 218 160 134
f 112 196 208
f 208 134 112
f 102 186 196
f 196 112 102
f 96 181 186
f 186 102 96
f 198 228 234
f 234 205 198
f 182 222 228
f 228 198 182
f 168 212 222
f 222 182 168
f 146 200 212
f 212 168 146
f 118 177 200
f 200 146 118
f 92 160 177
f 177 118 92
f 74 134 160
f 160 92 74
f 63 112 134
f 134 74 63
f 53 102 112
f 112 63 53
f 50 96 102
f 102 53 50
f 167 198 205
f 205 170 167
f 154 182 198
f 198 167 154
f 126 168 182
f 182 154 126
f 100 146 168
f 168 126 100
f 83 118 146
f 146 100 83
f 61 92 118
f 118 83 61
f 46 74 92
f 92 61 46
f 32 63 74
f 74 46 32
f 25 53 63
f 63 32 25
f 21 50 53
f 53 25 21
f 143 167 170
f 170 150 143
f 124 154 167
f 167 143 124
f 104 126 154
f 154 124 104
f 84 100 126
f 126 104 84
f 65 83 100
f 100 84 65
f 44 61 83
f 83 65 44
f 30 46 61
f 61 44 30
f 17 32 46
f 46 30 17
f 9 25 32
f 32 17 9
f 5 21 25
f 25 9 5
f 132 143 150
f 150 140 132
f 116 124 143
f 143 132 116
f 94 104 124
f 124 116 94
f 76 84 104
f 104 94 76
f 55 65 84
f 84 76 55
f 40 44 65
f 65 55 40
f 22 30 44
f 44 40 22
f 11 17 30
f 30 22 11
f 2 9 17
f 17 11 2
f 1 5 9
f 9 2 1
f 480 596 599
f 599 481 480
f 478 594 596
f 596 480 478
f 476 590 594
f 594 478 476
f 474 578 590
f 590 476 474
f 472 576 578
f 578 474 472
f 470 568 576
f 576 472 470
f 466 558 568
f 568 470 466
f 464 552 558
f 558 466 464
f 462 546 552
f 552 464 462
f 456 544 546
f 546 462 456
f 363 480 481
f 481 360 363
f 365 478 480
f 480 363 365
f 367 476 478
f 478 365 367
f 368 474 476
f 476 367 368
f 370 472 474
f 474 368 370
f 372 470 472
f 472 370 372
f 380 466 470
f 470 372 380
f 385 464 466
f 466 380 385
f 390 462 464
f 464 385 390
f 391 456 462
f 462 390 391
f 320 363 360
f 360 316 320
f 322 365 363
f 363 320 322
f 324 367 365
f 365 322 324
f 326 368 367
f 367 324 326
f 327 370 368
f 368 326 327
f 330 372 370
f 370 327 330
f 332 380 372
f 372 330 332
f 334 385 380
f 380 332 334
f 336 390 385
f 385 334 336
f 337 391 390
f 390 336 337
f 256 320 316
f 316 250 256
f 260 322 320
f 320 256 260
f 266 324 322
f 322 260 266
f 276 326 324
f 324 266 276
f 282 327 326
f 326 276 282
f 287 330 327
f 327 282 287
f 289 332 330
f 330 287 289
f 291 334 332
f 332 289 291
f 299 336 334
f 334 291 299
f 303 337 336
f 336 299 303
f 187 256 250
f 250 181 187
f 197 260 256
f 256 187 197
f 209 266 260
f 260 197 209
f 219 276 266
f 266 209 219
f 231 282 276
f 276 219 231
f 239 287 282
f 282 231 239
f 252 289 287
f 287 239 252
f 262 291 289
f 289 252 262
f 270 299 291
f 291 262 270
f 272 303 299
f 299 270 272
f 103 187 181
f 181 97 103
f 113 197 187
f 187 103 113
f 135 209 197
f 197 113 135
f 161 219 209
f 209 135 161
f 178 231 219
f 219 161 178
f 201 239 231
f 231 178 201
f 213 252 239
f 239 201 213
f 223 262 252
f 252 213 223
f 229 270 262
f 262 223 229
f 235 272 270
f 270 229 235
f 54 103 97
f 97 50 54
f 64 113 103
f 103 54 64
f 75 135 113
f 113 64 75
f 93 161 135
f 135 75 93
f 119 178 161
f 161 93 119
f 147 201 178
f 178 119 147
f 169 213 201
f 201 147 169
f 183 223 213
f 213 169 183
f 199 229 223
f 223 183 199
f 205 235 229
f 229 199 205
f 24 54 50
f 50 21 24
f 33 64 54
f 54 24 33
f 47 75 64
f 64 33 47
f 62 93 75
f 75 47 62
f 82 119 93
f 93 62 82
f 101 147 119
f 119 82 101
f 127 169 147
f 147 101 127
f 155 183 169
f 169 127 155
f 166 199 183
f 183 155 166
f 171 205 199
f 199 166 171
f 10 24 21
f 21 6 10
f 18 33 24
f 24 10 18
f 31 47 33
f 33 18 31
f 45 62 47
f 47 31 45
f 66 82 62
f 62 45 66
f 85 101 82
f 82 66 85
f 105 127 101
f 101 85 105
f 125 155 127
f 127 105 125
f 144 166 155
f 155 125 144
f 151 171 166
f 166 144 151
f 3 10 6
f 6 1 3
f 12 18 10
f 10 3 12
f 23 31 18
f 18 12 23
f 41 45 31
f 31 23 41
f 56 66 45
f 45 41 56
f 77 85 66
f 66 56 77
f 95 105 85
f 85 77 95
f 117 125 105
f 105 95 117
f 133 144 125
f 125 117 133
f 140 151 144
f 144 133 140
f 138 132 140
f 140 145 138
f 122 116 132
f 132 138 122
f 98 94 116
f 116 122 98
f 80 76 94
f 94 98 80
f 60 55 76
f 76 80 60
f 42 40 55
f 55 60 42
f 28 22 40
f 40 42 28
f 13 11 22
f 22 28 13
f 7 2 11
f 11 13 7
f 4 1 2
f 2 7 4
f 152 138 145
f 145 158 152
f 136 122 138
f 138 152 136
f 108 98 122
f 122 136 108
f 89 80 98
f 98 108 89
f 70 60 80
f 80 89 70
f 52 42 60
f 60 70 52
f 38 28 42
f 42 52 38
f 26 13 28
f 28 38 26
f 19 7 13
f 13 26 19
f 15 4 7
f 7 19 15
f 173 152 158
f 158 176 173
f 162 136 152
f 152 173 162
f 142 108 136
f 136 162 142
f 111 89 108
f 108 142 111
f 91 70 89
f 89 111 91
f 73 52 70
f 70 91 73
f 58 38 52
f 52 73 58
f 48 26 38
f 38 58 48
f 37 19 26
f 26 48 37
f 35 15 19
f 19 37 35
f 194 173 176
f 176 202 194
f 184 162 173
f 173 194 184
f 174 142 162
f 162 184 174
f 156 111 142
f 142 174 156
f 128 91 111
f 111 156 128
f 106 73 91
f 91 128 106
f 86 58 73
f 73 106 86
f 78 48 58
f 58 86 78
f 68 37 48
f 48 78 68
f 67 35 37
f 37 68 67
f 221 194 202
f 202 225 221
f 216 184 194
f 194 221 216
f 206 174 184
f 184 216 206
f 192 156 174
f 174 206 192
f 180 128 156
f 156 192 180
f 164 106 128
f 128 180 164
f 148 86 106
f 106 164 148
f 130 78 86
f 86 148 130
f 121 68 78
f 78 130 121
f 115 67 68
f 68 121 115
f 244 221 225
f 225 247 244
f 240 216 221
f 221 244 240
f 236 206 216
f 216 240 236
f 233 192 206
f 206 236 233
f 227 180 192
f 192 233 227
f 215 164 180
f 180 227 215
f 210 148 164
f 164 215 210
f 203 130 148
f 148 210 203
f 191 121 130
f 130 203 191
f 188 115 121
f 121 191 188
f 284 244 247
f 247 285 284
f 279 240 244
f 244 284 279
f 277 236 240
f 240 279 277
f 273 233 236
f 236 277 273
f 267 227 233
f 233 273 267
f 263 215 227
f 227 267 263
f 258 210 215
f 215 263 258
f 253 203 210
f 210 258 253
f 245 191 203
f 203 253 245
f 242 188 191
f 191 245 242
f 315 284 285
f 285 318 315
f 312 279 284
f 284 315 312
f 311 277 279
f 279 312 311
f 309 273 277
f 277 311 309
f 307 267 273
f 273 309 307
f 305 263 267
f 267 307 305
f 301 258 263
f 263 305 301
f 297 253 258
f 258 301 297
f 295 245 253
f 253 297 295
f 293 242 245
f 245 295 293
f 341 315 318
f 318 339 341
f 343 312 315
f 315 341 343
f 345 311 312
f 312 343 345
f 347 309 311
f 311 345 347
f 349 307 309
f 309 347 349
f 351 305 307
f 307 349 351
f 353 301 305
f 305 351 353
f 355 297 301
f 301 353 355
f 357 295 297
f 297 355 357
f 359 293 295
f 295 357 359
f 378 341 339
f 339 376 378
f 384 343 341
f 341 378 384
f 394 345 343
f 343 384 394
f 403 347 345
f 345 394 403
f 406 349 347
f 347 403 406
f 415 351 349
f 349 406 415
f 419 353 351
f 351 415 419
f 423 355 353
f 353 419 423
f 425 357 355
f 355 423 425
f 427 359 357
f 357 425 427
f 8 3 1
f 1 4 8
f 14 12 3
f 3 8 14
f 29 23 12
f 12 14 29
f 43 41 23
f 23 29 43
f 59 56 41
f 41 43 59
f 81 77 56
f 56 59 81
f 99 95 77
f 77 81 99
f 123 117 95
f 95 99 123
f 139 133 117
f 117 123 139
f 145 140 133
f 133 139 145
f 20 8 4
f 4 16 20
f 27 14 8
f 8 20 27
f 39 29 14
f 14 27 39
f 51 43 29
f 29 39 51
f 71 59 43
f 43 51 71
f 88 81 59
f 59 71 88
f 109 99 81
f 81 88 109
f 137 123 99
f 99 109 137
f 153 139 123
f 123 137 153
f 159 145 139
f 139 153 159
f 36 20 16
f 16 34 36
f 49 27 20
f 20 36 49
f 57 39 27
f 27 49 57
f 72 51 39
f 39 57 72
f 90 71 51
f 51 72 90
f 110 88 71
f 71 90 110
f 141 109 88
f 88 110 141
f 163 137 109
f 109 141 163
f 172 153 137
f 137 163 172
f 176 159 153
f 153 172 176
f 69 36 34
f 34 67 69
f 79 49 36
f 36 69 79
f 87 57 49
f 49 79 87
f 107 72 57
f 57 87 107
f 129 90 72
f 72 107 129
f 157 110 90
f 90 129 157
f 175 141 110
f 110 157 175
f 185 163 141
f 141 175 185
f 195 172 163
f 163 185 195
f 202 176 172
f 172 195 202
f 120 69 67
f 67 114 120
f 131 79 69
f 69 120 131
f 149 87 79
f 79 131 149
f 165 107 87
f 87 149 165
f 179 129 107
f 107 165 179
f 193 157 129
f 129 179 193
f 207 175 157
f 157 193 207
f 217 185 175
f 175 207 217
f 220 195 185
f 185 217 220
f 224 202 195
f 195 220 224
f 190 120 114
f 114 189 190
f 204 131 120
f 120 190 204
f 211 149 131
f 131 204 211
f 214 165 149
f 149 211 214
f 226 179 165
f 165 214 226
f 232 193 179
f 179 226 232
f 237 207 193
f 193 232 237
f 241 217 207
f 207 237 241
f 243 220 217
f 217 241 243
f 248 224 220
f 220 243 248
f 246 190 189
f 189 242 246
f 254 204 190
f 190 246 254
f 257 211 204
f 204 254 257
f 264 214 211
f 211 257 264
f 268 226 214
f 214 264 268
f 274 232 226
f 226 268 274
f 278 237 232
f 232 274 278
f 280 241 237
f 237 278 280
f 283 243 241
f 241 280 283
f 285 248 243
f 243 283 285
f 294 246 242
f 242 292 294
f 296 254 246
f 246 294 296
f 300 257 254
f 254 296 300
f 304 264 257
f 257 300 304
f 306 268 264
f 264 304 306
f 308 274 268
f 268 306 308
f 310 278 274
f 274 308 310
f 313 280 278
f 278 310 313
f 314 283 280
f 280 313 314
f 317 285 283
f 283 314 317
f 356 294 292
f 292 358 356
f 354 296 294
f 294 356 354
f 352 300 296
f 296 354 352
f 350 304 300
f 300 352 350
f 348 306 304
f 304 350 348
f 346 308 306
f 306 348 346
f 344 310 308
f 308 346 344
f 342 313 310
f 310 344 342
f 340 314 313
f 313 342 340
f 338 317 314
f 314 340 338
f 424 356 358
f 358 426 424
f 422 354 356
f 356 424 422
f 418 352 354
f 354 422 418
f 414 350 352
f 352 418 414
f 407 348 350
f 350 414 407
f 402 346 348
f 348 407 402
f 393 344 346
f 346 402 393
f 383 342 344
f 344 393 383
f 377 340 342
f 342 383 377
f 375 338 340
f 340 377 375
f 3186 3113 3115
f 3115 3182 3186
f 3192 3110 3113
f 3113 3186 3192
f 3196 3109 3110
f 3110 3192 3196
f 3205 3106 3109
f 3109 3196 3205
f 3211 3104 3106
f 3106 3205 3211
f 3215 3102 3104
f 3104 3211 3215
f 3217 3101 3102
f 3102 3215 3217
f 3220 3098 3101
f 3101 3217 3220
f 3222 3097 3098
f 3098 3220 3222
f 3223 3095 3097
f 3097 3222 3223
f 3227 3186 3182
f 3182 3225 3227
f 3229 3192 3186
f 3186 3227 3229
f 3231 3196 3192
f 3192 3229 3231
f 3233 3205 3196
f 3196 3231 3233
f 3235 3211 3205
f 3205 3233 3235
f 3241 3215 3211
f 3211 3235 3241
f 3245 3217 3215
f 3215 3241 3245
f 3249 3220 3217
f 3217 3245 3249
f 3251 3222 3220
f 3220 3249 3251
f 3253 3223 3222
f 3222 3251 3253
f 3239 3227 3225
f 3225 3237 3239
f 3243 3229 3227
f 3227 3239 3243
f 3247 3231 3229
f 3229 3243 3247
f 3257 3233 3231
f 3231 3247 3257
f 3263 3235 3233
f 3233 3257 3263
f 3271 3241 3235
f 3235 3263 3271
f 3279 3245 3241
f 3241 3271 3279
f 3285 3249 3245
f 3245 3279 3285
f 3293 3251 3249
f 3249 3285 3293
f 3297 3253 3251
f 3251 3293 3297
f 3259 3239 3237
f 3237 3255 3259
f 3261 3243 3239
f 3239 3259 3261
f 3265 3247 3243
f 3243 3261 3265
f 3275 3257 3247
f 3247 3265 3275
f 3287 3263 3257
f 3257 3275 3287
f 3303 3271 3263
f 3263 3287 3303
f 3314 3279 3271
f 3271 3303 3314
f 3320 3285 3279
f 3279 3314 3320
f 3330 3293 3285
f 3285 3320 3330
f 3332 3297 3293
f 3293 3330 3332
f 3270 3259 3255
f 3255 3268 3270
f 3273 3261 3259
f 3259 3270 3273
f 3283 3265 3261
f 3261 3273 3283
f 3299 3275 3265
f 3265 3283 3299
f 3308 3287 3275
f 3275 3299 3308
f 3322 3303 3287
f 3287 3308 3322
f 3338 3314 3303
f 3303 3322 3338
f 3346 3320 3314
f 3314 3338 3346
f 3351 3330 3320
f 3320 3346 3351
f 3355 3332 3330
f 3330 3351 3355
f 3282 3270 3268
f 3268 3278 3282
f 3290 3273 3270
f 3270 3282 3290
f 3302 3283 3273
f 3273 3290 3302
f 3312 3299 3283
f 3283 3302 3312
f 3324 3308 3299
f 3299 3312 3324
f 3340 3322 3308
f 3308 3324 3340
f 3353 3338 3322
f 3322 3340 3353
f 3368 3346 3338
f 3338 3353 3368
f 3373 3351 3346
f 3346 3368 3373
f 3379 3355 3351
f 3351 3373 3379
f 3295 3282 3278
f 3278 3292 3295
f 3306 3290 3282
f 3282 3295 3306
f 3316 3302 3290
f 3290 3306 3316
f 3326 3312 3302
f 3302 3316 3326
f 3345 3324 3312
f 3312 3326 3345
f 3359 3340 3324
f 3324 3345 3359
f 3376 3353 3340
f 3340 3359 3376
f 3394 3368 3353
f 3353 3376 3394
f 3404 3373 3368
f 3368 3394 3404
f 3406 3379 3373
f 3373 3404 3406
f 3310 3295 3292
f 3292 3307 3310
f 3318 3306 3295
f 3295 3310 3318
f 3336 3316 3306
f 3306 3318 3336
f 3348 3326 3316
f 3316 3336 3348
f 3369 3345 3326
f 3326 3348 3369
f 3389 3359 3345
f 3345 3369 3389
f 3425 3376 3359
f 3359 3389 3425
f 3449 3394 3376
f 3376 3425 3449
f 3468 3404 3394
f 3394 3449 3468
f 3472 3406 3404
f 3404 3468 3472
f 3335 3310 3307
f 3307 3329 3335
f 3343 3318 3310
f 3310 3335 3343
f 3362 3336 3318
f 3318 3343 3362
f 3386 3348 3336
f 3336 3362 3386
f 3422 3369 3348
f 3348 3386 3422
f 3464 3389 3369
f 3369 3422 3464
f 3490 3425 3389
f 3389 3464 3490
f 3505 3449 3425
f 3425 3490 3505
f 3521 3468 3449
f 3449 3505 3521
f 3523 3472 3468
f 3468 3521 3523
f 3364 3335 3329
f 3329 3357 3364
f 3382 3343 3335
f 3335 3364 3382
f 3416 3362 3343
f 3343 3382 3416
f 3465 3386 3362
f 3362 3416 3465
f 3495 3422 3386
f 3386 3465 3495
f 3528 3464 3422
f 3422 3495 3528
f 3553 3490 3464
f 3464 3528 3553
f 3579 3505 3490
f 3490 3553 3579
f 3592 3521 3505
f 3505 3579 3592
f 3604 3523 3521
f 3521 3592 3604
f 3221 3096 3094
f 3094 3224 3221
f 3219 3099 3096
f 3096 3221 3219
f 3218 3100 3099
f 3099 3219 3218
f 3216 3103 3100
f 3100 3218 3216
f 3212 3105 3103
f 3103 3216 3212
f 3206 3107 3105
f 3105 3212 3206
f 3197 3108 3107
f 3107 3206 3197
f 3193 3111 3108
f 3108 3197 3193
f 3187 3112 3111
f 3111 3193 3187
f 3183 3114 3112
f 3112 3187 3183
f 3252 3221 3224
f 3224 3254 3252
f 3250 3219 3221
f 3221 3252 3250
f 3246 3218 3219
f 3219 3250 3246
f 3242 3216 3218
f 3218 3246 3242
f 3236 3212 3216
f 3216 3242 3236
f 3234 3206 3212
f 3212 3236 3234
f 3232 3197 3206
f 3206 3234 3232
f 3230 3193 3197
f 3197 3232 3230
f 3228 3187 3193
f 3193 3230 3228
f 3226 3183 3187
f 3187 3228 3226
f 3294 3252 3254
f 3254 3298 3294
f 3286 3250 3252
f 3252 3294 3286
f 3280 3246 3250
f 3250 3286 3280
f 3272 3242 3246
f 3246 3280 3272
f 3264 3236 3242
f 3242 3272 3264
f 3258 3234 3236
f 3236 3264 3258
f 3248 3232 3234
f 3234 3258 3248
f 3244 3230 3232
f 3232 3248 3244
f 3240 3228 3230
f 3230 3244 3240
f 3238 3226 3228
f 3228 3240 3238
f 3331 3294 3298
f 3298 3333 3331
f 3321 3286 3294
f 3294 3331 3321
f 3315 3280 3286
f 3286 3321 3315
f 3304 3272 3280
f 3280 3315 3304
f 3288 3264 3272
f 3272 3304 3288
f 3276 3258 3264
f 3264 3288 3276
f 3266 3248 3258
f 3258 3276 3266
f 3262 3244 3248
f 3248 3266 3262
f 3260 3240 3244
f 3244 3262 3260
f 3256 3238 3240
f 3240 3260 3256
f 3350 3331 3333
f 3333 3354 3350
f 3347 3321 3331
f 3331 3350 3347
f 3339 3315 3321
f 3321 3347 3339
f 3323 3304 3315
f 3315 3339 3323
f 3309 3288 3304
f 3304 3323 3309
f 3300 3276 3288
f 3288 3309 3300
f 3284 3266 3276
f 3276 3300 3284
f 3274 3262 3266
f 3266 3284 3274
f 3269 3260 3262
f 3262 3274 3269
f 3267 3256 3260
f 3260 3269 3267
f 3372 3350 3354
f 3354 3378 3372
f 3367 3347 3350
f 3350 3372 3367
f 3352 3339 3347
f 3347 3367 3352
f 3341 3323 3339
f 3339 3352 3341
f 3325 3309 3323
f 3323 3341 3325
f 3313 3300 3309
f 3309 3325 3313
f 3301 3284 3300
f 3300 3313 3301
f 3289 3274 3284
f 3284 3301 3289
f 3281 3269 3274
f 3274 3289 3281
f 3277 3267 3269
f 3269 3281 3277
f 3403 3372 3378
f 3378 3405 3403
f 3393 3367 3372
f 3372 3403 3393
f 3377 3352 3367
f 3367 3393 3377
f 3360 3341 3352
f 3352 3377 3360
f 3344 3325 3341
f 3341 3360 3344
f 3327 3313 3325
f 3325 3344 3327
f 3317 3301 3313
f 3313 3327 3317
f 3305 3289 3301
f 3301 3317 3305
f 3296 3281 3289
f 3289 3305 3296
f 3291 3277 3281
f 3281 3296 3291
f 3469 3403 3405
f 3405 3472 3469
f 3450 3393 3403
f 3403 3469 3450
f 3426 3377 3393
f 3393 3450 3426
f 3390 3360 3377
f 3377 3426 3390
f 3370 3344 3360
f 3360 3390 3370
f 3349 3327 3344
f 3344 3370 3349
f 3337 3317 3327
f 3327 3349 3337
f 3319 3305 3317
f 3317 3337 3319
f 3311 3296 3305
f 3305 3319 3311
f 3307 3291 3296
f 3296 3311 3307
f 3520 3469 3472
f 3472 3522 3520
f 3504 3450 3469
f 3469 3520 3504
f 3489 3426 3450
f 3450 3504 3489
f 3463 3390 3426
f 3426 3489 3463
f 3421 3370 3390
f 3390 3463 3421
f 3385 3349 3370
f 3370 3421 3385
f 3361 3337 3349
f 3349 3385 3361
f 3342 3319 3337
f 3337 3361 3342
f 3334 3311 3319
f 3319 3342 3334
f 3328 3307 3311
f 3311 3334 3328
f 3591 3520 3522
f 3522 3603 3591
f 3578 3504 3520
f 3520 3591 3578
f 3552 3489 3504
f 3504 3578 3552
f 3530 3463 3489
f 3489 3552 3530
f 3499 3421 3463
f 3463 3530 3499
f 3467 3385 3421
f 3421 3499 3467
f 3415 3361 3385
f 3385 3467 3415
f 3381 3342 3361
f 3361 3415 3381
f 3363 3334 3342
f 3342 3381 3363
f 3356 3328 3334
f 3334 3363 3356
f 3374 3365 3358
f 3358 3371 3374
f 3395 3383 3365
f 3365 3374 3395
f 3443 3417 3383
f 3383 3395 3443
f 3481 3466 3417
f 3417 3443 3481
f 3514 3496 3466
f 3466 3481 3514
f 3545 3529 3496
f 3496 3514 3545
f 3573 3551 3529
f 3529 3545 3573
f 3597 3577 3551
f 3551 3573 3597
f 3613 3590 3577
f 3577 3597 3613
f 3619 3603 3590
f 3590 3613 3619
f 3387 3374 3371
f 3371 3380 3387
f 3413 3395 3374
f 3374 3387 3413
f 3461 3443 3395
f 3395 3413 3461
f 3493 3481 3443
f 3443 3461 3493
f 3524 3514 3481
f 3481 3493 3524
f 3556 3545 3514
f 3514 3524 3556
f 3584 3573 3545
f 3545 3556 3584
f 3611 3597 3573
f 3573 3584 3611
f 3628 3613 3597
f 3597 3611 3628
f 3632 3619 3613
f 3613 3628 3632
f 3398 3387 3380
f 3380 3391 3398
f 3435 3413 3387
f 3387 3398 3435
f 3473 3461 3413
f 3413 3435 3473
f 3500 3493 3461
f 3461 3473 3500
f 3531 3524 3493
f 3493 3500 3531
f 3562 3556 3524
f 3524 3531 3562
f 3595 3584 3556
f 3556 3562 3595
f 3617 3611 3584
f 3584 3595 3617
f 3633 3628 3611
f 3611 3617 3633
f 3641 3632 3628
f 3628 3633 3641
f 3409 3398 3391
f 3391 3400 3409
f 3447 3435 3398
f 3398 3409 3447
f 3477 3473 3435
f 3435 3447 3477
f 3506 3500 3473
f 3473 3477 3506
f 3540 3531 3500
f 3500 3506 3540
f 3567 3562 3531
f 3531 3540 3567
f 3601 3595 3562
f 3562 3567 3601
f 3624 3617 3595
f 3595 3601 3624
f 3639 3633 3617
f 3617 3624 3639
f 3644 3641 3633
f 3633 3639 3644
f 3433 3409 3400
f 3400 3411 3433
f 3453 3447 3409
f 3409 3433 3453
f 3483 3477 3447
f 3447 3453 3483
f 3510 3506 3477
f 3477 3483 3510
f 3543 3540 3506
f 3506 3510 3543
f 3569 3567 3540
f 3540 3543 3569
f 3599 3601 3567
f 3567 3569 3599
f 3622 3624 3601
f 3601 3599 3622
f 3637 3639 3624
f 3624 3622 3637
f 3642 3644 3639
f 3639 3637 3642
f 3439 3433 3411
f 3411 3424 3439
f 3458 3453 3433
f 3433 3439 3458
f 3487 3483 3453
f 3453 3458 3487
f 3513 3510 3483
f 3483 3487 3513
f 3542 3543 3510
f 3510 3513 3542
f 3566 3569 3543
f 3543 3542 3566
f 3593 3599 3569
f 3569 3566 3593
f 3616 3622 3599
f 3599 3593 3616
f 3630 3637 3622
f 3622 3616 3630
f 3636 3642 3637
f 3637 3630 3636
f 3441 3439 3424
f 3424 3429 3441
f 3459 3458 3439
f 3439 3441 3459
f 3485 3487 3458
f 3458 3459 3485
f 3508 3513 3487
f 3487 3485 3508
f 3533 3542 3513
f 3513 3508 3533
f 3558 3566 3542
f 3542 3533 3558
f 3582 3593 3566
f 3566 3558 3582
f 3607 3616 3593
f 3593 3582 3607
f 3620 3630 3616
f 3616 3607 3620
f 3626 3636 3630
f 3630 3620 3626
f 3437 3441 3429
f 3429 3427 3437
f 3455 3459 3441
f 3441 3437 3455
f 3479 3485 3459
f 3459 3455 3479
f 3502 3508 3485
f 3485 3479 3502
f 3526 3533 3508
f 3508 3502 3526
f 3547 3558 3533
f 3533 3526 3547
f 3571 3582 3558
f 3558 3547 3571
f 3588 3607 3582
f 3582 3571 3588
f 3605 3620 3607
f 3607 3588 3605
f 3609 3626 3620
f 3620 3605 3609
f 3419 3437 3427
f 3427 3408 3419
f 3445 3455 3437
f 3437 3419 3445
f 3470 3479 3455
f 3455 3445 3470
f 3492 3502 3479
f 3479 3470 3492
f 3517 3526 3502
f 3502 3492 3517
f 3536 3547 3526
f 3526 3517 3536
f 3554 3571 3547
f 3547 3536 3554
f 3575 3588 3571
f 3571 3554 3575
f 3580 3605 3588
f 3588 3575 3580
f 3587 3609 3605
f 3605 3580 3587
f 3401 3419 3408
f 3408 3397 3401
f 3431 3445 3419
f 3419 3401 3431
f 3451 3470 3445
f 3445 3431 3451
f 3475 3492 3470
f 3470 3451 3475
f 3497 3517 3492
f 3492 3475 3497
f 3518 3536 3517
f 3517 3497 3518
f 3537 3554 3536
f 3536 3518 3537
f 3549 3575 3554
f 3554 3537 3549
f 3560 3580 3575
f 3575 3549 3560
f 3564 3587 3580
f 3580 3560 3564
f 3614 3591 3603
f 3603 3619 3614
f 3598 3578 3591
f 3591 3614 3598
f 3574 3552 3578
f 3578 3598 3574
f 3546 3530 3552
f 3552 3574 3546
f 3515 3499 3530
f 3530 3546 3515
f 3482 3467 3499
f 3499 3515 3482
f 3444 3418 3467
f 3467 3482 3444
f 3396 3384 3418
f 3418 3444 3396
f 3375 3366 3384
f 3384 3396 3375
f 3371 3358 3366
f 3366 3375 3371
f 3629 3614 3619
f 3619 3632 3629
f 3612 3598 3614
f 3614 3629 3612
f 3585 3574 3598
f 3598 3612 3585
f 3557 3546 3574
f 3574 3585 3557
f 3525 3515 3546
f 3546 3557 3525
f 3494 3482 3515
f 3515 3525 3494
f 3462 3444 3482
f 3482 3494 3462
f 3414 3396 3444
f 3444 3462 3414
f 3388 3375 3396
f 3396 3414 3388
f 3380 3371 3375
f 3375 3388 3380
f 3634 3629 3632
f 3632 3641 3634
f 3618 3612 3629
f 3629 3634 3618
f 3596 3585 3612
f 3612 3618 3596
f 3563 3557 3585
f 3585 3596 3563
f 3532 3525 3557
f 3557 3563 3532
f 3501 3494 3525
f 3525 3532 3501
f 3474 3462 3494
f 3494 3501 3474
f 3436 3414 3462
f 3462 3474 3436
f 3399 3388 3414
f 3414 3436 3399
f 3392 3380 3388
f 3388 3399 3392
f 3640 3634 3641
f 3641 3644 3640
f 3625 3618 3634
f 3634 3640 3625
f 3602 3596 3618
f 3618 3625 3602
f 3568 3563 3596
f 3596 3602 3568
f 3539 3532 3563
f 3563 3568 3539
f 3507 3501 3532
f 3532 3539 3507
f 3478 3474 3501
f 3501 3507 3478
f 3448 3436 3474
f 3474 3478 3448
f 3410 3399 3436
f 3436 3448 3410
f 3400 3392 3399
f 3399 3410 3400
f 3638 3640 3644
f 3644 3643 3638
f 3623 3625 3640
f 3640 3638 3623
f 3600 3602 3625
f 3625 3623 3600
f 3570 3568 3602
f 3602 3600 3570
f 3544 3539 3568
f 3568 3570 3544
f 3511 3507 3539
f 3539 3544 3511
f 3484 3478 3507
f 3507 3511 3484
f 3454 3448 3478
f 3478 3484 3454
f 3434 3410 3448
f 3448 3454 3434
f 3412 3400 3410
f 3410 3434 3412
f 3631 3638 3643
f 3643 3635 3631
f 3615 3623 3638
f 3638 3631 3615
f 3594 3600 3623
f 3623 3615 3594
f 3565 3570 3600
f 3600 3594 3565
f 3541 3544 3570
f 3570 3565 3541
f 3512 3511 3544
f 3544 3541 3512
f 3488 3484 3511
f 3511 3512 3488
f 3457 3454 3484
f 3484 3488 3457
f 3440 3434 3454
f 3454 3457 3440
f 3423 3412 3434
f 3434 3440 3423
f 3621 3631 3635
f 3635 3627 3621
f 3608 3615 3631
f 3631 3621 3608
f 3583 3594 3615
f 3615 3608 3583
f 3559 3565 3594
f 3594 3583 3559
f 3534 3541 3565
f 3565 3559 3534
f 3509 3512 3541
f 3541 3534 3509
f 3486 3488 3512
f 3512 3509 3486
f 3460 3457 3488
f 3488 3486 3460
f 3442 3440 3457
f 3457 3460 3442
f 3430 3423 3440
f 3440 3442 3430
f 3606 3621 3627
f 3627 3610 3606
f 3589 3608 3621
f 3621 3606 3589
f 3572 3583 3608
f 3608 3589 3572
f 3548 3559 3583
f 3583 3572 3548
f 3527 3534 3559
f 3559 3548 3527
f 3503 3509 3534
f 3534 3527 3503
f 3480 3486 3509
f 3509 3503 3480
f 3456 3460 3486
f 3486 3480 3456
f 3438 3442 3460
f 3460 3456 3438
f 3428 3430 3442
f 3442 3438 3428
f 3581 3606 3610
f 3610 3586 3581
f 3576 3589 3606
f 3606 3581 3576
f 3555 3572 3589
f 3589 3576 3555
f 3535 3548 3572
f 3572 3555 3535
f 3516 3527 3548
f 3548 3535 3516
f 3491 3503 3527
f 3527 3516 3491
f 3471 3480 3503
f 3503 3491 3471
f 3446 3456 3480
f 3480 3471 3446
f 3420 3438 3456
f 3456 3446 3420
f 3407 3428 3438
f 3438 3420 3407
f 3561 3581 3586
f 3586 3564 3561
f 3550 3576 3581
f 3581 3561 3550
f 3538 3555 3576
f 3576 3550 3538
f 3519 3535 3555
f 3555 3538 3519
f 3498 3516 3535
f 3535 3519 3498
f 3476 3491 3516
f 3516 3498 3476
f 3452 3471 3491
f 3491 3476 3452
f 3432 3446 3471
f 3471 3452 3432
f 3402 3420 3446
f 3446 3432 3402
f 3397 3407 3420
f 3420 3402 3397
f 1888 2110 2104
f 1888 2104 2096
f 1888 2096 2076
f 1888 2076 2048
f 1888 2048 2030
f 1888 2030 2006
f 1888 2006 1982
f 1888 1982 1960
f 1888 1960 1936
f 1888 1936 1732
f 2257 2104 2110
f 2110 2261 2257
f 2249 2096 2104
f 2104 2257 2249
f 2226 2076 2096
f 2096 2249 2226
f 2200 2048 2076
f 2076 2226 2200
f 2142 2030 2048
f 2048 2200 2142
f 2094 2006 2030
f 2030 2142 2094
f 2036 1982 2006
f 2006 2094 2036
f 1988 1960 1982
f 1982 2036 1988
f 1948 1936 1960
f 1960 1988 1948
f 1728 1732 1936
f 1936 1948 1728
f 2310 2257 2261
f 2261 2315 2310
f 2300 2249 2257
f 2257 2310 2300
f 2279 2226 2249
f 2249 2300 2279
f 2243 2200 2226
f 2226 2279 2243
f 2204 2142 2200
f 2200 2243 2204
f 2132 2094 2142
f 2142 2204 2132
f 2067 2036 2094
f 2094 2132 2067
f 2000 1988 2036
f 2036 2067 2000
f 1956 1948 1988
f 1988 2000 1956
f 1734 1728 1948
f 1948 1956 1734
f 2312 2310 2315
f 2315 2316 2312
f 2302 2300 2310
f 2310 2312 2302
f 2281 2279 2300
f 2300 2302 2281
f 2245 2243 2279
f 2279 2281 2245
f 2206 2204 2243
f 2243 2245 2206
f 2134 2132 2204
f 2204 2206 2134
f 2068 2067 2132
f 2132 2134 2068
f 2002 2000 2067
f 2067 2068 2002
f 1958 1956 2000
f 2000 2002 1958
f 1878 1734 1956
f 1956 1958 1878
f 2285 2312 2316
f 2316 2289 2285
f 2259 2302 2312
f 2312 2285 2259
f 2241 2281 2302
f 2302 2259 2241
f 2214 2245 2281
f 2281 2241 2214
f 2168 2206 2245
f 2245 2214 2168
f 2106 2134 2206
f 2206 2168 2106
f 2042 2068 2134
f 2134 2106 2042
f 1994 2002 2068
f 2068 2042 1994
f 1952 1958 2002
f 2002 1994 1952
f 1731 1878 1958
f 1958 1952 1731
f 2220 2285 2289
f 2289 2225 2220
f 2210 2259 2285
f 2285 2220 2210
f 2186 2241 2259
f 2259 2210 2186
f 2146 2214 2241
f 2241 2186 2146
f 2108 2168 2214
f 2214 2146 2108
f 2060 2106 2168
f 2168 2108 2060
f 2018 2042 2106
f 2106 2060 2018
f 1978 1994 2042
f 2042 2018 1978
f 1944 1952 1994
f 1994 1978 1944
f 1727 1731 1952
f 1952 1944 1727
f 2141 2220 2225
f 2225 2145 2141
f 2127 2210 2220
f 2220 2141 2127
f 2112 2186 2210
f 2210 2127 2112
f 2084 2146 2186
f 2186 2112 2084
f 2044 2108 2146
f 2146 2084 2044
f 2024 2060 2108
f 2108 2044 2024
f 1992 2018 2060
f 2060 2024 1992
f 1970 1978 2018
f 2018 1992 1970
f 1942 1944 1978
f 1978 1970 1942
f 1721 1727 1944
f 1944 1942 1721
f 2079 2141 2145
f 2145 2087 2079
f 2075 2127 2141
f 2141 2079 2075
f 2055 2112 2127
f 2127 2075 2055
f 2039 2084 2112
f 2112 2055 2039
f 2021 2044 2084
f 2084 2039 2021
f 1996 2024 2044
f 2044 2021 1996
f 1974 1992 2024
f 2024 1996 1974
f 1954 1970 1992
f 1992 1974 1954
f 1934 1942 1970
f 1970 1954 1934
f 1720 1721 1942
f 1942 1934 1720
f 2063 2079 2087
f 2087 2071 2063
f 2051 2075 2079
f 2079 2063 2051
f 2041 2055 2075
f 2075 2051 2041
f 2029 2039 2055
f 2055 2041 2029
f 2013 2021 2039
f 2039 2029 2013
f 1991 1996 2021
f 2021 2013 1991
f 1972 1974 1996
f 1996 1991 1972
f 1950 1954 1974
f 1974 1972 1950
f 1932 1934 1954
f 1954 1950 1932
f 1701 1720 1934
f 1934 1932 1701
f 2115 2063 2071
f 2071 2123 2115
f 2101 2051 2063
f 2063 2115 2101
f 2081 2041 2051
f 2051 2101 2081
f 2057 2029 2041
f 2041 2081 2057
f 2033 2013 2029
f 2029 2057 2033
f 2009 1991 2013
f 2013 2033 2009
f 1984 1972 1991
f 1991 2009 1984
f 1964 1950 1972
f 1972 1984 1964
f 1938 1932 1950
f 1950 1964 1938
f 1698 1701 1932
f 1932 1938 1698
f 1888 1886 1686
f 1888 1686 1662
f 1888 1662 1640
f 1888 1640 1616
f 1888 1616 1592
f 1888 1592 1574
f 1888 1574 1546
f 1888 1546 1526
f 1888 1526 1518
f 1888 1518 1512
f 1674 1686 1886
f 1886 1884 1674
f 1634 1662 1686
f 1686 1674 1634
f 1586 1640 1662
f 1662 1634 1586
f 1528 1616 1640
f 1640 1586 1528
f 1480 1592 1616
f 1616 1528 1480
f 1422 1574 1592
f 1592 1480 1422
f 1396 1546 1574
f 1574 1422 1396
f 1373 1526 1546
f 1546 1396 1373
f 1365 1518 1526
f 1526 1373 1365
f 1361 1512 1518
f 1518 1365 1361
f 1666 1674 1884
f 1884 1882 1666
f 1622 1634 1674
f 1674 1666 1622
f 1557 1586 1634
f 1634 1622 1557
f 1490 1528 1586
f 1586 1557 1490
f 1418 1480 1528
f 1528 1490 1418
f 1379 1422 1480
f 1480 1418 1379
f 1343 1396 1422
f 1422 1379 1343
f 1322 1373 1396
f 1396 1343 1322
f 1312 1365 1373
f 1373 1322 1312
f 1309 1361 1365
f 1365 1312 1309
f 1664 1666 1882
f 1882 1879 1664
f 1620 1622 1666
f 1666 1664 1620
f 1554 1557 1622
f 1622 1620 1554
f 1488 1490 1557
f 1557 1554 1488
f 1416 1418 1490
f 1490 1488 1416
f 1377 1379 1418
f 1418 1416 1377
f 1341 1343 1379
f 1379 1377 1341
f 1320 1322 1343
f 1343 1341 1320
f 1310 1312 1322
f 1322 1320 1310
f 1306 1309 1312
f 1312 1310 1306
f 1670 1664 1879
f 1879 1876 1670
f 1628 1620 1664
f 1664 1670 1628
f 1580 1554 1620
f 1620 1628 1580
f 1516 1488 1554
f 1554 1580 1516
f 1454 1416 1488
f 1488 1516 1454
f 1408 1377 1416
f 1416 1454 1408
f 1381 1341 1377
f 1377 1408 1381
f 1363 1320 1341
f 1341 1381 1363
f 1337 1310 1320
f 1320 1363 1337
f 1333 1306 1310
f 1310 1337 1333
f 1678 1670 1876
f 1876 1874 1678
f 1644 1628 1670
f 1670 1678 1644
f 1604 1580 1628
f 1628 1644 1604
f 1562 1516 1580
f 1580 1604 1562
f 1514 1454 1516
f 1516 1562 1514
f 1476 1408 1454
f 1454 1514 1476
f 1436 1381 1408
f 1408 1476 1436
f 1412 1363 1381
f 1381 1436 1412
f 1402 1337 1363
f 1363 1412 1402
f 1399 1333 1337
f 1337 1402 1399
f 1680 1678 1874
f 1874 1872 1680
f 1652 1644 1678
f 1678 1680 1652
f 1630 1604 1644
f 1644 1652 1630
f 1598 1562 1604
f 1604 1630 1598
f 1578 1514 1562
f 1562 1598 1578
f 1538 1476 1514
f 1514 1578 1538
f 1510 1436 1476
f 1476 1538 1510
f 1497 1412 1436
f 1436 1510 1497
f 1483 1402 1412
f 1412 1497 1483
f 1479 1399 1402
f 1402 1483 1479
f 1688 1680 1872
f 1872 1870 1688
f 1668 1652 1680
f 1680 1688 1668
f 1648 1630 1652
f 1652 1668 1648
f 1626 1598 1630
f 1630 1648 1626
f 1603 1578 1598
f 1598 1626 1603
f 1585 1538 1578
f 1578 1603 1585
f 1569 1510 1538
f 1538 1585 1569
f 1549 1497 1510
f 1510 1569 1549
f 1545 1483 1497
f 1497 1549 1545
f 1537 1479 1483
f 1483 1545 1537
f 1690 1688 1870
f 1870 1868 1690
f 1672 1668 1688
f 1688 1690 1672
f 1650 1648 1668
f 1668 1672 1650
f 1633 1626 1648
f 1648 1650 1633
f 1611 1603 1626
f 1626 1633 1611
f 1595 1585 1603
f 1603 1611 1595
f 1583 1569 1585
f 1585 1595 1583
f 1573 1549 1569
f 1569 1583 1573
f 1561 1545 1549
f 1549 1573 1561
f 1553 1537 1545
f 1545 1561 1553
f 1684 1690 1868
f 1868 1865 1684
f 1658 1672 1690
f 1690 1684 1658
f 1638 1650 1672
f 1672 1658 1638
f 1615 1633 1650
f 1650 1638 1615
f 1591 1611 1633
f 1633 1615 1591
f 1567 1595 1611
f 1611 1591 1567
f 1543 1583 1595
f 1595 1567 1543
f 1523 1573 1583
f 1583 1543 1523
f 1509 1561 1573
f 1573 1523 1509
f 1501 1553 1561
f 1561 1509 1501
f 1888 1513 1519
f 1888 1519 1527
f 1888 1527 1547
f 1888 1547 1575
f 1888 1575 1593
f 1888 1593 1617
f 1888 1617 1641
f 1888 1641 1663
f 1888 1663 1687
f 1888 1687 1894
f 1366 1519 1513
f 1513 1362 1366
f 1374 1527 1519
f 1519 1366 1374
f 1397 1547 1527
f 1527 1374 1397
f 1423 1575 1547
f 1547 1397 1423
f 1481 1593 1575
f 1575 1423 1481
f 1529 1617 1593
f 1593 1481 1529
f 1587 1641 1617
f 1617 1529 1587
f 1635 1663 1641
f 1641 1587 1635
f 1675 1687 1663
f 1663 1635 1675
f 1895 1894 1687
f 1687 1675 1895
f 1313 1366 1362
f 1362 1308 1313
f 1323 1374 1366
f 1366 1313 1323
f 1344 1397 1374
f 1374 1323 1344
f 1380 1423 1397
f 1397 1344 1380
f 1419 1481 1423
f 1423 1380 1419
f 1491 1529 1481
f 1481 1419 1491
f 1556 1587 1529
f 1529 1491 1556
f 1623 1635 1587
f 1587 1556 1623
f 1667 1675 1635
f 1635 1623 1667
f 1890 1895 1675
f 1675 1667 1890
f 1311 1313 1308
f 1308 1307 1311
f 1321 1323 1313
f 1313 1311 1321
f 1342 1344 1323
f 1323 1321 1342
f 1378 1380 1344
f 1344 1342 1378
f 1417 1419 1380
f 1380 1378 1417
f 1489 1491 1419
f 1419 1417 1489
f 1555 1556 1491
f 1491 1489 1555
f 1621 1623 1556
f 1556 1555 1621
f 1665 1667 1623
f 1623 1621 1665
f 1881 1890 1667
f 1667 1665 1881
f 1338 1311 1307
f 1307 1334 1338
f 1364 1321 1311
f 1311 1338 1364
f 1382 1342 1321
f 1321 1364 1382
f 1409 1378 1342
f 1342 1382 1409
f 1455 1417 1378
f 1378 1409 1455
f 1517 1489 1417
f 1417 1455 1517
f 1581 1555 1489
f 1489 1517 1581
f 1629 1621 1555
f 1555 1581 1629
f 1671 1665 1621
f 1621 1629 1671
f 1893 1881 1665
f 1665 1671 1893
f 1403 1338 1334
f 1334 1398 1403
f 1413 1364 1338
f 1338 1403 1413
f 1437 1382 1364
f 1364 1413 1437
f 1477 1409 1382
f 1382 1437 1477
f 1515 1455 1409
f 1409 1477 1515
f 1563 1517 1455
f 1455 1515 1563
f 1605 1581 1517
f 1517 1563 1605
f 1645 1629 1581
f 1581 1605 1645
f 1679 1671 1629
f 1629 1645 1679
f 1900 1893 1671
f 1671 1679 1900
f 1482 1403 1398
f 1398 1478 1482
f 1496 1413 1403
f 1403 1482 1496
f 1511 1437 1413
f 1413 1496 1511
f 1539 1477 1437
f 1437 1511 1539
f 1579 1515 1477
f 1477 1539 1579
f 1599 1563 1515
f 1515 1579 1599
f 1631 1605 1563
f 1563 1599 1631
f 1653 1645 1605
f 1605 1631 1653
f 1681 1679 1645
f 1645 1653 1681
f 1902 1900 1679
f 1679 1681 1902
f 1544 1482 1478
f 1478 1536 1544
f 1548 1496 1482
f 1482 1544 1548
f 1568 1511 1496
f 1496 1548 1568
f 1584 1539 1511
f 1511 1568 1584
f 1602 1579 1539
f 1539 1584 1602
f 1627 1599 1579
f 1579 1602 1627
f 1649 1631 1599
f 1599 1627 1649
f 1669 1653 1631
f 1631 1649 1669
f 1689 1681 1653
f 1653 1669 1689
f 1921 1902 1681
f 1681 1689 1921
f 1560 1544 1536
f 1536 1552 1560
f 1572 1548 1544
f 1544 1560 1572
f 1582 1568 1548
f 1548 1572 1582
f 1594 1584 1568
f 1568 1582 1594
f 1610 1602 1584
f 1584 1594 1610
f 1632 1627 1602
f 1602 1610 1632
f 1651 1649 1627
f 1627 1632 1651
f 1673 1669 1649
f 1649 1651 1673
f 1691 1689 1669
f 1669 1673 1691
f 1922 1921 1689
f 1689 1691 1922
f 1508 1560 1552
f 1552 1500 1508
f 1522 1572 1560
f 1560 1508 1522
f 1542 1582 1572
f 1572 1522 1542
f 1566 1594 1582
f 1582 1542 1566
f 1590 1610 1594
f 1594 1566 1590
f 1614 1632 1610
f 1610 1590 1614
f 1639 1651 1632
f 1632 1614 1639
f 1659 1673 1651
f 1651 1639 1659
f 1685 1691 1673
f 1673 1659 1685
f 1928 1922 1691
f 1691 1685 1928
f 1888 1887 1937
f 1888 1937 1961
f 1888 1961 1983
f 1888 1983 2007
f 1888 2007 2031
f 1888 2031 2049
f 1888 2049 2077
f 1888 2077 2097
f 1888 2097 2105
f 1888 2105 2111
f 1949 1937 1887
f 1887 1885 1949
f 1989 1961 1937
f 1937 1949 1989
f 2037 1983 1961
f 1961 1989 2037
f 2095 2007 1983
f 1983 2037 2095
f 2143 2031 2007
f 2007 2095 2143
f 2201 2049 2031
f 2031 2143 2201
f 2227 2077 2049
f 2049 2201 2227
f 2250 2097 2077
f 2077 2227 2250
f 2258 2105 2097
f 2097 2250 2258
f 2262 2111 2105
f 2105 2258 2262
f 1957 1949 1885
f 1885 1883 1957
f 2001 1989 1949
f 1949 1957 2001
f 2066 2037 1989
f 1989 2001 2066
f 2133 2095 2037
f 2037 2066 2133
f 2205 2143 2095
f 2095 2133 2205
f 2244 2201 2143
f 2143 2205 2244
f 2280 2227 2201
f 2201 2244 2280
f 2301 2250 2227
f 2227 2280 2301
f 2311 2258 2250
f 2250 2301 2311
f 2314 2262 2258
f 2258 2311 2314
f 1959 1957 1883
f 1883 1880 1959
f 2003 2001 1957
f 1957 1959 2003
f 2069 2066 2001
f 2001 2003 2069
f 2135 2133 2066
f 2066 2069 2135
f 2207 2205 2133
f 2133 2135 2207
f 2246 2244 2205
f 2205 2207 2246
f 2282 2280 2244
f 2244 2246 2282
f 2303 2301 2280
f 2280 2282 2303
f 2313 2311 2301
f 2301 2303 2313
f 2317 2314 2311
f 2311 2313 2317
f 1953 1959 1880
f 1880 1877 1953
f 1995 2003 1959
f 1959 1953 1995
f 2043 2069 2003
f 2003 1995 2043
f 2107 2135 2069
f 2069 2043 2107
f 2169 2207 2135
f 2135 2107 2169
f 2215 2246 2207
f 2207 2169 2215
f 2242 2282 2246
f 2246 2215 2242
f 2260 2303 2282
f 2282 2242 2260
f 2286 2313 2303
f 2303 2260 2286
f 2290 2317 2313
f 2313 2286 2290
f 1945 1953 1877
f 1877 1875 1945
f 1979 1995 1953
f 1953 1945 1979
f 2019 2043 1995
f 1995 1979 2019
f 2061 2107 2043
f 2043 2019 2061
f 2109 2169 2107
f 2107 2061 2109
f 2147 2215 2169
f 2169 2109 2147
f 2187 2242 2215
f 2215 2147 2187
f 2211 2260 2242
f 2242 2187 2211
f 2221 2286 2260
f 2260 2211 2221
f 2224 2290 2286
f 2286 2221 2224
f 1943 1945 1875
f 1875 1873 1943
f 1971 1979 1945
f 1945 1943 1971
f 1993 2019 1979
f 1979 1971 1993
f 2025 2061 2019
f 2019 1993 2025
f 2045 2109 2061
f 2061 2025 2045
f 2085 2147 2109
f 2109 2045 2085
f 2113 2187 2147
f 2147 2085 2113
f 2126 2211 2187
f 2187 2113 2126
f 2140 2221 2211
f 2211 2126 2140
f 2144 2224 2221
f 2221 2140 2144
f 1935 1943 1873
f 1873 1871 1935
f 1955 1971 1943
f 1943 1935 1955
f 1975 1993 1971
f 1971 1955 1975
f 1997 2025 1993
f 1993 1975 1997
f 2020 2045 2025
f 2025 1997 2020
f 2038 2085 2045
f 2045 2020 2038
f 2054 2113 2085
f 2085 2038 2054
f 2074 2126 2113
f 2113 2054 2074
f 2078 2140 2126
f 2126 2074 2078
f 2086 2144 2140
f 2140 2078 2086
f 1933 1935 1871
f 1871 1869 1933
f 1951 1955 1935
f 1935 1933 1951
f 1973 1975 1955
f 1955 1951 1973
f 1990 1997 1975
f 1975 1973 1990
f 2012 2020 1997
f 1997 1990 2012
f 2028 2038 2020
f 2020 2012 2028
f 2040 2054 2038
f 2038 2028 2040
f 2050 2074 2054
f 2054 2040 2050
f 2062 2078 2074
f 2074 2050 2062
f 2070 2086 2078
f 2078 2062 2070
f 1939 1933 1869
f 1869 1866 1939
f 1965 1951 1933
f 1933 1939 1965
f 1985 1973 1951
f 1951 1965 1985
f 2008 1990 1973
f 1973 1985 2008
f 2032 2012 1990
f 1990 2008 2032
f 2056 2028 2012
f 2012 2032 2056
f 2080 2040 2028
f 2028 2056 2080
f 2100 2050 2040
f 2040 2080 2100
f 2114 2062 2050
f 2050 2100 2114
f 2122 2070 2062
f 2062 2114 2122
f 2232 2116 2124
f 2124 2236 2232
f 2218 2102 2116
f 2116 2232 2218
f 2199 2082 2102
f 2102 2218 2199
f 2150 2058 2082
f 2082 2199 2150
f 2120 2034 2058
f 2058 2150 2120
f 2064 2010 2034
f 2034 2120 2064
f 2023 1986 2010
f 2010 2064 2023
f 1980 1966 1986
f 1986 2023 1980
f 1946 1940 1966
f 1966 1980 1946
f 1862 1730 1940
f 1940 1946 1862
f 2332 2232 2236
f 2236 2336 2332
f 2322 2218 2232
f 2232 2332 2322
f 2306 2199 2218
f 2218 2322 2306
f 2275 2150 2199
f 2199 2306 2275
f 2234 2120 2150
f 2150 2275 2234
f 2170 2064 2120
f 2120 2234 2170
f 2093 2023 2064
f 2064 2170 2093
f 2016 1980 2023
f 2023 2093 2016
f 1968 1946 1980
f 1980 2016 1968
f 1858 1862 1946
f 1946 1968 1858
f 2409 2332 2336
f 2336 2413 2409
f 2400 2322 2332
f 2332 2409 2400
f 2376 2306 2322
f 2322 2400 2376
f 2349 2275 2306
f 2306 2376 2349
f 2324 2234 2275
f 2275 2349 2324
f 2271 2170 2234
f 2234 2324 2271
f 2185 2093 2170
f 2170 2271 2185
f 2072 2016 2093
f 2093 2185 2072
f 1976 1968 2016
f 2016 2072 1976
f 1729 1858 1968
f 1968 1976 1729
f 2488 2409 2413
f 2413 2498 2488
f 2470 2400 2409
f 2409 2488 2470
f 2444 2376 2400
f 2400 2470 2444
f 2418 2349 2376
f 2376 2444 2418
f 2384 2324 2349
f 2349 2418 2384
f 2338 2271 2324
f 2324 2384 2338
f 2269 2185 2271
f 2271 2338 2269
f 2138 2072 2185
f 2185 2269 2138
f 1998 1976 2072
f 2072 2138 1998
f 1722 1729 1976
f 1976 1998 1722
f 2559 2488 2498
f 2498 2569 2559
f 2549 2470 2488
f 2488 2559 2549
f 2531 2444 2470
f 2470 2549 2531
f 2492 2418 2444
f 2444 2531 2492
f 2436 2384 2418
f 2418 2492 2436
f 2394 2338 2384
f 2384 2436 2394
f 2326 2269 2338
f 2338 2394 2326
f 2212 2138 2269
f 2269 2326 2212
f 2026 1998 2138
f 2138 2212 2026
f 1850 1722 1998
f 1998 2026 1850
f 2653 2559 2569
f 2569 2655 2653
f 2631 2549 2559
f 2559 2653 2631
f 2593 2531 2549
f 2549 2631 2593
f 2551 2492 2531
f 2531 2593 2551
f 2510 2436 2492
f 2492 2551 2510
f 2432 2394 2436
f 2436 2510 2432
f 2366 2326 2394
f 2394 2432 2366
f 2263 2212 2326
f 2326 2366 2263
f 2052 2026 2212
f 2212 2263 2052
f 1726 1850 2026
f 2026 2052 1726
f 2720 2653 2655
f 2655 2726 2720
f 2697 2631 2653
f 2653 2720 2697
f 2662 2593 2631
f 2631 2697 2662
f 2607 2551 2593
f 2593 2662 2607
f 2547 2510 2551
f 2551 2607 2547
f 2484 2432 2510
f 2510 2547 2484
f 2405 2366 2432
f 2432 2484 2405
f 2308 2263 2366
f 2366 2405 2308
f 2090 2052 2263
f 2263 2308 2090
f 1719 1726 2052
f 2052 2090 1719
f 2787 2720 2726
f 2726 2795 2787
f 2759 2697 2720
f 2720 2787 2759
f 2713 2662 2697
f 2697 2759 2713
f 2657 2607 2662
f 2662 2713 2657
f 2589 2547 2607
f 2607 2657 2589
f 2525 2484 2547
f 2547 2589 2525
f 2422 2405 2484
f 2484 2525 2422
f 2330 2308 2405
f 2405 2422 2330
f 2118 2090 2308
f 2308 2330 2118
f 1700 1719 2090
f 2090 2118 1700
f 2834 2787 2795
f 2795 2844 2834
f 2798 2759 2787
f 2787 2834 2798
f 2750 2713 2759
f 2759 2798 2750
f 2690 2657 2713
f 2713 2750 2690
f 2624 2589 2657
f 2657 2690 2624
f 2536 2525 2589
f 2589 2624 2536
f 2441 2422 2525
f 2525 2536 2441
f 2340 2330 2422
f 2422 2441 2340
f 2128 2118 2330
f 2330 2340 2128
f 1825 1700 2118
f 2118 2128 1825
f 2847 2834 2844
f 2844 2857 2847
f 2821 2798 2834
f 2834 2847 2821
f 2765 2750 2798
f 2798 2821 2765
f 2703 2690 2750
f 2750 2765 2703
f 2637 2624 2690
f 2690 2703 2637
f 2543 2536 2624
f 2624 2637 2543
f 2446 2441 2536
f 2536 2543 2446
f 2344 2340 2441
f 2441 2446 2344
f 2136 2128 2340
f 2340 2344 2136
f 1713 1825 2128
f 2128 2136 1713
f 1676 1682 1864
f 1864 1862 1676
f 1642 1656 1682
f 1682 1676 1642
f 1601 1636 1656
f 1656 1642 1601
f 1558 1612 1636
f 1636 1601 1558
f 1502 1588 1612
f 1612 1558 1502
f 1472 1564 1588
f 1588 1502 1472
f 1425 1540 1564
f 1564 1472 1425
f 1404 1520 1540
f 1540 1425 1404
f 1390 1506 1520
f 1520 1404 1390
f 1387 1498 1506
f 1506 1390 1387
f 1654 1676 1862
f 1862 1859 1654
f 1606 1642 1676
f 1676 1654 1606
f 1531 1601 1642
f 1642 1606 1531
f 1452 1558 1601
f 1601 1531 1452
f 1388 1502 1558
f 1558 1452 1388
f 1347 1472 1502
f 1502 1388 1347
f 1316 1425 1472
f 1472 1347 1316
f 1300 1404 1425
f 1425 1316 1300
f 1290 1390 1404
f 1404 1300 1290
f 1286 1387 1390
f 1390 1290 1286
f 1646 1654 1859
f 1859 1856 1646
f 1550 1606 1654
f 1654 1646 1550
f 1439 1531 1606
f 1606 1550 1439
f 1351 1452 1531
f 1531 1439 1351
f 1298 1388 1452
f 1452 1351 1298
f 1275 1347 1388
f 1388 1298 1275
f 1246 1316 1347
f 1347 1275 1246
f 1222 1300 1316
f 1316 1246 1222
f 1215 1290 1300
f 1300 1222 1215
f 1211 1286 1290
f 1290 1215 1211
f 1624 1646 1856
f 1856 1854 1624
f 1484 1550 1646
f 1646 1624 1484
f 1353 1439 1550
f 1550 1484 1353
f 1284 1351 1439
f 1439 1353 1284
f 1238 1298 1351
f 1351 1284 1238
f 1204 1275 1298
f 1298 1238 1204
f 1178 1246 1275
f 1275 1204 1178
f 1152 1222 1246
f 1246 1178 1152
f 1134 1215 1222
f 1222 1152 1134
f 1124 1211 1215
f 1215 1134 1124
f 1596 1624 1854
f 1854 1851 1596
f 1410 1484 1624
f 1624 1596 1410
f 1296 1353 1484
f 1484 1410 1296
f 1228 1284 1353
f 1353 1296 1228
f 1186 1238 1284
f 1284 1228 1186
f 1130 1204 1238
f 1238 1186 1130
f 1091 1178 1204
f 1204 1130 1091
f 1073 1152 1178
f 1178 1091 1073
f 1063 1134 1152
f 1152 1073 1063
f 1053 1124 1134
f 1134 1063 1053
f 1570 1596 1851
f 1851 1848 1570
f 1359 1410 1596
f 1596 1570 1359
f 1256 1296 1410
f 1410 1359 1256
f 1190 1228 1296
f 1296 1256 1190
f 1112 1186 1228
f 1228 1190 1112
f 1071 1130 1186
f 1186 1112 1071
f 1029 1091 1130
f 1130 1071 1029
f 991 1073 1091
f 1091 1029 991
f 969 1063 1073
f 1073 991 969
f 967 1053 1063
f 1063 969 967
f 1532 1570 1848
f 1848 1846 1532
f 1314 1359 1570
f 1570 1532 1314
f 1219 1256 1359
f 1359 1314 1219
f 1138 1190 1256
f 1256 1219 1138
f 1075 1112 1190
f 1190 1138 1075
f 1015 1071 1112
f 1112 1075 1015
f 962 1029 1071
f 1071 1015 962
f 925 991 1029
f 1029 962 925
f 904 969 991
f 991 925 904
f 898 967 969
f 969 904 898
f 1504 1532 1846
f 1846 1832 1504
f 1292 1314 1532
f 1532 1504 1292
f 1200 1219 1314
f 1314 1292 1200
f 1097 1138 1219
f 1219 1200 1097
f 1033 1075 1138
f 1138 1097 1033
f 965 1015 1075
f 1075 1033 965
f 909 962 1015
f 1015 965 909
f 863 925 962
f 962 909 863
f 835 904 925
f 925 863 835
f 827 898 904
f 904 835 827
f 1494 1504 1832
f 1832 1824 1494
f 1282 1292 1504
f 1504 1494 1282
f 1183 1200 1292
f 1292 1282 1183
f 1088 1097 1200
f 1200 1183 1088
f 1000 1033 1097
f 1097 1088 1000
f 934 965 1033
f 1033 1000 934
f 874 909 965
f 965 934 874
f 826 863 909
f 909 874 826
f 790 835 863
f 863 826 790
f 780 827 835
f 835 790 780
f 1486 1494 1824
f 1824 1814 1486
f 1278 1282 1494
f 1494 1486 1278
f 1176 1183 1282
f 1282 1278 1176
f 1079 1088 1183
f 1183 1176 1079
f 985 1000 1088
f 1088 1079 985
f 919 934 1000
f 1000 985 919
f 857 874 934
f 934 919 857
f 801 826 874
f 874 857 801
f 775 790 826
f 826 801 775
f 765 780 790
f 790 775 765
f 1391 1507 1499
f 1499 1387 1391
f 1405 1521 1507
f 1507 1391 1405
f 1424 1541 1521
f 1521 1405 1424
f 1473 1565 1541
f 1541 1424 1473
f 1503 1589 1565
f 1565 1473 1503
f 1559 1613 1589
f 1589 1503 1559
f 1600 1637 1613
f 1613 1559 1600
f 1643 1657 1637
f 1637 1600 1643
f 1677 1683 1657
f 1657 1643 1677
f 1863 1892 1683
f 1683 1677 1863
f 1291 1391 1387
f 1387 1287 1291
f 1301 1405 1391
f 1391 1291 1301
f 1317 1424 1405
f 1405 1301 1317
f 1348 1473 1424
f 1424 1317 1348
f 1389 1503 1473
f 1473 1348 1389
f 1453 1559 1503
f 1503 1389 1453
f 1530 1600 1559
f 1559 1453 1530
f 1607 1643 1600
f 1600 1530 1607
f 1655 1677 1643
f 1643 1607 1655
f 1861 1863 1677
f 1677 1655 1861
f 1214 1291 1287
f 1287 1210 1214
f 1223 1301 1291
f 1291 1214 1223
f 1247 1317 1301
f 1301 1223 1247
f 1274 1348 1317
f 1317 1247 1274
f 1299 1389 1348
f 1348 1274 1299
f 1352 1453 1389
f 1389 1299 1352
f 1438 1530 1453
f 1453 1352 1438
f 1551 1607 1530
f 1530 1438 1551
f 1647 1655 1607
f 1607 1551 1647
f 1891 1861 1655
f 1655 1647 1891
f 1135 1214 1210
f 1210 1125 1135
f 1153 1223 1214
f 1214 1135 1153
f 1179 1247 1223
f 1223 1153 1179
f 1205 1274 1247
f 1247 1179 1205
f 1239 1299 1274
f 1274 1205 1239
f 1285 1352 1299
f 1299 1239 1285
f 1354 1438 1352
f 1352 1285 1354
f 1485 1551 1438
f 1438 1354 1485
f 1625 1647 1551
f 1551 1485 1625
f 1901 1891 1647
f 1647 1625 1901
f 1064 1135 1125
f 1125 1054 1064
f 1074 1153 1135
f 1135 1064 1074
f 1092 1179 1153
f 1153 1074 1092
f 1131 1205 1179
f 1179 1092 1131
f 1187 1239 1205
f 1205 1131 1187
f 1229 1285 1239
f 1239 1187 1229
f 1297 1354 1285
f 1285 1229 1297
f 1411 1485 1354
f 1354 1297 1411
f 1597 1625 1485
f 1485 1411 1597
f 1853 1901 1625
f 1625 1597 1853
f 970 1064 1054
f 1054 968 970
f 992 1074 1064
f 1064 970 992
f 1030 1092 1074
f 1074 992 1030
f 1072 1131 1092
f 1092 1030 1072
f 1113 1187 1131
f 1131 1072 1113
f 1191 1229 1187
f 1187 1113 1191
f 1257 1297 1229
f 1229 1191 1257
f 1360 1411 1297
f 1297 1257 1360
f 1571 1597 1411
f 1411 1360 1571
f 1899 1853 1597
f 1597 1571 1899
f 903 970 968
f 968 897 903
f 926 992 970
f 970 903 926
f 961 1030 992
f 992 926 961
f 1016 1072 1030
f 1030 961 1016
f 1076 1113 1072
f 1072 1016 1076
f 1139 1191 1113
f 1113 1076 1139
f 1218 1257 1191
f 1191 1139 1218
f 1315 1360 1257
f 1257 1218 1315
f 1533 1571 1360
f 1360 1315 1533
f 1920 1899 1571
f 1571 1533 1920
f 836 903 897
f 897 828 836
f 864 926 903
f 903 836 864
f 910 961 926
f 926 864 910
f 966 1016 961
f 961 910 966
f 1034 1076 1016
f 1016 966 1034
f 1098 1139 1076
f 1076 1034 1098
f 1201 1218 1139
f 1139 1098 1201
f 1293 1315 1218
f 1218 1201 1293
f 1505 1533 1315
f 1315 1293 1505
f 1924 1920 1533
f 1533 1505 1924
f 789 836 828
f 828 779 789
f 825 864 836
f 836 789 825
f 873 910 864
f 864 825 873
f 933 966 910
f 910 873 933
f 999 1034 966
f 966 933 999
f 1087 1098 1034
f 1034 999 1087
f 1182 1201 1098
f 1098 1087 1182
f 1283 1293 1201
f 1201 1182 1283
f 1495 1505 1293
f 1293 1283 1495
f 1826 1924 1505
f 1505 1495 1826
f 776 789 779
f 779 766 776
f 802 825 789
f 789 776 802
f 858 873 825
f 825 802 858
f 920 933 873
f 873 858 920
f 986 999 933
f 933 920 986
f 1080 1087 999
f 999 986 1080
f 1177 1182 1087
f 1087 1080 1177
f 1279 1283 1182
f 1182 1177 1279
f 1487 1495 1283
f 1283 1279 1487
f 1914 1826 1495
f 1495 1487 1914
f 1947 1941 1867
f 1867 1863 1947
f 1981 1967 1941
f 1941 1947 1981
f 2022 1987 1967
f 1967 1981 2022
f 2065 2011 1987
f 1987 2022 2065
f 2121 2035 2011
f 2011 2065 2121
f 2151 2059 2035
f 2035 2121 2151
f 2198 2083 2059
f 2059 2151 2198
f 2219 2103 2083
f 2083 2198 2219
f 2233 2117 2103
f 2103 2219 2233
f 2236 2125 2117
f 2117 2233 2236
f 1969 1947 1863
f 1863 1860 1969
f 2017 1981 1947
f 1947 1969 2017
f 2092 2022 1981
f 1981 2017 2092
f 2171 2065 2022
f 2022 2092 2171
f 2235 2121 2065
f 2065 2171 2235
f 2276 2151 2121
f 2121 2235 2276
f 2307 2198 2151
f 2151 2276 2307
f 2323 2219 2198
f 2198 2307 2323
f 2333 2233 2219
f 2219 2323 2333
f 2337 2236 2233
f 2233 2333 2337
f 1977 1969 1860
f 1860 1857 1977
f 2073 2017 1969
f 1969 1977 2073
f 2184 2092 2017
f 2017 2073 2184
f 2272 2171 2092
f 2092 2184 2272
f 2325 2235 2171
f 2171 2272 2325
f 2348 2276 2235
f 2235 2325 2348
f 2377 2307 2276
f 2276 2348 2377
f 2401 2323 2307
f 2307 2377 2401
f 2408 2333 2323
f 2323 2401 2408
f 2412 2337 2333
f 2333 2408 2412
f 1999 1977 1857
f 1857 1855 1999
f 2139 2073 1977
f 1977 1999 2139
f 2270 2184 2073
f 2073 2139 2270
f 2339 2272 2184
f 2184 2270 2339
f 2385 2325 2272
f 2272 2339 2385
f 2419 2348 2325
f 2325 2385 2419
f 2445 2377 2348
f 2348 2419 2445
f 2471 2401 2377
f 2377 2445 2471
f 2489 2408 2401
f 2401 2471 2489
f 2499 2412 2408
f 2408 2489 2499
f 2027 1999 1855
f 1855 1852 2027
f 2213 2139 1999
f 1999 2027 2213
f 2327 2270 2139
f 2139 2213 2327
f 2395 2339 2270
f 2270 2327 2395
f 2437 2385 2339
f 2339 2395 2437
f 2493 2419 2385
f 2385 2437 2493
f 2532 2445 2419
f 2419 2493 2532
f 2550 2471 2445
f 2445 2532 2550
f 2560 2489 2471
f 2471 2550 2560
f 2570 2499 2489
f 2489 2560 2570
f 2053 2027 1852
f 1852 1849 2053
f 2264 2213 2027
f 2027 2053 2264
f 2367 2327 2213
f 2213 2264 2367
f 2433 2395 2327
f 2327 2367 2433
f 2511 2437 2395
f 2395 2433 2511
f 2552 2493 2437
f 2437 2511 2552
f 2594 2532 2493
f 2493 2552 2594
f 2632 2550 2532
f 2532 2594 2632
f 2654 2560 2550
f 2550 2632 2654
f 2656 2570 2560
f 2560 2654 2656
f 2091 2053 1849
f 1849 1847 2091
f 2309 2264 2053
f 2053 2091 2309
f 2404 2367 2264
f 2264 2309 2404
f 2485 2433 2367
f 2367 2404 2485
f 2548 2511 2433
f 2433 2485 2548
f 2608 2552 2511
f 2511 2548 2608
f 2661 2594 2552
f 2552 2608 2661
f 2698 2632 2594
f 2594 2661 2698
f 2719 2654 2632
f 2632 2698 2719
f 2725 2656 2654
f 2654 2719 2725
f 2119 2091 1847
f 1847 1833 2119
f 2331 2309 2091
f 2091 2119 2331
f 2423 2404 2309
f 2309 2331 2423
f 2526 2485 2404
f 2404 2423 2526
f 2590 2548 2485
f 2485 2526 2590
f 2658 2608 2548
f 2548 2590 2658
f 2714 2661 2608
f 2608 2658 2714
f 2760 2698 2661
f 2661 2714 2760
f 2788 2719 2698
f 2698 2760 2788
f 2796 2725 2719
f 2719 2788 2796
f 2129 2119 1833
f 1833 1827 2129
f 2341 2331 2119
f 2119 2129 2341
f 2440 2423 2331
f 2331 2341 2440
f 2535 2526 2423
f 2423 2440 2535
f 2623 2590 2526
f 2526 2535 2623
f 2689 2658 2590
f 2590 2623 2689
f 2749 2714 2658
f 2658 2689 2749
f 2797 2760 2714
f 2714 2749 2797
f 2833 2788 2760
f 2760 2797 2833
f 2843 2796 2788
f 2788 2833 2843
f 2137 2129 1827
f 1827 1815 2137
f 2345 2341 2129
f 2129 2137 2345
f 2447 2440 2341
f 2341 2345 2447
f 2544 2535 2440
f 2440 2447 2544
f 2638 2623 2535
f 2535 2544 2638
f 2704 2689 2623
f 2623 2638 2704
f 2766 2749 2689
f 2689 2704 2766
f 2822 2797 2749
f 2749 2766 2822
f 2848 2833 2797
f 2797 2822 2848
f 2858 2843 2833
f 2833 2848 2858
f 1735 2334 2329
f 1735 2329 2321
f 1735 2321 2305
f 1735 2305 2274
f 1735 2274 2231
f 1735 2231 2167
f 1735 2167 2089
f 1735 2089 2014
f 1735 2014 1962
f 1735 1962 1733
f 2515 2329 2334
f 2334 2524 2515
f 2495 2321 2329
f 2329 2515 2495
f 2456 2305 2321
f 2321 2495 2456
f 2429 2274 2305
f 2305 2456 2429
f 2399 2231 2274
f 2274 2429 2399
f 2347 2167 2231
f 2231 2399 2347
f 2292 2089 2167
f 2167 2347 2292
f 2148 2014 2089
f 2089 2292 2148
f 2004 1962 2014
f 2014 2148 2004
f 1739 1733 1962
f 1962 2004 1739
f 2647 2515 2524
f 2524 2649 2647
f 2621 2495 2515
f 2515 2647 2621
f 2584 2456 2495
f 2495 2621 2584
f 2541 2429 2456
f 2456 2584 2541
f 2502 2399 2429
f 2429 2541 2502
f 2426 2347 2399
f 2399 2502 2426
f 2352 2292 2347
f 2347 2426 2352
f 2255 2148 2292
f 2292 2352 2255
f 2046 2004 2148
f 2148 2255 2046
f 1702 1739 2004
f 2004 2046 1702
f 2746 2647 2649
f 2649 2757 2746
f 2721 2621 2647
f 2647 2746 2721
f 2681 2584 2621
f 2621 2721 2681
f 2639 2541 2584
f 2584 2681 2639
f 2557 2502 2541
f 2541 2639 2557
f 2505 2426 2502
f 2502 2557 2505
f 2415 2352 2426
f 2426 2505 2415
f 2318 2255 2352
f 2352 2415 2318
f 2098 2046 2255
f 2255 2318 2098
f 1745 1702 2046
f 2046 2098 1745
f 2840 2746 2757
f 2757 2849 2840
f 2808 2721 2746
f 2746 2840 2808
f 2756 2681 2721
f 2721 2808 2756
f 2696 2639 2681
f 2681 2756 2696
f 2626 2557 2639
f 2639 2696 2626
f 2538 2505 2557
f 2557 2626 2538
f 2443 2415 2505
f 2505 2538 2443
f 2342 2318 2415
f 2415 2443 2342
f 2131 2098 2318
f 2318 2342 2131
f 1904 1745 2098
f 2098 2131 1904
f 2906 2840 2849
f 2849 2925 2906
f 2867 2808 2840
f 2840 2906 2867
f 2818 2756 2808
f 2808 2867 2818
f 2736 2696 2756
f 2756 2818 2736
f 2667 2626 2696
f 2696 2736 2667
f 2565 2538 2626
f 2626 2667 2565
f 2475 2443 2538
f 2538 2565 2475
f 2356 2342 2443
f 2443 2475 2356
f 2156 2131 2342
f 2342 2356 2156
f 1704 1904 2131
f 2131 2156 1704
f 2976 2906 2925
f 2925 2987 2976
f 2914 2867 2906
f 2906 2976 2914
f 2852 2818 2867
f 2867 2914 2852
f 2772 2736 2818
f 2818 2852 2772
f 2688 2667 2736
f 2736 2772 2688
f 2592 2565 2667
f 2667 2688 2592
f 2497 2475 2565
f 2565 2592 2497
f 2372 2356 2475
f 2475 2497 2372
f 2176 2156 2356
f 2356 2372 2176
f 1752 1704 2156
f 2156 2176 1752
f 2993 2976 2987
f 2987 3011 2993
f 2952 2914 2976
f 2976 2993 2952
f 2874 2852 2914
f 2914 2952 2874
f 2794 2772 2852
f 2852 2874 2794
f 2702 2688 2772
f 2772 2794 2702
f 2604 2592 2688
f 2688 2702 2604
f 2509 2497 2592
f 2592 2604 2509
f 2380 2372 2497
f 2497 2509 2380
f 2182 2176 2372
f 2372 2380 2182
f 1723 1752 2176
f 2176 2182 1723
f 3000 2993 3011
f 3011 3020 3000
f 2967 2952 2993
f 2993 3000 2967
f 2879 2874 2952
f 2952 2967 2879
f 2799 2794 2874
f 2874 2879 2799
f 2707 2702 2794
f 2794 2799 2707
f 2605 2604 2702
f 2702 2707 2605
f 2512 2509 2604
f 2604 2605 2512
f 2382 2380 2509
f 2509 2512 2382
f 2188 2182 2380
f 2380 2382 2188
f 1699 1723 2182
f 2182 2188 1699
f 3006 3000 3020
f 3020 3022 3006
f 2972 2967 3000
f 3000 3006 2972
f 2888 2879 2967
f 2967 2972 2888
f 2804 2799 2879
f 2879 2888 2804
f 2710 2707 2799
f 2799 2804 2710
f 2613 2605 2707
f 2707 2710 2613
f 2520 2512 2605
f 2605 2613 2520
f 2388 2382 2512
f 2512 2520 2388
f 2192 2188 2382
f 2382 2388 2192
f 1760 1699 2188
f 2188 2192 1760
f 1735 1737 1660
f 1735 1660 1608
f 1735 1608 1535
f 1735 1535 1457
f 1735 1457 1393
f 1735 1393 1350
f 1735 1350 1319
f 1735 1319 1303
f 1735 1303 1295
f 1735 1295 1288
f 1618 1660 1737
f 1737 1739 1618
f 1474 1608 1660
f 1660 1618 1474
f 1332 1535 1608
f 1608 1474 1332
f 1277 1457 1535
f 1535 1332 1277
f 1225 1393 1457
f 1457 1277 1225
f 1195 1350 1393
f 1393 1225 1195
f 1166 1319 1350
f 1350 1195 1166
f 1129 1303 1319
f 1319 1166 1129
f 1109 1295 1303
f 1303 1129 1109
f 1099 1288 1295
f 1295 1109 1099
f 1576 1618 1739
f 1739 1741 1576
f 1367 1474 1618
f 1618 1576 1367
f 1270 1332 1474
f 1474 1367 1270
f 1196 1277 1332
f 1332 1270 1196
f 1120 1225 1277
f 1277 1196 1120
f 1081 1195 1225
f 1225 1120 1081
f 1040 1166 1195
f 1195 1081 1040
f 1001 1129 1166
f 1166 1040 1001
f 975 1109 1129
f 1129 1001 975
f 973 1099 1109
f 1109 975 973
f 1524 1576 1741
f 1741 1744 1524
f 1304 1367 1576
f 1576 1524 1304
f 1209 1270 1367
f 1367 1304 1209
f 1119 1196 1270
f 1270 1209 1119
f 1065 1120 1196
f 1196 1119 1065
f 983 1081 1120
f 1120 1065 983
f 941 1040 1081
f 1081 983 941
f 901 1001 1040
f 1040 941 901
f 878 975 1001
f 1001 901 878
f 865 973 975
f 975 878 865
f 1493 1524 1744
f 1744 1747 1493
f 1280 1304 1524
f 1524 1493 1280
f 1181 1209 1304
f 1304 1280 1181
f 1086 1119 1209
f 1209 1181 1086
f 998 1065 1119
f 1119 1086 998
f 928 983 1065
f 1065 998 928
f 868 941 983
f 983 928 868
f 816 901 941
f 941 868 816
f 784 878 901
f 901 816 784
f 773 865 878
f 878 784 773
f 1466 1493 1747
f 1747 1749 1466
f 1266 1280 1493
f 1493 1466 1266
f 1149 1181 1280
f 1280 1266 1149
f 1057 1086 1181
f 1181 1149 1057
f 955 998 1086
f 1086 1057 955
f 888 928 998
f 998 955 888
f 806 868 928
f 928 888 806
f 755 816 868
f 868 806 755
f 718 784 816
f 816 755 718
f 697 773 784
f 784 718 697
f 1446 1466 1749
f 1749 1753 1446
f 1250 1266 1466
f 1466 1446 1250
f 1127 1149 1266
f 1266 1250 1127
f 1032 1057 1149
f 1149 1127 1032
f 936 955 1057
f 1057 1032 936
f 852 888 955
f 955 936 852
f 772 806 888
f 888 852 772
f 710 755 806
f 806 772 710
f 648 718 755
f 755 710 648
f 637 697 718
f 718 648 637
f 1440 1446 1753
f 1753 1755 1440
f 1242 1250 1446
f 1446 1440 1242
f 1115 1127 1250
f 1250 1242 1115
f 1020 1032 1127
f 1127 1115 1020
f 922 936 1032
f 1032 1020 922
f 830 852 936
f 936 922 830
f 750 772 852
f 852 830 750
f 672 710 772
f 772 750 672
f 631 648 710
f 710 672 631
f 613 637 648
f 648 631 613
f 1434 1440 1755
f 1755 1757 1434
f 1240 1242 1440
f 1440 1434 1240
f 1110 1115 1242
f 1242 1240 1110
f 1017 1020 1115
f 1115 1110 1017
f 915 922 1020
f 1020 1017 915
f 823 830 922
f 922 915 823
f 743 750 830
f 830 823 743
f 655 672 750
f 750 743 655
f 622 631 672
f 672 655 622
f 602 613 631
f 631 622 602
f 1428 1434 1757
f 1757 1760 1428
f 1232 1240 1434
f 1434 1428 1232
f 1105 1110 1240
f 1240 1232 1105
f 1010 1017 1110
f 1110 1105 1010
f 913 915 1017
f 1017 1010 913
f 821 823 915
f 915 913 821
f 736 743 823
f 823 821 736
f 652 655 743
f 743 736 652
f 619 622 655
f 655 652 619
f 601 602 622
f 622 619 601
f 1735 1289 1294
f 1735 1294 1302
f 1735 1302 1318
f 1735 1318 1349
f 1735 1349 1392
f 1735 1392 1456
f 1735 1456 1534
f 1735 1534 1609
f 1735 1609 1661
f 1735 1661 1889
f 1108 1294 1289
f 1289 1099 1108
f 1128 1302 1294
f 1294 1108 1128
f 1167 1318 1302
f 1302 1128 1167
f 1194 1349 1318
f 1318 1167 1194
f 1224 1392 1349
f 1349 1194 1224
f 1276 1456 1392
f 1392 1224 1276
f 1331 1534 1456
f 1456 1276 1331
f 1475 1609 1534
f 1534 1331 1475
f 1619 1661 1609
f 1609 1475 1619
f 1738 1889 1661
f 1661 1619 1738
f 976 1108 1099
f 1099 974 976
f 1002 1128 1108
f 1108 976 1002
f 1039 1167 1128
f 1128 1002 1039
f 1082 1194 1167
f 1167 1039 1082
f 1121 1224 1194
f 1194 1082 1121
f 1197 1276 1224
f 1224 1121 1197
f 1271 1331 1276
f 1276 1197 1271
f 1368 1475 1331
f 1331 1271 1368
f 1577 1619 1475
f 1475 1368 1577
f 1903 1738 1619
f 1619 1577 1903
f 877 976 974
f 974 866 877
f 902 1002 976
f 976 877 902
f 942 1039 1002
f 1002 902 942
f 984 1082 1039
f 1039 942 984
f 1066 1121 1082
f 1082 984 1066
f 1118 1197 1121
f 1121 1066 1118
f 1208 1271 1197
f 1197 1118 1208
f 1305 1368 1271
f 1271 1208 1305
f 1525 1577 1368
f 1368 1305 1525
f 1742 1903 1577
f 1577 1525 1742
f 783 877 866
f 866 774 783
f 815 902 877
f 877 783 815
f 867 942 902
f 902 815 867
f 927 984 942
f 942 867 927
f 997 1066 984
f 984 927 997
f 1085 1118 1066
f 1066 997 1085
f 1180 1208 1118
f 1118 1085 1180
f 1281 1305 1208
f 1208 1180 1281
f 1492 1525 1305
f 1305 1281 1492
f 1703 1742 1525
f 1525 1492 1703
f 717 783 774
f 774 698 717
f 756 815 783
f 783 717 756
f 805 867 815
f 815 756 805
f 887 927 867
f 867 805 887
f 956 997 927
f 927 887 956
f 1058 1085 997
f 997 956 1058
f 1148 1180 1085
f 1085 1058 1148
f 1267 1281 1180
f 1180 1148 1267
f 1467 1492 1281
f 1281 1267 1467
f 1905 1703 1492
f 1492 1467 1905
f 647 717 698
f 698 636 647
f 709 756 717
f 717 647 709
f 771 805 756
f 756 709 771
f 851 887 805
f 805 771 851
f 935 956 887
f 887 851 935
f 1031 1058 956
f 956 935 1031
f 1126 1148 1058
f 1058 1031 1126
f 1251 1267 1148
f 1148 1126 1251
f 1447 1467 1267
f 1267 1251 1447
f 1751 1905 1467
f 1467 1447 1751
f 630 647 636
f 636 612 630
f 671 709 647
f 647 630 671
f 749 771 709
f 709 671 749
f 829 851 771
f 771 749 829
f 921 935 851
f 851 829 921
f 1019 1031 935
f 935 921 1019
f 1114 1126 1031
f 1031 1019 1114
f 1243 1251 1126
f 1126 1114 1243
f 1441 1447 1251
f 1251 1243 1441
f 1896 1751 1447
f 1447 1441 1896
f 623 630 612
f 612 603 623
f 656 671 630
f 630 623 656
f 744 749 671
f 671 656 744
f 824 829 749
f 749 744 824
f 916 921 829
f 829 824 916
f 1018 1019 921
f 921 916 1018
f 1111 1114 1019
f 1019 1018 1111
f 1241 1243 1114
f 1114 1111 1241
f 1435 1441 1243
f 1243 1241 1435
f 1923 1896 1441
f 1441 1435 1923
f 617 623 603
f 603 601 617
f 650 656 623
f 623 617 650
f 734 744 656
f 656 650 734
f 818 824 744
f 744 734 818
f 912 916 824
f 824 818 912
f 1009 1018 916
f 916 912 1009
f 1102 1111 1018
f 1018 1009 1102
f 1235 1241 1111
f 1111 1102 1235
f 1431 1435 1241
f 1241 1235 1431
f 1759 1923 1435
f 1435 1431 1759
f 1735 1736 1963
f 1735 1963 2015
f 1735 2015 2088
f 1735 2088 2166
f 1735 2166 2230
f 1735 2230 2273
f 1735 2273 2304
f 1735 2304 2320
f 1735 2320 2328
f 1735 2328 2335
f 2005 1963 1736
f 1736 1738 2005
f 2149 2015 1963
f 1963 2005 2149
f 2291 2088 2015
f 2015 2149 2291
f 2346 2166 2088
f 2088 2291 2346
f 2398 2230 2166
f 2166 2346 2398
f 2428 2273 2230
f 2230 2398 2428
f 2457 2304 2273
f 2273 2428 2457
f 2494 2320 2304
f 2304 2457 2494
f 2514 2328 2320
f 2320 2494 2514
f 2524 2335 2328
f 2328 2514 2524
f 2047 2005 1738
f 1738 1740 2047
f 2256 2149 2005
f 2005 2047 2256
f 2353 2291 2149
f 2149 2256 2353
f 2427 2346 2291
f 2291 2353 2427
f 2503 2398 2346
f 2346 2427 2503
f 2542 2428 2398
f 2398 2503 2542
f 2583 2457 2428
f 2428 2542 2583
f 2622 2494 2457
f 2457 2583 2622
f 2648 2514 2494
f 2494 2622 2648
f 2650 2524 2514
f 2514 2648 2650
f 2099 2047 1740
f 1740 1743 2099
f 2319 2256 2047
f 2047 2099 2319
f 2414 2353 2256
f 2256 2319 2414
f 2504 2427 2353
f 2353 2414 2504
f 2558 2503 2427
f 2427 2504 2558
f 2640 2542 2503
f 2503 2558 2640
f 2682 2583 2542
f 2542 2640 2682
f 2722 2622 2583
f 2583 2682 2722
f 2745 2648 2622
f 2622 2722 2745
f 2758 2650 2648
f 2648 2745 2758
f 2130 2099 1743
f 1743 1746 2130
f 2343 2319 2099
f 2099 2130 2343
f 2442 2414 2319
f 2319 2343 2442
f 2537 2504 2414
f 2414 2442 2537
f 2625 2558 2504
f 2504 2537 2625
f 2695 2640 2558
f 2558 2625 2695
f 2755 2682 2640
f 2640 2695 2755
f 2807 2722 2682
f 2682 2755 2807
f 2839 2745 2722
f 2722 2807 2839
f 2850 2758 2745
f 2745 2839 2850
f 2157 2130 1746
f 1746 1748 2157
f 2357 2343 2130
f 2130 2157 2357
f 2474 2442 2343
f 2343 2357 2474
f 2566 2537 2442
f 2442 2474 2566
f 2668 2625 2537
f 2537 2566 2668
f 2735 2695 2625
f 2625 2668 2735
f 2817 2755 2695
f 2695 2735 2817
f 2868 2807 2755
f 2755 2817 2868
f 2905 2839 2807
f 2807 2868 2905
f 2926 2850 2839
f 2839 2905 2926
f 2177 2157 1748
f 1748 1750 2177
f 2373 2357 2157
f 2157 2177 2373
f 2496 2474 2357
f 2357 2373 2496
f 2591 2566 2474
f 2474 2496 2591
f 2687 2668 2566
f 2566 2591 2687
f 2771 2735 2668
f 2668 2687 2771
f 2851 2817 2735
f 2735 2771 2851
f 2913 2868 2817
f 2817 2851 2913
f 2975 2905 2868
f 2868 2913 2975
f 2986 2926 2905
f 2905 2975 2986
f 2183 2177 1750
f 1750 1754 2183
f 2381 2373 2177
f 2177 2183 2381
f 2508 2496 2373
f 2373 2381 2508
f 2603 2591 2496
f 2496 2508 2603
f 2701 2687 2591
f 2591 2603 2701
f 2793 2771 2687
f 2687 2701 2793
f 2873 2851 2771
f 2771 2793 2873
f 2951 2913 2851
f 2851 2873 2951
f 2992 2975 2913
f 2913 2951 2992
f 3010 2986 2975
f 2975 2992 3010
f 2189 2183 1754
f 1754 1756 2189
f 2383 2381 2183
f 2183 2189 2383
f 2513 2508 2381
f 2381 2383 2513
f 2606 2603 2508
f 2508 2513 2606
f 2708 2701 2603
f 2603 2606 2708
f 2800 2793 2701
f 2701 2708 2800
f 2880 2873 2793
f 2793 2800 2880
f 2968 2951 2873
f 2873 2880 2968
f 3001 2992 2951
f 2951 2968 3001
f 3021 3010 2992
f 2992 3001 3021
f 2195 2189 1756
f 1756 1759 2195
f 2390 2383 2189
f 2189 2195 2390
f 2517 2513 2383
f 2383 2390 2517
f 2612 2606 2513
f 2513 2517 2612
f 2709 2708 2606
f 2606 2612 2709
f 2801 2800 2708
f 2708 2709 2801
f 2886 2880 2800
f 2800 2801 2886
f 2970 2968 2880
f 2880 2886 2970
f 3004 3001 2968
f 2968 2970 3004
f 3022 3021 3001
f 3001 3004 3022
